v -0.422166 0.273711 0.174614
v -0.429732 0.277399 0.169356
v -0.431549 0.25323 0.17273
v -0.443274 0.252938 0.164794
v -0.429777 0.235036 0.176172
v -0.44203 0.222346 0.171912
v -0.427726 0.228747 0.17782
v -0.435595 0.20932 0.176912
v -0.423567 0.21321 0.18125
v -0.426717 0.192673 0.181553
v -0.407828 0.197034 0.187998
v -0.414935 0.177349 0.187068
v -0.393625 0.182707 0.192527
v -0.403759 0.163224 0.190958
v -0.386641 0.157036 0.195005
v -0.398669 0.142699 0.192808
v -0.374747 0.142116 0.19737
v -0.381821 0.130659 0.196227
v -0.358829 0.127778 0.199186
v -0.370151 0.113048 0.197818
v -0.355174 0.099551 0.199108
v -0.377482 0.0924102 0.196473
v -0.356463 0.0828593 0.198514
v -0.363133 0.0681517 0.197662
v -0.345007 0.060114 0.198738
v -0.363952 0.0372119 0.196944
v -0.338438 0.0373352 0.198525
v -0.344132 0.0163499 0.197617
v -0.323046 0.0202174 0.198334
v -0.328606 0.000745533 0.197617
v -0.304146 0.0114063 0.197247
v -0.301579 -0.00751628 0.196597
v -0.283116 0.000700628 0.192651
v -0.278666 -0.0184798 0.187561
v -0.264149 -0.0150046 0.17949
v -0.273901 -0.0460229 0.180028
v -0.255102 -0.0336694 0.169894
v -0.256044 -0.0584885 0.165959
v -0.243219 -0.0410457 0.159379
v -0.239498 -0.0602933 0.151891
v -0.23554 -0.0519979 0.150198
v -0.226987 -0.0568742 0.140983
v -0.232928 -0.0419761 0.150097
v -0.219745 -0.0347904 0.139067
v -0.230137 -0.0292975 0.150647
v -0.220496 -0.0163835 0.144694
v -0.230877 -0.0214056 0.153202
v -0.235327 -0.0118882 0.159402
v -0.247793 -0.0194887 0.167596
v -0.244598 -0.000823875 0.169121
v -0.257209 0.0118435 0.179927
v -0.28167 0.0147132 0.193491
v -0.289876 0.0314275 0.196989
v -0.315423 0.0329521 0.198491
v -0.319089 0.0491618 0.199108
v -0.326734 0.0647326 0.19978
v -0.32892 0.0819288 0.20015
v -0.306545 0.0746535 0.199803
v -0.32151 0.0971969 0.200845
v -0.301938 0.103766 0.200789
v -0.313047 0.120346 0.201664
v -0.287746 0.135266 0.201383
v -0.309067 0.14123 0.202157
v -0.294169 0.160242 0.202684
v -0.318304 0.158987 0.202426
v -0.306467 0.177517 0.202964
v -0.32382 0.176161 0.202516
v -0.313988 0.198054 0.203031
v -0.33438 0.190924 0.201955
v -0.329313 0.215587 0.202134
v -0.347921 0.208502 0.200061
v -0.340937 0.228041 0.200453
v -0.364591 0.224756 0.196821
v -0.352607 0.242412 0.198144
v -0.368615 0.249564 0.194343
v -0.346352 0.269529 0.197706
v -0.365588 0.273969 0.193749
v -0.355421 0.287174 0.194938
v -0.37802 0.29686 0.188593
v -0.349065 0.300705 0.195218
v -0.366978 0.314157 0.190151
v -0.340624 0.321096 0.196002
v -0.363167 0.327564 0.190128
v -0.353089 0.344883 0.191261
v -0.375352 0.340601 0.18523
v -0.354132 0.361856 0.189366
v -0.379197 0.353952 0.181967
v -0.378446 0.36227 0.181216
v -0.384556 0.355477 0.179479
v -0.390049 0.364232 0.175634
v -0.403725 0.360376 0.167764
v -0.391058 0.370252 0.173807
v -0.404028 0.373716 0.162709
v -0.392033 0.385464 0.169536
v -0.408814 0.383838 0.152776
v -0.402447 0.399398 0.153303
v -0.415866 0.40627 0.13169
v -0.399376 0.413949 0.150164
v -0.40618 0.427378 0.132565
v -0.394836 0.435248 0.143853
v -0.400104 0.448991 0.127834
v -0.384051 0.453969 0.147026
v -0.391472 0.466468 0.128708
v -0.378637 0.480638 0.137946
v -0.394028 0.481994 0.114416
v -0.381226 0.499437 0.120917
v -0.386518 0.507665 0.105997
v -0.368963 0.518471 0.125043
v -0.374478 0.533202 0.103957
v -0.362427 0.537282 0.119987
v -0.360365 0.554691 0.108799
v -0.348381 0.548548 0.132228
v -0.34439 0.56237 0.127307
v -0.331061 0.555554 0.150478
v -0.327833 0.572291 0.141925
v -0.326869 0.563144 0.149963
v -0.324055 0.575329 0.14401
v -0.324717 0.568121 0.148797
v -0.319381 0.57858 0.147104
v -0.318147 0.571495 0.153606
v -0.302913 0.586595 0.159872
v -0.306937 0.575901 0.162496
v -0.299494 0.582324 0.165276
v -0.299057 0.574544 0.168919
v -0.290571 0.589835 0.16837
v -0.28751 0.575127 0.174995
v -0.281928 0.584387 0.174602
v -0.271009 0.579959 0.180051
v -0.281457 0.593557 0.172125
v -0.273408 0.604139 0.172854
v -0.286613 0.60823 0.162428
v -0.280773 0.619653 0.161195
v -0.289528 0.619104 0.152732
v -0.283127 0.634473 0.148068
v -0.293866 0.621503 0.145512
v -0.293227 0.62907 0.140042
v -0.306029 0.616347 0.133383
v -0.294528 0.634103 0.134224
v -0.301108 0.632478 0.12696
v -0.300918 0.6413 0.119146
v -0.307677 0.628947 0.120794
v -0.30928 0.637007 0.111142
v -0.314515 0.627019 0.112353
v -0.313058 0.638083 0.103934
v -0.321667 0.630169 0.0975108
v -0.314571 0.646053 0.0917264
v -0.328371 0.640269 0.0685664
v -0.311803 0.660772 0.076604
v -0.320535 0.659046 0.056751
v -0.30381 0.680255 0.0612238
v -0.307464 0.682733 0.0450701
v -0.291445 0.695176 0.063959
v -0.294449 0.700534 0.0436128
v -0.278419 0.712888 0.062143
v -0.285279 0.715152 0.0375369
v -0.274428 0.724445 0.0449916
v -0.276009 0.728571 0.0255534
v -0.264485 0.739063 0.0319879
v -0.275235 0.732068 0.0128299
v -0.259608 0.748547 0.0131998
v -0.267175 0.741933 0.000879982
v -0.260662 0.749175 0.00346949
v -0.258095 0.751462 -0.0129308
v -0.254665 0.755878 0.00265116
v -0.246795 0.763972 -0.0137043
v -0.24721 0.763972 0.000207377
v -0.239733 0.770889 0.00462414
v -0.239867 0.770003 0.0125833
v -0.231482 0.779756 0.00891759
v -0.237211 0.771584 0.0234795
v -0.226068 0.782413 0.0256991
v -0.230765 0.77488 0.0404964
v -0.223187 0.781717 0.0463144
v -0.232603 0.770306 0.0513365
v -0.228792 0.771774 0.0589145
v -0.237917 0.765396 0.0483658
v -0.230944 0.765452 0.0692502
v -0.247513 0.748255 0.0657078
v -0.233276 0.75367 0.087971
v -0.243432 0.739321 0.0910874
v -0.227783 0.745991 0.109214
v -0.243679 0.728447 0.106669
v -0.234027 0.718482 0.13271
v -0.249755 0.71374 0.11705
v -0.252008 0.698528 0.130805
v -0.263779 0.703426 0.109248
v -0.27102 0.688169 0.114898
v -0.28 0.70003 0.0827135
v -0.283979 0.677184 0.107364
v -0.292297 0.683506 0.0828256
v -0.416807 0.267119 0.178291
v -0.418108 0.298754 0.172349
v -0.408321 0.284069 0.179557
v -0.409644 0.292779 0.177831
v -0.404073 0.294348 0.179994
v -0.39877 0.305547 0.180925
v -0.414767 0.317363 0.170948
v -0.396596 0.316432 0.180835
v -0.406449 0.330456 0.173392
v -0.391999 0.33216 0.180409
v -0.398378 0.341599 0.175522
v -0.391697 0.348056 0.17764
v -0.258543 0.529099 -0.192673
v -0.261402 0.520893 -0.193077
v -0.264429 0.526274 -0.191406
v -0.279439 0.521218 -0.186552
v -0.282174 0.533426 -0.180331
v -0.300032 0.515646 -0.173683
v -0.299853 0.531867 -0.165702
v -0.317845 0.524278 -0.151162
v -0.307307 0.538089 -0.154828
v -0.315715 0.548402 -0.139067
v -0.300166 0.557785 -0.150378
v -0.309123 0.568625 -0.133036
v -0.296624 0.580138 -0.139593
v -0.308585 0.583411 -0.123585
v -0.291938 0.599341 -0.131332
v -0.305559 0.599901 -0.115099
v -0.297319 0.617524 -0.111692
v -0.312856 0.612939 -0.0953361
v -0.295828 0.636771 -0.0973763
v -0.305581 0.638274 -0.0820409
v -0.289382 0.652802 -0.0911771
v -0.293418 0.661176 -0.0765816
v -0.28102 0.676948 -0.0781622
v -0.282981 0.687777 -0.0627372
v -0.264014 0.697093 -0.080393
v -0.26722 0.707316 -0.0634098
v -0.25277 0.718885 -0.0712456
v -0.264115 0.722349 -0.050776
v -0.255528 0.734983 -0.0480632
v -0.265539 0.733738 -0.0328736
v -0.249968 0.750509 -0.034712
v -0.272242 0.734086 -0.0168656
v -0.257568 0.5368 -0.192113
v -0.235922 0.524357 -0.196877
v -0.228781 0.542988 -0.196709
v -0.217044 0.520938 -0.198245
v -0.201585 0.53513 -0.198727
v -0.201204 0.507654 -0.198357
v -0.178358 0.509492 -0.197269
v -0.196485 0.485447 -0.196843
v -0.17643 0.490928 -0.195341
v -0.186934 0.475492 -0.19487
v -0.159043 0.470111 -0.189949
v -0.169748 0.456401 -0.190084
v -0.14929 0.451615 -0.185544
v -0.167753 0.437871 -0.187281
v -0.138237 0.438577 -0.179983
v -0.15086 0.413713 -0.179501
v -0.130468 0.42443 -0.173874
v -0.138607 0.410552 -0.174176
v -0.11844 0.407738 -0.164827
v -0.131253 0.392739 -0.166722
v -0.110044 0.393591 -0.156913
v -0.130233 0.368604 -0.160321
v -0.111916 0.376115 -0.152754
v -0.112286 0.356587 -0.147855
v -0.0934415 0.382415 -0.14447
v -0.0835431 0.369456 -0.134695
v -0.0687121 0.388827 -0.131892
v -0.0657975 0.372819 -0.12261
v -0.0616273 0.380711 -0.122442
v -0.0576702 0.380476 -0.117779
v -0.0550807 0.390632 -0.121612
v -0.0462696 0.383155 -0.101748
v -0.0463368 0.4009 -0.118855
v -0.0343196 0.4109 -0.109237
v -0.0411129 0.417525 -0.124269
v -0.034555 0.4273 -0.123675
v -0.0517737 0.429665 -0.137116
v -0.0295553 0.438734 -0.127083
v -0.0344093 0.459843 -0.139414
v -0.0214617 0.447982 -0.125827
v -0.0194999 0.468318 -0.134728
v -0.0129084 0.460616 -0.125715
v -0.00835709 0.469394 -0.128708
v -0.00695583 0.457119 -0.115839
v 0.00405244 0.469719 -0.113821
v 0.00500533 0.456087 -0.0948204
v 0.0172131 0.466322 -0.0871527
v 0.00996015 0.446492 -0.0725572
v 0.0280532 0.4626 -0.058354
v 0.0146347 0.440393 -0.0514262
v 0.0335461 0.460628 -0.0383441
v 0.017583 0.434721 -0.029163
v 0.0311696 0.452063 -0.0237934
v 0.0212711 0.433813 -0.00918668
v 0.0310351 0.44787 -0.00270724
v 0.0282886 0.44407 0.0181771
v 0.0386916 0.460089 0.013099
v 0.0345887 0.456984 0.0335461
v 0.0390839 0.463026 0.0300486
v 0.0373464 0.463408 0.0409111
v 0.0430635 0.468262 0.0266071
v 0.0456979 0.473463 0.032313
v 0.0497784 0.476479 0.0171906
v 0.0553609 0.48418 0.0170337
v 0.0571545 0.485962 0.00955658
v 0.0624681 0.4928 0.00809925
v 0.0531526 0.480133 -0.00563306
v 0.0706627 0.50447 -0.00267361
v 0.0582644 0.489202 -0.0216411
v 0.0693063 0.503764 -0.0214169
v 0.0656182 0.506118 -0.0458548
v 0.0789918 0.517821 -0.0299589
v 0.0810208 0.528661 -0.0536458
v 0.0926232 0.536015 -0.0336134
v 0.101681 0.549008 -0.0414829
v 0.105335 0.551429 -0.0267304
v 0.11084 0.557684 -0.0247238
v 0.110671 0.556451 -0.0141415
v 0.115111 0.562493 -0.0218428
v 0.119247 0.567235 -0.0181211
v 0.120122 0.569758 -0.0296899
v 0.123507 0.573468 -0.0247463
v 0.127969 0.578961 -0.0263493
v 0.127655 0.577795 -0.0203407
v 0.135883 0.587425 -0.0121349
v 0.126579 0.576136 -0.0163499
v 0.124628 0.574623 0.00215793
v 0.121287 0.569836 -0.0108682
v 0.118597 0.566518 -0.0026512
v 0.111221 0.557471 0.00267359
v 0.106725 0.551933 0.00325652
v 0.0988785 0.541956 -0.0165068
v 0.101345 0.544849 0.00383943
v 0.095919 0.537573 0.00378337
v 0.100885 0.545757 0.0141415
v 0.0908969 0.535466 0.0263829
v 0.105459 0.553772 0.0217419
v 0.0980041 0.548963 0.0370773
v 0.112319 0.565341 0.0301607
v 0.111602 0.572952 0.0489376
v 0.121388 0.579522 0.0365841
v 0.121366 0.592929 0.0602709
v 0.134459 0.60091 0.0453279
v 0.128372 0.610977 0.0720639
v 0.143293 0.618387 0.0538363
v 0.145198 0.628947 0.0668512
v 0.158595 0.635493 0.0503276
v 0.150747 0.643441 0.0748889
v 0.159357 0.655784 0.0750346
v 0.142575 0.648475 0.0909641
v 0.149055 0.668821 0.0995398
v 0.143203 0.663631 0.102051
v 0.145232 0.671859 0.105672
v 0.139952 0.671971 0.111209
v 0.153259 0.688831 0.109158
v 0.136085 0.68493 0.122969
v 0.151364 0.707899 0.121769
v 0.134011 0.703449 0.133585
v 0.134056 0.720768 0.140703
v 0.121478 0.695557 0.140008
v 0.114685 0.712574 0.150288
v 0.104842 0.68734 0.148584
v 0.0983852 0.702339 0.156666
v 0.0820073 0.694907 0.162731
v 0.0787003 0.71152 0.163538
v 0.0636788 0.707384 0.167596
v 0.0799895 0.728189 0.162227
v 0.0545314 0.733369 0.168728
v 0.071694 0.747213 0.163067
v 0.0536682 0.752269 0.167125
v 0.0763014 0.765082 0.160209
v 0.0616162 0.776449 0.162563
v 0.0931389 0.779016 0.1542
v 0.0765143 0.796279 0.156498
v 0.0967822 0.804485 0.150377
v 0.0748777 0.81704 0.153752
v 0.0845744 0.830246 0.149346
v 0.073028 0.846983 0.149021
v 0.093038 0.854706 0.14271
v 0.0777587 0.865188 0.14345
v 0.0941366 0.873685 0.137833
v 0.069508 0.882328 0.139862
v 0.079003 0.888841 0.135973
v 0.077669 0.898482 0.132845
v 0.0875227 0.891027 0.133865
v 0.096614 0.908604 0.125962
v 0.100616 0.897955 0.129482
v 0.103508 0.908044 0.125132
v 0.109976 0.901867 0.126377
v 0.115985 0.911194 0.121691
v 0.111131 0.889245 0.129986
v 0.125816 0.906755 0.12131
v 0.129448 0.884884 0.126713
v 0.144963 0.906004 0.116691
v 0.14771 0.886857 0.120839
v 0.169199 0.895455 0.111725
v 0.165253 0.871432 0.118675
v 0.184131 0.884223 0.109001
v 0.185364 0.862374 0.113014
v 0.201338 0.879772 0.102981
v 0.200475 0.850301 0.108575
v 0.217761 0.862071 0.0985758
v 0.211842 0.838564 0.105111
v 0.230395 0.845581 0.0954257
v 0.21905 0.81713 0.104562
v 0.236572 0.824977 0.0948764
v 0.230283 0.810382 0.0994838
v 0.246481 0.808857 0.0892714
v 0.24082 0.793398 0.0892041
v 0.257635 0.801245 0.0775905
v 0.252075 0.786381 0.0745974
v 0.262669 0.790742 0.0660329
v 0.253914 0.772761 0.0621879
v 0.269227 0.776191 0.0449916
v 0.251952 0.760665 0.0539148
v 0.256391 0.75515 0.0420209
v 0.23887 0.744377 0.0554954
v 0.244688 0.737023 0.0388933
v 0.227267 0.720421 0.0459557
v 0.242659 0.726956 0.0272349
v 0.2259 0.707462 0.0290285
v 0.240742 0.715858 0.011765
v 0.230115 0.699996 0.00494922
v 0.245495 0.713796 -0.00417577
v 0.238489 0.702653 -0.0140743
v 0.247132 0.711229 -0.0187264
v 0.237625 0.700389 -0.0285577
v 0.250551 0.713415 -0.0280981
v 0.247535 0.70874 -0.0404179
v 0.259261 0.721598 -0.0370325
v 0.253185 0.713415 -0.0592396
v 0.266559 0.727248 -0.0522221
v 0.267209 0.728223 -0.072333
v 0.279607 0.741159 -0.0543184
v 0.280089 0.740879 -0.0722994
v 0.291815 0.753446 -0.0691718
v 0.282701 0.74644 -0.090796
v 0.29686 0.761898 -0.0979144
v 0.286232 0.755127 -0.114371
v 0.299404 0.767952 -0.118294
v 0.290694 0.764319 -0.128462
v 0.298967 0.773265 -0.133192
v 0.285156 0.768736 -0.146174
v 0.293216 0.780955 -0.151667
v 0.283766 0.783668 -0.1592
v 0.291983 0.795147 -0.16115
v 0.27139 0.79999 -0.17087
v 0.294147 0.818812 -0.169838
v 0.274226 0.823004 -0.177562
v 0.283419 0.839606 -0.178806
v 0.267635 0.851994 -0.185454
v 0.286647 0.860536 -0.181127
v 0.278453 0.875299 -0.184198
v 0.296389 0.887305 -0.180589
v 0.274372 0.89652 -0.1856
v 0.292555 0.908604 -0.180589
v 0.282892 0.921417 -0.17625
v 0.306904 0.921081 -0.174692
v 0.294752 0.93404 -0.164603
v 0.313529 0.938076 -0.159716
v 0.292835 0.946819 -0.153404
v 0.297487 0.95201 -0.147732
v 0.28297 0.953613 -0.147754
v 0.284472 0.96906 -0.12817
v 0.265953 0.962312 -0.138842
v 0.258084 0.973892 -0.123653
v 0.248241 0.967132 -0.13437
v 0.239542 0.979699 -0.117891
v 0.22405 0.971381 -0.130794
v 0.215587 0.984026 -0.112286
v 0.198469 0.973331 -0.12622
v 0.184916 0.981324 -0.111804
v 0.176329 0.971728 -0.123395
v 0.157104 0.977445 -0.10964
v 0.16013 0.962704 -0.13039
v 0.140322 0.962301 -0.124975
v 0.150064 0.949196 -0.143528
v 0.126724 0.943927 -0.141589
v 0.136892 0.936058 -0.153539
v 0.118025 0.924029 -0.159357
v 0.136163 0.914434 -0.173907
v 0.120805 0.914781 -0.169423
v 0.127173 0.911093 -0.174782
v 0.115021 0.909086 -0.172652
v 0.118093 0.900287 -0.181015
v 0.106344 0.903571 -0.174659
v 0.0979592 0.885859 -0.185891
v 0.0930716 0.895825 -0.177013
v 0.0788797 0.887597 -0.178874
v 0.0840363 0.894042 -0.175197
v 0.0770861 0.897058 -0.169872
v 0.0880159 0.907573 -0.164121
v 0.104842 0.912606 -0.165747
v 0.361766 0.8729 -0.0108345
v 0.348673 0.865827 0.000151318
v 0.354894 0.854471 -0.0135362
v 0.340523 0.845436 -0.000554917
v 0.339391 0.835257 -0.00837954
v 0.329066 0.839248 0.0117425
v 0.324896 0.818341 -0.00160866
v 0.318338 0.831255 0.0211366
v 0.311444 0.81648 0.0196905
v 0.301187 0.821468 0.0387028
v 0.300536 0.803745 0.0246005
v 0.289181 0.811122 0.0479511
v 0.285336 0.785821 0.0301607
v 0.280145 0.795349 0.0473121
v 0.341263 0.887204 -3.92613e-05
v 0.353762 0.893852 -0.0116529
v 0.332295 0.909647 -0.00437754
v 0.350847 0.914557 -0.0214953
v 0.327452 0.929096 -0.0103862
v 0.349569 0.934264 -0.0313266
v 0.339054 0.946326 -0.0298356
v 0.356318 0.950407 -0.0439603
v 0.344211 0.958344 -0.042234
v 0.352293 0.959532 -0.0495653
v 0.3455 0.966628 -0.0604615
v 0.358179 0.962009 -0.0566277
v 0.366205 0.963388 -0.0612238
v 0.368716 0.954779 -0.0533992
v 0.376866 0.96276 -0.063903
v 0.386596 0.950765 -0.0555403
v 0.388782 0.964274 -0.0677817
v 0.404375 0.964453 -0.0706067
v 0.399398 0.969654 -0.0817607
v 0.415911 0.967401 -0.0751467
v 0.404151 0.972961 -0.0989793
v 0.429508 0.973107 -0.0880383
v 0.415619 0.976268 -0.109416
v 0.438757 0.976874 -0.104069
v 0.435281 0.980887 -0.12205
v 0.459551 0.981941 -0.118003
v 0.441615 0.981773 -0.140546
v 0.473239 0.986088 -0.133092
v 0.463665 0.982378 -0.151599
v 0.485816 0.987187 -0.147934
v 0.480604 0.974957 -0.164446
v 0.488697 0.976358 -0.165231
v 0.488742 0.963388 -0.176004
v 0.505916 0.966011 -0.177562
v 0.49474 0.94488 -0.190218
v 0.527372 0.942683 -0.196698
v 0.510142 0.930195 -0.196462
v 0.525747 0.914725 -0.193503
v 0.499627 0.911149 -0.188537
v 0.514099 0.894087 -0.182876
v 0.487397 0.900186 -0.182091
v 0.494751 0.883146 -0.17486
v 0.475593 0.888415 -0.175387
v 0.481658 0.87364 -0.167776
v 0.472992 0.86984 -0.163841
v 0.486254 0.869907 -0.163067
v 0.469383 0.864695 -0.149133
v 0.493002 0.86817 -0.151297
v 0.482341 0.870468 -0.131018
v 0.500558 0.871465 -0.139223
v 0.492767 0.876331 -0.117734
v 0.512272 0.877261 -0.124606
v 0.513685 0.882563 -0.109091
v 0.527002 0.877508 -0.128473
v 0.537428 0.886364 -0.105358
v 0.551037 0.880658 -0.124056
v 0.551877 0.891397 -0.0967149
v 0.574522 0.886745 -0.110918
v 0.568962 0.896542 -0.0885315
v 0.592256 0.893291 -0.0937106
v 0.584622 0.902697 -0.0773663
v 0.599543 0.910409 -0.0786443
v 0.594734 0.91644 -0.0717052
v 0.337743 0.862497 0.0111372
v 0.346487 0.971078 -0.123283
v 0.369759 0.972659 -0.125872
v 0.353235 0.963522 -0.139022
v 0.370285 0.963489 -0.143203
v 0.365252 0.952436 -0.152272
v 0.376395 0.95498 -0.152451
v 0.380139 0.949095 -0.158135
v 0.384197 0.956124 -0.153494
v 0.393961 0.944432 -0.166397
v 0.393176 0.960216 -0.15207
v 0.402257 0.960025 -0.154492
v 0.40701 0.969273 -0.147317
v 0.409442 0.961337 -0.155702
v 0.416606 0.961942 -0.157451
v 0.411841 0.955698 -0.161307
v 0.425428 0.949532 -0.170354
v 0.405496 0.952324 -0.162215
v 0.410216 0.940945 -0.17282
v 0.399521 0.925913 -0.178851
v 0.383076 0.919243 -0.17773
v 0.359378 0.97045 -0.110492
v 0.345354 0.969049 -0.0952128
v 0.367707 0.969385 -0.0941142
v 0.350477 0.967625 -0.0774784
v 0.376899 0.967962 -0.0773887
v 0.392874 0.975394 -0.123821
v 0.381854 0.972132 -0.106176
v 0.386249 0.968018 -0.142205
v 0.372505 0.934208 -0.16967
v 0.377404 0.905835 -0.175645
v 0.350421 0.918951 -0.175533
v 0.353325 0.897293 -0.173863
v 0.331633 0.908974 -0.176688
v 0.340792 0.883662 -0.172742
v 0.317206 0.884469 -0.176228
v 0.33364 0.858563 -0.169569
v 0.317789 0.864515 -0.17402
v 0.326207 0.840907 -0.1668
v 0.303339 0.858103 -0.176463
v 0.307397 0.838474 -0.171273
v 0.402425 0.90115 -0.175645
v 0.415485 0.919601 -0.181609
v 0.405676 0.887272 -0.0393193
v 0.388423 0.889626 -0.028311
v 0.391416 0.872844 -0.0430859
v 0.375117 0.867901 -0.0278739
v 0.379254 0.858226 -0.044476
v 0.362943 0.84807 -0.0337704
v 0.377247 0.848373 -0.0600019
v 0.362427 0.83603 -0.0528051
v 0.37357 0.838384 -0.0751467
v 0.359255 0.824764 -0.0718285
v 0.366127 0.829685 -0.0797989
v 0.361811 0.824159 -0.0932062
v 0.373189 0.834035 -0.089518
v 0.370801 0.828766 -0.108082
v 0.391226 0.845503 -0.101434
v 0.386484 0.838732 -0.121556
v 0.404241 0.849964 -0.118619
v 0.392784 0.842431 -0.13762
v 0.41572 0.852924 -0.140098
v 0.398927 0.848619 -0.149413
v 0.411157 0.853686 -0.150927
v 0.398826 0.852532 -0.154974
v 0.406942 0.857072 -0.157115
v 0.399342 0.870468 -0.165298
v 0.413366 0.876622 -0.167776
v 0.392762 0.884906 -0.170365
v 0.395295 0.903549 -0.0352277
v 0.405799 0.905824 -0.0390839
v 0.394017 0.910432 -0.0376827
v 0.409061 0.914265 -0.0432092
v 0.394746 0.928435 -0.0462808
v 0.411225 0.931641 -0.0512693
v 0.403355 0.946752 -0.0569304
v 0.423276 0.93469 -0.0546771
v 0.426717 0.955451 -0.0648671
v 0.445595 0.933816 -0.057603
v 0.441503 0.959655 -0.0688243
v 0.455796 0.945127 -0.0633649
v 0.462466 0.95822 -0.0697323
v 0.480447 0.949611 -0.0670979
v 0.469954 0.970293 -0.0789582
v 0.494919 0.964363 -0.074788
v 0.477656 0.973679 -0.0832852
v 0.486444 0.974452 -0.0842941
v 0.472869 0.978779 -0.0996519
v 0.497979 0.981795 -0.102488
v 0.480906 0.982882 -0.116276
v 0.49761 0.986167 -0.125996
v 0.37274 0.893605 -0.0209012
v 0.379523 0.910106 -0.032896
v 0.386316 0.911653 -0.0358667
v 0.383502 0.918054 -0.0381871
v 0.379747 0.925666 -0.0407654
v 0.377191 0.932358 -0.0433101
v 0.366485 0.92413 -0.0350371
v 0.370958 0.939981 -0.0449804
v 0.419576 0.888987 -0.0477045
v 0.40609 0.876947 -0.0532759
v 0.398311 0.868013 -0.0594975
v 0.393367 0.860054 -0.06721
v 0.402212 0.865916 -0.0696314
v 0.397313 0.857957 -0.0780277
v 0.402896 0.858473 -0.0861102
v 0.387751 0.849169 -0.0800567
v 0.420574 0.910981 -0.0446553
v 0.431392 0.928693 -0.183952
v 0.442613 0.905746 -0.179916
v 0.44879 0.930655 -0.186676
v 0.469932 0.916586 -0.18699
v 0.460302 0.939006 -0.186429
v 0.476131 0.932022 -0.19088
v 0.434194 0.899491 -0.0478838
v 0.427928 0.889749 -0.0540158
v 0.417155 0.880277 -0.0594302
v 0.434015 0.888998 -0.0592621
v 0.438028 0.881028 -0.0761893
v 0.450964 0.898313 -0.057177
v 0.463195 0.891834 -0.0710551
v 0.466558 0.905746 -0.0564595
v 0.474169 0.906004 -0.0584773
v 0.473284 0.915241 -0.0561232
v 0.483507 0.911665 -0.0581747
v 0.488395 0.930542 -0.0608203
v 0.49252 0.91218 -0.059688
v 0.50141 0.913346 -0.0609436
v 0.432513 0.912259 -0.0475139
v 0.437501 0.923659 -0.0525921
v 0.447075 0.915342 -0.0510451
v 0.466793 0.928121 -0.0577263
v 0.44277 0.900634 -0.0516504
v 0.456951 0.907315 -0.0533656
v 0.443678 0.95581 -0.170264
v 0.422199 0.962805 -0.158516
v 0.476546 0.950586 -0.182797
v 0.468026 0.963276 -0.171116
v 0.504761 0.902114 -0.0698332
v 0.48668 0.898773 -0.0692278
v 0.495693 0.891061 -0.0838458
v 0.47946 0.886364 -0.0866034
v 0.496107 0.883359 -0.0999546
v 0.472151 0.873988 -0.112846
v 0.4991 0.871017 -0.163751
v 0.51679 0.870546 -0.151622
v 0.509683 0.872799 -0.166273
v 0.525354 0.871432 -0.165814
v 0.542495 0.873853 -0.145333
v 0.547685 0.871297 -0.16263
v 0.564354 0.871914 -0.157339
v 0.559287 0.877597 -0.177147
v 0.566708 0.875142 -0.17254
v 0.573703 0.877496 -0.180633
v 0.579903 0.86984 -0.161386
v 0.579802 0.875546 -0.17949
v 0.588714 0.877821 -0.178324
v 0.585171 0.883808 -0.188492
v 0.591886 0.888987 -0.186429
v 0.590025 0.895085 -0.192438
v 0.593994 0.902125 -0.188604
v 0.589723 0.911384 -0.197583
v 0.602637 0.921586 -0.175051
v 0.592245 0.92654 -0.195095
v 0.597715 0.930677 -0.185992
v 0.590317 0.937134 -0.19635
v 0.592918 0.942952 -0.191025
v 0.574376 0.945631 -0.203693
v 0.588792 0.953803 -0.191317
v 0.583748 0.963635 -0.191698
v 0.58942 0.97026 -0.180376
v 0.510893 0.910387 -0.0641497
v 0.50984 0.92654 -0.0621094
v 0.518718 0.914086 -0.0634995
v 0.518897 0.937414 -0.065607
v 0.525321 0.917023 -0.063847
v 0.54134 0.931282 -0.0662571
v 0.534031 0.919243 -0.0646317
v 0.542517 0.917741 -0.0654612
v 0.533101 0.910914 -0.0668289
v 0.543963 0.899412 -0.079003
v 0.520254 0.900197 -0.0754382
v 0.521151 0.891038 -0.0915807
v 0.51651 0.878169 -0.173964
v 0.534536 0.990662 -0.148416
v 0.51401 0.988532 -0.156397
v 0.512306 0.989362 -0.140389
v 0.49826 0.984418 -0.159592
v 0.522955 0.978129 -0.171239
v 0.535511 0.983745 -0.167473
v 0.540241 0.975955 -0.174995
v 0.545051 0.984328 -0.167428
v 0.554579 0.982804 -0.168639
v 0.552382 0.989642 -0.157148
v 0.564657 0.983768 -0.167563
v 0.571237 0.991592 -0.160354
v 0.581876 0.988375 -0.168796
v 0.587088 0.989575 -0.163594
v 0.513001 0.980013 -0.167137
v 0.527821 0.96285 -0.183447
v 0.544983 0.963052 -0.184411
v 0.548526 0.946237 -0.196529
v 0.559982 0.963848 -0.184109
v 0.563121 0.953333 -0.194366
v 0.567874 0.96118 -0.190835
v 0.532944 0.8741 -0.171239
v 0.537383 0.875781 -0.173986
v 0.536609 0.895264 -0.186384
v 0.54671 0.876768 -0.176015
v 0.55561 0.896766 -0.189994
v 0.571271 0.892686 -0.19357
v 0.5809 0.926619 -0.205542
v 0.561395 0.934343 -0.203693
v 0.567964 0.913727 -0.201608
v 0.54227 0.923021 -0.199164
v 0.596124 0.883572 -0.122072
v 0.571697 0.878191 -0.134627
v 0.600978 0.892843 -0.115256
v 0.580867 0.978914 -0.178279
v 0.575497 0.970764 -0.186721
v 0.572403 0.976997 -0.178638
v 0.561608 0.975013 -0.174804
v 0.586247 0.981503 -0.172304
v 0.59646 0.974576 -0.159659
v 0.590832 0.876218 -0.139549
v 0.597458 0.883001 -0.154962
v 0.59294 0.877743 -0.163762
v 0.588568 0.992781 -0.157373
v 0.591987 0.993027 -0.1492
v 0.573109 0.99203 -0.140939
v 0.594151 0.949555 -0.0707187
v 0.588646 0.965226 -0.0761781
v 0.568681 0.948591 -0.0732186
v 0.565195 0.962794 -0.0784313
v 0.54718 0.949443 -0.0719519
v 0.545118 0.970316 -0.0810208
v 0.52967 0.965955 -0.0768395
v 0.539019 0.977154 -0.0871863
v 0.523437 0.975035 -0.0845296
v 0.530051 0.98147 -0.0961544
v 0.513786 0.976672 -0.0867155
v 0.51123 0.983544 -0.108351
v 0.600103 0.956359 -0.08055
v 0.587548 0.97758 -0.0863456
v 0.59878 0.971796 -0.0897759
v 0.599632 0.964083 -0.0835655
v 0.572863 0.975764 -0.0863344
v 0.57052 0.982916 -0.0990578
v 0.560745 0.975585 -0.0865474
v 0.548324 0.978802 -0.0896974
v 0.601471 0.888774 -0.137385
v 0.600552 0.887529 -0.147261
v 0.608488 0.907674 -0.139997
v 0.605955 0.906867 -0.159626
v 0.610327 0.926182 -0.141432
v 0.60582 0.944443 -0.15438
v 0.602401 0.946842 -0.171273
v 0.591113 0.876902 -0.170242
v 0.598164 0.890993 -0.174053
v 0.593545 0.991324 -0.126836
v 0.591572 0.993991 -0.13632
v 0.583411 0.990247 -0.119034
v 0.562908 0.985987 -0.118317
v 0.556261 0.989182 -0.141163
v 0.542607 0.987714 -0.128955
v 0.524245 0.986772 -0.123518
v 0.600283 0.977591 -0.133843
v 0.5947 0.989093 -0.118451
v 0.597704 0.984855 -0.111456
v 0.59387 0.987523 -0.106423
v 0.602861 0.972266 -0.101423
v 0.593108 0.984799 -0.0979816
v 0.597099 0.932504 -0.0697883
v 0.574342 0.934152 -0.0689924
v 0.602872 0.940912 -0.0776354
v 0.601717 0.93348 -0.0756736
v 0.60508 0.925094 -0.0838345
v 0.587727 0.922516 -0.067154
v 0.584062 0.913088 -0.069878
v 0.575217 0.923682 -0.0677705
v 0.566641 0.919243 -0.0675239
v 0.529872 0.948075 -0.0703937
v 0.513292 0.956909 -0.0719519
v 0.604699 0.954398 -0.0910538
v 0.604038 0.895724 -0.129538
v 0.60239 0.907842 -0.0859308
v 0.603937 0.90514 -0.0953473
v 0.607053 0.917886 -0.103923
v 0.601908 0.897888 -0.105817
v 0.607547 0.909176 -0.120839
v -0.58868 -0.186519 -0.0678938
v -0.58275 -0.196709 -0.0838682
v -0.591124 -0.205755 -0.0662571
v -0.58386 -0.223871 -0.0856954
v -0.592435 -0.230059 -0.0671427
v -0.583849 -0.240159 -0.0876684
v -0.595832 -0.252804 -0.0610893
v -0.582582 -0.254564 -0.0914686
v -0.591326 -0.264462 -0.0735549
v -0.581651 -0.276849 -0.0942823
v -0.589655 -0.278251 -0.0776914
v -0.590003 -0.294808 -0.077187
v -0.599038 -0.295313 -0.054565
v -0.594487 -0.311847 -0.066033
v -0.600888 -0.31308 -0.0480408
v -0.598601 -0.337328 -0.0532983
v -0.60341 -0.327037 -0.0392072
v -0.602435 -0.353964 -0.039779
v -0.607053 -0.339189 -0.0240736
v -0.606762 -0.354647 -0.0134017
v -0.606314 -0.335624 0.0011266
v -0.603298 -0.350668 0.0162266
v -0.602928 -0.327564 0.0276048
v -0.600238 -0.33827 0.0386803
v -0.60165 -0.324941 0.0367074
v -0.595944 -0.331106 0.0536234
v -0.601785 -0.313787 0.0397453
v -0.596112 -0.308227 0.0568294
v -0.603466 -0.303832 0.0344429
v -0.60174 -0.293373 0.0419313
v -0.606 -0.289326 0.0175269
v -0.603197 -0.28454 0.0359675
v -0.607098 -0.269507 0.0129196
v -0.603623 -0.263958 0.0336022
v -0.605484 -0.256156 0.0218652
v -0.603713 -0.241627 0.0308781
v -0.607614 -0.239307 0.0100162
v -0.60545 -0.222694 0.0190179
v -0.610327 -0.234184 -0.00873826
v -0.6098 -0.217952 -0.00460175
v -0.605361 -0.226662 -0.0301159
v -0.60693 -0.207347 -0.0211814
v -0.602838 -0.210093 -0.0348465
v -0.599285 -0.184322 -0.0396669
v -0.596011 -0.198592 -0.0521212
v -0.591561 -0.175062 -0.0584325
v -0.58062 -0.179086 -0.0845296
v -0.572011 -0.180376 -0.101703
v -0.576349 -0.203424 -0.0976565
v -0.566641 -0.190375 -0.113418
v -0.570598 -0.215968 -0.110425
v -0.559444 -0.206641 -0.126881
v -0.564108 -0.239711 -0.123216
v -0.553693 -0.233769 -0.137475
v -0.56283 -0.268745 -0.126209
v -0.551317 -0.254979 -0.14188
v -0.551519 -0.275471 -0.142228
v -0.536744 -0.262209 -0.160646
v -0.538392 -0.293014 -0.158595
v -0.526655 -0.283811 -0.170309
v -0.519783 -0.299696 -0.176676
v -0.517429 -0.267186 -0.178907
v -0.504414 -0.277881 -0.188256
v -0.498002 -0.25657 -0.191844
v -0.490973 -0.279999 -0.196092
v -0.480503 -0.263027 -0.199534
v -0.480974 -0.277175 -0.199635
v -0.466927 -0.269294 -0.202415
v -0.479057 -0.287566 -0.200386
v -0.4651 -0.294528 -0.202998
v -0.476961 -0.302252 -0.201294
v -0.466356 -0.318069 -0.203199
v -0.479113 -0.316432 -0.200845
v -0.480738 -0.325725 -0.200565
v -0.492464 -0.315244 -0.19598
v -0.493069 -0.339189 -0.195801
v -0.508965 -0.312004 -0.185566
v -0.514279 -0.327698 -0.181553
v -0.526296 -0.316892 -0.169917
v -0.527978 -0.339794 -0.16837
v -0.537618 -0.322542 -0.158964
v -0.539535 -0.345814 -0.155904
v -0.553279 -0.326073 -0.138876
v -0.549534 -0.344917 -0.142676
v -0.559982 -0.349973 -0.127789
v -0.549109 -0.361519 -0.142788
v -0.563547 -0.371362 -0.121074
v -0.548391 -0.377718 -0.142261
v -0.558267 -0.384399 -0.128159
v -0.550633 -0.400037 -0.137688
v -0.566025 -0.388322 -0.115694
v -0.566989 -0.406942 -0.11214
v -0.577952 -0.385755 -0.0952464
v -0.58238 -0.400048 -0.0847874
v -0.588321 -0.383917 -0.0743956
v -0.588859 -0.412009 -0.0677369
v -0.593568 -0.403165 -0.0562241
v -0.591247 -0.426605 -0.0575805
v -0.59813 -0.421448 -0.0374585
v -0.596079 -0.438869 -0.0388037
v -0.600058 -0.429194 -0.0142873
v -0.597166 -0.450751 -0.0219437
v -0.596348 -0.446054 0.00317804
v -0.595294 -0.458464 -0.00501653
v -0.591841 -0.45417 0.0245444
v -0.591774 -0.475593 0.00493802
v -0.590216 -0.46612 0.0231207
v -0.589487 -0.475638 0.0198138
v -0.583949 -0.478272 0.0390503
v -0.587256 -0.487173 0.0221343
v -0.585306 -0.496163 0.0251049
v -0.588635 -0.494101 0.0110699
v -0.584028 -0.505501 0.0248135
v -0.587884 -0.51142 0.00128353
v -0.584308 -0.515232 0.0180986
v -0.584488 -0.527036 0.00811047
v -0.581371 -0.522944 0.0249368
v -0.581293 -0.531284 0.0200268
v -0.575576 -0.539771 0.03701
v -0.580373 -0.539345 0.0190067
v -0.577089 -0.550229 0.0254412
v -0.579443 -0.546351 0.0185919
v -0.581169 -0.550476 0.00712398
v -0.58655 -0.530668 -0.01107
v -0.587985 -0.518953 -0.0298468
v -0.590283 -0.50215 -0.00979201
v -0.592099 -0.48974 -0.023984
v -0.593837 -0.473754 -0.0111821
v -0.607984 -0.318652 -0.0212599
v -0.607502 -0.304908 0.0020122
v -0.608925 -0.295884 -0.0166638
v -0.609295 -0.281008 -0.00693345
v -0.607659 -0.275986 -0.0267192
v -0.609777 -0.260673 -0.00464658
v -0.609318 -0.258207 -0.0185134
v -0.607378 -0.242816 -0.0268089
v -0.599094 -0.237973 -0.0506976
v -0.597312 -0.219645 -0.0532086
v -0.605428 -0.317979 0.0128747
v -0.60063 -0.145636 -0.0258897
v -0.605809 -0.166957 -0.0127627
v -0.603746 -0.142889 -0.00460175
v -0.604509 -0.168941 0.00591329
v -0.601807 -0.158269 0.015128
v -0.600585 -0.175869 0.0306763
v -0.598747 -0.155276 0.0322009
v -0.596359 -0.168325 0.0459781
v -0.596628 -0.161442 0.0437137
v -0.595115 -0.15485 0.0467964
v -0.592929 -0.148528 0.0517513
v -0.59368 -0.139167 0.0469085
v -0.591247 -0.136712 0.054083
v -0.591875 -0.126545 0.0501931
v -0.5859 -0.129773 0.0676808
v -0.591729 -0.116904 0.0485676
v -0.585317 -0.109147 0.064385
v -0.589599 -0.102477 0.0499465
v -0.585149 -0.0933182 0.0598113
v -0.586774 -0.0884866 0.0533431
v -0.586124 -0.0797877 0.052379
v -0.592536 -0.0843053 0.0279523
v -0.584723 -0.0673445 0.0518522
v -0.589958 -0.062625 0.028042
v -0.582515 -0.0526256 0.0522781
v -0.585552 -0.0442181 0.0352389
v -0.580497 -0.0328287 0.0492851
v -0.581819 -0.0307323 0.0427047
v -0.583703 -0.0258784 0.0326717
v -0.586158 -0.036528 0.0284231
v -0.587929 -0.0434446 0.0255309
v -0.587817 -0.0319879 0.0168207
v -0.590967 -0.0519531 0.0133007
v -0.590294 -0.0402722 -0.00595817
v -0.592525 -0.0577599 -0.00225885
v -0.592492 -0.0661338 -0.017527
v -0.596068 -0.0831395 -0.00584607
v -0.59229 -0.0885091 -0.0295105
v -0.599139 -0.106557 -0.0126394
v -0.590664 -0.104091 -0.0396556
v -0.59961 -0.122644 -0.0216971
v -0.592054 -0.125132 -0.0431868
v -0.593915 -0.153214 -0.0467404
v -0.60174 -0.16939 -0.0281653
v -0.607401 -0.188873 -0.0140743
v -0.607681 -0.2045 0.00438873
v -0.598859 -0.27389 -0.0543969
v -0.605092 -0.293216 -0.0356537
v -0.60387 -0.259934 -0.0384113
v -0.605406 -0.186496 0.00839073
v -0.603455 -0.201798 0.0249032
v -0.60248 -0.22192 0.035194
v -0.600383 -0.228456 0.0431307
v -0.599935 -0.236785 0.0455297
v -0.596292 -0.227985 0.0558542
v -0.595933 -0.242704 0.0577599
v -0.587469 -0.226045 0.078095
v -0.590104 -0.24962 0.0739696
v -0.580048 -0.239767 0.0947867
v -0.579264 -0.261951 0.0973426
v -0.568962 -0.246683 0.115088
v -0.569746 -0.266166 0.114427
v -0.558872 -0.267287 0.130267
v -0.563457 -0.286748 0.123204
v -0.550925 -0.282354 0.138506
v -0.543548 -0.295357 0.144133
v -0.532327 -0.278083 0.151689
v -0.517743 -0.28195 0.158079
v -0.521498 -0.248062 0.158202
v -0.504425 -0.258331 0.164233
v -0.514167 -0.230473 0.161868
v -0.499571 -0.237659 0.167237
v -0.500838 -0.225855 0.167249
v -0.486388 -0.223534 0.171778
v -0.496107 -0.214275 0.169345
v -0.477476 -0.192965 0.175163
v -0.499784 -0.206271 0.168213
v -0.494269 -0.196877 0.170264
v -0.509425 -0.188155 0.164895
v -0.499291 -0.184848 0.16893
v -0.499829 -0.166251 0.168986
v -0.497049 -0.174939 0.169816
v -0.479483 -0.170937 0.175107
v -0.489852 -0.187247 0.171912
v -0.588983 -0.327665 0.0731962
v -0.592357 -0.350287 0.0609884
v -0.582582 -0.348336 0.0849219
v -0.584252 -0.371126 0.0779604
v -0.576741 -0.36236 0.0949885
v -0.572358 -0.378132 0.100896
v -0.563368 -0.366597 0.116019
v -0.562863 -0.388121 0.114068
v -0.54894 -0.368694 0.132453
v -0.551866 -0.39321 0.127094
v -0.536363 -0.381776 0.139436
v -0.541071 -0.410429 0.132632
v -0.52856 -0.407189 0.139829
v -0.523023 -0.422928 0.140367
v -0.507149 -0.413388 0.148573
v -0.508293 -0.439463 0.144582
v -0.490861 -0.427322 0.152216
v -0.491915 -0.436907 0.150478
v -0.475828 -0.431324 0.1554
v -0.488888 -0.444519 0.150108
v -0.48168 -0.448599 0.151342
v -0.488305 -0.457735 0.148023
v -0.465571 -0.464248 0.15225
v -0.486186 -0.469528 0.14651
v -0.474931 -0.485929 0.146566
v -0.487061 -0.483272 0.143988
v -0.491108 -0.493394 0.140905
v -0.499213 -0.476254 0.141297
v -0.50586 -0.504201 0.134392
v -0.513337 -0.48057 0.135446
v -0.527339 -0.492991 0.126724
v -0.5368 -0.468867 0.125973
v -0.545252 -0.478205 0.117442
v -0.550667 -0.452534 0.117465
v -0.558503 -0.456693 0.106333
v -0.555879 -0.430753 0.115873
v -0.565643 -0.444608 0.0983403
v -0.569444 -0.416202 0.0980377
v -0.576327 -0.42415 0.082422
v -0.578042 -0.395037 0.0867267
v -0.584723 -0.418735 0.0653827
v -0.586976 -0.39284 0.0669073
v -0.592054 -0.411213 0.0478278
v -0.593669 -0.394365 0.0469758
v -0.5972 -0.405743 0.031136
v -0.597839 -0.393109 0.0346111
v -0.598792 -0.404028 0.022762
v -0.600708 -0.373839 0.0241185
v -0.601818 -0.383906 0.0106552
v -0.604576 -0.368268 0.00128353
v -0.604946 -0.37978 -0.0136931
v -0.602726 -0.372987 -0.0339946
v -0.596135 -0.38172 -0.0535449
v -0.593769 -0.36468 -0.0637461
v -0.588097 -0.356777 -0.077938
v -0.576371 -0.367741 -0.0999995
v -0.582481 -0.34726 -0.090157
v -0.576091 -0.336487 -0.102667
v -0.584734 -0.329313 -0.0871639
v -0.580385 -0.310143 -0.0967934
v -0.590866 -0.321936 -0.0744181
v -0.600552 -0.356766 0.0326269
v -0.599531 -0.346273 0.0396892
v -0.599094 -0.352719 0.040799
v -0.593108 -0.369467 0.0555851
v -0.599061 -0.361037 0.0399695
v -0.597895 -0.37403 0.0401264
v -0.599173 -0.221236 0.0463592
v -0.593938 -0.218557 0.0617619
v -0.599049 -0.212223 0.0458548
v -0.595193 -0.194926 0.0550022
v -0.599845 -0.201036 0.0412699
v -0.599946 -0.194153 0.0398574
v -0.577134 -0.559287 0.0201277
v -0.57506 -0.57108 0.0205088
v -0.571361 -0.561417 0.0384337
v -0.566103 -0.577683 0.04405
v -0.567067 -0.553873 0.0537579
v -0.554142 -0.578098 0.0722321
v -0.558469 -0.561888 0.0706066
v -0.548223 -0.56589 0.0885652
v -0.560173 -0.547203 0.07351
v -0.544961 -0.546508 0.100526
v -0.551564 -0.534222 0.0945401
v -0.54106 -0.524727 0.11094
v -0.554545 -0.519245 0.0943159
v -0.533101 -0.511521 0.120525
v -0.549052 -0.496926 0.108799
v -0.55783 -0.480615 0.100246
v -0.566607 -0.471501 0.0874554
v -0.571955 -0.456637 0.0813347
v -0.579947 -0.43777 0.0700685
v -0.588108 -0.434351 0.0496662
v -0.594734 -0.43138 0.0268537
v -0.595843 -0.423668 0.0267752
v -0.597615 -0.4298 0.00849161
v -0.600238 -0.404678 0.00850282
v -0.60406 -0.393905 -0.0164284
v -0.602065 -0.413265 -0.0140631
v -0.5997 -0.398647 -0.0390167
v -0.594207 -0.102634 0.0297011
v -0.596908 -0.11575 0.0221455
v -0.597222 -0.132834 0.030127
v -0.600742 -0.124594 0.00750513
v -0.600137 -0.142743 0.0187937
v -0.597413 -0.0964234 0.0069222
v -0.599834 -0.249407 0.0462696
v -0.597435 -0.261324 0.0544417
v -0.600215 -0.265057 0.0461574
v -0.600686 -0.273139 0.0451149
v -0.599688 -0.286165 0.0482537
v -0.589611 -0.300805 0.0743844
v -0.581225 -0.329279 0.090213
v -0.570251 -0.342126 0.108497
v -0.57895 -0.277589 0.0978807
v -0.579936 -0.298967 0.0952688
v -0.588703 -0.27556 0.0779044
v -0.594913 -0.274832 0.0621654
v -0.593254 -0.339222 -0.0679499
v -0.592985 -0.440135 0.0290733
v -0.583692 -0.459092 0.0506415
v -0.578053 -0.461121 0.0650913
v -0.577179 -0.483148 0.0575693
v -0.568693 -0.483922 0.0777026
v -0.56737 -0.503338 0.0737679
v -0.560397 -0.501376 0.0892602
v -0.598141 -0.384847 0.0362029
v -0.590182 -0.201865 0.0691829
v -0.589611 -0.171733 0.0659993
v -0.595305 -0.176463 0.050776
v -0.598276 -0.183503 0.0429065
v -0.154088 0.393636 -0.176508
v -0.14438 0.380218 -0.169468
v -0.152642 0.3618 -0.169222
v -0.138898 0.342316 -0.158068
v -0.160242 0.342305 -0.168437
v -0.157843 0.326846 -0.163292
v -0.17708 0.330938 -0.172921
v -0.178246 0.309112 -0.168773
v -0.194803 0.31715 -0.176788
v -0.189613 0.288486 -0.169334
v -0.20728 0.29103 -0.17699
v -0.21034 0.269238 -0.174221
v -0.224487 0.282712 -0.181519
v -0.232693 0.269798 -0.182405
v -0.251279 0.276188 -0.187842
v -0.256929 0.254967 -0.187102
v -0.270505 0.272736 -0.191541
v -0.279865 0.262837 -0.192561
v -0.301467 0.275908 -0.196148
v -0.308014 0.252199 -0.19589
v -0.316567 0.276076 -0.197325
v -0.32577 0.253746 -0.197191
v -0.335389 0.271783 -0.197493
v -0.345791 0.261144 -0.196989
v -0.36421 0.266917 -0.194893
v -0.354535 0.241504 -0.196541
v -0.376216 0.241224 -0.194456
v -0.3631 0.223254 -0.19626
v -0.381899 0.222783 -0.194377
v -0.365286 0.207975 -0.196462
v -0.389107 0.210598 -0.193805
v -0.38552 0.19857 -0.194792
v -0.400631 0.205834 -0.191305
v -0.401371 0.193962 -0.192292
v -0.412985 0.200049 -0.18746
v -0.40553 0.185499 -0.191698
v -0.408826 0.18014 -0.191238
v -0.396035 0.175555 -0.194142
v -0.409196 0.166699 -0.192292
v -0.38598 0.151409 -0.195902
v -0.408758 0.154032 -0.193144
v -0.402638 0.134818 -0.195151
v -0.416908 0.144705 -0.191675
v -0.420507 0.131881 -0.191832
v -0.431223 0.144929 -0.18588
v -0.424722 0.122184 -0.191294
v -0.439463 0.124426 -0.184535
v -0.431066 0.107734 -0.190532
v -0.450314 0.104618 -0.181093
v -0.44601 0.0862783 -0.186496
v -0.465044 0.0938452 -0.171553
v -0.465728 0.0753822 -0.175118
v -0.476591 0.0847314 -0.162619
v -0.481601 0.0683871 -0.162036
v -0.488204 0.0904709 -0.14799
v -0.498327 0.0702031 -0.14206
v -0.507239 0.0819176 -0.126926
v -0.51031 0.0648672 -0.12826
v -0.524671 0.0636789 -0.108351
v -0.515994 0.0489713 -0.125984
v -0.528471 0.0368532 -0.112286
v -0.517014 0.0324588 -0.130042
v -0.526879 0.0135362 -0.122352
v -0.513505 0.0112941 -0.140983
v -0.530186 -0.00480348 -0.122812
v -0.517642 -0.0183901 -0.143696
v -0.533639 -0.0264613 -0.124404
v -0.526072 -0.044958 -0.140266
v -0.538011 -0.0571321 -0.126567
v -0.529704 -0.0784312 -0.143371
v -0.546833 -0.0832404 -0.120122
v -0.545555 -0.0971184 -0.125671
v -0.557639 -0.0877692 -0.103374
v -0.556574 -0.111165 -0.112364
v -0.565363 -0.0999546 -0.0924439
v -0.566641 -0.121343 -0.0963786
v -0.574376 -0.114292 -0.0792832
v -0.577548 -0.140692 -0.0809311
v -0.584734 -0.131175 -0.0635107
v -0.5872 -0.154974 -0.0639479
v -0.594095 -0.0737342 0.00920906
v -0.596404 -0.417345 0.0282662
v -0.591684 -0.469439 -0.0413035
v -0.589992 -0.451794 -0.0541839
v -0.585698 -0.44824 -0.0666047
v -0.582907 -0.42591 -0.0792048
v -0.579331 -0.446256 -0.0825454
v -0.571787 -0.442916 -0.0982731
v -0.570677 -0.463262 -0.0963786
v -0.560162 -0.452679 -0.117039
v -0.564657 -0.473889 -0.105436
v -0.556148 -0.478463 -0.119068
v -0.568592 -0.490962 -0.095011
v -0.551115 -0.497105 -0.123787
v -0.564074 -0.508707 -0.0997753
v -0.558368 -0.525265 -0.105784
v -0.57182 -0.527182 -0.079911
v -0.560677 -0.551115 -0.0945962
v -0.569152 -0.548548 -0.078734
v -0.563188 -0.56404 -0.085516
v -0.572347 -0.562987 -0.0658536
v -0.563928 -0.577705 -0.0785434
v -0.575486 -0.579555 -0.0517065
v -0.564578 -0.59072 -0.0729944
v -0.571215 -0.603119 -0.0517401
v -0.564141 -0.610372 -0.0681292
v -0.568749 -0.6249 -0.0453391
v -0.560745 -0.632982 -0.0654612
v -0.56339 -0.651131 -0.0415165
v -0.554669 -0.670895 -0.0565044
v -0.556967 -0.676107 -0.0366401
v -0.548212 -0.697844 -0.0508769
v -0.549826 -0.699301 -0.024197
v -0.542113 -0.720028 -0.0395884
v -0.541441 -0.72301 -0.0272125
v -0.53458 -0.740263 -0.0434334
v -0.532977 -0.743155 -0.0187601
v -0.525747 -0.762324 -0.0316404
v -0.527013 -0.757784 -0.0211814
v -0.520657 -0.772357 -0.0225042
v -0.521924 -0.765631 -0.00618238
v -0.513057 -0.787266 -0.0160136
v -0.50734 -0.782782 0.00956778
v -0.501578 -0.800752 -0.00244943
v -0.492599 -0.803487 0.0200716
v -0.487184 -0.821502 0.005577
v -0.480368 -0.823296 0.0226499
v -0.473183 -0.844258 0.0128075
v -0.467555 -0.828957 0.0395659
v -0.459092 -0.85298 0.0305418
v -0.45046 -0.844427 0.0458324
v -0.445505 -0.867766 0.0357545
v -0.433208 -0.859134 0.0503052
v -0.431201 -0.873875 0.0443638
v -0.414845 -0.876644 0.0528947
v -0.41915 -0.900354 0.0391512
v -0.401887 -0.887395 0.0537803
v -0.393625 -0.91394 0.0430747
v -0.385991 -0.899614 0.0536682
v -0.375364 -0.915263 0.0482761
v -0.372853 -0.901475 0.0564819
v -0.367225 -0.912864 0.0515383
v -0.357977 -0.899244 0.0604167
v -0.354289 -0.917337 0.0509105
v -0.332014 -0.904333 0.059475
v -0.333987 -0.927527 0.0473121
v -0.311657 -0.918962 0.0504733
v -0.312105 -0.940609 0.0392745
v -0.289293 -0.92468 0.0388933
v -0.292701 -0.948221 0.0275039
v -0.276737 -0.931506 0.0265847
v -0.276031 -0.947279 0.0168207
v -0.26416 -0.93154 0.0149262
v -0.266178 -0.941887 0.0107897
v -0.254721 -0.924478 0.00888396
v -0.256021 -0.939656 0.00144047
v -0.245304 -0.921742 -0.00329017
v -0.251178 -0.945497 -0.0127739
v -0.236998 -0.924702 -0.0210245
v -0.23748 -0.93756 -0.0395996
v -0.23118 -0.915992 -0.0376715
v -0.23192 -0.919579 -0.0583765
v -0.22674 -0.899334 -0.0514374
v -0.227974 -0.899064 -0.0672997
v -0.224319 -0.887709 -0.0524239
v -0.225978 -0.887271 -0.0723442
v -0.223389 -0.880994 -0.0570985
v -0.221662 -0.870176 -0.0647326
v -0.220093 -0.866914 -0.0489488
v -0.219656 -0.861298 -0.0601589
v -0.216853 -0.847487 -0.0506527
v -0.218232 -0.848608 -0.0685552
v -0.216685 -0.835302 -0.0720191
v -0.2222 -0.860042 -0.0841036
v -0.220564 -0.840402 -0.0897759
v -0.22683 -0.851052 -0.105134
v -0.224947 -0.827477 -0.1064
v -0.230821 -0.825807 -0.116064
v -0.230249 -0.816547 -0.116658
v -0.240776 -0.826603 -0.127352
v -0.229857 -0.80499 -0.118216
v -0.24017 -0.81111 -0.128013
v -0.230518 -0.800091 -0.119864
v -0.232996 -0.792614 -0.124269
v -0.221752 -0.789464 -0.108508
v -0.228669 -0.781191 -0.121355
v -0.22183 -0.769756 -0.111927
v -0.231213 -0.767985 -0.126534
v -0.222996 -0.750778 -0.117812
v -0.230193 -0.756315 -0.127812
v -0.230406 -0.739825 -0.13122
v -0.239711 -0.755643 -0.137116
v -0.241224 -0.736003 -0.142217
v -0.256671 -0.747986 -0.149682
v -0.260718 -0.7357 -0.154458
v -0.264294 -0.744948 -0.154323
v -0.272007 -0.736294 -0.15994
v -0.271009 -0.749545 -0.156823
v -0.280089 -0.749758 -0.160769
v -0.283699 -0.764364 -0.160287
v -0.291826 -0.756203 -0.164379
v -0.303249 -0.756629 -0.168302
v -0.302924 -0.743211 -0.170309
v -0.322687 -0.753591 -0.174726
v -0.322149 -0.735128 -0.177192
v -0.337518 -0.731037 -0.181441
v -0.318024 -0.720073 -0.178066
v -0.325613 -0.70846 -0.181329
v -0.307117 -0.708673 -0.176463
v -0.307049 -0.694077 -0.177954
v -0.299976 -0.696173 -0.175757
v -0.304404 -0.677486 -0.178739
v -0.281423 -0.690042 -0.170074
v -0.288015 -0.667823 -0.174233
v -0.269215 -0.676376 -0.165948
v -0.271244 -0.646423 -0.169098
v -0.263039 -0.659472 -0.164244
v -0.249665 -0.645246 -0.15763
v -0.245192 -0.665211 -0.153236
v -0.230608 -0.654461 -0.141611
v -0.235507 -0.676601 -0.144604
v -0.227234 -0.663608 -0.136735
v -0.227682 -0.676567 -0.135748
v -0.219981 -0.668507 -0.124168
v -0.224285 -0.682127 -0.130401
v -0.216046 -0.682486 -0.113429
v -0.21775 -0.701902 -0.115593
v -0.21201 -0.695736 -0.0984749
v -0.211002 -0.710556 -0.0919394
v -0.207493 -0.691196 -0.0824333
v -0.206596 -0.706128 -0.0746647
v -0.20348 -0.688259 -0.0615041
v -0.204074 -0.715018 -0.0561457
v -0.201888 -0.698471 -0.0426936
v -0.202796 -0.717585 -0.0396669
v -0.202078 -0.708538 -0.0227733
v -0.203233 -0.726553 -0.0258
v -0.202897 -0.713515 -0.00469143
v -0.204713 -0.736631 -0.00720249
v -0.203973 -0.723705 -0.00314445
v -0.205811 -0.732819 0.0014517
v -0.205531 -0.721049 0.00580119
v -0.212022 -0.736182 0.0163611
v -0.206831 -0.712753 0.0106103
v -0.215788 -0.714031 0.0285352
v -0.207616 -0.702148 0.0144666
v -0.212022 -0.691084 0.025856
v -0.207594 -0.689739 0.016731
v -0.207056 -0.67891 0.0171234
v -0.203054 -0.690557 0.00385063
v -0.201753 -0.668316 0.00274085
v -0.200363 -0.674213 -0.0197914
v -0.200565 -0.655145 -0.00759484
v -0.199825 -0.644002 -0.0258112
v -0.200733 -0.635931 -3.92613e-05
v -0.199937 -0.623947 -0.0160921
v -0.20182 -0.625292 0.00886154
v -0.200901 -0.604397 -0.00228126
v -0.202729 -0.612939 0.0133007
v -0.202885 -0.600069 0.0154867
v -0.209679 -0.607435 0.0320328
v -0.205363 -0.595541 0.0214392
v -0.210049 -0.588927 0.0336134
v -0.203513 -0.591101 0.0177287
v -0.20154 -0.579275 0.00624961
v -0.57858 -0.2146 0.0952576
v -0.568423 -0.220687 0.11418
v -0.572201 -0.203177 0.106075
v -0.566495 -0.188223 0.113934
v -0.576338 -0.18699 0.096614
v -0.573883 -0.165791 0.0996855
v -0.582122 -0.16791 0.0832516
v -0.583266 -0.14688 0.0778147
v -0.562056 0.088823 0.0292863
v -0.559478 0.105616 0.0179417
v -0.566215 0.0796532 0.00624961
v -0.561428 0.101905 0.00190009
v -0.562942 0.0943048 -0.010431
v -0.556014 0.114673 -0.0246229
v -0.561417 0.0869621 -0.0278739
v -0.550925 0.10964 -0.0401489
v -0.552976 0.0801913 -0.0508994
v -0.546362 0.0949662 -0.05702
v -0.539311 0.0867043 -0.0743732
v -0.534098 0.108642 -0.0741042
v -0.529928 0.0896077 -0.0896974
v -0.522563 0.104158 -0.0956163
v -0.522003 0.0848547 -0.104618
v -0.510411 0.101535 -0.115794
v -0.497038 0.104607 -0.13261
v -0.482577 0.108082 -0.148976
v -0.470862 0.11149 -0.161162
v -0.481803 0.132116 -0.141835
v -0.467948 0.135905 -0.15661
v -0.47325 0.149301 -0.145994
v -0.457668 0.152104 -0.162619
v -0.460493 0.171183 -0.153281
v -0.442008 0.175914 -0.171206
v -0.444821 0.195431 -0.162036
v -0.429945 0.187191 -0.178874
v -0.426089 0.203222 -0.177741
v -0.420966 0.225474 -0.176441
v -0.407593 0.223523 -0.186508
v -0.403523 0.248544 -0.184546
v -0.39117 0.228411 -0.192359
v -0.387818 0.243298 -0.192124
v -0.382 0.258196 -0.192101
v -0.379444 0.268677 -0.191675
v -0.373895 0.283901 -0.191877
v -0.387201 0.283553 -0.186395
v -0.369714 0.30001 -0.191619
v -0.385957 0.305816 -0.182349
v -0.368537 0.327239 -0.187595
v -0.386551 0.325737 -0.175802
v -0.377763 0.34939 -0.174434
v -0.388513 0.340388 -0.167854
v -0.396663 0.348729 -0.156196
v -0.402615 0.326768 -0.159133
v -0.411135 0.337474 -0.144896
v -0.418971 0.314695 -0.145961
v -0.427591 0.32651 -0.130233
v -0.434463 0.30622 -0.131029
v -0.443543 0.309079 -0.117958
v -0.448173 0.291479 -0.119796
v -0.456143 0.309628 -0.100033
v -0.462746 0.282208 -0.104696
v -0.46714 0.296579 -0.0907512
v -0.472409 0.271132 -0.0964122
v -0.477801 0.293138 -0.0761669
v -0.487285 0.276255 -0.0700798
v -0.492643 0.290425 -0.052906
v -0.50095 0.274697 -0.0478502
v -0.506936 0.285795 -0.0266632
v -0.512485 0.270673 -0.0245108
v -0.517597 0.269092 -0.00272967
v -0.521263 0.251268 -0.0160697
v -0.521756 0.252064 0.0184462
v -0.52717 0.237827 0.00276326
v -0.528684 0.226191 0.022706
v -0.534255 0.212773 0.00594692
v -0.536553 0.201069 0.0177399
v -0.54125 0.185678 -0.00469143
v -0.545432 0.171408 0.00378337
v -0.547483 0.159346 -0.0121013
v -0.551833 0.14253 0.0158006
v -0.55422 0.135726 -0.000543715
v -0.555801 0.118675 0.0275039
v -0.55459 0.108956 0.0459108
v -0.556552 0.0897871 0.0546883
v -0.562449 0.0791824 0.0411241
v -0.556944 0.0841484 0.0577599
v -0.562818 0.0651025 0.0510563
v -0.556664 0.075427 0.0652258
v -0.558648 0.0686113 0.0633201
v -0.556249 0.0572106 0.0761332
v -0.561361 0.0555852 0.0638357
v -0.562908 0.0359564 0.0698107
v -0.564231 0.0426488 0.0620533
v -0.567403 0.0308558 0.0595423
v -0.568524 0.0439603 0.0459557
v -0.572067 0.0261475 0.0452943
v -0.572571 0.0468525 0.0199819
v -0.576102 0.0253628 0.0252058
v -0.576181 0.0362478 0.00383943
v -0.580418 0.0116193 0.0126618
v -0.57886 0.0210469 -0.011608
v -0.58321 0.00094729 -0.000229829
v -0.583523 -0.00506135 -0.014433
v -0.587156 -0.0218091 -0.00202343
v -0.586629 -0.0260017 -0.017101
v -0.586438 -0.045922 -0.0281093
v -0.584118 -0.0655957 -0.0428617
v -0.584588 -0.0888117 -0.049173
v -0.584958 -0.113866 -0.0574797
v -0.587256 -0.486343 -0.0507648
v -0.585922 -0.507911 -0.0479735
v -0.578748 -0.500401 -0.0706067
v -0.581999 -0.529323 -0.0523903
v -0.577033 -0.543627 -0.0611902
v -0.580441 -0.0676472 0.0644971
v -0.576954 -0.0822987 0.0774336
v -0.576596 -0.0998873 0.0832179
v -0.577078 -0.122184 0.0871975
v -0.584835 -0.543156 -0.0277393
v -0.581506 -0.556597 -0.0417519
v -0.580732 -0.572594 -0.0303064
v -0.575878 -0.597177 -0.0355752
v -0.572145 -0.618813 -0.0301831
v -0.577582 -0.501331 0.0489488
v -0.571181 -0.513752 0.060753
v -0.564489 -0.528919 0.0712792
v -0.574286 -0.525276 0.0473681
v -0.578625 -0.48307 -0.0747544
v -0.580721 -0.467735 -0.0737791
v -0.352787 -0.330467 -0.192628
v -0.351542 -0.352237 -0.192281
v -0.373077 -0.345601 -0.197157
v -0.35365 -0.369299 -0.193099
v -0.384343 -0.361945 -0.199141
v -0.376776 -0.383816 -0.197987
v -0.400541 -0.378222 -0.20126
v -0.392885 -0.398524 -0.200643
v -0.410709 -0.399275 -0.202437
v -0.41924 -0.416314 -0.203267
v -0.430091 -0.399701 -0.203805
v -0.44351 -0.417065 -0.203917
v -0.450146 -0.382123 -0.204455
v -0.459551 -0.406393 -0.203693
v -0.471983 -0.392952 -0.202415
v -0.47825 -0.406685 -0.200498
v -0.494549 -0.397089 -0.19348
v -0.484068 -0.432838 -0.196866
v -0.500984 -0.413691 -0.188111
v -0.497127 -0.432782 -0.189187
v -0.509167 -0.433051 -0.17995
v -0.497015 -0.455695 -0.187472
v -0.517586 -0.458486 -0.169782
v -0.50521 -0.472645 -0.178728
v -0.518707 -0.477465 -0.165646
v -0.50975 -0.499851 -0.171329
v -0.522911 -0.49085 -0.159458
v -0.517541 -0.510378 -0.161733
v -0.529581 -0.509615 -0.148629
v -0.520691 -0.525623 -0.155456
v -0.542865 -0.512104 -0.131993
v -0.544748 -0.525904 -0.126702
v -0.543425 -0.542214 -0.124449
v -0.554164 -0.54681 -0.107533
v -0.53921 -0.562179 -0.125648
v -0.553514 -0.570542 -0.102141
v -0.538851 -0.582817 -0.122857
v -0.549837 -0.591225 -0.1038
v -0.541508 -0.602771 -0.115088
v -0.544591 -0.61462 -0.107297
v -0.530533 -0.616212 -0.128081
v -0.526565 -0.633509 -0.128798
v -0.515445 -0.620954 -0.145423
v -0.512732 -0.636592 -0.144324
v -0.498136 -0.634843 -0.159323
v -0.498618 -0.662891 -0.151005
v -0.482095 -0.642051 -0.17115
v -0.480727 -0.665234 -0.165926
v -0.461244 -0.650728 -0.183604
v -0.467297 -0.671366 -0.174244
v -0.449417 -0.677475 -0.183582
v -0.468463 -0.68827 -0.168616
v -0.447187 -0.693909 -0.180903
v -0.463856 -0.709222 -0.165421
v -0.444788 -0.70939 -0.178313
v -0.45639 -0.724927 -0.167372
v -0.431134 -0.716486 -0.183548
v -0.428264 -0.728907 -0.181945
v -0.417345 -0.709345 -0.188907
v -0.412144 -0.738895 -0.184871
v -0.401449 -0.714143 -0.189321
v -0.386271 -0.738178 -0.186149
v -0.381978 -0.717035 -0.188604
v -0.365734 -0.729916 -0.185913
v -0.368178 -0.709099 -0.188391
v -0.347664 -0.709682 -0.1857
v -0.363907 -0.690098 -0.189512
v -0.347193 -0.691499 -0.187012
v -0.358593 -0.677778 -0.18968
v -0.352495 -0.675255 -0.188951
v -0.35152 -0.663866 -0.189736
v -0.342608 -0.673686 -0.187516
v -0.33753 -0.661848 -0.187573
v -0.331869 -0.669359 -0.185891
v -0.325131 -0.655167 -0.18551
v -0.312924 -0.664673 -0.182091
v -0.30483 -0.643239 -0.181183
v -0.289629 -0.63602 -0.176811
v -0.273901 -0.630796 -0.170993
v -0.255864 -0.617938 -0.161812
v -0.274137 -0.606594 -0.171509
v -0.260954 -0.588669 -0.164547
v -0.283284 -0.582649 -0.17625
v -0.267926 -0.566159 -0.167787
v -0.275908 -0.553985 -0.171621
v -0.25573 -0.543851 -0.158953
v -0.271581 -0.53319 -0.16828
v -0.246123 -0.525276 -0.151734
v -0.264205 -0.517933 -0.162697
v -0.250439 -0.499717 -0.152507
v -0.265225 -0.49724 -0.162002
v -0.249968 -0.475335 -0.151252
v -0.270079 -0.468217 -0.163258
v -0.259575 -0.450863 -0.155949
v -0.286557 -0.454282 -0.171789
v -0.274047 -0.432826 -0.163942
v -0.288463 -0.438544 -0.171688
v -0.285156 -0.41702 -0.169446
v -0.299886 -0.419105 -0.176374
v -0.280235 -0.397178 -0.166094
v -0.306836 -0.400474 -0.178683
v -0.297711 -0.380464 -0.174412
v -0.317508 -0.377729 -0.182416
v -0.311242 -0.358952 -0.179557
v -0.332261 -0.368425 -0.187203
v -0.312823 -0.342014 -0.179793
v -0.336913 -0.339054 -0.188088
v -0.331532 -0.322575 -0.186149
v -0.351722 -0.30863 -0.19218
v -0.368458 -0.328573 -0.196115
v -0.374657 -0.305984 -0.197437
v -0.389713 -0.310177 -0.199724
v -0.387 -0.290223 -0.199422
v -0.407649 -0.306702 -0.202067
v -0.407469 -0.279002 -0.201854
v -0.432602 -0.295929 -0.203906
v -0.42591 -0.273307 -0.203098
v -0.444317 -0.280818 -0.203726
v -0.441144 -0.2599 -0.20339
v -0.464058 -0.245147 -0.202213
v -0.481377 -0.248376 -0.199063
v -0.49854 -0.236482 -0.191003
v -0.512149 -0.249082 -0.182494
v -0.519794 -0.234307 -0.17625
v -0.528426 -0.246795 -0.168684
v -0.531128 -0.224678 -0.165264
v -0.542304 -0.240506 -0.153505
v -0.540701 -0.219039 -0.154122
v -0.550543 -0.212279 -0.139806
v -0.549714 -0.187001 -0.137721
v -0.560576 -0.174087 -0.120043
v -0.569601 -0.162327 -0.101984
v -0.579611 -0.163482 -0.0828929
v -0.574993 -0.418018 -0.0961992
v -0.566058 -0.430663 -0.110515
v -0.554332 -0.422547 -0.130222
v -0.551272 -0.442422 -0.132296
v -0.541564 -0.433208 -0.145871
v -0.539894 -0.450561 -0.145725
v -0.523303 -0.439037 -0.165735
v -0.53041 -0.468755 -0.154559
v -0.572403 -0.0661114 0.0830274
v -0.576427 -0.0471775 0.0679386
v -0.566832 -0.0445544 0.0884082
v -0.571506 -0.0300262 0.074205
v -0.562718 -0.0119107 0.0888006
v -0.569814 -0.0099377 0.0719406
v -0.56533 0.0158006 0.0732298
v -0.573221 -0.00517338 0.0601364
v -0.572493 0.00620482 0.0567286
v -0.576719 -0.00827858 0.0500361
v -0.578692 0.0010258 0.0366737
v -0.584768 -0.0138724 0.0146347
v -0.584185 -0.198514 0.082579
v -0.55014 -0.3027 -0.143932
v -0.559467 -0.293373 -0.131197
v -0.568367 -0.29436 -0.11733
v -0.573737 -0.274047 -0.108833
v -0.577806 -0.295604 -0.101905
v -0.572459 -0.317733 -0.109988
v -0.561316 -0.314213 -0.126803
v -0.566047 -0.335848 -0.119258
v -0.562101 -0.347036 0.119998
v -0.569746 -0.32123 0.111053
v -0.577515 -0.592424 -0.0172915
v -0.571506 -0.620326 -0.0121125
v -0.566854 -0.642074 -0.021798
v -0.56672 -0.636513 -0.0040973
v -0.563233 -0.648957 -0.00127235
v -0.565363 -0.634462 0.00545367
v -0.558536 -0.645022 0.0200492
v -0.567796 -0.624182 0.00549852
v -0.565565 -0.61851 0.0188385
v -0.569455 -0.614799 0.00695583
v -0.572459 -0.603477 0.0043663
v -0.573647 -0.606952 -0.00494927
v -0.572975 -0.597906 0.00771813
v -0.57747 -0.579925 0.00200099
v -0.581304 -0.566181 -0.0101171
v -0.584678 -0.54644 -0.0133008
v -0.4802 -0.234789 -0.198895
v -0.466894 -0.221225 -0.201361
v -0.45213 -0.222133 -0.202336
v -0.464248 -0.202179 -0.201271
v -0.442288 -0.206899 -0.202347
v -0.456446 -0.188481 -0.201664
v -0.434654 -0.189388 -0.201899
v -0.451872 -0.172641 -0.201619
v -0.426672 -0.173784 -0.201159
v -0.454922 -0.154884 -0.200935
v -0.439194 -0.141342 -0.200666
v -0.458901 -0.132497 -0.199534
v -0.455628 -0.118844 -0.199276
v -0.469046 -0.11853 -0.197157
v -0.470044 -0.108306 -0.19635
v -0.47436 -0.124852 -0.196036
v -0.480054 -0.101513 -0.192393
v -0.489897 -0.123787 -0.189276
v -0.493899 -0.0940132 -0.18412
v -0.501634 -0.125267 -0.181979
v -0.508057 -0.102432 -0.173347
v -0.515052 -0.122778 -0.168908
v -0.525635 -0.109988 -0.15503
v -0.530567 -0.136062 -0.153942
v -0.541037 -0.129527 -0.139358
v -0.543593 -0.145972 -0.139022
v -0.558682 -0.133237 -0.114247
v -0.556574 -0.152687 -0.122038
v -0.567941 -0.144761 -0.100504
v -0.579847 -0.028524 -0.0395211
v -0.579163 -0.00345825 -0.0305867
v -0.572728 -0.0179529 -0.0520204
v -0.56802 -0.00271844 -0.0561681
v -0.559814 -0.00583484 -0.073185
v -0.565173 0.0189507 -0.053601
v -0.55366 0.01246 -0.0783752
v -0.554366 0.0289052 -0.0707075
v -0.545533 0.0289501 -0.0870406
v -0.548245 0.0463144 -0.0750907
v -0.537002 0.0390054 -0.0979144
v -0.534681 0.0681517 -0.0906503
v -0.567134 0.073824 -0.0158679
v -0.560599 0.0661787 -0.0415726
v -0.568939 0.0561457 -0.0260242
v -0.56737 0.03914 -0.0396108
v -0.574735 0.0359676 -0.0188161
v -0.574466 0.0202958 -0.0312257
v -0.53921 -0.0161257 -0.112712
v -0.5481 -0.0442517 -0.107051
v -0.553312 -0.0263044 -0.0918834
v -0.560363 -0.050619 -0.08685
v -0.562157 -0.0299589 -0.0768955
v -0.567471 -0.0494644 -0.0733643
v -0.571282 -0.0346222 -0.0604167
v -0.575262 -0.0587912 -0.0605064
v -0.578457 -0.0449243 -0.0488255
v -0.548705 -0.00824497 -0.0939348
v -0.549209 -0.0675687 -0.112241
v -0.558447 -0.0651921 -0.0953249
v -0.567302 -0.0730168 -0.0809872
v -0.575082 -0.0992932 -0.0738127
v -0.576921 -0.082209 -0.064755
v -0.571719 -0.258857 -0.111826
v -0.574309 -0.237648 -0.105773
v -0.577862 -0.0320552 0.0582307
v -0.574981 -0.0185806 0.0615489
v -0.30483 -0.0264837 0.196204
v -0.29168 -0.0432652 0.190678
v -0.310043 -0.0456305 0.1957
v -0.305906 -0.0634658 0.193906
v -0.328932 -0.0545201 0.196047
v -0.326656 -0.0730728 0.195487
v -0.350018 -0.0624344 0.195431
v -0.351497 -0.0857626 0.19459
v -0.37227 -0.065663 0.194299
v -0.380913 -0.0823996 0.192819
v -0.395598 -0.059262 0.19246
v -0.409296 -0.0842604 0.189714
v -0.419117 -0.0698668 0.189209
v -0.442411 -0.0854151 0.18477
v -0.443274 -0.0675351 0.185129
v -0.467028 -0.0734204 0.179669
v -0.460773 -0.0563138 0.181295
v -0.478115 -0.0582643 0.176542
v -0.474819 -0.0430747 0.177573
v -0.482767 -0.0475474 0.174849
v -0.478407 -0.032313 0.175981
v -0.483855 -0.0373015 0.173963
v -0.487812 -0.0283782 0.172159
v -0.492016 -0.0441621 0.171183
v -0.506499 -0.028367 0.163953
v -0.509761 -0.0453167 0.163561
v -0.525422 -0.0372566 0.15114
v -0.523606 -0.063903 0.156352
v -0.538425 -0.0576029 0.139672
v -0.536127 -0.0814243 0.146297
v -0.551967 -0.0692166 0.122476
v -0.547326 -0.0947979 0.13326
v -0.555992 -0.0954929 0.120469
v -0.549949 -0.122397 0.133809
v -0.562886 -0.103844 0.111097
v -0.561014 -0.128125 0.117409
v -0.569421 -0.118216 0.101479
v -0.568154 -0.147283 0.108654
v -0.562392 -0.167596 0.119191
v -0.555364 -0.146174 0.128652
v -0.548862 -0.149806 0.138484
v -0.534917 -0.127856 0.151936
v -0.537181 -0.106378 0.147766
v -0.521834 -0.104663 0.15994
v -0.519379 -0.0873096 0.160769
v -0.497822 -0.0962552 0.17004
v -0.502508 -0.08333 0.167966
v -0.494661 -0.0904036 0.171206
v -0.494628 -0.078095 0.171071
v -0.487789 -0.0842268 0.173571
v -0.484595 -0.0706963 0.174569
v -0.47464 -0.0848434 0.177394
v -0.459977 -0.101984 0.180465
v -0.432883 -0.0973538 0.185813
v -0.407806 -0.102477 0.189063
v -0.390116 -0.0978022 0.191406
v -0.398501 -0.120065 0.189512
v -0.378928 -0.126713 0.191238
v -0.402425 -0.135087 0.188424
v -0.39247 -0.158426 0.188806
v -0.409992 -0.158583 0.186474
v -0.389477 -0.185981 0.188256
v -0.41183 -0.184568 0.185981
v -0.402716 -0.203659 0.186429
v -0.421011 -0.209298 0.184131
v -0.40442 -0.230754 0.185241
v -0.426224 -0.231751 0.182932
v -0.405407 -0.259754 0.183952
v -0.42526 -0.246941 0.182169
v -0.428197 -0.263218 0.181172
v -0.447691 -0.258409 0.178616
v -0.439698 -0.285078 0.178178
v -0.4638 -0.282029 0.174468
v -0.461995 -0.302677 0.173504
v -0.479965 -0.291198 0.170074
v -0.486007 -0.311466 0.167036
v -0.492991 -0.298261 0.165803
v -0.494818 -0.312464 0.164244
v -0.504403 -0.299684 0.161879
v -0.507071 -0.317878 0.159368
v -0.516689 -0.307554 0.156229
v -0.533986 -0.325591 0.146745
v -0.535421 -0.307195 0.147687
v -0.556866 -0.31067 0.130457
v -0.550543 -0.459327 -0.130368
v -0.542528 -0.471142 -0.139907
v -0.536587 -0.493036 -0.143461
v -0.580239 -0.042133 0.0550134
v -0.569802 -0.58905 0.02543
v -0.572908 -0.5897 0.0149374
v -0.57423 -0.583579 0.0138612
v -0.566944 -0.0877916 0.100605
v -0.57015 -0.355611 -0.111658
v -0.519234 -0.199836 0.160534
v -0.523437 -0.193166 0.15902
v -0.535174 -0.214847 0.153247
v -0.54023 -0.186317 0.149626
v -0.546743 -0.205576 0.14364
v -0.558458 -0.194949 0.127229
v -0.55681 -0.226965 0.131959
v -0.570677 -0.301938 0.111411
v -0.558234 -0.327003 0.12641
v -0.548671 -0.333416 0.136107
v -0.546766 -0.349098 0.136354
v -0.526722 -0.345433 0.148203
v -0.513315 -0.342787 0.154323
v -0.515792 -0.365207 0.150972
v -0.497273 -0.359176 0.15902
v -0.502004 -0.37922 0.15522
v -0.488899 -0.367595 0.160803
v -0.486881 -0.380453 0.159973
v -0.462443 -0.375801 0.166486
v -0.484942 -0.390811 0.159301
v -0.469595 -0.3996 0.161913
v -0.488776 -0.403422 0.15642
v -0.479169 -0.413635 0.157305
v -0.489123 -0.413354 0.154749
v -0.490188 -0.420809 0.153382
v -0.554994 0.0517962 -0.0601252
v -0.54579 0.0671091 -0.0711672
v -0.568345 0.0571658 0.035463
v -0.567785 0.0672213 0.0208003
v -0.572302 0.055092 -0.00620479
v -0.570453 0.0134353 0.0597441
v -0.568311 0.0198923 0.063051
v -0.554075 0.0423349 0.0881504
v -0.546519 0.0650241 0.0945065
v -0.544882 0.0893387 0.0863343
v -0.555016 0.0841821 0.0641048
v -0.548279 0.100582 0.0727029
v -0.552449 0.102903 0.0592732
v -0.554725 0.0972082 0.0550246
v -0.516633 -0.464506 0.136903
v -0.534132 -0.451177 0.130592
v -0.540948 -0.430607 0.129695
v -0.556048 -0.413691 0.119628
v -0.512631 -0.0848434 -0.165141
v -0.534188 -0.100773 -0.142519
v -0.543705 -0.113709 -0.132094
v -0.569354 -0.618689 0.00343586
v -0.209197 -0.675659 0.0225715
v -0.207773 -0.660077 0.0217531
v -0.21599 -0.673126 0.036954
v -0.215665 -0.65482 0.0389606
v -0.223848 -0.667038 0.0513029
v -0.2247 -0.642578 0.0556636
v -0.237704 -0.66928 0.067905
v -0.238444 -0.646972 0.0717725
v -0.246762 -0.662947 0.0776241
v -0.253622 -0.653665 0.0850564
v -0.258274 -0.66427 0.087489
v -0.263588 -0.652858 0.0933182
v -0.277006 -0.660694 0.102107
v -0.27871 -0.639832 0.105817
v -0.30307 -0.652017 0.120559
v -0.304852 -0.629754 0.124561
v -0.322811 -0.650178 0.131354
v -0.331644 -0.638576 0.136331
v -0.345635 -0.660783 0.134246
v -0.353784 -0.648138 0.136802
v -0.355522 -0.676791 0.131298
v -0.368996 -0.653497 0.135008
v -0.37533 -0.678932 0.129549
v -0.388973 -0.663552 0.130861
v -0.394611 -0.692923 0.123529
v -0.406393 -0.671097 0.127038
v -0.409722 -0.697205 0.120682
v -0.428511 -0.682553 0.120424
v -0.426201 -0.701027 0.116164
v -0.44036 -0.698651 0.113485
v -0.441582 -0.707619 0.110817
v -0.461984 -0.699189 0.107163
v -0.44481 -0.717652 0.106961
v -0.464876 -0.721744 0.0983067
v -0.449642 -0.738592 0.0978695
v -0.464798 -0.746809 0.0885091
v -0.449014 -0.761001 0.089944
v -0.464898 -0.768803 0.0795074
v -0.455829 -0.793443 0.0715259
v -0.473216 -0.784509 0.0641496
v -0.471636 -0.804777 0.0524239
v -0.483361 -0.787177 0.0518522
v -0.492094 -0.792008 0.0341066
v -0.492946 -0.77396 0.0494869
v -0.503405 -0.772323 0.0332098
v -0.497867 -0.755419 0.0576254
v -0.509178 -0.750867 0.0423124
v -0.504672 -0.740375 0.0589145
v -0.517227 -0.730454 0.0463592
v -0.512956 -0.71597 0.0646092
v -0.526789 -0.711128 0.0456194
v -0.519088 -0.699996 0.0655621
v -0.531643 -0.690176 0.0508657
v -0.533056 -0.675917 0.0579168
v -0.543021 -0.677598 0.0353509
v -0.542226 -0.656445 0.0536458
v -0.551104 -0.652846 0.0362926
v -0.550712 -0.634092 0.0491842
v -0.556698 -0.627758 0.0386803
v -0.54588 -0.618364 0.0667952
v -0.560621 -0.612905 0.0376714
v -0.554702 -0.596718 0.0609547
v -0.563951 -0.594352 0.0397005
v -0.520444 -0.181463 0.160567
v -0.516891 -0.169648 0.162294
v -0.523639 -0.174748 0.159267
v -0.535746 -0.164838 0.152788
v -0.547954 -0.170757 0.141028
v -0.455964 0.227996 0.159682
v -0.454383 0.252143 0.153427
v -0.46732 0.241011 0.141634
v -0.465448 0.265875 0.133148
v -0.47853 0.242222 0.126052
v -0.483462 0.263532 0.108766
v -0.489751 0.241347 0.109999
v -0.503573 0.24619 0.0849331
v -0.49891 0.229879 0.101759
v -0.510793 0.225306 0.0824444
v -0.507642 0.215261 0.0945738
v -0.521577 0.197482 0.0766376
v -0.51346 0.193895 0.0955714
v -0.520332 0.174995 0.0926232
v -0.508842 0.177136 0.11084
v -0.519805 0.153886 0.103912
v -0.507037 0.160074 0.120435
v -0.513191 0.126253 0.12474
v -0.498461 0.132217 0.141903
v -0.504515 0.106232 0.14169
v -0.489314 0.113911 0.157518
v -0.497105 0.0961432 0.152933
v -0.489617 0.0868501 0.161924
v -0.510367 0.083005 0.141611
v -0.492957 0.0654276 0.163056
v -0.506465 0.0603831 0.151723
v -0.494717 0.0401153 0.16485
v -0.512362 0.0451822 0.149256
v -0.510266 0.0251611 0.155411
v -0.521823 0.0361917 0.140333
v -0.524155 0.0128523 0.143203
v -0.531049 0.0275264 0.131309
v -0.535242 0.0107113 0.129942
v -0.546149 0.0117202 0.113373
v -0.536901 -0.00881671 0.131948
v -0.548739 -0.0154306 0.116052
v -0.538593 -0.0366513 0.1353
v -0.555655 -0.0336134 0.109416
v -0.554366 -0.0487357 0.115088
v -0.563984 -0.0686784 0.101412
v -0.535085 -0.735756 -0.0116192
v -0.540331 -0.721777 -0.0104422
v -0.537035 -0.725185 0.00207946
v -0.544109 -0.710298 -0.00849165
v -0.546654 -0.699794 0.000823911
v -0.555779 -0.679213 -0.0161593
v -0.56237 -0.658653 -0.0181996
v -0.550768 -0.669236 0.0223809
v -0.550117 -0.684067 0.0113838
v -0.537282 -0.698449 0.0307884
v -0.546194 -0.696543 0.00924269
v -0.53337 -0.717529 0.0208339
v -0.522776 -0.387751 0.145131
v -0.532473 -0.364994 0.143382
v -0.520781 -0.211898 -0.173885
v -0.505232 -0.217627 -0.186014
v -0.492038 -0.211618 -0.193514
v -0.479382 -0.221752 -0.198883
v -0.478597 -0.21145 -0.198928
v -0.478653 -0.201933 -0.198446
v -0.476624 -0.188312 -0.198704
v -0.494022 -0.194612 -0.191821
v -0.487689 -0.171542 -0.193929
v -0.507407 -0.178459 -0.182685
v -0.490872 -0.148505 -0.191205
v -0.50688 -0.154178 -0.181059
v -0.513662 -0.140782 -0.173504
v -0.523639 -0.147239 -0.163774
v -0.53504 -0.157956 -0.151925
v -0.546441 -0.163527 -0.138091
v -0.511039 -0.216629 0.163527
v -0.522955 -0.211865 0.158931
v -0.538392 -0.235731 0.150568
v -0.543492 -0.261077 0.146465
v -0.553962 -0.245899 0.136813
v -0.515916 -0.411213 -0.175914
v -0.532069 -0.424991 -0.158213
v -0.542943 -0.408063 -0.147194
v -0.512687 0.00267364 0.156823
v -0.513304 -0.0136258 0.158538
v -0.49882 0.00287538 0.165399
v -0.491029 -0.0165628 0.170432
v -0.484931 -0.0116416 0.172854
v -0.48474 -0.0193878 0.172999
v -0.479079 -0.00409721 0.174883
v -0.472308 -0.0148702 0.177607
v -0.472308 -0.00235966 0.177282
v -0.46741 0.00322297 0.178761
v -0.477734 0.0084244 0.174793
v -0.475301 0.0174149 0.17523
v -0.485828 0.00849162 0.171464
v -0.490738 0.0256319 0.168033
v -0.52476 -0.00546486 0.146095
v -0.550319 -0.6879 0.00343586
v -0.555397 -0.673383 0.00211309
v -0.558334 -0.664752 0.000734247
v -0.559624 -0.657465 0.00505012
v -0.546384 0.0354182 0.106187
v -0.557808 0.0135922 0.0913116
v -0.553794 -0.00378333 0.10436
v -0.544064 -0.599206 0.0792608
v -0.53819 -0.585014 0.0949773
v -0.530141 -0.597738 0.0985421
v -0.519335 -0.582391 0.111187
v -0.521689 -0.608107 0.102936
v -0.499571 -0.593063 0.117285
v -0.507755 -0.616279 0.108665
v -0.487218 -0.6086 0.119382
v -0.486881 -0.626772 0.115839
v -0.474337 -0.619104 0.121332
v -0.463105 -0.633319 0.122386
v -0.458867 -0.624451 0.125065
v -0.446592 -0.638352 0.125614
v -0.445942 -0.616313 0.12965
v -0.427625 -0.626693 0.131657
v -0.422995 -0.605282 0.136073
v -0.405171 -0.622591 0.136544
v -0.406516 -0.596718 0.140255
v -0.383155 -0.601706 0.143069
v -0.387067 -0.58451 0.145008
v -0.364916 -0.573546 0.148674
v -0.394746 -0.570217 0.146275
v -0.376328 -0.555722 0.150658
v -0.391338 -0.547337 0.150478
v -0.370196 -0.541217 0.153034
v -0.375991 -0.523897 0.15503
v -0.353728 -0.532495 0.15411
v -0.360847 -0.51142 0.156745
v -0.336633 -0.525511 0.15272
v -0.334469 -0.503954 0.154503
v -0.31965 -0.512149 0.146387
v -0.314157 -0.494235 0.145535
v -0.300861 -0.499874 0.136432
v -0.291434 -0.480862 0.132284
v -0.276872 -0.49104 0.120166
v -0.279092 -0.461412 0.125334
v -0.266368 -0.469954 0.114214
v -0.268991 -0.459136 0.117543
v -0.257456 -0.46538 0.107006
v -0.268823 -0.449821 0.11844
v -0.261436 -0.440864 0.113082
v -0.266996 -0.439194 0.117958
v -0.255618 -0.421358 0.109943
v -0.269451 -0.433779 0.12057
v -0.267736 -0.41748 0.121444
v -0.277589 -0.430562 0.127677
v -0.280257 -0.41628 0.13169
v -0.295783 -0.418993 0.1429
v -0.289326 -0.402761 0.140176
v -0.308025 -0.396125 0.154312
v -0.288116 -0.380778 0.142217
v -0.306601 -0.370196 0.156644
v -0.286344 -0.36468 0.142598
v -0.300279 -0.34513 0.155108
v -0.283318 -0.342754 0.142721
v -0.283576 -0.322228 0.145064
v -0.273924 -0.330624 0.136399
v -0.267545 -0.314437 0.133002
v -0.268397 -0.322508 0.132722
v -0.255113 -0.323954 0.120783
v -0.263442 -0.336666 0.126859
v -0.248578 -0.350455 0.111008
v -0.25888 -0.360174 0.120256
v -0.244912 -0.369546 0.104988
v -0.258095 -0.381126 0.116927
v -0.241101 -0.386473 0.0987327
v -0.257837 -0.402671 0.114147
v -0.245461 -0.408332 0.100907
v -0.244553 -0.432087 0.0978247
v -0.511297 -0.656445 -0.139975
v -0.51392 -0.675356 -0.130289
v -0.526756 -0.649001 -0.123429
v -0.527327 -0.672688 -0.11325
v -0.535993 -0.654248 -0.107465
v -0.538963 -0.669796 -0.0947868
v -0.546216 -0.649483 -0.0905718
v -0.551283 -0.662734 -0.0726581
v -0.553032 -0.640919 -0.0793169
v -0.553738 -0.615651 -0.0885428
v -0.542483 -0.633184 -0.104024
v -0.522059 -0.448677 0.136746
v -0.530802 -0.144436 0.155713
v -0.518427 -0.164188 0.161688
v -0.511813 -0.151655 0.164469
v -0.51031 -0.160825 0.165018
v -0.503685 -0.146454 0.167719
v -0.498574 -0.152406 0.169379
v -0.501914 -0.137508 0.168246
v -0.48205 -0.151095 0.174199
v -0.490996 -0.130491 0.172114
v -0.474954 -0.123047 0.176519
v -0.493585 -0.112588 0.171228
v -0.480122 -0.100168 0.175331
v -0.491948 -0.10269 0.171867
v -0.498461 -0.108172 0.169457
v -0.506533 -0.109988 0.16643
v -0.497352 -0.121971 0.169973
v -0.51207 -0.121579 0.163774
v -0.505457 -0.129011 0.166733
v -0.515759 -0.129 0.162697
v -0.511106 -0.139784 0.164782
v -0.557785 0.1189 -0.00453449
v -0.552068 0.134807 -0.0202734
v -0.543795 0.146151 -0.0366065
v -0.541531 0.161958 -0.0331314
v -0.528146 0.165421 -0.0583653
v -0.528549 0.187685 -0.0460454
v -0.517675 0.190184 -0.0645756
v -0.522529 0.207246 -0.0466619
v -0.515131 0.209152 -0.0598001
v -0.517048 0.228915 -0.044263
v -0.505737 0.228568 -0.0659433
v -0.508203 0.241762 -0.0540606
v -0.49428 0.246784 -0.0749674
v -0.499291 0.257647 -0.0605624
v -0.484213 0.260102 -0.0843278
v -0.222032 -0.868663 -0.0714922
v -0.224375 -0.878472 -0.0739585
v -0.226079 -0.877104 -0.087859
v -0.227693 -0.892305 -0.0785322
v -0.229543 -0.90097 -0.0787115
v -0.230776 -0.907382 -0.0775905
v -0.233254 -0.913234 -0.0855385
v -0.234229 -0.922628 -0.0775905
v -0.237401 -0.924198 -0.0929483
v -0.238298 -0.931663 -0.0864913
v -0.243253 -0.936596 -0.0972866
v -0.247423 -0.950429 -0.0891593
v -0.253353 -0.950407 -0.101457
v -0.266973 -0.968309 -0.0831731
v -0.274731 -0.962301 -0.109237
v -0.281513 -0.971728 -0.0971185
v -0.292701 -0.965686 -0.122442
v -0.301545 -0.980999 -0.0976117
v -0.315076 -0.976201 -0.119763
v -0.31984 -0.988353 -0.091491
v -0.331409 -0.981212 -0.117622
v -0.340579 -0.987669 -0.098374
v -0.351251 -0.981425 -0.118844
v -0.363571 -0.989294 -0.0956163
v -0.367999 -0.977367 -0.115806
v -0.380061 -0.980248 -0.102253
v -0.380128 -0.968847 -0.115537
v -0.389656 -0.972748 -0.101266
v -0.386641 -0.960238 -0.116546
v -0.403243 -0.959991 -0.0982507
v -0.396528 -0.947088 -0.11761
v -0.41757 -0.945463 -0.0954257
v -0.407761 -0.930834 -0.117566
v -0.422547 -0.930273 -0.102914
v -0.417872 -0.911104 -0.120873
v -0.435909 -0.902842 -0.1076
v -0.426392 -0.897013 -0.121814
v -0.443723 -0.882025 -0.111198
v -0.429295 -0.872911 -0.129437
v -0.447074 -0.865558 -0.116333
v -0.431504 -0.85187 -0.137284
v -0.449272 -0.843709 -0.122285
v -0.44629 -0.827511 -0.134291
v -0.463811 -0.817579 -0.122319
v -0.448734 -0.801918 -0.143338
v -0.461065 -0.802983 -0.1315
v -0.462399 -0.78461 -0.139123
v -0.476512 -0.796593 -0.119202
v -0.473407 -0.776707 -0.133753
v -0.486198 -0.778523 -0.118731
v -0.486825 -0.759522 -0.126702
v -0.50558 -0.753334 -0.106064
v -0.501656 -0.741518 -0.116355
v -0.511375 -0.728402 -0.109304
v -0.50947 -0.717618 -0.117095
v -0.528471 -0.724456 -0.0843166
v -0.524659 -0.70763 -0.100571
v -0.538762 -0.706464 -0.0737791
v -0.538762 -0.690647 -0.0847986
v -0.546575 -0.685939 -0.0687346
v -0.517552 -0.164951 -0.172349
v -0.528359 -0.168224 -0.161666
v -0.538493 -0.176575 -0.150467
v -0.542203 0.0102741 -0.099282
v -0.479797 0.156375 -0.134941
v -0.496432 0.143977 -0.118115
v -0.497251 0.126186 -0.12446
v -0.506353 0.141275 -0.105066
v -0.51225 0.12168 -0.104573
v -0.515635 0.13771 -0.0921636
v -0.522686 0.126332 -0.0859645
v -0.522204 0.147564 -0.0770076
v -0.532249 0.124482 -0.0698107
v -0.535208 0.141163 -0.0567622
v -0.541766 0.116288 -0.0562241
v -0.54458 0.12983 -0.0433213
v -0.487352 0.166229 -0.121142
v -0.498271 0.162709 -0.107622
v -0.498618 0.180185 -0.0994838
v -0.509245 0.157843 -0.0931837
v -0.516543 0.173168 -0.074575
v -0.540589 0.185387 0.0190739
v -0.543627 0.169255 0.0277281
v -0.538818 0.176979 0.0402722
v -0.54051 0.163628 0.0477045
v -0.532473 0.179266 0.0611901
v -0.534905 0.169479 0.0618852
v -0.528022 0.17458 0.0767385
v -0.537203 0.156319 0.0656293
v -0.536665 0.150927 0.0707187
v -0.539367 0.149974 0.0633873
v -0.54301 0.137946 0.0629277
v -0.545476 0.14549 0.0465274
v -0.546945 0.132677 0.0534216
v -0.551777 0.129482 0.0363711
v -0.547102 0.156218 0.0278178
v -0.349659 -0.630202 0.140064
v -0.38265 -0.638924 0.136533
v -0.404174 -0.644192 0.132553
v -0.416101 -0.639271 0.131702
v -0.424946 -0.661187 0.126029
v -0.43536 -0.64741 0.126466
v -0.445146 -0.66029 0.12187
v -0.449933 -0.653284 0.121859
v -0.458498 -0.652219 0.119785
v -0.460437 -0.644069 0.121086
v -0.477017 -0.643251 0.116063
v -0.505367 -0.638643 0.105089
v -0.524323 -0.642926 0.0901682
v -0.525298 -0.627747 0.0941141
v -0.539916 -0.639372 0.0676584
v -0.535354 -0.618073 0.085303
v -0.484191 -0.835974 -0.00916425
v -0.497127 -0.816558 -0.0211478
v -0.487576 -0.837488 -0.0293424
v -0.493832 -0.826278 -0.040956
v -0.488395 -0.838014 -0.0421555
v -0.493081 -0.828127 -0.0514038
v -0.482992 -0.850189 -0.0540382
v -0.487677 -0.836692 -0.0727029
v -0.476546 -0.857924 -0.0730392
v -0.473564 -0.848642 -0.0891817
v -0.461603 -0.870288 -0.093307
v -0.465773 -0.85076 -0.100179
v -0.458172 -0.848115 -0.111019
v -0.465201 -0.832409 -0.113194
v -0.479886 -0.823576 -0.0995847
v -0.495065 -0.798174 -0.0949661
v -0.497598 -0.780484 -0.103284
v -0.510187 -0.784049 -0.0776802
v -0.511275 -0.764364 -0.0908969
v -0.519368 -0.767952 -0.0685552
v -0.519705 -0.743435 -0.0883746
v -0.527776 -0.744197 -0.0680844
v -0.539266 -0.719939 -0.0589482
v -0.547842 0.120727 0.0600804
v -0.549568 0.111703 0.0619636
v -0.551115 0.104248 0.0628492
v -0.54236 0.12428 0.0729495
v -0.503472 -0.570318 0.121579
v -0.487924 -0.580418 0.124819
v -0.489774 -0.567101 0.127184
v -0.474046 -0.576596 0.129684
v -0.473631 -0.565464 0.132049
v -0.4575 -0.567897 0.135423
v -0.467936 -0.555184 0.135748
v -0.459383 -0.538728 0.140927
v -0.476714 -0.553985 0.133742
v -0.483418 -0.541105 0.134582
v -0.489303 -0.549288 0.131309
v -0.494773 -0.53597 0.132621
v -0.501051 -0.548413 0.128215
v -0.51531 -0.530937 0.125861
v -0.518774 -0.56163 0.117913
v -0.526733 -0.536934 0.11909
v -0.531352 -0.549422 0.113295
v -0.538986 -0.565318 0.101457
v -0.484213 -0.684123 -0.157249
v -0.482162 -0.700837 -0.153315
v -0.496948 -0.692194 -0.142463
v -0.492834 -0.72134 -0.134986
v -0.505793 -0.698685 -0.130121
v -0.517552 -0.69299 -0.117947
v -0.53022 -0.691364 -0.0999434
v -0.447556 -0.692788 0.113317
v -0.450011 -0.687777 0.114023
v -0.438095 -0.673271 0.120559
v -0.447175 -0.678495 0.117005
v -0.447366 -0.6677 0.119572
v -0.462017 -0.684818 0.111232
v -0.468441 -0.66344 0.114573
v -0.477857 -0.683775 0.10584
v -0.486646 -0.671545 0.105481
v -0.497643 -0.687844 0.0943944
v -0.511084 -0.670783 0.09037
v -0.515097 -0.688427 0.0783976
v -0.523763 -0.662622 0.0807405
v -0.533347 -0.655705 0.0698555
v -0.428286 -0.312722 -0.203749
v -0.416919 -0.332855 -0.202964
v -0.443353 -0.32855 -0.204197
v -0.44527 -0.34874 -0.204276
v -0.46519 -0.334996 -0.20376
v -0.465605 -0.359591 -0.203771
v -0.474864 -0.34976 -0.202448
v -0.482532 -0.358896 -0.200128
v -0.493484 -0.373884 -0.194769
v -0.508472 -0.345534 -0.185577
v -0.507329 -0.371126 -0.18588
v -0.519133 -0.360095 -0.176015
v -0.515893 -0.386596 -0.177349
v -0.532417 -0.378827 -0.161868
v -0.532921 -0.393132 -0.160388
v -0.529906 -0.408389 -0.162372
v -0.539703 -0.202078 -0.152676
v -0.526341 -0.188301 -0.166296
v -0.51503 -0.199029 -0.178403
v -0.506791 -0.0661898 0.16587
v -0.533269 -0.3644 -0.161778
v -0.516476 -0.117297 0.162327
v -0.537876 0.111714 0.0905606
v -0.53689 0.0868501 0.103362
v -0.530332 0.0758418 0.117297
v -0.536531 0.0509442 0.116747
v -0.522115 0.0584774 0.134179
v -0.499482 -0.815236 -0.0431308
v -0.507385 -0.80055 -0.0334677
v -0.504941 -0.805438 -0.0508881
v -0.513079 -0.791257 -0.0444536
v -0.513943 -0.788287 -0.056751
v -0.522148 -0.770967 -0.0474915
v -0.528202 -0.753255 -0.0547444
v -0.537596 0.178593 -0.0308445
v -0.537585 0.191709 -0.0197466
v -0.531923 0.207112 -0.0254861
v -0.525197 0.220194 -0.0325821
v -0.519783 0.240215 -0.0311808
v -0.51086 0.257893 -0.0383665
v -0.529132 0.227716 -0.0106328
v -0.491567 -0.392806 0.157092
v -0.506622 -0.391921 0.151846
v -0.487307 -0.53124 0.135692
v -0.474023 -0.531251 0.138999
v -0.487274 -0.524233 0.137038
v -0.483003 -0.514178 0.139907
v -0.507116 -0.51892 0.131489
v -0.432098 -0.691219 -0.188324
v -0.434082 -0.678226 -0.189792
v -0.419778 -0.677341 -0.19255
v -0.438768 -0.663182 -0.191081
v -0.420193 -0.653216 -0.195263
v -0.440348 -0.652006 -0.192617
v -0.434116 -0.628308 -0.197146
v -0.446772 -0.64065 -0.192337
v -0.446525 -0.623375 -0.195106
v -0.464114 -0.630438 -0.185925
v -0.454955 -0.61527 -0.192976
v -0.472824 -0.616492 -0.182943
v -0.455538 -0.604755 -0.194982
v -0.48066 -0.603141 -0.179894
v -0.473239 -0.584454 -0.188525
v -0.492419 -0.584185 -0.173616
v -0.486556 -0.561641 -0.182371
v -0.49817 -0.561675 -0.172517
v -0.489987 -0.545645 -0.181833
v -0.51123 -0.556765 -0.160926
v -0.50364 -0.529031 -0.171979
v -0.517496 -0.539367 -0.156947
v -0.532249 -0.538224 -0.139638
v -0.526913 -0.604161 -0.135726
v -0.523023 -0.581988 -0.143786
v -0.525646 -0.55579 -0.145378
v -0.511712 -0.764723 0.0222576
v -0.519391 -0.757706 0.00989287
v -0.518527 -0.745184 0.029589
v -0.527036 -0.742191 0.00937721
v -0.524547 -0.729961 0.0315844
v -0.532193 0.141589 0.0870742
v -0.526823 0.129639 0.103093
v -0.527148 0.10723 0.111411
v -0.518796 0.0923878 0.128338
v -0.528381 -0.751663 -0.00705676
v -0.528191 -0.754186 -0.0153522
v -0.514671 0.237782 0.0660553
v -0.511768 0.249788 0.0636115
v -0.517608 0.240641 0.0524351
v -0.51827 0.249093 0.0396332
v -0.523437 0.229655 0.0422676
v -0.529569 0.207201 0.0429626
v -0.533997 0.192001 0.042772
v -0.501611 -0.658093 0.10149
v -0.489146 -0.557247 0.12965
v -0.519301 0.226976 0.0617282
v -0.52504 0.213759 0.0539372
v -0.519581 0.218243 0.0677929
v -0.523572 0.209399 0.0627708
v -0.526901 0.199792 0.0602709
v -0.529233 0.189007 0.0630847
v -0.495749 -0.297532 -0.193973
v -0.496388 -0.159413 0.170174
v -0.519088 -0.777884 -0.0320552
v -0.516072 -0.784901 -0.0383441
v -0.441167 -0.595529 0.133708
v -0.459349 -0.58914 0.130749
v -0.436537 -0.57284 0.138708
v -0.445819 -0.553492 0.140939
v -0.441985 -0.530522 0.145905
v -0.464013 -0.518191 0.143618
v -0.439777 -0.509257 0.149671
v -0.45908 -0.500412 0.147474
v -0.430697 -0.492072 0.153752
v -0.456457 -0.483361 0.150602
v -0.434396 -0.472207 0.15587
v -0.442198 -0.453565 0.157664
v -0.457208 -0.44231 0.157373
v -0.433185 -0.42721 0.163179
v -0.449832 -0.415372 0.162821
v -0.434104 -0.396125 0.167876
v -0.450639 -0.394892 0.165915
v -0.442658 -0.371238 0.169861
v -0.450942 -0.354849 0.170589
v -0.469865 -0.35347 0.167327
v -0.470414 -0.339121 0.168695
v -0.486848 -0.354143 0.162776
v -0.489549 -0.342484 0.163112
v -0.496757 -0.347417 0.160366
v -0.498887 -0.330669 0.161027
v -0.481075 -0.762649 0.0718958
v -0.492117 -0.743861 0.072871
v -0.495737 -0.730174 0.0773775
v -0.502071 -0.711341 0.0809087
v -0.496746 -0.606011 -0.166643
v -0.509245 -0.602043 -0.155545
v -0.509201 -0.578512 -0.159357
v -0.237917 -0.0714698 0.148023
v -0.253151 -0.0774896 0.160007
v -0.242098 -0.0825229 0.149604
v -0.249082 -0.100728 0.151947
v -0.240361 -0.0955154 0.145299
v -0.233489 -0.105291 0.13678
v -0.231045 -0.0850563 0.138876
v -0.219499 -0.0890023 0.124931
v -0.21627 -0.0698668 0.126153
v -0.207852 -0.0841371 0.111916
v -0.204847 -0.056381 0.115301
v -0.197314 -0.0795971 0.097948
v -0.190061 -0.0599682 0.092881
v -0.185263 -0.067748 0.081088
v -0.179849 -0.0544641 0.0748552
v -0.178986 -0.0641048 0.0685103
v -0.175253 -0.048164 0.0668288
v -0.174692 -0.0674229 0.0535225
v -0.168829 -0.0532198 0.0402946
v -0.171834 -0.0707187 0.0316628
v -0.169222 -0.0583988 0.0165965
v -0.171172 -0.0664477 0.00272963
v -0.164491 -0.0343421 0.0133344
v -0.168134 -0.0439266 -0.00652989
v -0.161106 -0.0157669 0.00509495
v -0.167832 -0.0313377 -0.0197017
v -0.165108 -0.0137715 -0.0231656
v -0.171239 -0.029376 -0.0382656
v -0.167574 -0.0064626 -0.0411017
v -0.173694 -0.0188721 -0.0555515
v -0.16976 0.00185532 -0.0564371
v -0.178358 -0.0149486 -0.0743732
v -0.170701 0.0141192 -0.0671988
v -0.175847 0.0135474 -0.0827808
v -0.173156 0.0337704 -0.0879262
v -0.182225 0.000924874 -0.0931837
v -0.183032 0.0221679 -0.106479
v -0.188514 -0.00223633 -0.107308
v -0.193816 0.0135922 -0.120761
v -0.197146 0.00272973 -0.122027
v -0.208726 0.0216299 -0.134493
v -0.216551 -0.00247179 -0.136455
v -0.232592 0.0117426 -0.147272
v -0.238029 -0.00635048 -0.148192
v -0.251201 0.00538644 -0.155702
v -0.264608 -0.00827858 -0.16087
v -0.268946 0.0134017 -0.164726
v -0.283889 0.00288659 -0.170006
v -0.291613 0.0292975 -0.174838
v -0.300637 0.0105319 -0.176811
v -0.310827 0.0271004 -0.181116
v -0.315132 0.0041197 -0.181228
v -0.336779 0.0202846 -0.188055
v -0.334514 -0.00582356 -0.186351
v -0.352092 0.00757247 -0.191025
v -0.354726 -0.0176951 -0.190622
v -0.371989 -0.00230364 -0.194164
v -0.370588 -0.0322905 -0.193301
v -0.391136 -0.0275823 -0.196238
v -0.384107 -0.0456754 -0.195139
v -0.399712 -0.0456417 -0.196888
v -0.39404 -0.0676584 -0.196395
v -0.419464 -0.0577038 -0.19811
v -0.425439 -0.0820073 -0.198648
v -0.441772 -0.0718958 -0.198166
v -0.451771 -0.098004 -0.198536
v -0.461412 -0.0769515 -0.196473
v -0.471546 -0.0883521 -0.194601
v -0.48177 -0.0763573 -0.18912
v -0.494852 -0.0674677 -0.179087
v -0.508046 -0.0583652 -0.16448
v -0.521913 -0.065024 -0.150165
v -0.427132 0.379242 0.130861
v -0.430248 0.391114 0.119942
v -0.44138 0.379612 0.110066
v -0.442198 0.398613 0.0960871
v -0.448319 0.379433 0.0986991
v -0.454899 0.383424 0.0832292
v -0.462903 0.357652 0.087276
v -0.467152 0.364008 0.0721536
v -0.477487 0.342731 0.0679835
v -0.478978 0.356889 0.0460566
v -0.482835 0.345545 0.0486013
v -0.48492 0.350937 0.0317974
v -0.490939 0.334391 0.033165
v -0.496287 0.330266 0.0115071
v -0.49891 0.318372 0.0215065
v -0.508203 0.297734 0.00304351
v -0.503775 0.301613 0.0259457
v -0.512194 0.28352 0.0135474
v -0.504694 0.292106 0.0373239
v -0.515232 0.271334 0.0200604
v -0.511958 0.268722 0.0408999
v -0.405138 0.308092 -0.164087
v -0.423455 0.300649 -0.147059
v -0.433992 0.280538 -0.142788
v -0.443476 0.277343 -0.13224
v -0.455874 0.271189 -0.118631
v -0.445314 0.252557 -0.140031
v -0.462197 0.248589 -0.120278
v -0.461188 0.228512 -0.129818
v -0.473721 0.230608 -0.112431
v -0.475032 0.211293 -0.119135
v -0.487677 0.218299 -0.0986767
v -0.485682 0.201294 -0.1089
v -0.496432 0.198155 -0.0949325
v -0.506006 0.197045 -0.0805836
v -0.508259 -0.0323915 -0.158942
v -0.502934 -0.0126954 -0.159088
v -0.502239 0.00521828 -0.155321
v -0.491444 -0.00860367 -0.169816
v -0.481624 0.00179921 -0.176564
v -0.484606 -0.0221566 -0.178728
v -0.465358 -0.014276 -0.189534
v -0.476759 -0.0343757 -0.186283
v -0.459742 -0.0329296 -0.193548
v -0.465784 -0.0447113 -0.192628
v -0.460706 -0.0441396 -0.19413
v -0.458755 -0.0568518 -0.195666
v -0.449653 -0.0413259 -0.196115
v -0.439945 -0.0519531 -0.197482
v -0.432602 -0.027246 -0.197471
v -0.417457 -0.0371558 -0.19783
v -0.41748 -0.00751628 -0.19774
v -0.395351 -0.00771813 -0.196866
v -0.389679 0.0114063 -0.196563
v -0.371608 0.0222128 -0.194949
v -0.39886 0.0268986 -0.197247
v -0.391607 0.043568 -0.196888
v -0.416942 0.0443639 -0.196574
v -0.403815 0.0581859 -0.196854
v -0.420697 0.0697211 -0.19533
v -0.402884 0.0842381 -0.196305
v -0.420125 0.0889799 -0.194366
v -0.423399 0.106591 -0.192931
v -0.427524 0.0987551 -0.192236
v -0.431055 0.0897983 -0.191821
v -0.435147 0.0766713 -0.191731
v -0.454103 0.066089 -0.184949
v -0.433432 0.0639254 -0.193222
v -0.439575 0.053814 -0.192292
v -0.438622 0.0406085 -0.193727
v -0.426044 0.0272013 -0.196664
v -0.442546 0.0276497 -0.193704
v -0.438992 0.014646 -0.195677
v -0.457545 0.0265286 -0.188099
v -0.46843 0.0125386 -0.184266
v -0.478788 0.0331426 -0.172316
v -0.493518 0.0232553 -0.160567
v -0.488507 0.0473234 -0.15994
v -0.503147 0.0368644 -0.145994
v -0.500838 0.0548902 -0.143921
v -0.47779 -0.0236812 0.175768
v -0.469551 -0.0214729 0.178784
v -0.45148 -0.0240399 0.184153
v -0.462432 -0.0357321 0.181463
v -0.441335 -0.0470767 0.185936
v -0.489863 -0.652017 0.108687
v -0.490368 -0.523875 -0.184254
v -0.498921 -0.49206 -0.181788
v -0.481377 -0.495737 -0.193637
v -0.485783 -0.474416 -0.193021
v -0.469315 -0.490895 -0.199242
v -0.469102 -0.481131 -0.199713
v -0.454832 -0.473059 -0.202639
v -0.472308 -0.468217 -0.199534
v -0.467578 -0.459787 -0.201339
v -0.473553 -0.449899 -0.200094
v -0.457522 -0.441133 -0.203166
v -0.473317 -0.437366 -0.200576
v -0.469506 -0.426448 -0.20209
v -0.475783 -0.415462 -0.200778
v -0.492632 -0.0650912 0.171632
v -0.487958 -0.0608202 0.173224
v -0.505647 -0.802613 -0.0618852
v -0.499571 -0.815056 -0.053175
v -0.507396 0.263498 0.064172
v -0.504179 0.275841 0.060753
v -0.50456 0.270325 0.0650576
v -0.495502 0.283105 0.0761332
v -0.49817 0.263431 0.0843166
v -0.490547 0.281726 0.086794
v -0.478552 0.283475 0.106154
v -0.466927 0.281681 0.124202
v -0.469192 0.300335 0.111131
v -0.455695 0.300951 0.13076
v -0.455594 0.320098 0.121422
v -0.44073 0.313036 0.144963
v -0.437154 0.326667 0.143629
v -0.427883 0.309392 0.161733
v -0.422637 0.330781 0.159861
v -0.433634 -0.115155 0.184535
v -0.454843 -0.123787 0.180521
v -0.436212 -0.13891 0.182954
v -0.461939 -0.147474 0.178492
v -0.439272 -0.157059 0.182046
v -0.450494 -0.172159 0.180174
v -0.430618 -0.179625 0.183324
v -0.455583 -0.192819 0.179512
v -0.438364 -0.204522 0.181732
v -0.46714 -0.21506 0.176688
v -0.451133 -0.230003 0.179131
v -0.469584 -0.243645 0.174939
v -0.469517 -0.26416 0.173885
v -0.481467 -0.273004 0.170522
v -0.490065 -0.282948 0.167719
v -0.497834 -0.290526 0.164715
v -0.500479 -0.2801 0.164648
v -0.491276 0.235002 -0.0851125
v -0.500692 0.214992 -0.0802137
v -0.449316 0.00548735 -0.193525
v -0.453879 -0.0103637 -0.193278
v -0.439586 0.00149662 -0.195823
v -0.439261 -0.0110363 -0.196462
v -0.359569 0.607468 -0.0134129
v -0.366822 0.604968 0.0156324
v -0.354591 0.623476 0.00733698
v -0.359883 0.614811 0.0161481
v -0.355398 0.620113 0.0257551
v -0.359031 0.613634 0.0248807
v -0.35838 0.610472 0.0363823
v -0.364692 0.604711 0.0260914
v -0.368828 0.597984 0.0259121
v -0.370633 0.597222 0.0186816
v -0.376193 0.58905 0.0152176
v -0.371149 0.593355 -0.00297628
v -0.363234 0.592211 -0.0295442
v -0.344424 0.606515 -0.0508881
v -0.35856 0.586214 -0.0468861
v -0.353 0.583613 -0.0601589
v -0.367214 0.568939 -0.0512132
v -0.361396 0.56311 -0.0670194
v -0.37755 0.550173 -0.0526033
v -0.373974 0.541183 -0.0673109
v -0.389242 0.528617 -0.054083
v -0.375879 0.521767 -0.0811665
v -0.388502 0.509773 -0.0714922
v -0.378043 0.500356 -0.094372
v -0.394746 0.491623 -0.0766489
v -0.382729 0.479113 -0.102555
v -0.397918 0.474988 -0.0845183
v -0.396708 0.457567 -0.0981946
v -0.413624 0.457085 -0.0736558
v -0.411034 0.443947 -0.0867379
v -0.426784 0.45083 -0.056538
v -0.431829 0.431504 -0.0621655
v -0.438106 0.441503 -0.0436128
v -0.442164 0.422693 -0.0510787
v -0.446671 0.433499 -0.0337031
v -0.45213 0.411393 -0.0414605
v -0.460459 0.405934 -0.0280196
v -0.464271 0.385811 -0.0387028
v -0.469629 0.389399 -0.0204304
v -0.472835 0.374758 -0.0291518
v -0.480054 0.366429 -0.0165629
v -0.481086 0.347137 -0.0363038
v -0.48798 0.345209 -0.0183341
v -0.489863 0.325972 -0.0334789
v -0.495928 0.325311 -0.0165965
v -0.498204 0.302722 -0.0329632
v -0.504515 0.301131 -0.0174597
v -0.487464 -0.708942 0.0928026
v -0.499302 0.203704 0.113799
v -0.487218 0.188817 0.136174
v -0.495177 0.175219 0.130625
v -0.481108 0.169939 0.151073
v -0.493473 0.155422 0.14021
v -0.483451 0.145748 0.155781
v -0.476837 0.129538 0.165534
v -0.473743 0.104472 0.170152
v -0.47232 0.0836216 0.172271
v -0.478463 0.0631968 0.171284
v -0.479068 0.0479511 0.172349
v -0.468474 0.0516841 0.176194
v -0.475649 0.0366625 0.174479
v -0.469865 0.0401265 0.176374
v -0.466714 0.0351156 0.177775
v -0.457455 0.0460454 0.180645
v -0.454888 0.0349586 0.181743
v -0.433017 0.0374248 0.187326
v -0.449955 0.0192982 0.183021
v -0.428858 0.0137156 0.188503
v -0.450673 -0.00034185 0.183862
v -0.421359 -0.00509495 0.190162
v -0.438958 -0.0178071 0.186664
v -0.420473 -0.0313265 0.190207
v -0.418399 -0.0513365 0.189971
v -0.505288 0.280056 0.0519306
v -0.499482 0.289629 0.0613023
v -0.494168 0.302173 0.0639478
v -0.484393 0.311522 0.0788236
v -0.487352 0.320434 0.0643514
v -0.482554 0.337171 0.0597329
v -0.488585 0.328797 0.0512244
v -0.496533 0.314314 0.04053
v -0.453666 0.0453616 -0.187774
v -0.471557 0.0527266 -0.174849
v -0.46723 0.0252171 0.177865
v -0.473945 0.026439 0.175454
v -0.492442 -0.822724 -0.0754494
v -0.49984 -0.806144 -0.0777138
v -0.478182 -0.722674 -0.149144
v -0.487801 -0.741081 -0.133103
v -0.464394 -0.0687682 -0.195117
v -0.465571 -0.0592844 -0.194041
v -0.482734 -0.0501594 -0.185218
v -0.497991 -0.0413932 -0.171105
v -0.376787 0.581797 -0.0121237
v -0.376204 0.572818 -0.0287819
v -0.387504 0.566013 -0.00789752
v -0.394566 0.547562 -0.0213272
v -0.400553 0.546284 0.000924814
v -0.404846 0.532159 -0.0150944
v -0.41146 0.525837 0.00857007
v -0.415417 0.516039 -0.00481473
v -0.42267 0.503024 0.0114959
v -0.426661 0.492834 -0.00871586
v -0.431941 0.482924 0.0133904
v -0.434968 0.476176 -0.00726975
v -0.443028 0.461188 -0.000700652
v -0.435315 0.46158 -0.0306652
v -0.447411 0.445718 -0.0151056
v -0.456121 0.422513 -0.019769
v -0.466827 0.403277 -0.00914183
v -0.479819 0.374882 -0.000218603
v -0.487958 0.355073 0.00553215
v -0.493876 0.338393 -0.00161986
v -0.501858 0.315356 -0.00401882
v -0.44036 0.200767 0.175824
v -0.450437 0.206024 0.169603
v -0.462074 0.201854 0.16152
v -0.467499 0.222559 0.148629
v -0.48001 0.204881 0.139078
v -0.485099 0.219958 0.126836
v -0.259799 -0.675289 0.0873208
v -0.273957 -0.683719 0.0967373
v -0.261974 -0.695321 0.0860205
v -0.279192 -0.699346 0.0979704
v -0.260942 -0.708191 0.0832292
v -0.281356 -0.714547 0.0968382
v -0.2687 -0.72968 0.0852582
v -0.292869 -0.731642 0.100268
v -0.276345 -0.744691 0.0869285
v -0.303698 -0.752807 0.101109
v -0.290346 -0.764835 0.0900561
v -0.307946 -0.775361 0.0962441
v -0.301321 -0.793028 0.0883073
v -0.322755 -0.795932 0.0955042
v -0.315199 -0.817354 0.0879374
v -0.333651 -0.812299 0.0932061
v -0.332384 -0.833833 0.0869397
v -0.353033 -0.815067 0.0924326
v -0.352024 -0.840324 0.0848546
v -0.367931 -0.827791 0.0864352
v -0.373514 -0.841736 0.0804939
v -0.37987 -0.836994 0.0806284
v -0.374534 -0.84853 0.0771869
v -0.380812 -0.851108 0.0747319
v -0.38209 -0.860569 0.0710438
v -0.388379 -0.845256 0.0744405
v -0.397089 -0.859314 0.0670082
v -0.410462 -0.839135 0.0698892
v -0.424284 -0.84761 0.06054
v -0.433622 -0.836692 0.0623
v -0.456771 -0.820684 0.0560559
v -0.47946 -0.812568 0.036102
v -0.47501 -0.369859 -0.202314
v -0.477308 -0.379197 -0.201383
v -0.478855 -0.38691 -0.200722
v -0.404487 -0.493215 0.157283
v -0.413635 -0.463217 0.160141
v -0.398983 -0.47121 0.160792
v -0.415597 -0.447388 0.16226
v -0.381709 -0.446256 0.165231
v -0.39608 -0.431649 0.166688
v -0.379702 -0.415115 0.169356
v -0.401214 -0.414319 0.168684
v -0.400878 -0.398255 0.170724
v -0.41822 -0.406931 0.168157
v -0.415597 -0.383244 0.171217
v -0.427345 -0.371104 0.171665
v -0.43286 -0.349446 0.17328
v -0.436257 -0.331218 0.175096
v -0.464159 -0.320614 0.171576
v -0.485043 -0.327407 0.165892
v -0.487722 0.305592 -0.0523006
v -0.478877 0.306433 -0.066728
v -0.483956 0.318742 -0.0507088
v -0.472869 0.327474 -0.0639703
v -0.476445 0.336902 -0.0523679
v -0.460448 0.355511 -0.0671091
v -0.470784 0.359333 -0.0468189
v -0.45991 0.372696 -0.0561457
v -0.455942 0.388289 -0.052054
v -0.447052 0.404364 -0.0561345
v -0.43267 0.413063 -0.0741154
v -0.419453 0.423769 -0.0877805
v -0.407873 0.426661 -0.102017
v -0.394623 0.437288 -0.113183
v -0.407357 0.410261 -0.112577
v -0.394208 0.41396 -0.12715
v -0.402167 0.397089 -0.126332
v -0.392268 0.391551 -0.141073
v -0.410743 0.383412 -0.123137
v -0.409801 0.367987 -0.132049
v -0.426594 0.360398 -0.11464
v -0.42054 0.347125 -0.128921
v -0.43768 0.332866 -0.113788
v -0.478552 0.24452 -0.0996968
v -0.487498 -0.504806 0.140019
v -0.479685 -0.498921 0.14308
v -0.493092 0.315592 0.0524912
v -0.498943 0.296983 0.0544193
v -0.493675 0.308294 0.0585334
v -0.485088 -0.243376 0.17115
v -0.496163 -0.246672 0.16782
v -0.492453 -0.255831 0.168381
v -0.495513 -0.262344 0.16698
v -0.495782 -0.27194 0.166464
v -0.475683 -0.546732 -0.191933
v -0.469371 -0.565139 -0.193447
v -0.456681 -0.57599 -0.197572
v -0.451996 -0.587548 -0.197863
v -0.438768 -0.585003 -0.200318
v -0.446861 -0.592985 -0.198749
v -0.433118 -0.597525 -0.200027
v -0.477622 -0.735263 0.0873657
v -0.368772 -0.963937 -0.128215
v -0.349693 -0.968197 -0.134683
v -0.365151 -0.96072 -0.13317
v -0.359199 -0.957536 -0.138439
v -0.372841 -0.953971 -0.131836
v -0.363369 -0.950777 -0.139818
v -0.372752 -0.945441 -0.137407
v -0.364277 -0.940362 -0.144369
v -0.376204 -0.935968 -0.139605
v -0.364837 -0.926496 -0.149234
v -0.376742 -0.918155 -0.147373
v -0.370386 -0.897204 -0.157922
v -0.384646 -0.904199 -0.149638
v -0.383278 -0.894906 -0.154077
v -0.392011 -0.893796 -0.150422
v -0.391114 -0.885568 -0.154223
v -0.400822 -0.883505 -0.149873
v -0.402189 -0.87586 -0.151577
v -0.408478 -0.878393 -0.146454
v -0.408075 -0.870412 -0.14901
v -0.417031 -0.870882 -0.141936
v -0.414722 -0.859885 -0.148192
v -0.420417 -0.848742 -0.147687
v -0.433252 -0.830123 -0.144021
v -0.415686 -0.83232 -0.155927
v -0.431156 -0.816962 -0.152765
v -0.407144 -0.815482 -0.166184
v -0.427916 -0.799598 -0.160635
v -0.409577 -0.800427 -0.169121
v -0.4173 -0.787289 -0.169827
v -0.408007 -0.784823 -0.174031
v -0.41859 -0.776314 -0.172865
v -0.409543 -0.762021 -0.180006
v -0.422154 -0.768052 -0.174165
v -0.422614 -0.754634 -0.178066
v -0.433947 -0.76238 -0.170085
v -0.44509 -0.742247 -0.169872
v -0.45055 -0.764185 -0.158449
v -0.465022 -0.746081 -0.153001
v -0.471142 -0.758771 -0.1429
v -0.474674 -0.176486 -0.198872
v -0.473822 -0.167619 -0.198693
v -0.47464 -0.153258 -0.19774
v -0.473306 -0.138629 -0.19728
v -0.475447 -0.594554 0.125188
v -0.466076 -0.608343 0.12585
v -0.460953 -0.616817 0.12585
v -0.432894 0.179524 0.18069
v -0.42999 0.158 0.183335
v -0.443498 0.167081 0.177786
v -0.449653 0.156857 0.176665
v -0.45806 0.165253 0.171744
v -0.470302 0.159379 0.164906
v -0.465504 0.179591 0.16448
v -0.472398 0.191855 0.15364
v -0.435831 0.221035 -0.163101
v -0.450471 0.210923 -0.150344
v -0.454843 0.193469 -0.151465
v -0.466558 0.202381 -0.133798
v -0.47084 0.178952 -0.137295
v -0.479909 0.187102 -0.122644
v -0.447613 0.229027 -0.147003
v -0.4324 0.245091 -0.158572
v -0.417457 0.251022 -0.17171
v -0.407738 0.268666 -0.175454
v -0.390262 0.263958 -0.188537
v -0.478889 0.37311 0.0196008
v -0.475144 0.375039 0.0335461
v -0.467712 0.396663 0.027829
v -0.47158 0.37718 0.0438818
v -0.465952 0.388379 0.0477829
v -0.468329 0.380218 0.0504397
v -0.462309 0.396495 0.0490272
v -0.463934 0.379904 0.0647774
v -0.457253 0.396842 0.0642393
v -0.44861 0.40766 0.075483
v -0.437815 0.412447 0.0933406
v -0.421179 0.418993 0.115761
v -0.427502 0.429004 0.0986206
v -0.416135 0.442445 0.107622
v -0.422861 0.445449 0.0932958
v -0.411908 0.460986 0.100627
v -0.426112 0.456043 0.0775008
v -0.415843 0.48168 0.0729495
v -0.427277 0.466277 0.061448
v -0.424015 0.482005 0.0487021
v -0.428791 0.471591 0.0488703
v -0.429811 0.475021 0.0397901
v -0.435831 0.461356 0.0425702
v -0.43805 0.466692 0.0235019
v -0.442209 0.451234 0.0369876
v -0.445494 0.45111 0.0228965
v -0.448263 0.435562 0.0403394
v -0.454193 0.433107 0.0183677
v -0.456625 0.418668 0.0369316
v -0.461547 0.414218 0.0224706
v -0.469842 0.399028 0.00674284
v -0.480402 0.298855 0.0938899
v -0.47279 0.313989 0.0976902
v -0.236415 -0.515691 -0.141253
v -0.236034 -0.502463 -0.139436
v -0.228994 -0.512138 -0.128888
v -0.227211 -0.49632 -0.122879
v -0.222178 -0.518752 -0.11297
v -0.218311 -0.500311 -0.0969727
v -0.216315 -0.529984 -0.0960984
v -0.212324 -0.50864 -0.0765704
v -0.210363 -0.53143 -0.07212
v -0.209085 -0.515467 -0.0619301
v -0.206641 -0.522092 -0.047357
v -0.206192 -0.502049 -0.0375482
v -0.204825 -0.52624 -0.0319431
v -0.203995 -0.514167 -0.0156885
v -0.203267 -0.541138 -0.0194887
v -0.203311 -0.523157 -0.00177681
v -0.202986 -0.545958 0.00215793
v -0.204287 -0.527809 0.0125721
v -0.207123 -0.541306 0.0271115
v -0.209309 -0.525377 0.0333667
v -0.212055 -0.528381 0.0395547
v -0.210945 -0.518404 0.0381086
v -0.218512 -0.522316 0.05387
v -0.212235 -0.509806 0.0412811
v -0.21821 -0.501017 0.0538588
v -0.211315 -0.50206 0.0391624
v -0.211663 -0.493888 0.0409336
v -0.206405 -0.485413 0.0239055
v -0.20978 -0.472611 0.036528
v -0.205094 -0.468362 0.0145002
v -0.208782 -0.443846 0.0356648
v -0.20561 -0.449316 0.0187264
v -0.205217 -0.433869 0.0176951
v -0.204399 -0.459204 -0.000341934
v -0.204253 -0.423724 0.000128914
v -0.205161 -0.452567 -0.0134241
v -0.205587 -0.427289 -0.018917
v -0.206731 -0.454765 -0.0316965
v -0.207717 -0.438532 -0.038445
v -0.208748 -0.46538 -0.0490049
v -0.211046 -0.44231 -0.0591948
v -0.214813 -0.455448 -0.0768058
v -0.216416 -0.434093 -0.0805164
v -0.224016 -0.440483 -0.105548
v -0.222402 -0.420686 -0.0989345
v -0.228725 -0.416863 -0.11733
v -0.22294 -0.402458 -0.0997977
v -0.234229 -0.403366 -0.129146
v -0.226684 -0.385688 -0.110391
v -0.238702 -0.387134 -0.13558
v -0.228893 -0.370588 -0.117196
v -0.237872 -0.372483 -0.133618
v -0.238735 -0.359961 -0.134526
v -0.245999 -0.355824 -0.142968
v -0.237424 -0.350982 -0.133002
v -0.23822 -0.337597 -0.134224
v -0.234509 -0.331611 -0.129224
v -0.242782 -0.321555 -0.139392
v -0.236123 -0.323001 -0.131645
v -0.243791 -0.307464 -0.140322
v -0.23452 -0.312968 -0.129684
v -0.235596 -0.298631 -0.131814
v -0.223512 -0.291781 -0.108968
v -0.233904 -0.283979 -0.130009
v -0.224913 -0.26852 -0.114999
v -0.234061 -0.271771 -0.130345
v -0.231763 -0.25879 -0.128002
v -0.241807 -0.262119 -0.13845
v -0.230821 -0.245136 -0.127901
v -0.239116 -0.232278 -0.13697
v -0.226808 -0.235966 -0.122913
v -0.229644 -0.22757 -0.127296
v -0.225149 -0.217189 -0.121018
v -0.229947 -0.217997 -0.128103
v -0.235608 -0.198323 -0.134975
v -0.244475 -0.211439 -0.141589
v -0.259508 -0.19524 -0.151106
v -0.25675 -0.224521 -0.149313
v -0.275235 -0.209118 -0.159267
v -0.274013 -0.229935 -0.15883
v -0.287241 -0.203906 -0.165085
v -0.293283 -0.227772 -0.16819
v -0.302319 -0.212907 -0.172192
v -0.309404 -0.240417 -0.175701
v -0.314414 -0.205262 -0.17708
v -0.332653 -0.234543 -0.184759
v -0.330647 -0.200386 -0.183066
v -0.345444 -0.221797 -0.188458
v -0.342496 -0.206349 -0.187034
v -0.358762 -0.210307 -0.191776
v -0.348874 -0.180622 -0.188436
v -0.370756 -0.197202 -0.194175
v -0.374209 -0.180454 -0.194545
v -0.394219 -0.195946 -0.198289
v -0.383222 -0.165388 -0.195902
v -0.408736 -0.179625 -0.199668
v -0.410216 -0.161027 -0.19941
v -0.424453 -0.142228 -0.200274
v -0.432266 -0.120559 -0.200049
v -0.466636 -0.0955826 -0.196372
v -0.47927 -0.337126 -0.201159
v -0.452691 -0.304168 -0.203928
v -0.418074 0.3958 -0.106759
v -0.427569 0.380184 -0.102219
v -0.431549 0.399129 -0.0851349
v -0.440629 0.378525 -0.0842605
v -0.447411 0.385778 -0.0682525
v -0.449092 0.363896 -0.0801464
v -0.459114 0.334077 -0.0826575
v -0.467365 0.314773 -0.080819
v -0.462029 -0.421459 0.159928
v -0.477465 -0.518774 -0.193536
v -0.46741 -0.507598 -0.198906
v -0.463363 -0.521352 -0.199399
v -0.460325 -0.513001 -0.200655
v -0.445864 -0.516454 -0.20246
v -0.458408 -0.498887 -0.201652
v -0.434553 -0.489987 -0.203468
v -0.439014 -0.471199 -0.203457
v -0.434766 -0.453173 -0.203681
v -0.416202 -0.474808 -0.203379
v -0.407155 -0.454316 -0.202841
v -0.391685 -0.4689 -0.201675
v -0.371732 -0.461872 -0.198581
v -0.374265 -0.482823 -0.199545
v -0.354961 -0.488585 -0.196272
v -0.36718 -0.505838 -0.198738
v -0.34661 -0.507452 -0.195173
v -0.364479 -0.52717 -0.198648
v -0.345253 -0.534401 -0.195251
v -0.363571 -0.545544 -0.198536
v -0.348818 -0.558121 -0.196059
v -0.376115 -0.562594 -0.199814
v -0.363234 -0.575553 -0.197796
v -0.382078 -0.584095 -0.1995
v -0.370229 -0.588209 -0.197964
v -0.381395 -0.591864 -0.199007
v -0.370375 -0.611537 -0.196339
v -0.380262 -0.599296 -0.198435
v -0.38839 -0.608533 -0.198682
v -0.398389 -0.591942 -0.20043
v -0.413915 -0.613006 -0.199489
v -0.415552 -0.591875 -0.200845
v -0.425282 -0.584162 -0.201114
v -0.431526 -0.580833 -0.20098
v -0.424497 -0.574623 -0.201641
v -0.436896 -0.576271 -0.200924
v -0.442624 -0.563917 -0.200991
v -0.445819 -0.572594 -0.200173
v -0.454652 -0.567583 -0.198883
v -0.463822 -0.531004 -0.198715
v -0.447769 -0.537372 -0.201596
v -0.462051 -0.538347 -0.198783
v -0.463845 -0.542842 -0.198121
v -0.43323 -0.924287 -0.0935537
v -0.442411 -0.906878 -0.0955603
v -0.443319 -0.919276 -0.0809423
v -0.452747 -0.907304 -0.075001
v -0.444743 -0.924601 -0.0604055
v -0.450415 -0.915241 -0.0591948
v -0.44972 -0.915745 -0.0405861
v -0.454619 -0.908358 -0.057603
v -0.460179 -0.895769 -0.0354182
v -0.460594 -0.897899 -0.0543072
v -0.462421 -0.892966 -0.0469982
v -0.468844 -0.87938 -0.059419
v -0.466759 -0.882574 -0.0417183
v -0.470963 -0.873012 -0.0428057
v -0.4701 -0.872082 -0.0306652
v -0.476579 -0.862038 -0.0456194
v -0.478608 -0.855659 -0.0291406
v -0.484113 -0.847229 -0.0443527
v -0.474472 -0.866589 -0.0528499
v -0.47529 -0.58247 0.128103
v -0.425024 -0.74042 -0.180645
v -0.434766 -0.88985 0.0329072
v -0.450191 -0.878147 0.0224482
v -0.462432 -0.866466 0.0110699
v -0.467735 -0.870927 -0.0143545
v -0.433387 -0.779341 -0.165197
v -0.450124 -0.784128 -0.151723
v -0.307173 -0.0827583 0.192729
v -0.325187 -0.0968942 0.194388
v -0.303462 -0.0947531 0.189534
v -0.321185 -0.11538 0.193222
v -0.297263 -0.118238 0.182853
v -0.318159 -0.129942 0.191339
v -0.30122 -0.139324 0.182024
v -0.321735 -0.149817 0.190353
v -0.299673 -0.162283 0.17819
v -0.32762 -0.169905 0.189725
v -0.316455 -0.186934 0.184221
v -0.334469 -0.189736 0.188525
v -0.321634 -0.204163 0.184535
v -0.345657 -0.20793 0.187942
v -0.335119 -0.229005 0.185869
v -0.3619 -0.223097 0.187382
v -0.359199 -0.238791 0.186429
v -0.385195 -0.241033 0.186295
v -0.370824 -0.251515 0.18607
v -0.385957 -0.265785 0.184624
v -0.352215 -0.267691 0.1844
v -0.363033 -0.27824 0.183929
v -0.359255 -0.298597 0.181923
v -0.377236 -0.290167 0.183032
v -0.380722 -0.305133 0.181452
v -0.394129 -0.282443 0.183122
v -0.406685 -0.297252 0.180981
v -0.416561 -0.278441 0.181586
v -0.426582 -0.297745 0.179098
v -0.443532 -0.311612 0.175667
v -0.472297 0.368839 0.0523902
v -0.469483 0.335691 0.0899888
v -0.460011 0.331745 0.108093
v -0.445965 0.342361 0.123675
v -0.430002 0.341857 0.146118
v -0.412514 0.346666 0.164356
v -0.438319 0.292723 0.157305
v -0.452657 0.277018 0.145423
v -0.396125 -0.0325596 0.193334
v -0.40914 -0.0179529 0.191989
v -0.393087 -0.00397397 0.193783
v -0.407054 0.0145003 0.192449
v -0.377707 0.0167535 0.195285
v -0.384623 0.0344318 0.194994
v -0.379197 0.0565716 0.195902
v -0.390979 0.0720079 0.194579
v -0.397784 0.0967934 0.193637
v -0.392067 0.115548 0.194691
v -0.412917 0.114135 0.190409
v -0.406169 0.130435 0.191395
v -0.423163 0.127285 0.187147
v -0.418567 0.147183 0.187617
v -0.440158 0.133349 0.181631
v -0.449373 0.145423 0.17736
v -0.467073 0.141197 0.169905
v -0.453475 0.1278 0.177057
v -0.446514 0.137901 0.178873
v -0.456143 0.117969 0.176598
v -0.4638 0.110302 0.173963
v -0.459831 0.094798 0.176441
v -0.460291 0.0829714 0.177125
v -0.463957 0.0712569 0.176564
v -0.450863 0.072277 0.181138
v -0.454552 0.0588585 0.181037
v -0.438443 0.057121 0.185689
v -0.462186 -0.892652 -0.066941
v -0.462925 -0.881409 -0.0811441
v -0.442142 0.187606 0.176463
v -0.4399 0.193873 0.17671
v -0.452489 0.439967 -0.00103694
v -0.460302 0.42165 -0.000128926
v -0.454832 -0.900455 -0.0183565
v -0.444552 -0.918458 -0.0207779
v -0.439295 -0.930946 -0.0335125
v -0.430416 -0.934488 -0.00710159
v -0.425002 -0.947615 -0.0192421
v -0.413534 -0.946562 0.00711277
v -0.412054 -0.960484 -0.00983684
v -0.398468 -0.953344 0.0137491
v -0.38737 -0.970461 0.00570031
v -0.383704 -0.952682 0.0224145
v -0.370095 -0.967502 0.0149262
v -0.368727 -0.959812 0.0216186
v -0.355017 -0.967939 0.0181323
v -0.36625 -0.950743 0.0288155
v -0.331801 -0.958758 0.0285352
v -0.343101 -0.946315 0.0355191
v -0.465011 0.04933 0.177741
v -0.46056 0.050877 0.179333
v -0.463161 0.0593517 0.177741
v -0.441604 0.358403 -0.0947419
v -0.445886 0.335714 -0.10121
v -0.452623 0.356912 0.105817
v -0.452489 -0.888471 -0.0953024
v -0.285078 -0.619115 -0.17578
v -0.310805 -0.623824 -0.184176
v -0.292207 -0.602816 -0.179165
v -0.305514 -0.603007 -0.183761
v -0.306736 -0.581573 -0.184994
v -0.303193 -0.566921 -0.184053
v -0.328046 -0.566372 -0.19135
v -0.311959 -0.551238 -0.1869
v -0.329503 -0.549759 -0.191832
v -0.31567 -0.534524 -0.187673
v -0.334738 -0.5242 -0.192651
v -0.32799 -0.508405 -0.190521
v -0.332082 -0.490883 -0.190969
v -0.313652 -0.484875 -0.18468
v -0.33105 -0.47223 -0.189815
v -0.307644 -0.453386 -0.180936
v -0.322766 -0.454888 -0.186597
v -0.311735 -0.436974 -0.181811
v -0.334055 -0.445314 -0.189523
v -0.338113 -0.420238 -0.189702
v -0.354221 -0.435674 -0.194265
v -0.358392 -0.410003 -0.194702
v -0.372045 -0.433006 -0.197998
v -0.384746 -0.41609 -0.199814
v -0.386865 -0.438286 -0.200408
v -0.403232 -0.430797 -0.202247
v -0.42387 -0.430719 -0.203401
v -0.439407 -0.438566 -0.203726
v -0.388244 -0.547124 -0.201484
v -0.399678 -0.561552 -0.201809
v -0.410305 -0.543963 -0.202672
v -0.423881 -0.560307 -0.202269
v -0.429463 -0.539524 -0.20274
v -0.446794 -0.558794 -0.200834
v -0.45435 -0.557527 -0.199825
v -0.461042 -0.55255 -0.198401
v -0.379881 -0.829495 0.0837112
v -0.382975 -0.819742 0.0859756
v -0.387616 -0.820347 0.0847201
v -0.392997 -0.809205 0.0873208
v -0.400474 -0.818688 0.0817831
v -0.401046 -0.805786 0.0865249
v -0.406068 -0.808375 0.0844174
v -0.417379 -0.798129 0.0850564
v -0.419408 -0.822197 0.0748216
v -0.435932 -0.805427 0.0753821
v -0.440124 -0.818924 0.0675799
v -0.42517 0.168964 -0.185745
v -0.444317 0.150131 -0.176026
v -0.456547 0.123899 -0.171979
v -0.42035 0.156207 -0.189646
v -0.385217 0.575071 0.0105767
v -0.396248 0.554164 0.015341
v -0.406023 0.532338 0.0242754
v -0.414666 0.513236 0.0290397
v -0.424475 0.493103 0.028255
v -0.435382 0.362024 0.128574
v -0.423802 0.356038 0.147093
v -0.417513 0.368895 0.149021
v -0.413859 -0.575228 -0.201764
v -0.452007 -0.889514 0.0061375
v -0.446615 -0.907842 -0.00584607
v -0.435707 -0.919467 0.00408605
v -0.424206 -0.923783 0.0171458
v -0.407525 -0.935195 0.0220334
v -0.451693 0.424744 0.045227
v -0.441582 0.438062 0.0578608
v -0.452523 0.418747 0.0510114
v -0.446424 0.420148 0.0673557
v -0.454451 0.413994 0.0509778
v -0.456816 0.408119 0.0510338
v -0.445797 -0.364927 -0.204276
v -0.422906 -0.360678 -0.203356
v -0.40275 -0.349132 -0.201451
v -0.390284 -0.328405 -0.199803
v -0.446312 0.178705 0.175667
v -0.442243 0.277903 0.157899
v -0.452074 -0.0249031 -0.194814
v -0.347473 -0.494997 0.157944
v -0.363784 -0.486388 0.159828
v -0.350511 -0.47001 0.16124
v -0.376742 -0.466479 0.162462
v -0.362483 -0.452063 0.164076
v -0.362707 -0.42619 0.167719
v -0.360678 -0.39562 0.171621
v -0.376922 -0.381966 0.173582
v -0.359658 -0.365151 0.175219
v -0.381776 -0.358414 0.17597
v -0.378413 -0.339973 0.177831
v -0.397885 -0.346273 0.176721
v -0.399768 -0.31956 0.179367
v -0.413198 -0.334828 0.176856
v -0.421885 -0.316174 0.177898
v -0.360084 -0.280414 -0.194018
v -0.37496 -0.272287 -0.197236
v -0.389578 -0.27426 -0.199635
v -0.382336 -0.248701 -0.198065
v -0.400295 -0.259261 -0.2008
v -0.395149 -0.233668 -0.199511
v -0.415339 -0.253701 -0.202112
v -0.420181 -0.234666 -0.201955
v -0.444093 -0.241863 -0.203065
v -0.448375 0.106457 0.180308
v -0.449238 0.0954258 0.1806
v -0.446929 0.0877469 0.181698
v -0.42962 0.0817719 0.186866
v -0.415417 0.0581298 0.190846
v -0.413242 0.0310239 0.191373
v -0.439227 -0.903302 0.0179978
v -0.43675 0.43221 0.0789245
v -0.442153 -0.669931 -0.188402
v -0.4298 0.260696 -0.155355
v -0.398894 -0.838766 0.0734988
v -0.401102 -0.830997 0.0765255
v -0.412211 0.0871416 0.190936
v -0.429979 0.0991251 0.186597
v -0.433589 0.113474 0.184658
v -0.321824 -0.755071 0.108396
v -0.327362 -0.779901 0.100851
v -0.335568 -0.761349 0.110032
v -0.347619 -0.776337 0.105268
v -0.353739 -0.753076 0.11381
v -0.364837 -0.773119 0.105526
v -0.379904 -0.759241 0.107992
v -0.386058 -0.7747 0.101199
v -0.401517 -0.760519 0.10297
v -0.409117 -0.775384 0.0962216
v -0.42072 -0.757369 0.100369
v -0.424699 -0.769386 0.0948764
v -0.43629 -0.78739 0.0832179
v -0.379444 -0.212694 -0.196541
v -0.403804 -0.21858 -0.200117
v -0.419531 -0.205755 -0.201383
v -0.436033 -0.225507 -0.202594
v -0.189299 -0.0217979 -0.101255
v -0.196115 -0.00934356 -0.117992
v -0.204533 -0.0104309 -0.126691
v -0.214342 -0.028255 -0.13215
v -0.239049 -0.02052 -0.147855
v -0.231112 -0.0347456 -0.142317
v -0.256167 -0.0315058 -0.15559
v -0.235899 -0.0542399 -0.143842
v -0.253062 -0.054621 -0.152889
v -0.243668 -0.0832628 -0.146566
v -0.260034 -0.0770188 -0.155355
v -0.264193 -0.0952688 -0.15707
v -0.283419 -0.0775792 -0.166318
v -0.283015 -0.0967597 -0.165534
v -0.299102 -0.0829937 -0.172652
v -0.309504 -0.102185 -0.176161
v -0.318607 -0.0843614 -0.179838
v -0.338583 -0.1039 -0.1856
v -0.342619 -0.0844735 -0.186911
v -0.355141 -0.0927465 -0.189792
v -0.359557 -0.0699228 -0.190936
v -0.376485 -0.0861998 -0.193884
v -0.403669 -0.0882737 -0.197628
v -0.416135 -0.104125 -0.198883
v -0.434564 -0.102993 -0.199354
v -0.405104 -0.86827 0.0606409
v -0.383569 -0.872766 0.0663132
v -0.376171 -0.875568 0.0670082
v -0.363526 -0.860502 0.0746759
v -0.35995 -0.878662 0.0689924
v -0.344177 -0.856018 0.0793841
v -0.332664 -0.872934 0.0729831
v -0.324414 -0.850839 0.0794065
v -0.310895 -0.865132 0.0713689
v -0.308372 -0.837802 0.0794402
v -0.285504 -0.846198 0.0652818
v -0.28649 -0.829887 0.0712007
v -0.264193 -0.832925 0.0557197
v -0.266054 -0.813229 0.0627372
v -0.254003 -0.811581 0.0535225
v -0.252703 -0.802008 0.0546098
v -0.244262 -0.811178 0.0442517
v -0.24174 -0.790383 0.0458548
v -0.232032 -0.808454 0.0303176
v -0.228971 -0.79443 0.0290621
v -0.22062 -0.810572 0.0119443
v -0.21562 -0.799104 0.00388428
v -0.216237 -0.819148 -0.00281935
v -0.212302 -0.799059 -0.00533041
v -0.211708 -0.809059 -0.0134801
v -0.210811 -0.796324 -0.00911941
v -0.20997 -0.798645 -0.0186031
v -0.209017 -0.784823 -0.0142873
v -0.207157 -0.772716 -0.0331762
v -0.208928 -0.774958 -0.00787509
v -0.207291 -0.75904 -0.00776298
v -0.208356 -0.765721 -0.00649626
v -0.212661 -0.7671 0.00610386
v -0.211102 -0.784991 -0.00485959
v -0.209555 -0.782951 -0.00932119
v -0.355354 -0.932941 0.0419649
v -0.373223 -0.939488 0.0340169
v -0.391416 -0.931136 0.0337255
v -0.408232 -0.918312 0.0339048
v -0.422009 -0.383132 -0.203323
v -0.438342 -0.934713 -0.0617171
v -0.431268 -0.944185 -0.0421779
v -0.432703 -0.942705 -0.0638358
v -0.428533 -0.948748 -0.0644187
v -0.424049 -0.95127 -0.076122
v -0.422771 -0.954756 -0.0717165
v -0.414958 -0.962446 -0.0772206
v -0.414038 -0.967558 -0.0590827
v -0.410698 -0.968018 -0.0749001
v -0.405821 -0.974351 -0.0694744
v -0.399017 -0.971829 -0.090157
v -0.399331 -0.980281 -0.0709878
v -0.389264 -0.982692 -0.0876572
v -0.379534 -0.991985 -0.080606
v -0.433376 -0.738166 0.103362
v -0.41637 -0.745756 0.105515
v -0.393961 -0.746025 0.109136
v -0.375117 -0.741619 0.1139
v -0.350051 -0.728806 0.119852
v -0.333853 -0.735812 0.117655
v -0.325064 -0.720185 0.119796
v -0.314112 -0.737337 0.111333
v -0.305783 -0.715152 0.111535
v -0.291759 -0.690445 0.107465
v -0.292353 -0.669538 0.111086
v -0.308765 -0.68753 0.117879
v -0.316802 -0.670626 0.125065
v -0.323282 -0.69401 0.12428
v -0.334312 -0.674448 0.130939
v -0.340467 -0.696028 0.12761
v -0.362988 -0.693494 0.127599
v -0.375296 -0.70207 0.124101
v -0.388513 -0.71828 0.117924
v -0.406057 -0.727954 0.112992
v -0.422558 -0.712563 0.113799
v -0.426145 -0.725477 0.109293
v -0.434396 -0.717069 0.109629
v -0.444193 0.440629 0.0465834
v -0.426829 -0.515456 -0.203255
v -0.408949 -0.50039 -0.203177
v -0.393289 -0.487857 -0.202
v -0.385587 -0.503596 -0.201294
v -0.403478 -0.522686 -0.202829
v -0.417424 0.411539 -0.0983628
v -0.323584 -0.607446 -0.188559
v -0.332126 -0.62351 -0.1894
v -0.338247 -0.608533 -0.191642
v -0.342316 -0.614284 -0.192012
v -0.342507 -0.600462 -0.193099
v -0.354109 -0.605361 -0.194556
v -0.359569 -0.594857 -0.196115
v -0.35893 -0.611582 -0.194792
v -0.362416 -0.631256 -0.193738
v -0.385654 -0.626178 -0.196866
v -0.374657 -0.65177 -0.193525
v -0.398535 -0.637735 -0.196698
v -0.390082 -0.660413 -0.194041
v -0.408019 -0.660671 -0.194444
v -0.401281 -0.682206 -0.192595
v -0.431952 -0.704884 -0.185544
v -0.409498 0.474808 -0.0666719
v -0.42128 0.470717 -0.0501259
v -0.415215 -0.634339 -0.197527
v -0.383827 -0.479259 0.160567
v -0.38052 -0.499863 0.157899
v -0.397178 -0.517384 0.154447
v -0.41507 -0.510523 0.153292
v -0.404409 -0.531923 0.15133
v -0.422087 -0.532058 0.148853
v -0.410395 -0.55283 0.147003
v -0.426526 -0.551171 0.144784
v -0.41776 -0.567605 0.143147
v -0.418354 -0.582761 0.140333
v -0.401281 0.289046 -0.174446
v -0.419296 0.282578 -0.158908
v -0.432972 -0.936775 -0.0794066
v -0.322026 -0.373166 0.165959
v -0.318271 -0.349659 0.16624
v -0.338426 -0.355981 0.174636
v -0.32984 -0.32984 0.174614
v -0.356318 -0.340545 0.17773
v -0.35495 -0.320569 0.179793
v -0.379276 -0.321835 0.179781
v -0.342249 -0.389556 -0.190072
v -0.359244 -0.386215 -0.194456
v -0.373009 -0.402402 -0.197706
v -0.415283 -0.430674 0.165018
v -0.397963 -0.984048 -0.0594078
v -0.390699 -0.989776 -0.0614144
v -0.384264 -0.994664 -0.0598898
v -0.367887 -0.997254 -0.0626811
v -0.378099 -0.997859 -0.0432317
v -0.351598 -0.99796 -0.0418865
v -0.361295 -1 -0.0311024
v -0.351553 -0.999439 -0.022437
v -0.368738 -0.996884 -0.0212711
v -0.365622 -0.992994 -0.0135586
v -0.376373 -0.98907 -0.0123591
v -0.372146 -0.985763 -0.00534162
v -0.390665 -0.979116 -0.00805446
v -0.404364 -0.973017 -0.0200492
v -0.420215 -0.960115 -0.0468413
v -0.419128 -0.122588 0.186171
v -0.420843 -0.144918 0.185431
v -0.406539 0.0107449 -0.197404
v -0.409319 -0.962783 -0.0862447
v -0.402884 0.464842 0.112857
v -0.403972 0.484359 0.094854
v -0.390239 0.518068 0.0897983
v -0.381552 0.539513 0.0845407
v -0.375218 0.553996 0.0817943
v -0.387874 0.545465 0.0624457
v -0.376529 0.56728 0.0595199
v -0.387258 0.55857 0.0425702
v -0.380744 0.570766 0.0413147
v -0.386024 0.562673 0.0384449
v -0.385946 0.567639 0.0266856
v -0.391663 0.557415 0.0283334
v -0.393782 0.549288 0.0381871
v -0.399275 0.538807 0.0382207
v -0.397111 0.536217 0.0501034
v -0.40618 0.524872 0.0395996
v -0.40294 0.518315 0.059049
v -0.410877 0.513494 0.0429289
v -0.41526 0.503517 0.0444087
v -0.419868 0.496051 0.0401825
v -0.4261 0.483933 0.038288
v -0.374444 -0.811447 0.0901121
v -0.37329 -0.791784 0.0971184
v -0.387773 -0.798432 0.0921299
v -0.407906 -0.785237 0.0929147
v -0.413287 -0.776101 0.0949213
v -0.398165 -0.371519 0.173874
v -0.417726 -0.355129 0.174255
v -0.379074 0.560632 -0.0380974
v -0.391159 0.540051 -0.0381871
v -0.402223 0.524368 -0.0333332
v -0.39951 0.507542 -0.0554731
v -0.408411 0.501589 -0.0445656
v -0.41137 0.486646 -0.053388
v -0.41776 0.490783 -0.0378733
v -0.427087 0.48205 -0.0256431
v -0.41331 0.5104 -0.024253
v -0.422345 -0.736305 0.107095
v -0.273991 -0.860625 0.0538924
v -0.29038 -0.864941 0.0624457
v -0.285055 -0.89059 0.051258
v -0.297285 -0.879918 0.0613023
v -0.30937 -0.903089 0.0566501
v -0.317452 -0.887709 0.0649567
v -0.340814 -0.889345 0.0666607
v -0.37755 -0.887552 0.0619524
v -0.199478 -0.0222015 -0.119101
v -0.201439 -0.0352164 -0.118249
v -0.206876 -0.0423348 -0.123518
v -0.21988 -0.0513813 -0.133764
v -0.207482 -0.0558093 -0.122061
v -0.222458 -0.0696761 -0.133809
v -0.206663 -0.0708084 -0.117532
v -0.215183 -0.0796083 -0.125771
v -0.210889 -0.0818951 -0.120357
v -0.214824 -0.0925784 -0.123518
v -0.205027 -0.096132 -0.107589
v -0.214791 -0.101591 -0.122106
v -0.213176 -0.119684 -0.117072
v -0.221786 -0.109842 -0.129022
v -0.228994 -0.123922 -0.134336
v -0.240753 -0.103732 -0.14419
v -0.254093 -0.124639 -0.150321
v -0.265852 -0.114976 -0.157036
v -0.282062 -0.126096 -0.164166
v -0.283598 -0.111019 -0.165455
v -0.299976 -0.132475 -0.171778
v -0.32243 -0.118261 -0.180387
v -0.351923 -0.122083 -0.188873
v -0.367046 -0.111591 -0.192236
v -0.388849 -0.102466 -0.195969
v -0.393008 -0.11751 -0.196787
v -0.41109 -0.124056 -0.198794
v -0.337989 0.119348 0.200789
v -0.331454 0.137194 0.201764
v -0.346778 0.148158 0.200643
v -0.361295 0.159144 0.199209
v -0.375386 0.174479 0.196597
v -0.379511 0.203233 0.194635
v -0.395082 0.211035 0.190566
v -0.385475 0.23683 0.191149
v -0.405115 0.223882 0.186575
v -0.403008 0.243309 0.185375
v -0.41739 0.236437 0.181015
v -0.420439 0.252905 0.178571
v -0.383267 0.262602 0.190061
v -0.399398 0.258981 0.185297
v -0.395654 0.277601 0.184781
v -0.409465 0.26861 0.180757
v -0.415899 0.261189 0.179311
v -0.379377 -0.926227 -0.141667
v -0.391854 -0.932269 -0.131455
v -0.39154 -0.924881 -0.135748
v -0.399331 -0.922785 -0.130166
v -0.39849 -0.918066 -0.133697
v -0.403366 -0.905387 -0.136399
v -0.421639 -0.886476 -0.132363
v -0.127229 0.350679 -0.154245
v -0.119483 0.334593 -0.145198
v -0.103452 0.348314 -0.140199
v -0.101233 0.325916 -0.130838
v -0.0886997 0.331252 -0.12335
v -0.0924887 0.318697 -0.120335
v -0.0839802 0.323046 -0.111972
v -0.0953472 0.308305 -0.117823
v -0.0762789 0.319448 -0.0915471
v -0.0905157 0.299942 -0.102477
v -0.076817 0.305895 -0.0772318
v -0.0874105 0.292712 -0.0880832
v -0.0879374 0.281188 -0.0770861
v -0.101535 0.274495 -0.103071
v -0.102757 0.258207 -0.0894171
v -0.109685 0.256503 -0.103945
v -0.111019 0.237143 -0.0892154
v -0.119494 0.231 -0.103553
v -0.121624 0.214791 -0.0939012
v -0.131096 0.206955 -0.109113
v -0.132923 0.190005 -0.100302
v -0.13928 0.198872 -0.116949
v -0.143954 0.18996 -0.11927
v -0.142643 0.209802 -0.124381
v -0.15457 0.207482 -0.132497
v -0.145972 0.225194 -0.130995
v -0.155691 0.236975 -0.140322
v -0.14067 0.249957 -0.1341
v -0.162866 0.256851 -0.148819
v -0.148169 0.271536 -0.14419
v -0.164693 0.277433 -0.154705
v -0.164379 0.293754 -0.158639
v -0.180084 0.267108 -0.160164
v -0.197146 0.259351 -0.166554
v -0.216864 0.248107 -0.1731
v -0.239744 0.252176 -0.182012
v -0.249844 0.235596 -0.183066
v -0.268453 0.243197 -0.18885
v -0.272534 0.222256 -0.18783
v -0.287813 0.225911 -0.19144
v -0.28806 0.204231 -0.189781
v -0.310099 0.215609 -0.194287
v -0.309773 0.200823 -0.193469
v -0.33531 0.200318 -0.196182
v -0.322015 0.189019 -0.194444
v -0.345332 0.184131 -0.196485
v -0.333763 0.165063 -0.194781
v -0.356351 0.165276 -0.196372
v -0.344614 0.146846 -0.195296
v -0.36607 0.152205 -0.196372
v -0.358728 0.129056 -0.196047
v -0.380935 0.132071 -0.196339
v -0.379231 0.114034 -0.196619
v -0.404913 0.107499 -0.195666
v -0.414106 0.120234 -0.193906
v -0.396147 0.0476933 0.193794
v -0.413399 0.498506 0.0570312
v -0.383054 -0.525455 -0.201081
v -0.379848 0.387157 -0.156577
v -0.380913 0.405496 -0.146869
v -0.38033 0.424979 -0.137363
v -0.381877 0.436929 -0.128955
v -0.366014 0.426089 -0.152407
v -0.359826 0.442232 -0.151106
v -0.349603 0.421392 -0.171408
v -0.342967 0.441817 -0.167731
v -0.337171 0.423612 -0.181306
v -0.324178 0.449092 -0.182237
v -0.320647 0.426392 -0.189848
v -0.311948 0.440674 -0.190498
v -0.311186 0.431291 -0.192202
v -0.301198 0.427345 -0.194624
v -0.313832 0.415148 -0.193536
v -0.283329 0.400777 -0.197426
v -0.310973 0.396349 -0.195285
v -0.296613 0.382448 -0.197146
v -0.310614 0.376552 -0.196451
v -0.307173 0.355589 -0.197292
v -0.326174 0.368346 -0.194994
v -0.327665 0.346195 -0.195991
v -0.340635 0.355286 -0.193312
v -0.350365 0.348695 -0.191451
v -0.346733 0.365454 -0.190465
v -0.361553 0.355331 -0.184949
v -0.362461 0.382168 -0.176093
v -0.372505 0.370229 -0.171755
v -0.386114 0.370779 -0.157238
v -0.399275 0.363974 -0.146219
v -0.362685 -0.158763 -0.191597
v -0.388715 -0.149357 -0.196496
v -0.403478 -0.137733 -0.198401
v -0.392975 0.52531 0.0762116
v -0.405238 0.501791 0.0756736
v -0.392168 -0.585653 -0.200386
v -0.402144 -0.581719 -0.201226
v -0.134157 0.12696 -0.0443751
v -0.130894 0.122319 -0.0254413
v -0.137217 0.101087 -0.025318
v -0.130199 0.10908 -0.00206828
v -0.134863 0.0955491 -0.00527436
v -0.128294 0.109808 0.0185022
v -0.132867 0.094428 0.0162154
v -0.131836 0.0958518 0.0372118
v -0.138315 0.0742724 0.0216859
v -0.138764 0.0731066 0.0381422
v -0.144548 0.0520092 0.0394202
v -0.143169 0.0651025 0.0529283
v -0.148113 0.0560112 0.0613135
v -0.148337 0.0664702 0.0702031
v -0.15068 0.0668065 0.076604
v -0.146084 0.0812114 0.0761892
v -0.153079 0.0841596 0.092343
v -0.143954 0.0924439 0.0789357
v -0.148035 0.102443 0.0941141
v -0.140894 0.10288 0.0799558
v -0.141152 0.11705 0.0904484
v -0.131948 0.115425 0.0678938
v -0.131713 0.129527 0.0789021
v -0.126948 0.129291 0.0666495
v -0.123541 0.142048 0.0689699
v -0.12418 0.13076 0.0593965
v -0.121097 0.135367 0.0548004
v -0.121355 0.129684 0.0464489
v -0.115828 0.146465 0.03877
v -0.12335 0.122778 0.0315731
v -0.11418 0.153225 0.0213832
v -0.123182 0.129034 0.00684373
v -0.117936 0.148808 -0.00339106
v -0.125491 0.129191 -0.00941088
v -0.121837 0.151566 -0.0270219
v -0.126422 0.149716 -0.0430411
v -0.135221 0.138506 -0.0597777
v -0.142082 0.117005 -0.0608875
v -0.141174 0.143069 -0.0815701
v -0.145927 0.129168 -0.082579
v -0.15031 0.138472 -0.101603
v -0.157137 0.113104 -0.100482
v -0.160231 0.129841 -0.115234
v -0.164513 0.120615 -0.117285
v -0.168314 0.137273 -0.125895
v -0.178582 0.115705 -0.128798
v -0.186934 0.132038 -0.137811
v -0.196339 0.113026 -0.140434
v -0.201551 0.131915 -0.146409
v -0.21321 0.115458 -0.150254
v -0.219454 0.138663 -0.156778
v -0.228534 0.114505 -0.157518
v -0.242076 0.122711 -0.164805
v -0.24397 0.100381 -0.162843
v -0.264496 0.120245 -0.173773
v -0.263072 0.0922982 -0.170096
v -0.274249 0.107869 -0.176026
v -0.284932 0.0875787 -0.177506
v -0.29483 0.105672 -0.182494
v -0.308215 0.0779941 -0.183817
v -0.30891 0.101782 -0.186048
v -0.318898 0.0896414 -0.187774
v -0.328954 0.109203 -0.191418
v -0.338337 0.0836216 -0.191731
v -0.350376 0.102567 -0.194534
v -0.361799 0.0822875 -0.195128
v -0.370689 0.0980826 -0.196182
v -0.385632 0.0722546 -0.19672
v -0.386484 0.0932398 -0.196462
v -0.387627 -0.913503 -0.144268
v -0.395654 -0.907416 -0.141342
v -0.395631 -0.897988 -0.145849
v -0.404611 -0.897282 -0.140188
v -0.403568 -0.892809 -0.143427
v -0.409386 0.254979 0.182416
v -0.415316 -0.85113 -0.15114
v -0.403411 -0.846501 -0.159749
v -0.402234 -0.829461 -0.164558
v -0.394297 -0.838272 -0.165388
v -0.390026 -0.823542 -0.170062
v -0.376462 -0.839449 -0.169962
v -0.376081 -0.814272 -0.173952
v -0.356094 -0.83436 -0.171239
v -0.362035 -0.806391 -0.175275
v -0.343953 -0.813364 -0.17263
v -0.348426 -0.790641 -0.17541
v -0.327564 -0.795304 -0.171228
v -0.329414 -0.788275 -0.172327
v -0.321499 -0.785024 -0.170567
v -0.318842 -0.776785 -0.170645
v -0.312946 -0.777323 -0.168829
v -0.315614 -0.765407 -0.171026
v -0.308899 -0.762593 -0.169323
v -0.401102 -0.980214 -0.0353173
v -0.390094 -0.990797 -0.0490945
v -0.375061 -0.997489 -0.0317189
v -0.375577 -0.994799 -0.023132
v -0.386708 -0.988297 -0.0215178
v -0.369456 -0.233579 -0.19505
v -0.353964 -0.239464 -0.191496
v -0.373783 -0.929152 0.0403843
v -0.378345 -0.958119 -0.124975
v -0.379792 -0.947593 -0.131578
v -0.384892 -0.950721 -0.125704
v -0.385856 -0.940856 -0.131612
v -0.402346 -0.797658 0.0892602
v -0.369389 -0.674022 -0.191272
v -0.379332 -0.68947 -0.19088
v -0.395452 -0.69586 -0.191093
v -0.385217 0.313394 0.185106
v -0.393524 -0.780933 -0.177741
v -0.388412 -0.799687 -0.174457
v -0.406135 -0.807209 -0.16856
v -0.410339 -0.581819 -0.201428
v -0.402783 -0.862991 -0.155512
v -0.391697 -0.851141 -0.163572
v -0.360342 -0.86734 -0.165713
v -0.376339 -0.860401 -0.16624
v -0.382235 -0.878718 -0.160141
v -0.389096 -0.873326 -0.159245
v -0.3958 0.219084 -0.191664
v -0.33985 -0.772749 -0.176273
v -0.356945 -0.764813 -0.17995
v -0.371137 -0.784217 -0.177898
v -0.374792 -0.76775 -0.180701
v -0.393602 -0.754836 -0.183458
v -0.352114 -0.736743 -0.18347
v -0.36783 -0.751327 -0.18329
v -0.376866 -0.132979 -0.194276
v -0.331532 0.526083 -0.135233
v -0.323898 0.506746 -0.155119
v -0.343292 0.500154 -0.137755
v -0.327485 0.484527 -0.162395
v -0.342843 0.478171 -0.150265
v -0.339615 0.459372 -0.163067
v -0.354255 0.462645 -0.146488
v -0.369579 0.45676 -0.131937
v -0.38274 0.45889 -0.115189
v -0.339346 -0.136354 0.192483
v -0.347103 -0.119729 0.193503
v -0.359109 -0.147183 0.191698
v -0.361486 -0.122274 0.192729
v -0.36866 -0.105044 0.192987
v -0.334279 -0.0353397 0.196742
v -0.360331 -0.0441509 0.195554
v -0.351609 -0.0252282 0.196608
v -0.376888 -0.0364383 0.194848
v -0.368234 -0.0163723 0.195823
v -0.359187 -0.454148 -0.196003
v -0.345747 -0.708392 0.125222
v -0.36736 -0.724759 0.119494
v -0.36625 0.188055 -0.196485
v -0.380756 0.175107 -0.195733
v -0.375689 -0.151824 0.190465
v -0.375083 -0.176329 0.189714
v -0.369187 -0.203098 0.188436
v -0.386316 -0.220373 0.186889
v -0.282645 -0.509167 0.122543
v -0.272365 -0.505412 0.114763
v -0.269238 -0.499481 0.112891
v -0.263868 -0.499392 0.108441
v -0.267478 -0.51837 0.10955
v -0.278688 -0.521464 0.118104
v -0.299382 -0.524211 0.132811
v -0.27676 -0.5393 0.114516
v -0.287992 -0.555476 0.121276
v -0.275504 -0.556507 0.111725
v -0.279551 -0.576853 0.112633
v -0.265382 -0.569634 0.102589
v -0.267556 -0.591001 0.102387
v -0.260247 -0.576069 0.0979368
v -0.258611 -0.580429 0.0962329
v -0.245607 -0.577605 0.0850228
v -0.254015 -0.591079 0.0915134
v -0.245439 -0.594151 0.0836888
v -0.255382 -0.599756 0.0918721
v -0.257176 -0.606246 0.0928362
v -0.271166 -0.607625 0.103396
v -0.285616 -0.599688 0.114516
v -0.280896 -0.620483 0.109349
v -0.298093 -0.613241 0.122038
v -0.316152 -0.609699 0.133495
v -0.3392 -0.608197 0.142878
v -0.357102 -0.603758 0.144492
v -0.368099 -0.622355 0.141084
v -0.385105 -0.620438 0.139728
v -0.377953 0.058029 -0.196305
v -0.367954 0.0459221 -0.194904
v -0.348897 0.0406309 -0.191687
v -0.325793 0.0396108 -0.186171
v -0.304976 0.0571546 -0.18134
v -0.283262 0.0490945 -0.173481
v -0.273206 0.0342412 -0.168314
v -0.262613 0.0567735 -0.16596
v -0.246111 0.0375258 -0.156756
v -0.246717 0.0575582 -0.15892
v -0.228848 0.0518634 -0.149739
v -0.236774 0.0755055 -0.156565
v -0.215239 0.0769852 -0.145793
v -0.221707 0.0940357 -0.151655
v -0.199915 0.0884531 -0.138618
v -0.389432 -0.862206 -0.161901
v -0.390038 0.40303 0.165332
v -0.378884 0.397986 0.174277
v -0.377471 0.387549 0.177046
v -0.365813 0.39645 0.181059
v -0.368413 0.371743 0.183907
v -0.348538 0.380083 0.188907
v -0.330613 0.37635 0.193906
v -0.332844 0.354524 0.195016
v -0.311253 0.363201 0.198514
v -0.309717 0.345747 0.199825
v -0.286288 0.364277 0.202045
v -0.282668 0.339704 0.203536
v -0.266413 0.359501 0.20413
v -0.254149 0.339469 0.205004
v -0.235159 0.3543 0.205374
v -0.23118 0.330916 0.204825
v -0.211461 0.34207 0.204657
v -0.205778 0.317699 0.203143
v -0.193861 0.33679 0.203009
v -0.186429 0.303541 0.199836
v -0.176878 0.332059 0.200733
v -0.170623 0.317923 0.197482
v -0.152328 0.337787 0.192483
v -0.145927 0.321634 0.184153
v -0.132217 0.320815 0.174008
v -0.137194 0.300828 0.170869
v -0.118395 0.309762 0.158583
v -0.125188 0.290548 0.156711
v -0.11038 0.301904 0.147384
v -0.119314 0.289708 0.150557
v -0.110021 0.291176 0.141701
v -0.122745 0.280033 0.150052
v -0.118092 0.273487 0.142351
v -0.127117 0.267848 0.149357
v -0.118743 0.257882 0.135121
v -0.130558 0.246067 0.143349
v -0.124919 0.230261 0.128249
v -0.142317 0.224734 0.146723
v -0.136903 0.216158 0.136365
v -0.15012 0.205834 0.147306
v -0.139829 0.201495 0.133237
v -0.147945 0.185936 0.136163
v -0.135468 0.183021 0.118104
v -0.143147 0.162339 0.118631
v -0.134134 0.159424 0.103508
v -0.145793 0.1353 0.108396
v -0.136981 0.133473 0.0927689
v -0.382762 -0.995292 -0.0490945
v -0.338852 -0.4424 0.16328
v -0.342473 -0.425024 0.166262
v -0.315905 -0.42137 0.155601
v -0.32873 -0.409992 0.163695
v -0.324784 -0.389186 0.164704
v -0.343011 -0.378648 0.172663
v -0.387515 -0.581674 -0.200161
v 0.0625018 0.892641 0.137497
v 0.0678378 0.903403 0.132722
v 0.0564147 0.895971 0.137138
v 0.054722 0.916934 0.128159
v 0.0462471 0.895029 0.138607
v 0.0332098 0.911441 0.130446
v 0.0384898 0.894132 0.139459
v 0.0259682 0.894042 0.139784
v 0.0243987 0.884873 0.143651
v 0.0144891 0.887036 0.142586
v 0.01246 0.878337 0.146118
v 0.000241055 0.900197 0.132946
v -0.0015638 0.875221 0.147115
v -0.0165853 0.890825 0.135894
v -0.0182332 0.870277 0.147609
v -0.0336246 0.882496 0.137206
v -0.0349362 0.856803 0.151611
v -0.0481192 0.854493 0.150534
v -0.0349137 0.845693 0.156364
v -0.0432092 0.838844 0.15818
v -0.0316516 0.835066 0.160489
v -0.0496438 0.834001 0.159592
v -0.0337703 0.818957 0.165803
v -0.0585221 0.827768 0.160657
v -0.0585894 0.815404 0.164917
v -0.067692 0.817309 0.163247
v -0.07036 0.813039 0.164592
v -0.0734988 0.830302 0.156666
v -0.0850788 0.815673 0.16068
v -0.090426 0.833419 0.152081
v -0.0932846 0.815729 0.159177
v -0.108564 0.813509 0.15624
v -0.0991026 0.807546 0.161038
v -0.107779 0.804631 0.160198
v -0.0936433 0.789273 0.168616
v -0.109293 0.785495 0.167103
v -0.0994838 0.774028 0.172618
v -0.12233 0.763456 0.1718
v -0.104416 0.761248 0.175578
v -0.108766 0.744803 0.179053
v -0.0859308 0.740924 0.182337
v -0.101894 0.725768 0.183884
v -0.077243 0.727136 0.184759
v -0.0866146 0.711083 0.186844
v -0.0649679 0.717047 0.185846
v -0.0687233 0.694649 0.188503
v -0.0537691 0.700119 0.187236
v -0.0638582 0.675805 0.190263
v -0.0503276 0.669538 0.189691
v -0.0656742 0.657476 0.191619
v -0.0526369 0.643576 0.191227
v -0.0659656 0.630931 0.193077
v -0.0488143 0.616885 0.191653
v -0.0759651 0.616022 0.194455
v -0.0666046 0.59943 0.193951
v -0.0842941 0.593814 0.195453
v -0.076604 0.577874 0.195027
v -0.101008 0.592525 0.197
v -0.0959078 0.567179 0.197314
v -0.120817 0.583748 0.198088
v -0.115907 0.571237 0.198581
v -0.145647 0.570307 0.199242
v -0.134392 0.558267 0.199646
v -0.156666 0.551126 0.200352
v -0.137912 0.53532 0.20098
v -0.16624 0.528953 0.201417
v -0.158337 0.515366 0.202224
v -0.174625 0.500121 0.202762
v -0.155444 0.494123 0.203211
v -0.179288 0.47992 0.203614
v -0.151095 0.475963 0.203345
v -0.16606 0.465784 0.203883
v -0.154951 0.452063 0.203547
v -0.193592 0.463026 0.203984
v -0.18023 0.438174 0.204477
v -0.197482 0.440483 0.204623
v -0.191731 0.415888 0.20487
v -0.213681 0.428085 0.204825
v -0.212369 0.408333 0.205228
v -0.231976 0.423253 0.204219
v -0.230204 0.398546 0.20515
v -0.246179 0.408523 0.204096
v -0.250539 0.391887 0.204332
v -0.270718 0.41155 0.201204
v -0.274921 0.386574 0.202347
v -0.286501 0.398613 0.199982
v -0.30344 0.379859 0.198895
v -0.305951 0.39497 0.197146
v -0.326163 0.397504 0.192426
v -0.3128 0.416975 0.193155
v -0.33327 0.413725 0.188716
v -0.321006 0.4349 0.189041
v -0.340601 0.433084 0.184366
v -0.32753 0.448218 0.18588
v -0.338707 0.448016 0.182707
v -0.338348 0.46037 0.180533
v -0.345321 0.462903 0.1768
v -0.343011 0.472734 0.175522
v -0.349603 0.469663 0.172607
v -0.356463 0.483092 0.162787
v -0.357002 0.458128 0.171766
v -0.369949 0.464686 0.158303
v -0.369321 0.44314 0.168336
v -0.385296 0.430181 0.158247
v -0.347428 0.397425 0.186922
v -0.358762 0.415485 0.180028
v -0.348751 0.419374 0.183582
v -0.35884 0.42248 0.178806
v -0.353056 0.428511 0.18069
v -0.363649 0.42767 0.175387
v -0.372214 0.42545 0.17152
v -0.380027 0.40859 0.171127
v -0.351217 0.512553 -0.121063
v -0.354356 0.492307 -0.129639
v -0.369243 0.491321 -0.111692
v -0.36801 0.476725 -0.12224
v -0.379635 0.578927 0.0264726
v -0.374254 0.586035 0.0324812
v -0.373054 0.589409 0.0290285
v -0.372225 0.585822 0.0421106
v -0.370498 0.591483 0.0347344
v -0.368021 0.586853 0.0525472
v -0.36681 0.597144 0.0362253
v -0.360723 0.603646 0.043624
v -0.355107 0.612961 0.0447898
v -0.353011 0.619127 0.0375818
v -0.343269 0.629485 0.0479062
v -0.349782 0.628801 0.0270219
v -0.338012 0.641368 0.037918
v -0.345859 0.638509 0.0161929
v -0.339312 0.64862 0.0166525
v -0.34457 0.640123 0.00584602
v -0.332777 0.656871 -0.00470265
v -0.340422 0.642018 -0.012673
v -0.32725 0.650739 -0.0315171
v -0.342888 0.631604 -0.0239503
v -0.326207 0.643307 -0.042929
v -0.340388 0.623723 -0.039196
v -0.325625 0.630583 -0.0578048
v -0.328483 0.610932 -0.0742836
v -0.338965 0.595148 -0.0725908
v -0.32836 0.59655 -0.0877917
v -0.344749 0.578961 -0.0794066
v -0.328707 0.578894 -0.102062
v -0.338191 0.564141 -0.101076
v -0.320647 0.567594 -0.120435
v -0.329335 0.550465 -0.121859
v -0.24934 -0.29242 -0.144503
v -0.253252 -0.271514 -0.147138
v -0.266783 -0.283732 -0.155579
v -0.272253 -0.262433 -0.158281
v -0.29223 -0.27963 -0.168908
v -0.293463 -0.256694 -0.168796
v -0.310513 -0.273453 -0.176957
v -0.324223 -0.254575 -0.181956
v -0.343718 -0.262344 -0.188929
v -0.364983 -0.256649 -0.194781
v -0.268341 -0.0654051 -0.159996
v -0.279708 -0.0536233 -0.165309
v -0.298216 -0.0607866 -0.172753
v -0.296019 -0.0375033 -0.172775
v -0.313024 -0.0436912 -0.178795
v -0.318764 -0.0218091 -0.181284
v -0.322755 -0.05526 -0.181743
v -0.339895 -0.0378171 -0.186709
v -0.333572 -0.0678377 -0.184781
v -0.353224 -0.0477605 -0.189602
v -0.371115 -0.0558654 -0.193009
v -0.371642 -0.920083 0.0463705
v -0.341061 -0.755441 -0.178974
v -0.330871 -0.0156437 0.197236
v -0.350455 -0.00451201 0.196899
v -0.369523 0.00172079 0.195868
v -0.269877 -0.157888 -0.157496
v -0.27769 -0.143181 -0.161532
v -0.252972 -0.143539 -0.149032
v -0.23915 -0.13623 -0.140894
v -0.233534 -0.152104 -0.135928
v -0.215721 -0.13558 -0.117633
v -0.219633 -0.147194 -0.121657
v -0.212616 -0.158068 -0.107129
v -0.221786 -0.153875 -0.123854
v -0.224039 -0.166027 -0.125659
v -0.239968 -0.174289 -0.139448
v -0.251448 -0.161274 -0.14725
v -0.254261 -0.179075 -0.148405
v -0.273554 -0.184434 -0.158538
v -0.284472 -0.164087 -0.164267
v -0.294505 -0.172887 -0.168706
v -0.305446 -0.155007 -0.17365
v -0.318304 -0.176463 -0.178526
v -0.321477 -0.148606 -0.179804
v -0.337743 -0.162888 -0.184983
v -0.338393 -0.140602 -0.185196
v -0.354311 -0.141746 -0.189366
v -0.380554 0.381619 0.1768
v -0.381159 0.37348 0.178246
v -0.366127 0.418567 0.17606
v -0.371238 0.410619 0.175342
v -0.368783 -0.975641 0.0085925
v -0.364198 -0.987333 -0.00445601
v -0.355096 -0.995269 -0.0110924
v -0.347809 -0.995617 -0.00854769
v -0.333483 -0.995706 -0.0129084
v -0.33716 -0.99185 0.000297053
v -0.328932 -0.991649 -0.00111541
v -0.320356 -0.988442 0.00149654
v -0.31419 -0.9925 -0.0143433
v -0.327822 -0.997556 -0.0288491
v -0.316006 -0.995258 -0.029589
v -0.320333 -0.99657 -0.0344318
v -0.308608 -0.993801 -0.0334341
v -0.308047 -0.990539 -0.052962
v -0.30029 -0.989989 -0.044745
v -0.28547 -0.983409 -0.054935
v -0.28927 -0.987848 -0.0340506
v -0.281165 -0.983947 -0.0379293
v -0.277679 -0.982636 -0.0289388
v -0.269518 -0.978062 -0.0434558
v -0.261055 -0.969879 -0.0221903
v -0.250394 -0.966403 -0.0423797
v -0.249867 -0.955507 -0.0250826
v -0.24313 -0.950485 -0.0399359
v -0.245192 -0.956931 -0.0548901
v -0.237312 -0.938188 -0.065394
v -0.245618 -0.954666 -0.0748665
v -0.349345 -0.180656 0.189971
v -0.352854 -0.791784 0.100123
v -0.337361 -0.795652 0.0978919
v -0.376675 0.582189 0.0316852
v -0.376417 0.578075 0.0422227
v -0.284058 0.0658648 -0.175365
v -0.331992 0.0606521 -0.188895
v -0.352248 0.0661115 -0.193211
v -0.364187 0.208053 0.197437
v -0.356609 0.192169 0.19941
v -0.354939 0.178313 0.199848
v -0.33948 0.16698 0.201372
v -0.302565 -0.00740425 -0.176463
v -0.357461 0.523258 0.137015
v -0.354591 0.507743 0.151398
v -0.368111 0.496107 0.141903
v -0.293003 -0.577672 0.122117
v -0.303339 -0.592996 0.127487
v -0.306399 -0.567347 0.132296
v -0.321141 -0.591483 0.138719
v -0.325434 -0.562684 0.14447
v -0.334335 -0.583759 0.145759
v -0.347652 -0.557449 0.151106
v -0.348807 -0.57803 0.148203
v -0.357158 0.477925 -0.13456
v -0.343247 0.535432 -0.115626
v -0.363728 0.51197 -0.10547
v -0.25027 -0.33281 -0.14577
v -0.261873 -0.31965 -0.153427
v -0.274428 -0.343931 -0.161251
v -0.283688 -0.320188 -0.165847
v -0.299012 -0.327564 -0.173425
v -0.299449 -0.299931 -0.17263
v -0.315166 -0.322183 -0.180017
v -0.316522 -0.296848 -0.179905
v -0.330736 -0.30205 -0.185454
v -0.332194 -0.270516 -0.185431
v -0.345119 -0.289853 -0.189927
v -0.349648 -0.88652 -0.161688
v -0.347058 -0.906598 -0.157462
v -0.33077 -0.883045 -0.160601
v -0.328203 -0.909266 -0.155444
v -0.312072 -0.890534 -0.155893
v -0.305502 -0.915465 -0.149077
v -0.296691 -0.897607 -0.149413
v -0.290021 -0.901845 -0.145815
v -0.283789 -0.893045 -0.144346
v -0.282925 -0.907517 -0.141275
v -0.271155 -0.88605 -0.139055
v -0.265426 -0.899457 -0.132778
v -0.257053 -0.876521 -0.131971
v -0.2498 -0.898773 -0.120974
v -0.245181 -0.8779 -0.12196
v -0.240226 -0.891767 -0.113059
v -0.238141 -0.878886 -0.114427
v -0.230574 -0.888471 -0.0965916
v -0.236919 -0.867934 -0.11603
v -0.234767 -0.854482 -0.116927
v -0.232648 -0.839147 -0.117319
v -0.236807 -0.847756 -0.120951
v -0.249587 -0.842129 -0.132733
v -0.244609 -0.861813 -0.125368
v -0.259149 -0.856713 -0.137015
v -0.275616 -0.873976 -0.143797
v -0.288699 -0.884749 -0.148203
v -0.343572 -0.101883 0.194321
v -0.329257 0.389544 -0.192696
v -0.334357 0.382247 -0.19218
v -0.341913 0.375487 -0.190992
v -0.343157 0.398098 -0.185151
v -0.35838 0.402817 -0.170701
v -0.369153 0.40451 -0.159581
v -0.366104 0.583142 0.0639703
v -0.362382 0.58534 0.0697434
v -0.36792 0.569197 0.0779941
v -0.360196 0.571809 0.0921187
v -0.354939 0.568132 0.105257
v -0.341464 0.573199 0.12242
v -0.332765 0.571742 0.135928
v -0.330635 0.581786 0.130166
v -0.321712 0.586236 0.137946
v -0.322441 0.592918 0.131477
v -0.315266 0.598343 0.13623
v -0.318181 0.605618 0.126646
v -0.312823 0.616358 0.123922
v -0.233489 -0.401718 0.0878925
v -0.230866 -0.373884 0.0872536
v -0.223691 -0.394253 0.07351
v -0.218669 -0.380733 0.0659544
v -0.213311 -0.391035 0.052749
v -0.212896 -0.379803 0.0537915
v -0.209399 -0.387538 0.0441957
v -0.20876 -0.368256 0.0459333
v -0.205587 -0.36051 0.0370549
v -0.210699 -0.35856 0.0521212
v -0.208322 -0.343247 0.050081
v -0.214824 -0.343897 0.0638133
v -0.208008 -0.327889 0.0516616
v -0.210934 -0.317564 0.0606969
v -0.204186 -0.307061 0.0470206
v -0.207706 -0.302913 0.0569976
v -0.206316 -0.294954 0.0556636
v -0.210127 -0.287521 0.0656518
v -0.204993 -0.284551 0.0549461
v -0.205206 -0.275572 0.0573339
v -0.200083 -0.275482 0.0414492
v -0.203928 -0.265202 0.0569864
v -0.198558 -0.254497 0.0434782
v -0.203737 -0.257658 0.058298
v -0.202729 -0.248533 0.0583092
v -0.209511 -0.2662 0.0691941
v -0.211573 -0.242109 0.0782183
v -0.217851 -0.259451 0.0856954
v -0.222649 -0.244038 0.0956723
v -0.230384 -0.265157 0.102174
v -0.23535 -0.241179 0.111254
v -0.252871 -0.261111 0.126668
v -0.249564 -0.24721 0.125222
v -0.265931 -0.245831 0.140154
v -0.252468 -0.23155 0.130435
v -0.268565 -0.236986 0.143853
v -0.264787 -0.220844 0.142777
v -0.269541 -0.226146 0.146151
v -0.277444 -0.221304 0.153371
v -0.278027 -0.239318 0.151364
v -0.296803 -0.240047 0.165489
v -0.286569 -0.254934 0.15577
v -0.30891 -0.266379 0.170208
v -0.292611 -0.27945 0.157272
v -0.310637 -0.28362 0.169154
v -0.307274 -0.303709 0.164446
v -0.327059 -0.302554 0.176116
v -0.341733 -0.30668 0.180118
v -0.341621 -0.998128 -0.0292751
v -0.335355 -0.998442 -0.0337816
v -0.33299 -0.997646 -0.0488143
v -0.350219 -0.99555 -0.0644075
v -0.348112 -0.992983 -0.0815701
v -0.347159 0.117667 -0.194568
v -0.33086 0.126948 -0.192639
v -0.306545 0.125491 -0.187427
v -0.325098 0.145546 -0.192651
v -0.31067 0.152283 -0.19061
v -0.315569 0.17263 -0.192651
v -0.302397 0.187741 -0.191406
v -0.348471 0.550196 -0.0981162
v -0.355085 0.534905 -0.100616
v -0.364815 0.540152 -0.0827247
v -0.324145 0.463777 -0.176172
v -0.305693 0.465078 -0.1882
v -0.303653 0.448644 -0.191776
v -0.294875 0.460975 -0.192449
v -0.287521 0.43944 -0.195689
v -0.274372 0.447635 -0.196473
v -0.258443 0.43351 -0.197505
v -0.260214 0.456883 -0.197202
v -0.237749 0.437636 -0.197213
v -0.239789 0.459686 -0.19774
v -0.22803 0.453375 -0.197303
v -0.211999 0.464349 -0.196911
v -0.222256 0.434609 -0.195711
v -0.203704 0.437849 -0.19348
v -0.212123 0.420507 -0.193077
v -0.197572 0.413198 -0.189938
v -0.220059 0.40859 -0.193278
v -0.208547 0.38932 -0.189568
v -0.226483 0.391473 -0.192707
v -0.220474 0.37125 -0.189994
v -0.240932 0.380834 -0.194052
v -0.23257 0.362113 -0.191216
v -0.248432 0.35476 -0.193278
v -0.247984 0.341162 -0.192337
v -0.260673 0.367225 -0.195532
v -0.274877 0.347025 -0.196339
v -0.282735 0.363223 -0.197314
v -0.290649 0.338427 -0.197213
v -0.31252 0.33383 -0.19746
v -0.337653 0.32836 -0.195644
v -0.354053 0.334828 -0.191978
v -0.292544 -0.875075 -0.151196
v -0.28399 -0.857161 -0.150165
v -0.295593 -0.870199 -0.153146
v -0.299404 -0.865737 -0.155265
v -0.3052 -0.8678 -0.157036
v -0.304875 -0.856825 -0.15818
v -0.316219 -0.868887 -0.160029
v -0.31558 -0.851175 -0.161801
v -0.329671 -0.85845 -0.164188
v -0.328707 -0.836961 -0.166509
v -0.343123 -0.855054 -0.166811
v -0.314751 -0.533089 0.141622
v -0.333191 -0.544411 0.150075
v -0.353426 0.562482 -0.0804939
v -0.341251 -0.156352 0.191261
v -0.327923 -0.634675 -0.187595
v -0.324111 -0.643161 -0.18607
v -0.336846 -0.636693 -0.189254
v -0.335075 -0.650481 -0.187954
v -0.341128 -0.641446 -0.189702
v -0.342238 -0.649629 -0.189344
v -0.350601 -0.650952 -0.190566
v -0.359513 -0.653732 -0.191563
v -0.361116 0.292432 -0.19422
v -0.365353 0.305805 -0.192225
v -0.360208 0.31956 -0.191967
v -0.352742 0.325008 -0.1932
v -0.348941 0.308596 -0.195139
v -0.32577 0.298564 -0.197527
v -0.319694 0.313843 -0.197482
v -0.30205 0.298866 -0.196922
v -0.303933 0.321398 -0.197572
v -0.285616 0.31474 -0.195969
v -0.267209 0.328281 -0.194276
v -0.345141 -0.465997 -0.193301
v -0.230776 -0.217985 0.11038
v -0.220564 -0.225519 0.0957844
v -0.212885 -0.212683 0.0871078
v -0.207347 -0.224241 0.0742275
v -0.20376 -0.236404 0.0635555
v -0.202661 -0.219902 0.0648783
v -0.199848 -0.221259 0.0576029
v -0.198693 -0.203356 0.0608426
v -0.194433 -0.202123 0.0475475
v -0.19737 -0.188604 0.0614032
v -0.190734 -0.177663 0.0453728
v -0.195834 -0.174165 0.062995
v -0.194041 -0.168448 0.060114
v -0.198861 -0.170948 0.0708532
v -0.196249 -0.15735 0.0690148
v -0.20478 -0.168953 0.0837
v -0.200677 -0.145232 0.0833188
v -0.214544 -0.165377 0.100246
v -0.208087 -0.132038 0.0991138
v -0.219039 -0.150669 0.109472
v -0.224756 -0.132778 0.120626
v -0.227436 -0.161072 0.117319
v -0.237065 -0.149682 0.130513
v -0.236717 -0.173795 0.124975
v -0.25036 -0.172573 0.13836
v -0.250506 -0.19561 0.134459
v -0.260864 -0.187382 0.145075
v -0.259407 -0.196888 0.142194
v -0.267971 -0.194982 0.150019
v -0.266267 -0.204231 0.146869
v -0.279529 -0.204163 0.157642
v -0.294079 -0.221505 0.165937
v -0.313697 -0.237738 0.176441
v -0.32243 -0.252367 0.179759
v -0.345231 -0.25425 0.18477
v -0.33781 -0.286019 0.181205
v -0.327721 -0.269328 0.180342
v -0.246717 -0.931955 -0.108116
v -0.246594 -0.923346 -0.111142
v -0.25675 -0.940575 -0.115032
v -0.255618 -0.915016 -0.122173
v -0.262512 -0.934657 -0.122408
v -0.268397 -0.917023 -0.130984
v -0.272489 -0.927235 -0.131018
v -0.279215 -0.918884 -0.136858
v -0.279338 -0.931394 -0.13391
v -0.290638 -0.920263 -0.142217
v -0.295514 -0.943546 -0.138102
v -0.31011 -0.941921 -0.143831
v -0.318686 -0.926327 -0.150153
v -0.327586 -0.947369 -0.14605
v -0.335512 -0.929175 -0.151936
v -0.348235 -0.94469 -0.147676
v -0.353975 -0.921586 -0.153729
v -0.333337 -0.600473 -0.191272
v -0.322676 -0.58646 -0.189389
v -0.342989 -0.592368 -0.19376
v -0.344614 -0.575273 -0.194736
v -0.366866 -0.585138 -0.197729
v -0.351946 -0.989429 -0.000745485
v -0.343023 -0.976066 0.0136483
v -0.36366 -0.982949 0.00204583
v -0.351027 0.44064 0.179098
v -0.35625 0.442131 0.17634
v -0.350051 0.447725 0.178044
v -0.356172 0.448375 0.174771
v -0.3543 0.582234 0.0921524
v -0.345601 0.58618 0.10362
v -0.3505 0.588568 0.0924887
v -0.344457 0.599206 0.091704
v -0.349872 0.596303 0.0839802
v -0.34457 0.609105 0.0781286
v -0.355085 0.592738 0.0772094
v -0.353526 0.608387 0.057928
v -0.321264 -0.96359 -0.138428
v -0.337317 -0.963545 -0.141096
v -0.36088 0.585014 0.0735997
v -0.328057 0.412469 -0.189557
v -0.340926 0.289282 -0.196854
v -0.290795 0.244486 -0.193133
v -0.306287 0.232559 -0.194646
v -0.328932 0.232648 -0.196854
v -0.344558 0.217503 -0.196899
v -0.253656 -0.95924 -0.0839242
v -0.255382 -0.965137 -0.0711223
v -0.263902 -0.972423 -0.0623224
v -0.291176 -0.981604 -0.07879
v -0.298081 -0.98416 -0.0684767
v -0.307621 -0.986851 -0.0648783
v -0.303597 -0.985931 -0.0729047
v -0.323551 -0.994092 -0.0640488
v -0.329122 -0.992489 -0.0781398
v -0.330669 -0.463082 0.157597
v -0.331532 -0.479382 0.156139
v -0.31132 -0.471636 0.146353
v -0.342081 -0.401819 0.169121
v -0.354737 -0.644248 -0.191642
v -0.341935 -0.625214 -0.191126
v -0.350074 -0.617703 -0.193077
v -0.258005 -0.404106 -0.153303
v -0.263285 -0.386921 -0.155882
v -0.249912 -0.37857 -0.146734
v -0.267175 -0.371485 -0.158056
v -0.26101 -0.354277 -0.153606
v -0.284215 -0.370891 -0.167518
v -0.292914 -0.347832 -0.171015
v -0.352764 0.62175 -0.00969113
v -0.340758 0.0921861 0.199982
v -0.317419 -0.420877 -0.183268
v -0.330366 -0.402413 -0.187034
v -0.3493 0.633464 0.0162714
v -0.352843 0.62759 0.017157
v -0.345668 0.533639 0.146185
v -0.336779 0.513976 0.166576
v -0.331387 0.534659 0.161958
v -0.322497 0.524536 0.171968
v -0.31975 0.532708 0.170982
v -0.319896 0.520119 0.174692
v -0.310738 0.53828 0.174199
v -0.306321 0.515243 0.181766
v -0.293754 0.527518 0.183021
v -0.285885 0.504638 0.188828
v -0.274395 0.529659 0.187853
v -0.26787 0.507844 0.192157
v -0.258017 0.522608 0.192079
v -0.250506 0.501589 0.195924
v -0.237054 0.508708 0.197292
v -0.228613 0.477129 0.201215
v -0.21636 0.492173 0.201013
v -0.200879 0.482947 0.202684
v -0.203625 0.506925 0.200834
v -0.19005 0.498439 0.20237
v -0.190263 0.524626 0.200486
v -0.31789 0.547169 0.167181
v -0.259026 0.429789 0.201316
v -0.239722 0.448218 0.202235
v -0.26435 0.443779 0.19959
v -0.263902 0.470817 0.19691
v -0.279955 0.45296 0.195857
v -0.283419 0.473441 0.192852
v -0.296456 0.464416 0.191126
v -0.296243 0.491265 0.188099
v -0.310379 0.478294 0.186149
v -0.312598 0.495345 0.183425
v -0.325255 0.469696 0.183716
v -0.331532 0.495816 0.175667
v -0.336274 0.484662 0.176318
v -0.344357 0.4965 0.167921
v -0.294001 0.41646 0.19718
v -0.299113 0.438174 0.193615
v -0.310188 0.450729 0.189691
v -0.33531 0.472196 0.179793
v -0.240518 -0.774722 -0.134482
v -0.245091 -0.791694 -0.135177
v -0.254026 -0.802535 -0.139324
v -0.258095 -0.823363 -0.139515
v -0.272209 -0.809563 -0.148539
v -0.268924 -0.839393 -0.144346
v -0.284158 -0.821031 -0.153169
v -0.287309 -0.840772 -0.1529
v -0.297543 -0.82676 -0.158157
v -0.306074 -0.839472 -0.160041
v -0.310087 -0.827006 -0.162473
v -0.315502 -0.835313 -0.163235
v -0.322687 -0.823699 -0.166733
v -0.28723 0.325378 0.203435
v -0.311354 0.32262 0.2008
v -0.291266 0.308462 0.203345
v -0.311533 0.298126 0.201507
v -0.308765 0.284125 0.202314
v -0.326084 0.302509 0.199321
v -0.330165 0.280224 0.19996
v -0.334447 0.258487 0.200128
v -0.311253 0.262086 0.202639
v -0.325781 0.242266 0.201731
v -0.298877 0.251739 0.203637
v -0.309717 0.233792 0.203255
v -0.290324 0.231325 0.203592
v -0.307756 0.21358 0.203368
v -0.280112 0.206394 0.203558
v -0.290537 0.195521 0.203558
v -0.269653 0.182158 0.202291
v -0.283945 0.176531 0.20274
v -0.2612 0.160164 0.200419
v -0.273509 0.151611 0.201081
v -0.252748 0.144694 0.198502
v -0.262366 0.12418 0.198536
v -0.238264 0.125211 0.191451
v -0.251526 0.109024 0.194635
v -0.237323 0.103968 0.186182
v -0.255449 0.0893051 0.193458
v -0.238152 0.0802585 0.181732
v -0.260864 0.0689364 0.192505
v -0.241224 0.0541503 0.177999
v -0.253846 0.0341964 0.182012
v -0.230675 0.0372231 0.167148
v -0.231931 0.0191749 0.163975
v -0.214421 0.0395548 0.15411
v -0.217066 0.0286026 0.153449
v -0.208031 0.0318871 0.145557
v -0.221135 0.0185919 0.154458
v -0.213569 0.0101283 0.144728
v -0.223949 0.00669806 0.154133
v -0.2247 -0.00552087 0.151711
v -0.290503 -0.967659 0.0116977
v -0.307969 -0.963197 0.0235131
v -0.319033 -0.976302 0.0150383
v -0.335052 0.587761 0.118967
v -0.337294 0.592223 0.111064
v -0.32873 0.596695 0.120211
v -0.32595 0.602794 0.118619
v -0.318226 0.616044 0.117016
v -0.254642 0.487274 0.19681
v -0.275796 0.490816 0.192471
v -0.320244 0.50632 0.178481
v -0.326914 0.501219 0.176374
v -0.333808 0.337485 0.196227
v -0.319829 0.622983 -0.0757184
v -0.313327 0.639798 -0.0684207
v -0.311791 0.655985 -0.0528275
v -0.310895 0.666377 -0.0421443
v -0.320468 0.670054 -0.0170225
v -0.318428 0.678966 0.00251665
v -0.325714 0.668171 0.0111596
v -0.320143 0.675704 0.0140966
v -0.321197 0.671489 0.0222912
v -0.315872 0.678002 0.0253516
v -0.324694 0.664572 0.0275712
v -0.327228 0.657521 0.0375033
v -0.33818 0.624519 0.0711559
v -0.328965 -0.679829 -0.184568
v -0.314818 -0.689335 -0.180566
v -0.32188 -0.696936 -0.181654
v -0.333382 -0.700265 -0.183929
v -0.333774 -0.693371 -0.184557
v -0.337249 -0.684683 -0.185813
v -0.326039 -0.132856 -0.181452
v -0.306085 -0.549669 0.134582
v -0.326678 0.614822 0.106154
v -0.337261 0.603343 0.10028
v -0.341027 0.593601 0.103519
v -0.340254 0.605193 0.0927689
v -0.333763 0.614508 0.0944504
v -0.319358 -0.805259 -0.168045
v -0.306724 -0.789632 -0.165601
v -0.300088 -0.774263 -0.165051
v -0.301926 -0.767055 -0.16652
v -0.260001 -0.784229 -0.146039
v -0.288351 -0.791952 -0.158281
v -0.298406 -0.805259 -0.160736
v -0.312834 -0.812399 -0.165096
v -0.27111 -0.306175 -0.158404
v -0.280919 -0.294438 -0.163426
v -0.3203 0.404499 -0.193178
v -0.327194 0.397795 -0.192146
v -0.305121 -0.986862 -0.00470265
v -0.297577 -0.990965 -0.0283335
v -0.297633 -0.990505 -0.0370998
v -0.327609 0.591539 0.126108
v -0.332575 0.584275 0.125514
v -0.313092 0.479864 -0.178459
v -0.300873 0.482263 -0.186395
v -0.294539 0.471322 -0.191093
v -0.287499 0.485861 -0.191036
v -0.275146 0.474102 -0.194825
v -0.278935 0.496466 -0.191799
v -0.264485 0.495973 -0.195005
v -0.273856 0.507374 -0.191698
v -0.264709 0.511925 -0.193379
v -0.333875 0.658418 0.0106215
v -0.292006 -0.462724 0.134695
v -0.29186 -0.446592 0.136679
v -0.315491 -0.446447 0.152003
v -0.274507 -0.442209 0.123854
v -0.298272 -0.433645 0.142609
v -0.322049 0.513651 0.175499
v -0.250192 -0.152586 0.142026
v -0.257378 -0.156778 0.147564
v -0.267399 -0.140423 0.159099
v -0.267411 -0.158023 0.155814
v -0.283576 -0.15401 0.168594
v -0.274013 -0.173291 0.158438
v -0.288048 -0.18922 0.166229
v -0.301769 -0.191227 0.175286
v -0.310446 -0.214656 0.177741
v -0.278822 -0.509963 -0.17041
v -0.289147 -0.52022 -0.176362
v -0.291221 -0.538762 -0.178604
v -0.309034 -0.522529 -0.184837
v -0.225463 -0.692564 0.0493187
v -0.217358 -0.690198 0.0360348
v -0.220104 -0.696274 0.0399359
v -0.220071 -0.706386 0.0378396
v -0.228601 -0.715892 0.0484107
v -0.223232 -0.731317 0.0370997
v -0.233949 -0.716721 0.0550695
v -0.237984 -0.73292 0.0566165
v -0.237177 -0.723672 0.0575581
v -0.24026 -0.727393 0.0603046
v -0.245058 -0.718582 0.0674229
v -0.252098 -0.731104 0.0713353
v -0.25203 -0.740812 0.0689139
v -0.258543 -0.751069 0.0719855
v -0.273027 -0.761864 0.0800231
v -0.280582 -0.788544 0.0779716
v -0.286288 -0.815583 0.0755279
v -0.234128 -0.829764 0.0265286
v -0.246179 -0.834281 0.0393529
v -0.25064 -0.821939 0.0473009
v -0.251347 -0.834786 0.0441733
v -0.26009 -0.851511 0.046505
v -0.266503 -0.885601 0.0406757
v -0.285257 -0.906004 0.0451373
v -0.305525 -0.961605 -0.133899
v -0.280291 -0.950687 -0.126904
v -0.268711 -0.936618 -0.126209
v -0.319807 0.562594 0.157888
v -0.308865 0.562269 0.167081
v -0.301971 0.551351 0.17495
v -0.302128 0.559568 0.172304
v -0.280044 0.555353 0.182035
v -0.296658 0.567134 0.172899
v -0.301254 -0.879783 -0.153942
v -0.219577 0.0503613 0.161655
v -0.222189 0.0708645 0.168661
v -0.223624 0.085034 0.173022
v -0.205856 0.0841148 0.159121
v -0.203749 0.0992596 0.16152
v -0.194254 0.100336 0.153281
v -0.192415 0.111983 0.155568
v -0.183559 0.118294 0.148606
v -0.192303 0.128271 0.160556
v -0.182763 0.137105 0.154424
v -0.200453 0.142643 0.171609
v -0.186676 0.162372 0.166341
v -0.212582 0.162114 0.184804
v -0.198043 0.17606 0.17921
v -0.21803 0.184792 0.193077
v -0.209981 0.19839 0.191675
v -0.235496 0.189007 0.199332
v -0.231561 0.208636 0.19996
v -0.253779 0.207896 0.202022
v -0.230552 0.22618 0.200823
v -0.247423 0.22451 0.202067
v -0.236796 0.247221 0.202202
v -0.261066 0.233231 0.203323
v -0.254833 0.253589 0.203356
v -0.276973 0.251504 0.20385
v -0.275852 0.269944 0.203995
v -0.289954 0.27917 0.203681
v -0.309706 -0.329985 0.163179
v -0.29399 -0.315726 0.153819
v -0.286535 -0.298552 0.15031
v -0.27315 -0.297678 0.139885
v -0.273576 -0.288654 0.14123
v -0.266065 -0.283822 0.135311
v -0.27704 -0.284517 0.144616
v -0.264619 -0.275258 0.13521
v -0.268397 -0.26592 0.139717
v -0.269406 -0.258162 0.141533
v -0.275325 -0.260236 0.146219
v -0.282611 0.0924327 0.199152
v -0.271211 0.107533 0.198727
v -0.283217 0.116288 0.200296
v -0.282869 0.122274 -0.180364
v -0.320143 0.591023 -0.103744
v -0.299135 -0.50447 -0.180118
v -0.294707 -0.473261 -0.176262
v -0.297824 0.501208 -0.181687
v -0.313955 0.497161 -0.169558
v -0.302083 0.566697 0.169872
v -0.302947 0.0519194 0.198682
v -0.284887 0.0699004 0.198278
v -0.287981 0.0499241 0.197606
v -0.269092 0.0504846 0.193009
v -0.267175 0.028143 0.188492
v -0.287544 0.28843 -0.194982
v -0.265068 0.291714 -0.191687
v -0.247972 0.296568 -0.18894
v -0.230014 0.302509 -0.185544
v -0.214409 0.311803 -0.182506
v -0.231213 0.32586 -0.188032
v -0.22266 0.339043 -0.187584
v -0.281233 0.432793 0.197785
v -0.238365 0.421224 -0.196372
v -0.247109 0.405833 -0.196428
v -0.275134 0.41859 -0.197359
v -0.303552 0.60665 0.144391
v -0.31484 0.589857 0.143887
v -0.297577 0.604049 0.1542
v -0.3052 0.591258 0.154144
v -0.302061 -0.722876 -0.173224
v -0.298193 -0.706733 -0.174076
v -0.287062 -0.703236 -0.170892
v -0.263498 -0.698965 -0.161094
v -0.248701 -0.68113 -0.154189
v -0.22729 -0.690255 -0.133865
v -0.227626 -0.702799 -0.133148
v -0.223882 -0.7219 -0.125054
v -0.229577 -0.716621 -0.134493
v -0.230451 -0.726194 -0.1341
v -0.237222 -0.71365 -0.142452
v -0.254149 -0.723627 -0.15309
v -0.272623 -0.725734 -0.162204
v -0.284102 -0.716486 -0.168145
v -0.288867 -0.737314 -0.166587
v -0.276524 0.73218 -0.000341934
v -0.280582 0.727629 0.00337982
v -0.287365 0.718908 -0.00776298
v -0.285358 0.713426 -0.0253852
v -0.296848 0.705949 -0.0098817
v -0.303126 0.687687 -0.0280532
v -0.308507 0.691768 -0.00405246
v -0.27741 0.70902 -0.0461799
v -0.291098 0.6954 -0.0403058
v -0.297667 0.676533 -0.0522445
v -0.285459 0.721351 0.00972472
v -0.293351 0.712159 0.0091418
v -0.303518 0.698494 0.0134128
v -0.312352 0.687194 0.0106327
v -0.293306 0.707821 0.0255982
v -0.304617 0.692855 0.0259345
v -0.307475 0.547046 0.17328
v -0.291546 0.542001 0.181205
v -0.252434 0.550129 0.189579
v -0.241101 0.526543 0.194568
v -0.222301 0.513999 0.198805
v -0.287824 -0.97582 -0.00156382
v -0.276311 -0.965013 0.00298747
v -0.271917 -0.97063 -0.00726975
v -0.266121 -0.960081 -0.00275207
v -0.272646 -0.0410232 -0.162686
v -0.285291 -0.0193093 -0.169255
v -0.299393 -0.188895 -0.170589
v -0.294483 -0.555229 -0.180678
v -0.202336 0.152922 -0.150467
v -0.229218 0.151925 -0.163112
v -0.213737 0.171688 -0.159312
v -0.234363 0.169009 -0.168258
v -0.219858 0.193974 -0.165578
v -0.237031 0.191933 -0.172517
v -0.228097 0.210688 -0.171677
v -0.248746 0.204399 -0.17875
v -0.244721 0.220923 -0.179703
v -0.265819 0.210038 -0.184938
v -0.269115 0.19505 -0.184344
v -0.283094 0.18171 -0.186743
v -0.299707 0.166531 -0.189288
v -0.299595 0.658373 0.103217
v -0.229644 0.539266 0.194915
v -0.237155 0.566025 0.190274
v -0.260886 0.564253 0.1857
v -0.249553 0.586752 0.1844
v -0.255965 0.600092 0.180264
v -0.265774 0.608533 0.174939
v -0.254452 0.625472 0.174748
v -0.266334 0.616974 0.171789
v -0.264485 0.622949 0.170825
v -0.264081 0.637713 0.16439
v -0.270247 0.647387 0.152877
v -0.280594 0.653048 0.135569
v -0.268117 0.671523 0.13502
v -0.284282 0.66492 0.11946
v -0.300469 0.662678 -0.0637461
v -0.27111 -0.915274 0.0310911
v -0.257893 -0.902058 0.0251049
v -0.25657 -0.892271 0.0285801
v -0.244127 -0.89402 0.014276
v -0.248051 -0.876969 0.0258896
v -0.234352 -0.871723 0.0110923
v -0.246919 -0.860704 0.0305418
v -0.228915 -0.853933 0.010913
v -0.247289 -0.846243 0.0366401
v -0.102141 0.244251 -0.0739024
v -0.0943047 0.258768 -0.0687458
v -0.0964234 0.237401 -0.0497111
v -0.0881728 0.256649 -0.0485789
v -0.0902018 0.23822 -0.0271004
v -0.0812674 0.26175 -0.0293536
v -0.0854824 0.243197 -0.0140855
v -0.0777699 0.25907 -0.00751637
v -0.0852694 0.237334 0.00502769
v -0.0766713 0.25638 0.0127066
v -0.084339 0.234991 0.0246341
v -0.0761444 0.253622 0.035138
v -0.0841484 0.238455 0.0499016
v -0.0728038 0.263846 0.0462247
v -0.080875 0.253914 0.0632416
v -0.076604 0.262781 0.0616273
v -0.0763574 0.268106 0.0680059
v -0.0700461 0.277892 0.0617058
v -0.0711895 0.284002 0.0737006
v -0.0633089 0.290459 0.0589593
v -0.06406 0.300357 0.0758193
v -0.0604167 0.295862 0.0582643
v -0.0579841 0.305547 0.0659993
v -0.0521549 0.313428 0.0593293
v -0.0474242 0.327867 0.0677256
v -0.0437025 0.327362 0.0550246
v -0.0390727 0.336476 0.0555627
v -0.0412475 0.326107 0.0346447
v -0.0320328 0.343762 0.0358218
v -0.0281989 0.350769 0.020677
v -0.0270443 0.35615 0.0489712
v -0.0156549 0.373301 0.0324139
v -0.0229078 0.364154 0.0495989
v -0.019455 0.373133 0.0556188
v -0.029432 0.3644 0.0714249
v -0.017852 0.385285 0.0712007
v -0.028098 0.382527 0.090426
v -0.0170673 0.397986 0.0860765
v -0.0310351 0.398176 0.109147
v -0.0148589 0.416572 0.0998985
v -0.0226051 0.416964 0.112073
v -0.0198362 0.432131 0.120895
v -0.0368867 0.410978 0.12733
v -0.0335461 0.431089 0.136959
v -0.0415501 0.423152 0.140871
v -0.0447786 0.433992 0.149952
v -0.0538924 0.420282 0.151241
v -0.0554057 0.440629 0.162271
v -0.0648671 0.42786 0.164581
v -0.0628829 0.457354 0.174916
v -0.0769739 0.439093 0.178022
v -0.0843838 0.456928 0.188245
v -0.0942374 0.433477 0.187046
v -0.103598 0.454193 0.196204
v -0.113508 0.427928 0.195106
v -0.124471 0.448902 0.200049
v -0.129471 0.435438 0.200206
v -0.150635 0.419531 0.202179
v -0.167921 0.425181 0.203917
v -0.171374 0.402201 0.203715
v -0.187595 0.395205 0.204814
v -0.207033 0.391203 0.20543
v -0.192909 0.365869 0.204354
v -0.208322 0.374041 0.205228
v -0.21525 0.360017 0.205105
v -0.230496 0.375689 0.205542
v -0.256806 0.377068 0.204511
v -0.287107 0.144548 -0.184254
v -0.278789 0.156812 -0.183111
v -0.268005 0.172248 -0.181463
v -0.247984 0.180992 -0.175488
v -0.22674 -0.0880495 -0.135412
v -0.255225 -0.247356 -0.147911
v -0.281703 -0.245304 -0.162888
v -0.280941 -0.489224 -0.170298
v -0.154783 0.217716 0.156812
v -0.152474 0.227043 0.158258
v -0.167002 0.218905 0.168258
v -0.157462 0.23998 0.167237
v -0.174546 0.236549 0.178986
v -0.170724 0.253264 0.181351
v -0.190297 0.243623 0.190879
v -0.201451 0.26129 0.199074
v -0.215071 0.239128 0.200038
v -0.223736 0.265494 0.20191
v -0.241168 0.267243 0.203379
v -0.249082 0.280179 0.203861
v -0.274395 0.295301 0.204421
v -0.262893 -0.789733 0.06508
v -0.272018 -0.796963 0.0703936
v -0.261794 0.0735325 -0.167607
v -0.287936 0.550185 -0.167024
v -0.287802 0.576607 -0.151319
v -0.275717 0.566058 -0.170365
v -0.272635 0.594857 -0.154974
v -0.261335 0.576696 -0.176732
v -0.258622 0.591841 -0.170298
v -0.247311 0.584588 -0.183458
v -0.23535 0.597009 -0.18588
v -0.228926 0.586797 -0.191238
v -0.220474 0.594666 -0.191911
v -0.217896 0.574656 -0.195588
v -0.207145 0.58831 -0.195554
v -0.196798 0.567784 -0.198155
v -0.189994 0.591572 -0.197292
v -0.178907 0.56987 -0.199186
v -0.161554 0.590081 -0.199366
v -0.158527 0.565139 -0.199186
v -0.139649 0.583479 -0.199119
v -0.146387 0.55301 -0.197706
v -0.121624 0.573087 -0.196933
v -0.124348 0.556608 -0.195095
v -0.104674 0.550543 -0.190936
v -0.120189 0.535387 -0.19153
v -0.101446 0.533751 -0.187326
v -0.110044 0.512362 -0.185499
v -0.0918049 0.506791 -0.179613
v -0.110671 0.488137 -0.181205
v -0.0835767 0.487038 -0.17097
v -0.105728 0.473026 -0.175892
v -0.0794289 0.47418 -0.165982
v -0.0957508 0.455527 -0.16754
v -0.0705394 0.457421 -0.15753
v -0.0882064 0.440573 -0.160186
v -0.0750458 0.42906 -0.149873
v -0.0959078 0.417951 -0.156902
v -0.0859868 0.40229 -0.146869
v -0.250741 0.542495 -0.192808
v -0.251885 0.550084 -0.191406
v -0.270628 0.549736 -0.182136
v -0.281726 -0.279069 0.149066
v -0.285324 -0.0713688 0.183234
v -0.279708 -0.0861998 0.177394
v -0.286815 -0.108598 0.178347
v -0.284966 -0.133652 0.172887
v -0.261761 0.395957 -0.196922
v -0.276211 0.379949 -0.197247
v -0.25981 -0.764342 -0.148898
v -0.277545 -0.777402 -0.155736
v -0.269574 0.139022 -0.177853
v -0.250551 0.135681 -0.170051
v -0.290952 0.599195 0.163717
v -0.29492 -0.985494 -0.0102404
v -0.287465 -0.981784 -0.0109579
v -0.27472 -0.977793 -0.0154867
v -0.265572 -0.626615 0.0975556
v -0.256268 -0.615618 0.0913565
v -0.24332 -0.614777 0.08018
v -0.23368 -0.605293 0.0702591
v -0.231886 -0.584622 0.0697995
v -0.219835 -0.599655 0.052592
v -0.219891 -0.582671 0.0533207
v -0.212167 -0.579678 0.0389718
v -0.210026 -0.574836 0.0342748
v -0.214264 -0.567482 0.0438482
v -0.207908 -0.572919 0.029645
v -0.208715 -0.563614 0.0321
v -0.205206 -0.560599 0.0218989
v -0.210609 -0.554545 0.0365168
v -0.211271 -0.543784 0.0378956
v -0.217784 -0.547124 0.0511459
v -0.225676 -0.539165 0.0649679
v -0.236056 -0.534973 0.0778259
v -0.236303 -0.561204 0.076178
v -0.248779 -0.545589 0.0903924
v -0.249665 -0.56311 0.0897198
v -0.263218 -0.547124 0.103127
v -0.263039 -0.559164 0.101759
v -0.256425 0.722618 0.0940917
v -0.259451 0.730006 0.0754382
v -0.267545 0.715376 0.0845968
v -0.23609 -0.698001 -0.143237
v -0.252187 -0.706285 -0.153897
v -0.27296 -0.712305 -0.164233
v -0.292252 -0.709457 -0.17189
v -0.251302 0.316365 -0.191093
v -0.273543 0.305659 -0.193929
v -0.292622 0.653295 0.119494
v -0.279787 0.601067 -0.143416
v -0.279899 0.617445 -0.131634
v -0.265124 0.615113 -0.149257
v -0.267859 0.630146 -0.135412
v -0.248073 0.626996 -0.158034
v -0.247378 0.640392 -0.149425
v -0.231124 0.643184 -0.163684
v -0.225642 0.660828 -0.156162
v -0.213513 0.651008 -0.174625
v -0.202672 0.665077 -0.174333
v -0.191317 0.657644 -0.1857
v -0.181732 0.679033 -0.181183
v -0.170477 0.672767 -0.189198
v -0.172035 0.694391 -0.178212
v -0.151868 0.683596 -0.192001
v -0.157305 0.701622 -0.183268
v -0.141746 0.702395 -0.18959
v -0.15559 0.718313 -0.173997
v -0.129112 0.721844 -0.187079
v -0.150467 0.73199 -0.168908
v -0.131388 0.738211 -0.178492
v -0.14558 0.752269 -0.156207
v -0.134044 0.754466 -0.164099
v -0.13326 0.772189 -0.149996
v -0.119998 0.767996 -0.164569
v -0.115705 0.78137 -0.156835
v -0.100381 0.770519 -0.176643
v -0.0908184 0.787289 -0.171329
v -0.0901009 0.763546 -0.186373
v -0.0741266 0.77887 -0.186597
v -0.0722657 0.762447 -0.192539
v -0.0661226 0.771057 -0.191888
v -0.0635106 0.749309 -0.196978
v -0.0522669 0.771113 -0.195061
v -0.0368082 0.76377 -0.198682
v -0.0321785 0.782087 -0.196238
v -0.0163386 0.769611 -0.199982
v -0.00953415 0.791874 -0.197471
v 0.000924838 0.772099 -0.201193
v 0.0134577 0.791201 -0.200453
v 0.0239839 0.769577 -0.202841
v 0.0330417 0.786572 -0.202527
v 0.0518522 0.761382 -0.203401
v 0.0567958 0.776225 -0.203816
v 0.0757184 0.764678 -0.202796
v 0.0671427 0.791829 -0.203894
v 0.0892266 0.791493 -0.203962
v 0.0767161 0.815258 -0.203054
v 0.101457 0.810023 -0.20385
v 0.0934191 0.835021 -0.201327
v 0.113396 0.825549 -0.202975
v 0.114853 0.843832 -0.200666
v 0.131511 0.827656 -0.202796
v 0.137878 0.85687 -0.199175
v 0.150893 0.840727 -0.201159
v 0.162653 0.863114 -0.198469
v 0.181755 0.849707 -0.198984
v 0.174614 0.876286 -0.196619
v 0.197292 0.876129 -0.196059
v 0.185801 0.894031 -0.193088
v 0.204556 0.895085 -0.193077
v 0.193525 0.91857 -0.182147
v 0.218154 0.918111 -0.183997
v 0.205273 0.932897 -0.172248
v 0.22377 0.936103 -0.169861
v 0.215777 0.946819 -0.161576
v 0.22127 0.950093 -0.157754
v 0.207145 0.948422 -0.158482
v 0.216394 0.959027 -0.146432
v 0.196182 0.958982 -0.143752
v 0.208222 0.966964 -0.135827
v -0.274462 0.220822 0.203603
v -0.161801 0.74422 -0.147833
v -0.171374 0.714782 -0.163639
v -0.178324 0.731396 -0.142889
v -0.185588 0.710948 -0.153718
v -0.197269 0.715029 -0.138618
v -0.195375 0.697261 -0.156106
v -0.206977 0.690255 -0.150512
v -0.202303 0.67845 -0.164782
v -0.22433 0.675693 -0.145255
v -0.241291 0.66566 -0.136186
v -0.255035 0.647892 -0.135692
v -0.276367 0.644775 -0.114707
v -0.285773 0.631491 -0.114573
v -0.241762 0.468329 0.200509
v -0.216147 0.44768 0.203939
v -0.10973 0.796436 -0.148046
v -0.123922 0.792031 -0.139896
v -0.127206 0.803432 -0.125928
v -0.137486 0.784542 -0.134661
v -0.148225 0.793455 -0.115268
v -0.152788 0.777435 -0.126489
v -0.169973 0.774218 -0.112185
v -0.165298 0.760116 -0.130637
v -0.185443 0.762929 -0.107151
v -0.181833 0.746114 -0.126971
v -0.197852 0.751036 -0.105313
v -0.204657 0.731597 -0.116994
v -0.213658 0.735263 -0.103542
v -0.222548 0.704906 -0.121893
v -0.232458 0.714121 -0.102903
v -0.232996 0.689212 -0.124897
v -0.246481 0.69633 -0.104091
v -0.249979 0.678406 -0.115985
v -0.261761 0.682688 -0.0986991
v -0.270067 0.657667 -0.111456
v -0.275908 0.669191 -0.0936882
v -0.248241 -0.940856 -0.104876
v -0.267041 -0.949869 -0.115537
v -0.268745 -0.0688914 0.173268
v -0.268487 -0.0968494 0.168067
v -0.270191 -0.119135 0.165264
v -0.138674 0.0789022 -0.000510073
v -0.145198 0.0578384 -0.00534162
v -0.146712 0.0616947 -0.0187601
v -0.15309 0.0434335 -0.0270443
v -0.152283 0.0560672 -0.0368755
v -0.159065 0.0469535 -0.0534889
v -0.154604 0.0668065 -0.0553497
v -0.164827 0.0524128 -0.0764023
v -0.159682 0.0759203 -0.0778035
v -0.170881 0.0607082 -0.0985421
v -0.16152 0.0899665 -0.0940581
v -0.174625 0.0765705 -0.114685
v -0.170948 0.0953137 -0.116131
v -0.174614 0.0848547 -0.117353
v -0.183615 0.0947419 -0.128843
v -0.192258 0.0744853 -0.131074
v -0.189321 0.0559888 -0.124964
v -0.210508 0.0604839 -0.140614
v -0.196428 0.0366401 -0.127688
v -0.212762 0.0397677 -0.139481
v -0.226763 0.0276497 -0.146151
v -0.255786 0.0237934 -0.159928
v -0.207538 0.276917 0.200756
v -0.225519 0.284629 0.202942
v -0.216764 0.30159 0.203087
v -0.232357 0.303272 0.204085
v -0.243242 0.316488 0.204657
v -0.253252 0.297723 0.2045
v -0.264844 0.324167 0.204612
v -0.267332 -0.953859 0.00297626
v -0.268207 -0.949633 0.00721367
v -0.201854 0.11992 0.166139
v -0.219252 0.120503 0.178952
v -0.222839 0.143472 0.186608
v -0.238668 0.142093 0.195005
v -0.233467 0.163471 0.196182
v -0.248981 0.175073 0.200117
v -0.257019 0.192348 0.201742
v -0.272029 -0.360264 0.131702
v -0.274215 -0.368447 0.132509
v -0.269025 -0.368212 0.12817
v -0.271043 -0.375184 0.12909
v -0.266402 -0.387986 0.123552
v -0.275482 -0.379007 0.132385
v -0.275078 -0.392268 0.130424
v -0.272691 -0.408747 0.126578
v -0.270706 -0.398927 0.125984
v -0.27167 -0.34985 0.132621
v -0.272971 -0.341397 0.134594
v -0.255102 -0.91134 0.0175381
v -0.260617 -0.913492 0.0221343
v -0.263532 -0.922135 0.020307
v -0.258555 -0.175331 0.145165
v -0.26398 -0.185398 0.148102
v -0.257221 0.561541 -0.186373
v -0.242524 0.556171 -0.193144
v -0.225653 0.559994 -0.195823
v -0.203435 0.554994 -0.19811
v -0.194949 0.606639 -0.195509
v -0.21062 0.606392 -0.192438
v -0.201877 0.621996 -0.191698
v -0.216988 0.610865 -0.189534
v -0.207863 0.634428 -0.186586
v -0.224655 0.622579 -0.181284
v -0.227716 0.633487 -0.173313
v -0.241314 0.610585 -0.174602
v -0.25508 0.609396 -0.162653
v -0.141802 0.281244 0.167832
v -0.158471 0.28825 0.182662
v -0.161868 0.304 0.188907
v -0.177483 0.277309 0.191518
v -0.195498 0.287768 0.200217
v -0.253499 0.157137 -0.174412
v -0.264989 -0.974676 -0.051897
v -0.251885 -0.964352 -0.0632416
v -0.210071 -0.484359 -0.0607754
v -0.214252 -0.485166 -0.0796196
v -0.218299 -0.461861 -0.0904261
v -0.225754 -0.458038 -0.113351
v -0.230339 -0.441503 -0.122902
v -0.237424 -0.451962 -0.136634
v -0.239049 -0.438745 -0.138147
v -0.243152 -0.446738 -0.143831
v -0.250035 -0.432546 -0.148965
v -0.263487 -0.420843 -0.157384
v -0.237233 -0.427771 -0.134952
v -0.246538 -0.416045 -0.145064
v -0.142564 0.806649 -0.107118
v -0.159189 0.798443 -0.0982619
v -0.147284 0.820762 -0.0853255
v -0.165803 0.809014 -0.0782631
v -0.158707 0.827914 -0.0630511
v -0.177259 0.813722 -0.0582532
v -0.171553 0.827107 -0.0466507
v -0.19042 0.814832 -0.0364608
v -0.176228 0.829674 -0.0332098
v -0.1907 0.822399 -0.0128299
v -0.171901 0.838239 -0.0218204
v -0.180622 0.831692 -0.00490442
v -0.17467 0.837107 -0.00246063
v -0.181295 0.828396 0.0175381
v -0.172024 0.836277 0.0228741
v -0.186552 0.820919 0.0339161
v -0.171609 0.831961 0.0507984
v -0.180566 0.821188 0.0584661
v -0.171038 0.829125 0.0606633
v -0.174894 0.822814 0.0669634
v -0.160982 0.833082 0.0715707
v -0.166811 0.823632 0.0816261
v -0.162529 0.822903 0.0911547
v -0.175286 0.810841 0.0913228
v -0.163471 0.807445 0.115626
v -0.186642 0.788477 0.110784
v -0.173582 0.790876 0.124841
v -0.191698 0.775294 0.122151
v -0.184501 0.771102 0.135524
v -0.199623 0.758558 0.13178
v -0.193716 0.747639 0.149167
v -0.208423 0.746944 0.134313
v -0.208177 0.724019 0.155119
v -0.221348 0.733851 0.133316
v -0.218423 0.713897 0.154122
v -0.236504 0.702608 0.145053
v -0.254452 0.680591 0.14392
v -0.216786 -0.310446 0.0742947
v -0.220878 -0.292566 0.0851797
v -0.229734 -0.314011 0.0942823
v -0.231561 -0.287667 0.100538
v -0.241381 -0.305547 0.109147
v -0.246246 -0.292936 0.116097
v -0.260606 -0.302689 0.128451
v -0.269485 -0.303799 0.135984
v -0.235316 -0.908346 -0.0993381
v -0.24202 -0.904479 -0.112162
v -0.245192 -0.916126 -0.112544
v -0.208031 -0.651535 0.0233001
v -0.203065 -0.649977 0.0115295
v -0.208423 -0.641087 0.0256206
v -0.205733 -0.630774 0.0205985
v -0.204971 -0.62092 0.0198026
v -0.208076 -0.617512 0.0272573
v -0.21701 -0.625909 0.0446777
v -0.225339 -0.619418 0.0590154
v -0.239542 -0.631525 0.0744405
v -0.253701 -0.63398 0.087332
v -0.254553 -0.62583 0.088879
v -0.259855 -0.633352 0.0924102
v -0.260606 -0.638587 0.0925111
v -0.264698 -0.479516 0.111826
v -0.261615 -0.486691 0.108441
v -0.249362 -0.499672 0.095762
v -0.25731 -0.514312 0.101289
v -0.248667 -0.524233 0.0922981
v -0.265628 -0.529199 0.106759
v -0.269765 -0.532876 0.109741
v -0.25147 0.757123 0.018704
v -0.248679 0.75858 0.0279411
v -0.257535 0.749702 0.0209348
v -0.2524 0.751181 0.040743
v -0.264025 0.732685 0.0554954
v -0.242233 0.763154 0.0401601
v -0.199074 -0.182786 0.0673108
v -0.202224 -0.188211 0.0726468
v -0.210071 -0.191003 0.087758
v -0.221707 -0.185846 0.105661
v -0.223389 -0.20015 0.10445
v -0.237401 -0.199623 0.120648
v -0.249004 -0.218411 0.129123
v -0.258891 -0.213434 0.138797
v -0.240181 -0.90477 0.0021243
v -0.232346 -0.893011 -0.00546492
v -0.223288 -0.869291 -0.0119444
v -0.217066 -0.840626 -0.0137828
v -0.223434 -0.83538 0.00705671
v -0.14614 0.768389 -0.141667
v -0.190397 0.731844 -0.130737
v -0.209668 0.712596 -0.128596
v -0.21812 0.690232 -0.139448
v -0.259373 0.660055 -0.121467
v -0.232839 0.574107 -0.192561
v -0.243197 0.56533 -0.191406
v -0.255584 0.474864 -0.196911
v -0.242917 0.4877 -0.197594
v -0.248735 0.510299 -0.196103
v -0.231034 0.505187 -0.197852
v -0.221046 -0.246549 -0.109337
v -0.217604 -0.228119 -0.103979
v -0.223041 -0.206753 -0.119471
v -0.225104 -0.192662 -0.124639
v -0.225642 -0.180006 -0.126579
v -0.216416 -0.184871 -0.109147
v -0.206663 -0.162697 -0.0899104
v -0.202661 -0.145411 -0.0842717
v -0.200834 -0.168045 -0.0713129
v -0.197482 -0.14401 -0.0692951
v -0.194624 -0.162103 -0.0516168
v -0.191036 -0.142284 -0.0470767
v -0.189983 -0.153628 -0.0360012
v -0.185476 -0.125883 -0.0322234
v -0.185443 -0.145142 -0.0155204
v -0.181396 -0.12085 -0.0116305
v -0.181799 -0.132531 0.0054649
v -0.177663 -0.106546 0.0119107
v -0.180084 -0.116994 0.0312144
v -0.17467 -0.0886324 0.0210693
v -0.177809 -0.100022 0.0380301
v -0.176105 -0.0834197 0.0461799
v -0.182326 -0.111815 0.0505854
v -0.185532 -0.0977798 0.0680283
v -0.188144 -0.110178 0.069239
v -0.193547 -0.108474 0.0817158
v -0.196888 -0.124493 0.0822987
v -0.20219 -0.103968 0.0982955
v -0.214297 -0.105167 0.114595
v -0.227312 -0.114864 0.128204
v -0.243253 -0.128383 0.14077
v -0.243982 -0.119595 0.143472
v -0.253163 -0.122162 0.150916
v -0.248443 -0.115021 0.148472
v -0.258398 -0.112723 0.157305
v -0.25369 -0.282589 0.124516
v -0.205228 -0.749332 -0.0216859
v -0.206248 -0.74811 -0.00715765
v -0.209073 -0.751305 0.00383943
v -0.219768 -0.75617 0.024096
v -0.229846 -0.747202 0.0423685
v -0.239744 -0.740341 0.056538
v -0.240462 -0.748468 0.0552152
v -0.251313 -0.754847 0.0646204
v -0.242704 -0.767873 0.0525584
v -0.252737 -0.766158 0.062838
v -0.254407 -0.776583 0.0616161
v -0.169053 0.216618 -0.143461
v -0.170399 0.198413 -0.141006
v -0.187348 0.203345 -0.151487
v -0.195879 0.186082 -0.153146
v -0.203412 0.201888 -0.159267
v -0.212851 0.218333 -0.166341
v -0.227335 0.233825 -0.175085
v -0.233175 -0.52355 -0.137576
v -0.230821 -0.533033 -0.134908
v -0.235462 -0.543761 -0.142732
v -0.224061 -0.550499 -0.122991
v -0.233097 -0.559097 -0.141096
v -0.226214 -0.564175 -0.129852
v -0.231538 -0.573513 -0.140064
v -0.223624 -0.580474 -0.126097
v -0.228657 -0.594588 -0.136959
v -0.22331 -0.604621 -0.128877
v -0.23146 -0.605271 -0.141936
v -0.226976 -0.617613 -0.136309
v -0.240092 -0.613107 -0.151286
v -0.240776 -0.629866 -0.151913
v -0.0927801 0.696431 0.188581
v -0.111445 0.701801 0.18718
v -0.118518 0.726295 0.182158
v -0.130076 0.704603 0.184848
v -0.135356 0.721923 0.180611
v -0.148696 0.709289 0.181272
v -0.157989 0.726149 0.174849
v -0.172607 0.709996 0.175791
v -0.178873 0.72671 0.169166
v -0.186911 0.719277 0.168784
v -0.195207 0.728033 0.16161
v -0.192393 0.709323 0.170645
v -0.20348 0.703931 0.168403
v -0.219443 0.696891 0.163538
v -0.236583 0.689347 0.155669
v -0.25286 0.669964 0.154447
v -0.192 0.682307 0.17866
v -0.208793 0.692093 0.1705
v -0.200296 0.673215 0.178616
v -0.21534 0.683943 0.170869
v -0.22025 0.668092 0.173874
v -0.222918 0.678989 0.169592
v -0.227884 0.673686 0.169188
v -0.237995 0.668821 0.166128
v -0.250663 0.654775 0.165556
v -0.247502 -0.143954 0.141409
v -0.251526 -0.135894 0.146544
v -0.255853 -0.129448 0.151723
v -0.233534 -0.688663 0.0600804
v -0.244665 -0.698785 0.0703488
v -0.252591 -0.689526 0.0792384
v -0.251515 -0.701207 0.0764583
v -0.252109 -0.715522 0.0747992
v -0.238679 -0.593613 -0.149301
v -0.246874 -0.583804 -0.155377
v -0.252849 -0.561148 -0.158034
v -0.252311 -0.856903 0.0377611
v -0.256705 -0.869918 0.0375369
v -0.256178 -0.878875 0.0339048
v -0.230003 -0.768041 0.0375705
v -0.253656 -0.791156 0.05739
v -0.242053 -0.474629 0.0910202
v -0.231056 -0.491332 0.0761108
v -0.227514 -0.474887 0.0717052
v -0.217873 -0.480682 0.0547892
v -0.21979 -0.458027 0.0597889
v -0.213972 -0.463542 0.0468301
v -0.213031 -0.446839 0.0464377
v -0.214096 -0.433678 0.050137
v -0.211237 -0.428073 0.0439715
v -0.213524 -0.422065 0.0498792
v -0.209141 -0.422323 0.0399471
v -0.215586 -0.41572 0.0552376
v -0.209544 -0.413186 0.04192
v -0.208894 -0.404633 0.041012
v -0.206069 -0.40609 0.0273918
v -0.203939 -0.397156 0.0130317
v -0.203962 -0.382975 0.0163387
v -0.204376 -0.386013 -0.00944449
v -0.203076 -0.363425 0.00614871
v -0.204096 -0.367382 -0.0101283
v -0.203737 -0.34865 -0.0164284
v -0.205766 -0.37357 -0.0266632
v -0.205935 -0.35421 -0.0340058
v -0.209959 -0.367483 -0.0539597
v -0.209735 -0.349547 -0.0548117
v -0.214488 -0.353538 -0.0724339
v -0.212134 -0.333651 -0.0667952
v -0.221561 -0.346711 -0.0972754
v -0.216528 -0.320255 -0.0838794
v -0.225788 -0.330019 -0.110896
v -0.224465 -0.311892 -0.10908
v -0.208715 0.529614 0.198592
v -0.217851 0.553167 0.195117
v -0.192998 0.55153 0.198469
v -0.208973 0.568984 0.194825
v -0.184209 0.570453 0.197404
v -0.194837 0.583434 0.195072
v -0.176396 0.595754 0.195958
v -0.195307 0.605036 0.192505
v -0.178156 0.622109 0.192449
v -0.200789 0.619003 0.189702
v -0.191507 0.636659 0.188301
v -0.206394 0.638957 0.184781
v -0.201125 0.657857 0.182203
v -0.221797 0.647499 0.179019
v -0.234599 0.65584 0.17291
v -0.243062 0.651905 0.170735
v -0.245047 0.636648 0.174984
v -0.252042 0.757616 0.0111372
v -0.244789 0.716206 -0.0854824
v -0.234431 0.735353 -0.0777587
v -0.244811 0.739579 -0.0581411
v -0.225866 0.751775 -0.0698444
v -0.233803 0.755766 -0.053814
v -0.215699 0.766954 -0.0655397
v -0.220149 0.773646 -0.0505182
v -0.201899 0.784811 -0.0621991
v -0.210553 0.788735 -0.0438706
v -0.203143 0.80249 -0.0348353
v -0.221438 0.786549 -0.0282774
v -0.204959 0.807759 -0.0151056
v -0.217885 0.79536 -0.00561066
v -0.207549 0.805516 -0.000936064
v -0.218983 0.791706 0.0143545
v -0.203737 0.806268 0.02228
v -0.213703 0.794856 0.0318646
v -0.201652 0.804609 0.0419985
v -0.21349 0.792513 0.0458548
v -0.207627 0.79564 0.054509
v -0.215273 0.788107 0.0529283
v -0.208973 0.790887 0.0632864
v -0.218658 0.781359 0.0610668
v -0.211719 0.780832 0.079485
v -0.221147 0.764488 0.0912443
v -0.254138 -0.645706 0.0864576
v -0.253107 -0.679089 0.081088
v -0.218938 -0.277623 0.0844062
v -0.239105 -0.271547 0.111198
v -0.215362 0.489886 -0.198155
v -0.22127 -0.480279 -0.103463
v -0.229128 -0.468721 -0.123238
v -0.236235 -0.483417 -0.138259
v -0.236583 -0.468542 -0.136993
v -0.239968 -0.459562 -0.140647
v -0.225821 0.786437 0.00244938
v -0.233848 0.778141 -0.00308839
v -0.234655 0.775731 -0.0183677
v -0.23646 0.766853 -0.033322
v -0.238433 -0.417144 -0.135659
v -0.241852 -0.397459 -0.140232
v -0.219454 -0.439934 0.0607642
v -0.227839 -0.420417 0.0775905
v -0.229083 -0.445998 0.0771869
v -0.242468 -0.454843 0.0929595
v -0.229577 0.583479 0.1894
v -0.237838 0.607524 0.183559
v -0.232839 -0.582234 -0.142015
v -0.239879 -0.566103 -0.149212
v -0.243612 -0.544277 -0.150725
v -0.241448 -0.327104 0.106501
v -0.235686 -0.349435 0.0967821
v -0.2184 -0.857935 -0.0451598
v -0.217784 -0.855054 -0.0339049
v -0.220082 -0.867822 -0.0299253
v -0.227032 -0.890455 -0.0193766
v -0.234632 -0.910712 -0.0127515
v -0.218759 0.612412 0.187203
v -0.227245 0.630415 0.181485
v -0.211921 -0.637388 0.0337815
v -0.228646 -0.709995 0.0497671
v -0.228467 -0.702417 0.0512132
v -0.231079 -0.70003 0.0549686
v -0.239811 -0.491309 -0.143764
v -0.175499 0.228691 -0.149772
v -0.197236 0.220519 -0.159424
v -0.195576 0.240663 -0.162395
v -0.230754 -0.644192 -0.1416
v -0.228164 -0.630482 -0.137542
v -0.215508 -0.624138 -0.111557
v -0.21645 -0.600552 -0.111322
v -0.214779 -0.579667 -0.102421
v -0.215665 -0.55922 -0.100179
v -0.220732 -0.541228 -0.112375
v -0.226953 -0.564646 0.0654276
v -0.213367 -0.477487 0.0450477
v -0.230563 -0.509481 0.0736333
v 0.0853367 0.544232 -0.0744629
v 0.0710999 0.528493 -0.0769516
v 0.0709878 0.540567 -0.0969055
v 0.0595759 0.520758 -0.0870967
v 0.0536794 0.528639 -0.109472
v 0.0456194 0.514862 -0.103777
v 0.0380414 0.5179 -0.119427
v 0.0321561 0.499201 -0.105604
v 0.0236813 0.508035 -0.127296
v 0.0164956 0.501208 -0.128787
v 0.0196793 0.520691 -0.136679
v -0.00279687 0.509974 -0.143416
v -0.00287534 0.526061 -0.149671
v -0.0254413 0.508988 -0.154301
v -0.0206209 0.531004 -0.159559
v -0.038714 0.52809 -0.166498
v -0.0320776 0.549557 -0.169894
v -0.0506191 0.546979 -0.176138
v -0.0381535 0.574197 -0.17949
v -0.0613247 0.565655 -0.184826
v -0.0637461 0.583187 -0.189052
v -0.0830162 0.563121 -0.188716
v -0.0825566 0.585631 -0.192583
v -0.100863 0.565273 -0.192572
v -0.0999546 0.582638 -0.195061
v -0.117498 0.587974 -0.197908
v -0.120895 0.61221 -0.199646
v -0.138383 0.606459 -0.199612
v -0.143472 0.635314 -0.198771
v -0.161307 0.620819 -0.198233
v -0.160052 0.644484 -0.196473
v -0.179737 0.631973 -0.194994
v -0.173907 0.654932 -0.192595
v -0.186014 0.646311 -0.191036
v -0.191978 0.820101 0.00704551
v -0.186765 0.826154 -0.00595817
v -0.197258 0.815863 -0.00355921
v -0.189579 0.796403 -0.0639815
v -0.192651 0.781011 -0.078577
v -0.202134 0.764488 -0.0860878
v -0.220014 0.742953 -0.0878477
v -0.211719 -0.400216 0.0481304
v -0.226707 -0.89754 -0.0315171
v -0.207852 -0.000980812 0.13539
v -0.208502 -0.0233898 0.129437
v -0.214746 -0.0469646 0.129874
v -0.213849 -0.795226 -0.000128926
v -0.212717 -0.783433 0.000240995
v -0.215082 -0.781785 0.00732575
v -0.221483 -0.783108 0.0192645
v -0.222582 -0.359165 0.0766152
v -0.226292 -0.333998 0.0865137
v -0.216685 -0.737023 -0.105212
v -0.214096 -0.753849 -0.0918049
v -0.211327 -0.727763 -0.0891369
v -0.208524 -0.743132 -0.0707187
v -0.206809 -0.72273 -0.0710102
v -0.20534 -0.734523 -0.0536458
v -0.212952 0.108295 0.171172
v -0.207369 -0.389029 -0.0374697
v -0.213434 -0.37904 -0.0674454
v -0.219588 -0.364154 -0.0892378
v -0.230182 -0.351654 -0.119359
v -0.212492 0.594285 0.19098
v -0.184366 0.21664 0.180488
v -0.201966 0.218636 0.191866
v -0.170612 0.352966 0.201585
v -0.220934 -0.871779 -0.0466619
v -0.222884 -0.881521 -0.0336919
v -0.212504 0.759634 0.112846
v -0.205497 0.774913 0.10232
v -0.181216 -0.0776914 0.066627
v -0.189882 -0.0892153 0.0815589
v -0.191362 0.453924 -0.193357
v -0.182965 0.422547 -0.188256
v -0.178885 0.395172 -0.184635
v -0.199433 0.377348 -0.186631
v -0.214454 0.353291 -0.18718
v -0.204175 -0.33568 0.0378172
v -0.20302 -0.347137 0.0237934
v -0.202022 -0.34272 0.00520706
v -0.202594 -0.333965 -0.012673
v -0.200812 -0.323618 0.00526311
v -0.201271 -0.311522 -0.0125048
v -0.198626 -0.294539 0.00746029
v -0.201439 -0.300559 -0.0205649
v -0.199724 -0.277018 -0.0200492
v -0.202303 -0.281311 -0.035777
v -0.202504 -0.264003 -0.0434558
v -0.206271 -0.293799 -0.0514599
v -0.207818 -0.27815 -0.0621879
v -0.213031 -0.290627 -0.0776578
v -0.211439 -0.258465 -0.0790927
v -0.218333 -0.26555 -0.0985534
v -0.153258 0.151768 0.127094
v -0.155187 0.173863 0.139179
v -0.163381 0.162451 0.143898
v -0.168123 0.173313 0.153079
v -0.176385 0.162585 0.157126
v -0.171452 0.184669 0.160377
v -0.18042 0.186541 0.16865
v -0.193435 0.199074 0.182057
v -0.221326 0.780484 0.0559326
v -0.204354 -0.206798 0.0724339
v -0.217234 -0.646188 -0.1177
v -0.161733 0.0903476 0.109113
v -0.155063 0.115413 0.111804
v -0.168986 0.0917152 0.120222
v -0.173571 0.106154 0.132262
v -0.179826 0.078252 0.129303
v -0.191597 0.0859533 0.145501
v -0.191429 0.0588473 0.136107
v -0.20339 0.074519 0.153942
v -0.201047 0.0560224 0.14586
v -0.209309 0.0658088 0.15698
v -0.208513 0.0544978 0.152866
v -0.209881 -0.677531 -0.0936321
v -0.212481 -0.663283 -0.103901
v -0.216427 -0.844202 -0.0279748
v -0.215654 -0.837162 -0.0217307
v -0.215317 -0.834898 -0.0277169
v -0.213748 -0.826692 -0.0241073
v -0.214331 -0.830683 -0.0379629
v -0.211383 -0.811693 -0.0341515
v -0.213131 -0.822018 -0.0503276
v -0.212223 -0.808431 -0.0597441
v -0.215519 -0.819294 -0.0759427
v -0.215811 -0.804474 -0.0848098
v -0.220956 -0.815258 -0.100414
v -0.173011 -0.0563698 -0.0235355
v -0.175578 -0.078207 -0.0180538
v -0.178593 -0.0601476 -0.0471103
v -0.18153 -0.0798549 -0.0449244
v -0.187595 -0.075909 -0.0689139
v -0.188043 -0.0905156 -0.062995
v -0.193402 -0.0984188 -0.0764695
v -0.195341 -0.119931 -0.0724563
v -0.199691 -0.110178 -0.0892378
v -0.205385 -0.130749 -0.0966028
v -0.207908 -0.413702 -0.0393978
v -0.211652 -0.419554 -0.0598674
v -0.21099 -0.400485 -0.0567398
v -0.21645 -0.398871 -0.0778484
v -0.218535 -0.384332 -0.0856954
v -0.181059 0.545477 -0.199108
v -0.176463 0.530466 -0.198502
v -0.161487 0.54403 -0.198256
v -0.157081 0.525668 -0.196249
v -0.1353 0.540253 -0.194758
v -0.211215 0.466233 0.203166
v -0.18644 0.798992 0.0945962
v -0.183694 0.808913 0.0793617
v -0.190566 0.800315 0.0840811
v -0.189837 0.809507 0.0644075
v -0.196787 0.796705 0.0787339
v -0.201764 0.794575 0.0722096
v -0.198401 0.789419 0.0895068
v -0.223153 -0.869145 -0.0795074
v -0.217077 -0.419845 -0.081671
v -0.185532 0.689436 -0.170847
v -0.200856 -0.294864 0.0355751
v -0.197572 -0.278621 0.0212823
v -0.19746 -0.272971 0.00207946
v -0.196675 -0.256783 -0.00553218
v -0.198547 -0.247905 -0.0283895
v -0.194366 -0.237099 0.00252785
v -0.196641 -0.227155 -0.0286474
v -0.192931 -0.217481 -0.00462418
v -0.193973 -0.210407 -0.0208227
v -0.190779 -0.188727 -0.0132223
v -0.1945 -0.198446 -0.0328399
v -0.19116 -0.171419 -0.0303176
v -0.195644 -0.189075 -0.0424694
v -0.198603 -0.183346 -0.0580178
v -0.199971 -0.205049 -0.0545875
v -0.205195 -0.185409 -0.0795411
v -0.205879 -0.210979 -0.0740594
v -0.211338 -0.19181 -0.0951567
v -0.214118 -0.21154 -0.0983067
v -0.217638 -0.306153 -0.089731
v -0.165601 0.366059 -0.175073
v -0.191137 0.356889 -0.182158
v -0.200767 0.337631 -0.182169
v -0.216932 -0.71949 -0.109797
v -0.202168 -0.246638 -0.0485564
v -0.20024 -0.225563 -0.0480071
v -0.205722 -0.236717 -0.0658199
v -0.210284 -0.231695 -0.0818952
v -0.213031 -0.772155 -0.0825566
v -0.214791 -0.789374 -0.0856954
v -0.211349 -0.789834 -0.066033
v -0.209029 -0.790517 -0.0407879
v -0.211618 -0.812467 -0.0208227
v -0.180723 0.372057 -0.181228
v -0.176833 0.540903 0.200206
v -0.169435 0.571428 0.198368
v -0.200722 -0.595092 -0.0167423
v -0.201013 -0.605069 -0.0316292
v -0.201641 -0.579432 -0.0269098
v -0.203143 -0.599307 -0.052054
v -0.203906 -0.572919 -0.0460902
v -0.206596 -0.58108 -0.0671652
v -0.207089 -0.556642 -0.0630623
v -0.210889 -0.565341 -0.0839915
v -0.211046 -0.543929 -0.0790366
v -0.206248 -0.257927 -0.0610445
v -0.0922869 0.614699 0.195464
v -0.107645 0.613096 0.196115
v -0.125525 0.601493 0.197067
v -0.126915 0.619878 0.195733
v -0.147104 0.61286 0.195913
v -0.144257 0.640829 0.193065
v -0.158023 0.634271 0.192931
v -0.165836 0.655862 0.189075
v -0.177439 0.64176 0.189747
v -0.183739 0.66131 0.185297
v -0.157978 0.140076 -0.116433
v -0.167742 0.149189 -0.128529
v -0.179557 0.157261 -0.138002
v -0.191631 0.170331 -0.147777
v -0.20089 -0.619373 -0.0382544
v -0.201451 -0.6325 -0.0476933
v -0.204354 -0.617075 -0.0652594
v -0.203906 -0.633655 -0.0658984
v -0.209331 -0.617916 -0.0903364
v -0.209387 -0.640605 -0.0928474
v -0.201798 -0.653048 -0.0539261
v -0.205576 -0.651602 -0.0767386
v -0.207941 -0.624541 0.0263268
v -0.180768 0.247221 -0.156252
v -0.20923 -0.314527 -0.0588921
v -0.204399 -0.306097 -0.0383104
v -0.205509 -0.331353 -0.0378957
v -0.207852 -0.590485 -0.0774112
v -0.210957 -0.599554 -0.0925672
v -0.201899 -0.562605 -0.00185527
v -0.202796 -0.558727 -0.0270443
v -0.205105 -0.546306 -0.0455634
v -0.198648 -0.0356872 0.113216
v -0.192729 -0.020094 0.110257
v -0.195509 -0.00530791 0.118933
v -0.181923 -0.00757239 0.0984524
v -0.185118 0.0176503 0.112992
v -0.173459 0.0114175 0.092399
v -0.165388 0.0370437 0.0897534
v -0.160198 0.0237261 0.0716604
v -0.158527 0.0382881 0.0762116
v -0.152967 0.0371558 0.0595535
v -0.155086 0.0404964 0.0688242
v -0.153628 0.0496439 0.0718397
v -0.152149 0.0586231 0.0742723
v -0.159559 0.0604391 0.0909529
v -0.209253 -0.759634 -0.066358
v -0.205531 -0.750867 -0.0395548
v -0.208782 -0.771954 -0.0549462
v -0.203569 -0.504078 0.000308255
v -0.205217 -0.488697 -0.0228069
v -0.207044 -0.481534 -0.0394426
v -0.16476 0.0733867 0.10603
v -0.1706 0.0510003 0.104629
v -0.177943 0.0575245 0.118597
v -0.183649 0.0379294 0.118687
v -0.197415 0.0320889 0.133607
v -0.20033 0.0150159 0.131219
v -0.205307 -0.403591 -0.0165405
v -0.183391 -0.0360235 -0.0777699
v -0.180959 -0.0445544 -0.0652146
v -0.190554 -0.0514822 -0.0908408
v -0.19024 -0.0711111 -0.0796756
v -0.198132 -0.0699004 -0.101827
v -0.196821 -0.0870181 -0.0910314
v -0.201439 -0.696622 -0.0164059
v -0.201204 -0.683293 -0.0361469
v -0.200453 -0.661545 -0.0359003
v -0.201798 -0.669718 -0.0515159
v -0.205027 -0.673013 -0.072972
v -0.205699 -0.468732 -0.0229751
v -0.204365 -0.477644 -0.00880553
v -0.204208 -0.489067 0.00594692
v -0.205991 -0.506891 0.0216747
v -0.188155 0.815998 0.0525248
v -0.19709 0.805864 0.0544193
v -0.20256 0.799486 0.0577711
v -0.185185 -0.155826 0.00548731
v -0.183481 -0.139414 0.0258224
v -0.187393 -0.172506 0.0152849
v -0.186395 -0.155377 0.0352725
v -0.188581 -0.176071 0.0289164
v -0.19033 -0.196664 0.0228181
v -0.194915 -0.224409 0.0385458
v -0.200576 -0.239464 0.0548004
v -0.204802 -0.415641 0.0151616
v -0.193962 -0.0398686 -0.104046
v -0.189265 0.0243091 -0.117835
v -0.187079 0.0366962 -0.118238
v -0.177943 0.0461687 -0.1064
v -0.184187 0.0465499 -0.116658
v -0.182293 0.0547893 -0.11668
v -0.178873 0.0651473 -0.11603
v -0.147766 0.767727 0.163841
v -0.137329 0.756338 0.170757
v -0.137407 0.77238 0.165208
v -0.125245 0.781482 0.164951
v -0.117521 0.792894 0.162641
v -0.125973 0.805875 0.153965
v -0.115817 0.82195 0.147967
v -0.112028 0.833654 0.138719
v -0.0977462 0.845873 0.137531
v -0.113317 0.843978 0.124079
v -0.102309 0.85613 0.118294
v -0.110795 0.850973 0.115895
v -0.111568 0.860928 0.0975108
v -0.121568 0.845178 0.111983
v -0.125906 0.84464 0.107297
v -0.12455 0.838956 0.118227
v -0.137441 0.834035 0.110189
v -0.129247 0.828564 0.127845
v -0.147026 0.814103 0.127442
v -0.137755 0.809519 0.141757
v -0.156061 0.798107 0.137194
v -0.135177 0.788522 0.159099
v -0.15086 0.78359 0.153617
v -0.163964 0.761282 0.160119
v -0.150703 0.75775 0.166542
v -0.158931 0.749825 0.16717
v -0.15003 0.742594 0.171789
v -0.166027 0.742729 0.167506
v -0.172719 0.737326 0.167361
v -0.182595 0.745666 0.15883
v -0.193121 -0.139762 0.0681852
v -0.189512 -0.128215 0.0645644
v -0.189501 -0.137351 0.0600019
v -0.187673 -0.122599 0.0629726
v -0.184456 -0.136701 0.0434895
v -0.201103 -0.316735 0.0266968
v -0.17384 0.606179 -0.197953
v -0.192471 0.635258 -0.191698
v -0.175925 0.151913 0.153057
v -0.163179 0.141432 0.134919
v -0.169412 0.127195 0.136298
v -0.176732 -0.0962889 -0.00361527
v -0.180499 -0.103239 -0.0231768
v -0.18625 -0.107331 -0.0476708
v -0.19135 -0.126735 -0.0560336
v -0.16578 -0.040799 0.0296787
v -0.169132 -0.0430635 0.0527153
v -0.173717 -0.0322793 0.0718397
v -0.181373 -0.0423124 0.0836663
v -0.182001 -0.0268873 0.090796
v -0.194736 -0.0486685 0.103553
v -0.196025 -0.258756 0.0165965
v -0.194411 -0.235327 0.0228405
v -0.196384 -0.253207 0.030071
v -0.183111 -0.0900336 0.0657414
v -0.176183 0.783489 -0.0956275
v -0.173571 0.797244 -0.082736
v -0.158494 0.208872 0.157047
v -0.173089 0.204645 0.168594
v -0.190655 0.811917 0.0559775
v -0.145703 0.513752 -0.193234
v -0.132778 0.266323 0.154323
v -0.147082 0.262489 0.166195
v -0.162047 0.269283 0.179725
v -0.163807 0.61397 0.19487
v -0.161128 0.595451 0.197034
v -0.143427 0.590261 0.197807
v -0.189859 -0.154839 0.0528723
v -0.098856 0.635213 0.194366
v -0.118821 0.637074 0.194366
v -0.128574 0.650717 0.192628
v -0.147833 0.669034 0.189007
v -0.168381 0.672296 0.185869
v -0.164446 0.0362254 -0.0628157
v -0.161991 0.0227397 -0.0433325
v -0.154626 0.0303513 -0.0190852
v -0.150938 0.0318759 0.0012387
v -0.144817 0.050933 0.0149822
v -0.148909 0.0340395 0.0216747
v -0.150086 0.0292751 0.0358778
v -0.155198 0.0165853 0.0488591
v -0.160119 0.00264002 0.0555739
v -0.163874 0.0133008 0.0737791
v -0.166453 6.16655e-05 0.0725123
v -0.174524 -0.00637289 0.0856393
v -0.168919 0.109719 -0.118552
v -0.152474 0.150624 -0.113541
v -0.159424 0.169345 -0.127251
v -0.174322 0.177024 -0.139156
v -0.160837 0.187091 -0.132475
v -0.145972 0.180353 -0.117936
v -0.147631 0.170477 -0.11612
v -0.139436 0.165354 -0.0957172
v -0.151386 0.159816 -0.116041
v -0.181317 -0.0929931 -0.0356424
v -0.187886 -0.166991 -0.0100723
v -0.190252 -0.194321 0.00168711
v -0.192314 -0.217571 0.0180202
v -0.151521 0.82547 0.103945
v -0.137127 0.838676 0.102802
v -0.145266 0.839405 0.089731
v -0.137576 0.843373 0.0945513
v -0.129897 0.853877 0.0848434
v -0.128989 0.845447 0.101961
v -0.163325 0.787883 0.140244
v -0.172719 0.771023 0.147418
v -0.159099 0.192449 0.151543
v -0.160926 0.202717 0.157137
v -0.112375 0.323237 0.158628
v -0.106972 0.314762 0.149761
v -0.100863 0.329358 0.150254
v -0.0929819 0.326073 0.140434
v -0.0928362 0.335523 0.145254
v -0.0831283 0.33318 0.133226
v -0.0843614 0.345713 0.141723
v -0.0671427 0.360735 0.130513
v -0.0842044 0.353213 0.145557
v -0.080337 0.366553 0.148662
v -0.0971857 0.359098 0.160567
v -0.0927801 0.383648 0.167731
v -0.112061 0.366754 0.175645
v -0.114135 0.380834 0.182035
v -0.12919 0.365476 0.186855
v -0.136993 0.382886 0.195902
v -0.141835 0.358952 0.192113
v -0.158146 0.367696 0.200486
v -0.175623 0.374422 0.203042
v -0.0785658 0.67409 0.19116
v -0.102152 0.681085 0.190173
v -0.119953 0.684919 0.189063
v -0.144728 0.689178 0.186037
v -0.161397 0.691107 0.183257
v -0.179613 0.690042 0.179625
v -0.102028 0.665884 0.191877
v -0.131758 0.670895 0.19005
v 0.0563586 0.543134 -0.123529
v 0.0751692 0.552303 -0.107208
v 0.0615489 0.553088 -0.127274
v 0.0714025 0.562224 -0.125525
v 0.0640263 0.559691 -0.130222
v 0.0754158 0.570161 -0.129863
v 0.0579505 0.570374 -0.140434
v 0.0728823 0.585765 -0.140905
v 0.0489152 0.585239 -0.151263
v 0.0555515 0.598713 -0.154413
v 0.02895 0.590294 -0.161834
v 0.0437025 0.614418 -0.166251
v 0.0294321 0.619956 -0.173291
v 0.0280644 0.636883 -0.179714
v 0.00583484 0.62527 -0.182169
v -5.60704e-06 0.643901 -0.189086
v -0.0188721 0.625741 -0.188537
v -0.0287594 0.648856 -0.195633
v -0.0441285 0.636715 -0.195442
v -0.0461238 0.667027 -0.199702
v -0.0624793 0.64056 -0.197897
v -0.0682189 0.657914 -0.19987
v -0.0868276 0.651176 -0.200005
v -0.0877132 0.673574 -0.200352
v -0.10714 0.6665 -0.199635
v -0.112633 0.689425 -0.197594
v -0.129269 0.665077 -0.198043
v -0.130794 0.686297 -0.195868
v -0.146532 0.675984 -0.194792
v -0.161677 0.670558 -0.192449
v -0.173594 0.817881 0.0805275
v -0.178638 0.81574 0.0748664
v -0.175858 -0.0421218 -0.0481529
v -0.127352 0.259149 -0.127733
v -0.134291 0.278979 -0.138091
v -0.118395 0.27954 -0.127543
v -0.122072 0.292757 -0.134123
v -0.109999 0.30585 -0.130368
v -0.130009 0.302431 -0.141948
v -0.127531 0.319011 -0.145322
v -0.14475 0.299259 -0.149582
v -0.146958 0.318215 -0.155545
v -0.0845183 0.421291 0.176788
v -0.103845 0.4172 0.187404
v -0.120592 0.400026 0.191496
v -0.130861 0.415731 0.19894
v -0.14299 0.399712 0.200105
v -0.157272 0.386955 0.201271
v -0.166363 0.411539 -0.183559
v -0.162686 -0.0254861 0.0290509
v -0.157978 -0.00325649 0.0284792
v -0.161442 -0.015341 0.0417295
v -0.16411 -0.00961261 0.059206
v -0.169872 -0.0112829 0.0741266
v -0.171284 -0.022549 0.0710438
v -0.111826 0.429856 -0.167305
v -0.114158 0.442187 -0.171071
v -0.124774 0.457522 -0.179165
v -0.132105 0.476434 -0.185185
v -0.152418 0.492565 -0.191765
v -0.128103 0.513438 -0.189803
v -0.127935 0.497722 -0.18736
v -0.0919282 0.344256 0.148752
v -0.109528 0.346083 0.165399
v -0.121142 0.339021 0.172237
v -0.131903 0.344502 0.181911
v -0.159749 0.843608 -0.0360012
v -0.161117 0.848563 -0.0185695
v -0.167865 0.843272 -0.0126954
v -0.157911 0.851624 -0.0154755
v -0.160085 0.84881 0.00757239
v -0.150086 0.858439 -0.00351437
v -0.145568 0.860255 0.0192309
v -0.131332 0.873237 0.000207377
v -0.123675 0.876869 0.0230647
v -0.113877 0.885938 0.00908575
v -0.103688 0.89115 0.0256318
v -0.0997192 0.896307 0.0014629
v -0.0871751 0.901957 0.0270667
v -0.0861886 0.905522 -0.00556583
v -0.0759426 0.910308 0.0170225
v -0.0653267 0.918817 -0.00381705
v -0.05702 0.921586 0.0187264
v -0.0461126 0.929915 -0.00037554
v -0.0351604 0.933513 0.0209684
v -0.0296899 0.938502 -0.000790329
v -0.0149262 0.944802 0.0141751
v -0.00824501 0.949555 -0.00897367
v 0.0132783 0.957783 0.00733698
v 0.00781905 0.956628 -0.0146348
v 0.0230311 0.962771 -0.0103413
v 0.029645 0.965518 -0.0235019
v 0.0423236 0.969632 -0.00246063
v 0.0571658 0.975203 -0.00783025
v 0.056269 0.972311 0.0202174
v 0.075214 0.978331 0.0200156
v 0.0605624 0.970876 0.0365056
v 0.0824221 0.975786 0.0448795
v 0.055899 0.963545 0.0580737
v 0.0824669 0.968959 0.0653603
v 0.0699228 0.958433 0.0824444
v 0.0969503 0.965608 0.0810432
v 0.0830274 0.951203 0.100986
v 0.0970624 0.955014 0.0996519
v 0.0896414 0.951326 0.102746
v 0.0987888 0.935946 0.114393
v 0.0812787 0.938199 0.113754
v 0.0871863 0.921866 0.12279
v 0.0638582 0.930184 0.119314
v 0.0683759 0.909736 0.130311
v -0.164211 0.84066 0.0382656
v -0.145602 0.854807 0.0496886
v -0.132935 0.866667 0.0405748
v -0.12557 0.862755 0.0702479
v -0.113104 0.875187 0.0612238
v -0.102533 0.876532 0.0769179
v -0.0932622 0.891083 0.0529059
v -0.0846865 0.887967 0.0794065
v -0.0763798 0.900387 0.058511
v -0.0617955 0.899468 0.0857514
v -0.0546771 0.91088 0.0670306
v -0.045866 0.909322 0.0852134
v -0.0366625 0.921597 0.065237
v -0.0257327 0.92098 0.0839018
v -0.0195223 0.928928 0.0706178
v -0.00725852 0.92663 0.0928362
v -0.00726972 0.936394 0.0669746
v 0.0104982 0.937044 0.0865586
v 0.000835161 0.943815 0.0547219
v 0.0142648 0.948019 0.0605064
v -0.0090185 0.944219 0.0332659
v 0.0189731 0.956348 0.0335349
v 0.00499408 0.952077 0.0238382
v -0.149559 0.658765 -0.196451
v -0.166105 -0.0268537 0.0538924
v -0.1555 0.131567 0.120604
v -0.154144 0.831759 0.088666
v -0.150142 0.845559 0.0650913
v -0.147396 0.846355 -0.0507648
v -0.144526 0.837476 -0.0673333
v -0.12761 0.854404 -0.0641833
v -0.130614 0.840458 -0.0793505
v -0.110795 0.847173 -0.0922533
v -0.113631 0.834405 -0.104652
v -0.089574 0.846691 -0.113362
v -0.0993941 0.830257 -0.122902
v -0.0806621 0.836714 -0.132172
v -0.0918497 0.821379 -0.138259
v -0.0737903 0.821625 -0.152642
v -0.09843 0.806851 -0.147485
v -0.0796532 0.805516 -0.163
v -0.0745301 0.794497 -0.177181
v -0.059049 0.790719 -0.187034
v -0.059632 0.781258 -0.190532
v -0.163067 0.185745 0.152855
v -0.150008 0.110223 -0.078151
v -0.149559 0.0954818 -0.0639815
v -0.141454 0.102578 -0.044319
v -0.145053 0.233523 0.153281
v -0.142564 0.243903 0.155018
v -0.138943 0.253611 0.155366
v -0.154211 0.0136258 0.0302279
v -0.156027 0.0068326 0.0124039
v -0.159121 0.000678224 -0.00542009
v -0.161666 0.00835718 -0.028681
v -0.156554 0.0160921 -0.0115071
v -0.143315 0.0805724 -0.0259345
v -0.14716 0.0802922 -0.0413259
v -0.0538363 0.925543 -0.0263493
v -0.0745301 0.912819 -0.0198811
v -0.0668625 0.91384 -0.0406421
v -0.0766264 0.908459 -0.0378508
v -0.0682973 0.902999 -0.0607194
v -0.0901458 0.897092 -0.0431308
v -0.0835991 0.885343 -0.0702928
v -0.101659 0.884536 -0.0504509
v -0.108878 0.866432 -0.0688018
v -0.115335 0.874313 -0.0489264
v -0.131365 0.863831 -0.0443415
v -0.145277 0.856859 -0.0358442
v -0.151756 0.856635 -0.0174261
v -0.0887894 0.605708 -0.196675
v -0.103486 0.611179 -0.198637
v -0.0918721 0.633061 -0.199287
v -0.119337 0.634843 -0.19978
v -0.11779 0.649999 -0.199657
v -0.110705 0.818935 -0.124684
v -0.125637 0.818845 -0.110671
v -0.132542 0.826479 -0.0943272
v -0.143629 0.513046 0.202056
v -0.13215 0.502811 0.201675
v -0.132845 0.483406 0.201877
v -0.112981 0.503125 0.199948
v -0.108967 0.477117 0.198973
v -0.0974772 0.499919 0.197931
v -0.088184 0.487386 0.19598
v -0.0828256 0.509593 0.195935
v -0.0700685 0.492094 0.189725
v -0.0591051 0.514156 0.189658
v -0.050137 0.487745 0.177483
v -0.0421779 0.502665 0.177181
v -0.0322906 0.482039 0.161958
v -0.0237597 0.502419 0.164043
v -0.0194326 0.478586 0.149178
v -0.00984802 0.492587 0.147597
v -0.00261753 0.483193 0.135636
v -0.000263423 0.491803 0.138181
v 0.00544249 0.498125 0.136152
v -0.00195615 0.507205 0.148023
v 0.0105767 0.505703 0.1353
v 0.0141527 0.521386 0.140714
v 0.0152401 0.510568 0.133293
v 0.0228069 0.520635 0.131724
v 0.030497 0.512878 0.117229
v 0.0310911 0.527428 0.127038
v 0.0363487 0.533975 0.125883
v 0.0273806 0.531453 0.133697
v 0.0222128 0.546306 0.146925
v 0.013099 0.53541 0.1491
v 0.00517348 0.545107 0.160377
v -0.0019225 0.528762 0.15846
v -0.00665316 0.552393 0.171665
v -0.0230423 0.535387 0.176071
v -0.0232553 0.562897 0.184187
v -0.0378059 0.542136 0.185958
v -0.04053 0.559949 0.189915
v -0.058141 0.565262 0.193155
v -0.0427944 0.582077 0.191081
v -0.0501594 0.59479 0.19209
v -0.0264726 0.596628 0.188604
v -0.0296562 0.617524 0.188839
v -0.00594692 0.617221 0.185005
v -0.0268313 0.632478 0.188301
v -0.018491 0.642466 0.186743
v -0.036528 0.655974 0.188806
v -0.0115632 0.654393 0.18523
v -0.0315844 0.676096 0.18727
v 8.41177e-05 0.671444 0.182898
v -0.0101956 0.690165 0.18375
v 0.00774058 0.700344 0.180723
v -0.00706791 0.717103 0.181508
v 0.0248359 0.710982 0.177057
v 0.00341348 0.736283 0.178246
v 0.0286698 0.737068 0.174132
v 0.0143433 0.753154 0.174636
v 0.0372343 0.750598 0.171015
v 0.0411578 0.776247 0.167047
v -0.128753 0.741047 0.177158
v -0.143405 0.863843 -0.0154979
v -0.133652 0.870591 -0.0225939
v -0.12103 0.880994 -0.0128524
v -0.122677 0.87864 -0.0226387
v -0.119583 0.879245 -0.0330529
v -0.125861 0.874896 -0.0301047
v -0.147183 0.860704 -0.0152289
v -0.150097 0.23581 0.159121
v -0.126769 0.462589 0.200711
v -0.13206 0.154536 -0.0660217
v 0.0608875 0.744388 -0.201664
v 0.0373352 0.756618 -0.203188
v 0.0387364 0.730869 -0.201439
v 0.0252395 0.747235 -0.202986
v 0.0132335 0.729109 -0.202347
v 0.0097696 0.751114 -0.202785
v -0.00577879 0.732371 -0.20237
v -0.0194214 0.747706 -0.201619
v -0.0287594 0.727887 -0.201899
v -0.04544 0.740868 -0.200262
v -0.0464265 0.712282 -0.201451
v -0.0627035 0.723414 -0.200005
v -0.0726132 0.711251 -0.199859
v -0.0794514 0.731541 -0.197011
v -0.0932061 0.722046 -0.196294
v -0.0886661 0.747762 -0.192113
v -0.0969167 0.741115 -0.191709
v -0.108956 0.745666 -0.185689
v -0.102241 0.736328 -0.191395
v -0.111131 0.730174 -0.19061
v -0.103934 0.728033 -0.193088
v -0.116826 0.720499 -0.19172
v -0.111512 0.711643 -0.194971
v -0.12752 0.710825 -0.191384
v -0.131186 0.702148 -0.192673
v -0.127655 0.113821 0.0542063
v -0.132688 0.100336 0.0553273
v -0.137183 0.084608 0.0527378
v -0.140535 0.0894733 0.0679835
v -0.144077 0.076761 0.0673893
v -0.0810432 0.642018 0.193323
v -0.0989008 0.654035 0.192976
v -0.135647 0.260763 0.154895
v -0.136006 0.101625 0.066358
v -0.133798 0.226214 -0.12233
v -0.128036 0.23943 -0.121859
v -0.1215 0.244901 -0.116646
v -0.118115 0.25536 -0.11733
v -0.116164 0.263095 -0.118922
v -0.112005 0.271558 -0.118261
v -0.106512 0.283486 -0.117588
v -0.102723 0.295873 -0.119684
v -0.111916 0.882036 0.0419985
v -0.0606633 0.915812 0.0362365
v -0.0600916 0.911653 0.0532422
v -0.0350819 0.928984 0.0429962
v -0.0343645 0.51957 0.177696
v -0.0535897 0.535791 0.191249
v -0.0739024 0.548414 0.195195
v -0.0769852 0.522574 0.195386
v -0.090157 0.543335 0.197292
v -0.0973202 0.524816 0.198155
v -0.109573 0.536609 0.199074
v -0.121803 0.520882 0.200632
v -0.125917 0.232088 -0.116176
v -0.129235 0.221472 -0.115212
v -0.135199 0.211405 -0.117667
v -0.0597665 0.32132 0.0900673
v -0.0653715 0.310401 0.0901009
v -0.0744405 0.309706 0.104831
v -0.0753821 0.294382 0.0943944
v -0.0913228 0.289293 0.116119
v -0.0881952 0.275056 0.100627
v -0.099338 0.277836 0.120536
v -0.0964571 0.258936 0.102903
v -0.106591 0.267287 0.12437
v -0.102936 0.241538 0.10158
v -0.111703 0.246235 0.118642
v -0.116915 0.220037 0.110761
v -0.126724 0.206136 0.117599
v -0.0934976 0.219656 -0.00594697
v -0.0926344 0.215844 0.0153746
v -0.102096 0.192438 0.0061263
v -0.0990354 0.196944 0.0272012
v -0.108026 0.173156 0.0160248
v -0.105425 0.1781 0.0333107
v -0.110257 0.162574 0.039835
v -0.108082 0.174311 0.0550246
v -0.111972 0.172159 0.0642281
v -0.106086 0.186082 0.0597441
v -0.111501 0.181586 0.0718173
v -0.10575 0.191933 0.0651137
v -0.107768 0.191317 0.070416
v -0.106086 0.204455 0.0787227
v -0.114741 0.186754 0.0846304
v -0.116882 0.200206 0.0985085
v -0.124157 0.183402 0.100627
v -0.102634 0.197393 -0.00933241
v -0.0987775 0.219207 -0.0310239
v -0.105974 0.201361 -0.0330417
v -0.109909 0.206798 -0.0549462
v -0.1164 0.179389 -0.0426263
v -0.117128 0.192314 -0.059845
v -0.127027 0.171049 -0.0673445
v -0.125401 0.189826 -0.0805836
v -0.111837 0.167058 -0.00111541
v -0.115324 0.168358 -0.0229863
v -0.116523 0.554523 0.19913
v -0.0497671 0.396719 0.133372
v -0.0482986 0.40979 0.140053
v -0.0561008 0.401831 0.143293
v -0.0619973 0.397145 0.146645
v -0.0691829 0.407996 0.159009
v -0.0757408 0.386125 0.1542
v -0.0802809 0.407223 0.167876
v -0.0978695 0.400317 0.177887
v -0.127487 0.157978 0.0910426
v -0.126478 0.147194 0.0810768
v -0.118451 0.163785 0.0750122
v -0.119292 0.155007 0.0693175
v -0.114169 0.161711 0.0606409
v -0.115469 0.153326 0.0572442
v -0.118675 0.148012 0.061078
v -0.113564 0.174535 0.0710662
v -0.0815252 0.755957 -0.191743
v -0.117779 0.752437 -0.177427
v -0.113552 0.217077 -0.0757297
v -0.103329 0.223725 -0.0546099
v -0.0868276 0.902954 -0.0314387
v -0.0938899 0.899278 -0.0252843
v -0.0988672 0.894278 -0.0325821
v -0.108474 0.888146 -0.029858
v -0.107992 0.889872 -0.0145227
v -0.0893947 0.702328 -0.198928
v 0.119034 0.961437 -0.117891
v 0.107118 0.946943 -0.129729
v 0.103273 0.961023 -0.111142
v 0.0895853 0.939241 -0.130267
v 0.0833637 0.949869 -0.114393
v 0.0675911 0.941472 -0.115525
v 0.0620646 0.951281 -0.0997753
v 0.0582083 0.932235 -0.121411
v 0.0450701 0.9396 -0.104125
v 0.0384674 0.933827 -0.107185
v 0.0408551 0.941405 -0.0989233
v 0.0294769 0.940049 -0.092612
v 0.0364159 0.948053 -0.0860317
v 0.0246678 0.942022 -0.085942
v 0.018917 0.947167 -0.0733867
v 0.0142648 0.936215 -0.086581
v 0.0011939 0.936372 -0.0759875
v 0.000644606 0.923816 -0.0934752
v -0.00978076 0.930049 -0.076066
v -0.0153073 0.909669 -0.0993268
v -0.0265623 0.916507 -0.0815253
v -0.0339497 0.901901 -0.094854
v -0.0487694 0.907864 -0.0740369
v -0.036954 0.890321 -0.106468
v -0.0579056 0.884492 -0.0963674
v -0.0576366 0.873281 -0.110145
v -0.0793393 0.871264 -0.0932174
v -0.0851909 0.857868 -0.104427
v -0.0978919 0.859818 -0.0897086
v -0.0792496 0.274204 0.0826014
v -0.086424 0.256728 0.0822763
v -0.0873993 0.243152 0.0689924
v -0.0913789 0.234319 0.0701694
v -0.0943832 0.219813 0.0619524
v -0.0961656 0.22544 0.073936
v -0.0990354 0.21275 0.0680507
v -0.100784 0.224667 0.0850116
v -0.108721 0.221113 0.0980937
v -0.0910202 0.877194 0.0932958
v -0.0707299 0.890545 0.0938451
v -0.0599347 0.890623 0.106961
v -0.0424581 0.902316 0.104237
v -0.0441621 0.891442 0.121209
v -0.0357881 0.898145 0.117992
v -0.0294769 0.897327 0.123092
v -0.0227172 0.901766 0.121332
v -0.0127627 0.906127 0.121523
v 0.000790305 0.914647 0.117913
v 0.0156549 0.909972 0.128764
v 0.0130653 0.921563 0.115167
v 0.0245557 0.923592 0.117454
v 0.0232889 0.933592 0.103082
v 0.0320328 0.927079 0.115963
v 0.0443975 0.936787 0.108093
v 0.0443078 0.930139 0.116265
v 0.0535001 0.934903 0.113339
v -0.12076 0.141791 0.0602821
v -0.0667504 0.476512 -0.1617
v -0.0578047 0.489292 -0.162081
v -0.0690372 0.503046 -0.170006
v -0.0541054 0.516005 -0.168381
v -0.0773663 0.522877 -0.17875
v -0.0659432 0.540197 -0.179725
v -0.0833637 0.542842 -0.184893
v -0.0973875 0.310076 0.137127
v 0.0304185 0.516151 -0.127049
v 0.0362478 0.525579 -0.128843
v 0.035351 0.541093 -0.137845
v 0.0145563 0.537473 -0.146364
v 0.0235019 0.554983 -0.149593
v -0.000969646 0.547954 -0.157474
v 0.0117986 0.569914 -0.160511
v -0.00350314 0.564791 -0.164771
v -0.00929874 0.586203 -0.173941
v -0.0236252 0.581573 -0.177046
v -0.0300037 0.608186 -0.186799
v -0.0493748 0.594039 -0.187965
v -0.0477269 0.618264 -0.192639
v -0.0692951 0.609542 -0.194612
v -0.0931613 0.249004 0.0904596
v -0.108284 0.185723 -0.0184014
v -0.0914013 0.688102 -0.199657
v -0.0681965 0.69438 -0.200756
v -0.0630398 0.676309 -0.200677
v -0.0426935 0.69003 -0.201193
v -0.0325933 0.671859 -0.199377
v -0.0126393 0.661232 -0.195722
v 0.00457932 0.662398 -0.193065
v 0.0193542 0.65677 -0.18829
v 0.0188161 0.675345 -0.193962
v 0.0389158 0.6664 -0.18681
v 0.0420098 0.679403 -0.190353
v 0.0642954 0.674247 -0.183245
v 0.05211 0.689369 -0.191216
v 0.0793169 0.693618 -0.186295
v 0.0540494 0.705052 -0.195095
v 0.0701919 0.713392 -0.194231
v 0.0548341 0.722125 -0.198648
v 0.0767161 0.728302 -0.196922
v 0.0904933 0.739725 -0.197482
v 0.100807 0.756585 -0.19941
v 0.0924775 0.771628 -0.202426
v 0.116512 0.76451 -0.19941
v 0.108732 0.783399 -0.202639
v 0.132811 0.772155 -0.199007
v 0.137777 0.794587 -0.201652
v 0.151398 0.78257 -0.19839
v 0.173291 0.792614 -0.196608
v 0.168964 0.769566 -0.191844
v 0.190476 0.767369 -0.185106
v 0.192707 0.753121 -0.179131
v 0.204309 0.778298 -0.184456
v 0.222481 0.771012 -0.175791
v 0.215587 0.791795 -0.185757
v 0.240372 0.785989 -0.1756
v 0.23498 0.800046 -0.182371
v 0.255068 0.810315 -0.179916
v 0.239105 0.818049 -0.186698
v 0.247703 0.839102 -0.188727
v 0.230978 0.831412 -0.191249
v 0.233769 0.859302 -0.193178
v 0.210015 0.852251 -0.196361
v 0.219745 0.871297 -0.195061
v -0.0798213 0.275045 -0.0468189
v -0.0764359 0.292656 -0.0604279
v -0.065876 0.321701 -0.0699341
v -0.0620085 0.34263 -0.0866819
v -0.0753036 0.333617 -0.105728
v -0.0664365 0.352899 -0.107936
v -0.0788236 0.342709 -0.11946
v -0.0779492 0.353123 -0.124303
v -0.0896413 0.350107 -0.131881
v -0.0510899 0.883404 0.126915
v -0.0610332 0.880759 0.122543
v -0.0771309 0.879682 0.106983
v -0.0700349 0.872956 0.125693
v -0.0786667 0.870703 0.119897
v -0.0846752 0.861735 0.127666
v -0.0947083 0.866477 0.109472
v -0.0677481 0.856993 -0.120772
v -0.0575693 0.851904 -0.134448
v -0.0636115 0.834932 -0.147452
v -0.0440612 0.850525 -0.145972
v -0.0411465 0.841131 -0.15772
v -0.0197914 0.848317 -0.164883
v -0.0349586 0.83251 -0.170006
v -0.00862612 0.838115 -0.1806
v -0.0331425 0.821256 -0.180645
v -0.0135698 0.819832 -0.189501
v -0.0215065 0.812074 -0.190241
v -0.022762 0.799743 -0.193996
v -0.0324812 0.804317 -0.190341
v -0.0401264 0.79323 -0.19218
v -0.0464153 0.793152 -0.190543
v 0.0662683 0.499493 0.016305
v 0.0570313 0.487689 0.0244996
v 0.0629726 0.502306 0.0421554
v 0.0501034 0.484135 0.0449356
v 0.0514823 0.498887 0.0692614
v 0.0414044 0.483866 0.0700573
v 0.0379965 0.494897 0.0908968
v 0.0292527 0.471793 0.080124
v 0.0218877 0.475301 0.0969727
v 0.0150495 0.456603 0.0897422
v 0.00501653 0.462208 0.110447
v -0.00223642 0.446929 0.107869
v -0.00834589 0.455605 0.123518
v -0.0184013 0.448173 0.130558
v -0.0316628 0.440539 0.140647
v -0.0286025 0.447075 0.141107
v -0.0396444 0.44611 0.151151
v -0.0256542 0.456794 0.143719
v -0.0461687 0.455269 0.161419
v -0.0451261 0.471412 0.167854
v -0.0733755 0.473026 0.186418
v -0.0283671 0.92292 -0.0700237
v -0.016036 0.93589 -0.0598114
v -0.0255309 0.930486 -0.0601477
v -0.0364607 0.930554 -0.0462135
v -0.0362141 0.924343 -0.0597665
v -0.0516504 0.91709 -0.0552376
v -0.0669185 0.890679 -0.0799559
v -0.0982619 0.871107 -0.0742611
v -0.10112 0.204836 0.0653715
v -0.101143 0.190947 0.0489376
v -0.0916143 0.216326 0.0325821
v -0.07212 0.333079 0.119045
v -0.0857514 0.309325 0.121243
v -0.0306091 0.695613 0.186003
v -0.034925 0.71328 0.184703
v -0.0328847 0.726833 0.183145
v -0.0183901 0.737258 0.180566
v -0.0379405 0.742718 0.181373
v -0.0169776 0.760878 0.177147
v -0.0368082 0.759353 0.178773
v -0.0325821 0.781662 0.174703
v -0.0509778 0.762077 0.17893
v -0.0540493 0.787233 0.173683
v -0.0663019 0.760105 0.179277
v -0.0784873 0.77377 0.175589
v -0.0850788 0.757863 0.178885
v -0.0595871 0.738234 0.183066
v -0.0837448 0.332978 -0.118978
v -0.0523454 0.872822 0.138046
v -0.0722208 0.867284 0.1315
v -0.0717725 0.856029 0.143943
v -0.0907063 0.855547 0.130659
v -0.0927914 0.215743 0.0484443
v 0.0264278 0.863663 0.15086
v 0.00752757 0.868271 0.149974
v 0.0130429 0.85298 0.154918
v -0.00522949 0.851321 0.15577
v 0.0080096 0.837185 0.159379
v -0.011126 0.833575 0.161363
v 0.00554341 0.814709 0.164659
v -0.0112269 0.810527 0.167293
v -0.00441113 0.786011 0.171789
v -0.022706 0.794945 0.171464
v -0.0458772 0.805034 0.169446
v -0.0732522 0.793342 0.171004
v -0.0912332 0.804082 0.16393
v -0.0800343 0.805281 0.165791
v -0.0697883 0.806055 0.167249
v -0.0646205 0.843205 0.152866
v -0.0511572 0.467791 -0.151274
v -0.0534216 0.448588 -0.144963
v -0.0678938 0.412469 -0.140154
v -0.0572666 0.406416 -0.131657
v -0.0423909 0.367595 0.100706
v -0.0403955 0.383188 0.11094
v -0.0531974 0.36931 0.118418
v -0.0580065 0.380801 0.132755
v -0.0709765 0.375308 0.143629
v 0.0338712 0.703707 -0.197863
v 0.0272237 0.689268 -0.195823
v 0.0119219 0.698629 -0.1995
v 0.00478112 0.682228 -0.197549
v -0.00737063 0.693562 -0.200374
v -0.0159799 0.681533 -0.199646
v -0.0246453 0.705366 -0.201753
v 0.0193094 0.485312 0.109875
v 0.00441118 0.47964 0.125323
v -0.00908573 0.473228 0.13632
v -0.0161257 0.463071 0.137553
v -0.00621599 0.443386 -0.0984861
v -0.00753878 0.432591 -0.0870406
v -0.0221007 0.419206 -0.0978583
v -0.0110027 0.41674 -0.0725572
v -0.0223809 0.401102 -0.0747768
v -0.0128187 0.401203 -0.0523679
v -0.0344766 0.378267 -0.068757
v -0.0254524 0.377953 -0.0450141
v -0.0407654 0.358694 -0.0555067
v -0.0262035 0.367371 -0.0263941
v -0.0376042 0.348807 -0.0292639
v -0.02719 0.356374 -0.00240458
v -0.0384337 0.33966 -0.0107449
v -0.0424357 0.327373 0.00584602
v -0.0461462 0.329671 -0.0222576
v -0.0542175 0.312531 -0.0187376
v -0.0598337 0.318204 -0.0483883
v -0.0621654 0.302935 -0.0297347
v -0.0689363 0.29862 -0.0472112
v -0.0725348 0.279125 -0.0255422
v 0.0165405 0.930856 -0.0957845
v 0.00280812 0.909389 -0.112936
v -0.0162042 0.89115 -0.121254
v -0.0414829 0.869728 -0.126892
v -0.0477493 0.338438 -0.043568
v -0.0561232 0.338045 -0.0662235
v -0.0515719 0.356183 -0.0795859
v -0.0580626 0.362573 -0.103116
v -0.0695641 0.362147 -0.120435
v -0.0349698 0.34291 0.0519306
v -0.0326045 0.348235 0.0534328
v -0.0439603 0.341072 0.0764807
v -0.0421891 0.35365 0.0873657
v -0.0510675 0.354311 0.103161
v -0.0624569 0.3505 0.117409
v -0.0419649 0.501174 -0.1592
v -0.0213832 0.486142 -0.143013
v 0.000274661 0.493776 -0.135233
v 0.01385 0.491859 -0.123877
v 0.0163499 0.480312 -0.106277
v 0.0316741 0.486982 -0.0894844
v 0.0319767 0.477062 -0.0733531
v 0.0449244 0.483182 -0.0542736
v 0.0496999 0.480794 -0.0340058
v 0.0417295 0.466984 -0.024948
v 0.0395884 0.460717 -0.00756121
v 0.0454961 0.469652 0.00941084
v -0.051202 0.309135 0.0464489
v -0.0478165 0.313776 0.0211366
v -0.0555179 0.299841 0.0152401
v -0.0563362 0.302465 -0.00216916
v -0.0649904 0.281816 0.00971351
v -0.0634882 0.292443 -0.0140855
v -0.0691157 0.27667 -0.00341348
v -0.0540269 0.821009 -0.167932
v -0.0628492 0.807433 -0.173706
v -0.0476932 0.805685 -0.183985
v -0.0694856 0.268812 0.0263268
v -0.062513 0.283934 0.0376602
v -0.0632977 0.386899 0.142351
v -0.0638021 0.381215 0.139537
v -0.0572778 0.337518 0.0993605
v -0.0570088 0.295929 0.0411914
v -0.0155203 0.553749 -0.165421
v -0.0537579 0.396865 -0.124247
v 0.185353 0.995023 0.00223639
v 0.1642 0.99713 -0.000498871
v 0.182068 0.992938 0.0183677
v 0.164861 0.991738 0.0268537
v 0.187909 0.989339 0.0342972
v 0.173661 0.987501 0.0446665
v 0.185151 0.982737 0.0546211
v 0.165578 0.981133 0.0636003
v 0.179165 0.973186 0.0715371
v 0.164435 0.975428 0.0729495
v 0.172686 0.965697 0.0810768
v 0.15244 0.964408 0.0877132
v 0.167697 0.954689 0.0905045
v 0.158135 0.95405 0.093733
v 0.167294 0.945295 0.0951455
v 0.160433 0.943053 0.0980937
v 0.165096 0.936192 0.0996519
v 0.156666 0.93237 0.103688
v 0.173134 0.924511 0.101771
v 0.165747 0.914994 0.10732
v 0.171699 0.914109 0.105515
v 0.171957 0.906934 0.1076
v 0.179714 0.910297 0.103777
v 0.183234 0.902349 0.10482
v 0.191249 0.905051 0.100986
v 0.197314 0.897417 0.100526
v 0.202594 0.898381 0.0981049
v 0.20978 0.890567 0.0967485
v 0.209107 0.901744 0.0943159
v 0.229891 0.900959 0.0838457
v 0.214118 0.918716 0.0867828
v 0.234722 0.91764 0.075965
v 0.213311 0.943244 0.0773775
v 0.234565 0.940385 0.0665374
v 0.223209 0.960653 0.0619636
v 0.239049 0.955014 0.0554842
v 0.225586 0.967648 0.0551479
v 0.235608 0.967188 0.0491169
v 0.228691 0.977098 0.0421891
v 0.236247 0.978802 0.0345326
v 0.22294 0.984149 0.0327614
v 0.224711 0.989014 0.0139958
v 0.20395 0.990662 0.0196456
v 0.202717 0.994048 -0.00138445
v 0.184411 0.996626 -0.0157446
v 0.169625 0.999653 -0.0251834
v 0.149144 0.998722 -0.0135026
v 0.165724 0.999888 -0.0415614
v 0.139324 0.996929 -0.0275488
v 0.135502 0.995785 -0.044902
v 0.117857 0.992803 -0.0309678
v 0.111658 0.989844 -0.0554618
v 0.101333 0.988745 -0.0324588
v 0.0938003 0.985886 -0.0453952
v 0.0819288 0.98314 -0.0305306
v 0.0794065 0.980562 -0.0515047
v 0.0573451 0.975125 -0.0375482
v 0.0603831 0.973757 -0.052906
v 0.0365056 0.967054 -0.0408327
v 0.0366737 0.962357 -0.0578048
v 0.0181323 0.958994 -0.0435119
v 0.00684375 0.946842 -0.0618067
v -0.00259511 0.948501 -0.046079
v -0.0186143 0.943322 -0.0344318
v -0.0393305 0.933883 -0.0247575
v -0.0479623 0.924298 -0.0441733
v -0.0544641 0.920554 -0.0437025
v 0.0756288 0.839337 -0.199377
v 0.0879935 0.862296 -0.194848
v 0.0701919 0.857935 -0.19413
v 0.0657751 0.871409 -0.186743
v 0.0507536 0.854561 -0.191743
v 0.0519643 0.86632 -0.185387
v 0.0422564 0.862699 -0.184344
v 0.0379069 0.87901 -0.16865
v 0.0269883 0.864594 -0.176374
v 0.0173812 0.8691 -0.166946
v 0.0050838 0.854875 -0.173986
v -0.00219156 0.868349 -0.155344
v -0.0180314 0.867094 -0.146308
v -0.0399807 0.481971 -0.150949
v 0.00159746 0.953534 -0.0306988
v -0.0247798 0.941506 -0.0157446
v -0.00434391 0.604094 -0.178403
v 0.013099 0.591449 -0.168045
v 0.038983 0.572381 -0.149952
v -0.0264165 0.912113 0.102914
v -0.0202622 0.934455 0.0518634
v -0.0147356 0.522047 0.165444
v -0.0462247 0.371653 -0.087646
v 0.0130317 0.715275 -0.201507
v -0.00620474 0.709671 -0.201742
v -0.0140518 0.448543 -0.117442
v -0.0228629 0.434811 -0.116153
v -0.0325484 0.392807 -0.0857178
v 0.0722545 0.507564 0.0153746
v 0.0791039 0.521162 0.0315619
v 0.0698443 0.51679 0.0526257
v 0.087063 0.537338 0.0453728
v 0.0822875 0.537439 0.0591275
v 0.0956724 0.553324 0.0532983
v 0.0849668 0.55477 0.078577
v 0.0986431 0.564029 0.064116
v 0.0934415 0.571192 0.0835879
v 0.107533 0.583232 0.0740705
v 0.0906615 0.582178 0.0980265
v 0.104315 0.602099 0.0981273
v 0.0834198 0.591393 0.114595
v 0.0915695 0.604867 0.115458
v 0.0824221 0.598657 0.120828
v 0.085034 0.612412 0.12715
v 0.0701807 0.590933 0.128126
v 0.0688915 0.608948 0.139963
v 0.0558654 0.584757 0.138248
v 0.0532422 0.605428 0.151095
v 0.0423573 0.587593 0.151342
v 0.0346896 0.607323 0.165063
v 0.0287482 0.588176 0.161857
v 0.0169104 0.590765 0.170421
v 0.0127179 0.567437 0.164547
v -0.00436631 0.593837 0.183066
v -0.0118771 0.580654 0.183414
v -0.0161257 0.372953 0.0102628
v -0.0131102 0.379937 -0.00340227
v -0.0070231 0.387818 0.0212823
v 0.000128926 0.399555 0.016036
v -0.0015526 0.39988 0.0443975
v 0.0072361 0.411281 0.0275263
v 0.00712402 0.414846 0.0442405
v 0.0143097 0.42508 0.039039
v 0.0102628 0.422368 0.0504397
v 0.0171458 0.434833 0.0521997
v 0.00804325 0.428286 0.0685328
v 0.0188497 0.448352 0.0713577
v 0.00497167 0.436806 0.0867155
v 0.091065 0.9194 -0.153202
v 0.0753261 0.919915 -0.144963
v 0.0613023 0.90504 -0.154054
v 0.0446217 0.907461 -0.142138
v 0.0429626 0.901934 -0.147261
v 0.0248808 0.906026 -0.131847
v 0.0223921 0.886453 -0.151812
v 0.00543129 0.892238 -0.13456
v 0.00455692 0.879481 -0.148326
v 0.056381 0.81898 -0.201047
v 0.0489488 0.797826 -0.202841
v 0.0360572 0.821513 -0.198076
v 0.0316068 0.803667 -0.200509
v 0.0156885 0.824529 -0.194792
v 0.0015638 0.811996 -0.195453
v -0.00594692 0.866017 0.150523
v -0.0155876 0.85845 0.152922
v -0.0250265 0.856478 0.153068
v -0.0248135 0.846994 0.156835
v 0.00093604 0.762672 0.175286
v 0.0134914 0.793533 0.168471
v 0.0261139 0.780249 0.169053
v 0.0384449 0.800147 0.163572
v 0.0566613 0.806447 0.159301
v -0.00453447 0.4047 0.0645196
v -0.00830103 0.391405 0.052323
v -0.00769572 0.388412 0.0408775
v -0.000666974 0.428376 -0.0671427
v 0.00233734 0.421471 -0.0487694
v 0.00564429 0.416516 -0.0270667
v -0.00976956 0.394858 -0.0295217
v -0.00483714 0.395631 -0.0125945
v 0.114786 0.675401 0.135704
v 0.0939909 0.665458 0.147149
v 0.111456 0.660705 0.130872
v 0.104809 0.647242 0.129179
v 0.122431 0.658037 0.119303
v 0.111165 0.634058 0.114393
v 0.120335 0.642915 0.111176
v 0.115581 0.632029 0.108205
v 0.121411 0.625214 0.0959862
v 0.109416 0.621615 0.107398
v 0.102354 0.625572 0.117969
v 0.0949661 0.614575 0.118406
v 0.0961992 0.633767 0.129325
v 0.0813907 0.630337 0.140714
v 0.0638357 0.626301 0.152799
v 0.0434895 0.626268 0.166565
v 0.0254413 0.620259 0.174771
v 0.00770692 0.604027 0.179781
v 0.0721312 0.944107 0.107241
v 0.0669858 0.946438 0.102365
v 0.0601028 0.939152 0.110189
v 0.0497447 0.948692 0.0909529
v 0.0310127 0.945284 0.0854712
v 0.00300991 0.923166 0.107555
v -0.011552 0.912539 0.113788
v -0.0038955 0.827836 -0.188637
v 0.00674287 0.837095 -0.187371
v 0.0194663 0.840391 -0.189848
v 0.0245781 0.850816 -0.185947
v 0.0338488 0.853966 -0.187236
v 0.00577882 0.485671 -0.127744
v -0.000913588 0.475862 -0.126691
v -0.00553217 0.429845 0.0971857
v -0.00367129 0.417211 0.0805612
v -0.0123255 0.382661 0.048534
v 0.0112829 0.49409 0.127363
v 0.014433 0.610562 -0.17467
v 0.0375033 0.721172 0.173762
v 0.0487582 0.70105 0.17189
v 0.0331426 0.685894 0.176138
v 0.0486125 0.66928 0.17273
v 0.0197802 0.675289 0.179266
v 0.0229526 0.654719 0.179086
v 0.00842436 0.637365 0.181777
v 0.0281429 0.637321 0.176766
v 0.0486461 0.641749 0.168583
v 0.0698219 0.645168 0.156711
v 0.0876571 0.648026 0.144425
v 0.0700798 0.884749 -0.177966
v 0.0645868 0.882036 -0.178167
v 0.0630959 0.892585 -0.167921
v 0.056751 0.881409 -0.175499
v 0.048052 0.890792 -0.161845
v 0.0570201 0.91829 -0.136802
v 0.0448235 0.911205 -0.137957
v 0.0386131 0.91718 -0.127543
v 0.0139061 0.909378 -0.120548
v 0.0860093 0.963859 -0.0966364
v 0.0742499 0.970551 -0.0764695
v 0.0525809 0.953915 -0.089249
v 0.0571658 0.965316 -0.0719407
v 0.0420098 0.958164 -0.0725684
v -0.00742666 0.935957 -0.0685552
v 0.0136483 0.421011 0.00444476
v 0.00623844 0.409779 -0.00126114
v 0.00237095 0.408299 0.0482761
v 0.0251274 0.811458 0.163392
v 0.0260018 0.832499 0.158381
v 0.0448571 0.821155 0.15874
v 0.0388822 0.843126 0.154525
v 0.0601701 0.833878 0.153976
v 0.0562914 0.858092 0.148819
v 0.271727 0.775743 -0.160231
v 0.276681 0.766685 -0.152115
v 0.268195 0.760037 -0.152138
v 0.269204 0.754399 -0.144234
v 0.260371 0.752033 -0.149649
v 0.254026 0.745027 -0.147586
v 0.251481 0.755508 -0.157126
v 0.244071 0.740386 -0.150568
v 0.234879 0.745296 -0.158348
v 0.234106 0.732786 -0.150153
v 0.220485 0.746114 -0.164984
v 0.22368 0.727876 -0.152463
v 0.207078 0.730275 -0.161296
v 0.202347 0.722013 -0.158953
v 0.185947 0.731317 -0.170354
v 0.184086 0.711385 -0.160556
v 0.162753 0.727102 -0.177136
v 0.16485 0.709895 -0.167372
v 0.144111 0.707484 -0.173448
v 0.15068 0.692788 -0.163807
v 0.131758 0.685255 -0.16698
v 0.150916 0.671467 -0.152485
v 0.128809 0.668384 -0.159738
v 0.131141 0.654001 -0.151644
v 0.110716 0.665279 -0.165074
v 0.115088 0.638475 -0.149739
v 0.0998986 0.652533 -0.162877
v 0.09037 0.635684 -0.158101
v 0.0860093 0.657162 -0.169984
v 0.0777699 0.640863 -0.165534
v 0.0630286 0.656378 -0.177013
v 0.059475 0.642163 -0.172473
v 0.039353 0.651535 -0.181463
v 0.036259 0.468262 0.0574572
v 0.0250489 0.448128 0.05211
v 0.0236701 0.442198 0.042716
v 0.0173027 0.427367 0.0260914
v 0.030284 0.927942 -0.109405
v 0.0356873 0.928704 -0.111882
v 0.0458885 0.923828 -0.124359
v 0.0474579 0.51392 0.0952463
v 0.0349474 0.505524 0.105358
v 0.07564 0.587268 0.119987
v 0.0735437 0.579219 0.116579
v 0.0755615 0.569713 0.106938
v 0.0683198 0.579264 0.122218
v 0.0609324 0.569612 0.123765
v 0.058242 0.57617 0.131029
v 0.0522558 0.564948 0.129684
v 0.036315 0.570789 0.147911
v 0.0379629 0.552483 0.13623
v 0.0276496 0.557494 0.148158
v 0.0638694 0.662252 0.165926
v 0.0789021 0.674785 0.161173
v 0.0350483 0.955474 0.0625914
v 0.0374472 0.962626 0.0377163
v 0.0377051 0.966325 0.0149038
v 0.0443639 0.535713 -0.129213
v 0.0510451 0.549277 -0.133036
v 0.0452831 0.559153 -0.141275
v 0.028255 0.447568 0.0355303
v 0.0568407 0.838026 -0.197516
v 0.0407542 0.840952 -0.194758
v 0.0281317 0.835492 -0.193828
v 0.155669 0.757975 -0.191272
v 0.139437 0.751316 -0.192707
v 0.147844 0.737404 -0.185902
v 0.126366 0.730151 -0.188335
v 0.131903 0.711946 -0.179625
v 0.105268 0.70624 -0.184445
v 0.112813 0.684414 -0.173291
v 0.0859645 0.674785 -0.177383
v 0.0731962 0.545465 0.087758
v 0.0653603 0.554467 0.107006
v 0.0609996 0.532697 0.0934527
v 0.0558318 0.54671 0.113059
v 0.0482874 0.5318 0.109988
v 0.0439715 0.54282 0.123686
v 0.0649231 0.901105 -0.160287
v 0.0438034 0.882395 0.143169
v 0.043355 0.865177 0.148472
v 0.134549 0.641177 -0.142362
v 0.145198 0.647869 -0.140188
v 0.148203 0.637063 -0.120962
v 0.162731 0.65436 -0.127016
v 0.161666 0.64019 -0.104786
v 0.178773 0.65584 -0.103822
v 0.166128 0.636345 -0.0886549
v 0.182281 0.650067 -0.0838233
v 0.177158 0.641356 -0.0738464
v 0.184658 0.648564 -0.072759
v 0.179512 0.641143 -0.0648783
v 0.191048 0.651849 -0.0584998
v 0.178728 0.637679 -0.0503388
v 0.184187 0.64176 -0.0332547
v 0.169872 0.626211 -0.0389606
v 0.16893 0.624653 -0.0193094
v 0.154323 0.609845 -0.0413147
v 0.15401 0.60767 -0.0180538
v 0.143013 0.595339 -0.0278178
v 0.13474 0.587391 -0.0373127
v 0.127632 0.579051 -0.0372118
v 0.120424 0.570968 -0.0375818
v 0.110997 0.561417 -0.045227
v 0.11446 0.571024 -0.060753
v 0.0978807 0.555779 -0.06897
v 0.110447 0.574275 -0.0776578
v 0.0934976 0.564253 -0.0928138
v 0.102623 0.577862 -0.0993829
v 0.0869397 0.570015 -0.113833
v 0.104069 0.589779 -0.117084
v 0.0818952 0.577818 -0.129493
v 0.0853367 0.585833 -0.133417
v 0.0823772 0.599128 -0.143528
v 0.0624345 0.611369 -0.157597
v 0.0604055 0.627602 -0.165769
v 0.152563 0.987198 0.0443414
v 0.15216 0.993184 0.0172691
v 0.124718 0.98786 0.0318086
v 0.136544 0.994507 0.00752756
v 0.116837 0.989025 0.0166862
v 0.113138 0.991716 -0.00102574
v 0.0961992 0.985662 0.00980319
v 0.100571 0.988532 -0.0145002
v 0.0774336 0.98138 -0.00311082
v 0.0723666 0.980427 -0.0215626
v 0.0615937 0.516297 0.0718509
v 0.0721872 0.532854 0.0736558
v 0.0469422 0.495468 -0.0725236
v 0.0461239 0.503203 -0.0857963
v 0.0894284 0.9798 -0.0680283
v 0.0655733 0.688248 0.167966
v 0.0543184 0.875378 -0.179669
v 0.0511684 0.554658 0.12409
v 0.0538924 0.561742 0.125883
v 0.0459109 0.54977 0.126366
v 0.0997641 0.932728 -0.14234
v 0.0602822 0.507945 -0.0641048
v 0.100964 0.982737 0.0342748
v 0.141779 0.596056 -0.0378396
v 0.130211 0.582907 -0.0428954
v 0.14086 0.595765 -0.0449804
v 0.139986 0.59757 -0.055686
v 0.143102 0.599072 -0.0494196
v 0.149492 0.60656 -0.052054
v 0.153169 0.610887 -0.0534552
v 0.160814 0.619441 -0.0554618
v 0.148192 0.60674 -0.0582419
v 0.147889 0.609004 -0.0665486
v 0.137542 0.597951 -0.064542
v 0.139145 0.609598 -0.0885203
v 0.126085 0.596505 -0.0886661
v 0.13382 0.617456 -0.111523
v 0.120783 0.606336 -0.115122
v 0.120682 0.618903 -0.131612
v 0.10853 0.613219 -0.137744
v 0.105414 0.626312 -0.146914
v 0.0913004 0.612233 -0.145725
v 0.0774336 0.620954 -0.155949
v 0.0926905 0.590664 -0.131601
v 0.0980153 0.595283 -0.131376
v 0.102253 0.601975 -0.133036
v 0.108149 0.605988 -0.131141
v 0.163751 0.905903 0.110705
v 0.158314 0.919523 0.108205
v 0.155814 0.912427 0.111299
v 0.147541 0.915095 0.112936
v 0.139201 0.913514 0.115794
v 0.131264 0.909781 0.118944
v 0.129134 0.922807 0.114259
v 0.116478 0.921922 0.117353
v 0.107398 0.92153 0.11927
v 0.0906615 0.905802 0.128058
v 0.078095 0.910106 0.128821
v 0.0893835 0.529715 0.0107785
v 0.0802585 0.517373 0.0092539
v 0.086368 0.525422 -0.00929878
v 0.122274 0.748917 -0.194848
v 0.108497 0.742404 -0.195162
v 0.107252 0.724389 -0.190442
v 0.0880047 0.715287 -0.191283
v 0.222716 0.793981 0.10325
v 0.208008 0.79582 0.111714
v 0.200879 0.826356 0.111882
v 0.191944 0.804418 0.117868
v 0.172943 0.836849 0.122027
v 0.172876 0.820807 0.124359
v 0.148696 0.833049 0.130771
v 0.156409 0.809608 0.13104
v 0.136668 0.819899 0.136466
v 0.132509 0.802983 0.140098
v 0.116333 0.818677 0.142889
v 0.121882 0.790551 0.144739
v 0.11047 0.776864 0.149391
v 0.0937218 0.750632 0.156655
v 0.100885 0.727091 0.156341
v 0.107387 0.743514 0.153079
v 0.121164 0.735117 0.149077
v 0.120133 0.760519 0.147284
v 0.13428 0.745442 0.143887
v 0.137721 0.764185 0.141421
v 0.152855 0.754051 0.136017
v 0.146981 0.782065 0.136466
v 0.167787 0.762649 0.129269
v 0.160231 0.788701 0.131376
v 0.182371 0.78174 0.123417
v 0.174098 0.800248 0.12511
v 0.188503 0.999036 -0.0386243
v 0.181093 1 -0.0579841
v 0.159021 0.998397 -0.0586007
v 0.169872 0.997018 -0.0773663
v 0.146622 0.99518 -0.0695753
v 0.148741 0.987299 -0.0899552
v 0.132262 0.989754 -0.0766377
v 0.136152 0.976537 -0.103351
v 0.115167 0.98388 -0.0791711
v 0.107017 0.97462 -0.0915359
v 0.152373 0.973354 0.0783303
v 0.144548 0.981963 0.0612462
v 0.131836 0.983745 0.049655
v 0.11103 0.977905 0.0584101
v 0.120693 0.805259 -0.203435
v 0.215553 0.770485 0.0995959
v 0.201641 0.779476 0.113777
v 0.203715 0.76173 0.104977
v 0.186452 0.765676 0.119651
v 0.187203 0.751675 0.113821
v 0.168067 0.740644 0.123888
v 0.152911 0.729221 0.13058
v 0.168717 0.896576 -0.191261
v 0.153068 0.888998 -0.192953
v 0.142026 0.876387 -0.195442
v 0.126366 0.883057 -0.192483
v 0.111232 0.858395 -0.197606
v 0.107028 0.872418 -0.193682
v 0.135087 0.864728 0.129572
v 0.113765 0.85752 0.136959
v 0.117151 0.969767 0.0825902
v 0.106602 0.960014 0.095067
v 0.117151 0.962547 0.0926905
v 0.10927 0.952066 0.103049
v 0.123731 0.96304 0.0925784
v 0.122184 0.947066 0.104741
v 0.135625 0.957458 0.0961095
v 0.143382 0.946225 0.101042
v 0.150097 0.950788 0.097253
v 0.182763 0.847285 0.116691
v 0.15596 0.857924 0.124079
v 0.126848 0.838698 0.136724
v 0.101042 0.835111 0.144481
v 0.119404 0.931832 0.112745
v 0.122397 0.626794 -0.137946
v 0.130693 0.630359 -0.134661
v 0.147889 0.625629 -0.101972
v 0.153214 0.619911 -0.0805948
v 0.16254 0.627153 -0.0748216
v 0.168717 0.630337 -0.0664701
v 0.1605 0.621896 -0.06545
v 0.141163 0.90365 -0.184669
v 0.127262 0.995157 -0.0133344
v 0.117072 0.56617 0.0121349
v 0.126601 0.585978 -0.0641272
v 0.115268 0.590081 -0.0970176
v 0.134941 0.628285 0.0815028
v 0.11501 0.602547 0.0834085
v 0.248679 0.734142 -0.13789
v 0.271065 0.746327 -0.126018
v 0.262321 0.736788 -0.121175
v 0.26944 0.735611 -0.101446
v 0.253544 0.727158 -0.116377
v 0.248006 0.718952 -0.10788
v 0.244116 0.723941 -0.125424
v 0.238242 0.713101 -0.113519
v 0.223781 0.70791 -0.12752
v 0.236639 0.70939 -0.10834
v 0.225664 0.698337 -0.105044
v 0.24035 0.706061 -0.0895853
v 0.225384 0.691151 -0.0837224
v 0.228702 0.691252 -0.0678266
v 0.214096 0.678686 -0.0768843
v 0.214813 0.675278 -0.0547668
v 0.202067 0.665548 -0.0706067
v 0.206305 0.665413 -0.0456642
v 0.197146 0.656221 -0.0305419
v 0.193906 0.654416 -0.0100835
v 0.181788 0.640605 -0.0142985
v 0.190734 0.652163 -0.000241031
v 0.183862 0.644417 0.00140684
v 0.179501 0.643677 0.0149262
v 0.177461 0.636222 -0.00182166
v 0.170432 0.628913 0.00326772
v 0.163628 0.62036 -0.000958468
v 0.158505 0.613892 -0.00460175
v 0.157249 0.616156 0.0124151
v 0.150703 0.6048 -0.00304356
v 0.140972 0.593938 0.0011378
v 0.132284 0.583905 0.00392911
v 0.128955 0.58405 0.0230535
v 0.13113 0.934421 0.109113
v 0.147194 0.930453 0.106983
v 0.137396 0.942223 0.104259
v 0.151454 0.814574 -0.201764
v 0.173437 0.826367 -0.19996
v 0.200038 0.820516 -0.196003
v 0.206697 0.834921 -0.195969
v 0.221304 0.812355 -0.18996
v 0.12409 0.577156 -0.0472
v 0.131679 0.977075 0.0712568
v 0.129572 0.969015 0.085247
v 0.1403 0.969935 0.0842717
v 0.129258 0.993375 -0.0584773
v 0.16559 0.62916 0.0213159
v 0.147295 0.612513 0.0344766
v 0.142295 0.599397 0.0191748
v 0.202885 0.74385 -0.170567
v 0.171497 0.741115 -0.181575
v 0.136757 0.659752 0.106087
v 0.132094 0.655851 0.108037
v 0.128327 0.651681 0.108967
v 0.12872 0.646255 0.104416
v 0.131735 0.643374 0.099069
v 0.123395 0.648407 0.11186
v 0.161408 0.913615 -0.181575
v 0.138394 0.652835 0.099282
v 0.148124 0.655537 -0.144761
v 0.156532 0.66159 -0.142833
v 0.1643 0.671612 -0.145927
v 0.172192 0.673025 -0.141264
v 0.181878 0.670446 -0.12576
v 0.18199 0.685322 -0.146409
v 0.196899 0.686219 -0.13039
v 0.190857 0.694425 -0.148102
v 0.200352 0.696902 -0.141353
v 0.198614 0.705355 -0.150837
v 0.212123 0.703785 -0.137374
v 0.210845 0.71254 -0.149313
v 0.221483 0.718964 -0.146219
v 0.243376 0.769241 0.0719406
v 0.24452 0.777648 0.0766152
v 0.240047 0.771034 0.0768843
v 0.231213 0.777525 0.0897422
v 0.228467 0.759679 0.0808078
v 0.211607 0.753345 0.0931277
v 0.202482 0.741417 0.0941702
v 0.181665 0.735711 0.110044
v 0.167518 0.720948 0.114584
v 0.21905 0.749287 0.0829265
v 0.230294 0.747583 0.0693063
v 0.21766 0.739321 0.077086
v 0.221427 0.733615 0.0677481
v 0.204634 0.72004 0.0763574
v 0.214992 0.719939 0.0631968
v 0.195935 0.701991 0.0712344
v 0.211596 0.704929 0.0520203
v 0.199242 0.689582 0.0525248
v 0.206316 0.68632 0.0338152
v 0.189075 0.673204 0.0470206
v 0.191485 0.663608 0.0257439
v 0.181833 0.654607 0.0325933
v 0.170242 0.641502 0.0348016
v 0.320614 0.861735 0.0277057
v 0.325546 0.884379 0.0144105
v 0.313899 0.882227 0.0260466
v 0.316354 0.906362 0.0120004
v 0.304931 0.898112 0.0275824
v 0.30103 0.910319 0.025856
v 0.28732 0.905903 0.0411578
v 0.290705 0.923592 0.0302503
v 0.278565 0.927684 0.0394987
v 0.286053 0.946562 0.0214729
v 0.270818 0.949364 0.0344205
v 0.280437 0.964834 0.0174709
v 0.263667 0.967446 0.0297235
v 0.273038 0.971067 0.0177736
v 0.26351 0.973993 0.0220222
v 0.261772 0.98101 0.0091306
v 0.247681 0.979542 0.0255197
v 0.239363 0.987288 0.00795354
v 0.228534 0.991379 -0.00590212
v 0.211977 0.994821 -0.0150159
v 0.224599 0.994283 -0.028042
v 0.211293 0.99694 -0.0348465
v 0.22979 0.994866 -0.0435455
v 0.208894 0.998094 -0.052536
v 0.231863 0.993969 -0.0707187
v 0.21386 0.997153 -0.0698892
v 0.215161 0.994249 -0.0902579
v 0.193962 0.998632 -0.0684992
v 0.192819 0.996166 -0.0851237
v 0.17995 0.990516 -0.0950894
v 0.145423 0.91746 -0.174188
v 0.14697 0.923895 -0.169311
v 0.152922 0.930173 -0.165063
v 0.156173 0.936338 -0.159043
v 0.172383 0.924164 -0.174457
v 0.166901 0.940419 -0.157944
v 0.173896 0.941091 -0.1592
v 0.169748 0.951292 -0.146723
v 0.182259 0.94488 -0.157059
v 0.179086 0.958209 -0.141152
v 0.190891 0.945676 -0.158292
v 0.198648 0.946685 -0.158606
v 0.202885 0.940441 -0.164906
v 0.194433 0.794912 -0.192505
v 0.180891 0.809462 -0.19783
v 0.192202 0.716542 0.0879486
v 0.196967 0.723896 0.088184
v 0.186552 0.714199 0.0922981
v 0.178571 0.718538 0.10334
v 0.176318 0.706599 0.0978471
v 0.165231 0.701218 0.105358
v 0.167563 0.692093 0.0965131
v 0.155848 0.680479 0.100907
v 0.183638 0.700075 0.0848995
v 0.174603 0.696039 0.0920178
v 0.167159 0.683147 0.0901234
v 0.157328 0.673193 0.0939236
v 0.164121 0.683955 -0.154066
v 0.1756 0.697698 -0.156689
v 0.206461 0.733212 0.0843502
v 0.200419 0.730555 0.088879
v 0.196036 0.732561 0.0949101
v 0.251784 0.988084 -0.0102404
v 0.275437 0.980304 -0.00543129
v 0.267534 0.9861 -0.0263941
v 0.285963 0.980719 -0.0264726
v 0.267949 0.98731 -0.04053
v 0.274316 0.986447 -0.0592957
v 0.250136 0.991335 -0.0604839
v 0.25601 0.989743 -0.077882
v 0.240753 0.991099 -0.093733
v 0.196541 0.988207 -0.102869
v 0.174636 0.669471 0.0677368
v 0.173493 0.656826 0.0532871
v 0.185768 0.933939 -0.167675
v 0.219364 0.691151 -0.100538
v 0.212437 0.69299 -0.1177
v 0.209533 0.682766 -0.101984
v 0.192729 0.672778 -0.112073
v 0.174423 0.6803 -0.146701
v 0.186732 0.960821 0.0800567
v 0.175073 0.958344 0.0860205
v 0.187606 0.946674 0.0874217
v 0.176396 0.939006 0.095067
v 0.201103 0.912091 0.094854
v 0.198648 0.931876 0.0889351
v 0.186003 0.920274 0.0984188
v 0.182662 0.684919 0.072333
v 0.198121 0.997523 -0.0264726
v 0.222111 0.977412 0.0455185
v 0.212975 0.978017 0.0496662
v 0.204545 0.985124 0.0399919
v 0.20126 0.977165 0.0568743
v 0.190823 0.977748 0.0608202
v 0.185073 0.974396 0.067961
v 0.205284 0.968702 0.0649679
v 0.201933 0.961068 0.0728935
v 0.194018 0.957021 0.0791935
v 0.192505 0.662555 -0.0908072
v 0.202347 0.673417 -0.095224
v 0.216416 0.685289 -0.0921412
v 0.218142 0.693438 0.02052
v 0.215407 0.681522 0.000655772
v 0.222694 0.686779 -0.00998258
v 0.214634 0.678305 -0.00941088
v 0.210217 0.671736 -0.0235468
v 0.208793 0.671758 -0.00926514
v 0.200576 0.66196 -0.0099041
v 0.201271 0.666725 0.00549852
v 0.191216 0.657465 -0.0801576
v 0.255349 0.720667 -0.0930941
v 0.250831 0.713661 -0.0762341
v 0.241101 0.701879 -0.0620534
v 0.231213 0.69123 -0.0479623
v 0.221887 0.682385 -0.0371782
v 0.214667 0.961908 0.065932
v 0.205553 0.675681 0.0145899
v 0.254037 0.779902 -0.168459
v 0.235652 0.761719 -0.167047
v 0.233041 0.723459 -0.139997
v 0.270919 0.802736 0.0645532
v 0.264003 0.808173 0.0746983
v 0.271244 0.814944 0.0702927
v 0.257064 0.819843 0.0831731
v 0.271626 0.824607 0.072389
v 0.259665 0.830526 0.0806172
v 0.275269 0.8439 0.0686224
v 0.259687 0.845839 0.0784985
v 0.275684 0.865322 0.0634882
v 0.256492 0.863047 0.0773887
v 0.269541 0.884906 0.0631183
v 0.250439 0.875994 0.0783976
v 0.249564 0.898246 0.0729271
v 0.236975 0.885433 0.0840251
v 0.220609 0.88772 0.0920178
v 0.222212 0.879122 0.0931165
v 0.227705 0.892955 -0.192852
v 0.23878 0.916889 -0.183817
v 0.243018 0.934163 -0.170354
v 0.238993 0.947761 -0.15809
v 0.248387 0.947772 -0.157317
v 0.249934 0.952368 -0.151992
v 0.257535 0.94349 -0.160545
v 0.255337 0.95609 -0.14771
v 0.274406 0.942111 -0.160097
v 0.27037 0.952189 -0.150131
v 0.236594 0.958153 -0.147766
v 0.229666 0.693237 -0.0137155
v 0.36338 0.946808 -0.156958
v 0.3556 0.953758 -0.149593
v 0.350937 0.936708 -0.163852
v 0.345791 0.948019 -0.152911
v 0.341083 0.945149 -0.153729
v 0.345153 0.953467 -0.147631
v 0.334593 0.95498 -0.143674
v 0.336846 0.960664 -0.138528
v 0.329189 0.962222 -0.136208
v 0.324414 0.971482 -0.121377
v 0.323147 0.972468 -0.101894
v 0.305828 0.971302 -0.124202
v 0.296277 0.97619 -0.115301
v 0.285762 0.981728 -0.09843
v 0.268117 0.981066 -0.11112
v 0.272847 0.985875 -0.0857178
v 0.247569 0.986492 -0.105683
v 0.228971 0.952604 -0.154705
v 0.247995 0.837745 0.0868276
v 0.24332 0.85428 0.087007
v 0.237009 0.864156 0.0886324
v 0.232962 0.870008 0.0895292
v 0.243253 0.879469 -0.191731
v 0.248656 0.900399 -0.189321
v 0.258028 0.917987 -0.181586
v 0.262646 0.932964 -0.169917
v 0.245293 0.992232 -0.0468077
v 0.240204 0.991615 -0.0244099
v 0.302958 0.860782 0.0440388
v 0.298362 0.882496 0.0402834
v 0.290761 0.875748 0.0490721
v 0.288082 0.885455 0.0480968
v 0.275729 0.902282 0.0525024
v 0.259149 0.912662 0.0613807
v 0.266166 0.929422 0.049229
v 0.248948 0.9333 0.0602821
v 0.255091 0.954061 0.0447786
v 0.244733 0.966527 0.0437921
v 0.23637 0.762369 0.0744629
v 0.250629 0.862453 -0.190308
v 0.259216 0.885736 -0.188806
v 0.350914 0.819585 -0.0602261
v 0.351363 0.828374 -0.0424694
v 0.33485 0.80879 -0.0400704
v 0.33948 0.825325 -0.0211254
v 0.330893 0.813532 -0.0208003
v 0.320199 0.798869 -0.0211702
v 0.314011 0.806503 0.00330135
v 0.304774 0.791011 0.00064457
v 0.295795 0.786235 0.0114062
v 0.284248 0.766113 0.00562184
v 0.27417 0.763042 0.0211478
v 0.272556 0.745318 -0.00397399
v 0.263812 0.745397 0.0159799
v 0.254687 0.728884 0.00527433
v 0.254474 0.71958 -0.0177624
v 0.262164 0.727394 -0.0197354
v 0.336353 0.96424 -0.0449468
v 0.330041 0.970271 -0.0670979
v 0.319268 0.971044 -0.0462472
v 0.308966 0.976033 -0.0635107
v 0.298967 0.978858 -0.0529844
v 0.289752 0.981941 -0.0702031
v 0.262568 0.752953 0.0291294
v 0.254833 0.974789 0.0277954
v 0.252557 0.966897 0.0381871
v 0.300649 0.888639 0.0357881
v 0.337754 0.806963 -0.0534665
v 0.342776 0.80953 -0.0648671
v 0.333797 0.799811 -0.0638246
v 0.334469 0.799598 -0.0712344
v 0.326465 0.791941 -0.0610445
v 0.318517 0.782177 -0.0716492
v 0.321735 0.78721 -0.0567062
v 0.315446 0.78007 -0.0560224
v 0.322833 0.791661 -0.045384
v 0.307352 0.77285 -0.0456755
v 0.309135 0.779375 -0.0329744
v 0.30048 0.765653 -0.0415726
v 0.295559 0.762055 -0.0314723
v 0.290122 0.753446 -0.046774
v 0.28834 0.753905 -0.0326493
v 0.28028 0.743704 -0.0399919
v 0.27908 0.745386 -0.0251386
v 0.271984 0.735409 -0.0338264
v 0.273834 0.739926 -0.0224258
v 0.26787 0.732214 -0.0272013
v 0.26731 0.733335 -0.0186592
v 0.276749 0.739669 -0.0402049
v 0.274944 0.974654 0.00981439
v 0.281681 0.97258 0.00646258
v 0.287578 0.970114 0.00411969
v 0.292566 0.968847 0.00071183
v 0.301669 0.970619 -0.0147469
v 0.300828 0.975809 -0.0313938
v 0.308933 0.96517 -0.0149374
v 0.309852 0.968365 -0.0217644
v 0.315659 0.953433 -0.0122022
v 0.322732 0.956214 -0.0215962
v 0.319347 0.952884 -0.0157894
v 0.323214 0.943737 -0.0156549
v 0.310861 0.948254 -0.00494927
v 0.302453 0.965126 -0.00672044
v 0.295279 0.770575 -0.011978
v 0.284035 0.754074 -0.0166974
v 0.282836 0.757504 -0.128305
v 0.286333 0.831165 0.059901
v 0.302734 0.837432 0.0450813
v 0.289024 0.85131 0.0569976
v 0.319403 0.973387 -0.0812786
v 0.302857 0.977883 -0.0900898
v 0.328236 0.963108 -0.0353622
v 0.322609 0.964262 -0.0307885
v 0.317923 0.964296 -0.0250265
v 0.305413 0.769442 -0.0542848
v 0.301344 0.764432 -0.0665262
v 0.298642 0.762066 -0.0508545
v 0.30057 0.949207 0.00552095
v 0.303586 0.930307 0.0137828
v 0.301041 0.920622 0.0211029
v 0.308137 0.918514 0.0147244
v 0.316354 0.921137 0.00498286
v 0.323046 0.923727 -0.172248
v 0.325826 0.942504 -0.156016
v 0.31243 0.947795 -0.150602
v 0.309325 0.959251 -0.138327
v 0.307397 0.76988 -0.0806957
v 0.319257 0.782525 -0.0935088
v 0.311545 0.777996 -0.117655
v 0.330277 0.794856 -0.116893
v 0.319706 0.787973 -0.125928
v 0.327183 0.798353 -0.136589
v 0.320098 0.792468 -0.136062
v 0.310693 0.793141 -0.150265
v 0.313394 0.787334 -0.137721
v 0.302767 0.786639 -0.15031
v 0.307218 0.780832 -0.134941
v 0.306063 0.802142 -0.158729
v 0.310794 0.818262 -0.163673
v 0.323394 0.823004 -0.16133
v 0.336723 0.819832 -0.154749
v 0.348381 0.844415 -0.162697
v 0.354289 0.830874 -0.155803
v 0.36875 0.838306 -0.155725
v 0.366071 0.833407 -0.152732
v 0.377628 0.840425 -0.153797
v 0.373918 0.831457 -0.141409
v 0.379836 0.837465 -0.147037
v 0.38663 0.843956 -0.152339
v 0.39284 0.846994 -0.152306
v 0.386237 0.858271 -0.161464
v 0.310401 0.902013 -0.178515
v 0.309078 0.786101 -0.0176615
v 0.333987 0.959319 -0.0356985
v 0.315379 0.939376 -0.00464658
v 0.313181 0.934623 0.00105932
v 0.310099 0.931675 0.00598055
v 0.315569 0.846321 0.0323578
v 0.350119 0.813644 -0.0852694
v 0.337081 0.801391 -0.0802025
v 0.368884 0.826636 -0.123462
v 0.349995 0.811884 -0.115828
v 0.355993 0.817904 -0.134257
v 0.344144 0.811088 -0.137295
v 0.344626 0.819395 -0.148943
v 0.334525 0.812254 -0.148561
v 0.328741 0.808667 -0.149301
v 0.319504 0.804115 -0.151678
v 0.327429 0.950541 -0.147317
v 0.322407 0.954465 -0.143382
v 0.336745 0.806167 -0.137576
v 0.330692 0.794049 -0.0975781
v 0.341801 0.804597 -0.105302
v 0.351004 0.8389 -0.0249368
v 0.372034 0.888942 -0.171722
v 0.359109 0.871678 -0.168616
v 0.357428 0.855368 -0.16485
v 0.36347 0.827533 -0.145781
v 0.35263 0.825527 -0.151734
v 0.369815 0.947403 -0.0483659
v 0.376294 0.870961 -0.166767
v 0.410642 0.977625 -0.131847
v 0.458856 0.968163 -0.164704
v 0.451502 0.968612 -0.16235
v 0.446951 0.972423 -0.157406
v 0.432479 0.966213 -0.158796
v 0.42489 0.976156 -0.145894
v 0.446615 0.969632 -0.0787003
v 0.436862 0.96869 -0.0770637
v 0.423701 0.96711 -0.0747768
v 0.455975 0.882249 -0.0846641
v 0.446222 0.870972 -0.104181
v 0.425843 0.868046 -0.0926905
v 0.418578 0.859381 -0.109214
v 0.448532 0.861701 -0.142104
v 0.447456 0.863091 -0.156341
v 0.461009 0.86817 -0.16189
v 0.466546 0.871891 -0.165433
v 0.458083 0.878965 -0.169939
v 0.447657 0.866477 -0.161184
v 0.439418 0.862935 -0.158202
v 0.430528 0.860379 -0.156229
v 0.440079 0.861466 -0.129258
v 0.419442 0.873876 -0.0736222
v 0.416919 0.857565 -0.155299
v 0.422468 0.861029 -0.158045
v 0.432524 0.871622 -0.165522
v 0.422737 0.896229 -0.175085
v 0.461928 0.896161 -0.177472
v 0.439216 0.886117 -0.171901
v 0.465201 0.877037 -0.10047
v 0.454058 0.97526 -0.089944
v 0.465268 0.86734 -0.130457
v 0.459932 0.970361 -0.0796196
v 0.469562 0.973623 -0.162529
v 0.493383 0.925543 -0.193065
v 0.500771 0.942784 -0.0661563
v 0.499168 0.974452 -0.0842829
v 0.54162 0.984317 -0.10853
v 0.549994 0.920969 -0.0659993
v 0.549467 0.912674 -0.0676808
v 0.558794 0.910364 -0.0697435
v 0.570565 0.909613 -0.0709542
v 0.587144 0.981459 -0.0921972
v 0.608074 0.933748 -0.117823
v 0.60628 0.952167 -0.127509
v 0.602502 0.962457 -0.146174
v 0.607905 0.941506 -0.0985309
v 0.603085 0.972031 -0.116445
f 1 2 3
f 3 2 4
f 3 4 5
f 5 4 6
f 5 6 7
f 7 6 8
f 7 8 9
f 9 8 10
f 9 10 11
f 11 10 12
f 11 12 13
f 13 12 14
f 13 14 15
f 15 14 16
f 15 16 17
f 17 16 18
f 17 18 19
f 19 18 20
f 19 20 21
f 21 20 22
f 21 22 23
f 23 22 24
f 23 24 25
f 25 24 26
f 25 26 27
f 27 26 28
f 27 28 29
f 29 28 30
f 29 30 31
f 31 30 32
f 31 32 33
f 33 32 34
f 33 34 35
f 35 34 36
f 35 36 37
f 37 36 38
f 37 38 39
f 39 38 40
f 39 40 41
f 41 40 42
f 41 42 43
f 43 42 44
f 43 44 45
f 45 44 46
f 45 46 47
f 47 46 48
f 47 48 49
f 49 48 50
f 49 50 35
f 35 50 51
f 35 51 33
f 33 51 52
f 33 52 31
f 31 52 53
f 31 53 29
f 29 53 54
f 29 54 27
f 27 54 55
f 27 55 25
f 25 55 56
f 25 56 57
f 57 56 58
f 57 58 59
f 59 58 60
f 59 60 61
f 61 60 62
f 61 62 63
f 63 62 64
f 63 64 65
f 65 64 66
f 65 66 67
f 67 66 68
f 67 68 69
f 69 68 70
f 69 70 71
f 71 70 72
f 71 72 73
f 73 72 74
f 73 74 75
f 75 74 76
f 75 76 77
f 77 76 78
f 77 78 79
f 79 78 80
f 79 80 81
f 81 80 82
f 81 82 83
f 83 82 84
f 83 84 85
f 85 84 86
f 85 86 87
f 87 86 88
f 87 88 89
f 89 88 90
f 89 90 91
f 91 90 92
f 91 92 93
f 93 92 94
f 93 94 95
f 95 94 96
f 95 96 97
f 97 96 98
f 97 98 99
f 99 98 100
f 99 100 101
f 101 100 102
f 101 102 103
f 103 102 104
f 103 104 105
f 105 104 106
f 105 106 107
f 107 106 108
f 107 108 109
f 109 108 110
f 109 110 111
f 111 110 112
f 111 112 113
f 113 112 114
f 113 114 115
f 115 114 116
f 115 116 117
f 117 116 118
f 117 118 119
f 119 118 120
f 119 120 121
f 121 120 122
f 121 122 123
f 123 122 124
f 123 124 125
f 125 124 126
f 125 126 127
f 127 126 128
f 127 128 129
f 129 128 130
f 129 130 131
f 131 130 132
f 131 132 133
f 133 132 134
f 133 134 135
f 135 134 136
f 135 136 137
f 137 136 138
f 137 138 139
f 139 138 140
f 139 140 141
f 141 140 142
f 141 142 143
f 143 142 144
f 143 144 145
f 145 144 146
f 145 146 147
f 147 146 148
f 147 148 149
f 149 148 150
f 149 150 151
f 151 150 152
f 151 152 153
f 153 152 154
f 153 154 155
f 155 154 156
f 155 156 157
f 157 156 158
f 157 158 159
f 159 158 160
f 159 160 161
f 161 160 162
f 161 162 163
f 163 162 164
f 163 164 165
f 165 164 166
f 165 166 167
f 167 166 168
f 167 168 169
f 169 168 170
f 169 170 171
f 171 170 172
f 171 172 173
f 173 172 174
f 173 174 175
f 175 174 176
f 175 176 177
f 177 176 178
f 177 178 179
f 179 178 180
f 179 180 181
f 181 180 182
f 181 182 183
f 183 182 184
f 183 184 185
f 185 184 186
f 185 186 187
f 187 186 188
f 187 188 189
f 189 188 190
f 189 190 148
f 148 190 150
f 2 1 191
f 2 191 192
f 192 191 193
f 192 193 194
f 194 193 195
f 194 195 192
f 192 195 196
f 192 196 197
f 197 196 198
f 197 198 199
f 199 198 200
f 199 200 201
f 201 200 202
f 201 202 91
f 91 202 89
f 191 1 3
f 203 204 205
f 205 204 206
f 205 206 207
f 207 206 208
f 207 208 209
f 209 208 210
f 209 210 211
f 211 210 212
f 211 212 213
f 213 212 214
f 213 214 215
f 215 214 216
f 215 216 217
f 217 216 218
f 217 218 219
f 219 218 220
f 219 220 221
f 221 220 222
f 221 222 223
f 223 222 224
f 223 224 225
f 225 224 226
f 225 226 227
f 227 226 228
f 227 228 229
f 229 228 230
f 229 230 231
f 231 230 232
f 231 232 233
f 233 232 234
f 233 234 163
f 163 234 161
f 204 203 235
f 204 235 236
f 236 235 237
f 236 237 238
f 238 237 239
f 238 239 240
f 240 239 241
f 240 241 242
f 242 241 243
f 242 243 244
f 244 243 245
f 244 245 246
f 246 245 247
f 246 247 248
f 248 247 249
f 248 249 250
f 250 249 251
f 250 251 252
f 252 251 253
f 252 253 254
f 254 253 255
f 254 255 256
f 256 255 257
f 256 257 258
f 258 257 259
f 258 259 260
f 260 259 261
f 260 261 262
f 262 261 263
f 262 263 264
f 264 263 265
f 264 265 266
f 266 265 267
f 266 267 268
f 268 267 269
f 268 269 270
f 270 269 271
f 270 271 272
f 272 271 273
f 272 273 274
f 274 273 275
f 274 275 276
f 276 275 277
f 276 277 278
f 278 277 279
f 278 279 280
f 280 279 281
f 280 281 282
f 282 281 283
f 282 283 284
f 284 283 285
f 284 285 286
f 286 285 287
f 286 287 288
f 288 287 289
f 288 289 290
f 290 289 291
f 290 291 292
f 292 291 293
f 292 293 294
f 294 293 295
f 294 295 296
f 296 295 297
f 296 297 298
f 298 297 299
f 298 299 300
f 300 299 301
f 300 301 302
f 302 301 303
f 302 303 304
f 304 303 305
f 304 305 306
f 306 305 307
f 306 307 308
f 308 307 309
f 308 309 310
f 310 309 311
f 310 311 312
f 312 311 313
f 312 313 314
f 314 313 315
f 314 315 316
f 316 315 317
f 316 317 318
f 318 317 319
f 318 319 320
f 320 319 321
f 320 321 322
f 322 321 323
f 322 323 314
f 314 323 324
f 314 324 312
f 312 324 325
f 312 325 326
f 326 325 327
f 326 327 328
f 328 327 329
f 328 329 330
f 330 329 331
f 330 331 332
f 332 331 333
f 332 333 334
f 334 333 335
f 334 335 336
f 336 335 337
f 336 337 338
f 338 337 339
f 338 339 340
f 340 339 341
f 340 341 342
f 342 341 343
f 342 343 344
f 344 343 345
f 344 345 346
f 346 345 347
f 346 347 348
f 348 347 349
f 348 349 350
f 350 349 351
f 350 351 352
f 352 351 353
f 352 353 354
f 354 353 355
f 354 355 356
f 356 355 357
f 356 357 358
f 358 357 359
f 358 359 360
f 360 359 361
f 360 361 362
f 362 361 363
f 362 363 364
f 364 363 365
f 364 365 366
f 366 365 367
f 366 367 368
f 368 367 369
f 368 369 370
f 370 369 371
f 370 371 372
f 372 371 373
f 372 373 374
f 374 373 375
f 374 375 376
f 376 375 377
f 376 377 378
f 378 377 379
f 378 379 380
f 380 379 381
f 380 381 382
f 382 381 383
f 382 383 384
f 384 383 385
f 384 385 386
f 386 385 387
f 386 387 388
f 388 387 389
f 388 389 390
f 390 389 391
f 390 391 392
f 392 391 393
f 392 393 394
f 394 393 395
f 394 395 396
f 396 395 397
f 396 397 398
f 398 397 399
f 398 399 400
f 400 399 401
f 400 401 402
f 402 401 403
f 402 403 404
f 404 403 405
f 404 405 406
f 406 405 407
f 406 407 408
f 408 407 409
f 408 409 410
f 410 409 411
f 410 411 412
f 412 411 413
f 412 413 414
f 414 413 415
f 414 415 416
f 416 415 417
f 416 417 418
f 418 417 419
f 418 419 420
f 420 419 421
f 420 421 422
f 422 421 423
f 422 423 424
f 424 423 425
f 424 425 426
f 426 425 427
f 426 427 428
f 428 427 429
f 428 429 430
f 430 429 431
f 430 431 432
f 432 431 433
f 432 433 434
f 434 433 435
f 434 435 436
f 436 435 437
f 436 437 438
f 438 437 439
f 438 439 440
f 440 439 441
f 440 441 442
f 442 441 443
f 442 443 444
f 444 443 445
f 444 445 446
f 446 445 447
f 446 447 448
f 448 447 449
f 448 449 450
f 450 449 451
f 450 451 452
f 452 451 453
f 452 453 454
f 454 453 455
f 454 455 456
f 456 455 457
f 456 457 458
f 458 457 459
f 458 459 460
f 460 459 461
f 460 461 462
f 462 461 463
f 462 463 464
f 464 463 465
f 464 465 466
f 466 465 467
f 466 467 468
f 468 467 469
f 468 469 470
f 470 469 471
f 470 471 472
f 472 471 473
f 472 473 474
f 474 473 475
f 474 475 476
f 476 475 477
f 476 477 478
f 478 477 479
f 478 479 480
f 480 479 481
f 480 481 482
f 482 481 483
f 482 483 484
f 484 483 485
f 484 485 482
f 482 485 486
f 482 486 480
f 480 486 487
f 235 203 205
f 488 489 490
f 490 489 491
f 490 491 492
f 492 491 493
f 492 493 494
f 494 493 495
f 494 495 496
f 496 495 497
f 496 497 498
f 498 497 499
f 498 499 500
f 500 499 501
f 500 501 408
f 408 501 406
f 489 488 502
f 502 488 503
f 502 503 504
f 504 503 505
f 504 505 506
f 506 505 507
f 506 507 508
f 508 507 509
f 508 509 510
f 510 509 511
f 510 511 512
f 512 511 513
f 512 513 514
f 514 513 515
f 514 515 516
f 516 515 517
f 516 517 518
f 518 517 519
f 518 519 520
f 520 519 521
f 520 521 522
f 522 521 523
f 522 523 524
f 524 523 525
f 524 525 526
f 526 525 527
f 526 527 528
f 528 527 529
f 528 529 530
f 530 529 531
f 530 531 532
f 532 531 533
f 532 533 534
f 534 533 535
f 534 535 536
f 536 535 537
f 536 537 538
f 538 537 539
f 538 539 540
f 540 539 541
f 540 541 542
f 542 541 543
f 542 543 544
f 544 543 545
f 544 545 546
f 546 545 547
f 546 547 548
f 548 547 549
f 548 549 550
f 550 549 551
f 550 551 552
f 552 551 553
f 552 553 554
f 554 553 555
f 554 555 556
f 556 555 557
f 556 557 558
f 558 557 559
f 558 559 560
f 560 559 561
f 560 561 562
f 562 561 563
f 562 563 564
f 565 489 502
f 489 565 491
f 491 565 493
f 566 567 568
f 568 567 569
f 568 569 570
f 570 569 571
f 570 571 572
f 572 571 573
f 572 573 574
f 574 573 575
f 574 575 576
f 576 575 577
f 576 577 578
f 578 577 579
f 578 579 580
f 580 579 581
f 580 581 582
f 582 581 583
f 582 583 574
f 574 583 584
f 574 584 585
f 567 566 586
f 586 566 587
f 586 587 588
f 588 587 589
f 588 589 590
f 590 589 514
f 590 514 516
f 591 567 592
f 592 567 586
f 592 586 588
f 567 591 569
f 569 591 593
f 569 593 573
f 573 593 575
f 585 594 574
f 574 594 572
f 594 585 595
f 594 595 596
f 596 595 597
f 596 597 598
f 598 597 599
f 598 599 600
f 600 599 601
f 600 601 602
f 602 601 603
f 602 603 604
f 604 603 605
f 604 605 444
f 444 605 442
f 595 585 606
f 606 585 584
f 606 584 607
f 608 609 610
f 610 609 611
f 610 611 612
f 612 611 613
f 612 613 614
f 614 613 615
f 614 615 616
f 616 615 617
f 616 617 618
f 618 617 619
f 618 619 620
f 620 619 621
f 620 621 622
f 622 621 623
f 622 623 624
f 624 623 625
f 624 625 626
f 626 625 627
f 626 627 628
f 628 627 629
f 628 629 630
f 630 629 631
f 630 631 632
f 632 631 633
f 632 633 606
f 606 633 595
f 609 608 634
f 634 608 635
f 634 635 636
f 636 635 637
f 636 637 638
f 638 637 639
f 638 639 640
f 640 639 641
f 640 641 642
f 642 641 643
f 642 643 644
f 644 643 645
f 644 645 646
f 646 645 647
f 646 647 648
f 648 647 649
f 648 649 650
f 650 649 651
f 650 651 652
f 652 651 653
f 652 653 654
f 654 653 655
f 654 655 529
f 529 655 531
f 656 609 657
f 657 609 634
f 657 634 658
f 658 634 636
f 658 636 659
f 659 636 638
f 659 638 660
f 660 638 661
f 660 661 662
f 662 661 663
f 662 663 507
f 507 663 509
f 609 656 611
f 611 656 488
f 611 488 490
f 607 584 583
f 664 608 665
f 665 608 610
f 665 610 666
f 666 610 667
f 666 667 668
f 668 667 669
f 668 669 670
f 670 669 671
f 670 671 622
f 622 671 620
f 608 664 635
f 635 664 672
f 635 672 637
f 637 672 639
f 673 607 583
f 607 673 674
f 674 673 675
f 674 675 676
f 676 675 677
f 676 677 678
f 679 664 680
f 680 664 681
f 680 681 682
f 682 681 683
f 682 683 684
f 684 683 685
f 684 685 686
f 686 685 687
f 686 687 688
f 688 687 689
f 688 689 690
f 690 689 691
f 690 691 692
f 664 679 672
f 672 679 693
f 672 693 641
f 641 693 694
f 641 694 643
f 643 694 695
f 643 695 696
f 696 695 688
f 696 688 690
f 675 673 581
f 581 673 583
f 697 679 680
f 679 697 695
f 695 697 698
f 695 698 688
f 688 698 686
f 698 697 684
f 684 697 682
f 677 675 699
f 699 675 581
f 699 581 700
f 700 581 579
f 700 579 577
f 678 677 701
f 701 677 702
f 701 702 534
f 534 702 532
f 692 691 703
f 703 691 704
f 703 704 705
f 705 704 706
f 705 706 707
f 707 706 708
f 707 708 552
f 552 708 550
f 691 689 704
f 704 689 687
f 704 687 685
f 547 709 549
f 549 709 710
f 549 710 551
f 551 710 555
f 551 555 553
f 709 547 543
f 543 547 545
f 711 709 543
f 709 711 710
f 710 711 712
f 710 712 713
f 713 712 714
f 713 714 715
f 715 714 716
f 715 716 717
f 717 716 718
f 717 718 719
f 719 718 720
f 719 720 721
f 721 720 722
f 721 722 723
f 723 722 724
f 723 724 725
f 725 724 726
f 725 726 727
f 727 726 728
f 727 728 729
f 729 728 730
f 729 730 731
f 731 730 732
f 731 732 733
f 733 732 734
f 733 734 735
f 736 692 703
f 692 736 737
f 737 736 738
f 737 738 739
f 739 738 740
f 739 740 741
f 741 740 742
f 741 742 743
f 743 742 744
f 743 744 745
f 745 744 746
f 745 746 747
f 747 746 705
f 747 705 707
f 712 711 748
f 748 711 543
f 748 543 541
f 738 736 746
f 746 736 703
f 746 703 705
f 749 750 751
f 751 750 752
f 751 752 531
f 531 752 533
f 750 749 753
f 753 749 754
f 753 754 755
f 755 754 756
f 755 756 757
f 757 756 758
f 757 758 759
f 759 758 760
f 759 760 761
f 761 760 762
f 752 750 763
f 763 750 753
f 763 753 535
f 535 753 764
f 535 764 537
f 537 764 765
f 537 765 766
f 766 765 767
f 766 767 768
f 768 767 769
f 768 769 732
f 732 769 734
f 740 738 746
f 714 712 770
f 770 712 748
f 770 748 771
f 771 748 772
f 771 772 773
f 773 772 774
f 773 774 716
f 716 774 775
f 716 775 718
f 718 775 722
f 718 722 720
f 773 716 714
f 771 773 714
f 776 732 730
f 732 776 777
f 777 776 778
f 777 778 779
f 779 778 774
f 779 774 772
f 780 559 781
f 781 559 557
f 781 557 713
f 713 557 555
f 713 555 710
f 559 780 782
f 559 782 561
f 783 784 785
f 785 784 767
f 785 767 786
f 786 767 765
f 786 765 755
f 755 765 764
f 755 764 753
f 784 783 735
f 735 783 787
f 735 787 788
f 788 787 761
f 734 784 735
f 784 734 769
f 789 719 790
f 790 719 791
f 719 789 781
f 781 789 780
f 715 719 781
f 719 715 717
f 761 783 785
f 783 761 787
f 726 776 728
f 728 776 730
f 776 726 778
f 778 726 775
f 778 775 774
f 761 762 788
f 788 762 792
f 788 792 793
f 792 762 760
f 793 792 794
f 794 792 760
f 794 760 758
f 795 796 797
f 797 796 798
f 797 798 799
f 799 798 800
f 799 800 801
f 801 800 802
f 801 802 803
f 803 802 804
f 803 804 805
f 805 804 806
f 805 806 653
f 653 806 655
f 796 795 807
f 808 796 809
f 809 796 810
f 796 808 811
f 811 808 812
f 811 812 813
f 813 812 814
f 813 814 800
f 800 814 802
f 726 724 775
f 775 724 722
f 780 789 815
f 815 789 816
f 815 816 817
f 817 816 818
f 817 818 819
f 819 818 727
f 819 727 820
f 820 727 821
f 820 821 788
f 788 821 735
f 721 822 719
f 719 822 791
f 822 721 823
f 823 721 723
f 823 723 725
f 791 822 823
f 824 825 826
f 826 825 794
f 826 794 827
f 827 794 828
f 827 828 829
f 829 828 749
f 829 749 830
f 830 749 751
f 830 751 655
f 655 751 531
f 825 824 831
f 831 824 832
f 831 832 833
f 833 832 834
f 833 834 835
f 835 834 836
f 835 836 809
f 809 836 808
f 793 825 831
f 825 793 794
f 790 791 823
f 832 824 826
f 836 834 826
f 826 834 832
f 837 795 838
f 838 795 797
f 838 797 799
f 795 837 839
f 839 837 840
f 839 840 841
f 841 840 837
f 841 837 564
f 564 837 842
f 564 842 843
f 843 842 844
f 843 844 845
f 845 844 838
f 845 838 741
f 741 838 799
f 741 799 846
f 846 799 801
f 846 801 847
f 847 801 803
f 847 803 805
f 848 795 839
f 795 848 807
f 807 848 810
f 782 780 849
f 849 780 815
f 849 815 817
f 842 837 838
f 850 563 561
f 563 850 841
f 841 850 851
f 841 851 852
f 852 851 853
f 852 853 854
f 854 853 782
f 854 782 849
f 564 563 841
f 807 810 796
f 809 810 848
f 561 782 853
f 851 850 561
f 853 851 561
f 855 856 857
f 857 856 858
f 857 858 859
f 859 858 860
f 859 860 861
f 861 860 862
f 861 862 863
f 863 862 864
f 863 864 865
f 865 864 866
f 865 866 867
f 867 866 868
f 867 868 869
f 869 868 870
f 869 870 871
f 871 870 872
f 871 872 873
f 873 872 874
f 873 874 875
f 875 874 876
f 875 876 877
f 877 876 878
f 877 878 879
f 879 878 880
f 879 880 881
f 881 880 882
f 881 882 883
f 883 882 884
f 883 884 885
f 885 884 886
f 885 886 887
f 887 886 888
f 887 888 889
f 889 888 890
f 889 890 891
f 891 890 892
f 891 892 893
f 893 892 894
f 893 894 895
f 895 894 896
f 895 896 897
f 897 896 898
f 897 898 899
f 899 898 900
f 899 900 855
f 855 900 901
f 855 901 856
f 856 901 902
f 856 902 903
f 903 902 904
f 903 904 905
f 905 904 906
f 905 906 907
f 907 906 908
f 907 908 909
f 909 908 910
f 909 910 911
f 911 910 912
f 911 912 913
f 913 912 914
f 913 914 915
f 915 914 916
f 915 916 917
f 917 916 918
f 917 918 919
f 919 918 920
f 919 920 921
f 921 920 922
f 921 922 923
f 923 922 924
f 923 924 925
f 925 924 926
f 925 926 927
f 927 926 928
f 927 928 929
f 929 928 930
f 929 930 931
f 931 930 932
f 931 932 933
f 933 932 934
f 933 934 935
f 935 934 936
f 935 936 937
f 937 936 938
f 937 938 939
f 939 938 940
f 939 940 941
f 941 940 942
f 941 942 943
f 943 942 944
f 943 944 945
f 945 944 946
f 945 946 947
f 947 946 948
f 947 948 949
f 949 948 950
f 949 950 951
f 951 950 952
f 951 952 953
f 953 952 954
f 953 954 955
f 955 954 956
f 955 956 957
f 957 956 958
f 957 958 959
f 959 958 960
f 959 960 961
f 961 960 962
f 961 962 963
f 963 962 964
f 963 964 965
f 965 964 966
f 965 966 967
f 967 966 968
f 967 968 969
f 969 968 970
f 969 970 971
f 971 970 972
f 971 972 973
f 973 972 974
f 973 974 975
f 975 974 976
f 975 976 977
f 977 976 970
f 977 970 978
f 978 970 968
f 978 968 979
f 979 968 980
f 979 980 981
f 981 980 960
f 981 960 982
f 982 960 958
f 982 958 956
f 873 875 983
f 983 875 984
f 983 984 985
f 985 984 986
f 985 986 987
f 987 986 988
f 987 988 989
f 989 988 893
f 989 893 990
f 990 893 895
f 990 895 991
f 991 895 992
f 991 992 859
f 859 992 857
f 877 881 993
f 993 881 883
f 993 883 984
f 984 883 885
f 984 885 986
f 986 885 887
f 986 887 988
f 988 887 891
f 988 891 893
f 994 995 996
f 996 995 997
f 996 997 998
f 998 997 999
f 998 999 1000
f 1000 999 1001
f 1000 1001 1002
f 1002 1001 1003
f 1002 1003 1000
f 1000 1003 1004
f 1000 1004 1005
f 1005 1004 1006
f 1005 1006 1007
f 1007 1006 1008
f 1007 1008 1009
f 1009 1008 1010
f 1009 1010 1011
f 1011 1010 1012
f 1011 1012 1013
f 1013 1012 1014
f 1013 1014 1015
f 1015 1014 1016
f 1015 1016 1017
f 1017 1016 1018
f 1017 1018 1019
f 1019 1018 1020
f 1019 1020 1021
f 1021 1020 1022
f 1021 1022 1019
f 1019 1022 1023
f 1019 1023 1024
f 1024 1023 1025
f 1024 1025 1026
f 1026 1025 1027
f 1026 1027 1028
f 1028 1027 1029
f 1028 1029 1030
f 1030 1029 1031
f 1030 1031 1032
f 1032 1031 1033
f 1032 1033 1034
f 1034 1033 1035
f 1034 1035 994
f 994 1035 1036
f 994 1036 1037
f 1037 1036 898
f 1037 898 1038
f 1038 898 896
f 1038 896 1039
f 1039 896 894
f 1039 894 892
f 865 867 1040
f 1040 867 1041
f 1040 1041 1042
f 1042 1041 987
f 1042 987 989
f 859 861 991
f 991 861 1042
f 991 1042 990
f 990 1042 989
f 871 983 1041
f 1041 983 985
f 1041 985 987
f 983 871 873
f 994 1037 995
f 995 1037 1038
f 995 1038 1043
f 1043 1038 1039
f 1043 1039 1044
f 1044 1039 892
f 1044 892 1045
f 1045 892 890
f 1045 890 1046
f 1046 890 1047
f 1046 1047 1048
f 1048 1047 1049
f 1048 1049 1050
f 1050 1049 1051
f 1050 1051 1052
f 1052 1051 1053
f 1052 1053 1054
f 1054 1053 1055
f 1054 1055 1056
f 1056 1055 1057
f 1056 1057 1058
f 1058 1057 1059
f 1058 1059 1060
f 1060 1059 1061
f 1060 1061 1062
f 1062 1061 1063
f 1062 1063 1064
f 1064 1063 1065
f 1064 1065 1066
f 1066 1065 1067
f 1066 1067 1068
f 1068 1067 1069
f 1068 1069 1070
f 1070 1069 1071
f 1070 1071 1072
f 1072 1071 1073
f 1072 1073 1074
f 1074 1073 1075
f 1074 1075 1076
f 1076 1075 1077
f 1076 1077 1069
f 1069 1077 1071
f 889 891 887
f 877 993 875
f 875 993 984
f 882 880 1078
f 1078 880 1079
f 1078 1079 1080
f 1080 1079 1081
f 1080 1081 1082
f 1082 1081 1083
f 1082 1083 1084
f 1084 1083 1085
f 1084 1085 1086
f 1086 1085 1087
f 1086 1087 1088
f 1088 1087 1089
f 1088 1089 1090
f 1090 1089 1091
f 1090 1091 1092
f 1092 1091 1093
f 1092 1093 1094
f 1094 1093 1095
f 1094 1095 1096
f 1096 1095 1097
f 1096 1097 1098
f 1098 1097 1099
f 1098 1099 1100
f 1100 1099 1101
f 1100 1101 1102
f 1102 1101 1103
f 1102 1103 1104
f 1104 1103 1105
f 1104 1105 1106
f 1106 1105 1107
f 1106 1107 1108
f 1108 1107 1109
f 1108 1109 1110
f 1110 1109 1111
f 1110 1111 1112
f 1112 1111 1113
f 1112 1113 1114
f 1114 1113 1115
f 1114 1115 1116
f 1116 1115 1117
f 1116 1117 1118
f 1118 1117 1119
f 1118 1119 1120
f 1120 1119 1121
f 1120 1121 1122
f 1122 1121 1123
f 1122 1123 1124
f 1124 1123 1125
f 1124 1125 1126
f 1126 1125 1127
f 1126 1127 1128
f 1128 1127 874
f 1128 874 1129
f 1129 874 872
f 1129 872 1130
f 1130 872 1131
f 1130 1131 949
f 949 1131 1132
f 949 1132 1133
f 1133 1132 1134
f 1133 1134 1135
f 1135 1134 1136
f 1135 1136 1137
f 1137 1136 1138
f 1137 1138 866
f 866 1138 868
f 876 1139 878
f 878 1139 1140
f 878 1140 1079
f 1079 1140 1141
f 1079 1141 1142
f 1142 1141 1143
f 1142 1143 1144
f 1144 1143 1139
f 1144 1139 1125
f 1125 1139 876
f 1125 876 1127
f 1127 876 874
f 1046 1048 1145
f 1145 1048 1146
f 1145 1146 1147
f 1147 1146 1148
f 1147 1148 1149
f 1149 1148 1150
f 1149 1150 1044
f 1044 1150 999
f 1044 999 1043
f 1043 999 997
f 1043 997 995
f 855 857 899
f 899 857 992
f 899 992 897
f 897 992 895
f 867 869 1041
f 1041 869 871
f 975 977 1151
f 1151 977 1152
f 1151 1152 1153
f 1153 1152 1154
f 1153 1154 1155
f 1155 1154 1156
f 1155 1156 1157
f 1157 1156 1158
f 1157 1158 1159
f 1159 1158 1160
f 1159 1160 1161
f 1161 1160 1162
f 1161 1162 1163
f 1163 1162 1164
f 1163 1164 1165
f 1165 1164 1110
f 1165 1110 1166
f 1166 1110 1112
f 1166 1112 1167
f 1167 1112 1114
f 1167 1114 1168
f 1168 1114 1116
f 1168 1116 1169
f 1169 1116 1118
f 1169 1118 1170
f 1170 1118 1120
f 1170 1120 1171
f 1171 1120 1172
f 1171 1172 1173
f 1173 1172 1124
f 1173 1124 1174
f 1174 1124 1126
f 1174 1126 1175
f 1175 1126 1128
f 1175 1128 1129
f 1173 1174 1176
f 1176 1174 1175
f 1176 1175 1177
f 1177 1175 1129
f 1177 1129 1130
f 1042 861 1040
f 1040 861 863
f 1040 863 865
f 1013 1015 1011
f 1011 1015 1178
f 1011 1178 1009
f 1009 1178 1179
f 1009 1179 1180
f 1180 1179 1181
f 1180 1181 1182
f 1182 1181 996
f 1182 996 998
f 994 996 1034
f 1034 996 1181
f 1034 1181 1032
f 1032 1181 1179
f 1032 1179 1183
f 1183 1179 1178
f 1183 1178 1015
f 1047 890 1184
f 1184 890 888
f 1184 888 1185
f 1185 888 1186
f 1185 1186 1187
f 1187 1186 888
f 1187 888 886
f 1149 1044 1147
f 1147 1044 1045
f 1147 1045 1145
f 1145 1045 1046
f 886 884 1188
f 1188 884 882
f 1188 882 1189
f 1189 882 1078
f 1189 1078 1190
f 1190 1078 1080
f 1190 1080 1191
f 1191 1080 1082
f 1191 1082 1084
f 1057 1192 1193
f 1193 1192 1194
f 1193 1194 1189
f 1189 1194 1195
f 1189 1195 1188
f 1188 1195 1187
f 1188 1187 886
f 881 877 879
f 1134 1132 1196
f 1196 1132 1131
f 1196 1131 870
f 870 1131 872
f 1130 951 1177
f 1177 951 953
f 1177 953 1176
f 1176 953 955
f 1176 955 1173
f 1173 955 957
f 1173 957 1197
f 1197 957 959
f 1197 959 1170
f 1170 959 1198
f 1170 1198 1199
f 1199 1198 1200
f 1199 1200 1201
f 1201 1200 1202
f 1201 1202 1203
f 1203 1202 1163
f 1203 1163 1165
f 1007 1009 1005
f 1005 1009 1180
f 1005 1180 1000
f 1000 1180 1182
f 1000 1182 998
f 1121 1142 1204
f 1204 1142 1144
f 1204 1144 1125
f 1121 1204 1123
f 1123 1204 1125
f 1057 1055 1192
f 1192 1055 1053
f 1192 1053 1194
f 1194 1053 1051
f 1194 1051 1195
f 1195 1051 1185
f 1195 1185 1187
f 1048 1050 1146
f 1146 1050 1205
f 1146 1205 1148
f 1148 1205 1206
f 1148 1206 1207
f 1207 1206 1001
f 1207 1001 1208
f 1208 1001 999
f 1208 999 1150
f 1140 1139 1141
f 1141 1139 1143
f 1079 880 878
f 1207 1208 1148
f 1148 1208 1150
f 1047 1184 1049
f 1049 1184 1185
f 1049 1185 1051
f 250 252 1209
f 1209 252 254
f 1209 254 1210
f 1210 254 256
f 1210 256 1211
f 1211 256 1212
f 1211 1212 1213
f 1213 1212 1214
f 1213 1214 1215
f 1215 1214 1216
f 1215 1216 1217
f 1217 1216 1218
f 1217 1218 1219
f 1219 1218 1220
f 1219 1220 1221
f 1221 1220 1222
f 1221 1222 1223
f 1223 1222 1224
f 1223 1224 1225
f 1225 1224 1226
f 1225 1226 1227
f 1227 1226 1228
f 1227 1228 1229
f 1229 1228 1230
f 1229 1230 1231
f 1231 1230 1232
f 1231 1232 1233
f 1233 1232 1234
f 1233 1234 1235
f 1235 1234 1236
f 1235 1236 1237
f 1237 1236 1238
f 1237 1238 1239
f 1239 1238 1240
f 1239 1240 1241
f 1241 1240 1242
f 1241 1242 1243
f 1243 1242 1244
f 1243 1244 1245
f 1245 1244 1246
f 1245 1246 1247
f 1247 1246 1248
f 1247 1248 1249
f 1249 1248 1250
f 1249 1250 1251
f 1251 1250 1252
f 1251 1252 1253
f 1253 1252 1254
f 1253 1254 1255
f 1255 1254 1256
f 1255 1256 1257
f 1257 1256 1258
f 1257 1258 1259
f 1259 1258 1260
f 1259 1260 1261
f 1261 1260 1262
f 1261 1262 1263
f 1263 1262 1264
f 1263 1264 1265
f 1265 1264 1266
f 1265 1266 1267
f 1267 1266 1268
f 1267 1268 1269
f 1269 1268 1270
f 1269 1270 1271
f 1271 1270 1272
f 1271 1272 1273
f 1273 1272 1274
f 1273 1274 1275
f 1275 1274 1276
f 1275 1276 1277
f 1277 1276 1278
f 1277 1278 1279
f 1279 1278 1280
f 1279 1280 1281
f 1281 1280 1282
f 1281 1282 1283
f 1283 1282 1284
f 1283 1284 1285
f 1285 1284 1286
f 1285 1286 1287
f 1287 1286 1288
f 1287 1288 1036
f 1036 1288 900
f 1036 900 898
f 1026 1028 1289
f 1289 1028 1030
f 1289 1030 1183
f 1183 1030 1032
f 1120 1122 1290
f 1290 1122 1124
f 1290 1124 1172
f 1136 1196 1138
f 1138 1196 870
f 1138 870 868
f 1170 1171 1197
f 1197 1171 1173
f 1024 1026 1017
f 1017 1026 1289
f 1017 1289 1015
f 1015 1289 1183
f 982 956 1291
f 1291 956 954
f 1291 954 1292
f 1292 954 952
f 1292 952 1293
f 1293 952 1294
f 1293 1294 1295
f 1295 1294 1296
f 1295 1296 1297
f 1297 1296 1298
f 1297 1298 1299
f 1299 1298 1300
f 1299 1300 1301
f 1301 1300 1302
f 1301 1302 1303
f 1303 1302 1304
f 1303 1304 1305
f 1305 1304 1306
f 1305 1306 1307
f 1307 1306 1308
f 1307 1308 1309
f 1309 1308 1310
f 1309 1310 1311
f 1311 1310 1312
f 1311 1312 1313
f 1313 1312 1314
f 1313 1314 1315
f 1315 1314 1316
f 1315 1316 1317
f 1317 1316 1318
f 1317 1318 1319
f 1319 1318 1320
f 1319 1320 1321
f 1321 1320 1322
f 1321 1322 1323
f 1323 1322 1324
f 1323 1324 1325
f 1325 1324 1326
f 1325 1326 1327
f 1327 1326 1328
f 1327 1328 1329
f 1329 1328 1330
f 1329 1330 1331
f 1331 1330 1332
f 1331 1332 1333
f 1333 1332 1334
f 1333 1334 1335
f 1335 1334 1336
f 1335 1336 1337
f 1337 1336 1338
f 1337 1338 1339
f 1339 1338 1340
f 1339 1340 1341
f 1341 1340 1342
f 1341 1342 1343
f 1343 1342 1344
f 1343 1344 1345
f 1345 1344 1346
f 1345 1346 1347
f 1347 1346 1348
f 1347 1348 1349
f 1349 1348 1350
f 1349 1350 1351
f 1351 1350 1352
f 1351 1352 1353
f 1353 1352 1354
f 1353 1354 1355
f 1355 1354 1356
f 1355 1356 1357
f 1357 1356 1358
f 1357 1358 1359
f 1359 1358 1360
f 1359 1360 1361
f 1361 1360 1362
f 1361 1362 1363
f 1363 1362 1364
f 1363 1364 1365
f 1365 1364 1366
f 1365 1366 1367
f 1367 1366 1368
f 1367 1368 1369
f 1369 1368 1370
f 1369 1370 1371
f 1371 1370 1372
f 1371 1372 1373
f 1373 1372 1374
f 1373 1374 1375
f 1375 1374 1376
f 1375 1376 1377
f 1377 1376 1378
f 1377 1378 1379
f 1379 1378 1380
f 1379 1380 1381
f 1381 1380 1382
f 1381 1382 1383
f 1383 1382 1384
f 1383 1384 1385
f 1385 1384 1386
f 1385 1386 1387
f 1387 1386 1388
f 1387 1388 1389
f 1389 1388 1390
f 1389 1390 1391
f 1391 1390 1392
f 1391 1392 1393
f 1393 1392 1394
f 1393 1394 1395
f 1395 1394 1396
f 1395 1396 1397
f 1397 1396 1398
f 1397 1398 1399
f 1399 1398 1400
f 1399 1400 1401
f 1401 1400 1402
f 1401 1402 1403
f 1403 1402 1404
f 1403 1404 1405
f 1405 1404 1406
f 1405 1406 1407
f 1407 1406 1408
f 1407 1408 1409
f 1409 1408 1410
f 1409 1410 1411
f 1411 1410 1412
f 1411 1412 1413
f 1413 1412 1414
f 1413 1414 1415
f 1415 1414 1416
f 1415 1416 1417
f 1417 1416 1418
f 1417 1418 1419
f 1419 1418 1420
f 1419 1420 1421
f 1421 1420 1422
f 1421 1422 1423
f 1423 1422 1424
f 1423 1424 1425
f 1425 1424 1426
f 1425 1426 1427
f 1427 1426 1428
f 1427 1428 1429
f 1429 1428 1430
f 1429 1430 1431
f 1431 1430 1432
f 1431 1432 1433
f 1433 1432 1434
f 1433 1434 1435
f 1435 1434 1436
f 1435 1436 1437
f 1437 1436 1438
f 1437 1438 1439
f 1439 1438 1440
f 1439 1440 1441
f 1441 1440 1442
f 1441 1442 1443
f 1443 1442 1444
f 1443 1444 1445
f 1445 1444 1446
f 1445 1446 1447
f 1447 1446 1448
f 1447 1448 1449
f 1449 1448 1450
f 1449 1450 1451
f 1451 1450 1452
f 1451 1452 1453
f 1453 1452 1454
f 1453 1454 1455
f 1455 1454 1456
f 1455 1456 1457
f 1457 1456 1458
f 1457 1458 1459
f 1459 1458 1460
f 1459 1460 1461
f 1461 1460 1462
f 1461 1462 1463
f 1463 1462 1464
f 1463 1464 1465
f 1465 1464 1466
f 1465 1466 1467
f 1467 1466 1468
f 1467 1468 1469
f 1469 1468 1470
f 1469 1470 1471
f 1471 1470 1472
f 1471 1472 1473
f 1473 1472 1468
f 1473 1468 1466
f 1290 1172 1120
f 1050 1052 1474
f 1474 1052 1475
f 1474 1475 1476
f 1476 1475 1477
f 1476 1477 1478
f 1478 1477 1479
f 1478 1479 1480
f 1480 1479 1481
f 1480 1481 1206
f 1206 1481 1004
f 1206 1004 1001
f 1001 1004 1003
f 1130 949 951
f 1482 1483 1484
f 1484 1483 1485
f 1484 1485 1486
f 1486 1485 1487
f 1486 1487 1488
f 1488 1487 1489
f 1488 1489 1490
f 1490 1489 1491
f 1490 1491 1492
f 1492 1491 1493
f 1492 1493 1494
f 1494 1493 1495
f 1494 1495 1496
f 1496 1495 1497
f 1496 1497 1265
f 1265 1497 1498
f 1265 1498 1263
f 1263 1498 1499
f 1263 1499 1500
f 1500 1499 1501
f 1500 1501 1502
f 1502 1501 1503
f 1502 1503 1504
f 1504 1503 1505
f 1504 1505 1506
f 1506 1505 1507
f 1506 1507 1508
f 1508 1507 1509
f 1508 1509 1243
f 1243 1509 1510
f 1243 1510 1511
f 1511 1510 1512
f 1511 1512 1513
f 1513 1512 1514
f 1513 1514 1235
f 1235 1514 1515
f 1235 1515 1233
f 1233 1515 1516
f 1233 1516 1517
f 1517 1516 1518
f 1517 1518 1519
f 1519 1518 1520
f 1519 1520 1521
f 1521 1520 1522
f 1521 1522 1523
f 1523 1522 1524
f 1523 1524 1525
f 1525 1524 1526
f 1525 1526 1527
f 1527 1526 1528
f 1527 1528 1529
f 1529 1528 1530
f 1529 1530 1531
f 1531 1530 1532
f 1531 1532 1533
f 1533 1532 1534
f 1533 1534 1535
f 1535 1534 1536
f 1535 1536 1537
f 1537 1536 1538
f 1537 1538 1539
f 1539 1538 1540
f 1539 1540 1541
f 1541 1540 1542
f 1541 1542 1543
f 1543 1542 1544
f 1543 1544 1545
f 1545 1544 1546
f 1545 1546 1547
f 1547 1546 1548
f 1547 1548 1549
f 1549 1548 1550
f 1549 1550 1551
f 1551 1550 1552
f 1551 1552 1553
f 1553 1552 1554
f 1553 1554 1555
f 1555 1554 1483
f 1555 1483 1556
f 1556 1483 1482
f 1556 1482 1557
f 1557 1482 1558
f 1557 1558 1559
f 1559 1558 1560
f 1559 1560 1561
f 1561 1560 1562
f 1561 1562 1563
f 1563 1562 1564
f 1563 1564 1565
f 1565 1564 1566
f 1565 1566 1567
f 1567 1566 1568
f 1567 1568 1569
f 1569 1568 1570
f 1569 1570 1571
f 1571 1570 1572
f 1571 1572 1573
f 1573 1572 1574
f 1573 1574 1575
f 1575 1574 1576
f 1575 1576 1577
f 1577 1576 1578
f 1577 1578 1027
f 1027 1578 1579
f 1027 1579 1029
f 1029 1579 1580
f 1029 1580 1031
f 1031 1580 1581
f 1031 1581 1033
f 1033 1581 1582
f 1033 1582 1035
f 1035 1582 1287
f 1035 1287 1036
f 982 1291 981
f 981 1291 1583
f 981 1583 1584
f 1584 1583 1585
f 1584 1585 1586
f 1586 1585 1305
f 1586 1305 1587
f 1587 1305 1307
f 1587 1307 1309
f 1085 1083 1117
f 1117 1083 1081
f 1117 1081 1119
f 1119 1081 1142
f 1119 1142 1121
f 1196 1136 1134
f 1081 1079 1142
f 1018 1016 1588
f 1588 1016 1014
f 1588 1014 1589
f 1589 1014 1012
f 1589 1012 1590
f 1590 1012 1010
f 1590 1010 1591
f 1591 1010 1008
f 1591 1008 1481
f 1481 1008 1006
f 1481 1006 1004
f 981 1584 979
f 979 1584 1586
f 979 1586 1592
f 1592 1586 1593
f 1592 1593 1594
f 1594 1593 1311
f 1594 1311 1595
f 1595 1311 1313
f 1595 1313 1596
f 1596 1313 1315
f 1596 1315 1317
f 959 961 1198
f 1198 961 963
f 1198 963 1200
f 1200 963 1597
f 1200 1597 1202
f 1202 1597 1598
f 1202 1598 1599
f 1599 1598 1600
f 1599 1600 1155
f 1155 1600 973
f 1155 973 1153
f 1153 973 975
f 1153 975 1151
f 962 960 966
f 966 960 980
f 966 980 968
f 1301 1585 1601
f 1601 1585 1583
f 1601 1583 1602
f 1602 1583 1291
f 1602 1291 1292
f 1603 1604 1605
f 1605 1604 1606
f 1605 1606 1607
f 1607 1606 1608
f 1607 1608 1609
f 1609 1608 1610
f 1609 1610 1611
f 1611 1610 1612
f 1611 1612 1613
f 1613 1612 1614
f 1613 1614 1615
f 1615 1614 1616
f 1615 1616 1617
f 1617 1616 1618
f 1617 1618 1619
f 1619 1618 1620
f 1619 1620 1621
f 1621 1620 1622
f 1621 1622 1623
f 1623 1622 1624
f 1623 1624 1625
f 1625 1624 1626
f 1625 1626 1627
f 1627 1626 1628
f 1627 1628 1629
f 1629 1628 1630
f 1629 1630 1631
f 1631 1630 1632
f 1631 1632 1633
f 1633 1632 1634
f 1633 1634 1304
f 1304 1634 1635
f 1304 1635 1636
f 1636 1635 1637
f 1636 1637 1638
f 1638 1637 1639
f 1638 1639 1640
f 1640 1639 1641
f 1640 1641 1642
f 1642 1641 1643
f 1642 1643 1644
f 1644 1643 1645
f 1644 1645 1646
f 1646 1645 1647
f 1646 1647 1648
f 1648 1647 1649
f 1648 1649 1650
f 1650 1649 1651
f 1650 1651 1652
f 1652 1651 1653
f 1652 1653 1654
f 1654 1653 1655
f 1654 1655 1656
f 1656 1655 1657
f 1656 1657 1658
f 1658 1657 1659
f 1658 1659 1660
f 1660 1659 1661
f 1660 1661 1662
f 1662 1661 1663
f 1662 1663 1664
f 1664 1663 1665
f 1664 1665 1666
f 1666 1665 1667
f 1666 1667 1668
f 1668 1667 1669
f 1668 1669 1670
f 1670 1669 1671
f 1670 1671 1672
f 1672 1671 1673
f 1672 1673 1674
f 1674 1673 1675
f 1674 1675 1676
f 1676 1675 1677
f 1676 1677 1678
f 1678 1677 1679
f 1678 1679 1422
f 1422 1679 1680
f 1422 1680 1424
f 1424 1680 1681
f 1424 1681 1682
f 1682 1681 1683
f 1682 1683 1684
f 1684 1683 1685
f 1684 1685 1686
f 1686 1685 1687
f 1686 1687 1688
f 1688 1687 1689
f 1688 1689 1690
f 1690 1689 1691
f 1690 1691 1692
f 1692 1691 1693
f 1692 1693 1694
f 1694 1693 1695
f 1694 1695 1696
f 1696 1695 1697
f 1696 1697 1698
f 1698 1697 1699
f 1698 1699 1700
f 1700 1699 1701
f 1700 1701 1702
f 1702 1701 1703
f 1702 1703 1704
f 1704 1703 1705
f 1704 1705 1706
f 1706 1705 1707
f 1706 1707 1708
f 1708 1707 1709
f 1708 1709 1710
f 1710 1709 1603
f 1710 1603 1711
f 1711 1603 1712
f 1711 1712 1713
f 1713 1712 1714
f 1713 1714 1715
f 1715 1714 1716
f 1715 1716 1717
f 1717 1716 1718
f 1717 1718 1719
f 1719 1718 1720
f 1719 1720 1721
f 1721 1720 922
f 1721 922 1722
f 1722 922 920
f 1722 920 1723
f 1723 920 918
f 1723 918 1724
f 1724 918 1725
f 1724 1725 1726
f 1726 1725 1727
f 1726 1727 1728
f 1728 1727 1729
f 1728 1729 1730
f 1730 1729 908
f 1730 908 1731
f 1731 908 906
f 1731 906 1732
f 1732 906 904
f 1732 904 1733
f 1733 904 902
f 1733 902 1734
f 1734 902 901
f 1734 901 1735
f 1735 901 900
f 1735 900 1288
f 952 950 1294
f 1294 950 948
f 1294 948 1736
f 1736 948 946
f 1736 946 1737
f 1737 946 1738
f 1737 1738 1739
f 1739 1738 1740
f 1739 1740 1741
f 1741 1740 1742
f 1741 1742 1743
f 1743 1742 1625
f 1743 1625 1627
f 1588 1744 1745
f 1745 1744 1746
f 1745 1746 1747
f 1747 1746 1748
f 1747 1748 1749
f 1749 1748 1750
f 1749 1750 1751
f 1751 1750 1752
f 1751 1752 1753
f 1753 1752 1754
f 1753 1754 1022
f 1022 1754 1755
f 1022 1755 1025
f 1025 1755 1577
f 1025 1577 1027
f 1480 1206 1756
f 1756 1206 1205
f 1756 1205 1050
f 933 935 913
f 913 935 1757
f 913 1757 911
f 911 1757 1758
f 911 1758 909
f 909 1758 1759
f 909 1759 1760
f 1760 1759 1761
f 1760 1761 864
f 864 1761 866
f 866 1761 1137
f 1137 1761 1759
f 1137 1759 1762
f 1762 1759 1763
f 1762 1763 1764
f 1764 1763 937
f 1764 937 939
f 1292 1293 1602
f 1602 1293 1295
f 1602 1295 1297
f 1024 1017 1019
f 1084 1765 1191
f 1191 1765 1766
f 1191 1766 1190
f 1190 1766 1193
f 1190 1193 1189
f 962 966 964
f 941 945 1133
f 1133 945 947
f 1133 947 949
f 1167 1168 1199
f 1199 1168 1169
f 1199 1169 1170
f 1594 1595 1767
f 1767 1595 1596
f 1767 1596 1768
f 1768 1596 1769
f 1768 1769 1770
f 1770 1769 1771
f 1770 1771 1772
f 1772 1771 1773
f 1772 1773 1774
f 1774 1773 1775
f 1774 1775 1776
f 1776 1775 1777
f 1776 1777 1778
f 1778 1777 1779
f 1778 1779 1767
f 1767 1779 1780
f 1767 1780 1781
f 1781 1780 977
f 1781 977 1782
f 1782 977 978
f 1782 978 1592
f 1592 978 979
f 1022 1025 1023
f 1050 1474 1756
f 1756 1474 1478
f 1756 1478 1480
f 1723 1783 1722
f 1722 1783 1784
f 1722 1784 1785
f 1785 1784 1786
f 1785 1786 1787
f 1787 1786 1788
f 1787 1788 1789
f 1789 1788 1790
f 1789 1790 1791
f 1791 1790 1792
f 1791 1792 1793
f 1793 1792 1794
f 1793 1794 1795
f 1795 1794 1796
f 1795 1796 1797
f 1797 1796 1798
f 1797 1798 1799
f 1799 1798 1800
f 1799 1800 1801
f 1801 1800 1802
f 1801 1802 1803
f 1803 1802 1804
f 1803 1804 1805
f 1805 1804 1806
f 1805 1806 1807
f 1807 1806 1808
f 1807 1808 1809
f 1809 1808 1810
f 1809 1810 1811
f 1811 1810 1734
f 1811 1734 1286
f 1286 1734 1735
f 1286 1735 1288
f 1569 1571 1754
f 1754 1571 1573
f 1754 1573 1755
f 1755 1573 1575
f 1755 1575 1577
f 1579 1578 1812
f 1812 1578 1813
f 1812 1813 1814
f 1814 1813 1815
f 1814 1815 1816
f 1816 1815 1817
f 1816 1817 1818
f 1818 1817 1819
f 1818 1819 1820
f 1820 1819 1821
f 1820 1821 1822
f 1822 1821 1823
f 1822 1823 1267
f 1267 1823 1496
f 1267 1496 1265
f 1486 1488 1824
f 1824 1488 1825
f 1824 1825 1826
f 1826 1825 1827
f 1826 1827 1828
f 1828 1827 1829
f 1828 1829 1574
f 1574 1829 1813
f 1574 1813 1576
f 1576 1813 1578
f 1273 1275 1830
f 1830 1275 1831
f 1830 1831 1832
f 1832 1831 1833
f 1832 1833 1834
f 1834 1833 1835
f 1834 1835 1836
f 1836 1835 1837
f 1836 1837 1838
f 1838 1837 1580
f 1838 1580 1579
f 1273 1830 1839
f 1839 1830 1832
f 1839 1832 1816
f 1816 1832 1834
f 1816 1834 1814
f 1814 1834 1836
f 1814 1836 1812
f 1812 1836 1838
f 1812 1838 1579
f 963 965 1597
f 1597 965 967
f 1597 967 1600
f 1600 967 971
f 1600 971 973
f 1275 1277 1831
f 1831 1277 1840
f 1831 1840 1841
f 1841 1840 1281
f 1841 1281 1842
f 1842 1281 1283
f 1842 1283 1843
f 1843 1283 1285
f 1843 1285 1582
f 1582 1285 1287
f 1582 1581 1843
f 1843 1581 1844
f 1843 1844 1842
f 1842 1844 1837
f 1842 1837 1835
f 1767 1781 1594
f 1594 1781 1782
f 1594 1782 1592
f 1837 1844 1580
f 1580 1844 1581
f 972 970 974
f 976 974 970
f 967 969 971
f 1760 864 1845
f 1845 864 862
f 1845 862 1846
f 1846 862 860
f 1846 860 858
f 856 903 858
f 858 903 905
f 858 905 1846
f 1846 905 907
f 1846 907 1845
f 1845 907 909
f 1845 909 1760
f 1745 1747 1847
f 1847 1747 1848
f 1847 1848 1020
f 1020 1848 1753
f 1020 1753 1022
f 34 1849 1850
f 1850 1849 1851
f 1850 1851 1852
f 1852 1851 1853
f 1852 1853 1854
f 1854 1853 1855
f 1854 1855 1856
f 1856 1855 1857
f 1856 1857 1858
f 1858 1857 1859
f 1858 1859 1860
f 1860 1859 1861
f 1860 1861 1862
f 1862 1861 1863
f 1862 1863 1864
f 1864 1863 1865
f 1864 1865 1866
f 1866 1865 1867
f 1866 1867 1868
f 1868 1867 1869
f 1868 1869 1870
f 1870 1869 1871
f 1870 1871 1872
f 1872 1871 1873
f 1872 1873 1874
f 1874 1873 1875
f 1874 1875 1876
f 1876 1875 1877
f 1876 1877 1878
f 1878 1877 1879
f 1878 1879 1880
f 1880 1879 1881
f 1880 1881 1882
f 1882 1881 1883
f 1882 1883 1884
f 1884 1883 1885
f 1884 1885 1886
f 1886 1885 1591
f 1886 1591 1481
f 1481 1479 1886
f 1886 1479 1887
f 1886 1887 1888
f 1888 1887 1889
f 1888 1889 1882
f 1882 1889 1890
f 1882 1890 1891
f 1891 1890 1892
f 1891 1892 1893
f 1893 1892 1894
f 1893 1894 1895
f 1895 1894 1896
f 1895 1896 1897
f 1897 1896 1898
f 1897 1898 1899
f 1899 1898 1900
f 1899 1900 1864
f 1864 1900 1901
f 1864 1901 1862
f 1862 1901 1902
f 1862 1902 1860
f 1860 1902 1903
f 1860 1903 1904
f 1904 1903 1905
f 1904 1905 1906
f 1906 1905 1907
f 1906 1907 1908
f 1908 1907 1909
f 1908 1909 1910
f 1910 1909 1911
f 1910 1911 1912
f 1912 1911 1913
f 1912 1913 1914
f 1914 1913 1915
f 1914 1915 1916
f 1916 1915 1917
f 1916 1917 1918
f 1918 1917 1919
f 1918 1919 1920
f 1920 1919 1921
f 1920 1921 1922
f 1922 1921 1923
f 1922 1923 1924
f 1924 1923 1925
f 1924 1925 1926
f 1926 1925 1927
f 1926 1927 1928
f 1928 1927 1929
f 1928 1929 1930
f 1930 1929 1931
f 1930 1931 1932
f 1932 1931 1059
f 1932 1059 1057
f 1294 1736 1296
f 1296 1736 1737
f 1296 1737 1298
f 1298 1737 1739
f 1298 1739 1933
f 1933 1739 1741
f 1933 1741 1934
f 1934 1741 1743
f 1934 1743 1935
f 1935 1743 1629
f 1935 1629 1631
f 1847 1020 1936
f 1936 1020 1018
f 1936 1018 1745
f 1745 1018 1588
f 1586 1587 1593
f 1593 1587 1309
f 1593 1309 1311
f 1777 1775 1779
f 1779 1775 1937
f 1779 1937 1938
f 1938 1937 1939
f 1938 1939 1780
f 1780 1939 1152
f 1780 1152 977
f 1299 1301 1297
f 1297 1301 1601
f 1297 1601 1602
f 1885 1883 1590
f 1590 1883 1940
f 1590 1940 1589
f 1589 1940 1744
f 1589 1744 1588
f 1137 1762 1135
f 1135 1762 1764
f 1135 1764 1941
f 1941 1764 939
f 1941 939 941
f 1745 1847 1936
f 1070 1072 1942
f 1942 1072 1943
f 1942 1943 1944
f 1944 1943 1945
f 1944 1945 1946
f 1946 1945 1947
f 1946 1947 1948
f 1948 1947 1475
f 1948 1475 1054
f 1054 1475 1052
f 1057 1193 1949
f 1949 1193 1766
f 1949 1766 1932
f 1932 1766 1950
f 1932 1950 1951
f 1951 1950 1952
f 1951 1952 1930
f 1930 1952 1953
f 1930 1953 1954
f 1954 1953 1955
f 1954 1955 1956
f 1956 1955 1957
f 1956 1957 1958
f 1958 1957 1959
f 1958 1959 1960
f 1960 1959 1961
f 1960 1961 1962
f 1962 1961 1963
f 1962 1963 1964
f 1964 1963 1965
f 1964 1965 1966
f 1966 1965 1092
f 1966 1092 1094
f 1813 1829 1817
f 1817 1829 1827
f 1817 1827 1819
f 1819 1827 1967
f 1819 1967 1821
f 1821 1967 1968
f 1821 1968 1823
f 1823 1968 1492
f 1823 1492 1494
f 1817 1815 1813
f 1560 1558 1969
f 1969 1558 1970
f 1969 1970 1570
f 1570 1970 1971
f 1570 1971 1572
f 1572 1971 1828
f 1572 1828 1574
f 1305 1585 1303
f 1585 1301 1303
f 1754 1752 1569
f 1569 1752 1972
f 1569 1972 1973
f 1973 1972 1750
f 1973 1750 1565
f 1565 1750 1974
f 1565 1974 1563
f 1563 1974 1975
f 1563 1975 1561
f 1561 1975 1976
f 1561 1976 1977
f 1977 1976 1978
f 1977 1978 1557
f 1557 1978 1979
f 1557 1979 1980
f 1980 1979 1556
f 1980 1556 1557
f 1476 1478 1474
f 1203 1166 1201
f 1201 1166 1167
f 1201 1167 1199
f 1107 1981 1109
f 1109 1981 1982
f 1109 1982 1111
f 1111 1982 1983
f 1111 1983 1113
f 1113 1983 1984
f 1113 1984 1115
f 1115 1984 1085
f 1115 1085 1117
f 1597 1600 1598
f 1801 1803 1985
f 1985 1803 1805
f 1985 1805 1278
f 1278 1805 1986
f 1278 1986 1280
f 1280 1986 1987
f 1280 1987 1282
f 1282 1987 1809
f 1282 1809 1284
f 1284 1809 1811
f 1284 1811 1286
f 1774 1776 1988
f 1988 1776 1778
f 1988 1778 1768
f 1768 1778 1767
f 1780 1779 1938
f 1885 1590 1591
f 1747 1749 1848
f 1848 1749 1751
f 1848 1751 1753
f 941 1133 1941
f 1941 1133 1135
f 1457 1459 1989
f 1989 1459 1990
f 1989 1990 1991
f 1991 1990 1992
f 1991 1992 1993
f 1993 1992 1994
f 1993 1994 1995
f 1995 1994 1996
f 1995 1996 1997
f 1997 1996 1998
f 1997 1998 1999
f 1999 1998 2000
f 1999 2000 2001
f 2001 2000 2002
f 2001 2002 2003
f 2003 2002 2004
f 2003 2004 2005
f 2005 2004 2006
f 2005 2006 2007
f 2007 2006 2008
f 2007 2008 2009
f 2009 2008 2010
f 2009 2010 2011
f 2011 2010 2012
f 2011 2012 2013
f 2013 2012 2014
f 2013 2014 2015
f 2015 2014 2016
f 2015 2016 2017
f 2017 2016 2018
f 2017 2018 2019
f 2019 2018 2020
f 2019 2020 2021
f 2021 2020 2022
f 2021 2022 2023
f 2023 2022 2024
f 2023 2024 2025
f 2025 2024 2026
f 2025 2026 2027
f 2027 2026 2028
f 2027 2028 2029
f 2029 2028 2030
f 2029 2030 2031
f 2031 2030 2032
f 2031 2032 2033
f 2033 2032 2034
f 2033 2034 2035
f 2035 2034 2036
f 2035 2036 2037
f 2037 2036 2038
f 2037 2038 2039
f 2039 2038 2040
f 2039 2040 2041
f 2041 2040 2042
f 2041 2042 2043
f 2043 2042 2044
f 2043 2044 2045
f 2045 2044 2046
f 2045 2046 2047
f 2047 2046 2048
f 2047 2048 2049
f 2049 2048 2050
f 2049 2050 2051
f 2051 2050 1154
f 2051 1154 1937
f 1937 1154 1152
f 1937 1152 1939
f 1484 1824 1971
f 1971 1824 1826
f 1971 1826 1828
f 1943 1072 2052
f 2052 1072 2053
f 2052 2053 2054
f 2054 2053 2055
f 2054 2055 1945
f 1945 2055 2056
f 1945 2056 1947
f 1947 2056 1887
f 1947 1887 1477
f 1477 1887 1479
f 1566 1560 1568
f 1568 1560 1969
f 1568 1969 1570
f 1972 1752 1750
f 6 4 2057
f 2057 4 2058
f 2057 2058 2059
f 2059 2058 2060
f 2059 2060 2061
f 2061 2060 2062
f 2061 2062 2063
f 2063 2062 2064
f 2063 2064 2065
f 2065 2064 2066
f 2065 2066 2067
f 2067 2066 2068
f 2067 2068 2069
f 2069 2068 2070
f 2069 2070 2071
f 2071 2070 2072
f 2071 2072 2073
f 2073 2072 2074
f 2073 2074 2075
f 2075 2074 2076
f 2075 2076 2077
f 2077 2076 2078
f 2077 2078 2079
f 2079 2078 2080
f 2079 2080 2081
f 2081 2080 2082
f 2081 2082 2083
f 2083 2082 2084
f 2083 2084 2085
f 2085 2084 2086
f 2085 2086 2087
f 2087 2086 2088
f 2087 2088 2089
f 2089 2088 2090
f 2089 2090 2091
f 2091 2090 2092
f 2091 2092 2093
f 2093 2092 2094
f 2093 2094 2095
f 2095 2094 1746
f 2095 1746 2096
f 2096 1746 1744
f 2096 1744 1940
f 1558 1482 1970
f 1970 1482 1484
f 1970 1484 1971
f 1323 2097 2098
f 2098 2097 2099
f 2098 2099 2100
f 2100 2099 2101
f 2100 2101 1321
f 1321 2101 2102
f 1321 2102 1319
f 1319 2102 2103
f 1319 2103 1317
f 1317 2103 1769
f 1317 1769 1596
f 1569 1973 1567
f 1770 1772 1768
f 1768 1772 1774
f 1768 1774 1988
f 1949 1932 1057
f 2051 1937 2049
f 2049 1937 1775
f 2049 1775 2047
f 2047 1775 1773
f 2047 1773 2045
f 2045 1773 2104
f 2045 2104 2043
f 2043 2104 2105
f 2043 2105 2106
f 2106 2105 2107
f 2106 2107 2108
f 2108 2107 2101
f 2108 2101 2099
f 1090 2109 1088
f 1088 2109 2110
f 1088 2110 1086
f 1086 2110 1952
f 1086 1952 1765
f 1765 1952 1950
f 1765 1950 1766
f 1728 2111 1726
f 1726 2111 2112
f 1726 2112 1724
f 1724 2112 2113
f 1724 2113 1783
f 1783 2113 2114
f 1783 2114 1784
f 1784 2114 2115
f 1784 2115 1786
f 1786 2115 2116
f 1786 2116 2117
f 2117 2116 2118
f 2117 2118 2119
f 2119 2118 2120
f 2119 2120 2121
f 2121 2120 2122
f 2121 2122 1802
f 1802 2122 2123
f 1802 2123 1804
f 1804 2123 2124
f 1804 2124 1806
f 1806 2124 2125
f 1806 2125 1808
f 1808 2125 2126
f 1808 2126 1810
f 1810 2126 1733
f 1810 1733 1734
f 1070 1942 2127
f 2127 1942 2128
f 2127 2128 1064
f 1064 2128 1944
f 1064 1944 1062
f 1062 1944 2129
f 1062 2129 2130
f 2130 2129 2131
f 2130 2131 1056
f 1056 2131 1054
f 1054 2131 1948
f 1948 2131 2129
f 1948 2129 1944
f 1475 1947 1477
f 935 937 1757
f 1757 937 1763
f 1757 1763 1758
f 1758 1763 1759
f 1567 1973 1565
f 1882 1884 1888
f 1888 1884 1886
f 1831 1841 1833
f 1833 1841 1842
f 1833 1842 1835
f 1159 1161 1599
f 1599 1161 1163
f 1599 1163 1202
f 1492 1968 1490
f 1490 1968 1967
f 1490 1967 1825
f 1825 1967 1827
f 1824 1484 1486
f 1599 1155 1159
f 1159 1155 1157
f 1621 1623 2132
f 2132 1623 1742
f 2132 1742 2133
f 2133 1742 1740
f 2133 1740 2134
f 2134 1740 1738
f 2134 1738 944
f 944 1738 946
f 2135 2136 2137
f 2137 2136 2138
f 2137 2138 2139
f 2139 2138 2140
f 2139 2140 2141
f 2141 2140 2142
f 2141 2142 2143
f 2143 2142 2144
f 2143 2144 2145
f 2145 2144 2146
f 2145 2146 2147
f 2147 2146 2148
f 2147 2148 2137
f 2137 2148 2085
f 2137 2085 2135
f 2135 2085 2087
f 2135 2087 2149
f 2149 2087 2091
f 2149 2091 1875
f 1875 2091 2093
f 1875 2093 1877
f 1877 2093 2095
f 1877 2095 1879
f 1879 2095 2096
f 1879 2096 1881
f 1881 2096 1940
f 1881 1940 1883
f 2101 2107 2150
f 2150 2107 2105
f 2150 2105 2151
f 2151 2105 2104
f 2151 2104 2152
f 2152 2104 2153
f 2152 2153 2103
f 2103 2153 1771
f 2103 1771 1769
f 1975 1974 2154
f 2154 1974 2155
f 2154 2155 2090
f 2090 2155 2156
f 2090 2156 2092
f 2092 2156 1748
f 2092 1748 2094
f 2094 1748 1746
f 1154 2050 1156
f 1156 2050 2157
f 1156 2157 2158
f 2158 2157 2159
f 2158 2159 2160
f 2160 2159 2161
f 2160 2161 2162
f 2162 2161 2163
f 2162 2163 2164
f 2164 2163 2165
f 2164 2165 2166
f 2166 2165 2167
f 2166 2167 2168
f 2168 2167 2169
f 2168 2169 2170
f 2170 2169 2171
f 2170 2171 2172
f 2172 2171 2173
f 2172 2173 2174
f 2174 2173 2175
f 2174 2175 2176
f 2176 2175 2177
f 2176 2177 2178
f 2178 2177 2179
f 2178 2179 2180
f 2180 2179 2181
f 2180 2181 2182
f 2182 2181 2183
f 2182 2183 2184
f 2184 2183 2185
f 2184 2185 2186
f 2186 2185 2187
f 2186 2187 2188
f 2188 2187 2189
f 2188 2189 2190
f 2190 2189 2191
f 2190 2191 2192
f 2192 2191 2193
f 2192 2193 2194
f 2194 2193 2195
f 2194 2195 2196
f 2196 2195 2197
f 2196 2197 2198
f 2198 2197 2199
f 2198 2199 2200
f 2200 2199 2201
f 2200 2201 2202
f 2202 2201 2203
f 2202 2203 2204
f 2204 2203 2205
f 2204 2205 2206
f 2206 2205 2207
f 2206 2207 2208
f 2208 2207 2209
f 2208 2209 2210
f 2210 2209 2211
f 2210 2211 2212
f 2212 2211 2213
f 2212 2213 2214
f 2214 2213 2215
f 2214 2215 2216
f 2216 2215 2217
f 2216 2217 2218
f 2218 2217 2219
f 2218 2219 2220
f 2220 2219 2221
f 2220 2221 2222
f 2222 2221 2223
f 2222 2223 2224
f 2224 2223 2199
f 2224 2199 2225
f 2225 2199 2197
f 2225 2197 2195
f 941 943 945
f 1974 1750 2155
f 2155 1750 1748
f 2155 1748 2156
f 1646 1648 2226
f 2226 1648 2227
f 2226 2227 2228
f 2228 2227 2229
f 2228 2229 2230
f 2230 2229 2231
f 2230 2231 2232
f 2232 2231 2233
f 2232 2233 2234
f 2234 2233 1316
f 2234 1316 2235
f 2235 1316 1314
f 2235 1314 1312
f 2226 2228 1644
f 1644 2228 2236
f 1644 2236 1642
f 1642 2236 2235
f 1642 2235 1640
f 1640 2235 1312
f 1640 1312 1310
f 1562 1560 1564
f 1564 1560 1566
f 1304 1636 1306
f 1306 1636 1638
f 1306 1638 1308
f 1308 1638 1310
f 1310 1638 1640
f 1765 1084 1086
f 2104 1773 2153
f 2153 1773 1771
f 1103 1101 1105
f 1105 1101 1099
f 1105 1099 1981
f 1981 1099 1093
f 1981 1093 2237
f 2237 1093 1091
f 2237 1091 1983
f 1983 1091 1089
f 1983 1089 1984
f 1984 1089 1087
f 1984 1087 1085
f 1887 2056 1889
f 1889 2056 2055
f 1889 2055 2238
f 2238 2055 2239
f 2238 2239 2240
f 2240 2239 2241
f 2240 2241 2242
f 2242 2241 2243
f 2242 2243 2244
f 2244 2243 2245
f 2244 2245 2246
f 2246 2245 2247
f 2246 2247 2248
f 2248 2247 2249
f 2248 2249 2250
f 2250 2249 1894
f 2250 1894 2251
f 2251 1894 2252
f 2251 2252 2253
f 2253 2252 2254
f 2253 2254 2255
f 2255 2254 2256
f 2255 2256 2257
f 2257 2256 2238
f 2257 2238 2240
f 2150 2151 2102
f 2102 2151 2152
f 2102 2152 2103
f 1485 1483 2258
f 2258 1483 1554
f 2258 1554 2259
f 2259 1554 1552
f 2259 1552 2260
f 2260 1552 2261
f 2260 2261 2262
f 2262 2261 2263
f 2262 2263 2264
f 2264 2263 2265
f 2264 2265 2266
f 2266 2265 2267
f 2266 2267 2268
f 2268 2267 2269
f 2268 2269 2270
f 2270 2269 2271
f 2270 2271 2272
f 2272 2271 1538
f 2272 1538 1536
f 1485 2258 1487
f 1487 2258 2259
f 1487 2259 2260
f 1825 1488 1490
f 1378 1376 2273
f 2273 1376 2274
f 2273 2274 2275
f 2275 2274 1374
f 2275 1374 2276
f 2276 1374 1372
f 2276 1372 2277
f 2277 1372 2278
f 2277 2278 2279
f 2279 2278 2280
f 2279 2280 2281
f 2281 2280 2282
f 2281 2282 2283
f 2283 2282 2284
f 2283 2284 2285
f 2285 2284 2286
f 2285 2286 2287
f 2287 2286 2288
f 2287 2288 2289
f 2289 2288 2290
f 2289 2290 2291
f 2291 2290 2292
f 2291 2292 2293
f 2293 2292 2294
f 2293 2294 2295
f 2295 2294 2296
f 2295 2296 2297
f 2297 2296 2298
f 2297 2298 2299
f 2299 2298 2300
f 2299 2300 2301
f 2301 2300 2302
f 2301 2302 2303
f 2303 2302 2304
f 2303 2304 2305
f 2305 2304 2306
f 2305 2306 2307
f 2307 2306 2308
f 2307 2308 2309
f 2309 2308 2310
f 2309 2310 2311
f 2311 2310 2312
f 2311 2312 2313
f 2313 2312 2314
f 2313 2314 2315
f 2315 2314 2316
f 2315 2316 2317
f 2317 2316 2318
f 2317 2318 2319
f 2319 2318 2320
f 2319 2320 2321
f 2321 2320 2322
f 2321 2322 2323
f 2323 2322 2324
f 2323 2324 2325
f 2325 2324 2326
f 2325 2326 2327
f 2327 2326 2328
f 2327 2328 2329
f 2329 2328 2330
f 2329 2330 2331
f 2331 2330 2332
f 2331 2332 2233
f 2233 2332 1318
f 2233 1318 1316
f 2123 2333 2124
f 2124 2333 2334
f 2124 2334 2125
f 2125 2334 2335
f 2125 2335 2126
f 2126 2335 1732
f 2126 1732 1733
f 1165 1166 1203
f 1631 1633 1935
f 1935 1633 1302
f 1935 1302 1934
f 1934 1302 1300
f 1934 1300 1933
f 1933 1300 1298
f 1271 1273 2336
f 2336 1273 1839
f 2336 1839 1818
f 1818 1839 1816
f 1056 1058 2130
f 2130 1058 1060
f 2130 1060 1062
f 1986 1805 1987
f 1987 1805 1807
f 1987 1807 1809
f 1302 1633 1304
f 1277 1279 1840
f 1840 1279 1281
f 1557 1559 1977
f 1977 1559 1561
f 1930 1932 1951
f 1948 1944 1946
f 1505 1503 2337
f 2337 1503 1501
f 2337 1501 2338
f 2338 1501 2339
f 2338 2339 2340
f 2340 2339 2341
f 2340 2341 2342
f 2342 2341 2343
f 2342 2343 2344
f 2344 2343 2345
f 2344 2345 2346
f 2346 2345 2347
f 2346 2347 2348
f 2348 2347 1489
f 2348 1489 1487
f 2337 2338 2349
f 2349 2338 2350
f 2349 2350 2351
f 2351 2350 2352
f 2351 2352 2353
f 2353 2352 2344
f 2353 2344 2262
f 2262 2344 2346
f 2262 2346 2260
f 2260 2346 2348
f 2260 2348 1487
f 1549 1551 2354
f 2354 1551 2355
f 2354 2355 2356
f 2356 2355 2357
f 2356 2357 2358
f 2358 2357 2359
f 2358 2359 2360
f 2360 2359 2361
f 2360 2361 2362
f 2362 2361 2363
f 2362 2363 2364
f 2364 2363 2365
f 2364 2365 2366
f 2366 2365 2367
f 2366 2367 1556
f 1556 2367 1555
f 2361 2357 2365
f 2365 2357 2368
f 2365 2368 2367
f 2367 2368 1553
f 2367 1553 1555
f 2101 2150 2102
f 2008 2369 2010
f 2010 2369 2370
f 2010 2370 2012
f 2012 2370 2371
f 2012 2371 2014
f 2014 2371 2372
f 2014 2372 2373
f 2373 2372 2374
f 2373 2374 2375
f 2375 2374 2376
f 2375 2376 2377
f 2377 2376 2169
f 2377 2169 2378
f 2378 2169 2167
f 2378 2167 2379
f 2379 2167 2165
f 2379 2165 2380
f 2380 2165 2163
f 2380 2163 2381
f 2381 2163 2382
f 2381 2382 2383
f 2383 2382 2384
f 2383 2384 2048
f 2048 2384 2157
f 2048 2157 2050
f 1336 1334 2385
f 2385 1334 2386
f 2385 2386 2387
f 2387 2386 2388
f 2387 2388 2389
f 2389 2388 2390
f 2389 2390 2391
f 2391 2390 2392
f 2391 2392 2393
f 2393 2392 2394
f 2393 2394 2395
f 2395 2394 2396
f 2395 2396 2312
f 2312 2396 2397
f 2312 2397 2314
f 2314 2397 2398
f 2314 2398 2316
f 2316 2398 2399
f 2316 2399 2320
f 2320 2399 2400
f 2320 2400 2401
f 2401 2400 2402
f 2401 2402 2403
f 2403 2402 2404
f 2403 2404 2405
f 2405 2404 2406
f 2405 2406 2328
f 2328 2406 2407
f 2328 2407 2330
f 2330 2407 1320
f 2330 1320 2332
f 2332 1320 1318
f 2408 1556 2409
f 2409 1556 1979
f 2409 1979 2410
f 2410 1979 1978
f 2410 1978 2409
f 2409 1978 2411
f 2409 2411 2408
f 2408 2411 2364
f 2408 2364 2366
f 2366 1556 2408
f 2160 2162 2412
f 2412 2162 2413
f 2412 2413 2414
f 2414 2413 2415
f 2414 2415 2416
f 2416 2415 2417
f 2416 2417 2418
f 2418 2417 2419
f 2418 2419 2420
f 2420 2419 2421
f 2420 2421 2422
f 2422 2421 2423
f 2422 2423 2424
f 2424 2423 2425
f 2424 2425 2426
f 2426 2425 2427
f 2426 2427 2428
f 2428 2427 1160
f 2428 1160 2429
f 2429 1160 1158
f 2429 1158 2158
f 2158 1158 1156
f 2230 2232 2236
f 2236 2232 2234
f 2236 2234 2235
f 1725 916 1727
f 1727 916 912
f 1727 912 1729
f 1729 912 910
f 1729 910 908
f 1267 1269 1822
f 1822 1269 2336
f 1822 2336 1820
f 1820 2336 1818
f 2357 2355 2368
f 2368 2355 1551
f 2368 1551 1553
f 1652 1654 2430
f 2430 1654 2431
f 2430 2431 2432
f 2432 2431 2433
f 2432 2433 2434
f 2434 2433 2327
f 2434 2327 2435
f 2435 2327 2329
f 2435 2329 2436
f 2436 2329 2331
f 2436 2331 2231
f 2231 2331 2233
f 2345 1493 2347
f 2347 1493 1491
f 2347 1491 1489
f 2020 2018 2437
f 2437 2018 2016
f 2437 2016 2438
f 2438 2016 2439
f 2438 2439 2440
f 2440 2439 2441
f 2440 2441 2442
f 2442 2441 2443
f 2442 2443 2444
f 2444 2443 2445
f 2444 2445 2446
f 2446 2445 2447
f 2446 2447 2448
f 2448 2447 2449
f 2448 2449 2042
f 2042 2449 2450
f 2042 2450 2044
f 2044 2450 2383
f 2044 2383 2046
f 2046 2383 2048
f 1718 1716 2451
f 2451 1716 2452
f 2451 2452 2453
f 2453 2452 2454
f 2453 2454 2455
f 2455 2454 2456
f 2455 2456 2457
f 2457 2456 2458
f 2457 2458 930
f 930 2458 2459
f 930 2459 2460
f 2460 2459 2461
f 2460 2461 2462
f 2462 2461 2463
f 2462 2463 2464
f 2464 2463 2465
f 2464 2465 942
f 942 2465 944
f 2132 2466 2465
f 2465 2466 2134
f 2465 2134 944
f 1731 1732 2467
f 2467 1732 2468
f 2467 2468 2111
f 2111 2468 2469
f 2111 2469 2112
f 2112 2469 2118
f 2112 2118 2113
f 2113 2118 2116
f 2113 2116 2115
f 1731 2467 1730
f 1730 2467 2111
f 1730 2111 1728
f 1872 1874 2470
f 2470 1874 1876
f 2470 1876 1893
f 1893 1876 1878
f 1893 1878 1891
f 1891 1878 1880
f 1891 1880 1882
f 2100 1321 2098
f 1323 2098 1321
f 1732 2335 2468
f 2468 2335 2334
f 2468 2334 2333
f 2460 2462 934
f 934 2462 2471
f 934 2471 936
f 936 2471 940
f 936 940 938
f 2462 2464 2471
f 2471 2464 942
f 2471 942 940
f 1889 2238 1890
f 1890 2238 2256
f 1890 2256 2472
f 2472 2256 2254
f 2472 2254 2252
f 2411 1978 2473
f 2473 1978 1976
f 2473 1976 2474
f 2474 1976 1975
f 2474 1975 2475
f 2475 1975 2476
f 2475 2476 2477
f 2477 2476 2086
f 2477 2086 2084
f 2388 2386 2478
f 2478 2386 2479
f 2478 2479 2480
f 2480 2479 2481
f 2480 2481 2482
f 2482 2481 2483
f 2482 2483 2404
f 2404 2483 2484
f 2404 2484 2406
f 2406 2484 1324
f 2406 1324 2407
f 2407 1324 1322
f 2407 1322 1320
f 2261 1552 2485
f 2485 1552 2486
f 2485 2486 2263
f 2263 2486 2487
f 2263 2487 2265
f 2265 2487 2488
f 2265 2488 2267
f 2267 2488 2489
f 2267 2489 2269
f 2269 2489 2490
f 2269 2490 2271
f 2271 2490 1540
f 2271 1540 1538
f 2489 2488 2491
f 2491 2488 2487
f 2491 2487 1548
f 1548 2487 2486
f 1548 2486 1550
f 1550 2486 1552
f 1963 2492 2493
f 2493 2492 1957
f 2493 1957 2109
f 2109 1957 1955
f 2109 1955 2110
f 2110 1955 1953
f 2110 1953 1952
f 2090 2088 2154
f 2154 2088 2476
f 2154 2476 1975
f 2361 2365 2363
f 2423 2421 2494
f 2494 2421 2495
f 2494 2495 2496
f 2496 2495 2497
f 2496 2497 2498
f 2498 2497 1106
f 2498 1106 1164
f 1164 1106 1108
f 1164 1108 1110
f 2494 2496 2423
f 2423 2496 2498
f 2423 2498 2425
f 2425 2498 1164
f 2425 1164 2427
f 2427 1164 1162
f 2427 1162 1160
f 1655 1653 2499
f 2499 1653 2500
f 2499 2500 2501
f 2501 2500 2502
f 2501 2502 2503
f 2503 2502 2504
f 2503 2504 2505
f 2505 2504 2506
f 2505 2506 2507
f 2507 2506 2508
f 2507 2508 2509
f 2509 2508 2510
f 2509 2510 2511
f 2511 2510 2512
f 2511 2512 2513
f 2513 2512 2514
f 2513 2514 2515
f 2515 2514 2516
f 2515 2516 2517
f 2517 2516 2518
f 2517 2518 2519
f 2519 2518 2520
f 2519 2520 1632
f 1632 2520 2521
f 1632 2521 1634
f 1634 2521 1635
f 2382 2161 2384
f 2384 2161 2159
f 2384 2159 2157
f 1059 1931 1061
f 1061 1931 1929
f 1061 1929 1927
f 1643 1641 2522
f 2522 1641 1639
f 2522 1639 2523
f 2523 1639 1637
f 2523 1637 2524
f 2524 1637 1635
f 2524 1635 2521
f 2031 2033 1331
f 1331 2033 2525
f 1331 2525 2526
f 2526 2525 2527
f 2526 2527 2528
f 2528 2527 2529
f 2528 2529 2108
f 2108 2529 2039
f 2108 2039 2106
f 2106 2039 2041
f 2106 2041 2043
f 2364 2411 2530
f 2530 2411 2473
f 2530 2473 2531
f 2531 2473 2532
f 2531 2532 2074
f 2074 2532 2533
f 2074 2533 2076
f 2076 2533 2080
f 2076 2080 2078
f 2072 2360 2530
f 2530 2360 2362
f 2530 2362 2364
f 2134 2466 2133
f 2236 2228 2230
f 2336 1269 1271
f 2485 2263 2261
f 1331 2526 1329
f 1329 2526 2534
f 1329 2534 2535
f 2535 2534 2097
f 2535 2097 1325
f 1325 2097 1323
f 1983 1982 2237
f 2066 2064 2536
f 2536 2064 2537
f 2536 2537 2538
f 2538 2537 2539
f 2538 2539 2540
f 2540 2539 1547
f 2540 1547 2541
f 2541 1547 1549
f 2541 1549 2542
f 2542 1549 2354
f 2542 2354 2356
f 2357 2361 2359
f 2054 1945 2052
f 1943 2052 1945
f 2383 2450 2381
f 2381 2450 2449
f 2381 2449 2543
f 2543 2449 2447
f 2543 2447 2445
f 2420 2422 2544
f 2544 2422 2424
f 2544 2424 2412
f 2412 2424 2426
f 2412 2426 2160
f 2160 2426 2429
f 2160 2429 2158
f 2426 2428 2429
f 2432 2434 2227
f 2227 2434 2435
f 2227 2435 2229
f 2229 2435 2436
f 2229 2436 2231
f 2538 2540 2545
f 2545 2540 2546
f 2545 2546 2547
f 2547 2546 2548
f 2547 2548 2068
f 2068 2548 2549
f 2068 2549 2550
f 2550 2549 2542
f 2550 2542 2358
f 2358 2542 2356
f 925 929 2551
f 2551 929 931
f 2551 931 915
f 915 931 933
f 915 933 913
f 2082 2080 2477
f 2477 2080 2533
f 2477 2533 2475
f 2475 2533 2532
f 2475 2532 2474
f 2474 2532 2473
f 2108 2099 2528
f 2528 2099 2097
f 2528 2097 2534
f 2087 2089 2091
f 912 916 914
f 2476 2088 2086
f 2245 2243 2552
f 2552 2243 2241
f 2552 2241 1074
f 1074 2241 2239
f 1074 2239 2053
f 2053 2239 2055
f 2128 1942 1944
f 1890 2472 1892
f 1892 2472 2252
f 1892 2252 1894
f 1494 1496 1823
f 1324 2484 1326
f 1326 2484 2483
f 1326 2483 2553
f 2553 2483 2554
f 2553 2554 1330
f 1330 2554 2479
f 1330 2479 2386
f 2490 2489 1544
f 1544 2489 2491
f 1544 2491 1546
f 1546 2491 1548
f 2237 1982 1981
f 1501 1498 2339
f 2339 1498 1497
f 2339 1497 2341
f 2341 1497 1495
f 2341 1495 2343
f 2343 1495 1493
f 2343 1493 2345
f 2548 2546 2549
f 2549 2546 2541
f 2549 2541 2542
f 2170 2555 2556
f 2556 2555 2557
f 2556 2557 2417
f 2417 2557 2558
f 2417 2558 2419
f 2419 2558 2559
f 2419 2559 2560
f 2560 2559 2561
f 2560 2561 2562
f 2562 2561 2563
f 2562 2563 2564
f 2564 2563 2565
f 2564 2565 1100
f 1100 2565 2566
f 1100 2566 2567
f 2567 2566 2568
f 2567 2568 2569
f 2569 2568 2570
f 2569 2570 2571
f 2571 2570 2572
f 2571 2572 1960
f 1960 2572 2573
f 1960 2573 2574
f 2574 2573 2575
f 2574 2575 2576
f 2576 2575 2577
f 2576 2577 2578
f 2578 2577 2579
f 2578 2579 1954
f 1954 2579 1928
f 1954 1928 1930
f 2032 2580 2034
f 2034 2580 2581
f 2034 2581 2036
f 2036 2581 2582
f 2036 2582 2038
f 2038 2582 2583
f 2038 2583 2040
f 2040 2583 2448
f 2040 2448 2042
f 1325 1327 2535
f 2461 1619 2463
f 2463 1619 2132
f 2463 2132 2465
f 2070 2068 2360
f 2360 2068 2550
f 2360 2550 2358
f 1649 1647 2584
f 2584 1647 2585
f 2584 2585 2586
f 2586 2585 2523
f 2586 2523 2518
f 2518 2523 2524
f 2518 2524 2520
f 2520 2524 2521
f 2074 2072 2531
f 2531 2072 2530
f 2466 2132 2133
f 1643 2522 1645
f 1645 2522 2585
f 1645 2585 1647
f 1743 1627 1629
f 42 40 2587
f 2587 40 2588
f 2587 2588 2589
f 2589 2588 2590
f 2589 2590 2591
f 2591 2590 2592
f 2591 2592 2593
f 2593 2592 2594
f 2593 2594 2595
f 2595 2594 2596
f 2595 2596 2597
f 2597 2596 2598
f 2597 2598 2599
f 2599 2598 2600
f 2599 2600 2601
f 2601 2600 2602
f 2601 2602 2603
f 2603 2602 2604
f 2603 2604 2605
f 2605 2604 2606
f 2605 2606 2607
f 2607 2606 2608
f 2607 2608 2609
f 2609 2608 2610
f 2609 2610 2611
f 2611 2610 2612
f 2611 2612 2613
f 2613 2612 2614
f 2613 2614 2615
f 2615 2614 2616
f 2615 2616 2617
f 2617 2616 2618
f 2617 2618 2619
f 2619 2618 2620
f 2619 2620 2621
f 2621 2620 2622
f 2621 2622 2623
f 2623 2622 2624
f 2623 2624 2625
f 2625 2624 2626
f 2625 2626 2627
f 2627 2626 2628
f 2627 2628 2629
f 2629 2628 2630
f 2629 2630 2631
f 2631 2630 2632
f 2631 2632 2633
f 2633 2632 2634
f 2633 2634 2635
f 2635 2634 2636
f 2635 2636 2637
f 2637 2636 2638
f 2637 2638 2639
f 2639 2638 2640
f 2639 2640 2641
f 2641 2640 2642
f 2641 2642 2643
f 2643 2642 2644
f 2643 2644 2645
f 2645 2644 2646
f 2645 2646 2647
f 2647 2646 2648
f 2647 2648 2649
f 2649 2648 2650
f 2649 2650 2651
f 2651 2650 2652
f 2651 2652 2653
f 2653 2652 2654
f 2653 2654 2655
f 2655 2654 1801
f 2655 1801 2656
f 2656 1801 1985
f 2656 1985 2657
f 2657 1985 2658
f 2657 2658 1276
f 1276 2658 1278
f 1985 1278 2658
f 2546 2540 2541
f 95 97 2659
f 2659 97 2660
f 2659 2660 2661
f 2661 2660 2662
f 2661 2662 2663
f 2663 2662 2664
f 2663 2664 2665
f 2665 2664 2666
f 2665 2666 2667
f 2667 2666 2668
f 2667 2668 2669
f 2669 2668 2670
f 2669 2670 2671
f 2671 2670 2672
f 2671 2672 2673
f 2673 2672 2674
f 2673 2674 2675
f 2675 2674 2676
f 2675 2676 2677
f 2677 2676 2678
f 2677 2678 2679
f 2679 2678 1545
f 2679 1545 2539
f 2539 1545 1547
f 1963 2493 1092
f 1092 2493 2109
f 1092 2109 1090
f 2401 2403 2324
f 2324 2403 2405
f 2324 2405 2326
f 2326 2405 2328
f 2528 2534 2526
f 2535 1327 1329
f 1524 1522 1526
f 1526 1522 2680
f 1526 2680 1528
f 1528 2680 2681
f 1528 2681 1530
f 1530 2681 2682
f 1530 2682 1532
f 1532 2682 2683
f 1532 2683 2684
f 2684 2683 2685
f 2684 2685 2686
f 2686 2685 2687
f 2686 2687 2688
f 2688 2687 2689
f 2688 2689 2690
f 2690 2689 2691
f 2690 2691 2692
f 2692 2691 2351
f 2692 2351 2693
f 2693 2351 2353
f 2693 2353 2264
f 2264 2353 2262
f 2072 2070 2360
f 930 2460 932
f 932 2460 934
f 2523 2585 2522
f 2039 2529 2037
f 2037 2529 2527
f 2037 2527 2035
f 2035 2527 2525
f 2035 2525 2033
f 1644 1646 2226
f 2469 2468 2120
f 2120 2468 2333
f 2120 2333 2122
f 2122 2333 2123
f 2657 1276 2694
f 2694 1276 1274
f 2694 1274 2695
f 2695 1274 2696
f 2695 2696 2697
f 2697 2696 2698
f 2697 2698 2699
f 2699 2698 2700
f 2699 2700 2701
f 2701 2700 2702
f 2701 2702 2703
f 2703 2702 2704
f 2703 2704 2705
f 2705 2704 2706
f 2705 2706 2707
f 2707 2706 2708
f 2707 2708 2709
f 2709 2708 2710
f 2709 2710 2645
f 2645 2710 2711
f 2645 2711 2643
f 2643 2711 2712
f 2643 2712 2713
f 2713 2712 2714
f 2713 2714 2715
f 2715 2714 2716
f 2715 2716 2717
f 2717 2716 2718
f 2717 2718 2719
f 2719 2718 2720
f 2719 2720 2721
f 2721 2720 2722
f 2721 2722 1256
f 1256 2722 2723
f 1256 2723 1258
f 1258 2723 2724
f 1258 2724 2725
f 2725 2724 2726
f 2725 2726 2727
f 2727 2726 2716
f 2727 2716 2728
f 2728 2716 2729
f 2728 2729 2730
f 2730 2729 2731
f 2730 2731 2732
f 2732 2731 2733
f 2732 2733 2734
f 2734 2733 2735
f 2734 2735 2736
f 2736 2735 2737
f 2736 2737 2738
f 2738 2737 1268
f 2738 1268 1266
f 1326 2553 1328
f 2149 1875 2136
f 2136 1875 1873
f 2136 1873 2138
f 2138 1873 1871
f 2138 1871 2140
f 2140 1871 2739
f 2140 2739 2142
f 2142 2739 2740
f 2142 2740 2741
f 2741 2740 2742
f 2741 2742 2743
f 2743 2742 1865
f 2743 1865 1863
f 2161 2382 2163
f 2135 2149 2136
f 2375 2377 2443
f 2443 2377 2379
f 2443 2379 2744
f 2744 2379 2380
f 2744 2380 2543
f 2543 2380 2381
f 1742 1623 1625
f 2350 2340 2352
f 2352 2340 2342
f 2352 2342 2344
f 2479 2554 2481
f 2481 2554 2483
f 2082 2477 2084
f 1545 2678 1543
f 1543 2678 2676
f 1543 2676 2674
f 2538 2545 2536
f 2536 2545 2547
f 2536 2547 2066
f 2066 2547 2068
f 1544 1542 2490
f 1632 1630 2519
f 2519 1630 1628
f 2519 1628 2745
f 2745 1628 2746
f 2745 2746 2747
f 2747 2746 2748
f 2747 2748 2749
f 2749 2748 2750
f 2749 2750 2751
f 2751 2750 2752
f 2751 2752 2753
f 2753 2752 2754
f 2753 2754 2755
f 2755 2754 2756
f 2755 2756 2757
f 2757 2756 1620
f 2757 1620 2758
f 2758 1620 1618
f 2758 1618 1616
f 1328 2553 1330
f 921 923 919
f 919 923 2551
f 919 2551 917
f 917 2551 915
f 1893 1895 2470
f 2470 1895 1897
f 2470 1897 2759
f 2759 1897 1899
f 2759 1899 2760
f 2760 1899 1866
f 2760 1866 1868
f 2404 2402 2482
f 2482 2402 2761
f 2482 2761 2480
f 2480 2761 2762
f 2480 2762 2478
f 2478 2762 2390
f 2478 2390 2388
f 2539 2537 2679
f 2679 2537 2763
f 2679 2763 2764
f 2764 2763 2765
f 2764 2765 2766
f 2766 2765 2767
f 2766 2767 2768
f 2768 2767 2062
f 2768 2062 2769
f 2769 2062 2770
f 2769 2770 2771
f 2771 2770 2772
f 2771 2772 2773
f 2773 2772 2774
f 2773 2774 2775
f 2775 2774 2776
f 2775 2776 2777
f 2777 2776 197
f 2777 197 199
f 1902 1901 2778
f 2778 1901 2779
f 2778 2779 2780
f 2780 2779 2781
f 2780 2781 2782
f 2782 2781 2783
f 2782 2783 2784
f 2784 2783 2785
f 2784 2785 2786
f 2786 2785 2787
f 2786 2787 2788
f 2788 2787 2789
f 2788 2789 1919
f 1919 2789 2790
f 1919 2790 1921
f 1921 2790 2791
f 1921 2791 1923
f 1923 2791 2792
f 1923 2792 2793
f 2793 2792 2794
f 2793 2794 1061
f 1061 2794 1063
f 1061 1927 2793
f 2793 1927 1925
f 2793 1925 1923
f 2270 2795 2268
f 2268 2795 2796
f 2268 2796 2266
f 2266 2796 2693
f 2266 2693 2264
f 1274 1272 2696
f 2696 1272 2735
f 2696 2735 2698
f 2698 2735 2733
f 2698 2733 2700
f 2700 2733 2797
f 2700 2797 2798
f 2798 2797 2799
f 2798 2799 2800
f 2800 2799 2710
f 2800 2710 2708
f 2801 2802 2803
f 2803 2802 2804
f 2803 2804 2805
f 2805 2804 2806
f 2805 2806 2807
f 2807 2806 2808
f 2807 2808 2809
f 2809 2808 2810
f 2809 2810 2811
f 2811 2810 2802
f 2811 2802 2812
f 2812 2802 2801
f 2812 2801 2813
f 2813 2801 2814
f 2813 2814 2815
f 2815 2814 2816
f 2815 2816 2817
f 2817 2816 2818
f 2817 2818 2819
f 2819 2818 2820
f 2819 2820 2821
f 2821 2820 2822
f 2821 2822 2823
f 2823 2822 2824
f 2823 2824 2825
f 2825 2824 2826
f 2825 2826 2827
f 2827 2826 2828
f 2827 2828 2829
f 2829 2828 2830
f 2829 2830 2831
f 2831 2830 2832
f 2831 2832 2833
f 2833 2832 2834
f 2833 2834 2835
f 2835 2834 2836
f 2835 2836 2837
f 2837 2836 2838
f 2837 2838 2839
f 2839 2838 2840
f 2839 2840 2841
f 2841 2840 2842
f 2841 2842 2843
f 2843 2842 2844
f 2843 2844 2845
f 2845 2844 2846
f 2845 2846 2847
f 2847 2846 1541
f 2847 1541 2674
f 2674 1541 1543
f 1725 918 916
f 2735 1272 2737
f 2737 1272 1270
f 2737 1270 1268
f 1072 1074 2053
f 1107 1105 1981
f 2132 1619 1621
f 2448 2583 2446
f 2446 2583 2848
f 2446 2848 2444
f 2444 2848 2020
f 2444 2020 2442
f 2442 2020 2438
f 2442 2438 2440
f 2118 2469 2120
f 1064 1066 2127
f 2127 1066 1068
f 2127 1068 1070
f 1650 2430 1648
f 1648 2430 2432
f 1648 2432 2227
f 2067 2069 2849
f 2849 2069 2071
f 2849 2071 2850
f 2850 2071 2851
f 2850 2851 2852
f 2852 2851 2853
f 2852 2853 2854
f 2854 2853 2075
f 2854 2075 2855
f 2855 2075 2077
f 2855 2077 2856
f 2856 2077 2079
f 2856 2079 2857
f 2857 2079 2081
f 2857 2081 2858
f 2858 2081 2859
f 2858 2859 2860
f 2860 2859 2861
f 2860 2861 2862
f 2862 2861 2863
f 2862 2863 2864
f 2864 2863 2865
f 2864 2865 2866
f 2866 2865 2867
f 2866 2867 2868
f 2868 2867 2869
f 2868 2869 2870
f 2870 2869 2871
f 2870 2871 2872
f 2872 2871 2743
f 2872 2743 2873
f 2873 2743 1863
f 2873 1863 1861
f 1960 2574 1958
f 1958 2574 2576
f 1958 2576 1956
f 1956 2576 2578
f 1956 2578 1954
f 1334 1332 2386
f 2386 1332 1330
f 1542 1540 2490
f 2677 2679 2874
f 2874 2679 2764
f 2874 2764 2875
f 2875 2764 2766
f 2875 2766 2876
f 2876 2766 2877
f 2876 2877 2878
f 2878 2877 2667
f 2878 2667 2879
f 2879 2667 2669
f 2879 2669 2880
f 2880 2669 2671
f 2880 2671 2881
f 2881 2671 2673
f 2881 2673 2675
f 2250 2251 2248
f 2248 2251 2253
f 2248 2253 2246
f 2246 2253 2255
f 2246 2255 2244
f 2244 2255 2257
f 2244 2257 2242
f 2242 2257 2240
f 2537 2064 2763
f 2763 2064 2767
f 2763 2767 2765
f 2518 2516 2586
f 2586 2516 2514
f 2586 2514 2584
f 2584 2514 2512
f 2584 2512 2510
f 2730 2732 2882
f 2882 2732 2734
f 2882 2734 2883
f 2883 2734 2736
f 2883 2736 1262
f 1262 2736 2738
f 1262 2738 1264
f 1264 2738 1266
f 2867 2865 2884
f 2884 2865 2863
f 2884 2863 2885
f 2885 2863 2861
f 2885 2861 2148
f 2148 2861 2083
f 2148 2083 2085
f 2394 2392 2399
f 2399 2392 2886
f 2399 2886 2400
f 2400 2886 2887
f 2400 2887 2402
f 2402 2887 2761
f 2754 2752 1624
f 1624 2752 2748
f 1624 2748 1626
f 1626 2748 2746
f 1626 2746 1628
f 1654 1656 2431
f 2431 1656 2888
f 2431 2888 2433
f 2433 2888 2889
f 2433 2889 2327
f 2327 2889 2325
f 2075 2853 2073
f 2073 2853 2851
f 2073 2851 2071
f 1099 1097 1093
f 1093 1097 1095
f 2645 2647 2709
f 2709 2647 2649
f 2709 2649 2707
f 2707 2649 2651
f 2707 2651 2705
f 2705 2651 2653
f 2705 2653 2890
f 2890 2653 2655
f 2890 2655 2891
f 2891 2655 2656
f 2891 2656 2892
f 2892 2656 2657
f 2892 2657 2893
f 2893 2657 2694
f 2893 2694 2699
f 2699 2694 2695
f 2699 2695 2697
f 2812 2813 2894
f 2894 2813 2895
f 2894 2895 2896
f 2896 2895 2897
f 2896 2897 2898
f 2898 2897 2899
f 2898 2899 2900
f 2900 2899 2901
f 2900 2901 2902
f 2902 2901 2903
f 2902 2903 2904
f 2904 2903 2905
f 2904 2905 2906
f 2906 2905 2907
f 2906 2907 2908
f 2908 2907 2835
f 2908 2835 2909
f 2909 2835 2837
f 2909 2837 2910
f 2910 2837 2839
f 2910 2839 2911
f 2911 2839 2841
f 2911 2841 2912
f 2912 2841 2843
f 2912 2843 2913
f 2913 2843 2845
f 2913 2845 2672
f 2672 2845 2914
f 2672 2914 2674
f 2674 2914 2847
f 10 8 2915
f 2915 8 6
f 2915 6 2916
f 2916 6 2057
f 2916 2057 2917
f 2917 2057 2918
f 2917 2918 2919
f 2919 2918 2920
f 2919 2920 2849
f 2849 2920 2065
f 2849 2065 2067
f 1999 2001 2921
f 2921 2001 2922
f 2921 2922 2923
f 2923 2922 2924
f 2923 2924 2925
f 2925 2924 2926
f 2925 2926 2927
f 2927 2926 2928
f 2927 2928 2929
f 2929 2928 2930
f 2929 2930 2931
f 2931 2930 2932
f 2931 2932 2933
f 2933 2932 2934
f 2933 2934 2935
f 2935 2934 2936
f 2935 2936 2937
f 2937 2936 2938
f 2937 2938 2939
f 2939 2938 2940
f 2939 2940 2941
f 2941 2940 2942
f 2941 2942 2943
f 2943 2942 2944
f 2943 2944 2945
f 2945 2944 2946
f 2945 2946 2947
f 2947 2946 2948
f 2947 2948 2949
f 2949 2948 2950
f 2949 2950 1339
f 1339 2950 2951
f 1339 2951 1337
f 1337 2951 2029
f 1337 2029 2952
f 2952 2029 2031
f 2952 2031 1333
f 1333 2031 1331
f 2458 2456 2953
f 2953 2456 1615
f 2953 1615 2954
f 2954 1615 1617
f 2954 1617 2955
f 2955 1617 1619
f 2955 1619 2459
f 2459 1619 2461
f 1092 1965 1963
f 2565 2956 2957
f 2957 2956 2958
f 2957 2958 2959
f 2959 2958 2960
f 2959 2960 2961
f 2961 2960 2962
f 2961 2962 2963
f 2963 2962 2964
f 2963 2964 2965
f 2965 2964 2966
f 2965 2966 2570
f 2570 2966 2967
f 2570 2967 2572
f 2572 2967 2968
f 2572 2968 2573
f 2573 2968 2969
f 2573 2969 2575
f 2575 2969 2970
f 2575 2970 2971
f 2971 2970 1924
f 2971 1924 2579
f 2579 1924 1926
f 2579 1926 1928
f 1541 2846 1539
f 1539 2846 2972
f 1539 2972 2973
f 2973 2972 2974
f 2973 2974 2975
f 2975 2974 2976
f 2975 2976 2977
f 2977 2976 2978
f 2977 2978 2979
f 2979 2978 2838
f 2979 2838 2980
f 2980 2838 2836
f 2980 2836 2981
f 2981 2836 2834
f 2981 2834 2982
f 2982 2834 2832
f 2982 2832 2983
f 2983 2832 2830
f 2983 2830 2984
f 2984 2830 2985
f 2984 2985 2986
f 2986 2985 2987
f 2986 2987 2988
f 2988 2987 2989
f 2988 2989 2990
f 2990 2989 2991
f 2990 2991 2992
f 2992 2991 2993
f 2992 2993 2994
f 2994 2993 1529
f 2994 1529 1531
f 2470 2759 1872
f 1872 2759 2760
f 1872 2760 1868
f 2350 2338 2340
f 2272 2995 2795
f 2795 2995 2690
f 2795 2690 2796
f 2796 2690 2692
f 2796 2692 2693
f 1104 1106 2996
f 2996 1106 2497
f 2996 2497 2997
f 2997 2497 2562
f 2997 2562 1102
f 1102 2562 2564
f 1102 2564 1100
f 2392 2390 2886
f 2886 2390 2762
f 2886 2762 2887
f 2887 2762 2761
f 2324 2322 2401
f 2878 2880 2998
f 2998 2880 2881
f 2998 2881 2999
f 2999 2881 2677
f 2999 2677 2874
f 2874 2875 2999
f 2999 2875 2876
f 2999 2876 3000
f 3000 2876 2878
f 3000 2878 2998
f 2881 2675 2677
f 2914 2845 2847
f 1067 1065 3001
f 3001 1065 3002
f 3001 3002 3003
f 3003 3002 1063
f 3003 1063 3004
f 3004 1063 2794
f 3004 2794 3005
f 3005 2794 2792
f 3005 2792 2791
f 1065 1063 3002
f 2519 2745 2517
f 2517 2745 3006
f 2517 3006 2515
f 2515 3006 3007
f 2515 3007 2513
f 2513 3007 3008
f 2513 3008 3009
f 3009 3008 3010
f 3009 3010 3011
f 3011 3010 3012
f 3011 3012 2511
f 2511 3012 2507
f 2511 2507 2509
f 2062 2767 2064
f 2418 2420 2416
f 2416 2420 2544
f 2416 2544 2414
f 2414 2544 2412
f 2024 2022 3013
f 3013 2022 2848
f 3013 2848 2582
f 2582 2848 2583
f 1963 1961 2492
f 2492 1961 1959
f 2492 1959 1957
f 2297 3014 3015
f 3015 3014 3016
f 3015 3016 3017
f 3017 3016 3018
f 3017 3018 3019
f 3019 3018 3020
f 3019 3020 3021
f 3021 3020 3022
f 3021 3022 3023
f 3023 3022 3024
f 3023 3024 3025
f 3025 3024 3026
f 3025 3026 3027
f 3027 3026 3028
f 3027 3028 3029
f 3029 3028 3030
f 3029 3030 3031
f 3031 3030 3032
f 3031 3032 3033
f 3033 3032 3034
f 3033 3034 3035
f 3035 3034 2313
f 3035 2313 3036
f 3036 2313 3037
f 3036 3037 3038
f 3038 3037 3039
f 3038 3039 3040
f 3040 3039 3041
f 3040 3041 3042
f 3042 3041 3043
f 3042 3043 3044
f 3044 3043 3045
f 3044 3045 3046
f 3046 3045 3047
f 3046 3047 3048
f 3048 3047 3049
f 3048 3049 3050
f 3050 3049 3051
f 3050 3051 3052
f 3052 3051 3053
f 3052 3053 2889
f 2889 3053 2323
f 2889 2323 2325
f 1786 2117 1788
f 1788 2117 3054
f 1788 3054 1790
f 1790 3054 3055
f 1790 3055 1792
f 1792 3055 3056
f 1792 3056 3057
f 3057 3056 2121
f 3057 2121 1800
f 1800 2121 1802
f 2443 2744 2445
f 2445 2744 2543
f 2779 2247 2781
f 2781 2247 2245
f 2781 2245 1076
f 1076 2245 2552
f 1076 2552 1074
f 2413 2162 3058
f 3058 2162 2164
f 3058 2164 3059
f 3059 2164 2166
f 3059 2166 3060
f 3060 2166 2168
f 3060 2168 2170
f 12 3061 3062
f 3062 3061 3063
f 3062 3063 3064
f 3064 3063 3065
f 3064 3065 3066
f 3066 3065 3067
f 3066 3067 2852
f 2852 3067 3068
f 2852 3068 2850
f 2850 3068 2919
f 2850 2919 2849
f 1075 1073 1077
f 1077 1073 1071
f 2999 3000 2998
f 2059 2061 2920
f 2920 2061 2063
f 2920 2063 2065
f 2575 2971 2577
f 2577 2971 2579
f 2145 2147 2141
f 2141 2147 2137
f 2141 2137 2139
f 1510 1509 3069
f 3069 1509 1507
f 3069 1507 3070
f 3070 1507 3071
f 3070 3071 3072
f 3072 3071 3073
f 3072 3073 3074
f 3074 3073 2349
f 3074 2349 2351
f 2351 2691 3074
f 3074 2691 2689
f 3074 2689 3072
f 3072 2689 2687
f 3072 2687 3070
f 3070 2687 3075
f 3070 3075 3069
f 3069 3075 3076
f 3069 3076 1510
f 1510 3076 3077
f 1510 3077 1512
f 1512 3077 3078
f 1512 3078 3079
f 3079 3078 1518
f 3079 1518 1516
f 1724 1783 1723
f 2976 2974 2844
f 2844 2974 2972
f 2844 2972 2846
f 2703 2892 2701
f 2701 2892 2893
f 2701 2893 2699
f 1900 1898 2249
f 2249 1898 1896
f 2249 1896 1894
f 2322 2320 2401
f 2756 2754 1620
f 1620 2754 1624
f 1620 1624 1622
f 1498 1501 1499
f 2584 2510 1649
f 1649 2510 2508
f 1649 2508 1651
f 1651 2508 2506
f 1651 2506 2504
f 2913 2672 2912
f 2912 2672 2670
f 2912 2670 3080
f 3080 2670 3081
f 3080 3081 3082
f 3082 3081 3083
f 3082 3083 3084
f 3084 3083 3085
f 3084 3085 3086
f 3086 3085 3087
f 3086 3087 3088
f 3088 3087 2664
f 3088 2664 3089
f 3089 2664 2662
f 3089 2662 3090
f 3090 2662 3091
f 3090 3091 3092
f 3092 3091 3093
f 3092 3093 3094
f 3094 3093 3095
f 3094 3095 3096
f 3096 3095 3097
f 3096 3097 3098
f 3098 3097 3099
f 3098 3099 3100
f 3100 3099 3101
f 3100 3101 3102
f 3102 3101 3103
f 3102 3103 3104
f 3104 3103 3105
f 3104 3105 3106
f 3106 3105 3107
f 3106 3107 3108
f 3108 3107 3109
f 3108 3109 3082
f 3082 3109 3110
f 3082 3110 3080
f 3080 3110 2911
f 3080 2911 2912
f 2790 3003 2791
f 2791 3003 3004
f 2791 3004 3005
f 925 2551 923
f 2026 2024 2580
f 2580 2024 3013
f 2580 3013 2581
f 2581 3013 2582
f 2766 2768 2877
f 2877 2768 3111
f 2877 3111 3112
f 3112 3111 2771
f 3112 2771 2773
f 2861 2859 2083
f 2083 2859 2081
f 2270 2272 2795
f 1690 1692 3113
f 3113 1692 3114
f 3113 3114 3115
f 3115 3114 3116
f 3115 3116 3117
f 3117 3116 3118
f 3117 3118 3119
f 3119 3118 3120
f 3119 3120 3121
f 3121 3120 3122
f 3121 3122 3123
f 3123 3122 3124
f 3123 3124 3125
f 3125 3124 3126
f 3125 3126 3127
f 3127 3126 3128
f 3127 3128 3129
f 3129 3128 3130
f 3129 3130 3131
f 3131 3130 3132
f 3131 3132 3133
f 3133 3132 3134
f 3133 3134 3135
f 3135 3134 3136
f 3135 3136 3137
f 3137 3136 3138
f 3137 3138 3139
f 3139 3138 3140
f 3139 3140 3141
f 3141 3140 3142
f 3141 3142 3143
f 3143 3142 3144
f 3143 3144 3145
f 3145 3144 3146
f 3145 3146 3147
f 3147 3146 3148
f 3147 3148 3149
f 3149 3148 3150
f 3149 3150 3151
f 3151 3150 3152
f 3151 3152 3153
f 3153 3152 3154
f 3153 3154 3155
f 3155 3154 3156
f 3155 3156 3157
f 3157 3156 3158
f 3157 3158 3159
f 3159 3158 3160
f 3159 3160 3161
f 3161 3160 3162
f 3161 3162 3163
f 3163 3162 3164
f 3163 3164 3165
f 3165 3164 3166
f 3165 3166 3167
f 3167 3166 3168
f 3167 3168 3169
f 3169 3168 3170
f 3169 3170 3171
f 3171 3170 3172
f 3171 3172 3173
f 3173 3172 3174
f 3173 3174 3175
f 3175 3174 3176
f 3175 3176 3177
f 3177 3176 3178
f 3177 3178 3179
f 3179 3178 3180
f 3179 3180 3181
f 3181 3180 3182
f 3181 3182 3183
f 3183 3182 3184
f 3183 3184 3185
f 3185 3184 3186
f 3185 3186 3187
f 3187 3186 3188
f 3187 3188 3189
f 3189 3188 3190
f 3189 3190 3191
f 3191 3190 3192
f 3191 3192 3193
f 3193 3192 3194
f 3193 3194 3195
f 3195 3194 3196
f 3195 3196 3197
f 3197 3196 3198
f 3197 3198 3199
f 3199 3198 3200
f 3199 3200 3201
f 3201 3200 3202
f 3201 3202 3203
f 3203 3202 3204
f 3203 3204 3205
f 3205 3204 3206
f 3205 3206 3207
f 3207 3206 3208
f 3207 3208 3209
f 3209 3208 1791
f 3209 1791 3210
f 3210 1791 1793
f 3210 1793 3211
f 3211 1793 1795
f 3211 1795 2652
f 2652 1795 1797
f 2652 1797 3212
f 3212 1797 1799
f 3212 1799 2654
f 2654 1799 1801
f 2458 2953 2459
f 2459 2953 2954
f 2459 2954 2955
f 2457 930 3213
f 3213 930 928
f 3213 928 2455
f 2455 928 926
f 2455 926 2453
f 2453 926 3214
f 2453 3214 2451
f 2451 3214 1718
f 2032 2030 2580
f 2580 2030 2028
f 2580 2028 2026
f 2988 2990 3215
f 3215 2990 3216
f 3215 3216 3217
f 3217 3216 3218
f 3217 3218 3219
f 3219 3218 3220
f 3219 3220 2977
f 2977 3220 3221
f 2977 3221 2975
f 2975 3221 3222
f 2975 3222 2973
f 2973 3222 1537
f 2973 1537 1539
f 1337 2952 1335
f 1335 2952 1333
f 927 929 925
f 2783 1076 2785
f 2785 1076 1069
f 2785 1069 2787
f 2787 1069 1067
f 2787 1067 2789
f 2789 1067 3001
f 2789 3001 3003
f 2790 2789 3003
f 2114 2113 2115
f 1868 1870 1872
f 2996 2997 1104
f 2997 1102 1104
f 2121 3056 2119
f 2119 3056 3055
f 2119 3055 3054
f 2569 1962 3223
f 3223 1962 1964
f 3223 1964 1096
f 1096 1964 1966
f 1096 1966 1094
f 2867 2884 2146
f 2146 2884 2885
f 2146 2885 2148
f 2768 2769 3111
f 2745 2747 3224
f 3224 2747 3225
f 3224 3225 3226
f 3226 3225 3227
f 3226 3227 3228
f 3228 3227 3229
f 3228 3229 3230
f 3230 3229 2751
f 3230 2751 3231
f 3231 2751 3232
f 3231 3232 3233
f 3233 3232 3234
f 3233 3234 3235
f 3235 3234 3236
f 3235 3236 3237
f 3237 3236 3238
f 3237 3238 3239
f 3239 3238 3240
f 3239 3240 3241
f 3241 3240 3242
f 3241 3242 3243
f 3243 3242 3244
f 3243 3244 3245
f 3245 3244 3246
f 3245 3246 3247
f 3247 3246 3248
f 3247 3248 3249
f 3249 3248 3250
f 3249 3250 3251
f 3251 3250 3252
f 3251 3252 3253
f 3253 3252 3254
f 3253 3254 3255
f 3255 3254 3012
f 3255 3012 3256
f 3256 3012 3257
f 3256 3257 3258
f 3258 3257 3259
f 3258 3259 3260
f 3260 3259 3261
f 3260 3261 3262
f 3262 3261 3008
f 3262 3008 3007
f 3226 3228 3263
f 3263 3228 3264
f 3263 3264 3265
f 3265 3264 3266
f 3265 3266 3263
f 3263 3266 3006
f 3263 3006 3224
f 3224 3006 2745
f 1800 1798 3057
f 3057 1798 1794
f 3057 1794 1792
f 2840 2978 2842
f 2842 2978 2976
f 2842 2976 2844
f 2880 2878 2879
f 2308 3267 3268
f 3268 3267 3269
f 3268 3269 3270
f 3270 3269 3271
f 3270 3271 3272
f 3272 3271 3273
f 3272 3273 3274
f 3274 3273 3275
f 3274 3275 3276
f 3276 3275 3277
f 3276 3277 3278
f 3278 3277 3279
f 3278 3279 3280
f 3280 3279 3281
f 3280 3281 3282
f 3282 3281 3283
f 3282 3283 3284
f 3284 3283 2387
f 3284 2387 2389
f 3278 3280 3285
f 3285 3280 3282
f 3285 3282 2391
f 2391 3282 3284
f 2391 3284 2389
f 1257 1259 1500
f 1500 1259 1261
f 1500 1261 1263
f 2415 2413 3286
f 3286 2413 3058
f 3286 3058 2556
f 2556 3058 3059
f 2556 3059 2170
f 2170 3059 3060
f 2742 2740 1869
f 1869 2740 2739
f 1869 2739 1871
f 3046 3048 1662
f 1662 3048 3287
f 1662 3287 1660
f 1660 3287 3050
f 1660 3050 1658
f 1658 3050 3052
f 1658 3052 2888
f 2888 3052 2889
f 2119 3054 2117
f 1534 2684 1536
f 1536 2684 2686
f 1536 2686 2995
f 2995 2686 2688
f 2995 2688 2690
f 1344 1342 3288
f 3288 1342 1340
f 3288 1340 3289
f 3289 1340 1338
f 3289 1338 3290
f 3290 1338 1336
f 3290 1336 3291
f 3291 1336 2385
f 3291 2385 3283
f 3283 2385 2387
f 2020 2848 2022
f 3071 1505 3073
f 3073 1505 2337
f 3073 2337 2349
f 3043 3041 3292
f 3292 3041 3293
f 3292 3293 3051
f 3051 3293 2319
f 3051 2319 3053
f 3053 2319 2321
f 3053 2321 2323
f 1852 1854 3294
f 3294 1854 3295
f 3294 3295 3296
f 3296 3295 3297
f 3296 3297 3298
f 3298 3297 3299
f 3298 3299 3300
f 3300 3299 3301
f 3300 3301 3302
f 3302 3301 3303
f 3302 3303 3304
f 3304 3303 3305
f 3304 3305 3306
f 3306 3305 3307
f 3306 3307 3308
f 3308 3307 3309
f 3308 3309 3310
f 3310 3309 3311
f 3310 3311 3312
f 3312 3311 3313
f 3312 3313 3314
f 3314 3313 3315
f 3314 3315 3316
f 3316 3315 3317
f 3316 3317 3318
f 3318 3317 3319
f 3318 3319 3320
f 3320 3319 3321
f 3320 3321 3322
f 3322 3321 1920
f 3322 1920 3323
f 3323 1920 1922
f 3323 1922 2970
f 2970 1922 1924
f 2752 2750 2748
f 2057 2059 2918
f 2918 2059 2920
f 2664 3087 2666
f 2666 3087 3324
f 2666 3324 2668
f 2668 3324 3081
f 2668 3081 2670
f 1866 1899 1864
f 2667 2877 3325
f 3325 2877 3112
f 3325 3112 3326
f 3326 3112 2773
f 3326 2773 3327
f 3327 2773 2775
f 3327 2775 3328
f 3328 2775 2777
f 3328 2777 3329
f 3329 2777 199
f 3329 199 201
f 1650 1652 2430
f 2272 1536 2995
f 2776 2774 3330
f 3330 2774 2772
f 3330 2772 3331
f 3331 2772 2770
f 3331 2770 2060
f 2060 2770 2062
f 1861 1859 2873
f 2873 1859 3332
f 2873 3332 2872
f 2872 3332 3333
f 2872 3333 2870
f 2870 3333 3334
f 2870 3334 3335
f 3335 3334 3336
f 3335 3336 3337
f 3337 3336 26
f 3337 26 3338
f 3338 26 24
f 3338 24 3339
f 3339 24 22
f 3339 22 3340
f 3340 22 3341
f 3340 3341 3342
f 3342 3341 3343
f 3342 3343 3344
f 3344 3343 3345
f 3344 3345 3346
f 3346 3345 3062
f 3346 3062 3347
f 3347 3062 3064
f 3347 3064 3348
f 3348 3064 3066
f 3348 3066 2854
f 2854 3066 2852
f 2854 2855 3348
f 3348 2855 3349
f 3348 3349 3347
f 3347 3349 3350
f 3347 3350 3346
f 3346 3350 3349
f 3346 3349 3351
f 3351 3349 2855
f 3351 2855 3352
f 3352 2855 2856
f 3352 2856 3353
f 3353 2856 2857
f 3353 2857 3354
f 3354 2857 3355
f 3354 3355 3356
f 3356 3355 3357
f 3356 3357 3358
f 3358 3357 2864
f 3358 2864 2866
f 2562 2497 2560
f 2560 2497 2495
f 2560 2495 2419
f 2419 2495 2421
f 3272 3274 3270
f 3270 3274 3359
f 3270 3359 3360
f 3360 3359 3278
f 3360 3278 2393
f 2393 3278 3285
f 2393 3285 2391
f 2890 2891 2705
f 2705 2891 2892
f 2705 2892 2703
f 3223 1096 2567
f 2567 1096 1098
f 2567 1098 1100
f 1262 1260 2883
f 2883 1260 2725
f 2883 2725 2882
f 2882 2725 2727
f 2882 2727 2728
f 3225 2747 3229
f 3229 2747 2749
f 3229 2749 2751
f 2771 3111 2769
f 1900 2249 1901
f 1901 2249 2247
f 1901 2247 2779
f 2919 3068 2917
f 2917 3068 3067
f 2917 3067 2916
f 2916 3067 3361
f 2916 3361 3362
f 3362 3361 10
f 3362 10 2915
f 2394 2399 2396
f 2396 2399 2398
f 2396 2398 2397
f 2906 2908 3363
f 3363 2908 2909
f 3363 2909 3364
f 3364 2909 2910
f 3364 2910 3110
f 3110 2910 2911
f 2781 1076 2783
f 3213 2455 2457
f 2141 2143 2145
f 3283 3281 3291
f 3291 3281 3275
f 3291 3275 3365
f 3365 3275 3273
f 3365 3273 3366
f 3366 3273 3367
f 3366 3367 3368
f 3368 3367 3369
f 3368 3369 3370
f 3370 3369 3371
f 3370 3371 3372
f 3372 3371 3373
f 3372 3373 3374
f 3374 3373 3375
f 3374 3375 3376
f 3376 3375 3377
f 3376 3377 3378
f 3378 3377 3379
f 3378 3379 3380
f 3380 3379 1356
f 3380 1356 1354
f 2860 2862 3381
f 3381 2862 2864
f 3381 2864 3382
f 3382 2864 3357
f 3382 3357 3383
f 3383 3357 3355
f 3383 3355 2858
f 2858 3355 2857
f 2858 2860 3383
f 3383 2860 3381
f 3383 3381 3382
f 1865 2742 1867
f 1867 2742 1869
f 1656 1658 2888
f 3216 2992 3384
f 3384 2992 3385
f 3384 3385 3221
f 3221 3385 1533
f 3221 1533 3222
f 3222 1533 1535
f 3222 1535 1537
f 2661 2663 3386
f 3386 2663 2665
f 3386 2665 3325
f 3325 2665 2667
f 3263 3224 3226
f 2377 2378 2379
f 3268 3270 3387
f 3387 3270 3360
f 3387 3360 2395
f 2395 3360 2393
f 2316 2320 2318
f 1681 1680 3388
f 3388 1680 3389
f 3388 3389 3390
f 3390 3389 3391
f 3390 3391 1685
f 1685 3391 3392
f 1685 3392 3393
f 3393 3392 3394
f 3393 3394 3395
f 3395 3394 3396
f 3395 3396 3397
f 3397 3396 3242
f 3397 3242 3398
f 3398 3242 3240
f 3398 3240 3399
f 3399 3240 3400
f 3399 3400 3401
f 3401 3400 3402
f 3401 3402 3403
f 3403 3402 3404
f 3403 3404 3405
f 3405 3404 3406
f 3405 3406 3407
f 3407 3406 3408
f 3407 3408 3409
f 3409 3408 3410
f 3409 3410 3411
f 3411 3410 3412
f 3411 3412 3413
f 3413 3412 3234
f 3413 3234 3414
f 3414 3234 3232
f 3414 3232 3415
f 3415 3232 2755
f 3415 2755 1614
f 1614 2755 2757
f 1614 2757 1616
f 1616 2757 2758
f 3243 3245 3416
f 3416 3245 3417
f 3416 3417 3418
f 3418 3417 3419
f 3418 3419 3420
f 3420 3419 3421
f 3420 3421 3264
f 3264 3421 3422
f 3264 3422 3423
f 3423 3422 3007
f 3423 3007 3006
f 3006 3266 3423
f 2142 2869 2144
f 2144 2869 2867
f 2144 2867 2146
f 2417 2415 2556
f 2556 2415 3286
f 3087 3085 3324
f 3324 3085 3083
f 3324 3083 3081
f 1794 1798 1796
f 2513 3009 2511
f 2978 2840 2838
f 2743 2871 2741
f 2741 2871 2869
f 2741 2869 2142
f 2942 2940 3424
f 3424 2940 3425
f 3424 3425 3426
f 3426 3425 3427
f 3426 3427 3428
f 3428 3427 3429
f 3428 3429 3430
f 3430 3429 3431
f 3430 3431 3432
f 3432 3431 3433
f 3432 3433 3434
f 3434 3433 2027
f 3434 2027 2951
f 2951 2027 2029
f 2654 2652 3212
f 1243 1245 1508
f 1508 1245 3435
f 1508 3435 1506
f 1506 3435 3436
f 1506 3436 1504
f 1504 3436 3437
f 1504 3437 1502
f 1502 3437 1500
f 1247 3438 3435
f 3435 3438 1253
f 3435 1253 3436
f 3436 1253 1255
f 3436 1255 3437
f 3437 1255 1257
f 3437 1257 1500
f 3277 3275 3279
f 3279 3275 3281
f 2812 2894 3439
f 3439 2894 2896
f 3439 2896 3440
f 3440 2896 2898
f 3440 2898 3441
f 3441 2898 2900
f 3441 2900 3442
f 3442 2900 2902
f 3442 2902 3443
f 3443 2902 2904
f 3443 2904 3103
f 3103 2904 2906
f 3103 2906 3105
f 3105 2906 3363
f 3105 3363 3107
f 3107 3363 3364
f 3107 3364 3109
f 3109 3364 3110
f 1960 1962 2571
f 2571 1962 2569
f 3325 3326 3386
f 3386 3326 3327
f 3386 3327 3444
f 3444 3327 3328
f 3444 3328 3445
f 3445 3328 3329
f 3445 3329 3446
f 3446 3329 91
f 3446 91 93
f 3255 3256 3447
f 3447 3256 3258
f 3447 3258 3419
f 3419 3258 3260
f 3419 3260 3421
f 3421 3260 3262
f 3421 3262 3422
f 3422 3262 3007
f 3278 3359 3276
f 2443 2441 2375
f 2375 2441 2439
f 2375 2439 2373
f 2373 2439 2016
f 2373 2016 2014
f 2710 2799 2731
f 2731 2799 2797
f 2731 2797 2733
f 3290 3291 3448
f 3448 3291 3365
f 3448 3365 3449
f 3449 3365 3366
f 3449 3366 3450
f 3450 3366 3368
f 3450 3368 3451
f 3451 3368 3370
f 3451 3370 3452
f 3452 3370 3372
f 3452 3372 3374
f 3106 3453 3454
f 3454 3453 3455
f 3454 3455 3456
f 3456 3455 3457
f 3456 3457 3458
f 3458 3457 3108
f 3458 3108 3086
f 3086 3108 3082
f 3086 3082 3084
f 3232 2751 2755
f 2755 2751 2753
f 3227 3225 3229
f 922 1720 924
f 924 1720 3214
f 924 3214 926
f 1260 1258 2725
f 1615 2456 3459
f 3459 2456 2454
f 3459 2454 3460
f 3460 2454 2452
f 3460 2452 3461
f 3461 2452 3462
f 3461 3462 1605
f 1605 3462 1712
f 1605 1712 1603
f 12 10 3061
f 3061 10 3361
f 3061 3361 3463
f 3463 3361 3067
f 3463 3067 3065
f 197 2776 192
f 192 2776 3330
f 192 3330 2
f 2 3330 3464
f 2 3464 4
f 4 3464 3331
f 4 3331 2058
f 2058 3331 2060
f 2706 2704 3465
f 3465 2704 2702
f 3465 2702 2700
f 2700 2798 3465
f 3465 2798 2800
f 3465 2800 2708
f 2184 3466 3467
f 3467 3466 3468
f 3467 3468 3469
f 3469 3468 3470
f 3469 3470 2960
f 2960 3470 3471
f 2960 3471 2962
f 2962 3471 3472
f 2962 3472 3473
f 3473 3472 3474
f 3473 3474 3475
f 3475 3474 3476
f 3475 3476 3477
f 3477 3476 3478
f 3477 3478 3479
f 3479 3478 3480
f 3479 3480 2969
f 2969 3480 3323
f 2969 3323 2970
f 1711 1713 3481
f 3481 1713 1715
f 3481 1715 3482
f 3482 1715 3483
f 3482 3483 3484
f 3484 3483 3485
f 3484 3485 3486
f 3486 3485 3487
f 3486 3487 3488
f 3488 3487 1721
f 3488 1721 3489
f 3489 1721 1722
f 3489 1722 1785
f 3266 3264 3423
f 3351 3352 3490
f 3490 3352 3353
f 3490 3353 3491
f 3491 3353 3354
f 3491 3354 3492
f 3492 3354 3356
f 3492 3356 3493
f 3493 3356 3358
f 3493 3358 3494
f 3494 3358 2866
f 3494 2866 3495
f 3495 2866 2868
f 3495 2868 3335
f 3335 2868 2870
f 1534 1532 2684
f 3449 3496 3448
f 3448 3496 3289
f 3448 3289 3290
f 2319 3293 2317
f 2317 3293 3041
f 2317 3041 3039
f 3086 3088 3458
f 3458 3088 3089
f 3458 3089 3456
f 3456 3089 3497
f 3456 3497 3454
f 3454 3497 3096
f 3454 3096 3098
f 3276 3359 3274
f 2567 2569 3223
f 2438 2020 2437
f 2308 3387 2310
f 2310 3387 2395
f 2310 2395 2312
f 2502 2500 3498
f 3498 2500 1653
f 3498 1653 2502
f 2502 1653 1651
f 2502 1651 2504
f 3078 3077 3499
f 3499 3077 3076
f 3499 3076 2685
f 2685 3076 3075
f 2685 3075 2687
f 1507 1505 3071
f 2977 2979 3219
f 3219 2979 2980
f 3219 2980 2981
f 3221 3220 3384
f 3384 3220 3218
f 3384 3218 3216
f 3061 3463 3063
f 3063 3463 3065
f 2946 2942 3500
f 3500 2942 3501
f 3500 3501 2948
f 2948 3501 3432
f 2948 3432 2950
f 2950 3432 3434
f 2950 3434 2951
f 3257 3010 3259
f 3259 3010 3008
f 3259 3008 3261
f 3457 3455 3108
f 3108 3455 3453
f 3108 3453 3106
f 3339 3340 3502
f 3502 3340 3342
f 3502 3342 3503
f 3503 3342 3504
f 3503 3504 3490
f 3490 3504 3346
f 3490 3346 3351
f 2992 2994 3385
f 3385 2994 1531
f 3385 1531 1533
f 2932 3505 3506
f 3506 3505 3507
f 3506 3507 3508
f 3508 3507 3509
f 3508 3509 3510
f 3510 3509 3511
f 3510 3511 3512
f 3512 3511 3513
f 3512 3513 3514
f 3514 3513 3515
f 3514 3515 3516
f 3516 3515 2025
f 3516 2025 3517
f 3517 2025 2027
f 3517 2027 3433
f 3009 3011 2511
f 2882 2728 2730
f 1720 1718 3214
f 3331 3464 3330
f 93 95 3446
f 3446 95 2659
f 3446 2659 3444
f 3444 2659 2661
f 3444 2661 3386
f 3387 2308 3268
f 3204 3518 3206
f 3206 3518 3519
f 3206 3519 3520
f 3520 3519 3488
f 3520 3488 3521
f 3521 3488 3489
f 3521 3489 1785
f 1789 3520 1787
f 1787 3520 3521
f 1787 3521 1785
f 2706 3465 2708
f 2620 2618 2622
f 2622 2618 3522
f 2622 3522 2624
f 2624 3522 3523
f 2624 3523 2626
f 2626 3523 3524
f 2626 3524 2628
f 2628 3524 3525
f 2628 3525 3526
f 3526 3525 3527
f 3526 3527 3528
f 3528 3527 3529
f 3528 3529 3530
f 3530 3529 3531
f 3530 3531 3532
f 3532 3531 3533
f 3532 3533 3534
f 3534 3533 3535
f 3534 3535 3536
f 3536 3535 3537
f 3536 3537 3538
f 3538 3537 3539
f 3538 3539 3540
f 3540 3539 3541
f 3540 3541 3542
f 3542 3541 3543
f 3542 3543 2648
f 2648 3543 3544
f 2648 3544 2650
f 2650 3544 3545
f 2650 3545 3546
f 3546 3545 3211
f 3546 3211 2652
f 3546 2652 2650
f 1913 2786 1915
f 1915 2786 2788
f 1915 2788 1919
f 3051 3049 3292
f 3292 3049 3047
f 3292 3047 3045
f 1339 1341 2949
f 2949 1341 3547
f 2949 3547 2947
f 2947 3547 3548
f 2947 3548 2945
f 2945 3548 3549
f 2945 3549 3550
f 3550 3549 3551
f 3550 3551 3552
f 3552 3551 3553
f 3552 3553 3554
f 3554 3553 3555
f 3554 3555 3556
f 3556 3555 3557
f 3556 3557 3558
f 3558 3557 3559
f 3558 3559 3560
f 3560 3559 3561
f 3560 3561 3562
f 3562 3561 3563
f 3562 3563 3564
f 3564 3563 3565
f 3564 3565 3566
f 3566 3565 3567
f 3566 3567 3568
f 3568 3567 3569
f 3568 3569 3570
f 3570 3569 3571
f 3570 3571 3572
f 3572 3571 3573
f 3572 3573 3574
f 3574 3573 3575
f 3574 3575 3576
f 3576 3575 3577
f 3576 3577 3578
f 3578 3577 3579
f 3578 3579 3576
f 3576 3579 3580
f 3576 3580 3581
f 3581 3580 3572
f 3581 3572 3574
f 3362 2915 2916
f 3380 3582 3378
f 3378 3582 3583
f 3378 3583 3374
f 3374 3583 3584
f 3374 3584 3452
f 3452 3584 3585
f 3452 3585 3451
f 3451 3585 1344
f 3451 1344 3496
f 3496 1344 3288
f 3496 3288 3289
f 1611 1613 3586
f 3586 1613 1615
f 3586 1615 3460
f 3460 1615 3459
f 2371 2173 2372
f 2372 2173 2171
f 2372 2171 2374
f 2374 2171 2169
f 2374 2169 2376
f 3273 3271 3367
f 3367 3271 3587
f 3367 3587 3588
f 3588 3587 3589
f 3588 3589 3590
f 3590 3589 3591
f 3590 3591 3592
f 3592 3591 3593
f 3592 3593 3594
f 3594 3593 3595
f 3594 3595 3596
f 3596 3595 3597
f 3596 3597 3598
f 3598 3597 3599
f 3598 3599 3600
f 3600 3599 2298
f 3600 2298 2296
f 2023 2025 3601
f 3601 2025 3515
f 3601 3515 3602
f 3602 3515 3513
f 3602 3513 3603
f 3603 3513 3511
f 3603 3511 3604
f 3604 3511 3509
f 3604 3509 3605
f 3605 3509 3606
f 3605 3606 3607
f 3607 3606 3608
f 3607 3608 3609
f 3609 3608 2928
f 3609 2928 2926
f 2924 2922 3610
f 3610 2922 3611
f 3610 3611 3612
f 3612 3611 3613
f 3612 3613 3614
f 3614 3613 3615
f 3614 3615 3616
f 3616 3615 2009
f 3616 2009 3617
f 3617 2009 2011
f 3617 2011 3618
f 3618 2011 2013
f 3618 2013 3619
f 3619 2013 2015
f 3619 2015 3620
f 3620 2015 3621
f 3620 3621 3622
f 3622 3621 3623
f 3622 3623 3601
f 3601 3623 2021
f 3601 2021 2023
f 3490 3491 3503
f 3503 3491 3492
f 3503 3492 3493
f 2317 3039 2315
f 2315 3039 3037
f 2315 3037 2313
f 3089 3090 3497
f 3497 3090 3092
f 3497 3092 3094
f 3098 3102 3454
f 3454 3102 3104
f 3454 3104 3624
f 3624 3104 3106
f 3624 3106 3454
f 3264 3228 3625
f 3625 3228 3230
f 3625 3230 3626
f 3626 3230 3233
f 3626 3233 3627
f 3627 3233 3235
f 3627 3235 3237
f 3627 3628 3626
f 3626 3628 3629
f 3626 3629 3625
f 3625 3629 3420
f 3625 3420 3264
f 1915 1919 1917
f 2984 3630 2983
f 2983 3630 3217
f 2983 3217 2982
f 2982 3217 3219
f 2982 3219 2981
f 3391 3389 3631
f 3631 3389 3632
f 3631 3632 3633
f 3633 3632 3634
f 3633 3634 3635
f 3635 3634 3636
f 3635 3636 3637
f 3637 3636 3638
f 3637 3638 3250
f 3250 3638 3639
f 3250 3639 3640
f 3640 3639 3641
f 3640 3641 3642
f 3642 3641 3643
f 3642 3643 3644
f 3644 3643 3645
f 3644 3645 2501
f 2501 3645 1661
f 2501 1661 2499
f 2499 1661 3646
f 2499 3646 1655
f 1655 3646 1657
f 2825 2827 3647
f 3647 2827 2829
f 3647 2829 3648
f 3648 2829 2831
f 3648 2831 2907
f 2907 2831 2833
f 2907 2833 2835
f 3451 3496 3450
f 3450 3496 3449
f 2507 3012 2505
f 2505 3012 3254
f 2505 3254 3649
f 3649 3254 3642
f 3649 3642 3644
f 3467 3469 3650
f 3650 3469 2958
f 3650 2958 3651
f 3651 2958 2956
f 3651 2956 3652
f 3652 2956 3653
f 3652 3653 3654
f 3654 3653 3655
f 3654 3655 3656
f 3656 3655 3657
f 3656 3657 3658
f 3658 3657 2557
f 3658 2557 3659
f 3659 2557 2555
f 3659 2555 2172
f 2172 2555 2170
f 2956 2563 3653
f 3653 2563 2561
f 3653 2561 3655
f 3655 2561 2559
f 3655 2559 3657
f 3657 2559 2558
f 3657 2558 2557
f 1520 1518 3660
f 3660 1518 3078
f 3660 3078 3661
f 3661 3078 3499
f 3661 3499 2682
f 2682 3499 2685
f 2682 2685 2683
f 3048 3050 3287
f 2015 2017 3621
f 3621 2017 2019
f 3621 2019 3623
f 3623 2019 2021
f 1657 3646 1659
f 2308 2306 3267
f 3267 2306 3662
f 3267 3662 3269
f 3269 3662 3587
f 3269 3587 3271
f 2206 2208 3663
f 3663 2208 3664
f 3663 3664 3665
f 3665 3664 3666
f 3665 3666 3667
f 3667 3666 3668
f 3667 3668 3669
f 3669 3668 3318
f 3669 3318 3478
f 3478 3318 3320
f 3478 3320 3480
f 3480 3320 3322
f 3480 3322 3323
f 1603 1709 1604
f 1604 1709 1707
f 1604 1707 1606
f 1606 1707 3670
f 1606 3670 3671
f 3671 3670 3409
f 3671 3409 3672
f 3672 3409 3411
f 3672 3411 1610
f 1610 3411 3413
f 1610 3413 1612
f 1612 3413 3414
f 1612 3414 1614
f 1614 3414 3415
f 2963 2965 3673
f 3673 2965 2568
f 3673 2568 2959
f 2959 2568 2566
f 2959 2566 2565
f 2662 2660 3091
f 3091 2660 97
f 3091 97 99
f 3485 1717 3487
f 3487 1717 1719
f 3487 1719 1721
f 3342 3344 3504
f 3504 3344 3346
f 3317 3313 3319
f 3319 3313 1916
f 3319 1916 3321
f 3321 1916 1918
f 3321 1918 1920
f 3594 3596 3674
f 3674 3596 3598
f 3674 3598 3675
f 3675 3598 3600
f 3675 3600 3676
f 3676 3600 3677
f 3676 3677 3678
f 3678 3677 3679
f 3678 3679 3680
f 3680 3679 3681
f 3680 3681 3682
f 3682 3681 3683
f 3682 3683 3684
f 3684 3683 3685
f 3684 3685 3686
f 3686 3685 3373
f 3686 3373 3687
f 3687 3373 3371
f 3687 3371 3688
f 3688 3371 3369
f 3688 3369 3588
f 3588 3369 3367
f 1903 2778 3689
f 3689 2778 2780
f 3689 2780 3690
f 3690 2780 2782
f 3690 2782 1909
f 1909 2782 2784
f 1909 2784 1911
f 1911 2784 2786
f 1911 2786 1913
f 3233 3230 3231
f 2714 3691 2729
f 2729 3691 2710
f 2729 2710 2731
f 3257 3012 3010
f 2298 3599 2300
f 2300 3599 3597
f 2300 3597 2302
f 2302 3597 3692
f 2302 3692 2304
f 2304 3692 3591
f 2304 3591 3662
f 3662 3591 3589
f 3662 3589 3587
f 101 103 3693
f 3693 103 105
f 3693 105 3694
f 3694 105 107
f 3694 107 3695
f 3695 107 109
f 3695 109 3696
f 3696 109 3697
f 3696 3697 3698
f 3698 3697 3699
f 3698 3699 3700
f 3700 3699 3701
f 3700 3701 3702
f 3702 3701 3703
f 3702 3703 3704
f 3704 3703 3440
f 3704 3440 3705
f 3705 3440 3706
f 3705 3706 3707
f 3707 3706 3708
f 3707 3708 3709
f 3709 3708 3710
f 3709 3710 3711
f 3711 3710 3442
f 3711 3442 3712
f 3712 3442 3443
f 3712 3443 3713
f 3713 3443 3103
f 3713 3103 3101
f 3497 3094 3096
f 2940 2938 3714
f 3714 2938 3715
f 3714 3715 3716
f 3716 3715 3512
f 3716 3512 3717
f 3717 3512 3514
f 3717 3514 3718
f 3718 3514 3516
f 3718 3516 3431
f 3431 3516 3517
f 3431 3517 3433
f 3473 3475 3719
f 3719 3475 3477
f 3719 3477 3720
f 3720 3477 3479
f 3720 3479 2968
f 2968 3479 2969
f 3098 3100 3102
f 3445 3446 3444
f 2813 2815 2895
f 2895 2815 2817
f 2895 2817 3721
f 3721 2817 2819
f 3721 2819 3722
f 3722 2819 2821
f 3722 2821 3723
f 3723 2821 3724
f 3723 3724 3725
f 3725 3724 3726
f 3725 3726 3727
f 3727 3726 3648
f 3727 3648 3728
f 3728 3648 2907
f 3728 2907 2905
f 2722 2720 2723
f 2723 2720 2718
f 2723 2718 2724
f 2724 2718 2726
f 3723 3725 3729
f 3729 3725 3727
f 3729 3727 2903
f 2903 3727 3728
f 2903 3728 2905
f 1789 1791 3520
f 3520 1791 3208
f 3520 3208 3206
f 2565 2563 2956
f 2959 2565 2957
f 2505 3649 2503
f 2503 3649 3644
f 2503 3644 2501
f 2568 2965 2570
f 1520 3660 2680
f 2680 3660 3661
f 2680 3661 2681
f 2681 3661 2682
f 1903 1902 2778
f 2716 2726 2718
f 3045 3043 3292
f 3622 3601 3730
f 3730 3601 3602
f 3730 3602 3620
f 3620 3602 3603
f 3620 3603 3604
f 3559 3557 3731
f 3731 3557 3732
f 3731 3732 3733
f 3733 3732 3734
f 3733 3734 3735
f 3735 3734 3736
f 3735 3736 1353
f 1353 3736 3737
f 1353 3737 1351
f 1351 3737 3551
f 1351 3551 1349
f 1349 3551 3738
f 1349 3738 1347
f 1347 3738 3548
f 1347 3548 1345
f 1345 3548 3547
f 1345 3547 1343
f 1343 3547 1341
f 3662 2306 2304
f 2962 3473 2964
f 2964 3473 3719
f 2964 3719 2966
f 2966 3719 3720
f 2966 3720 2967
f 2967 3720 2968
f 3523 3522 3739
f 3739 3522 3740
f 3739 3740 3525
f 3525 3740 3741
f 3525 3741 3742
f 3742 3741 3743
f 3742 3743 3744
f 3744 3743 3745
f 3744 3745 3746
f 3746 3745 3747
f 3746 3747 3748
f 3748 3747 3749
f 3748 3749 3750
f 3750 3749 3751
f 3750 3751 3752
f 3752 3751 3753
f 3752 3753 3754
f 3754 3753 3755
f 3754 3755 3756
f 3756 3755 3757
f 3756 3757 3758
f 3758 3757 3759
f 3758 3759 3537
f 3537 3759 3760
f 3537 3760 3539
f 3539 3760 3761
f 3539 3761 3541
f 3541 3761 3762
f 3541 3762 3543
f 3543 3762 3763
f 3543 3763 3544
f 3544 3763 3764
f 3544 3764 3545
f 3545 3764 3765
f 3545 3765 3211
f 3211 3765 3210
f 3646 1661 1659
f 59 61 3766
f 3766 61 3767
f 3766 3767 19
f 19 3767 3768
f 19 3768 17
f 17 3768 3769
f 17 3769 15
f 15 3769 3770
f 15 3770 13
f 13 3770 3771
f 13 3771 3772
f 3772 3771 3773
f 3772 3773 3774
f 3774 3773 3775
f 3774 3775 3776
f 3776 3775 3777
f 3776 3777 5
f 5 3777 3
f 73 75 3773
f 3773 75 3778
f 3773 3778 3779
f 3779 3778 3780
f 3779 3780 3781
f 3781 3780 191
f 3781 191 3782
f 3782 191 3
f 3782 3 3777
f 3217 3630 3215
f 3215 3630 2986
f 3215 2986 2988
f 3024 3022 3783
f 3783 3022 3784
f 3783 3784 3785
f 3785 3784 3786
f 3785 3786 3787
f 3787 3786 2307
f 3787 2307 3788
f 3788 2307 2309
f 3788 2309 3789
f 3789 2309 2311
f 3789 2311 3034
f 3034 2311 2313
f 3588 3590 3688
f 3688 3590 3592
f 3688 3592 3594
f 1247 1249 3438
f 3438 1249 1251
f 3438 1251 1253
f 1212 256 3790
f 3790 256 258
f 3790 258 3791
f 3791 258 3792
f 3791 3792 3793
f 3793 3792 3794
f 3793 3794 3795
f 3795 3794 3796
f 3795 3796 3797
f 3797 3796 3798
f 3797 3798 3799
f 3799 3798 3800
f 3799 3800 3801
f 3801 3800 3802
f 3801 3802 3803
f 3803 3802 3804
f 3803 3804 3805
f 3805 3804 3806
f 3805 3806 3807
f 3807 3806 3808
f 3807 3808 3809
f 3809 3808 3810
f 3809 3810 3811
f 3811 3810 3812
f 3811 3812 3813
f 3813 3812 3814
f 3813 3814 3815
f 3815 3814 3816
f 3815 3816 3817
f 3817 3816 3818
f 3817 3818 3819
f 3819 3818 3820
f 3819 3820 3821
f 3821 3820 3822
f 3821 3822 1218
f 1218 3822 3823
f 1218 3823 1220
f 1220 3823 3824
f 1220 3824 1222
f 1222 3824 3825
f 1222 3825 1224
f 1224 3825 3826
f 1224 3826 3827
f 3827 3826 3828
f 3827 3828 3829
f 3829 3828 3830
f 3829 3830 3831
f 3831 3830 3832
f 3831 3832 3833
f 3833 3832 3834
f 3833 3834 3835
f 3835 3834 3836
f 3835 3836 3837
f 3837 3836 3838
f 3837 3838 3839
f 3839 3838 3840
f 3839 3840 3841
f 3841 3840 3842
f 3841 3842 1250
f 1250 3842 3843
f 1250 3843 3844
f 3844 3843 2721
f 3844 2721 1254
f 1254 2721 1256
f 12 3062 14
f 14 3062 3345
f 14 3345 16
f 16 3345 3343
f 16 3343 3341
f 3337 3338 3845
f 3845 3338 3339
f 3845 3339 3494
f 3494 3339 3502
f 3494 3502 3493
f 3493 3502 3503
f 3709 3711 3846
f 3846 3711 3712
f 3846 3712 3099
f 3099 3712 3713
f 3099 3713 3101
f 13 3772 11
f 11 3772 3774
f 11 3774 9
f 9 3774 3776
f 9 3776 7
f 7 3776 5
f 3241 3243 3847
f 3847 3243 3416
f 3847 3416 3629
f 3629 3416 3418
f 3629 3418 3420
f 3848 2989 3849
f 3849 2989 2987
f 3849 2987 3850
f 3850 2987 3851
f 3850 3851 3852
f 3852 3851 3853
f 3852 3853 3854
f 3854 3853 3855
f 3854 3855 3856
f 3856 3855 3857
f 3856 3857 3858
f 3858 3857 3859
f 3858 3859 3860
f 3860 3859 3861
f 3860 3861 3862
f 3862 3861 3863
f 3862 3863 3864
f 3864 3863 3865
f 3864 3865 3866
f 3866 3865 3867
f 3866 3867 3868
f 3868 3867 3869
f 3868 3869 3870
f 3870 3869 3871
f 3870 3871 3872
f 3872 3871 3873
f 3872 3873 3874
f 3874 3873 3875
f 3874 3875 3848
f 3848 3875 3876
f 3848 3876 2989
f 2989 3876 3877
f 2989 3877 2991
f 2991 3877 1527
f 2991 1527 2993
f 2993 1527 1529
f 2992 3216 2990
f 3721 3722 2897
f 2897 3722 3723
f 2897 3723 2899
f 2899 3723 3729
f 2899 3729 2901
f 2901 3729 2903
f 3730 3620 3622
f 2729 2716 2714
f 1247 3435 1245
f 1254 1252 3844
f 3203 3205 3878
f 3878 3205 3207
f 3878 3207 3879
f 3879 3207 3209
f 3879 3209 3880
f 3880 3209 3210
f 3880 3210 3765
f 3597 3595 3692
f 3692 3595 3593
f 3692 3593 3591
f 3696 3698 3881
f 3881 3698 3709
f 3881 3709 3882
f 3882 3709 3846
f 3882 3846 3097
f 3097 3846 3099
f 3249 3253 3883
f 3883 3253 3884
f 3883 3884 3417
f 3417 3884 3447
f 3417 3447 3419
f 3885 3886 3887
f 3887 3886 3888
f 3887 3888 3889
f 3889 3888 3890
f 3889 3890 3891
f 3891 3890 3892
f 3891 3892 3893
f 3893 3892 3894
f 3893 3894 3895
f 3895 3894 3896
f 3895 3896 3897
f 3897 3896 3898
f 3897 3898 3899
f 3899 3898 3900
f 3899 3900 3901
f 3901 3900 3902
f 3901 3902 3903
f 3903 3902 3904
f 3903 3904 3905
f 3905 3904 3906
f 3905 3906 3907
f 3907 3906 3908
f 3907 3908 3909
f 3909 3908 3910
f 3909 3910 3911
f 3911 3910 3912
f 3911 3912 3913
f 3913 3912 3914
f 3913 3914 3915
f 3915 3914 3916
f 3915 3916 3917
f 3917 3916 3918
f 3917 3918 3919
f 3919 3918 3886
f 3919 3886 3920
f 3920 3886 3885
f 3920 3885 3921
f 3921 3885 3922
f 3921 3922 3923
f 3923 3922 3924
f 3923 3924 3925
f 3925 3924 3926
f 3925 3926 3927
f 3927 3926 3928
f 3927 3928 3929
f 3929 3928 3930
f 3929 3930 3931
f 3931 3930 3932
f 3931 3932 3933
f 3933 3932 3934
f 3933 3934 3935
f 3935 3934 3936
f 3935 3936 3937
f 3937 3936 3938
f 3937 3938 3939
f 3939 3938 3940
f 3939 3940 3941
f 3941 3940 3942
f 3941 3942 3943
f 3943 3942 3944
f 3943 3944 3945
f 3945 3944 3946
f 3945 3946 3947
f 3947 3946 3948
f 3947 3948 3949
f 3949 3948 3950
f 3949 3950 3951
f 3951 3950 3952
f 3951 3952 3953
f 3953 3952 2719
f 3953 2719 3843
f 3843 2719 2721
f 2172 2174 3659
f 3659 2174 2176
f 3659 2176 2178
f 1605 1607 3461
f 3461 1607 1609
f 3461 1609 3460
f 3460 1609 3586
f 1609 1611 3586
f 3783 3785 3954
f 3954 3785 3787
f 3954 3787 3955
f 3955 3787 3788
f 3955 3788 3956
f 3956 3788 3957
f 3956 3957 3958
f 3958 3957 3789
f 3958 3789 3032
f 3032 3789 3034
f 3789 3957 3788
f 2821 2823 3724
f 3724 2823 2825
f 3724 2825 3726
f 3726 2825 3647
f 3726 3647 3648
f 3882 3097 3694
f 3694 3097 3095
f 3694 3095 3693
f 3693 3095 3093
f 3693 3093 101
f 101 3093 3091
f 101 3091 99
f 1905 3689 1907
f 1907 3689 3690
f 1907 3690 1909
f 1250 3844 1252
f 3773 3779 3775
f 3775 3779 3959
f 3775 3959 3777
f 3777 3959 3782
f 3035 3036 3960
f 3960 3036 3038
f 3960 3038 3961
f 3961 3038 3962
f 3961 3962 3963
f 3963 3962 3964
f 3963 3964 3965
f 3965 3964 3966
f 3965 3966 3967
f 3967 3966 3968
f 3967 3968 3969
f 3969 3968 3970
f 3969 3970 3971
f 3971 3970 3972
f 3971 3972 3973
f 3973 3972 3974
f 3973 3974 3975
f 3975 3974 3976
f 3975 3976 3977
f 3977 3976 1412
f 3977 1412 1410
f 3688 3594 3978
f 3978 3594 3674
f 3978 3674 3979
f 3979 3674 3675
f 3979 3675 3676
f 3678 3680 3980
f 3980 3680 3682
f 3980 3682 3981
f 3981 3682 3684
f 3981 3684 3982
f 3982 3684 3686
f 3982 3686 3978
f 3978 3686 3687
f 3978 3687 3688
f 3488 3519 3486
f 3486 3519 3518
f 3486 3518 3983
f 3983 3518 3202
f 3983 3202 3984
f 3984 3202 3200
f 3984 3200 3198
f 3430 3432 3428
f 3428 3432 3501
f 3428 3501 3426
f 3426 3501 2942
f 3426 2942 3424
f 1344 3585 1346
f 1346 3585 3584
f 1346 3584 3985
f 3985 3584 3583
f 3985 3583 3582
f 1905 1903 3689
f 3652 3654 2180
f 2180 3654 3656
f 2180 3656 2178
f 2178 3656 3658
f 2178 3658 3659
f 3016 3014 3018
f 3018 3014 3986
f 3018 3986 3987
f 3987 3986 3988
f 3987 3988 3989
f 3989 3988 2303
f 3989 2303 3784
f 3784 2303 2305
f 3784 2305 3786
f 3786 2305 2307
f 2714 2712 3691
f 3691 2712 2711
f 3691 2711 2710
f 3630 2984 2986
f 3427 3716 3429
f 3429 3716 3990
f 3429 3990 3431
f 3431 3990 3717
f 3431 3717 3718
f 1673 1671 3641
f 3641 1671 3991
f 3641 3991 3643
f 3643 3991 3992
f 3643 3992 3645
f 3645 3992 3993
f 3645 3993 1661
f 1661 3993 1663
f 2452 1716 3462
f 3462 1716 1714
f 3462 1714 1712
f 200 198 3994
f 3994 198 196
f 3994 196 79
f 79 196 195
f 79 195 3780
f 3780 195 193
f 3780 193 191
f 3782 3959 3781
f 3044 3995 3042
f 3042 3995 3996
f 3042 3996 3997
f 3997 3996 3964
f 3997 3964 3040
f 3040 3964 3962
f 3040 3962 3038
f 2963 3673 2961
f 2961 3673 2959
f 3253 3255 3998
f 3998 3255 3447
f 3998 3447 3884
f 3335 3337 3495
f 3495 3337 3845
f 3495 3845 3494
f 3035 3960 3999
f 3999 3960 3961
f 3999 3961 4000
f 4000 3961 3963
f 4000 3963 3965
f 3965 4001 4002
f 4002 4001 4003
f 4002 4003 4004
f 4004 4003 3031
f 4004 3031 3999
f 3999 3031 3033
f 3999 3033 3035
f 3706 3441 3708
f 3708 3441 3442
f 3708 3442 3710
f 3642 3254 3640
f 3640 3254 3252
f 3640 3252 3250
f 1235 1237 1513
f 1513 1237 4005
f 1513 4005 1511
f 1511 4005 1241
f 1511 1241 1243
f 91 3329 201
f 3974 3972 4006
f 4006 3972 3970
f 4006 3970 4007
f 4007 3970 4008
f 4007 4008 4009
f 4009 4008 3995
f 4009 3995 4010
f 4010 3995 3046
f 4010 3046 1662
f 1416 1414 1668
f 1668 1414 4011
f 1668 4011 1666
f 1666 4011 4012
f 1666 4012 1664
f 1664 4012 4010
f 1664 4010 1662
f 1527 3877 1525
f 1525 3877 3876
f 1525 3876 1523
f 1523 3876 3875
f 1523 3875 3873
f 3878 3879 4013
f 4013 3879 3880
f 4013 3880 3764
f 3764 3880 3765
f 212 210 4014
f 4014 210 4015
f 4014 4015 4016
f 4016 4015 4017
f 4016 4017 4018
f 4018 4017 4019
f 4018 4019 4020
f 4020 4019 3853
f 4020 3853 4021
f 4021 3853 3851
f 4021 3851 4022
f 4022 3851 2985
f 4022 2985 2828
f 2828 2985 2830
f 2948 2946 3500
f 3253 3998 3884
f 3042 3997 3040
f 3995 3044 3046
f 3959 3779 3781
f 3299 3297 4023
f 4023 3297 4024
f 4023 4024 4025
f 4025 4024 4026
f 4025 4026 1906
f 1906 4026 4027
f 1906 4027 1904
f 1904 4027 1858
f 1904 1858 1860
f 1855 4028 4029
f 4029 4028 4030
f 4029 4030 4031
f 4031 4030 4032
f 4031 4032 3332
f 3332 4032 3334
f 3332 3334 3333
f 3032 3030 3958
f 3958 3030 3028
f 3958 3028 3956
f 3956 3028 3026
f 3956 3026 3954
f 3954 3026 3024
f 3954 3024 3783
f 3717 3990 3716
f 1715 1717 3483
f 3483 1717 3485
f 3234 3412 3236
f 3236 3412 3410
f 3236 3410 4033
f 4033 3410 3408
f 4033 3408 3406
f 3610 3612 3609
f 3609 3612 3614
f 3609 3614 3607
f 3607 3614 4034
f 3607 4034 3605
f 3605 4034 4035
f 3605 4035 3604
f 3604 4035 3619
f 3604 3619 3620
f 3706 3440 3441
f 3833 3835 1238
f 1238 3835 4036
f 1238 4036 1240
f 1240 4036 4037
f 1240 4037 1242
f 1242 4037 1246
f 1242 1246 1244
f 4025 1906 4038
f 4038 1906 1908
f 4038 1908 4039
f 4039 1908 1910
f 4039 1910 4040
f 4040 1910 1912
f 4040 1912 4041
f 4041 1912 1914
f 4041 1914 3311
f 3311 1914 1916
f 3311 1916 3313
f 3696 3881 3695
f 3695 3881 3882
f 3695 3882 3694
f 4042 4043 2191
f 2191 4043 4044
f 2191 4044 4045
f 4045 4044 4043
f 4045 4043 4046
f 4046 4043 4042
f 4046 4042 4047
f 4047 4042 4048
f 4047 4048 4049
f 4049 4048 4050
f 4049 4050 4051
f 4051 4050 4052
f 4051 4052 4053
f 4053 4052 4054
f 4053 4054 4055
f 4055 4054 4056
f 4055 4056 4057
f 4057 4056 4058
f 4057 4058 4059
f 4059 4058 4060
f 4059 4060 4061
f 4061 4060 4054
f 4061 4054 4062
f 4062 4054 4063
f 4062 4063 4064
f 4064 4063 4065
f 4064 4065 2004
f 2004 4065 4066
f 2004 4066 2006
f 2006 4066 4067
f 2006 4067 2369
f 2369 4067 4068
f 2369 4068 4069
f 4069 4068 2175
f 4069 2175 4070
f 4070 2175 2173
f 4070 2173 2370
f 2370 2173 2371
f 1520 2680 1522
f 3949 3951 3842
f 3842 3951 3953
f 3842 3953 3843
f 2719 3952 2717
f 2717 3952 4071
f 2717 4071 2715
f 2715 4071 4072
f 2715 4072 2713
f 2713 4072 4073
f 2713 4073 2639
f 2639 4073 4074
f 2639 4074 2637
f 2637 4074 4075
f 2637 4075 2635
f 2635 4075 4076
f 2635 4076 4077
f 4077 4076 4078
f 4077 4078 4079
f 4079 4078 4080
f 4079 4080 4081
f 4081 4080 4082
f 4081 4082 4083
f 4083 4082 4084
f 4083 4084 4085
f 4085 4084 3934
f 4085 3934 3932
f 1516 1515 3079
f 3079 1515 1514
f 3079 1514 1512
f 3629 3628 3847
f 3847 3628 3239
f 3847 3239 3241
f 3700 3705 3698
f 3698 3705 3707
f 3698 3707 3709
f 4004 3999 4086
f 4086 3999 4000
f 4086 4000 4002
f 4002 4000 3965
f 4036 3837 4037
f 4037 3837 3839
f 4037 3839 1248
f 1248 3839 3841
f 1248 3841 1250
f 98 96 4087
f 4087 96 94
f 4087 94 4088
f 4088 94 4089
f 4088 4089 4090
f 4090 4089 4091
f 4090 4091 4092
f 4092 4091 86
f 4092 86 4093
f 4093 86 4094
f 4093 4094 4095
f 4095 4094 4096
f 4095 4096 4097
f 4097 4096 4098
f 4097 4098 4099
f 4099 4098 4100
f 4099 4100 4101
f 4101 4100 4102
f 4101 4102 4103
f 4103 4102 4104
f 4103 4104 4105
f 4105 4104 4106
f 4105 4106 4107
f 4107 4106 4108
f 4107 4108 4109
f 4109 4108 4110
f 4109 4110 4111
f 4111 4110 4112
f 4111 4112 4113
f 4113 4112 4114
f 4113 4114 4115
f 4115 4114 4116
f 4115 4116 4117
f 4117 4116 4118
f 4117 4118 4119
f 4119 4118 4120
f 4119 4120 4121
f 4121 4120 4122
f 4121 4122 4123
f 4123 4122 4124
f 4123 4124 4125
f 4125 4124 4126
f 4125 4126 4127
f 4127 4126 4128
f 4127 4128 4129
f 4129 4128 4130
f 4129 4130 4131
f 4131 4130 4132
f 4131 4132 4133
f 4133 4132 3905
f 4133 3905 3907
f 3025 3027 4003
f 4003 3027 3029
f 4003 3029 3031
f 1669 1667 3992
f 3992 1667 1665
f 3992 1665 3993
f 3993 1665 1663
f 3982 3978 3678
f 3678 3978 3979
f 3678 3979 4134
f 4134 3979 3676
f 4134 3676 3678
f 1237 1239 4005
f 4005 1239 1241
f 3471 4135 4136
f 4136 4135 4137
f 4136 4137 4138
f 4138 4137 2206
f 4138 2206 4139
f 4139 2206 3663
f 4139 3663 4140
f 4140 3663 3665
f 4140 3665 3474
f 3474 3665 3667
f 3474 3667 3476
f 3476 3667 3669
f 3476 3669 3478
f 3249 3883 3247
f 3247 3883 4141
f 3247 4141 3245
f 3245 4141 3883
f 3245 3883 3417
f 376 378 4142
f 4142 378 4143
f 4142 4143 4144
f 4144 4143 4145
f 4144 4145 4146
f 4146 4145 4147
f 4146 4147 4148
f 4148 4147 4149
f 4148 4149 4150
f 4150 4149 4151
f 4150 4151 4152
f 4152 4151 4153
f 4152 4153 4154
f 4154 4153 4155
f 4154 4155 4156
f 4156 4155 4157
f 4156 4157 4158
f 4158 4157 4159
f 4158 4159 4160
f 4160 4159 4161
f 4160 4161 4162
f 4162 4161 4163
f 4162 4163 4164
f 4164 4163 4165
f 4164 4165 4166
f 4166 4165 4167
f 4166 4167 4168
f 4168 4167 4169
f 4168 4169 4170
f 4170 4169 4171
f 4170 4171 4172
f 4172 4171 4173
f 4172 4173 4174
f 4174 4173 4175
f 4174 4175 4176
f 4176 4175 4177
f 4176 4177 4178
f 4178 4177 4179
f 4178 4179 4180
f 4180 4179 4181
f 4180 4181 4182
f 4182 4181 4183
f 4182 4183 4184
f 4184 4183 4185
f 4184 4185 4186
f 4186 4185 4187
f 4186 4187 4188
f 4188 4187 4189
f 4188 4189 4190
f 4190 4189 4191
f 4190 4191 4192
f 4192 4191 4193
f 4192 4193 4194
f 4194 4193 4195
f 4194 4195 4196
f 4196 4195 4197
f 4196 4197 4198
f 4198 4197 4199
f 4198 4199 4200
f 4200 4199 4201
f 4200 4201 4202
f 4202 4201 4203
f 4202 4203 4204
f 4204 4203 4205
f 4204 4205 4206
f 4206 4205 4207
f 4206 4207 4208
f 4208 4207 4209
f 4208 4209 4210
f 4210 4209 4211
f 4210 4211 4212
f 4212 4211 4213
f 4212 4213 4214
f 4214 4213 4215
f 4214 4215 4216
f 4216 4215 4217
f 4216 4217 4218
f 4218 4217 4219
f 4218 4219 4220
f 4220 4219 4221
f 4220 4221 4222
f 4222 4221 4223
f 4222 4223 4224
f 4224 4223 4225
f 4224 4225 4226
f 4226 4225 4227
f 4226 4227 4228
f 4228 4227 4229
f 4228 4229 4230
f 4230 4229 4231
f 4230 4231 4232
f 4232 4231 4233
f 4232 4233 4234
f 4234 4233 4235
f 4234 4235 4236
f 4236 4235 4237
f 4236 4237 4238
f 4238 4237 4239
f 4238 4239 4240
f 4240 4239 4241
f 4240 4241 4242
f 4242 4241 4243
f 4242 4243 4244
f 4244 4243 102
f 4244 102 4245
f 4245 102 100
f 4245 100 98
f 4090 4246 4247
f 4247 4246 4248
f 4247 4248 4249
f 4249 4248 4250
f 4249 4250 4251
f 4251 4250 4244
f 4251 4244 4252
f 4252 4244 4245
f 4252 4245 4253
f 4253 4245 98
f 4253 98 4087
f 2958 3469 2960
f 22 20 3341
f 3341 20 18
f 3341 18 16
f 3249 3251 3253
f 2184 3651 2182
f 2182 3651 3652
f 2182 3652 2180
f 4014 4016 4254
f 4254 4016 4255
f 4254 4255 4256
f 4256 4255 4257
f 4256 4257 2826
f 2826 4257 4022
f 2826 4022 2828
f 2303 3988 2301
f 2301 3988 3986
f 2301 3986 2299
f 2299 3986 3014
f 2299 3014 2297
f 3440 3703 3439
f 3439 3703 4258
f 3439 4258 2811
f 2811 4258 4259
f 2811 4259 4260
f 4260 4259 4261
f 4260 4261 4262
f 4262 4261 4263
f 4262 4263 4264
f 4264 4263 4265
f 4264 4265 2807
f 2807 4265 4266
f 2807 4266 4267
f 4267 4266 4268
f 4267 4268 4269
f 4269 4268 4270
f 4269 4270 4271
f 4271 4270 4272
f 4271 4272 4273
f 4273 4272 4274
f 4273 4274 4275
f 4275 4274 4276
f 4275 4276 4277
f 4277 4276 4278
f 4277 4278 4279
f 4279 4278 4280
f 4279 4280 2814
f 2814 4280 4281
f 2814 4281 4282
f 4282 4281 4283
f 4282 4283 4284
f 4284 4283 4285
f 4284 4285 4286
f 4286 4285 4287
f 4286 4287 4288
f 4288 4287 212
f 4288 212 4014
f 1855 4029 1857
f 1857 4029 4031
f 1857 4031 1859
f 1859 4031 3332
f 1248 1246 4037
f 3954 3955 3956
f 79 3780 77
f 77 3780 3778
f 77 3778 75
f 3178 3176 3180
f 3180 3176 4289
f 3180 4289 4290
f 4290 4289 4291
f 4290 4291 4292
f 4292 4291 4293
f 4292 4293 4294
f 4294 4293 4295
f 4294 4295 3196
f 3196 4295 4296
f 3196 4296 3198
f 3198 4296 4297
f 3198 4297 3984
f 3984 4297 4298
f 3984 4298 3983
f 3983 4298 3484
f 3983 3484 3486
f 2985 3851 2987
f 2895 3721 2897
f 3530 3532 4299
f 4299 3532 3534
f 4299 3534 4300
f 4300 3534 4301
f 4300 4301 4302
f 4302 4301 4303
f 4302 4303 4304
f 4304 4303 4305
f 4304 4305 4306
f 4306 4305 4307
f 4306 4307 4308
f 4308 4307 3542
f 4308 3542 4309
f 4309 3542 2648
f 4309 2648 2646
f 3700 3702 3705
f 3705 3702 3704
f 1354 1352 3582
f 3582 1352 4310
f 3582 4310 3985
f 3985 4310 1348
f 3985 1348 1346
f 1414 4311 4011
f 4011 4311 4007
f 4011 4007 4012
f 4012 4007 4009
f 4012 4009 4010
f 3995 4008 3996
f 3996 4008 3966
f 3996 3966 3964
f 3239 3628 3237
f 3237 3628 3627
f 1849 32 4312
f 4312 32 30
f 4312 30 4313
f 4313 30 28
f 4313 28 4314
f 4314 28 3336
f 4314 3336 3334
f 1851 1849 4028
f 4028 1849 4312
f 4028 4312 4030
f 4030 4312 4313
f 4030 4313 4032
f 4032 4313 4314
f 4032 4314 3334
f 4315 4316 4317
f 4317 4316 3755
f 4317 3755 4318
f 4318 3755 3753
f 4318 3753 4319
f 4319 3753 4320
f 4319 4320 4321
f 4321 4320 4322
f 4321 4322 4323
f 4323 4322 4324
f 4323 4324 4319
f 4319 4324 4325
f 4319 4325 4326
f 4326 4325 4327
f 4326 4327 4315
f 4315 4327 4328
f 4315 4328 4329
f 4329 4328 4330
f 4329 4330 4331
f 4331 4330 4332
f 4331 4332 4333
f 4333 4332 4334
f 4333 4334 4335
f 4335 4334 4336
f 4335 4336 3761
f 3761 4336 4013
f 3761 4013 3762
f 3762 4013 3764
f 3762 3764 3763
f 2940 3714 3425
f 3425 3714 3716
f 3425 3716 3427
f 1606 3671 1608
f 1608 3671 3672
f 1608 3672 1610
f 4091 4089 4337
f 4337 4089 94
f 4337 94 4338
f 4338 94 92
f 4338 92 90
f 81 83 3994
f 3994 83 85
f 3994 85 200
f 200 85 202
f 3020 3987 3022
f 3022 3987 3989
f 3022 3989 3784
f 85 87 202
f 202 87 89
f 90 88 4338
f 4338 88 4091
f 4338 4091 4337
f 4249 4251 4339
f 4339 4251 4252
f 4339 4252 4340
f 4340 4252 4253
f 4340 4253 4088
f 4088 4253 4087
f 4004 4086 4002
f 3616 3617 4034
f 4034 3617 3618
f 4034 3618 4035
f 4035 3618 3619
f 2944 2942 2946
f 3375 3373 4341
f 4341 3373 3685
f 4341 3685 4342
f 4342 3685 3683
f 4342 3683 4343
f 4343 3683 3681
f 4343 3681 4344
f 4344 3681 4345
f 4344 4345 4346
f 4346 4345 4347
f 4346 4347 4348
f 4348 4347 4345
f 4348 4345 4349
f 4349 4345 4350
f 4349 4350 4351
f 4351 4350 4352
f 4351 4352 4353
f 4353 4352 4354
f 4353 4354 4355
f 4355 4354 4356
f 4355 4356 4357
f 4357 4356 4358
f 4357 4358 4359
f 4359 4358 4360
f 4359 4360 4361
f 4361 4360 4362
f 4361 4362 4363
f 4363 4362 4364
f 4363 4364 1368
f 1368 4364 4365
f 1368 4365 4366
f 4366 4365 4367
f 4366 4367 2282
f 2282 4367 2284
f 3678 3980 3982
f 3981 3982 3980
f 3305 4368 3307
f 3307 4368 4040
f 3307 4040 3309
f 3309 4040 4041
f 3309 4041 3311
f 3512 3715 3510
f 3510 3715 4369
f 3510 4369 3508
f 3508 4369 4370
f 3508 4370 3506
f 3506 4370 2934
f 3506 2934 2932
f 3313 3317 3315
f 3703 3701 4258
f 4258 3701 4371
f 4258 4371 4259
f 4259 4371 3701
f 4259 3701 4372
f 4372 3701 4263
f 4372 4263 4261
f 4078 4076 4373
f 4373 4076 4075
f 4373 4075 3944
f 3944 4075 4374
f 3944 4374 3948
f 3948 4374 4375
f 3948 4375 3950
f 3950 4375 4071
f 3950 4071 3952
f 3773 3771 73
f 73 3771 4376
f 73 4376 71
f 71 4376 4377
f 71 4377 69
f 69 4377 4378
f 69 4378 4379
f 4379 4378 3769
f 4379 3769 3768
f 81 3994 79
f 2811 2812 3439
f 4070 2370 4069
f 2636 4380 2638
f 2638 4380 4304
f 2638 4304 2640
f 2640 4304 4306
f 2640 4306 2642
f 2642 4306 4308
f 2642 4308 2644
f 2644 4308 4309
f 2644 4309 2646
f 112 110 4381
f 4381 110 108
f 4381 108 4382
f 4382 108 4383
f 4382 4383 4241
f 4241 4383 104
f 4241 104 4243
f 4243 104 102
f 2184 3467 3651
f 3651 3467 3650
f 3374 3376 3378
f 3551 3549 3738
f 3738 3549 3548
f 4054 4052 4063
f 4063 4052 4384
f 4063 4384 4385
f 4385 4384 4386
f 4385 4386 4387
f 4387 4386 4388
f 4387 4388 4389
f 4389 4388 4390
f 4389 4390 4391
f 4391 4390 2177
f 4391 2177 4068
f 4068 2177 2175
f 4016 4018 4255
f 4255 4018 4392
f 4255 4392 4257
f 4257 4392 4021
f 4257 4021 4022
f 4288 4014 4393
f 4393 4014 4254
f 4393 4254 4394
f 4394 4254 4256
f 4394 4256 2824
f 2824 4256 2826
f 2369 4069 2370
f 3170 4395 4396
f 4396 4395 4397
f 4396 4397 4398
f 4398 4397 4399
f 4398 4399 4400
f 4400 4399 4401
f 4400 4401 4402
f 4402 4401 4403
f 4402 4403 4404
f 4404 4403 4405
f 4404 4405 4297
f 4297 4405 3481
f 4297 3481 4298
f 4298 3481 3482
f 4298 3482 3484
f 4003 4001 3025
f 3025 4001 4406
f 3025 4406 4407
f 4407 4406 4408
f 4407 4408 4409
f 4409 4408 4410
f 4409 4410 4411
f 4411 4410 4412
f 4411 4412 4413
f 4413 4412 4414
f 4413 4414 4415
f 4415 4414 4416
f 4415 4416 4417
f 4417 4416 4418
f 4417 4418 4419
f 4419 4418 4420
f 4419 4420 4421
f 4421 4420 4422
f 4421 4422 4423
f 4423 4422 4424
f 4423 4424 1384
f 1384 4424 4425
f 1384 4425 4426
f 4426 4425 4427
f 4426 4427 4428
f 4428 4427 4429
f 4428 4429 4430
f 4430 4429 4418
f 4430 4418 4431
f 4431 4418 4416
f 4431 4416 4432
f 4432 4416 4414
f 4432 4414 4412
f 3554 2937 3552
f 3552 2937 2939
f 3552 2939 3550
f 3550 2939 2943
f 3550 2943 2945
f 108 106 4383
f 4383 106 104
f 3297 3295 4433
f 4433 3295 1856
f 4433 1856 4027
f 4027 1856 1858
f 3864 3866 4434
f 4434 3866 3868
f 4434 3868 4435
f 4435 3868 4436
f 4435 4436 4437
f 4437 4436 3874
f 4437 3874 4438
f 4438 3874 4439
f 4438 4439 3852
f 3852 4439 3849
f 3852 3849 3850
f 3849 4439 3848
f 3701 3699 4263
f 4263 3699 4440
f 4263 4440 4441
f 4441 4440 3699
f 4441 3699 4442
f 4442 3699 3697
f 4442 3697 4443
f 4443 3697 111
f 4443 111 4444
f 4444 111 113
f 4444 113 4445
f 4445 113 4446
f 4445 4446 4447
f 4447 4446 4448
f 4447 4448 4449
f 4449 4448 4450
f 4449 4450 4451
f 4451 4450 137
f 4451 137 4452
f 4452 137 141
f 4452 141 143
f 2222 4453 4454
f 4454 4453 4455
f 4454 4455 4456
f 4456 4455 4457
f 4456 4457 4458
f 4458 4457 4459
f 4458 4459 4460
f 4460 4459 4461
f 4460 4461 4462
f 4462 4461 4463
f 4462 4463 4464
f 4464 4463 4465
f 4464 4465 4466
f 4466 4465 4467
f 4466 4467 4468
f 4468 4467 4469
f 4468 4469 4470
f 4470 4469 4471
f 4470 4471 4472
f 4472 4471 4473
f 4472 4473 4474
f 4474 4473 4475
f 4474 4475 4476
f 4476 4475 4477
f 4476 4477 4478
f 4478 4477 4479
f 4478 4479 4480
f 4480 4479 4481
f 4480 4481 4482
f 4482 4481 4483
f 4482 4483 4484
f 4484 4483 4485
f 4484 4485 4486
f 4486 4485 4487
f 4486 4487 4488
f 4488 4487 4489
f 4488 4489 4490
f 4490 4489 4491
f 4490 4491 4492
f 4492 4491 4493
f 4492 4493 4494
f 4494 4493 4495
f 4494 4495 4496
f 4496 4495 4497
f 4496 4497 4498
f 4498 4497 4499
f 4498 4499 3666
f 3666 4499 4500
f 3666 4500 3668
f 3668 4500 3316
f 3668 3316 3318
f 3874 3848 4439
f 3987 3020 3018
f 4345 4501 4350
f 4350 4501 4502
f 4350 4502 4503
f 4503 4502 3679
f 4503 3679 4504
f 4504 3679 3677
f 4504 3677 4505
f 4505 3677 3600
f 4505 3600 2296
f 4376 3771 4377
f 4377 3771 3770
f 4377 3770 4378
f 4378 3770 3769
f 3518 3204 3202
f 1671 1669 3991
f 3991 1669 3992
f 3842 3840 3949
f 3949 3840 4506
f 3949 4506 3947
f 3947 4506 4507
f 3947 4507 4508
f 4508 4507 4509
f 4508 4509 4510
f 4510 4509 3836
f 4510 3836 4511
f 4511 3836 3834
f 4511 3834 4512
f 4512 3834 3832
f 4512 3832 3830
f 4249 4339 4247
f 4247 4339 4340
f 4247 4340 4090
f 4090 4340 4088
f 4091 88 86
f 4288 4393 4513
f 4513 4393 4514
f 4513 4514 4515
f 4515 4514 4394
f 4515 4394 2822
f 2822 4394 2824
f 4075 4074 4374
f 4374 4074 4073
f 4374 4073 4375
f 4375 4073 4072
f 4375 4072 4071
f 4019 4516 3857
f 3857 4516 4517
f 3857 4517 4518
f 4518 4517 4519
f 4518 4519 4520
f 4520 4519 4521
f 4520 4521 4522
f 4522 4521 4523
f 4522 4523 4524
f 4524 4523 4525
f 4524 4525 4526
f 4526 4525 4527
f 4526 4527 4528
f 4528 4527 4529
f 4528 4529 4530
f 4530 4529 4531
f 4530 4531 4532
f 4532 4531 4533
f 4532 4533 4534
f 4534 4533 4535
f 4534 4535 4536
f 4536 4535 4537
f 4536 4537 4538
f 4538 4537 4539
f 4538 4539 4540
f 4540 4539 4541
f 4540 4541 4542
f 4542 4541 4543
f 4542 4543 3867
f 3867 4543 4544
f 3867 4544 3869
f 3869 4544 4545
f 3869 4545 3871
f 3871 4545 4546
f 3871 4546 3873
f 3873 4546 1521
f 3873 1521 1523
f 26 3336 28
f 3197 3199 4332
f 4332 3199 3203
f 4332 3203 4334
f 4334 3203 3878
f 4334 3878 4336
f 4336 3878 4013
f 4431 4547 4548
f 4548 4547 4549
f 4548 4549 4550
f 4550 4549 4551
f 4550 4551 4552
f 4552 4551 4553
f 4552 4553 4554
f 4554 4553 4555
f 4554 4555 4556
f 4556 4555 4557
f 4556 4557 3967
f 3967 4557 4001
f 3967 4001 3965
f 4261 4259 4372
f 4042 2189 4048
f 4048 2189 2187
f 4048 2187 4558
f 4558 2187 2185
f 4558 2185 4559
f 4559 2185 2183
f 4559 2183 4390
f 4390 2183 2181
f 4390 2181 2179
f 2177 4390 2179
f 2811 4260 2809
f 2809 4260 4262
f 2809 4262 4264
f 3970 3968 4008
f 4008 3968 3966
f 2822 2820 4515
f 4515 2820 2818
f 4515 2818 4560
f 4560 2818 4284
f 4560 4284 4286
f 4038 4039 4025
f 4025 4039 4368
f 4025 4368 4561
f 4561 4368 3303
f 4561 3303 3301
f 1352 1350 4310
f 4310 1350 1348
f 111 3697 109
f 4039 4040 4368
f 3632 3389 4562
f 4562 3389 4563
f 4562 4563 4564
f 4564 4563 4565
f 4564 4565 4566
f 4566 4565 4567
f 4566 4567 4568
f 4568 4567 1673
f 4568 1673 4569
f 4569 1673 3641
f 4569 3641 3639
f 2941 2943 2939
f 1233 1517 4570
f 4570 1517 1519
f 4570 1519 4571
f 4571 1519 1521
f 4571 1521 4572
f 4572 1521 4573
f 4572 4573 4574
f 4574 4573 4545
f 4574 4545 4575
f 4575 4545 4576
f 4575 4576 4577
f 4577 4576 4578
f 4577 4578 4579
f 4579 4578 4543
f 4579 4543 4580
f 4580 4543 4541
f 4580 4541 4539
f 2936 4370 2938
f 2938 4370 4369
f 2938 4369 3715
f 2639 2641 2713
f 2713 2641 2643
f 3402 3238 4581
f 4581 3238 3236
f 4581 3236 4033
f 4487 4483 4582
f 4582 4483 4583
f 4582 4583 4584
f 4584 4583 4479
f 4584 4479 4585
f 4585 4479 4586
f 4585 4586 4587
f 4587 4586 4588
f 4587 4588 4589
f 4589 4588 4590
f 4589 4590 4591
f 4591 4590 4592
f 4591 4592 4593
f 4593 4592 4594
f 4593 4594 4595
f 4595 4594 4596
f 4595 4596 4597
f 4597 4596 4598
f 4597 4598 4599
f 4599 4598 4600
f 4599 4600 4601
f 4601 4600 4602
f 4601 4602 4603
f 4603 4602 4604
f 4603 4604 4605
f 4605 4604 4606
f 4605 4606 4607
f 4607 4606 4608
f 4607 4608 4609
f 4609 4608 4610
f 4609 4610 4611
f 4611 4610 4612
f 4611 4612 4491
f 4491 4612 4613
f 4491 4613 4493
f 4493 4613 4614
f 4493 4614 4615
f 4615 4614 3308
f 4615 3308 4616
f 4616 3308 3310
f 4616 3310 3312
f 4499 4497 4617
f 4617 4497 4618
f 4617 4618 3314
f 3314 4618 4616
f 3314 4616 3312
f 2810 2808 2802
f 2802 2808 2806
f 2802 2806 2804
f 2281 4619 4620
f 4620 4619 4621
f 4620 4621 4622
f 4622 4621 4623
f 4622 4623 4624
f 4624 4623 4625
f 4624 4625 4626
f 4626 4625 4627
f 4626 4627 4628
f 4628 4627 4629
f 4628 4629 4411
f 4411 4629 4630
f 4411 4630 4631
f 4631 4630 4632
f 4631 4632 4633
f 4633 4632 4634
f 4633 4634 4635
f 4635 4634 3023
f 4635 3023 3025
f 4411 4631 4409
f 4409 4631 4633
f 4409 4633 4407
f 4407 4633 4635
f 4407 4635 3025
f 3631 4636 4637
f 4637 4636 4638
f 4637 4638 4639
f 4639 4638 3637
f 4639 3637 3246
f 3246 3637 4640
f 3246 4640 3248
f 3248 4640 3637
f 3248 3637 3250
f 4344 4346 4641
f 4641 4346 4642
f 4641 4642 4643
f 4643 4642 3377
f 4643 3377 4341
f 4341 3377 3375
f 4018 4020 4392
f 4392 4020 4021
f 4095 4228 4093
f 4093 4228 4230
f 4093 4230 4246
f 4246 4230 4232
f 4246 4232 4248
f 4248 4232 4234
f 4248 4234 4250
f 4250 4234 4644
f 4250 4644 4645
f 4645 4644 4646
f 4645 4646 4647
f 4647 4646 4242
f 4647 4242 4244
f 4647 4244 4645
f 4645 4244 4250
f 2809 4264 2807
f 4343 4641 4342
f 4342 4641 4643
f 4342 4643 4341
f 3297 4433 4024
f 4024 4433 4027
f 4024 4027 4026
f 4545 4573 4546
f 4546 4573 1521
f 4443 4444 4648
f 4648 4444 4649
f 4648 4649 4650
f 4650 4649 4651
f 4650 4651 4652
f 4652 4651 4653
f 4652 4653 4654
f 4654 4653 4655
f 4654 4655 4441
f 4441 4655 4263
f 4268 4266 4655
f 4655 4266 4265
f 4655 4265 4263
f 4632 4656 4657
f 4657 4656 2293
f 4657 2293 3015
f 3015 2293 2295
f 3015 2295 2297
f 4441 4442 4658
f 4658 4442 4648
f 4658 4648 4654
f 4654 4648 4650
f 4654 4650 4652
f 4442 4443 4648
f 3835 3837 4036
f 3860 3862 3858
f 3858 3862 4659
f 3858 4659 3856
f 3856 4659 4437
f 3856 4437 3854
f 3854 4437 4438
f 3854 4438 3852
f 4093 4246 4092
f 4092 4246 4090
f 1231 1233 4660
f 4660 1233 4570
f 4660 4570 4574
f 4574 4570 4571
f 4574 4571 4572
f 1226 3827 4661
f 4661 3827 3829
f 4661 3829 4662
f 4662 3829 3831
f 4662 3831 4663
f 4663 3831 3833
f 4663 3833 4664
f 4664 3833 1238
f 4664 1238 1236
f 3017 3019 4634
f 4634 3019 3021
f 4634 3021 3023
f 4515 4560 4513
f 4513 4560 4286
f 4513 4286 4288
f 4514 4393 4394
f 2284 4367 4665
f 4665 4367 4666
f 4665 4666 2286
f 2286 4666 4667
f 2286 4667 4668
f 4668 4667 4356
f 4668 4356 4669
f 4669 4356 4670
f 4669 4670 4671
f 4671 4670 4672
f 4671 4672 2292
f 2292 4672 4673
f 2292 4673 2294
f 2294 4673 4505
f 2294 4505 2296
f 3246 3244 4639
f 4639 3244 3394
f 4639 3394 4637
f 4637 3394 3392
f 4637 3392 3391
f 1230 4663 1234
f 1234 4663 4664
f 1234 4664 1236
f 3471 3470 4135
f 4135 3470 3468
f 4135 3468 4674
f 4674 3468 4675
f 4674 4675 4676
f 4676 4675 2188
f 4676 2188 2190
f 4140 3472 4677
f 4677 3472 3471
f 4677 3471 4136
f 3868 3870 4436
f 4436 3870 3872
f 4436 3872 3874
f 4568 4569 4678
f 4678 4569 3639
f 4678 3639 4566
f 4566 3639 4679
f 4566 4679 4564
f 4564 4679 3632
f 4564 3632 4562
f 3634 4679 4680
f 4680 4679 3639
f 4680 3639 3638
f 4654 4441 4658
f 2814 4282 2816
f 2816 4282 4284
f 2816 4284 2818
f 2184 2186 3466
f 3466 2186 4675
f 3466 4675 3468
f 3474 3472 4140
f 4555 4408 4557
f 4557 4408 4406
f 4557 4406 4001
f 1700 1702 4681
f 4681 1702 4682
f 4681 4682 4683
f 4683 4682 4684
f 4683 4684 4685
f 4685 4684 4686
f 4685 4686 4397
f 4397 4686 4687
f 4397 4687 4399
f 4399 4687 1708
f 4399 1708 4401
f 4401 1708 1710
f 4401 1710 4403
f 4403 1710 1711
f 4403 1711 4405
f 4405 1711 3481
f 3551 3737 3553
f 3553 3737 3736
f 3553 3736 3555
f 3555 3736 3734
f 3555 3734 3732
f 3857 3855 4019
f 4019 3855 3853
f 3631 3633 4636
f 4636 3633 3635
f 4636 3635 4638
f 4638 3635 3637
f 4273 4275 2803
f 2803 4275 4688
f 2803 4688 2801
f 2801 4688 4279
f 2801 4279 2814
f 4303 4301 4305
f 4305 4301 3538
f 4305 3538 4307
f 4307 3538 3540
f 4307 3540 3542
f 3314 3316 4617
f 4617 3316 4500
f 4617 4500 4499
f 4632 4657 4634
f 4634 4657 3015
f 4634 3015 3017
f 3404 3402 3406
f 3406 3402 4581
f 3406 4581 4033
f 4025 4561 4023
f 4023 4561 3301
f 4023 3301 3299
f 4680 3638 3634
f 3634 3638 3636
f 23 4689 21
f 21 4689 3766
f 21 3766 19
f 3836 4509 3838
f 3838 4509 4507
f 3838 4507 3840
f 3840 4507 4506
f 1701 3405 4690
f 4690 3405 3407
f 4690 3407 4691
f 4691 3407 3409
f 4691 3409 3670
f 4273 2803 4692
f 4692 2803 4693
f 4692 4693 4269
f 4269 4693 2805
f 4269 2805 4267
f 4267 2805 2807
f 4381 4382 4694
f 4694 4382 4695
f 4694 4695 4696
f 4696 4695 4697
f 4696 4697 4698
f 4698 4697 4699
f 4698 4699 4700
f 4700 4699 4701
f 4700 4701 4702
f 4702 4701 4703
f 4702 4703 4704
f 4704 4703 4705
f 4704 4705 4706
f 4706 4705 4707
f 4706 4707 4708
f 4708 4707 4709
f 4708 4709 4710
f 4710 4709 4711
f 4710 4711 4712
f 4712 4711 4713
f 4712 4713 4714
f 4714 4713 4209
f 4714 4209 4207
f 4698 4715 4696
f 4696 4715 114
f 4696 114 4694
f 4694 114 112
f 4694 112 4381
f 4391 4068 4389
f 4389 4068 4067
f 4389 4067 4387
f 4387 4067 4066
f 4387 4066 4385
f 4385 4066 4065
f 4385 4065 4063
f 4240 4242 4238
f 4238 4242 4646
f 4238 4646 4236
f 4236 4646 4644
f 4236 4644 4234
f 1414 1412 4311
f 4311 1412 4006
f 4311 4006 4007
f 23 25 4689
f 4689 25 57
f 4689 57 59
f 4223 4221 4716
f 4716 4221 4717
f 4716 4717 4718
f 4718 4717 4719
f 4718 4719 4720
f 4720 4719 4721
f 4720 4721 4722
f 4722 4721 4723
f 4722 4723 4724
f 4724 4723 4725
f 4724 4725 4726
f 4726 4725 4727
f 4726 4727 4728
f 4728 4727 4729
f 4728 4729 4241
f 4241 4729 4382
f 4229 4730 4231
f 4231 4730 4731
f 4231 4731 4233
f 4233 4731 4732
f 4233 4732 4235
f 4235 4732 4726
f 4235 4726 4237
f 4237 4726 4733
f 4237 4733 4239
f 4239 4733 4728
f 4239 4728 4241
f 1396 1394 4734
f 4734 1394 1392
f 4734 1392 4735
f 4735 1392 1390
f 4735 1390 4736
f 4736 1390 4737
f 4736 4737 4738
f 4738 4737 4739
f 4738 4739 4740
f 4740 4739 4741
f 4740 4741 4742
f 4742 4741 4743
f 4742 4743 4744
f 4744 4743 4745
f 4744 4745 4746
f 4746 4745 4556
f 4746 4556 3969
f 3969 4556 3967
f 2922 2001 3611
f 3611 2001 2003
f 3611 2003 3613
f 3613 2003 2005
f 3613 2005 3615
f 3615 2005 2007
f 3615 2007 2009
f 4098 4096 4747
f 4747 4096 4748
f 4747 4748 4749
f 4749 4748 4750
f 4749 4750 4751
f 4751 4750 4752
f 4751 4752 4753
f 4753 4752 80
f 4753 80 78
f 78 76 4753
f 4753 76 4754
f 4753 4754 4755
f 4755 4754 4756
f 4755 4756 4757
f 4757 4756 4758
f 4757 4758 4759
f 4759 4758 4760
f 4759 4760 4761
f 4761 4760 4762
f 4761 4762 4763
f 4763 4762 4764
f 4763 4764 4765
f 4765 4764 4766
f 4765 4766 4767
f 4767 4766 4768
f 4767 4768 4769
f 4769 4768 4770
f 4769 4770 4771
f 4771 4770 4772
f 4771 4772 4773
f 4773 4772 4774
f 4773 4774 4775
f 4775 4774 4776
f 4775 4776 4777
f 4777 4776 4778
f 4777 4778 4779
f 4779 4778 4780
f 4779 4780 4781
f 4781 4780 4782
f 4781 4782 4783
f 4783 4782 4784
f 4783 4784 4785
f 4785 4784 48
f 4785 48 46
f 2805 4693 2803
f 3582 3380 1354
f 4641 4343 4344
f 1360 1358 4786
f 4786 1358 4787
f 4786 4787 4788
f 4788 4787 3379
f 4788 3379 4642
f 4642 3379 3377
f 3240 3238 3400
f 3238 3402 3400
f 4444 4445 4649
f 4649 4445 4789
f 4649 4789 4790
f 4790 4789 4791
f 4790 4791 4792
f 4792 4791 4451
f 4792 4451 4793
f 4793 4451 4452
f 4793 4452 143
f 4566 4568 4678
f 4709 4707 4794
f 4794 4707 4705
f 4794 4705 4795
f 4795 4705 4703
f 4795 4703 4723
f 4723 4703 4701
f 4723 4701 4725
f 4725 4701 4796
f 4725 4796 4797
f 4797 4796 4695
f 4797 4695 4729
f 4729 4695 4382
f 1232 1230 1234
f 4752 4748 82
f 82 4748 4798
f 82 4798 84
f 84 4798 4094
f 84 4094 86
f 2006 2369 2008
f 3509 3507 3606
f 3606 3507 3505
f 3606 3505 3608
f 3608 3505 2930
f 3608 2930 2928
f 222 4799 4800
f 4800 4799 4280
f 4800 4280 4801
f 4801 4280 4278
f 4801 4278 4802
f 4802 4278 4276
f 4802 4276 4803
f 4803 4276 4274
f 4803 4274 4804
f 4804 4274 4805
f 4804 4805 4806
f 4806 4805 4807
f 4806 4807 4808
f 4808 4807 4809
f 4808 4809 151
f 151 4809 4810
f 151 4810 149
f 149 4810 4270
f 149 4270 147
f 147 4270 4268
f 147 4268 4811
f 4811 4268 4655
f 4811 4655 4653
f 4275 4277 4688
f 4279 4688 4277
f 72 4756 74
f 74 4756 4754
f 74 4754 76
f 1676 1678 4812
f 4812 1678 4813
f 4812 4813 4814
f 4814 4813 1416
f 4814 1416 4815
f 4815 1416 1668
f 4815 1668 4816
f 4816 1668 1670
f 4816 1670 4817
f 4817 1670 1672
f 4817 1672 1674
f 4315 4329 4316
f 4316 4329 4331
f 4316 4331 3759
f 3759 4331 4333
f 3759 4333 4818
f 4818 4333 4335
f 4818 4335 3760
f 3760 4335 3761
f 4345 3681 4501
f 4501 3681 3679
f 4501 3679 4502
f 1673 4567 1675
f 1675 4567 4565
f 1675 4565 1677
f 1677 4565 4563
f 1677 4563 1679
f 1679 4563 3389
f 1679 3389 1680
f 3295 1854 1856
f 4354 4503 4672
f 4672 4503 4504
f 4672 4504 4505
f 1851 4028 1853
f 1853 4028 1855
f 4273 4692 4271
f 4271 4692 4269
f 4368 3305 3303
f 80 4752 82
f 1227 1229 4575
f 4575 1229 4660
f 4575 4660 4574
f 3203 3199 3201
f 3394 3244 3396
f 3396 3244 3242
f 4673 4672 4505
f 4384 4050 4386
f 4386 4050 4819
f 4386 4819 4388
f 4388 4819 4559
f 4388 4559 4390
f 67 4379 65
f 65 4379 3768
f 65 3768 3767
f 4034 3614 3616
f 143 145 4793
f 4793 145 4820
f 4793 4820 4792
f 4792 4820 4821
f 4792 4821 4790
f 4790 4821 4822
f 4790 4822 4649
f 4649 4822 4651
f 4616 4618 4615
f 4615 4618 4495
f 4615 4495 4493
f 4822 4821 4651
f 4651 4821 4823
f 4651 4823 4653
f 4653 4823 4824
f 4653 4824 4811
f 4811 4824 145
f 4811 145 147
f 117 4448 115
f 115 4448 4446
f 115 4446 113
f 4725 4797 4727
f 4727 4797 4729
f 3969 3971 4825
f 4825 3971 3973
f 4825 3973 4826
f 4826 3973 3975
f 4826 3975 4827
f 4827 3975 3977
f 4827 3977 4828
f 4828 3977 1410
f 4828 1410 1408
f 4735 4736 4829
f 4829 4736 4738
f 4829 4738 4830
f 4830 4738 4831
f 4830 4831 4826
f 4826 4831 4832
f 4826 4832 4825
f 4825 4832 4746
f 4825 4746 3969
f 3174 3172 4289
f 4289 3172 4396
f 4289 4396 4833
f 4833 4396 4398
f 4833 4398 4834
f 4834 4398 4400
f 4834 4400 4293
f 4293 4400 4402
f 4293 4402 4295
f 4295 4402 4404
f 4295 4404 4296
f 4296 4404 4297
f 4659 3862 4835
f 4835 3862 3864
f 4835 3864 4836
f 4836 3864 4434
f 4836 4434 4437
f 4437 4434 4435
f 4835 4836 4659
f 4659 4836 4437
f 4642 4346 4788
f 4788 4346 4348
f 4788 4348 4837
f 4837 4348 4349
f 4837 4349 4838
f 4838 4349 4353
f 4838 4353 4839
f 4839 4353 4355
f 4839 4355 4357
f 4136 4138 4677
f 4677 4138 4139
f 4677 4139 4140
f 1674 1676 4817
f 4817 1676 4812
f 4817 4812 4816
f 4816 4812 4814
f 4816 4814 4815
f 4679 3634 3632
f 1701 4690 1703
f 1703 4690 4691
f 1703 4691 1705
f 1705 4691 3670
f 1705 3670 1707
f 4451 4791 4449
f 4449 4791 4840
f 4449 4840 4447
f 4447 4840 4841
f 4447 4841 4445
f 4445 4841 4789
f 4760 4758 70
f 70 4758 4756
f 70 4756 72
f 4660 1229 1231
f 3766 4689 59
f 4823 4821 4824
f 4824 4821 4820
f 4824 4820 145
f 3974 4006 3976
f 3976 4006 1412
f 4019 4017 4516
f 4516 4017 4842
f 4516 4842 4517
f 4517 4842 4843
f 4517 4843 4844
f 4844 4843 4845
f 4844 4845 4846
f 4846 4845 4847
f 4846 4847 4848
f 4848 4847 4849
f 4848 4849 4850
f 4850 4849 206
f 4850 206 204
f 69 4379 67
f 4807 4805 4809
f 4809 4805 4851
f 4809 4851 4810
f 4810 4851 4272
f 4810 4272 4270
f 4805 4274 4851
f 4851 4274 4272
f 2190 2192 4852
f 4852 2192 4853
f 4852 4853 4676
f 4676 4853 4854
f 4676 4854 4674
f 4674 4854 4135
f 2198 2200 4855
f 4855 2200 2202
f 4855 2202 4853
f 4853 2202 4856
f 4853 4856 4854
f 4854 4856 4137
f 4854 4137 4135
f 3944 3948 3946
f 4543 4578 4544
f 4544 4578 4576
f 4544 4576 4545
f 4370 2936 2934
f 4796 4857 4695
f 4695 4857 4699
f 4695 4699 4697
f 4728 4733 4726
f 4606 4858 4859
f 4859 4858 4860
f 4859 4860 4861
f 4861 4860 4862
f 4861 4862 4863
f 4863 4862 3302
f 4863 3302 4864
f 4864 3302 4865
f 4864 4865 4866
f 4866 4865 3306
f 4866 3306 3308
f 3308 4614 4866
f 4866 4614 4613
f 4866 4613 4864
f 4864 4613 4612
f 4864 4612 4610
f 4791 4789 4840
f 4840 4789 4841
f 1693 1691 4867
f 4867 1691 1689
f 4867 1689 4868
f 4868 1689 4869
f 4868 4869 4870
f 4870 4869 3397
f 4870 3397 3399
f 3399 3397 3398
f 2186 2188 4675
f 4094 4798 4096
f 4096 4798 4748
f 4050 4048 4819
f 4819 4048 4558
f 4819 4558 4559
f 4354 4352 4503
f 4503 4352 4350
f 1991 4871 4872
f 4872 4871 4873
f 4872 4873 1455
f 1455 4873 4874
f 1455 4874 1453
f 1453 4874 4875
f 1453 4875 4876
f 4876 4875 4877
f 4876 4877 4878
f 4878 4877 4879
f 4878 4879 4880
f 4880 4879 4881
f 4880 4881 4878
f 4878 4881 4882
f 4878 4882 4883
f 4883 4882 2927
f 4883 2927 4884
f 4884 2927 2929
f 4884 2929 4885
f 4885 2929 2931
f 4885 2931 4886
f 4886 2931 2933
f 4886 2933 4887
f 4887 2933 2935
f 4887 2935 3556
f 3556 2935 2937
f 3556 2937 3554
f 3567 3565 4888
f 4888 3565 3563
f 4888 3563 4889
f 4889 3563 4890
f 4889 4890 4891
f 4891 4890 3559
f 4891 3559 4892
f 4892 3559 3731
f 4892 3731 4893
f 4893 3731 3733
f 4893 3733 4894
f 4894 3733 3735
f 4894 3735 1355
f 1355 3735 1353
f 1358 1356 4787
f 4787 1356 3379
f 61 63 3767
f 3767 63 65
f 2293 4656 2291
f 2291 4656 4895
f 2291 4895 2289
f 2289 4895 4629
f 2289 4629 4896
f 4896 4629 4627
f 4896 4627 4897
f 4897 4627 4625
f 4897 4625 4623
f 116 114 4898
f 4898 114 4715
f 4898 4715 4899
f 4899 4715 4900
f 4899 4900 4901
f 4901 4900 4902
f 4901 4902 4903
f 4903 4902 126
f 4903 126 124
f 4549 4904 4551
f 4551 4904 4410
f 4551 4410 4553
f 4553 4410 4408
f 4553 4408 4555
f 4777 4905 4775
f 4775 4905 4906
f 4775 4906 4907
f 4907 4906 4908
f 4907 4908 4909
f 4909 4908 4910
f 4909 4910 4911
f 4911 4910 4912
f 4911 4912 4913
f 4913 4912 4914
f 4913 4914 4915
f 4915 4914 4916
f 4915 4916 4917
f 4917 4916 4918
f 4917 4918 4919
f 4919 4918 4920
f 4919 4920 4921
f 4921 4920 4922
f 4921 4922 4923
f 4923 4922 4924
f 4923 4924 4925
f 4925 4924 4926
f 4925 4926 4927
f 4927 4926 4928
f 4927 4928 4929
f 4929 4928 4930
f 4929 4930 4757
f 4757 4930 4931
f 4757 4931 4755
f 4755 4931 4751
f 4755 4751 4753
f 3666 3664 4932
f 4932 3664 2210
f 4932 2210 4933
f 4933 2210 2212
f 4933 2212 4934
f 4934 2212 4935
f 4934 4935 4936
f 4936 4935 4937
f 4936 4937 4938
f 4938 4937 4939
f 4938 4939 4940
f 4940 4939 4484
f 4940 4484 4941
f 4941 4484 4486
f 4941 4486 4942
f 4942 4486 4492
f 4942 4492 4494
f 3666 4932 4498
f 4498 4932 4933
f 4498 4933 4934
f 4774 4772 4943
f 4943 4772 4944
f 4943 4944 4945
f 4945 4944 4768
f 4945 4768 62
f 62 4768 4766
f 62 4766 64
f 64 4766 4764
f 64 4764 66
f 66 4764 4762
f 66 4762 68
f 68 4762 4760
f 68 4760 70
f 3939 3941 4946
f 4946 3941 3943
f 4946 3943 4508
f 4508 3943 3945
f 4508 3945 3947
f 4661 4662 1228
f 1228 4662 4663
f 1228 4663 1230
f 4428 4430 4739
f 4739 4430 4548
f 4739 4548 4741
f 4741 4548 4552
f 4741 4552 4743
f 4743 4552 4554
f 4743 4554 4745
f 4745 4554 4556
f 4280 4799 4281
f 4281 4799 220
f 4281 220 4283
f 4283 220 4947
f 4283 4947 4285
f 4285 4947 216
f 4285 216 4287
f 4287 216 214
f 4287 214 212
f 4870 3399 4948
f 4948 3399 3401
f 4948 3401 4949
f 4949 3401 3403
f 4949 3403 1697
f 1697 3403 1699
f 4618 4497 4495
f 4629 4895 4630
f 4630 4895 4656
f 4630 4656 4632
f 4845 4843 4950
f 4950 4843 4842
f 4950 4842 4951
f 4951 4842 4017
f 4951 4017 4015
f 4903 124 4952
f 4952 124 122
f 4952 122 4899
f 4899 122 120
f 4899 120 4898
f 4898 120 118
f 4898 118 116
f 56 55 58
f 58 55 4953
f 58 4953 4954
f 4954 4953 4955
f 4954 4955 4956
f 4956 4955 53
f 4956 53 4957
f 4957 53 52
f 4957 52 51
f 4750 4748 4752
f 3759 4818 3760
f 4575 4577 1227
f 1227 4577 4958
f 1227 4958 1225
f 1225 4958 4959
f 1225 4959 1223
f 1223 4959 4960
f 1223 4960 1221
f 1221 4960 4961
f 1221 4961 4962
f 4962 4961 4963
f 4962 4963 4964
f 4964 4963 4539
f 4964 4539 4537
f 1678 1420 4813
f 4813 1420 1418
f 4813 1418 1416
f 4716 4718 4965
f 4965 4718 4720
f 4965 4720 4731
f 4731 4720 4722
f 4731 4722 4732
f 4732 4722 4724
f 4732 4724 4726
f 4528 4532 4966
f 4966 4532 4967
f 4966 4967 4522
f 4522 4967 4968
f 4522 4968 4520
f 4520 4968 3861
f 4520 3861 4518
f 4518 3861 3859
f 4518 3859 3857
f 137 4450 4969
f 4969 4450 4970
f 4969 4970 4971
f 4971 4970 4972
f 4971 4972 121
f 121 4972 4970
f 121 4970 119
f 119 4970 4448
f 119 4448 117
f 4950 4951 208
f 208 4951 4015
f 208 4015 210
f 3631 4637 3391
f 4672 4670 4354
f 4738 4740 4831
f 4831 4740 4742
f 4831 4742 4832
f 4832 4742 4744
f 4832 4744 4746
f 1413 1415 4973
f 4973 1415 1417
f 4973 1417 4974
f 4974 1417 1419
f 4974 1419 4975
f 4975 1419 1421
f 4975 1421 4976
f 4976 1421 1423
f 4976 1423 4977
f 4977 1423 1425
f 4977 1425 1427
f 1429 1433 4978
f 4978 1433 1435
f 4978 1435 4979
f 4979 1435 4980
f 4979 4980 4981
f 4981 4980 4982
f 4981 4982 4983
f 4983 4982 1401
f 4983 1401 4984
f 4984 1401 1403
f 4984 1403 4985
f 4985 1403 1405
f 4985 1405 4986
f 4986 1405 4987
f 4986 4987 4973
f 4973 4987 1411
f 4973 1411 1413
f 4796 4701 4857
f 4699 4857 4701
f 3505 2932 2930
f 4448 4970 4450
f 3302 3304 4865
f 4865 3304 3306
f 159 4988 4989
f 4989 4988 234
f 4989 234 4990
f 4990 234 4991
f 4990 4991 4992
f 4992 4991 4993
f 4992 4993 4994
f 4994 4993 4803
f 4994 4803 4804
f 230 228 4995
f 4995 228 226
f 4995 226 4996
f 4996 226 4997
f 4996 4997 4993
f 4993 4997 4802
f 4993 4802 4803
f 220 218 4947
f 216 4947 218
f 159 4989 4998
f 4998 4989 4990
f 4998 4990 4999
f 4999 4990 4992
f 4999 4992 5000
f 5000 4992 4994
f 5000 4994 5001
f 5001 4994 4804
f 5001 4804 4806
f 151 5002 5003
f 5003 5002 5000
f 5003 5000 4808
f 4808 5000 5001
f 4808 5001 4806
f 4669 4671 4668
f 4668 4671 2292
f 4668 2292 2290
f 222 220 4799
f 4698 4700 4715
f 4715 4700 5004
f 4715 5004 4900
f 4900 5004 5005
f 4900 5005 4902
f 4902 5005 4704
f 4902 4704 5006
f 5006 4704 4706
f 5006 4706 5007
f 5007 4706 4708
f 5007 4708 5008
f 5008 4708 4710
f 5008 4710 4712
f 55 54 4953
f 4953 54 53
f 4953 53 4955
f 4788 4837 4786
f 4786 4837 5009
f 4786 5009 5010
f 5010 5009 5011
f 5010 5011 5012
f 5012 5011 4361
f 5012 4361 1366
f 1366 4361 4363
f 1366 4363 1368
f 4299 4300 5013
f 5013 4300 4302
f 5013 4302 5014
f 5014 4302 4304
f 5014 4304 4380
f 3534 3536 4301
f 4301 3536 3538
f 3189 3191 4328
f 4328 3191 3193
f 4328 3193 4330
f 4330 3193 5015
f 4330 5015 4332
f 4332 5015 3197
f 2210 3664 2208
f 4349 4351 4353
f 2206 4137 2204
f 2204 4137 4856
f 2204 4856 2202
f 151 5003 4808
f 1689 1687 4869
f 4869 1687 5016
f 4869 5016 3397
f 3397 5016 3395
f 3933 3935 5017
f 5017 3935 5018
f 5017 5018 5019
f 5019 5018 5020
f 5019 5020 5021
f 5021 5020 5022
f 5021 5022 5023
f 5023 5022 5024
f 5023 5024 5025
f 5025 5024 5026
f 5025 5026 3828
f 3828 5026 5027
f 3828 5027 3830
f 3830 5027 5028
f 3830 5028 4512
f 4512 5028 5029
f 4512 5029 4511
f 4511 5029 4510
f 146 144 5030
f 5030 144 142
f 5030 142 140
f 5007 5031 5006
f 5006 5031 5032
f 5006 5032 5033
f 5033 5032 5034
f 5033 5034 128
f 128 5034 5035
f 128 5035 5036
f 5036 5035 5037
f 5036 5037 5038
f 5038 5037 5039
f 5038 5039 132
f 132 5039 5040
f 132 5040 134
f 134 5040 5041
f 134 5041 5042
f 5042 5041 5043
f 5042 5043 5044
f 5044 5043 189
f 5044 189 5030
f 5030 189 148
f 5030 148 146
f 3193 3195 5015
f 5015 3195 3197
f 224 222 5045
f 5045 222 4800
f 5045 4800 4801
f 1422 1420 1678
f 4682 1702 4686
f 4686 1702 1704
f 4686 1704 4687
f 4687 1704 1706
f 4687 1706 1708
f 4412 4410 4432
f 4432 4410 4904
f 4432 4904 4547
f 4547 4904 4549
f 1687 1685 5016
f 5016 1685 3393
f 5016 3393 3395
f 4801 4802 5045
f 5045 4802 4997
f 5045 4997 226
f 3403 3405 1699
f 1699 3405 1701
f 1355 1357 4894
f 4894 1357 5046
f 4894 5046 4893
f 4893 5046 5047
f 4893 5047 5048
f 5048 5047 5049
f 5048 5049 5050
f 5050 5049 5051
f 5050 5051 5052
f 5052 5051 5053
f 5052 5053 5054
f 5054 5053 4888
f 5054 4888 4889
f 4676 2190 4852
f 3806 3804 5055
f 5055 3804 5056
f 5055 5056 5057
f 5057 5056 5058
f 5057 5058 5059
f 5059 5058 5060
f 5059 5060 5061
f 5061 5060 5062
f 5061 5062 5063
f 5063 5062 5064
f 5063 5064 5065
f 5065 5064 5066
f 5065 5066 5067
f 5067 5066 5068
f 5067 5068 5069
f 5069 5068 5070
f 5069 5070 5071
f 5071 5070 5072
f 5071 5072 5073
f 5073 5072 5074
f 5073 5074 5075
f 5075 5074 5076
f 5075 5076 5077
f 5077 5076 5078
f 5077 5078 5079
f 5079 5078 5080
f 5079 5080 5081
f 5081 5080 5082
f 5081 5082 5083
f 5083 5082 5084
f 5083 5084 5085
f 5085 5084 5086
f 5085 5086 5087
f 5087 5086 5088
f 5087 5088 5089
f 5089 5088 5090
f 5089 5090 5091
f 5091 5090 5092
f 5091 5092 5093
f 5093 5092 5094
f 5093 5094 5095
f 5095 5094 5096
f 5095 5096 5097
f 5097 5096 5098
f 5097 5098 5099
f 5099 5098 5100
f 5099 5100 5101
f 5101 5100 5102
f 5101 5102 5103
f 5103 5102 5104
f 5103 5104 5105
f 5105 5104 5106
f 5105 5106 5107
f 5107 5106 5108
f 5107 5108 5109
f 5109 5108 5110
f 5109 5110 5111
f 5111 5110 4214
f 5111 4214 5112
f 5112 4214 5113
f 5112 5113 5114
f 5114 5113 4218
f 5114 4218 5115
f 5115 4218 5116
f 5115 5116 5117
f 5117 5116 5118
f 5117 5118 5119
f 5119 5118 5120
f 5119 5120 4101
f 4101 5120 5121
f 4101 5121 4099
f 4099 5121 4226
f 4099 4226 4097
f 4097 4226 4228
f 4097 4228 4095
f 3557 3555 3732
f 5004 4700 5005
f 5005 4700 4702
f 5005 4702 4704
f 4508 4510 5122
f 5122 4510 5029
f 5122 5029 5123
f 5123 5029 5028
f 5123 5028 5124
f 5124 5028 5027
f 5124 5027 5125
f 5125 5027 5024
f 5125 5024 5022
f 3744 5126 3531
f 3531 5126 3754
f 3531 3754 3533
f 3533 3754 3756
f 3533 3756 3535
f 3535 3756 3758
f 3535 3758 3537
f 3188 3182 3190
f 3190 3182 5127
f 3190 5127 3192
f 3192 5127 4292
f 3192 4292 5128
f 5128 4292 4294
f 5128 4294 3196
f 3192 5128 3194
f 3194 5128 3196
f 1695 1693 5129
f 5129 1693 4867
f 5129 4867 4948
f 4948 4867 4868
f 4948 4868 4870
f 4899 4901 4952
f 4126 4124 5130
f 5130 4124 5131
f 5130 5131 5132
f 5132 5131 5133
f 5132 5133 5134
f 5134 5133 5135
f 5134 5135 5136
f 5136 5135 5137
f 5136 5137 5138
f 5138 5137 5139
f 5138 5139 4926
f 4926 5139 5140
f 4926 5140 4928
f 4928 5140 5141
f 4928 5141 4930
f 4930 5141 5142
f 4930 5142 4931
f 4931 5142 4749
f 4931 4749 4751
f 4885 4886 5143
f 5143 4886 5144
f 5143 5144 3560
f 3560 5144 4887
f 3560 4887 3558
f 3558 4887 3556
f 3944 3942 4373
f 4373 3942 3940
f 4373 3940 5145
f 5145 3940 4082
f 5145 4082 4080
f 4354 4670 4356
f 1226 4661 1228
f 141 137 139
f 151 153 5002
f 5002 153 155
f 5002 155 157
f 211 213 5146
f 5146 213 5147
f 5146 5147 5148
f 5148 5147 5149
f 5148 5149 5150
f 5150 5149 5151
f 5150 5151 5152
f 5152 5151 5153
f 5152 5153 5154
f 5154 5153 5155
f 5154 5155 5156
f 5156 5155 5157
f 5156 5157 5158
f 5158 5157 5159
f 5158 5159 5160
f 5160 5159 5161
f 5160 5161 5162
f 5162 5161 5163
f 5162 5163 5164
f 5164 5163 5165
f 5164 5165 5166
f 5166 5165 5167
f 5166 5167 5168
f 5168 5167 5169
f 5168 5169 5170
f 5170 5169 5171
f 5170 5171 5172
f 5172 5171 5173
f 5172 5173 5174
f 5174 5173 5175
f 5174 5175 5176
f 5176 5175 5177
f 5176 5177 5178
f 5178 5177 5179
f 5178 5179 5180
f 5180 5179 5181
f 5180 5181 255
f 255 5181 259
f 255 259 257
f 237 5182 5183
f 5183 5182 235
f 5183 235 5184
f 5184 235 207
f 5184 207 5146
f 5146 207 209
f 5146 209 211
f 4940 4942 4938
f 4938 4942 5185
f 4938 5185 4934
f 4934 5185 4496
f 4934 4496 4498
f 1850 1852 5186
f 5186 1852 3294
f 5186 3294 5187
f 5187 3294 3296
f 5187 3296 5188
f 5188 3296 3298
f 5188 3298 5189
f 5189 3298 3300
f 5189 3300 4862
f 4862 3300 3302
f 4532 4534 4967
f 4967 4534 4536
f 4967 4536 5190
f 5190 4536 4540
f 5190 4540 5191
f 5191 4540 4542
f 5191 4542 3865
f 3865 4542 3867
f 1398 1396 1400
f 1400 1396 4734
f 1400 4734 5192
f 5192 4734 4829
f 5192 4829 5193
f 5193 4829 4830
f 5193 4830 4827
f 4827 4830 4826
f 60 58 4943
f 4943 58 4954
f 4943 4954 4774
f 4774 4954 4956
f 4774 4956 4776
f 4776 4956 4957
f 4776 4957 51
f 4508 5122 4946
f 4946 5122 5194
f 4946 5194 3939
f 3939 5194 5195
f 3939 5195 3937
f 3937 5195 5018
f 3937 5018 3935
f 125 129 5196
f 5196 129 131
f 5196 131 4971
f 4971 131 133
f 4971 133 4969
f 4969 133 135
f 4969 135 137
f 4716 4965 4225
f 4225 4965 4730
f 4225 4730 4227
f 4227 4730 4229
f 2924 3610 2926
f 2926 3610 3609
f 4523 4521 4846
f 4846 4521 4519
f 4846 4519 4844
f 4844 4519 4517
f 4624 4626 4415
f 4415 4626 4628
f 4415 4628 4413
f 4413 4628 4411
f 5009 4837 5197
f 5197 4837 4838
f 5197 4838 5198
f 5198 4838 4359
f 5198 4359 5199
f 5199 4359 4361
f 5199 4361 5011
f 4548 4550 4552
f 2004 2002 4064
f 4064 2002 5200
f 4064 5200 4062
f 4062 5200 5201
f 4062 5201 4061
f 4061 5201 5202
f 4061 5202 4059
f 4059 5202 5203
f 4059 5203 5204
f 5204 5203 5205
f 5204 5205 5206
f 5206 5205 1471
f 5206 1471 5207
f 5207 1471 5208
f 5207 5208 5209
f 5209 5208 5210
f 5209 5210 5211
f 5211 5210 5212
f 5211 5212 5213
f 5213 5212 3131
f 5213 3131 5214
f 5214 3131 3133
f 5214 3133 5215
f 5215 3133 3135
f 5215 3135 5216
f 5216 3135 5217
f 5216 5217 5218
f 5218 5217 5219
f 5218 5219 5220
f 5220 5219 5221
f 5220 5221 5222
f 5222 5221 4051
f 5222 4051 4053
f 34 32 1849
f 182 180 5223
f 5223 180 5224
f 5223 5224 5225
f 5225 5224 154
f 5225 154 188
f 188 154 152
f 188 152 190
f 190 152 150
f 157 4998 5002
f 5002 4998 4999
f 5002 4999 5000
f 234 4995 4991
f 4991 4995 4996
f 4991 4996 4993
f 1405 1407 4987
f 4987 1407 1409
f 4987 1409 1411
f 5196 4971 125
f 125 4971 121
f 125 121 123
f 3526 3528 2632
f 2632 3528 5014
f 2632 5014 2634
f 2634 5014 4380
f 2634 4380 2636
f 4901 4903 4952
f 1429 5226 4977
f 4977 5226 5227
f 4977 5227 4976
f 4976 5227 5228
f 4976 5228 4975
f 4975 5228 4986
f 4975 4986 5229
f 5229 4986 4973
f 5229 4973 4974
f 4961 4960 5230
f 5230 4960 4959
f 5230 4959 5231
f 5231 4959 4958
f 5231 4958 4579
f 4579 4958 4577
f 62 60 4945
f 60 4943 4945
f 5192 5193 1408
f 1408 5193 4827
f 1408 4827 4828
f 2286 4668 2288
f 2288 4668 2290
f 3861 4968 3863
f 3863 4968 5190
f 3863 5190 5191
f 134 5042 138
f 138 5042 5232
f 138 5232 140
f 140 5232 5030
f 2189 4042 2191
f 224 5045 226
f 213 215 5147
f 5147 215 217
f 5147 217 5233
f 5233 217 5234
f 5233 5234 5235
f 5235 5234 5236
f 5235 5236 5237
f 5237 5236 5238
f 5237 5238 5239
f 5239 5238 5240
f 5239 5240 5241
f 5241 5240 5242
f 5241 5242 5243
f 5243 5242 5244
f 5243 5244 5245
f 5245 5244 5246
f 5245 5246 5247
f 5247 5246 5248
f 5247 5248 5249
f 5249 5248 5250
f 5249 5250 5251
f 5251 5250 5252
f 5251 5252 5253
f 5253 5252 5254
f 5253 5254 5255
f 5255 5254 5256
f 5255 5256 5257
f 5257 5256 5258
f 5257 5258 5259
f 5259 5258 5260
f 5259 5260 5261
f 5261 5260 5262
f 5261 5262 5263
f 5263 5262 5264
f 5263 5264 5265
f 5265 5264 5266
f 5265 5266 5267
f 5267 5266 5268
f 5267 5268 5269
f 5269 5268 5270
f 5269 5270 5271
f 5271 5270 5272
f 5271 5272 5273
f 5273 5272 5274
f 5273 5274 5275
f 5275 5274 5276
f 5275 5276 5277
f 5277 5276 5278
f 5277 5278 5279
f 5279 5278 5280
f 5279 5280 5281
f 5281 5280 5282
f 5281 5282 5283
f 5283 5282 5284
f 5283 5284 5285
f 5285 5284 5286
f 5285 5286 5287
f 5287 5286 5288
f 5287 5288 5289
f 5289 5288 5290
f 5289 5290 5291
f 5291 5290 5292
f 5291 5292 5293
f 5293 5292 5294
f 5293 5294 5295
f 5295 5294 5296
f 5295 5296 5297
f 5297 5296 5298
f 5297 5298 5299
f 5299 5298 5300
f 5299 5300 5301
f 5301 5300 5302
f 5301 5302 5303
f 5303 5302 465
f 5303 465 463
f 208 206 4950
f 4950 206 4849
f 4950 4849 4847
f 3755 4316 3757
f 3757 4316 3759
f 5030 5232 5044
f 1697 1695 4949
f 4949 1695 5129
f 4949 5129 4948
f 4731 4730 4965
f 4923 4925 5304
f 5304 4925 4927
f 5304 4927 4759
f 4759 4927 4929
f 4759 4929 4757
f 4975 5229 4974
f 4847 4845 4950
f 4359 4838 4357
f 4357 4838 4839
f 5254 5252 5305
f 5305 5252 5306
f 5305 5306 5307
f 5307 5306 5308
f 5307 5308 5309
f 5309 5308 5310
f 5309 5310 5311
f 5311 5310 5312
f 5311 5312 5313
f 5313 5312 5240
f 5313 5240 5314
f 5314 5240 5238
f 5314 5238 5315
f 5315 5238 5236
f 5315 5236 5316
f 5316 5236 5317
f 5316 5317 221
f 221 5317 219
f 217 219 5234
f 5234 219 5317
f 5234 5317 5236
f 3865 3863 5191
f 4723 4721 4795
f 4795 4721 4719
f 4795 4719 4794
f 4794 4719 5318
f 4794 5318 4709
f 4709 5318 4717
f 4709 4717 5319
f 5319 4717 4219
f 5319 4219 4217
f 5260 5258 5320
f 5320 5258 5321
f 5320 5321 5322
f 5322 5321 5323
f 5322 5323 5324
f 5324 5323 5325
f 5324 5325 5326
f 5326 5325 5327
f 5326 5327 5328
f 5328 5327 5329
f 5328 5329 5330
f 5330 5329 5331
f 5330 5331 5332
f 5332 5331 5333
f 5332 5333 5334
f 5334 5333 5335
f 5334 5335 5336
f 5336 5335 5337
f 5336 5337 5338
f 5338 5337 5339
f 5338 5339 5340
f 5340 5339 5316
f 5340 5316 223
f 223 5316 221
f 5199 5011 5198
f 5198 5011 5009
f 5198 5009 5197
f 136 134 138
f 4050 4384 4052
f 2281 2283 4619
f 4619 2283 5341
f 4619 5341 4621
f 4621 5341 2285
f 4621 2285 5342
f 5342 2285 2287
f 5342 2287 4896
f 4896 2287 2289
f 5232 5042 5044
f 5185 4942 4496
f 4496 4942 4494
f 4547 4431 4432
f 4289 4833 4291
f 4291 4833 4834
f 4291 4834 4293
f 1681 3388 1683
f 1683 3388 3390
f 1683 3390 1685
f 2194 2196 2192
f 2192 2196 4855
f 2192 4855 4853
f 34 1850 36
f 36 1850 5186
f 36 5186 5343
f 5343 5186 5187
f 5343 5187 5344
f 5344 5187 5188
f 5344 5188 5345
f 5345 5188 5189
f 5345 5189 4860
f 4860 5189 4862
f 3891 3893 5346
f 5346 3893 5347
f 5346 5347 5348
f 5348 5347 5349
f 5348 5349 5350
f 5350 5349 5351
f 5350 5351 5352
f 5352 5351 5353
f 5352 5353 5354
f 5354 5353 5355
f 5354 5355 5356
f 5356 5355 5357
f 5356 5357 5358
f 5358 5357 5359
f 5358 5359 5360
f 5360 5359 5357
f 5360 5357 5361
f 5361 5357 5362
f 5361 5362 5363
f 5363 5362 5364
f 5363 5364 5365
f 5365 5364 2627
f 5365 2627 5366
f 5366 2627 2629
f 5366 2629 4079
f 4079 2629 5367
f 4079 5367 4077
f 4077 5367 2633
f 4077 2633 2635
f 5139 5368 5369
f 5369 5368 5370
f 5369 5370 5371
f 5371 5370 5372
f 5371 5372 5373
f 5373 5372 5374
f 5373 5374 5142
f 5142 5374 4747
f 5142 4747 4749
f 127 129 125
f 4786 5010 1360
f 1360 5010 5375
f 1360 5375 5376
f 5376 5375 1364
f 5376 1364 1362
f 4911 4913 5377
f 5377 4913 4915
f 5377 4915 5378
f 5378 4915 5379
f 5378 5379 4769
f 4769 5379 5380
f 4769 5380 4767
f 4767 5380 5381
f 4767 5381 5382
f 5382 5381 4921
f 5382 4921 5383
f 5383 4921 4923
f 5383 4923 4761
f 4761 4923 5304
f 4761 5304 4759
f 5336 5338 227
f 227 5338 5340
f 227 5340 225
f 225 5340 223
f 2211 2209 5384
f 5384 2209 5385
f 5384 5385 5386
f 5386 5385 5387
f 5386 5387 5388
f 5388 5387 5389
f 5388 5389 5390
f 5390 5389 2207
f 5390 2207 2205
f 2205 2203 5390
f 5390 2203 5391
f 5390 5391 5392
f 5392 5391 2223
f 5392 2223 5388
f 5388 2223 2221
f 5388 2221 5386
f 5386 2221 2219
f 5386 2219 5384
f 5384 2219 5393
f 5384 5393 2211
f 2211 5393 5394
f 2211 5394 2213
f 2213 5394 2217
f 2213 2217 2215
f 5049 5047 5395
f 5395 5047 5396
f 5395 5396 5397
f 5397 5396 5046
f 5397 5046 1359
f 1359 5046 1357
f 5387 5385 5389
f 5389 5385 2209
f 5389 2209 2207
f 4606 5398 4608
f 4608 5398 5399
f 4608 5399 4610
f 4610 5399 4863
f 4610 4863 4864
f 5146 5148 5184
f 5184 5148 5400
f 5184 5400 5183
f 5183 5400 5401
f 5183 5401 237
f 237 5401 5402
f 237 5402 5403
f 5403 5402 5156
f 5403 5156 5158
f 5159 5157 5404
f 5404 5157 5405
f 5404 5405 5406
f 5406 5405 5407
f 5406 5407 5408
f 5408 5407 5409
f 5408 5409 5410
f 5410 5409 5411
f 5410 5411 5237
f 5237 5411 5412
f 5237 5412 5235
f 5235 5412 5149
f 5235 5149 5233
f 5233 5149 5147
f 5006 5033 4902
f 4902 5033 128
f 4902 128 126
f 4118 4114 5413
f 5413 4114 4112
f 5413 4112 5414
f 5414 4112 5415
f 5414 5415 5416
f 5416 5415 4106
f 5416 4106 5417
f 5417 4106 4104
f 5417 4104 5370
f 5370 4104 4102
f 5370 4102 5372
f 5372 4102 4100
f 5372 4100 5374
f 5374 4100 4098
f 5374 4098 4747
f 5018 5195 5418
f 5418 5195 5194
f 5418 5194 5123
f 5123 5194 5122
f 4936 4938 4934
f 5144 4886 4887
f 4539 5230 4580
f 4580 5230 5231
f 4580 5231 4579
f 4358 4356 4360
f 4360 4356 5419
f 4360 5419 4362
f 4362 5419 4667
f 4362 4667 5420
f 5420 4667 4666
f 5420 4666 4367
f 4356 4667 5419
f 157 159 4998
f 5014 3528 5013
f 5013 3528 3530
f 5013 3530 4299
f 3122 3120 5421
f 5421 3120 5422
f 5421 5422 3154
f 3154 5422 5423
f 3154 5423 3156
f 3156 5423 5424
f 3156 5424 5425
f 5425 5424 5426
f 5425 5426 5427
f 5427 5426 5428
f 5427 5428 5429
f 5429 5428 1696
f 5429 1696 5430
f 5430 1696 1698
f 5430 1698 1700
f 5425 5427 5431
f 5431 5427 5429
f 5431 5429 5432
f 5432 5429 5430
f 5432 5430 4681
f 4681 5430 1700
f 4684 4682 4686
f 4978 4979 5226
f 5226 4979 4983
f 5226 4983 5227
f 5227 4983 4984
f 5227 4984 5228
f 5228 4984 4985
f 5228 4985 4986
f 4080 4078 5145
f 5145 4078 4373
f 4430 4431 4548
f 5322 5324 5433
f 5433 5324 5434
f 5433 5434 5435
f 5435 5434 5436
f 5435 5436 5437
f 5437 5436 5438
f 5437 5438 5439
f 5439 5438 5440
f 5439 5440 5441
f 5441 5440 5442
f 5441 5442 5443
f 5443 5442 5444
f 5443 5444 5445
f 5445 5444 5446
f 5445 5446 5447
f 5447 5446 5448
f 5447 5448 5449
f 5449 5448 5450
f 5449 5450 5451
f 5451 5450 5452
f 5451 5452 5453
f 5453 5452 5454
f 5453 5454 5455
f 5455 5454 5456
f 5455 5456 5457
f 5457 5456 5458
f 5457 5458 5459
f 5459 5458 5460
f 5459 5460 5461
f 5461 5460 5462
f 5461 5462 5463
f 5463 5462 5464
f 5463 5464 5465
f 5465 5464 5466
f 5465 5466 5467
f 5467 5466 183
f 5467 183 5468
f 5468 183 185
f 5468 185 5469
f 5469 185 187
f 5469 187 5043
f 5043 187 189
f 1408 1406 5192
f 5192 1406 1402
f 5192 1402 1400
f 4468 4470 5470
f 5470 4470 5471
f 5470 5471 5472
f 5472 5471 5473
f 5472 5473 5474
f 5474 5473 5475
f 5474 5475 2216
f 2216 5475 5476
f 2216 5476 2214
f 2214 5476 5477
f 2214 5477 2212
f 2212 5477 4935
f 2277 2279 4423
f 4423 2279 5478
f 4423 5478 5479
f 5479 5478 5480
f 5479 5480 4419
f 4419 5480 4622
f 4419 4622 4417
f 4417 4622 4624
f 4417 4624 4415
f 205 207 235
f 128 5036 130
f 130 5036 5038
f 130 5038 132
f 4896 4897 5342
f 5342 4897 4623
f 5342 4623 4621
f 2199 2223 2201
f 2201 2223 5391
f 2201 5391 2203
f 4765 5382 4763
f 4763 5382 5383
f 4763 5383 4761
f 184 5223 186
f 186 5223 5225
f 186 5225 188
f 3827 1226 1224
f 5022 5020 5125
f 5125 5020 5418
f 5125 5418 5124
f 5124 5418 5123
f 1992 1990 5481
f 5481 1990 5482
f 5481 5482 5483
f 5483 5482 1463
f 5483 1463 5484
f 5484 1463 1465
f 5484 1465 5485
f 5485 1465 1467
f 5485 1467 5486
f 5486 1467 1469
f 5486 1469 5487
f 5487 1469 5205
f 5487 5205 5488
f 5488 5205 5203
f 5488 5203 5489
f 5489 5203 5202
f 5489 5202 5490
f 5490 5202 5491
f 5490 5491 5492
f 5492 5491 5200
f 5492 5200 5493
f 5493 5200 2002
f 5493 2002 2000
f 2195 2193 5494
f 5494 2193 2191
f 5494 2191 5495
f 5495 2191 4045
f 5495 4045 5496
f 5496 4045 5497
f 5496 5497 5498
f 5498 5497 4046
f 5498 4046 5499
f 5499 4046 4047
f 5499 4047 5500
f 5500 4047 4049
f 5500 4049 5221
f 5221 4049 4051
f 170 5501 5502
f 5502 5501 5503
f 5502 5503 5504
f 5504 5503 158
f 5504 158 5505
f 5505 158 156
f 5505 156 154
f 154 5224 5505
f 5505 5224 178
f 5505 178 5504
f 5504 178 176
f 5504 176 5506
f 5506 176 172
f 5506 172 170
f 4486 4488 4492
f 4492 4488 4490
f 4591 4593 5507
f 5507 4593 4595
f 5507 4595 5508
f 5508 4595 4597
f 5508 4597 5509
f 5509 4597 5510
f 5509 5510 5511
f 5511 5510 5512
f 5511 5512 4582
f 4582 5512 5513
f 4582 5513 4487
f 4487 5513 5514
f 4487 5514 4489
f 4489 5514 4611
f 4489 4611 4491
f 234 232 4995
f 230 4995 232
f 1359 1361 5397
f 5397 1361 1363
f 5397 1363 5395
f 5395 1363 5515
f 5395 5515 5049
f 5049 5515 5516
f 5049 5516 5051
f 5051 5516 5517
f 5051 5517 5053
f 5053 5517 5518
f 5053 5518 5519
f 5519 5518 3569
f 5519 3569 3567
f 234 4988 161
f 161 4988 159
f 5325 5520 5327
f 5327 5520 5305
f 5327 5305 5329
f 5329 5305 5307
f 5329 5307 5521
f 5521 5307 5309
f 5521 5309 5522
f 5522 5309 5311
f 5522 5311 5523
f 5523 5311 5313
f 5523 5313 5335
f 5335 5313 5314
f 5335 5314 5337
f 5337 5314 5524
f 5337 5524 5339
f 5339 5524 5315
f 5339 5315 5316
f 5010 5012 5375
f 5375 5012 1366
f 5375 1366 1364
f 1360 5376 1362
f 5154 5525 5152
f 5152 5525 5526
f 5152 5526 5150
f 5150 5526 5400
f 5150 5400 5148
f 4942 4940 4941
f 4523 4846 5527
f 5527 4846 4848
f 5527 4848 5528
f 5528 4848 5529
f 5528 5529 5530
f 5530 5529 236
f 5530 236 238
f 5190 4968 4967
f 5390 5392 5388
f 4218 4220 5116
f 5116 4220 4222
f 5116 4222 5120
f 5120 4222 4224
f 5120 4224 5121
f 5121 4224 4226
f 2198 4855 2196
f 4397 4395 4685
f 4685 4395 3166
f 4685 3166 4683
f 4683 3166 3164
f 4683 3164 3162
f 5140 5369 5141
f 5141 5369 5373
f 5141 5373 5142
f 4606 4859 5398
f 5398 4859 4861
f 5398 4861 4863
f 4863 5399 5398
f 3179 3181 5531
f 5531 3181 3183
f 5531 3183 5532
f 5532 3183 3185
f 5532 3185 5533
f 5533 3185 3187
f 5533 3187 5534
f 5534 3187 5535
f 5534 5535 5536
f 5536 5535 4322
f 5536 4322 5537
f 5537 4322 5538
f 5537 5538 5539
f 5539 5538 5540
f 5539 5540 5541
f 5541 5540 5542
f 5541 5542 5543
f 5543 5542 5544
f 5543 5544 5545
f 5545 5544 5546
f 5545 5546 5547
f 5547 5546 5548
f 5547 5548 5549
f 5549 5548 5550
f 5549 5550 5551
f 5551 5550 5552
f 5551 5552 5553
f 5553 5552 5554
f 5553 5554 5555
f 5555 5554 5556
f 5555 5556 5557
f 5557 5556 5558
f 5557 5558 4600
f 4600 5558 5559
f 4600 5559 4602
f 4602 5559 5560
f 4602 5560 5561
f 5561 5560 5562
f 5561 5562 5563
f 5563 5562 5564
f 5563 5564 5565
f 5565 5564 2590
f 5565 2590 5344
f 5344 2590 2588
f 5344 2588 5343
f 5343 2588 38
f 5343 38 36
f 4324 5535 4325
f 4325 5535 3187
f 4325 3187 4327
f 4327 3187 3189
f 4327 3189 4328
f 4484 4939 5566
f 5566 4939 4937
f 5566 4937 5476
f 5476 4937 4935
f 5476 4935 5477
f 3577 5567 5568
f 5568 5567 1447
f 5568 1447 5569
f 5569 1447 1451
f 5569 1451 5570
f 5570 1451 4876
f 5570 4876 5571
f 5571 4876 4878
f 5571 4878 5572
f 5572 4878 4883
f 5572 4883 5573
f 5573 4883 5574
f 5573 5574 5575
f 5575 5574 5576
f 5575 5576 5577
f 5577 5576 4885
f 5577 4885 5143
f 4885 5576 4884
f 4884 5576 5574
f 4884 5574 4883
f 2219 2217 5393
f 5393 2217 5394
f 5149 5412 5151
f 5151 5412 5411
f 5151 5411 5153
f 5153 5411 5407
f 5153 5407 5155
f 5155 5407 5405
f 5155 5405 5157
f 3816 3814 5578
f 5578 3814 5579
f 5578 5579 5580
f 5580 5579 5581
f 5580 5581 5582
f 5582 5581 5021
f 5582 5021 5583
f 5583 5021 5023
f 5583 5023 5584
f 5584 5023 5025
f 5584 5025 3826
f 3826 5025 3828
f 3182 3180 5127
f 5127 3180 4290
f 5127 4290 4292
f 3113 5585 1690
f 1690 5585 5586
f 1690 5586 5587
f 5587 5586 5588
f 5587 5588 5589
f 5589 5588 5590
f 5589 5590 5591
f 5591 5590 5592
f 5591 5592 5593
f 5593 5592 5594
f 5593 5594 5595
f 5595 5594 5596
f 5595 5596 5597
f 5597 5596 5598
f 5597 5598 1682
f 1682 5598 1426
f 1682 1426 1424
f 4772 4770 4944
f 4944 4770 4768
f 5396 5047 5046
f 1406 1404 1402
f 4716 4225 4223
f 4187 4185 5599
f 5599 4185 4183
f 5599 4183 5600
f 5600 4183 5601
f 5600 5601 5602
f 5602 5601 5603
f 5602 5603 5604
f 5604 5603 5605
f 5604 5605 5606
f 5606 5605 5607
f 5606 5607 5608
f 5608 5607 5609
f 5608 5609 5610
f 5610 5609 5465
f 5610 5465 5611
f 5611 5465 5467
f 5611 5467 5612
f 5612 5467 5468
f 5612 5468 5613
f 5613 5468 5469
f 5613 5469 5614
f 5614 5469 5043
f 5614 5043 5041
f 5610 5611 5615
f 5615 5611 5616
f 5615 5616 5617
f 5617 5616 5618
f 5617 5618 5619
f 5619 5618 5620
f 5619 5620 5621
f 5621 5620 5613
f 5621 5613 5622
f 5622 5613 5614
f 5622 5614 5623
f 5623 5614 5041
f 5623 5041 5040
f 4602 5561 4604
f 4604 5561 5624
f 4604 5624 4858
f 4858 5624 5625
f 4858 5625 4860
f 4860 5625 5626
f 4860 5626 5345
f 5345 5626 5565
f 5345 5565 5344
f 4318 4319 4317
f 4317 4319 4326
f 4317 4326 4315
f 5219 5498 5221
f 5221 5498 5499
f 5221 5499 5500
f 5027 5026 5024
f 2629 2631 5367
f 5367 2631 2633
f 4739 4737 4428
f 4428 4737 1388
f 4428 1388 4426
f 4426 1388 1386
f 4426 1386 1384
f 4871 1993 5627
f 5627 1993 1995
f 5627 1995 5628
f 5628 1995 5629
f 5628 5629 5630
f 5630 5629 2925
f 5630 2925 5631
f 5631 2925 2927
f 5631 2927 4882
f 5593 5595 5632
f 5632 5595 5597
f 5632 5597 5633
f 5633 5597 1684
f 5633 1684 5634
f 5634 1684 1686
f 5634 1686 1688
f 4060 4058 4054
f 4054 4058 4056
f 5497 4045 4046
f 4665 2286 2284
f 5052 5054 5635
f 5635 5054 4892
f 5635 4892 5636
f 5636 4892 4893
f 5636 4893 5637
f 5637 4893 5048
f 5637 5048 5050
f 5513 4607 5514
f 5514 4607 4609
f 5514 4609 4611
f 5570 5571 5638
f 5638 5571 5575
f 5638 5575 3564
f 3564 5575 5577
f 3564 5577 5639
f 5639 5577 5143
f 5639 5143 3562
f 3562 5143 3560
f 5200 5491 5201
f 5222 4053 5220
f 5220 4053 4055
f 5220 4055 4057
f 4848 4850 5529
f 5529 4850 204
f 5529 204 236
f 5494 5495 2195
f 2195 5495 5496
f 2195 5496 5640
f 5640 5496 5641
f 5640 5641 5642
f 5642 5641 5643
f 5642 5643 5644
f 5644 5643 5645
f 5644 5645 5646
f 5646 5645 3143
f 5646 3143 5647
f 5647 3143 5648
f 5647 5648 5649
f 5649 5648 5650
f 5649 5650 5651
f 5651 5650 5652
f 5651 5652 5653
f 5653 5652 5654
f 5653 5654 4459
f 4459 5654 5655
f 4459 5655 5656
f 5656 5655 5657
f 5656 5657 5658
f 5658 5657 5659
f 5658 5659 5660
f 5660 5659 5661
f 5660 5661 5662
f 5662 5661 5663
f 5662 5663 5664
f 5664 5663 5665
f 5664 5665 5666
f 5666 5665 5667
f 5666 5667 5668
f 5668 5667 5669
f 5668 5669 5670
f 5670 5669 3173
f 5670 3173 3175
f 2628 3526 2630
f 2630 3526 2632
f 5007 5008 5031
f 5031 5008 5671
f 5031 5671 5672
f 5672 5671 5673
f 5672 5673 5674
f 5674 5673 5675
f 5674 5675 5676
f 5676 5675 5677
f 5676 5677 5678
f 5678 5677 5679
f 5678 5679 5680
f 5680 5679 5681
f 5680 5681 5682
f 5682 5681 5683
f 5682 5683 5684
f 5684 5683 5619
f 5684 5619 5685
f 5685 5619 5622
f 5685 5622 5686
f 5686 5622 5623
f 5686 5623 5687
f 5687 5623 5040
f 5687 5040 5037
f 5037 5040 5039
f 170 168 5501
f 5501 168 5688
f 5501 5688 5503
f 5503 5688 160
f 5503 160 158
f 3559 4890 3561
f 45 47 39
f 39 47 49
f 39 49 37
f 37 49 35
f 5336 227 5689
f 5689 227 229
f 5689 229 5690
f 5690 229 5691
f 5690 5691 5692
f 5692 5691 5693
f 5692 5693 5694
f 5694 5693 5695
f 5694 5695 5696
f 5696 5695 5697
f 5696 5697 5698
f 5698 5697 5699
f 5698 5699 5700
f 5700 5699 5701
f 5700 5701 5702
f 5702 5701 5703
f 5702 5703 5704
f 5704 5703 5705
f 5704 5705 5706
f 5706 5705 5707
f 5706 5707 5708
f 5708 5707 5709
f 5708 5709 5710
f 5710 5709 5711
f 5710 5711 5712
f 5712 5711 177
f 5712 177 5713
f 5713 177 179
f 5713 179 181
f 5318 4719 4717
f 5490 5493 5714
f 5714 5493 2000
f 5714 2000 1998
f 3936 4084 3938
f 3938 4084 4082
f 3938 4082 3940
f 1999 2921 5715
f 5715 2921 2923
f 5715 2923 5629
f 5629 2923 2925
f 3170 4396 3172
f 5382 4765 4767
f 1684 5597 1682
f 4536 4538 4540
f 168 166 5688
f 5688 166 164
f 5688 164 160
f 160 164 162
f 5492 5493 5490
f 4478 4480 5716
f 5716 4480 4482
f 5716 4482 5473
f 5473 4482 5717
f 5473 5717 5475
f 5475 5717 5566
f 5475 5566 5476
f 240 242 5718
f 5718 242 4527
f 5718 4527 5528
f 5528 4527 4525
f 5528 4525 5527
f 5527 4525 4523
f 5054 4889 4892
f 4892 4889 4891
f 4734 4735 4829
f 5422 3118 5719
f 5719 3118 3116
f 5719 3116 5720
f 5720 3116 5721
f 5720 5721 5722
f 5722 5721 1694
f 5722 1694 5723
f 5723 1694 1696
f 5723 1696 5428
f 180 178 5224
f 5315 5524 5314
f 4526 4528 4524
f 4524 4528 4966
f 4524 4966 4522
f 5624 5561 5625
f 5625 5561 5563
f 5625 5563 5626
f 5626 5563 5565
f 5629 1995 5715
f 5715 1995 1997
f 5715 1997 1999
f 4737 1390 1388
f 169 5703 5724
f 5724 5703 5701
f 5724 5701 5725
f 5725 5701 5699
f 5725 5699 5726
f 5726 5699 5727
f 5726 5727 165
f 165 5727 233
f 165 233 163
f 3156 5431 3158
f 3158 5431 5728
f 3158 5728 3160
f 3160 5728 5432
f 3160 5432 5729
f 5729 5432 4681
f 5729 4681 4683
f 5182 237 235
f 5647 5651 5730
f 5730 5651 5731
f 5730 5731 5732
f 5732 5731 2225
f 5732 2225 5733
f 5733 2225 2195
f 5733 2195 5640
f 5154 5156 5525
f 5525 5156 5402
f 5525 5402 5526
f 5526 5402 5401
f 5526 5401 5400
f 48 4784 50
f 50 4784 4778
f 50 4778 51
f 51 4778 4776
f 4425 4424 4429
f 4429 4424 4420
f 4429 4420 4418
f 5635 5636 5052
f 5052 5636 5637
f 5052 5637 5050
f 5223 184 182
f 5201 5491 5202
f 40 38 2588
f 5672 5674 5032
f 5032 5674 5734
f 5032 5734 5034
f 5034 5734 5735
f 5034 5735 5035
f 5035 5735 5037
f 5593 5632 5736
f 5736 5632 5633
f 5736 5633 5737
f 5737 5633 5634
f 5737 5634 5738
f 5738 5634 1688
f 5738 1688 1690
f 2279 2281 5478
f 5478 2281 4620
f 5478 4620 5480
f 5480 4620 4622
f 229 231 5691
f 5691 231 233
f 5691 233 5693
f 5693 233 5727
f 5693 5727 5695
f 5695 5727 5699
f 5695 5699 5697
f 5474 2216 5739
f 5739 2216 2218
f 5739 2218 5740
f 5740 2218 2220
f 5740 2220 4454
f 4454 2220 2222
f 1377 1379 5741
f 5741 1379 5742
f 5741 5742 5743
f 5743 5742 5517
f 5743 5517 5744
f 5744 5517 5516
f 5744 5516 5745
f 5745 5516 5515
f 5745 5515 1365
f 1365 5515 1363
f 5680 5682 5746
f 5746 5682 5747
f 5746 5747 5735
f 5735 5747 5687
f 5735 5687 5037
f 5490 5714 5489
f 5489 5714 1996
f 5489 1996 5488
f 5488 1996 1994
f 5488 1994 5487
f 5487 1994 1992
f 5487 1992 5748
f 5748 1992 5481
f 5748 5481 5483
f 1998 1996 5714
f 3561 4890 3563
f 4482 4484 5717
f 5717 4484 5566
f 5639 3562 3564
f 5020 5018 5418
f 5341 2283 2285
f 5371 5373 5369
f 4485 4483 4487
f 5504 5506 5502
f 4875 4874 5749
f 5749 4874 4873
f 5749 4873 5750
f 5750 4873 4871
f 5750 4871 5751
f 5751 4871 5627
f 5751 5627 4877
f 4877 5627 5628
f 4877 5628 4881
f 4881 5628 5631
f 4881 5631 4882
f 5628 5630 5631
f 4364 4362 4365
f 4365 4362 5420
f 4365 5420 4367
f 4539 4963 5230
f 4961 5230 4963
f 4599 4603 5510
f 5510 4603 4605
f 5510 4605 5512
f 5512 4605 4607
f 5512 4607 5513
f 5721 3114 5752
f 5752 3114 1692
f 5752 1692 1694
f 4858 4606 4604
f 3166 4395 3168
f 3168 4395 3170
f 1694 5721 5752
f 3160 5729 3162
f 3162 5729 4683
f 5578 5580 5753
f 5753 5580 5754
f 5753 5754 5755
f 5755 5754 5583
f 5755 5583 3824
f 3824 5583 5584
f 3824 5584 3825
f 3825 5584 3826
f 4419 4421 5479
f 1428 1426 5756
f 5756 1426 5598
f 5756 5598 5757
f 5757 5598 5596
f 5757 5596 5758
f 5758 5596 5594
f 5758 5594 5759
f 5759 5594 5592
f 5759 5592 5760
f 5760 5592 5590
f 5760 5590 5761
f 5761 5590 5588
f 5761 5588 5762
f 5762 5588 5586
f 5762 5586 3117
f 3117 5586 5585
f 3117 5585 3115
f 3115 5585 3113
f 5207 5209 5206
f 5206 5209 5763
f 5206 5763 5204
f 5204 5763 5218
f 5204 5218 4057
f 4057 5218 5220
f 3143 5645 3141
f 3141 5645 5764
f 3141 5764 3139
f 3139 5764 5643
f 3139 5643 3137
f 3137 5643 5641
f 3137 5641 5765
f 5765 5641 5496
f 5765 5496 5498
f 3176 3174 4289
f 2590 5564 2592
f 2592 5564 5562
f 2592 5562 5560
f 3135 5765 5217
f 5217 5765 5498
f 5217 5498 5219
f 4977 1427 1429
f 5502 5506 170
f 309 307 5766
f 5766 307 5767
f 5766 5767 5768
f 5768 5767 5769
f 5768 5769 5770
f 5770 5769 5771
f 5770 5771 5772
f 5772 5771 5773
f 5772 5773 5774
f 5774 5773 5775
f 5774 5775 5776
f 5776 5775 5777
f 5776 5777 5778
f 5778 5777 5779
f 5778 5779 5780
f 5780 5779 5781
f 5780 5781 5782
f 5782 5781 5783
f 5782 5783 5784
f 5784 5783 5785
f 5784 5785 5786
f 5786 5785 5787
f 5786 5787 5788
f 5788 5787 5789
f 5788 5789 5790
f 5790 5789 5165
f 5790 5165 5791
f 5791 5165 5163
f 5791 5163 5792
f 5792 5163 5793
f 5792 5793 5794
f 5794 5793 5795
f 5794 5795 5796
f 5796 5795 5797
f 5796 5797 5798
f 5798 5797 5799
f 5798 5799 5243
f 5243 5799 5408
f 5243 5408 5241
f 5241 5408 5410
f 5241 5410 5239
f 5239 5410 5237
f 165 167 5725
f 5725 167 169
f 5725 169 5724
f 5725 5726 165
f 5432 5728 5431
f 5446 5444 5800
f 5800 5444 5801
f 5800 5801 5802
f 5802 5801 5442
f 5802 5442 5700
f 5700 5442 5440
f 5700 5440 5698
f 5698 5440 5803
f 5698 5803 5696
f 5696 5803 5804
f 5696 5804 5694
f 5694 5804 5805
f 5694 5805 5692
f 5692 5805 5806
f 5692 5806 5690
f 5690 5806 5334
f 5690 5334 5689
f 5689 5334 5336
f 5593 5736 5591
f 5591 5736 5737
f 5591 5737 5589
f 5589 5737 5738
f 5589 5738 5587
f 5587 5738 1690
f 5363 5365 4081
f 4081 5365 5366
f 4081 5366 4079
f 4057 4059 5204
f 2224 2225 4453
f 4453 2225 5731
f 4453 5731 4455
f 4455 5731 5651
f 4455 5651 5807
f 5807 5651 5653
f 5807 5653 4459
f 4453 2222 2224
f 1365 1367 5745
f 5745 1367 1369
f 5745 1369 5808
f 5808 1369 1371
f 5808 1371 1373
f 4422 4420 4424
f 4881 4879 4877
f 5747 5684 5687
f 5687 5684 5685
f 5687 5685 5686
f 4429 4427 4425
f 3184 3182 3186
f 3186 3182 3188
f 3527 3742 3529
f 3529 3742 3744
f 3529 3744 3531
f 45 39 43
f 43 39 41
f 5719 5720 5424
f 5424 5720 5722
f 5424 5722 5426
f 5426 5722 5723
f 5426 5723 5428
f 5528 5530 5718
f 5718 5530 238
f 5718 238 240
f 5575 5571 5573
f 5733 5640 5732
f 5732 5640 5642
f 5732 5642 5644
f 4783 4785 5809
f 5809 4785 46
f 5809 46 5810
f 5810 46 44
f 5810 44 5811
f 5811 44 42
f 5811 42 2595
f 2595 42 2587
f 2595 2587 2593
f 2593 2587 2589
f 2593 2589 2591
f 4421 4423 5479
f 3570 3572 5812
f 5812 3572 3580
f 5812 3580 5813
f 5813 3580 3579
f 5813 3579 5814
f 5814 3579 5570
f 5814 5570 5815
f 5815 5570 5638
f 5815 5638 3566
f 3566 5638 3564
f 4454 5816 5740
f 5740 5816 5817
f 5740 5817 5739
f 5739 5817 5472
f 5739 5472 5474
f 5409 5407 5411
f 1401 4982 1399
f 1399 4982 4980
f 1399 4980 1397
f 1397 4980 5818
f 1397 5818 5819
f 5819 5818 5820
f 5819 5820 5821
f 5821 5820 5822
f 5821 5822 5823
f 5823 5822 1441
f 5823 1441 1443
f 5377 5378 5824
f 5824 5378 4771
f 5824 4771 4907
f 4907 4771 4773
f 4907 4773 4775
f 5140 5139 5369
f 3754 5126 3752
f 3752 5126 3748
f 3752 3748 3750
f 5571 5572 5573
f 4717 4221 4219
f 5659 5657 5661
f 5661 5657 5825
f 5661 5825 5663
f 5663 5825 5826
f 5663 5826 5665
f 5665 5826 5827
f 5665 5827 5667
f 5667 5827 3163
f 5667 3163 5828
f 5828 3163 3165
f 5828 3165 3167
f 5380 5379 5381
f 5381 5379 4917
f 5381 4917 4919
f 2278 1370 2280
f 2280 1370 4366
f 2280 4366 2282
f 4769 4771 5378
f 5621 5622 5619
f 174 172 176
f 5746 5735 5829
f 5829 5735 5734
f 5829 5734 5674
f 4366 1370 1368
f 3171 5669 3169
f 3169 5669 5828
f 3169 5828 3167
f 3156 5425 5431
f 4983 4979 4981
f 5672 5032 5031
f 5132 5134 5830
f 5830 5134 5136
f 5830 5136 5831
f 5831 5136 5138
f 5831 5138 4924
f 4924 5138 4926
f 5613 5620 5612
f 5612 5620 5618
f 5612 5618 5616
f 5211 5213 5209
f 5209 5213 5215
f 5209 5215 5763
f 5763 5215 5216
f 5763 5216 5218
f 3116 3114 5721
f 5669 3171 3173
f 1429 4978 5226
f 1433 1429 1431
f 4919 4921 5381
f 4483 4481 4583
f 4107 5832 4105
f 4105 5832 5117
f 4105 5117 4103
f 4103 5117 5119
f 4103 5119 4101
f 1375 1377 5833
f 5833 1377 5743
f 5833 5743 5834
f 5834 5743 5744
f 5834 5744 5808
f 5808 5744 5745
f 3567 4888 5519
f 5519 4888 5053
f 183 5466 181
f 181 5466 5464
f 181 5464 5835
f 5835 5464 5462
f 5835 5462 5836
f 5836 5462 5460
f 5836 5460 5458
f 4875 5749 4877
f 4877 5749 5750
f 4877 5750 5751
f 4319 4321 4323
f 2604 2602 5837
f 5837 2602 2600
f 5837 2600 5838
f 5838 2600 2598
f 5838 2598 5558
f 5558 2598 2596
f 5558 2596 5559
f 5559 2596 2594
f 5559 2594 5560
f 5560 2594 2592
f 5329 5521 5331
f 5331 5521 5522
f 5331 5522 5333
f 5333 5522 5523
f 5333 5523 5335
f 244 246 5839
f 5839 246 248
f 5839 248 4529
f 4529 248 5840
f 4529 5840 4531
f 4531 5840 5841
f 4531 5841 4533
f 4533 5841 5842
f 4533 5842 4535
f 4535 5842 5843
f 4535 5843 4537
f 4537 5843 4964
f 5328 5330 5805
f 5805 5330 5332
f 5805 5332 5806
f 5806 5332 5334
f 4780 4778 4782
f 4782 4778 4784
f 1370 2278 1372
f 4465 4463 5844
f 5844 4463 4461
f 5844 4461 5845
f 5845 4461 5658
f 5845 5658 5846
f 5846 5658 5847
f 5846 5847 5848
f 5848 5847 5849
f 5848 5849 5850
f 5850 5849 5851
f 5850 5851 5852
f 5852 5851 5853
f 5852 5853 5854
f 5854 5853 5855
f 5854 5855 5856
f 5856 5855 5857
f 5856 5857 5858
f 5858 5857 5859
f 5858 5859 5531
f 5531 5859 3177
f 5531 3177 3179
f 5473 5471 5716
f 5716 5471 4470
f 5716 4470 4478
f 4478 4470 4472
f 4478 4472 4474
f 4132 4130 5860
f 5860 4130 5861
f 5860 5861 5862
f 5862 5861 5863
f 5862 5863 5864
f 5864 5863 5865
f 5864 5865 4916
f 4916 5865 5866
f 4916 5866 4918
f 4918 5866 5867
f 4918 5867 4920
f 4920 5867 5831
f 4920 5831 4922
f 4922 5831 4924
f 5707 5705 171
f 171 5705 5703
f 171 5703 169
f 3525 3742 3527
f 5707 173 5709
f 5709 173 5868
f 5709 5868 5711
f 5711 5868 175
f 5711 175 177
f 4458 4462 4456
f 4456 4462 5816
f 4456 5816 4454
f 4589 5508 5869
f 5869 5508 5509
f 5869 5509 4584
f 4584 5509 5511
f 4584 5511 4582
f 1428 5756 5870
f 5870 5756 5757
f 5870 5757 5758
f 3901 3903 5871
f 5871 3903 5872
f 5871 5872 5873
f 5873 5872 5874
f 5873 5874 5875
f 5875 5874 5876
f 5875 5876 5877
f 5877 5876 5878
f 5877 5878 5879
f 5879 5878 5880
f 5879 5880 5881
f 5881 5880 4905
f 5881 4905 4779
f 4779 4905 4777
f 1438 1436 5882
f 5882 1436 1434
f 5882 1434 5883
f 5883 1434 1432
f 5883 1432 5870
f 5870 1432 1430
f 5870 1430 1428
f 1384 2275 4423
f 4423 2275 2276
f 4423 2276 2277
f 5765 3135 3137
f 5517 5742 5518
f 5518 5742 5884
f 5518 5884 5885
f 5885 5884 5886
f 5885 5886 5887
f 5887 5886 5888
f 5887 5888 5889
f 5889 5888 5890
f 5889 5890 5891
f 5891 5890 5892
f 5891 5892 5893
f 5893 5892 5894
f 5893 5894 1393
f 1393 5894 1389
f 1393 1389 1391
f 5118 5116 5120
f 1383 1385 5894
f 5894 1385 1387
f 5894 1387 1389
f 5669 5667 5828
f 5816 4464 5817
f 5817 4464 5470
f 5817 5470 5472
f 5732 5644 5730
f 5730 5644 5646
f 5730 5646 5647
f 2610 2608 5895
f 5895 2608 5896
f 5895 5896 5897
f 5897 5896 5898
f 5897 5898 5899
f 5899 5898 5900
f 5899 5900 5901
f 5901 5900 5902
f 5901 5902 5903
f 5903 5902 5904
f 5903 5904 3751
f 3751 5904 4320
f 3751 4320 3753
f 5812 5814 3568
f 3568 5814 5815
f 3568 5815 3566
f 3149 3151 5905
f 5905 3151 5906
f 5905 5906 5907
f 5907 5906 5908
f 5907 5908 5826
f 5826 5908 5909
f 5826 5909 5827
f 5827 5909 3161
f 5827 3161 3163
f 3932 5360 4085
f 4085 5360 5361
f 4085 5361 4083
f 4083 5361 5363
f 4083 5363 4081
f 5868 173 175
f 237 5403 239
f 239 5403 5910
f 239 5910 5911
f 5911 5910 5912
f 5911 5912 5913
f 5913 5912 5164
f 5913 5164 5914
f 5914 5164 5166
f 5914 5166 5168
f 4209 4713 4211
f 4211 4713 4711
f 4211 4711 4215
f 4215 4711 5915
f 4215 5915 5319
f 5319 5915 4709
f 4711 4709 5915
f 3934 4084 3936
f 5458 5456 5916
f 5916 5456 5917
f 5916 5917 5918
f 5918 5917 5919
f 5918 5919 5920
f 5920 5919 5921
f 5920 5921 5922
f 5922 5921 5712
f 5922 5712 5836
f 5836 5712 5713
f 5836 5713 5835
f 5835 5713 181
f 4603 4599 4601
f 5684 5747 5682
f 1384 1382 2275
f 2275 1382 5923
f 2275 5923 2273
f 2273 5923 1382
f 2273 1382 1380
f 3744 3746 5126
f 5126 3746 3748
f 5808 1373 5834
f 5834 1373 1375
f 5834 1375 5833
f 3153 3155 5906
f 5906 3155 5924
f 5906 5924 5908
f 5908 5924 3159
f 5908 3159 5909
f 5909 3159 3161
f 173 5707 171
f 1374 2274 1376
f 5424 5423 5719
f 4324 4322 5535
f 5250 5248 5306
f 5306 5248 5246
f 5306 5246 5925
f 5925 5246 5244
f 5925 5244 5312
f 5312 5244 5242
f 5312 5242 5240
f 1993 4871 1991
f 4473 5926 5927
f 5927 5926 5850
f 5927 5850 5928
f 5928 5850 5852
f 5928 5852 5929
f 5929 5852 5930
f 5929 5930 5931
f 5931 5930 5932
f 5931 5932 5933
f 5933 5932 5934
f 5933 5934 5935
f 5935 5934 5936
f 5935 5936 5937
f 5937 5936 5938
f 5937 5938 5939
f 5939 5938 5940
f 5939 5940 5941
f 5941 5940 5942
f 5941 5942 5943
f 5943 5942 5944
f 5943 5944 5536
f 5536 5944 5533
f 5536 5533 5534
f 3177 5859 3175
f 3175 5859 5857
f 3175 5857 5945
f 5945 5857 5668
f 5945 5668 5670
f 1210 1211 5946
f 5946 1211 1213
f 5946 1213 5947
f 5947 1213 1215
f 5947 1215 5948
f 5948 1215 1217
f 5948 1217 4962
f 4962 1217 1219
f 4962 1219 1221
f 5945 5670 3175
f 1441 5822 1439
f 1439 5822 5820
f 1439 5820 1437
f 1437 5820 5949
f 1437 5949 1435
f 1435 5949 4980
f 5820 5818 5949
f 5949 5818 4980
f 5139 5137 5368
f 5368 5137 5417
f 5368 5417 5370
f 4455 5807 4457
f 4911 5377 4909
f 4909 5377 5824
f 4909 5824 4907
f 1451 1453 4876
f 5852 5854 5930
f 5930 5854 5950
f 5930 5950 5951
f 5951 5950 5952
f 5951 5952 5942
f 5942 5952 5953
f 5942 5953 5944
f 5944 5953 5532
f 5944 5532 5533
f 1397 5819 1395
f 1395 5819 5954
f 1395 5954 1393
f 1393 5954 5955
f 1393 5955 5893
f 5893 5955 5956
f 5893 5956 5891
f 5891 5956 5957
f 5891 5957 5889
f 5889 5957 5958
f 5889 5958 5887
f 5887 5958 3569
f 5887 3569 5518
f 3155 3157 5924
f 5924 3157 3159
f 5379 4915 4917
f 4962 4964 5948
f 5948 4964 5843
f 5948 5843 5947
f 5947 5843 5842
f 5947 5842 5959
f 5959 5842 5841
f 5959 5841 5946
f 5946 5841 1209
f 5946 1209 1210
f 4479 4583 4481
f 5816 4462 4464
f 5008 4712 5671
f 5671 4712 4714
f 5671 4714 5673
f 5673 4714 5960
f 5673 5960 5961
f 5961 5960 4205
f 5961 4205 4203
f 4532 4528 4530
f 5878 4908 5880
f 5880 4908 4906
f 5880 4906 4905
f 1473 1466 5962
f 5962 1466 5963
f 5962 5963 5964
f 5964 5963 5965
f 5964 5965 5966
f 5966 5965 5967
f 5966 5967 5968
f 5968 5967 5969
f 5968 5969 5970
f 5970 5969 5761
f 5970 5761 3119
f 3119 5761 5762
f 3119 5762 3117
f 1378 2273 1380
f 4597 4599 5510
f 5422 5719 5423
f 5950 5971 5952
f 5952 5971 5858
f 5952 5858 5953
f 5953 5858 5531
f 5953 5531 5532
f 5886 5884 5888
f 5888 5884 1379
f 5888 1379 5890
f 5890 1379 1381
f 5890 1381 5892
f 5892 1381 1383
f 5892 1383 5894
f 4197 5972 4199
f 4199 5972 5973
f 4199 5973 5974
f 5974 5973 5975
f 5974 5975 5976
f 5976 5975 5977
f 5976 5977 5978
f 5978 5977 5979
f 5978 5979 5980
f 5980 5979 5981
f 5980 5981 5683
f 5683 5981 5617
f 5683 5617 5619
f 5743 1377 5741
f 3925 3927 5982
f 5982 3927 3929
f 5982 3929 5983
f 5983 3929 3931
f 5983 3931 5984
f 5984 3931 5017
f 5984 5017 5985
f 5985 5017 5019
f 5985 5019 5581
f 5581 5019 5021
f 5205 1469 1471
f 5570 3579 5569
f 5569 3579 3577
f 5569 3577 5568
f 5611 5612 5616
f 5676 5678 5829
f 5829 5678 5680
f 5829 5680 5746
f 3120 3118 5422
f 5643 5764 5645
f 5742 1379 5884
f 5215 5213 5214
f 1457 1989 1455
f 1455 1989 1991
f 1455 1991 4872
f 1466 1464 5963
f 5963 1464 5986
f 5963 5986 5965
f 5965 5986 5987
f 5965 5987 5988
f 5988 5987 5989
f 5988 5989 5990
f 5990 5989 5991
f 5990 5991 5758
f 5758 5991 5870
f 5986 1462 5987
f 5987 1462 5992
f 5987 5992 5989
f 5989 5992 5993
f 5989 5993 5991
f 5991 5993 5883
f 5991 5883 5870
f 5887 5518 5885
f 5486 5487 5994
f 5994 5487 5748
f 5994 5748 5484
f 5484 5748 5483
f 3820 3818 3822
f 3822 3818 5995
f 3822 5995 3823
f 3823 5995 5755
f 3823 5755 3824
f 4468 5470 4466
f 4466 5470 4464
f 5668 5857 5996
f 5996 5857 5855
f 5996 5855 5997
f 5997 5855 5853
f 5997 5853 5851
f 5851 5849 5997
f 5997 5849 5998
f 5997 5998 5996
f 5996 5998 5666
f 5996 5666 5668
f 5761 5969 5760
f 5760 5969 5999
f 5760 5999 6000
f 6000 5999 5990
f 6000 5990 5759
f 5759 5990 5758
f 6000 5759 5760
f 5543 5937 5541
f 5541 5937 5939
f 5541 5939 5539
f 5539 5939 5941
f 5539 5941 5537
f 5537 5941 5943
f 5537 5943 5536
f 5212 1473 6001
f 6001 1473 5964
f 6001 5964 6002
f 6002 5964 5966
f 6002 5966 6003
f 6003 5966 5968
f 6003 5968 3121
f 3121 5968 5970
f 3121 5970 3119
f 2595 2597 5811
f 5811 2597 6004
f 5811 6004 5810
f 5810 6004 6005
f 5810 6005 6006
f 6006 6005 6007
f 6006 6007 6008
f 6008 6007 6009
f 6008 6009 6010
f 6010 6009 6011
f 6010 6011 6012
f 6012 6011 6013
f 6012 6013 6014
f 6014 6013 3897
f 6014 3897 6015
f 6015 3897 6016
f 6015 6016 6017
f 6017 6016 3899
f 6017 3899 3901
f 5819 5821 6018
f 6018 5821 6019
f 6018 6019 6020
f 6020 6019 3575
f 6020 3575 5957
f 5957 3575 3573
f 5957 3573 5958
f 5958 3573 3571
f 5958 3571 3569
f 5319 4217 4215
f 5540 5538 5904
f 5904 5538 4322
f 5904 4322 4320
f 3570 5812 3568
f 5651 5647 5649
f 5813 5814 5812
f 3130 3128 6021
f 6021 3128 3126
f 6021 3126 6022
f 6022 3126 3124
f 6022 3124 6023
f 6023 3124 5421
f 6023 5421 3152
f 3152 5421 3154
f 5955 5954 5956
f 5956 5954 6020
f 5956 6020 5957
f 5877 5879 4781
f 4781 5879 5881
f 4781 5881 4779
f 3523 3739 3524
f 3524 3739 3525
f 6020 5954 6018
f 6018 5954 5819
f 6017 6024 6025
f 6025 6024 6026
f 6025 6026 6027
f 6027 6026 5877
f 6027 5877 6028
f 6028 5877 4781
f 6028 4781 6029
f 6029 4781 4783
f 6029 4783 5809
f 3147 3149 6030
f 6030 3149 5905
f 6030 5905 5825
f 5825 5905 5907
f 5825 5907 5826
f 4457 5807 4459
f 3522 2618 6031
f 6031 2618 6032
f 6031 6032 6033
f 6033 6032 6034
f 6033 6034 6035
f 6035 6034 6036
f 6035 6036 3749
f 3749 6036 5903
f 3749 5903 3751
f 4460 4462 4458
f 4584 4585 5869
f 5869 4585 4587
f 5869 4587 4589
f 5580 5582 5754
f 5754 5582 5583
f 5829 5674 5676
f 1452 1446 1458
f 1458 1446 6037
f 1458 6037 1460
f 1460 6037 6038
f 1460 6038 6039
f 6039 6038 6040
f 6039 6040 5992
f 5992 6040 6041
f 5992 6041 5993
f 5993 6041 5882
f 5993 5882 5883
f 3150 3148 6042
f 6042 3148 3146
f 6042 3146 6043
f 6043 3146 3142
f 6043 3142 6044
f 6044 3142 3140
f 6044 3140 6045
f 6045 3140 3138
f 6045 3138 3136
f 3136 3134 6045
f 6045 3134 3132
f 6045 3132 3130
f 5660 5662 5998
f 5998 5662 5664
f 5998 5664 5666
f 1451 1447 1449
f 242 244 4527
f 4527 244 5839
f 4527 5839 4529
f 5450 5448 6046
f 6046 5448 5706
f 6046 5706 6047
f 6047 5706 6048
f 6047 6048 5921
f 5921 6048 5710
f 5921 5710 5712
f 3151 3153 5906
f 5545 5547 6049
f 6049 5547 6050
f 6049 6050 6051
f 6051 6050 6052
f 6051 6052 6053
f 6053 6052 4592
f 6053 4592 6054
f 6054 4592 4590
f 6054 4590 6055
f 6055 4590 4588
f 6055 4588 6056
f 6056 4588 4586
f 6056 4586 4477
f 4477 4586 4479
f 5950 5854 5971
f 5971 5854 5856
f 5971 5856 5858
f 5648 3143 5650
f 5650 3143 3145
f 5650 3145 5654
f 5654 3145 6057
f 5654 6057 5655
f 5655 6057 3147
f 5655 3147 6030
f 5969 5967 5999
f 5999 5967 5965
f 5999 5965 5988
f 3740 6058 3743
f 3743 6058 6035
f 3743 6035 3745
f 3745 6035 3749
f 3745 3749 3747
f 3121 3123 6003
f 6003 3123 3125
f 6003 3125 3127
f 3124 3122 5421
f 5208 1471 5210
f 5210 1471 1473
f 5210 1473 5212
f 6040 1440 6041
f 6041 1440 1438
f 6041 1438 5882
f 3581 3574 3576
f 5650 5654 5652
f 4478 4474 4476
f 4459 5656 4461
f 5988 5990 5999
f 5706 5708 6048
f 6048 5708 5710
f 3152 3150 6023
f 6023 3150 6042
f 6023 6042 6022
f 6022 6042 6043
f 6022 6043 6044
f 2627 5364 2625
f 2625 5364 6059
f 2625 6059 2623
f 2623 6059 6060
f 2623 6060 6061
f 6061 6060 6062
f 6061 6062 6063
f 6063 6062 5362
f 6063 5362 6064
f 6064 5362 5357
f 6064 5357 5355
f 5821 5823 6019
f 6019 5823 1443
f 6019 1443 1445
f 6027 6028 6008
f 6008 6028 6029
f 6008 6029 6006
f 6006 6029 5809
f 6006 5809 5810
f 6065 6066 6067
f 6067 6066 4179
f 6067 4179 6068
f 6068 4179 4177
f 6068 4177 6069
f 6069 4177 4175
f 6069 4175 6070
f 6070 4175 4173
f 6070 4173 6071
f 6071 4173 4171
f 6071 4171 6072
f 6072 4171 6073
f 6072 6073 6074
f 6074 6073 6075
f 6074 6075 6076
f 6076 6075 6077
f 6076 6077 6078
f 6078 6077 6079
f 6078 6079 6080
f 6080 6079 6081
f 6080 6081 6082
f 6082 6081 6083
f 6082 6083 6084
f 6084 6083 6085
f 6084 6085 6086
f 6086 6085 6087
f 6086 6087 6065
f 6065 6087 6088
f 6065 6088 6089
f 6089 6088 6090
f 6089 6090 6091
f 6091 6090 6092
f 6091 6092 5605
f 5605 6092 6093
f 5605 6093 5607
f 5607 6093 6094
f 5607 6094 5609
f 5609 6094 5463
f 5609 5463 5465
f 4600 4598 5557
f 5557 4598 6095
f 5557 6095 6096
f 6096 6095 6097
f 6096 6097 6098
f 6098 6097 6099
f 6098 6099 5553
f 5553 6099 5549
f 5553 5549 5551
f 5486 5994 5485
f 4471 4469 5926
f 5926 4469 4467
f 5926 4467 6100
f 6100 4467 4465
f 6100 4465 5844
f 5485 5994 5484
f 5161 5159 6101
f 6101 5159 5404
f 6101 5404 5797
f 5797 5404 5406
f 5797 5406 6102
f 6102 5406 5408
f 6102 5408 5799
f 1990 1459 5482
f 5482 1459 1461
f 5482 1461 1463
f 1452 1458 1454
f 1454 1458 1456
f 5448 5446 5704
f 5704 5446 5800
f 5704 5800 5702
f 5702 5800 5802
f 5702 5802 5700
f 3741 3740 3743
f 5655 6030 5657
f 5657 6030 5825
f 3577 3575 5567
f 5567 3575 6019
f 5567 6019 1445
f 3131 5212 3129
f 3129 5212 6001
f 3129 6001 3127
f 3127 6001 6002
f 3127 6002 6003
f 1452 1450 1446
f 6022 6044 6021
f 6021 6044 6045
f 6021 6045 3130
f 5934 5932 5936
f 5936 5932 5951
f 5936 5951 5940
f 5940 5951 5942
f 5862 6103 6104
f 6104 6103 4914
f 6104 4914 6105
f 6105 4914 4912
f 6105 4912 5874
f 5874 4912 4910
f 5874 4910 5876
f 5876 4910 4908
f 5876 4908 5878
f 3142 3146 3144
f 4461 5656 5658
f 1450 1448 1446
f 5658 5660 5847
f 5847 5660 5998
f 5847 5998 5849
f 5836 5458 5922
f 5922 5458 5916
f 5922 5916 5918
f 5550 5548 6106
f 6106 5548 5546
f 6106 5546 6107
f 6107 5546 5544
f 6107 5544 6108
f 6108 5544 6109
f 6108 6109 5902
f 5902 6109 5540
f 5902 5540 5904
f 1470 1468 1472
f 1447 5567 1445
f 3147 6057 3145
f 4471 5926 4473
f 2607 6110 2605
f 2605 6110 6111
f 2605 6111 2603
f 2603 6111 6112
f 2603 6112 6113
f 6113 6112 6114
f 6113 6114 6115
f 6115 6114 6004
f 6115 6004 2597
f 2601 6113 2599
f 2599 6113 6115
f 2599 6115 2597
f 5846 5848 5845
f 5845 5848 6100
f 5845 6100 5844
f 5706 5448 5704
f 1446 1444 6037
f 6037 1444 1442
f 6037 1442 6038
f 6038 1442 1440
f 6038 1440 6040
f 5403 5158 5910
f 5910 5158 5160
f 5910 5160 5912
f 5912 5160 5162
f 5912 5162 5164
f 5929 5931 6116
f 6116 5931 6117
f 6116 6117 6118
f 6118 6117 6055
f 6118 6055 4475
f 4475 6055 6056
f 4475 6056 4477
f 3931 3933 5017
f 5312 5310 5925
f 5925 5310 5308
f 5925 5308 5306
f 4589 4591 5508
f 5508 4591 5507
f 2604 5837 5552
f 5552 5837 6119
f 5552 6119 5554
f 5554 6119 5838
f 5554 5838 5556
f 5556 5838 5558
f 5328 5805 6120
f 6120 5805 5804
f 6120 5804 6121
f 6121 5804 5803
f 6121 5803 5436
f 5436 5803 5438
f 4126 5130 6122
f 6122 5130 5132
f 6122 5132 6123
f 6123 5132 5830
f 6123 5830 5867
f 5867 5830 5831
f 1460 6039 1462
f 1462 6039 5992
f 5450 6046 6124
f 6124 6046 6047
f 6124 6047 5919
f 5919 6047 5921
f 5964 1473 5962
f 239 5911 241
f 241 5911 5913
f 241 5913 6125
f 6125 5913 5914
f 6125 5914 5168
f 4120 4118 6126
f 6126 4118 5413
f 6126 5413 6127
f 6127 5413 6128
f 6127 6128 5135
f 5135 6128 5416
f 5135 5416 5137
f 5137 5416 5417
f 3740 3522 6058
f 6058 3522 6031
f 6058 6031 6033
f 5683 5681 5980
f 5980 5681 5679
f 5980 5679 5978
f 5978 5679 6129
f 5978 6129 5976
f 5976 6129 6130
f 5976 6130 6131
f 6131 6130 4203
f 6131 4203 4201
f 5926 6100 5850
f 6100 5848 5850
f 1464 1462 5986
f 6099 6097 6132
f 6132 6097 6095
f 6132 6095 4596
f 4596 6095 4598
f 4197 4195 5972
f 5972 4195 6133
f 5972 6133 5973
f 5973 6133 6134
f 5973 6134 5975
f 5975 6134 6135
f 5975 6135 5977
f 5977 6135 6136
f 5977 6136 5979
f 5979 6136 6137
f 5979 6137 5981
f 5981 6137 5615
f 5981 5615 5617
f 5932 5930 5951
f 4475 4473 6118
f 6118 4473 5927
f 6118 5927 6116
f 6116 5927 5928
f 6116 5928 5929
f 5936 5940 5938
f 6034 5899 6036
f 6036 5899 5901
f 6036 5901 5903
f 6063 6064 6061
f 6061 6064 5355
f 6061 5355 2621
f 2621 5355 5353
f 2621 5353 6138
f 6138 5353 5351
f 6138 5351 6139
f 6139 5351 5349
f 6139 5349 6140
f 6140 5349 5347
f 6140 5347 6141
f 6141 5347 6142
f 6141 6142 6143
f 6143 6142 3895
f 6143 3895 6144
f 6144 3895 6013
f 6144 6013 6145
f 6145 6013 6011
f 6145 6011 6146
f 6146 6011 6147
f 6146 6147 6148
f 6148 6147 6009
f 6148 6009 6149
f 6149 6009 6007
f 6149 6007 6114
f 6114 6007 6005
f 6114 6005 6004
f 5918 5920 5922
f 6033 6035 6058
f 5544 5542 6109
f 6109 5542 5540
f 5553 5555 6098
f 6098 5555 5557
f 6098 5557 6096
f 6059 5364 6060
f 6060 5364 5362
f 6060 5362 6062
f 3928 3926 6150
f 6150 3926 5358
f 6150 5358 3930
f 3930 5358 5360
f 3930 5360 3932
f 4596 4594 6132
f 6132 4594 4592
f 6132 4592 6052
f 3925 5982 6151
f 6151 5982 5983
f 6151 5983 6152
f 6152 5983 5984
f 6152 5984 6153
f 6153 5984 5985
f 6153 5985 5581
f 5581 5579 6153
f 6153 5579 6154
f 6153 6154 6152
f 6152 6154 3812
f 6152 3812 6155
f 6155 3812 3810
f 6155 3810 6156
f 6156 3810 6157
f 6156 6157 6158
f 6158 6157 6151
f 6158 6151 6152
f 5755 5995 5753
f 5753 5995 3818
f 5753 3818 3816
f 6106 6107 5896
f 5896 6107 6159
f 5896 6159 5898
f 5898 6159 6108
f 5898 6108 5900
f 5900 6108 5902
f 5543 5545 5937
f 5937 5545 6160
f 5937 6160 5935
f 5935 6160 6161
f 5935 6161 5933
f 5933 6161 6054
f 5933 6054 6162
f 6162 6054 6055
f 6162 6055 6117
f 6117 5931 6162
f 6162 5931 5933
f 6163 6164 6165
f 6165 6164 6166
f 6165 6166 6167
f 6167 6166 6168
f 6167 6168 6079
f 6079 6168 6164
f 6079 6164 6081
f 6081 6164 6163
f 6081 6163 6083
f 6083 6163 5457
f 6083 5457 6085
f 6085 5457 5459
f 6085 5459 6169
f 6169 5459 5461
f 6169 5461 6170
f 6170 5461 5463
f 6170 5463 6094
f 4213 4211 4215
f 4128 4126 6171
f 6171 4126 6172
f 6171 6172 5865
f 5865 6172 6123
f 5865 6123 5866
f 5866 6123 5867
f 6130 5677 5961
f 5961 5677 5675
f 5961 5675 5673
f 4111 4113 6173
f 6173 4113 6174
f 6173 6174 6175
f 6175 6174 6176
f 6175 6176 6177
f 6177 6176 6178
f 6177 6178 6179
f 6179 6178 6180
f 6179 6180 6181
f 6181 6180 6182
f 6181 6182 6183
f 6183 6182 6184
f 6183 6184 6185
f 6185 6184 6186
f 6185 6186 6187
f 6187 6186 6188
f 6187 6188 6189
f 6189 6188 6190
f 6189 6190 5832
f 5832 6190 6191
f 5832 6191 5117
f 5117 6191 5115
f 5797 6102 5799
f 4189 4187 6192
f 6192 4187 5599
f 6192 5599 6193
f 6193 5599 5600
f 6193 5600 6194
f 6194 5600 5602
f 6194 5602 6195
f 6195 5602 5604
f 6195 5604 6196
f 6196 5604 5606
f 6196 5606 6197
f 6197 5606 5610
f 6197 5610 5615
f 5608 5610 5606
f 6192 6193 6198
f 6198 6193 6194
f 6198 6194 6199
f 6199 6194 6195
f 6199 6195 6136
f 6136 6195 6196
f 6136 6196 6137
f 6137 6196 6197
f 6137 6197 5615
f 4218 5113 4216
f 5871 5873 6024
f 6024 5873 5875
f 6024 5875 6026
f 6026 5875 5877
f 5768 6200 6201
f 6201 6200 6202
f 6201 6202 6203
f 6203 6202 6204
f 6203 6204 6205
f 6205 6204 6206
f 6205 6206 6207
f 6207 6206 6208
f 6207 6208 6209
f 6209 6208 6210
f 6209 6210 6211
f 6211 6210 6212
f 6211 6212 6213
f 6213 6212 6214
f 6213 6214 6215
f 6215 6214 6216
f 6215 6216 6217
f 6217 6216 6218
f 6217 6218 6219
f 6219 6218 6220
f 6219 6220 6221
f 6221 6220 6222
f 6221 6222 6223
f 6223 6222 6224
f 6223 6224 6225
f 6225 6224 6226
f 6225 6226 6227
f 6227 6226 6228
f 6227 6228 5247
f 5247 6228 6229
f 5247 6229 5245
f 5245 6229 5798
f 5245 5798 5243
f 5946 5947 5959
f 5801 5444 5442
f 5456 6230 5917
f 5917 6230 6231
f 5917 6231 5919
f 5919 6231 5450
f 5919 5450 6124
f 5440 5438 5803
f 5545 6049 6160
f 6160 6049 6051
f 6160 6051 6161
f 6161 6051 6054
f 6053 6054 6051
f 4714 4207 5960
f 2614 5895 6232
f 6232 5895 5897
f 6232 5897 6032
f 6032 5897 5899
f 6032 5899 6034
f 5838 6119 5837
f 5547 5549 6050
f 6050 5549 6099
f 6050 6099 6052
f 6052 6099 6132
f 3817 3819 6233
f 6233 3819 6234
f 6233 6234 6235
f 6235 6234 6236
f 6235 6236 6237
f 6237 6236 6238
f 6237 6238 6239
f 6239 6238 6240
f 6239 6240 6241
f 6241 6240 3821
f 6241 3821 1216
f 1216 3821 1218
f 5103 5105 6242
f 6242 5105 5107
f 6242 5107 6243
f 6243 5107 5109
f 6243 5109 6244
f 6244 5109 6245
f 6244 6245 6246
f 6246 6245 5112
f 6246 5112 6247
f 6247 5112 5114
f 6247 5114 6191
f 6191 5114 5115
f 5862 5864 6103
f 6103 5864 4916
f 6103 4916 4914
f 4112 4110 5415
f 5415 4110 4108
f 5415 4108 4106
f 6159 6107 6108
f 6121 5434 6120
f 6120 5434 5326
f 6120 5326 5328
f 6017 6025 6010
f 6010 6025 6027
f 6010 6027 6008
f 2621 2623 6061
f 1209 5841 6248
f 6248 5841 5840
f 6248 5840 248
f 6085 6169 6087
f 6087 6169 6170
f 6087 6170 6088
f 6088 6170 6094
f 6088 6094 6092
f 6092 6094 6093
f 2609 2611 6249
f 6249 2611 6250
f 6249 6250 6251
f 6251 6250 6146
f 6251 6146 6252
f 6252 6146 6148
f 6252 6148 6253
f 6253 6148 6149
f 6253 6149 6254
f 6254 6149 6114
f 6254 6114 6112
f 2603 6113 2601
f 2614 6232 2616
f 2616 6232 6032
f 2616 6032 2618
f 5456 5454 6230
f 6230 5454 5452
f 6230 5452 6231
f 6231 5452 5450
f 4214 4216 5113
f 5793 5161 5795
f 5795 5161 6101
f 5795 6101 5797
f 3930 3928 6150
f 5180 253 6255
f 6255 253 251
f 6255 251 6256
f 6256 251 249
f 6256 249 6257
f 6257 249 247
f 6257 247 6258
f 6258 247 245
f 6258 245 6259
f 6259 245 243
f 6259 243 241
f 241 6125 6259
f 6259 6125 6260
f 6259 6260 6261
f 6261 6260 5170
f 6261 5170 5172
f 1216 1214 6241
f 6241 1214 1212
f 6241 1212 6239
f 6239 1212 3791
f 6239 3791 3793
f 5679 5677 6129
f 5416 6128 5414
f 6179 6181 6262
f 6262 6181 6183
f 6262 6183 6263
f 6263 6183 6185
f 6263 6185 6264
f 6264 6185 6187
f 6264 6187 6265
f 6265 6187 6189
f 6265 6189 4109
f 4109 6189 5832
f 4109 5832 4107
f 4207 4205 5960
f 2604 5552 2606
f 2606 5552 5550
f 2606 5550 2608
f 2608 5550 6106
f 2608 6106 5896
f 6129 5677 6130
f 5439 5441 6266
f 6266 5441 5443
f 6266 5443 6267
f 6267 5443 6268
f 6267 6268 6269
f 6269 6268 6270
f 6269 6270 6271
f 6271 6270 6272
f 6271 6272 6273
f 6273 6272 6274
f 6273 6274 6275
f 6275 6274 6276
f 6275 6276 6277
f 6277 6276 6278
f 6277 6278 6279
f 6279 6278 6280
f 6279 6280 6281
f 6281 6280 6282
f 6281 6282 6283
f 6283 6282 6284
f 6283 6284 6285
f 6285 6284 6286
f 6285 6286 6287
f 6287 6286 6288
f 6287 6288 6289
f 6289 6288 6290
f 6289 6290 6291
f 6291 6290 6292
f 6291 6292 6293
f 6293 6292 6294
f 6293 6294 6295
f 6295 6294 6296
f 6295 6296 6297
f 6297 6296 6298
f 6297 6298 6299
f 6299 6298 6300
f 6299 6300 6301
f 6301 6300 6302
f 6301 6302 6303
f 6303 6302 6304
f 6303 6304 6305
f 6305 6304 6306
f 6305 6306 6307
f 6307 6306 6308
f 6307 6308 6309
f 6309 6308 4145
f 6309 4145 4143
f 6244 6246 6188
f 6188 6246 6247
f 6188 6247 6190
f 6190 6247 6191
f 3816 5578 5753
f 5445 5447 6270
f 6270 5447 6310
f 6270 6310 6272
f 6272 6310 6311
f 6272 6311 6312
f 6312 6311 6313
f 6312 6313 6314
f 6314 6313 6315
f 6314 6315 6316
f 6316 6315 6317
f 6316 6317 6318
f 6318 6317 6319
f 6318 6319 6320
f 6320 6319 6321
f 6320 6321 6322
f 6322 6321 6323
f 6322 6323 6324
f 6324 6323 6325
f 6324 6325 6326
f 6326 6325 6327
f 6326 6327 6328
f 6328 6327 6329
f 6328 6329 6330
f 6330 6329 6331
f 6330 6331 6332
f 6332 6331 6288
f 6332 6288 6286
f 6270 6268 5445
f 5445 6268 5443
f 5796 5798 6333
f 6333 5798 6229
f 6333 6229 6228
f 6252 6254 6334
f 6334 6254 6112
f 6334 6112 6111
f 5874 5872 6105
f 6105 5872 6335
f 6105 6335 6104
f 6104 6335 5860
f 6104 5860 5862
f 5434 6121 5436
f 6009 6147 6011
f 2615 2617 6139
f 6139 2617 2619
f 6139 2619 6138
f 6138 2619 2621
f 6123 6172 6122
f 2614 2612 5895
f 2610 5895 2612
f 5455 6163 6336
f 6336 6163 6165
f 6336 6165 5453
f 5453 6165 6337
f 5453 6337 5449
f 5449 6337 6310
f 5449 6310 5447
f 5453 5449 5451
f 5439 6266 5437
f 5437 6266 6338
f 5437 6338 6339
f 6339 6338 6340
f 6339 6340 6341
f 6341 6340 6342
f 6341 6342 6343
f 6343 6342 6344
f 6343 6344 6345
f 6345 6344 6346
f 6345 6346 6347
f 6347 6346 6348
f 6347 6348 6349
f 6349 6348 6350
f 6349 6350 5260
f 5260 6350 6351
f 5260 6351 5262
f 5262 6351 6352
f 5262 6352 6353
f 6353 6352 5266
f 6353 5266 5264
f 4130 4128 5861
f 5861 4128 6171
f 5861 6171 6354
f 6354 6171 5865
f 6354 5865 5863
f 5250 5306 5252
f 6252 6253 6254
f 5358 3926 5356
f 5356 3926 6355
f 5356 6355 6356
f 6356 6355 3922
f 6356 3922 6357
f 6357 3922 3885
f 6357 3885 3887
f 5131 4124 6358
f 6358 4124 4122
f 6358 4122 6359
f 6359 4122 6360
f 6359 6360 5133
f 5133 6360 6127
f 5133 6127 5135
f 3812 6154 3814
f 3814 6154 5579
f 5434 5324 5326
f 6130 5961 4203
f 2607 2609 6110
f 6110 2609 6249
f 6110 6249 6334
f 6334 6249 6251
f 6334 6251 6252
f 6334 6111 6110
f 5863 5861 6354
f 1209 6248 250
f 250 6248 248
f 6144 6145 6361
f 6361 6145 6250
f 6361 6250 6362
f 6362 6250 2611
f 6362 2611 6363
f 6363 2611 2613
f 6363 2613 6364
f 6364 2613 2615
f 6364 2615 6139
f 6088 6092 6090
f 6014 6015 6012
f 6012 6015 6017
f 6012 6017 6010
f 5871 6024 3901
f 6024 6017 3901
f 6238 6234 6240
f 6240 6234 3819
f 6240 3819 3821
f 6079 6077 6167
f 6167 6077 6313
f 6167 6313 6337
f 6337 6313 6311
f 6337 6311 6310
f 5457 6163 5455
f 6336 5453 5455
f 5414 6128 5413
f 6144 6361 6143
f 6143 6361 6362
f 6143 6362 6141
f 6141 6362 6365
f 6141 6365 6140
f 6140 6365 6364
f 6140 6364 6139
f 5323 5256 5520
f 5520 5256 5254
f 5520 5254 5305
f 6362 6363 6365
f 6365 6363 6364
f 5161 5793 5163
f 5346 5348 6366
f 6366 5348 5350
f 6366 5350 6367
f 6367 5350 5352
f 6367 5352 6356
f 6356 5352 5354
f 6356 5354 5356
f 6281 6368 6369
f 6369 6368 6370
f 6369 6370 6371
f 6371 6370 6372
f 6371 6372 6373
f 6373 6372 6374
f 6373 6374 6375
f 6375 6374 6376
f 6375 6376 6377
f 6377 6376 6340
f 6377 6340 6378
f 6378 6340 6338
f 6378 6338 6379
f 6379 6338 6266
f 6379 6266 6380
f 6380 6266 6267
f 6380 6267 6269
f 6172 4126 6122
f 6146 6250 6145
f 5788 5790 6381
f 6381 5790 6382
f 6381 6382 6383
f 6383 6382 6384
f 6383 6384 6385
f 6385 6384 5794
f 6385 5794 6333
f 6333 5794 5796
f 6155 6156 6152
f 6152 6156 6158
f 5320 5322 6386
f 6386 5322 6387
f 6386 6387 6343
f 6343 6387 6388
f 6343 6388 6341
f 6341 6388 5435
f 6341 5435 6339
f 6339 5435 5437
f 4206 4208 6389
f 6389 4208 4210
f 6389 4210 6390
f 6390 4210 6391
f 6390 6391 6392
f 6392 6391 6393
f 6392 6393 6394
f 6394 6393 6395
f 6394 6395 6396
f 6396 6395 6397
f 6396 6397 6398
f 6398 6397 6399
f 6398 6399 6400
f 6400 6399 6401
f 6400 6401 6402
f 6402 6401 6403
f 6402 6403 6404
f 6404 6403 6405
f 6404 6405 6406
f 6406 6405 6407
f 6406 6407 6408
f 6408 6407 6409
f 6408 6409 6410
f 6410 6409 6411
f 6410 6411 6412
f 6412 6411 6413
f 6412 6413 6414
f 6414 6413 6415
f 6414 6415 6416
f 6416 6415 6417
f 6416 6417 6418
f 6418 6417 6419
f 6418 6419 6420
f 6420 6419 6421
f 6420 6421 6422
f 6422 6421 6423
f 6422 6423 6424
f 6424 6423 6425
f 6424 6425 6426
f 6426 6425 6427
f 6426 6427 6428
f 6428 6427 6429
f 6428 6429 6430
f 6430 6429 6431
f 6430 6431 6432
f 6432 6431 6433
f 6432 6433 6434
f 6434 6433 6435
f 6434 6435 6436
f 6436 6435 6437
f 6436 6437 6438
f 6438 6437 6439
f 6438 6439 6440
f 6440 6439 6441
f 6440 6441 6442
f 6442 6441 6443
f 6442 6443 6444
f 6444 6443 6445
f 6444 6445 6446
f 6446 6445 364
f 6446 364 366
f 4183 4181 5601
f 5601 4181 6447
f 5601 6447 5603
f 5603 6447 6091
f 5603 6091 5605
f 6448 6273 6449
f 6449 6273 6450
f 6449 6450 6451
f 6451 6450 6452
f 6451 6452 6453
f 6453 6452 6378
f 6453 6378 6449
f 6449 6378 6379
f 6449 6379 6448
f 6448 6379 6454
f 6448 6454 6271
f 6271 6454 6380
f 6271 6380 6269
f 6359 5133 6455
f 6455 5133 5131
f 6455 5131 6358
f 3926 3924 6355
f 5860 6335 4132
f 4132 6335 5872
f 4132 5872 3905
f 3905 5872 3903
f 4210 4212 6391
f 6391 4212 6456
f 6391 6456 6393
f 6393 6456 5108
f 6393 5108 5106
f 4212 4214 6456
f 6456 4214 5110
f 6456 5110 5108
f 6013 3895 3897
f 5325 5323 5520
f 3920 3921 6457
f 6457 3921 3923
f 6457 3923 6157
f 6157 3923 3925
f 6157 3925 6151
f 6259 6261 6258
f 6258 6261 5172
f 6258 5172 5174
f 6175 6263 6173
f 6173 6263 6264
f 6173 6264 4111
f 4111 6264 6265
f 4111 6265 4109
f 3897 3899 6016
f 5275 6458 6459
f 6459 6458 6460
f 6459 6460 6461
f 6461 6460 6462
f 6461 6462 6463
f 6463 6462 6464
f 6463 6464 6465
f 6465 6464 6466
f 6465 6466 6467
f 6467 6466 6468
f 6467 6468 6469
f 6469 6468 6470
f 6469 6470 6471
f 6471 6470 6472
f 6471 6472 6473
f 6473 6472 6474
f 6473 6474 6475
f 6475 6474 6476
f 6475 6476 6477
f 6477 6476 6478
f 6477 6478 6479
f 6479 6478 6480
f 6479 6480 6481
f 6481 6480 6482
f 6481 6482 5249
f 5249 6482 6227
f 5249 6227 5247
f 6379 6380 6454
f 4181 4179 6447
f 6447 4179 6066
f 6447 6066 6091
f 6091 6066 6089
f 6089 6066 6065
f 5112 6245 5111
f 6165 6167 6337
f 6455 6358 6359
f 6273 6448 6271
f 3922 6355 3924
f 3887 6366 6357
f 6357 6366 6367
f 6357 6367 6356
f 6224 6385 6226
f 6226 6385 6333
f 6226 6333 6228
f 3914 6483 3892
f 3892 6483 6484
f 3892 6484 6485
f 6485 6484 6486
f 6485 6486 6487
f 6487 6486 3900
f 6487 3900 3898
f 3894 6485 3896
f 3896 6485 6487
f 3896 6487 3898
f 4193 4191 6488
f 6488 4191 6192
f 6488 6192 6489
f 6489 6192 6198
f 6489 6198 6135
f 6135 6198 6199
f 6135 6199 6136
f 6065 6067 6086
f 6086 6067 6068
f 6086 6068 6069
f 5435 6388 5433
f 5433 6388 6387
f 5433 6387 5322
f 5976 6131 5974
f 5974 6131 4201
f 5974 4201 4199
f 6126 6127 6490
f 6490 6127 6360
f 6490 6360 4122
f 3910 3908 6483
f 6483 3908 3906
f 6483 3906 6491
f 6491 3906 3904
f 6491 3904 6486
f 6486 3904 3902
f 6486 3902 3900
f 3813 3815 6492
f 6492 3815 3817
f 6492 3817 6493
f 6493 3817 6233
f 6493 6233 6494
f 6494 6233 6495
f 6494 6495 3805
f 3805 6495 6496
f 3805 6496 6497
f 6497 6496 6235
f 6497 6235 6498
f 6498 6235 6237
f 6498 6237 6499
f 6499 6237 3797
f 6499 3797 3799
f 6125 5168 6260
f 6272 6312 6274
f 6274 6312 6500
f 6274 6500 6276
f 6276 6500 6316
f 6276 6316 6278
f 6278 6316 6318
f 6278 6318 6501
f 6501 6318 6502
f 6501 6502 6503
f 6503 6502 6320
f 6503 6320 6322
f 5347 3893 6142
f 6142 3893 3895
f 6422 6424 6504
f 6504 6424 6505
f 6504 6505 6398
f 6398 6505 6506
f 6398 6506 6507
f 6507 6506 6508
f 6507 6508 6509
f 6509 6508 6510
f 6509 6510 6511
f 6511 6510 4206
f 6511 4206 6389
f 6389 6390 6511
f 6511 6390 6392
f 6511 6392 6509
f 6509 6392 6394
f 6509 6394 6396
f 5790 5791 6382
f 6382 5791 5792
f 6382 5792 6384
f 6384 5792 5794
f 3891 5346 3889
f 3889 5346 6366
f 3889 6366 3887
f 6493 6494 6512
f 6512 6494 3807
f 6512 3807 6513
f 6513 3807 3809
f 6513 3809 6514
f 6514 3809 3811
f 6514 3811 3813
f 6512 6513 6492
f 6492 6513 6514
f 6492 6514 3813
f 6477 6479 5251
f 5251 6479 6481
f 5251 6481 5249
f 6483 6491 6484
f 6484 6491 6486
f 5075 6515 6516
f 6516 6515 6517
f 6516 6517 6518
f 6518 6517 6519
f 6518 6519 6520
f 6520 6519 6521
f 6520 6521 6522
f 6522 6521 6523
f 6522 6523 6524
f 6524 6523 6525
f 6524 6525 6526
f 6526 6525 4123
f 6526 4123 6527
f 6527 4123 4125
f 6527 4125 4127
f 5061 5063 6528
f 6528 5063 6529
f 6528 6529 6530
f 6530 6529 6531
f 6530 6531 6532
f 6532 6531 6533
f 6532 6533 6534
f 6534 6533 6535
f 6534 6535 6536
f 6536 6535 6537
f 6536 6537 6538
f 6538 6537 6539
f 6538 6539 6540
f 6540 6539 6541
f 6540 6541 6542
f 6542 6541 6543
f 6542 6543 6544
f 6544 6543 6527
f 6544 6527 4129
f 4129 6527 4127
f 6528 6545 6546
f 6546 6545 6547
f 6546 6547 6548
f 6548 6547 6549
f 6548 6549 6550
f 6550 6549 6551
f 6550 6551 6552
f 6552 6551 6157
f 6552 6157 3810
f 6530 6532 6553
f 6553 6532 3917
f 6553 3917 6554
f 6554 3917 3919
f 6554 3919 6549
f 6549 3919 3920
f 6549 3920 6551
f 6551 3920 6457
f 6551 6457 6157
f 1212 3790 3791
f 6485 3894 3892
f 4204 4206 6555
f 6555 4206 6510
f 6555 6510 6508
f 6072 6082 6071
f 6071 6082 6084
f 6071 6084 6070
f 6070 6084 6086
f 6070 6086 6069
f 6166 6164 6168
f 5323 5321 5256
f 5093 5097 6556
f 6556 5097 6557
f 6556 6557 6558
f 6558 6557 5101
f 6558 5101 6559
f 6559 5101 6560
f 6559 6560 6561
f 6561 6560 6562
f 6561 6562 6184
f 6184 6562 6563
f 6184 6563 6186
f 6186 6563 6244
f 6186 6244 6188
f 4131 4133 6564
f 6564 4133 6565
f 6564 6565 6566
f 6566 6565 6567
f 6566 6567 6568
f 6568 6567 6569
f 6568 6569 6534
f 6534 6569 3913
f 6534 3913 3915
f 3913 6569 6570
f 6570 6569 6567
f 6570 6567 3909
f 3909 6567 6565
f 3909 6565 3907
f 3907 6565 4133
f 6126 6490 4120
f 6490 4122 4120
f 4129 4131 6544
f 6544 4131 6564
f 6544 6564 6542
f 6542 6564 6566
f 6542 6566 6571
f 6571 6566 6536
f 6571 6536 6538
f 6508 4200 6555
f 6555 4200 4202
f 6555 4202 4204
f 6236 6234 6238
f 5263 5265 6572
f 6572 5265 6473
f 6572 6473 5261
f 5261 6473 6475
f 5261 6475 6573
f 6573 6475 5253
f 6573 5253 5255
f 5255 5257 6573
f 6573 5257 5259
f 6573 5259 5261
f 6512 6492 6493
f 6451 6453 6449
f 5321 5258 5256
f 6316 6500 6314
f 6314 6500 6312
f 3810 3808 6552
f 6552 3808 6574
f 6552 6574 6548
f 6548 6574 6575
f 6548 6575 6546
f 6546 6575 5057
f 6546 5057 5059
f 5180 6255 5178
f 5178 6255 6256
f 5178 6256 5176
f 5176 6256 6257
f 5176 6257 5174
f 5174 6257 6258
f 3886 3918 3888
f 3888 3918 3916
f 3888 3916 3890
f 3890 3916 3914
f 3890 3914 3892
f 6475 6477 5253
f 5253 6477 5251
f 6369 6371 6576
f 6576 6371 6373
f 6576 6373 6577
f 6577 6373 6578
f 6577 6578 6579
f 6579 6578 6375
f 6579 6375 6452
f 6452 6375 6377
f 6452 6377 6378
f 6579 6452 6580
f 6580 6452 6450
f 6580 6450 6275
f 6275 6450 6273
f 6227 6482 6225
f 6225 6482 6480
f 6225 6480 6581
f 6581 6480 6472
f 6581 6472 6470
f 5109 5111 6245
f 6078 6080 6074
f 6074 6080 6082
f 6074 6082 6072
f 6135 6134 6489
f 6489 6134 6133
f 6489 6133 6488
f 6488 6133 4195
f 6488 4195 4193
f 6260 5168 5170
f 3914 3912 6483
f 6483 3912 3910
f 470 472 6582
f 6582 472 6583
f 6582 6583 6584
f 6584 6583 6585
f 6584 6585 6586
f 6586 6585 6587
f 6586 6587 6588
f 6588 6587 6589
f 6588 6589 6590
f 6590 6589 6591
f 6590 6591 6592
f 6592 6591 6593
f 6592 6593 6594
f 6594 6593 6595
f 6594 6595 6596
f 6596 6595 6597
f 6596 6597 6598
f 6598 6597 6599
f 6598 6599 6600
f 6600 6599 6601
f 6600 6601 6602
f 6602 6601 6603
f 6602 6603 6604
f 6604 6603 6605
f 6604 6605 6606
f 6606 6605 6607
f 6606 6607 6608
f 6608 6607 6609
f 6608 6609 6610
f 6610 6609 6342
f 6610 6342 6376
f 6376 6342 6340
f 3795 3797 3793
f 3793 3797 6237
f 3793 6237 6239
f 6495 6233 6496
f 6496 6233 6235
f 6518 6520 6611
f 6611 6520 6612
f 6611 6612 5069
f 5069 6612 6613
f 5069 6613 5067
f 5067 6613 6614
f 5067 6614 6615
f 6615 6614 6616
f 6615 6616 6617
f 6617 6616 6618
f 6617 6618 6541
f 6541 6618 6619
f 6541 6619 6543
f 6543 6619 6526
f 6543 6526 6527
f 6313 6077 6315
f 6315 6077 6620
f 6315 6620 6317
f 6317 6620 6621
f 6317 6621 6319
f 6319 6621 6622
f 6319 6622 6623
f 6623 6622 6624
f 6623 6624 6625
f 6625 6624 6626
f 6625 6626 6627
f 6627 6626 4155
f 6627 4155 6628
f 6628 4155 4153
f 6628 4153 6629
f 6629 4153 6630
f 6629 6630 6631
f 6631 6630 6632
f 6631 6632 6633
f 6633 6632 6634
f 6633 6634 6635
f 6635 6634 6636
f 6635 6636 6637
f 6637 6636 4145
f 6637 4145 6308
f 6552 6548 6550
f 4114 4118 4116
f 4117 4119 6523
f 6523 4119 4121
f 6523 4121 6525
f 6525 4121 4123
f 6570 3909 6638
f 6638 3909 3911
f 6638 3911 6570
f 6570 3911 3913
f 5057 6575 5055
f 5055 6575 6574
f 5055 6574 3806
f 3806 6574 3808
f 5177 5175 6639
f 6639 5175 5173
f 6639 5173 6640
f 6640 5173 6641
f 6640 6641 6642
f 6642 6641 6643
f 6642 6643 6644
f 6644 6643 6645
f 6644 6645 5787
f 5787 6645 5167
f 5787 5167 5789
f 5789 5167 5165
f 6078 6074 6076
f 6494 3805 3807
f 6560 5103 6562
f 6562 5103 6242
f 6562 6242 6563
f 6563 6242 6243
f 6563 6243 6244
f 6566 6568 6536
f 5180 255 253
f 6521 6519 4117
f 4117 6519 6646
f 4117 6646 4115
f 4115 6646 6174
f 4115 6174 4113
f 3917 6532 3915
f 5772 6647 6648
f 6648 6647 5776
f 6648 5776 6649
f 6649 5776 6650
f 6649 6650 6651
f 6651 6650 6652
f 6651 6652 6653
f 6653 6652 6654
f 6653 6654 6655
f 6655 6654 6656
f 6655 6656 6657
f 6657 6656 6658
f 6657 6658 6659
f 6659 6658 6660
f 6659 6660 6220
f 6220 6660 6383
f 6220 6383 6222
f 6222 6383 6385
f 6222 6385 6224
f 6526 6619 6524
f 6524 6619 6618
f 6524 6618 6661
f 6661 6618 6614
f 6661 6614 6613
f 6554 6549 6662
f 6662 6549 6547
f 6662 6547 6545
f 6545 6530 6662
f 6662 6530 6553
f 6662 6553 6554
f 6540 6542 6538
f 6538 6542 6571
f 3915 6532 6534
f 6568 6534 6536
f 6275 6277 6580
f 6580 6277 6279
f 6580 6279 6577
f 6577 6279 6369
f 6577 6369 6576
f 6343 6345 6386
f 6386 6345 6347
f 6386 6347 6349
f 6225 6581 6663
f 6663 6581 6664
f 6663 6664 6665
f 6665 6664 6666
f 6665 6666 6219
f 6219 6666 6667
f 6219 6667 6217
f 6217 6667 6668
f 6217 6668 6215
f 6215 6668 6669
f 6215 6669 6670
f 6670 6669 6671
f 6670 6671 6672
f 6672 6671 6673
f 6672 6673 6674
f 6674 6673 6675
f 6674 6675 6676
f 6676 6675 6677
f 6676 6677 6678
f 6678 6677 6679
f 6678 6679 6680
f 6680 6679 6458
f 6680 6458 6681
f 6681 6458 5277
f 6681 5277 6682
f 6682 5277 6683
f 6682 6683 6684
f 6684 6683 6685
f 6684 6685 6686
f 6686 6685 6687
f 6686 6687 6688
f 6688 6687 6689
f 6688 6689 6690
f 6690 6689 6691
f 6690 6691 6692
f 6692 6691 6693
f 6692 6693 6694
f 6694 6693 6695
f 6694 6695 6696
f 6696 6695 6697
f 6696 6697 6698
f 6698 6697 6699
f 6698 6699 6700
f 6700 6699 6701
f 6700 6701 6702
f 6702 6701 6703
f 6702 6703 6704
f 6704 6703 5291
f 6704 5291 5293
f 6219 6221 6665
f 6665 6221 6223
f 6665 6223 6663
f 6663 6223 6225
f 5058 5056 6705
f 6705 5056 3802
f 6705 3802 6706
f 6706 3802 3800
f 6706 3800 6707
f 6707 3800 3798
f 6707 3798 6708
f 6708 3798 6709
f 6708 6709 6710
f 6710 6709 6711
f 6710 6711 6712
f 6712 6711 6713
f 6712 6713 260
f 260 6713 3792
f 260 3792 258
f 3805 6497 3803
f 3803 6497 6498
f 3803 6498 6499
f 4155 6626 4157
f 4157 6626 6624
f 4157 6624 6714
f 6714 6624 6622
f 6714 6622 6715
f 6715 6622 6716
f 6715 6716 6717
f 6717 6716 6718
f 6717 6718 6719
f 6719 6718 6720
f 6719 6720 6075
f 6075 6720 6077
f 6622 6621 6716
f 6716 6621 6620
f 6716 6620 6720
f 6720 6620 6077
f 6480 6478 6472
f 6472 6478 6476
f 6472 6476 6474
f 6342 6609 6344
f 6344 6609 6721
f 6344 6721 6346
f 6346 6721 6722
f 6346 6722 6723
f 6723 6722 6724
f 6723 6724 6725
f 6725 6724 6726
f 6725 6726 6727
f 6727 6726 6728
f 6727 6728 6729
f 6729 6728 6730
f 6729 6730 6731
f 6731 6730 6732
f 6731 6732 6733
f 6733 6732 6734
f 6733 6734 6735
f 6735 6734 5268
f 6735 5268 5266
f 6386 6349 5320
f 4117 6523 6521
f 6349 5260 5320
f 6179 6262 6177
f 6177 6262 6263
f 6177 6263 6175
f 300 6736 6737
f 6737 6736 6738
f 6737 6738 6739
f 6739 6738 6740
f 6739 6740 6741
f 6741 6740 6742
f 6741 6742 6743
f 6743 6742 6744
f 6743 6744 6745
f 6745 6744 6746
f 6745 6746 6747
f 6747 6746 6748
f 6747 6748 5096
f 5096 6748 6749
f 5096 6749 6750
f 6750 6749 6751
f 6750 6751 6752
f 6752 6751 6753
f 6752 6753 6754
f 6754 6753 6755
f 6754 6755 5104
f 5104 6755 6756
f 5104 6756 5106
f 5106 6756 6395
f 5106 6395 6393
f 6600 6757 6758
f 6758 6757 6759
f 6758 6759 6760
f 6760 6759 6761
f 6760 6761 6762
f 6762 6761 6604
f 6762 6604 6372
f 6372 6604 6763
f 6372 6763 6374
f 6374 6763 6608
f 6374 6608 6764
f 6764 6608 6610
f 6764 6610 6376
f 6764 6376 6374
f 6580 6577 6579
f 6617 6541 6765
f 6765 6541 6539
f 6765 6539 6766
f 6766 6539 6537
f 6766 6537 6535
f 5063 5065 6529
f 6529 5065 6767
f 6529 6767 6531
f 6531 6767 6766
f 6531 6766 6533
f 6533 6766 6535
f 6517 6768 6769
f 6769 6768 6178
f 6769 6178 6646
f 6646 6178 6176
f 6646 6176 6174
f 5167 6645 5169
f 5169 6645 6643
f 5169 6643 5171
f 5171 6643 6641
f 5171 6641 5173
f 6428 6430 4194
f 4194 6430 6432
f 4194 6432 4192
f 4192 6432 6434
f 4192 6434 4190
f 4190 6434 6436
f 4190 6436 4188
f 4188 6436 6770
f 4188 6770 6771
f 6771 6770 6440
f 6771 6440 6772
f 6772 6440 6773
f 6772 6773 6774
f 6774 6773 6775
f 6774 6775 6776
f 6776 6775 6777
f 6776 6777 6778
f 6778 6777 6779
f 6778 6779 6780
f 6780 6779 6781
f 6780 6781 6782
f 6782 6781 4178
f 6782 4178 4180
f 6774 6778 6783
f 6783 6778 6780
f 6783 6780 4182
f 4182 6780 6782
f 4182 6782 4180
f 3798 3796 6709
f 6709 3796 6784
f 6709 6784 6711
f 6711 6784 3794
f 6711 3794 6713
f 6713 3794 3792
f 6612 6520 6661
f 6661 6520 6522
f 6661 6522 6524
f 3804 3802 5056
f 3801 3803 3799
f 3799 3803 6499
f 6528 6530 6545
f 6714 6715 6785
f 6785 6715 6717
f 6785 6717 6786
f 6786 6717 6719
f 6786 6719 6787
f 6787 6719 6788
f 6787 6788 6073
f 6073 6788 6075
f 6719 6075 6788
f 6578 6373 6375
f 6615 6765 6789
f 6789 6765 6766
f 6789 6766 6767
f 6617 6765 6615
f 6618 6616 6614
f 4150 4152 6790
f 6790 4152 6791
f 6790 6791 6792
f 6792 6791 6793
f 6792 6793 6794
f 6794 6793 6795
f 6794 6795 6796
f 6796 6795 6797
f 6796 6797 6798
f 6798 6797 6799
f 6798 6799 6777
f 6777 6799 6800
f 6777 6800 6779
f 6779 6800 6801
f 6779 6801 6781
f 6781 6801 4176
f 6781 4176 4178
f 4172 4174 6802
f 6802 4174 4176
f 6802 4176 6803
f 6803 4176 6801
f 6803 6801 6804
f 6804 6801 6800
f 6804 6800 4166
f 4166 6800 4164
f 5061 6528 5059
f 5059 6528 6546
f 6073 4171 6787
f 6787 4171 6805
f 6787 6805 4159
f 4159 6805 4163
f 4159 4163 4161
f 6646 6519 6769
f 6509 6396 6507
f 6426 4198 6506
f 6506 4198 4200
f 6506 4200 6508
f 6716 6720 6718
f 6767 5065 6789
f 6789 5065 5067
f 6789 5067 6615
f 6639 6806 5177
f 5177 6806 6807
f 5177 6807 5179
f 5179 6807 271
f 5179 271 6808
f 6808 271 6809
f 6808 6809 5181
f 5181 6809 261
f 5181 261 259
f 4172 6802 4170
f 4170 6802 6803
f 4170 6803 6804
f 6613 6612 6661
f 5089 5091 6810
f 6810 5091 6811
f 6810 6811 6812
f 6812 6811 6813
f 6812 6813 6180
f 6180 6813 6814
f 6180 6814 6182
f 6182 6814 6561
f 6182 6561 6184
f 5786 5788 6660
f 6660 5788 6381
f 6660 6381 6383
f 6769 6519 6517
f 4171 4169 6805
f 6805 4169 4165
f 6805 4165 4163
f 5261 5263 6572
f 6677 6675 6815
f 6815 6675 6816
f 6815 6816 6817
f 6817 6816 6818
f 6817 6818 6819
f 6819 6818 6820
f 6819 6820 6821
f 6821 6820 6666
f 6821 6666 6468
f 6468 6666 6664
f 6468 6664 6470
f 6470 6664 6581
f 3794 6784 3796
f 6467 6469 5265
f 5265 6469 6471
f 5265 6471 6473
f 6744 6822 6746
f 6746 6822 6823
f 6746 6823 6748
f 6748 6823 6824
f 6748 6824 6825
f 6825 6824 6403
f 6825 6403 6753
f 6753 6403 6401
f 6753 6401 6755
f 6755 6401 6399
f 6755 6399 6756
f 6756 6399 6397
f 6756 6397 6395
f 280 282 6826
f 6826 282 6827
f 6826 6827 6828
f 6828 6827 6829
f 6828 6829 6830
f 6830 6829 6831
f 6830 6831 6832
f 6832 6831 6833
f 6832 6833 6834
f 6834 6833 6835
f 6834 6835 6836
f 6836 6835 6837
f 6836 6837 6838
f 6838 6837 6839
f 6838 6839 6840
f 6840 6839 6841
f 6840 6841 6842
f 6842 6841 6843
f 6842 6843 6844
f 6844 6843 6845
f 6844 6845 6705
f 6705 6845 5060
f 6705 5060 5058
f 6284 6282 6501
f 6501 6282 6280
f 6501 6280 6278
f 6281 6369 6279
f 6808 5181 5179
f 6771 6772 4186
f 4186 6772 6783
f 4186 6783 4184
f 4184 6783 4182
f 6597 6846 6599
f 6599 6846 6847
f 6599 6847 6601
f 6601 6847 6848
f 6601 6848 6605
f 6605 6848 6849
f 6605 6849 6607
f 6607 6849 6721
f 6607 6721 6609
f 4166 4168 6804
f 6804 4168 4170
f 6838 6840 6836
f 6836 6840 6850
f 6836 6850 6834
f 6834 6850 6851
f 6834 6851 6852
f 6852 6851 6708
f 6852 6708 6853
f 6853 6708 6710
f 6853 6710 6854
f 6854 6710 6712
f 6854 6712 260
f 264 6853 262
f 262 6853 6854
f 262 6854 260
f 5081 5083 6855
f 6855 5083 6856
f 6855 6856 6857
f 6857 6856 5089
f 6857 5089 6858
f 6858 5089 6810
f 6858 6810 6859
f 6859 6810 6812
f 6859 6812 6860
f 6860 6812 6180
f 6860 6180 6768
f 6768 6180 6178
f 5787 5785 6644
f 6644 5785 5783
f 6644 5783 6642
f 6642 5783 5781
f 6642 5781 6861
f 6861 5781 5779
f 6861 5779 6862
f 6862 5779 5777
f 6862 5777 6863
f 6863 5777 5775
f 6863 5775 6864
f 6864 5775 5773
f 6864 5773 6865
f 6865 5773 6866
f 6865 6866 281
f 281 6866 6867
f 281 6867 283
f 283 6867 6868
f 283 6868 285
f 285 6868 6869
f 285 6869 6870
f 6870 6869 301
f 6870 301 6871
f 6871 301 6872
f 6871 6872 291
f 291 6872 295
f 291 295 293
f 6398 6507 6396
f 5080 6873 5082
f 5082 6873 6874
f 5082 6874 6839
f 6839 6874 6875
f 6839 6875 6876
f 6876 6875 6877
f 6876 6877 6878
f 6878 6877 6879
f 6878 6879 6845
f 6845 6879 5062
f 6845 5062 5060
f 5069 5071 6611
f 6611 5071 5073
f 6611 5073 6518
f 6518 5073 5075
f 6518 5075 6516
f 6346 6723 6348
f 6348 6723 6880
f 6348 6880 6881
f 6881 6880 6882
f 6881 6882 6352
f 6352 6882 6735
f 6352 6735 5266
f 6705 6706 6844
f 6844 6706 6707
f 6844 6707 6842
f 6842 6707 6851
f 6842 6851 6850
f 6352 6351 6881
f 6881 6351 6350
f 6881 6350 6348
f 6604 6606 6763
f 6763 6606 6608
f 6192 4191 4189
f 5062 6879 5064
f 5064 6879 6877
f 5064 6877 6883
f 6883 6877 6884
f 6883 6884 5068
f 5068 6884 5072
f 5068 5072 5070
f 5068 5066 6883
f 6883 5066 5064
f 4194 4196 6428
f 6428 4196 4198
f 6428 4198 6426
f 6318 6320 6502
f 6559 6561 6885
f 6885 6561 6814
f 6885 6814 6886
f 6886 6814 6813
f 6886 6813 6885
f 6885 6813 6556
f 6885 6556 6558
f 6859 6860 6887
f 6887 6860 6768
f 6887 6768 6515
f 6515 6768 6517
f 5262 6353 5264
f 6506 6505 6426
f 4169 4167 4165
f 6839 6876 6841
f 6841 6876 6878
f 6841 6878 6843
f 6843 6878 6845
f 6786 6787 6785
f 6785 6787 4159
f 6785 4159 4157
f 5080 5078 6873
f 6873 5078 5076
f 6873 5076 6888
f 6888 5076 5074
f 6888 5074 6884
f 6884 5074 5072
f 6650 5778 6652
f 6652 5778 5780
f 6652 5780 6889
f 6889 5780 5782
f 6889 5782 6656
f 6656 5782 5784
f 6656 5784 6658
f 6658 5784 5786
f 6658 5786 6660
f 5103 6560 5101
f 271 269 6809
f 6809 269 267
f 6809 267 6890
f 6890 267 265
f 6890 265 261
f 261 265 263
f 6890 261 6809
f 6891 6892 6893
f 6893 6892 6894
f 6893 6894 6895
f 6895 6894 6896
f 6895 6896 6897
f 6897 6896 6898
f 6897 6898 6899
f 6899 6898 6900
f 6899 6900 6901
f 6901 6900 6902
f 6901 6902 6903
f 6903 6902 6904
f 6903 6904 6905
f 6905 6904 6906
f 6905 6906 6907
f 6907 6906 6908
f 6907 6908 6909
f 6909 6908 6910
f 6909 6910 6911
f 6911 6910 6912
f 6911 6912 6913
f 6913 6912 6914
f 6913 6914 6915
f 6915 6914 392
f 6915 392 6916
f 6916 392 394
f 6916 394 6917
f 6917 394 6918
f 6917 6918 6919
f 6919 6918 6920
f 6919 6920 6921
f 6921 6920 6922
f 6921 6922 6923
f 6923 6922 6924
f 6923 6924 6925
f 6925 6924 6926
f 6925 6926 6927
f 6927 6926 6928
f 6927 6928 6929
f 6929 6928 6930
f 6929 6930 6931
f 6931 6930 6932
f 6931 6932 6933
f 6933 6932 6934
f 6933 6934 6891
f 6891 6934 6935
f 6891 6935 6892
f 6892 6935 6936
f 6892 6936 6937
f 6937 6936 6938
f 6937 6938 6939
f 6939 6938 6940
f 6939 6940 6941
f 6941 6940 6942
f 6941 6942 6943
f 6943 6942 6944
f 6943 6944 6945
f 6945 6944 6946
f 6945 6946 6947
f 6947 6946 6948
f 6947 6948 6949
f 6949 6948 6950
f 6949 6950 6951
f 6951 6950 6952
f 6951 6952 6953
f 6953 6952 6758
f 6953 6758 6954
f 6954 6758 6760
f 6954 6760 6955
f 6955 6760 6956
f 6955 6956 6368
f 6368 6956 6957
f 6368 6957 6370
f 6370 6957 6762
f 6370 6762 6372
f 5282 6958 6959
f 6959 6958 6960
f 6959 6960 6961
f 6961 6960 6962
f 6961 6962 6963
f 6963 6962 6964
f 6963 6964 6965
f 6965 6964 6966
f 6965 6966 6967
f 6967 6966 6968
f 6967 6968 6969
f 6969 6968 6726
f 6969 6726 6970
f 6970 6726 6724
f 6970 6724 6849
f 6849 6724 6722
f 6849 6722 6721
f 277 275 6862
f 6862 275 273
f 6862 273 6971
f 6971 273 6806
f 6971 6806 6640
f 6640 6806 6639
f 6708 6851 6707
f 6951 6953 6972
f 6972 6953 6954
f 6972 6954 6287
f 6287 6954 6973
f 6287 6973 6285
f 6285 6973 6955
f 6285 6955 6283
f 6283 6955 6368
f 6283 6368 6281
f 6874 6888 6875
f 6875 6888 6884
f 6875 6884 6877
f 4186 4188 6771
f 5075 5077 6515
f 6515 5077 5079
f 6515 5079 6857
f 6857 5079 5081
f 6857 5081 6855
f 6723 6725 6880
f 6880 6725 6727
f 6880 6727 6729
f 5269 6465 5267
f 5267 6465 6467
f 5267 6467 5265
f 6559 6885 6558
f 5098 6750 5100
f 5100 6750 6752
f 5100 6752 5102
f 5102 6752 6754
f 5102 6754 5104
f 6220 6218 6659
f 6659 6218 6216
f 6659 6216 6657
f 6657 6216 6974
f 6657 6974 6655
f 6655 6974 6975
f 6655 6975 6653
f 6653 6975 6210
f 6653 6210 6976
f 6976 6210 6208
f 6976 6208 6206
f 6325 6323 6977
f 6977 6323 6321
f 6977 6321 6623
f 6623 6321 6319
f 6326 6328 6978
f 6978 6328 6330
f 6978 6330 6503
f 6503 6330 6284
f 6503 6284 6501
f 6840 6842 6850
f 6515 6857 6887
f 6887 6857 6858
f 6887 6858 6859
f 6774 6783 6772
f 6416 6418 6410
f 6410 6418 6420
f 6410 6420 6408
f 6408 6420 6979
f 6408 6979 6402
f 6402 6979 6504
f 6402 6504 6400
f 6400 6504 6398
f 6426 6505 6424
f 264 266 6853
f 6853 266 6980
f 6853 6980 6852
f 6852 6980 6832
f 6852 6832 6834
f 5091 5093 6811
f 6811 5093 6556
f 6811 6556 6813
f 6862 6971 6861
f 6861 6971 6640
f 6861 6640 6642
f 6874 6873 6888
f 6760 6762 6956
f 6956 6762 6957
f 6880 6729 6882
f 6882 6729 6733
f 6882 6733 6735
f 5101 6557 5099
f 6806 273 6807
f 6807 273 271
f 4157 6714 6785
f 6776 6778 6774
f 6600 6602 6757
f 6757 6602 6604
f 6757 6604 6761
f 6557 5097 5099
f 6462 6981 6464
f 6464 6981 6982
f 6464 6982 6466
f 6466 6982 6821
f 6466 6821 6468
f 276 278 6983
f 6983 278 6826
f 6983 6826 6984
f 6984 6826 6828
f 6984 6828 268
f 268 6828 6985
f 268 6985 266
f 266 6985 6980
f 6828 6830 6985
f 6985 6830 6832
f 6985 6832 6980
f 6800 6799 4164
f 4164 6799 6797
f 4164 6797 6795
f 300 302 6736
f 6736 302 6986
f 6736 6986 6738
f 6738 6986 6987
f 6738 6987 6988
f 6988 6987 6989
f 6988 6989 6990
f 6990 6989 6991
f 6990 6991 6992
f 6992 6991 6993
f 6992 6993 6994
f 6994 6993 6995
f 6994 6995 6996
f 6996 6995 6997
f 6996 6997 6998
f 6998 6997 6999
f 6998 6999 7000
f 7000 6999 7001
f 7000 7001 7002
f 7002 7001 7003
f 7002 7003 7004
f 7004 7003 7005
f 7004 7005 7006
f 7006 7005 7007
f 7006 7007 7008
f 7008 7007 7009
f 7008 7009 7010
f 7010 7009 7011
f 7010 7011 7012
f 7012 7011 6429
f 7012 6429 6423
f 6423 6429 6427
f 6423 6427 6425
f 6671 6669 6818
f 6818 6669 6668
f 6818 6668 6820
f 6820 6668 6667
f 6820 6667 6666
f 6623 6625 6977
f 6977 6625 6627
f 6977 6627 6628
f 5082 6839 5084
f 5084 6839 6837
f 5084 6837 7013
f 7013 6837 7014
f 7013 7014 7015
f 7015 7014 7016
f 7015 7016 7017
f 7017 7016 7018
f 7017 7018 7019
f 7019 7018 7020
f 7019 7020 7021
f 7021 7020 7022
f 7021 7022 7023
f 7023 7022 7024
f 7023 7024 7025
f 7025 7024 6745
f 7025 6745 6747
f 474 487 7026
f 7026 487 486
f 7026 486 7027
f 7027 486 7028
f 7027 7028 7029
f 7029 7028 7030
f 7029 7030 7031
f 7031 7030 7032
f 7031 7032 7033
f 7033 7032 7034
f 7033 7034 6848
f 6848 7034 6970
f 6848 6970 6849
f 5280 5278 7035
f 7035 5278 7036
f 7035 7036 7037
f 7037 7036 7038
f 7037 7038 7039
f 7039 7038 5272
f 7039 5272 7040
f 7040 5272 5270
f 7040 5270 6732
f 6732 5270 5268
f 6732 5268 6734
f 6973 6954 6955
f 6603 6601 6605
f 5093 5095 5097
f 6503 6322 6978
f 6978 6322 6324
f 6978 6324 6326
f 6757 6761 6759
f 6284 6330 6286
f 6793 7041 7042
f 7042 7041 4156
f 7042 4156 7043
f 7043 4156 4158
f 7043 4158 7044
f 7044 4158 4160
f 7044 4160 4162
f 268 270 6984
f 6984 270 272
f 6984 272 274
f 6420 6422 6979
f 6979 6422 6504
f 6793 7044 6795
f 6795 7044 4162
f 6795 4162 4164
f 5098 5096 6750
f 6729 6731 6733
f 5087 5089 5085
f 5085 5089 6856
f 5085 6856 5083
f 6777 6775 6798
f 6798 6775 7045
f 6798 7045 7046
f 7046 7045 7047
f 7046 7047 7048
f 7048 7047 6446
f 7048 6446 7049
f 7049 6446 366
f 7049 366 368
f 6436 6438 6770
f 6770 6438 6440
f 6748 6825 6749
f 6749 6825 6753
f 6749 6753 6751
f 5092 5090 7050
f 7050 5090 7051
f 7050 7051 7017
f 7017 7051 7052
f 7017 7052 7015
f 7015 7052 5086
f 7015 5086 7013
f 7013 5086 5084
f 6827 7053 6829
f 6829 7053 7054
f 6829 7054 6831
f 6831 7054 7055
f 6831 7055 7056
f 7056 7055 7057
f 7056 7057 6835
f 6835 7057 7014
f 6835 7014 6837
f 354 356 7058
f 7058 356 7059
f 7058 7059 7060
f 7060 7059 7061
f 7060 7061 7062
f 7062 7061 7063
f 7062 7063 7064
f 7064 7063 7065
f 7064 7065 7066
f 7066 7065 7067
f 7066 7067 6997
f 6997 7067 7068
f 6997 7068 7069
f 7069 7068 7070
f 7069 7070 7001
f 7001 7070 7071
f 7001 7071 7003
f 7003 7071 7072
f 7003 7072 7005
f 7005 7072 7073
f 7005 7073 7007
f 7007 7073 7074
f 7007 7074 7075
f 7075 7074 6431
f 7075 6431 7011
f 7011 6431 6429
f 6306 6302 7076
f 7076 6302 7077
f 7076 7077 7078
f 7078 7077 7079
f 7078 7079 6635
f 6635 7079 7080
f 6635 7080 6633
f 6633 7080 6327
f 6633 6327 7081
f 7081 6327 6325
f 7081 6325 7082
f 7082 6325 6977
f 7082 6977 6628
f 6831 7056 6833
f 6833 7056 6835
f 6793 7042 7044
f 7044 7042 7043
f 6458 6679 6460
f 6460 6679 6815
f 6460 6815 6981
f 6981 6815 6817
f 6981 6817 6982
f 6982 6817 6819
f 6982 6819 6821
f 6402 6404 6408
f 6656 6654 6889
f 6419 7010 6421
f 6421 7010 7012
f 6421 7012 6423
f 276 6983 274
f 274 6983 6984
f 6732 6730 7040
f 7040 6730 7083
f 7040 7083 7039
f 7039 7083 7084
f 7039 7084 7085
f 7085 7084 6968
f 7085 6968 7086
f 7086 6968 6966
f 7086 6966 7087
f 7087 6966 6964
f 7087 6964 6962
f 6863 6864 7088
f 7088 6864 279
f 7088 279 7089
f 7089 279 277
f 7089 277 6863
f 6863 277 6862
f 6747 5096 7090
f 7090 5096 5094
f 7090 5094 7091
f 7091 5094 5092
f 7091 5092 7050
f 6726 6968 6728
f 6728 6968 7084
f 6728 7084 7083
f 5090 5088 7092
f 7092 5088 5086
f 7092 5086 7052
f 6411 6409 7093
f 7093 6409 6407
f 7093 6407 6823
f 6823 6407 6405
f 6823 6405 6824
f 6824 6405 6403
f 6459 6461 5273
f 5273 6461 6463
f 5273 6463 5271
f 5271 6463 6465
f 5271 6465 5269
f 6210 6975 7094
f 7094 6975 6974
f 7094 6974 6214
f 6214 6974 6216
f 364 6445 362
f 362 6445 6443
f 362 6443 7095
f 7095 6443 6441
f 7095 6441 7096
f 7096 6441 7097
f 7096 7097 7098
f 7098 7097 7099
f 7098 7099 7100
f 7100 7099 6437
f 7100 6437 7101
f 7101 6437 6435
f 7101 6435 6433
f 6433 6431 7101
f 7101 6431 7074
f 7101 7074 7102
f 7102 7074 7073
f 7102 7073 7103
f 7103 7073 7072
f 7103 7072 7104
f 7104 7072 7071
f 7104 7071 7105
f 7105 7071 7070
f 7105 7070 7061
f 7061 7070 7068
f 7061 7068 7063
f 7063 7068 7067
f 7063 7067 7065
f 6446 7047 6444
f 6444 7047 7045
f 6444 7045 6442
f 6442 7045 6775
f 6442 6775 6773
f 6773 6440 6442
f 4156 7041 4154
f 4154 7041 6791
f 4154 6791 4152
f 6959 6961 483
f 483 6961 7106
f 483 7106 485
f 485 7106 7107
f 485 7107 7108
f 7108 7107 7109
f 7108 7109 7110
f 7110 7109 6965
f 7110 6965 7032
f 7032 6965 6967
f 7032 6967 7034
f 7034 6967 6969
f 7034 6969 6970
f 7052 7051 7092
f 7092 7051 5090
f 7027 7029 7111
f 7111 7029 7112
f 7111 7112 7113
f 7113 7112 7031
f 7113 7031 7114
f 7114 7031 7033
f 7114 7033 6847
f 6847 7033 6848
f 6584 6586 7115
f 7115 6586 6588
f 7115 6588 7116
f 7116 6588 7117
f 7116 7117 7118
f 7118 7117 7119
f 7118 7119 6950
f 6950 7119 6596
f 6950 6596 6952
f 6952 6596 6598
f 6952 6598 7120
f 7120 6598 6600
f 7120 6600 6758
f 6758 6952 7120
f 6654 6652 6889
f 6332 6286 6330
f 6730 6728 7083
f 286 288 7055
f 7055 288 7121
f 7055 7121 7122
f 7122 7121 7016
f 7122 7016 7057
f 7057 7016 7014
f 6631 7081 6629
f 6629 7081 7082
f 6629 7082 6628
f 6408 6404 6406
f 6949 6951 6291
f 6291 6951 6972
f 6291 6972 6289
f 6289 6972 6287
f 6827 282 7053
f 7053 282 284
f 7053 284 7054
f 7054 284 286
f 7054 286 7055
f 280 6826 278
f 6791 7041 6793
f 6747 7090 7025
f 7025 7090 7091
f 7025 7091 7023
f 7023 7091 7050
f 7023 7050 7021
f 7021 7050 7123
f 7021 7123 7019
f 7019 7123 7017
f 7122 7057 7055
f 7123 7050 7017
f 6798 7046 6796
f 6796 7046 7124
f 6796 7124 7125
f 7125 7124 7126
f 7125 7126 7127
f 7127 7126 7128
f 7127 7128 7129
f 7129 7128 372
f 7129 372 374
f 7007 7075 7009
f 7009 7075 7011
f 6650 5776 5778
f 7088 7089 6863
f 439 437 7130
f 7130 437 7131
f 7130 7131 7132
f 7132 7131 7133
f 7132 7133 7134
f 7134 7133 7135
f 7134 7135 7136
f 7136 7135 7137
f 7136 7137 7138
f 7138 7137 7139
f 7138 7139 7140
f 7140 7139 7141
f 7140 7141 7142
f 7142 7141 7143
f 7142 7143 7144
f 7144 7143 7145
f 7144 7145 7146
f 7146 7145 7147
f 7146 7147 7148
f 7148 7147 7149
f 7148 7149 7150
f 7150 7149 7151
f 7150 7151 7152
f 7152 7151 7153
f 7152 7153 7154
f 7154 7153 7155
f 7154 7155 7156
f 7156 7155 7157
f 7156 7157 7158
f 7158 7157 7159
f 7158 7159 7160
f 7160 7159 7161
f 7160 7161 7162
f 7162 7161 6213
f 7162 6213 6670
f 6670 6213 6215
f 6437 7099 6439
f 6439 7099 7097
f 6439 7097 6441
f 6741 6743 7163
f 7163 6743 7024
f 7163 7024 7164
f 7164 7024 7022
f 7164 7022 7165
f 7165 7022 7020
f 7165 7020 7166
f 7166 7020 7018
f 7166 7018 7121
f 7121 7018 7016
f 4153 4151 6630
f 6630 4151 4149
f 6630 4149 4147
f 6847 6846 7114
f 7114 6846 7167
f 7114 7167 7113
f 7113 7167 7168
f 7113 7168 7169
f 7169 7168 6591
f 7169 6591 6589
f 6631 6633 7081
f 281 279 6865
f 6865 279 6864
f 6742 7170 7171
f 7171 7170 6413
f 7171 6413 6822
f 6822 6413 7093
f 6822 7093 6823
f 6675 6673 6816
f 6816 6673 6671
f 6816 6671 6818
f 7000 7172 6998
f 6998 7172 7173
f 6998 7173 7174
f 7174 7173 7175
f 7174 7175 7176
f 7176 7175 7177
f 7176 7177 7178
f 7178 7177 7179
f 7178 7179 7180
f 7180 7179 7181
f 7180 7181 6417
f 6417 7181 7010
f 6417 7010 6419
f 6790 6792 7125
f 7125 6792 6794
f 7125 6794 6796
f 6210 7094 6212
f 6212 7094 6214
f 7101 7102 7100
f 7100 7102 7103
f 7100 7103 7098
f 7098 7103 7182
f 7098 7182 7183
f 7183 7182 7104
f 7183 7104 7059
f 7059 7104 7105
f 7059 7105 7061
f 6327 7080 6329
f 6329 7080 7184
f 6329 7184 6331
f 6331 7184 7185
f 6331 7185 7186
f 7186 7185 6294
f 7186 6294 6292
f 7093 6413 6411
f 5768 5770 6200
f 6200 5770 7187
f 6200 7187 7188
f 7188 7187 6649
f 7188 6649 7189
f 7189 6649 6651
f 7189 6651 6976
f 6976 6651 6653
f 7006 7008 7179
f 7179 7008 7010
f 7179 7010 7181
f 6981 6462 6460
f 6292 6290 7186
f 7186 6290 6288
f 7186 6288 6331
f 5278 5276 7036
f 7036 5276 5274
f 7036 5274 7038
f 7038 5274 5272
f 370 7128 7049
f 7049 7128 7126
f 7049 7126 7048
f 7048 7126 7124
f 7048 7124 7046
f 7163 7164 294
f 294 7164 7165
f 294 7165 7190
f 7190 7165 7166
f 7190 7166 290
f 290 7166 7121
f 290 7121 288
f 6410 6412 6416
f 6597 6595 6846
f 6846 6595 6593
f 6846 6593 7167
f 7167 6593 6591
f 7167 6591 7168
f 6745 7024 6743
f 6636 6634 4147
f 4147 6634 6632
f 4147 6632 6630
f 6960 6958 7191
f 7191 6958 7035
f 7191 7035 7192
f 7192 7035 7037
f 7192 7037 7193
f 7193 7037 7039
f 7193 7039 7085
f 6596 7119 6594
f 6594 7119 7117
f 6594 7117 6592
f 6592 7117 6588
f 6592 6588 6590
f 7171 6822 6742
f 6742 6822 6744
f 6686 7194 7195
f 7195 7194 7196
f 7195 7196 7197
f 7197 7196 7198
f 7197 7198 7199
f 7199 7198 7200
f 7199 7200 6676
f 6676 7200 7201
f 6676 7201 6674
f 6674 7201 7160
f 6674 7160 6672
f 6672 7160 7162
f 6672 7162 6670
f 6960 7191 6962
f 6962 7191 7192
f 6962 7192 7087
f 7087 7192 7085
f 7087 7085 7086
f 7085 7192 7193
f 5772 5774 6647
f 6647 5774 5776
f 6992 7174 7202
f 7202 7174 7203
f 7202 7203 7204
f 7204 7203 7205
f 7204 7205 7206
f 7206 7205 7207
f 7206 7207 6415
f 6415 7207 7180
f 6415 7180 6417
f 7032 7030 7110
f 7110 7030 7028
f 7110 7028 7208
f 7208 7028 486
f 7208 486 485
f 6414 6416 6412
f 6459 5273 5275
f 4148 4150 7209
f 7209 4150 6790
f 7209 6790 7210
f 7210 6790 7127
f 7210 7127 7129
f 7112 7029 7031
f 7127 6790 7125
f 7155 7153 7211
f 7211 7153 7212
f 7211 7212 7213
f 7213 7212 7214
f 7213 7214 7215
f 7215 7214 7216
f 7215 7216 7217
f 7217 7216 7218
f 7217 7218 7219
f 7219 7218 7220
f 7219 7220 7221
f 7221 7220 7222
f 7221 7222 7223
f 7223 7222 7224
f 7223 7224 7225
f 7225 7224 7226
f 7225 7226 7227
f 7227 7226 7228
f 7227 7228 7229
f 7229 7228 319
f 7229 319 7230
f 7230 319 317
f 7230 317 7231
f 7231 317 315
f 7231 315 7232
f 7232 315 7233
f 7232 7233 7234
f 7234 7233 7235
f 7234 7235 7236
f 7236 7235 7237
f 7236 7237 7238
f 7238 7237 7239
f 7238 7239 7240
f 7240 7239 7241
f 7240 7241 7242
f 7242 7241 6207
f 7242 6207 7243
f 7243 6207 6209
f 7243 6209 7244
f 7244 6209 6211
f 7244 6211 7245
f 7245 6211 6213
f 7245 6213 7161
f 294 7190 292
f 292 7190 290
f 6896 6894 7246
f 7246 6894 7247
f 7246 7247 7248
f 7248 7247 7249
f 7248 7249 7250
f 7250 7249 7251
f 7250 7251 7252
f 7252 7251 7253
f 7252 7253 7254
f 7254 7253 7255
f 7254 7255 6293
f 6293 7255 6947
f 6293 6947 6291
f 6291 6947 6949
f 6415 6413 7206
f 7206 6413 7170
f 7206 7170 7204
f 7204 7170 7256
f 7204 7256 7257
f 7257 7256 6990
f 7257 6990 6992
f 7080 7079 7184
f 7184 7079 6298
f 7184 6298 7185
f 7185 6298 6296
f 7185 6296 6294
f 291 289 6871
f 6871 289 287
f 6871 287 6870
f 6870 287 285
f 6868 6867 7258
f 7258 6867 6866
f 7258 6866 7259
f 7259 6866 5773
f 7259 5773 5771
f 4145 6636 4147
f 6679 6677 6815
f 5770 5772 7187
f 7187 5772 6648
f 7187 6648 6649
f 6741 7163 6739
f 6739 7163 294
f 6739 294 296
f 7173 7172 7175
f 7175 7172 7002
f 7175 7002 7177
f 7177 7002 7004
f 7177 7004 7179
f 7179 7004 7006
f 6944 7260 6946
f 6946 7260 7116
f 6946 7116 6948
f 6948 7116 7118
f 6948 7118 6950
f 7059 356 7183
f 7183 356 358
f 7183 358 7261
f 7261 358 360
f 7261 360 7096
f 7096 360 7095
f 7095 360 362
f 6963 6965 7262
f 7262 6965 7109
f 7262 7109 6961
f 6961 7109 7107
f 6961 7107 7106
f 7205 7203 7263
f 7263 7203 7176
f 7263 7176 7264
f 7264 7176 7178
f 7264 7178 7263
f 7263 7178 7180
f 7263 7180 7265
f 7265 7180 7207
f 7265 7207 7205
f 6988 7256 6740
f 6740 7256 7170
f 6740 7170 6742
f 4142 4144 7209
f 7209 4144 4146
f 7209 4146 4148
f 7113 7169 7111
f 7111 7169 6589
f 7111 6589 7027
f 7027 6589 6585
f 7027 6585 7266
f 7266 6585 6583
f 7266 6583 472
f 6976 6206 7189
f 7189 6206 6204
f 7189 6204 7188
f 7188 6204 6202
f 7188 6202 6200
f 295 6872 297
f 297 6872 301
f 297 301 299
f 7210 7129 7209
f 7209 7129 376
f 7209 376 4142
f 6635 6637 7078
f 7078 6637 6308
f 7078 6308 6306
f 303 6869 305
f 305 6869 6868
f 305 6868 7267
f 7267 6868 7258
f 7267 7258 7259
f 5767 7267 5769
f 5769 7267 7259
f 5769 7259 5771
f 300 6737 298
f 298 6737 6739
f 298 6739 296
f 7265 7205 7263
f 485 7108 7208
f 7208 7108 7110
f 7183 7261 7098
f 7098 7261 7096
f 7103 7104 7182
f 301 6869 303
f 6298 7079 6300
f 6300 7079 7077
f 6300 7077 6302
f 6988 6740 6738
f 6458 5275 5277
f 6963 7262 6961
f 376 7129 374
f 5282 5280 6958
f 6958 5280 7035
f 7049 368 370
f 7248 7250 7268
f 7268 7250 7252
f 7268 7252 6295
f 6295 7252 7254
f 6295 7254 6293
f 6941 6943 7253
f 7253 6943 6945
f 7253 6945 7255
f 7255 6945 6947
f 6585 6589 6587
f 7229 7230 7269
f 7269 7230 7270
f 7269 7270 7271
f 7271 7270 7272
f 7271 7272 7273
f 7273 7272 7274
f 7273 7274 7227
f 7227 7274 7275
f 7227 7275 7276
f 7276 7275 7277
f 7276 7277 7278
f 7278 7277 7279
f 7278 7279 7280
f 7280 7279 7281
f 7280 7281 7282
f 7282 7281 7283
f 7282 7283 7284
f 7284 7283 7285
f 7284 7285 7286
f 7286 7285 7287
f 7286 7287 7157
f 7157 7287 7288
f 7157 7288 7159
f 7159 7288 7245
f 7159 7245 7161
f 6306 7076 7078
f 372 7128 370
f 305 7267 307
f 5767 307 7267
f 7242 7243 7289
f 7289 7243 7290
f 7289 7290 7240
f 7240 7290 7291
f 7240 7291 7283
f 7283 7291 7292
f 7283 7292 7285
f 7285 7292 7291
f 7285 7291 7287
f 7287 7291 7243
f 7287 7243 7288
f 7288 7243 7244
f 7288 7244 7245
f 7176 7203 7174
f 7204 7257 7202
f 7256 6988 6990
f 7154 7156 7201
f 7201 7156 7158
f 7201 7158 7160
f 6912 6910 7293
f 7293 6910 7294
f 7293 7294 7295
f 7295 7294 7296
f 7295 7296 388
f 388 7296 7297
f 388 7297 7298
f 7298 7297 7299
f 7298 7299 386
f 386 7299 7300
f 386 7300 384
f 384 7300 7301
f 384 7301 382
f 382 7301 6307
f 382 6307 380
f 380 6307 7302
f 380 7302 378
f 378 7302 7303
f 378 7303 4143
f 4143 7303 6309
f 6309 7303 6307
f 6995 6993 334
f 334 6993 6991
f 334 6991 332
f 332 6991 6989
f 332 6989 330
f 330 6989 6987
f 330 6987 7304
f 7304 6987 7305
f 7304 7305 7306
f 7306 7305 302
f 7306 302 304
f 304 306 7306
f 7306 306 308
f 7306 308 326
f 326 308 310
f 326 310 312
f 7000 7002 7172
f 6686 7195 7307
f 7307 7195 7197
f 7307 7197 7308
f 7308 7197 7309
f 7308 7309 6681
f 6681 7309 7310
f 6681 7310 6680
f 6680 7310 6678
f 7309 7199 7310
f 7310 7199 6676
f 7310 6676 6678
f 6987 6986 7305
f 7305 6986 302
f 5768 6201 5766
f 5766 6201 7237
f 5766 7237 7235
f 6207 7241 6205
f 6205 7241 7239
f 6205 7239 6203
f 6203 7239 6201
f 403 401 7311
f 7311 401 399
f 7311 399 7312
f 7312 399 7313
f 7312 7313 7314
f 7314 7313 7315
f 7314 7315 7316
f 7316 7315 7317
f 7316 7317 7318
f 7318 7317 7319
f 7318 7319 7320
f 7320 7319 7321
f 7320 7321 7322
f 7322 7321 369
f 7322 369 7323
f 7323 369 367
f 7323 367 7324
f 7324 367 365
f 7324 365 363
f 363 361 7324
f 7324 361 7325
f 7324 7325 7326
f 7326 7325 7327
f 7326 7327 7328
f 7328 7327 7329
f 7328 7329 7330
f 7330 7329 7331
f 7330 7331 7332
f 7332 7331 7333
f 7332 7333 7334
f 7334 7333 7335
f 7334 7335 7336
f 7336 7335 7314
f 7336 7314 7316
f 7202 7257 6992
f 6936 7337 6938
f 6938 7337 7338
f 6938 7338 7339
f 7339 7338 7340
f 7339 7340 7341
f 7341 7340 7342
f 7341 7342 7343
f 7343 7342 7344
f 7343 7344 7345
f 7345 7344 7346
f 7345 7346 7260
f 7260 7346 7115
f 7260 7115 7116
f 7237 6201 7239
f 6902 6900 7347
f 7347 6900 6898
f 7347 6898 7348
f 7348 6898 7246
f 7348 7246 7349
f 7349 7246 7248
f 7349 7248 7350
f 7350 7248 7268
f 7350 7268 6297
f 6297 7268 6295
f 472 474 7266
f 7266 474 7026
f 7266 7026 7027
f 6992 6994 7174
f 7174 6994 6996
f 7174 6996 6998
f 5283 7351 5281
f 5281 7351 6685
f 5281 6685 5279
f 5279 6685 6683
f 5279 6683 5277
f 7302 6307 7303
f 7311 7312 7352
f 7352 7312 7353
f 7352 7353 7354
f 7354 7353 7355
f 7354 7355 7356
f 7356 7355 7333
f 7356 7333 7357
f 7357 7333 7331
f 7357 7331 7358
f 7358 7331 7329
f 7358 7329 353
f 353 7329 7327
f 353 7327 355
f 355 7327 7325
f 355 7325 357
f 357 7325 361
f 357 361 359
f 5294 5292 7359
f 7359 5292 5290
f 7359 5290 7360
f 7360 5290 5288
f 7360 5288 7361
f 7361 5288 5286
f 7361 5286 7362
f 7362 5286 7363
f 7362 7363 7364
f 7364 7363 6959
f 7364 6959 481
f 481 6959 483
f 391 389 7365
f 7365 389 387
f 7365 387 7366
f 7366 387 385
f 7366 385 375
f 375 385 379
f 375 379 377
f 6306 6304 6302
f 7290 7243 7291
f 6297 6299 7350
f 7350 6299 6301
f 7350 6301 7367
f 7367 6301 7368
f 7367 7368 7369
f 7369 7368 7370
f 7369 7370 7371
f 7371 7370 7372
f 7371 7372 7373
f 7373 7372 7374
f 7373 7374 7375
f 7375 7374 6908
f 7375 6908 6906
f 397 395 7313
f 7313 395 7376
f 7313 7376 7315
f 7315 7376 7377
f 7315 7377 7317
f 7317 7377 7365
f 7317 7365 7378
f 7378 7365 7366
f 7378 7366 7379
f 7379 7366 373
f 7379 373 371
f 371 369 7379
f 7379 369 7321
f 7379 7321 7378
f 7378 7321 7319
f 7378 7319 7317
f 6997 7069 6999
f 6999 7069 7001
f 5766 7235 309
f 309 7235 7233
f 309 7233 311
f 311 7233 315
f 311 315 313
f 7289 7240 7242
f 7150 7152 7200
f 7200 7152 7154
f 7200 7154 7201
f 468 470 7344
f 7344 470 6582
f 7344 6582 7346
f 7346 6582 6584
f 7346 6584 7115
f 330 7304 328
f 328 7304 7306
f 328 7306 326
f 7372 7370 7380
f 7380 7370 6305
f 7380 6305 7301
f 7301 6305 6307
f 383 381 385
f 385 381 379
f 5286 5284 7363
f 7363 5284 5282
f 7363 5282 6959
f 7343 7345 6942
f 6942 7345 7260
f 6942 7260 6944
f 7157 7155 7286
f 7286 7155 7381
f 7286 7381 7284
f 7284 7381 7382
f 7284 7382 7282
f 7282 7382 7213
f 7282 7213 7383
f 7383 7213 7215
f 7383 7215 7384
f 7384 7215 7217
f 7384 7217 7385
f 7385 7217 7386
f 7385 7386 7387
f 7387 7386 7276
f 7387 7276 7278
f 6686 7307 6684
f 6684 7307 7308
f 6684 7308 6682
f 6682 7308 6681
f 373 7366 375
f 7322 7323 7328
f 7328 7323 7324
f 7328 7324 7326
f 6305 7370 6303
f 6303 7370 7368
f 6303 7368 6301
f 7364 481 7362
f 7362 481 479
f 7362 479 7388
f 7388 479 477
f 7388 477 475
f 6894 6892 7247
f 7247 6892 6937
f 7247 6937 7249
f 7249 6937 7389
f 7249 7389 7251
f 7251 7389 7253
f 6937 6939 7389
f 7389 6939 6941
f 7389 6941 7253
f 323 7390 324
f 324 7390 331
f 324 331 325
f 325 331 329
f 325 329 327
f 7275 7274 7277
f 7277 7274 7272
f 7277 7272 7279
f 7279 7272 7391
f 7279 7391 7281
f 7281 7391 7236
f 7281 7236 7392
f 7392 7236 7238
f 7392 7238 7240
f 7240 7283 7392
f 340 7393 338
f 338 7393 7066
f 338 7066 7394
f 7394 7066 6997
f 7394 6997 6995
f 474 476 487
f 487 476 478
f 487 478 480
f 7199 7309 7197
f 7135 7133 7395
f 7395 7133 7396
f 7395 7396 7397
f 7397 7396 7398
f 7397 7398 7399
f 7399 7398 7400
f 7399 7400 7401
f 7401 7400 7402
f 7401 7402 7403
f 7403 7402 7404
f 7403 7404 7405
f 7405 7404 7406
f 7405 7406 7407
f 7407 7406 7408
f 7407 7408 7409
f 7409 7408 7410
f 7409 7410 7411
f 7411 7410 7412
f 7411 7412 7222
f 7222 7412 7413
f 7222 7413 7224
f 7224 7413 7414
f 7224 7414 7415
f 7415 7414 7416
f 7415 7416 7417
f 7417 7416 7418
f 7417 7418 7419
f 7419 7418 7420
f 7419 7420 7226
f 7226 7420 7421
f 7226 7421 7422
f 7422 7421 7423
f 7422 7423 7424
f 7424 7423 7425
f 7424 7425 319
f 319 7425 7426
f 319 7426 321
f 321 7426 7427
f 321 7427 7390
f 7390 7427 333
f 7390 333 331
f 7301 7300 7380
f 7380 7300 7299
f 7380 7299 7428
f 7428 7299 7429
f 7428 7429 7430
f 7430 7429 7374
f 7430 7374 7372
f 338 7394 336
f 336 7394 6995
f 336 6995 334
f 6685 7351 6687
f 6687 7351 5285
f 6687 5285 7431
f 7431 5285 5287
f 7431 5287 7432
f 7432 5287 5289
f 7432 5289 7433
f 7433 5289 7434
f 7433 7434 7435
f 7435 7434 6701
f 7435 6701 6699
f 7230 7231 7270
f 7270 7231 7436
f 7270 7436 7391
f 7391 7436 7234
f 7391 7234 7236
f 7349 7350 7437
f 7437 7350 7367
f 7437 7367 7438
f 7438 7367 7371
f 7438 7371 7439
f 7439 7371 7373
f 7439 7373 6902
f 6902 7373 7375
f 6902 7375 6904
f 6904 7375 6906
f 352 354 350
f 350 354 7058
f 350 7058 7062
f 7062 7058 7060
f 6938 7339 6940
f 6940 7339 7341
f 6940 7341 7440
f 7440 7341 7343
f 7440 7343 6942
f 6940 7440 6942
f 7420 7441 7423
f 7423 7441 7442
f 7423 7442 7443
f 7443 7442 337
f 7443 337 7427
f 7427 337 335
f 7427 335 333
f 7140 7444 6692
f 6692 7444 7144
f 6692 7144 7445
f 7445 7144 7146
f 7445 7146 7196
f 7196 7146 7148
f 7196 7148 7198
f 7198 7148 7150
f 7198 7150 7200
f 7351 5283 5285
f 7231 7232 7436
f 7436 7232 7234
f 7381 7155 7382
f 7382 7155 7211
f 7382 7211 7213
f 7281 7392 7283
f 7390 323 321
f 7369 7371 7367
f 322 314 320
f 320 314 316
f 320 316 318
f 7380 7428 7372
f 7318 7320 7332
f 7332 7320 7322
f 7332 7322 7330
f 7330 7322 7328
f 346 348 7446
f 7446 348 7062
f 7446 7062 7447
f 7447 7062 7448
f 7447 7448 7449
f 7449 7448 7064
f 7449 7064 7450
f 7450 7064 7066
f 7450 7066 7393
f 7448 7062 7451
f 7451 7062 7064
f 7451 7064 7448
f 7372 7428 7430
f 348 350 7062
f 7298 386 388
f 5294 7359 7452
f 7452 7359 7360
f 7452 7360 7388
f 7388 7360 7361
f 7388 7361 7362
f 7270 7391 7272
f 340 342 7393
f 7393 342 344
f 7393 344 7450
f 7450 344 7453
f 7450 7453 7449
f 7449 7453 7446
f 7449 7446 7447
f 7427 7426 7443
f 7443 7426 7425
f 7443 7425 7423
f 7299 7297 7429
f 7429 7297 7296
f 7429 7296 7294
f 6902 7347 7439
f 7439 7347 7437
f 7439 7437 7438
f 7212 7153 7454
f 7454 7153 7151
f 7454 7151 7455
f 7455 7151 7456
f 7455 7456 7214
f 7214 7456 7457
f 7214 7457 7458
f 7458 7457 7459
f 7458 7459 7460
f 7460 7459 7461
f 7460 7461 7462
f 7462 7461 7463
f 7462 7463 7464
f 7464 7463 7465
f 7464 7465 7466
f 7466 7465 7143
f 7466 7143 7141
f 7347 7348 7437
f 7437 7348 7349
f 6692 7445 6690
f 6690 7445 7194
f 6690 7194 6688
f 6688 7194 6686
f 7387 7278 7384
f 7384 7278 7280
f 7384 7280 7383
f 7383 7280 7282
f 409 407 7467
f 7467 407 7468
f 7467 7468 7469
f 7469 7468 7470
f 7469 7470 7471
f 7471 7470 7352
f 7471 7352 7472
f 7472 7352 7354
f 7472 7354 7473
f 7473 7354 7356
f 7473 7356 7474
f 7474 7356 7357
f 7474 7357 7475
f 7475 7357 7358
f 7475 7358 351
f 351 7358 353
f 7471 7476 7477
f 7477 7476 7478
f 7477 7478 7479
f 7479 7478 7480
f 7479 7480 7481
f 7481 7480 7482
f 7481 7482 7483
f 7483 7482 7484
f 7483 7484 7485
f 7485 7484 7486
f 7485 7486 7487
f 7487 7486 7488
f 7487 7488 7418
f 7418 7488 7489
f 7418 7489 7441
f 7441 7489 341
f 7441 341 7442
f 7442 341 339
f 7442 339 337
f 395 393 7376
f 7376 393 391
f 7376 391 7377
f 7377 391 7365
f 7226 7422 7228
f 7228 7422 7424
f 7228 7424 319
f 493 565 7490
f 7490 565 7491
f 7490 7491 7492
f 7492 7491 7493
f 7492 7493 7494
f 7494 7493 7495
f 7494 7495 7496
f 7496 7495 7497
f 7496 7497 7498
f 7498 7497 7499
f 7498 7499 7500
f 7500 7499 7501
f 7500 7501 7502
f 7502 7501 7503
f 7502 7503 7504
f 7504 7503 7505
f 7504 7505 7506
f 7506 7505 7507
f 7506 7507 6932
f 6932 7507 7508
f 6932 7508 7509
f 7509 7508 7510
f 7509 7510 7511
f 7511 7510 7512
f 7511 7512 7513
f 7513 7512 7514
f 7513 7514 7515
f 7515 7514 7516
f 7515 7516 7517
f 7517 7516 7518
f 7517 7518 7340
f 7340 7518 7519
f 7340 7519 7342
f 7342 7519 468
f 7342 468 7344
f 7452 7388 7520
f 7520 7388 475
f 7520 475 7521
f 7521 475 473
f 7521 473 7522
f 7522 473 7523
f 7522 7523 7524
f 7524 7523 7525
f 7524 7525 7526
f 7526 7525 7527
f 7526 7527 7528
f 7528 7527 7529
f 7528 7529 7530
f 7530 7529 5302
f 7530 5302 7531
f 7531 5302 5300
f 7531 5300 7532
f 7532 5300 5298
f 7532 5298 5296
f 344 346 7453
f 7453 346 7446
f 7527 7525 471
f 471 7525 7523
f 471 7523 473
f 6699 6697 7435
f 7435 6697 6695
f 7435 6695 7433
f 7433 6695 7533
f 7433 7533 7534
f 7534 7533 6689
f 7534 6689 7431
f 7431 6689 6687
f 7229 7269 7227
f 7227 7269 7271
f 7227 7271 7273
f 7374 7429 6908
f 6908 7429 7294
f 6908 7294 6910
f 6914 6912 390
f 390 6912 7293
f 390 7293 388
f 388 7293 7295
f 7455 7214 7454
f 7454 7214 7212
f 7482 7480 7535
f 7535 7480 7536
f 7535 7536 7537
f 7537 7536 7538
f 7537 7538 7539
f 7539 7538 7540
f 7539 7540 7541
f 7541 7540 349
f 7541 349 7542
f 7542 349 347
f 7542 347 345
f 7520 7521 7452
f 7452 7521 7522
f 7452 7522 7524
f 7332 7334 7318
f 7318 7334 7336
f 7318 7336 7316
f 7196 7194 7445
f 7535 7537 7543
f 7543 7537 7539
f 7543 7539 7544
f 7544 7539 7541
f 7544 7541 7545
f 7545 7541 7542
f 7545 7542 7546
f 7546 7542 345
f 7546 345 343
f 465 5302 467
f 467 5302 7529
f 467 7529 469
f 469 7529 7527
f 469 7527 471
f 7456 7151 7547
f 7547 7151 7149
f 7547 7149 7548
f 7548 7149 7147
f 7548 7147 7145
f 7536 7549 7550
f 7550 7549 7473
f 7550 7473 7551
f 7551 7473 7474
f 7551 7474 7538
f 7538 7474 7475
f 7538 7475 7540
f 7540 7475 351
f 7540 351 349
f 7433 7534 7432
f 7432 7534 7431
f 6898 6896 7246
f 7387 7384 7385
f 7219 7221 7386
f 7386 7221 7223
f 7386 7223 7276
f 7276 7223 7225
f 7276 7225 7227
f 7507 7505 7552
f 7552 7505 7553
f 7552 7553 7554
f 7554 7553 7555
f 7554 7555 7556
f 7556 7555 7557
f 7556 7557 7558
f 7558 7557 7559
f 7558 7559 7514
f 7514 7559 7560
f 7514 7560 7516
f 7516 7560 464
f 7516 464 7561
f 7561 464 466
f 7561 466 7519
f 7519 466 468
f 7423 7421 7420
f 7545 7546 7562
f 7562 7546 343
f 7562 343 7563
f 7563 343 341
f 7563 341 7489
f 7532 5296 7564
f 7564 5296 5294
f 7564 5294 7524
f 7524 5294 7452
f 7405 7565 7566
f 7566 7565 7567
f 7566 7567 7460
f 7460 7567 7568
f 7460 7568 7458
f 7458 7568 7216
f 7458 7216 7214
f 7456 7547 7457
f 7457 7547 7569
f 7457 7569 7459
f 7459 7569 7547
f 7459 7547 7548
f 6899 6901 7570
f 7570 6901 7571
f 7570 7571 7572
f 7572 7571 6903
f 7572 6903 7573
f 7573 6903 6905
f 7573 6905 6907
f 6919 6921 7574
f 7574 6921 7575
f 7574 7575 7576
f 7576 7575 7573
f 7576 7573 6909
f 6909 7573 6907
f 7441 7420 7418
f 7386 7217 7219
f 7489 7488 7563
f 7563 7488 7486
f 7563 7486 7562
f 7562 7486 7577
f 7562 7577 7545
f 7545 7577 7544
f 6901 6903 7571
f 7312 7314 7353
f 7353 7314 7335
f 7353 7335 7355
f 7355 7335 7333
f 7417 7419 7415
f 7415 7419 7226
f 7415 7226 7224
f 390 392 6914
f 6932 7509 6934
f 6934 7509 7578
f 6934 7578 6935
f 6935 7578 7337
f 6935 7337 6936
f 7578 7511 7337
f 7337 7511 7513
f 7337 7513 7338
f 7338 7513 7517
f 7338 7517 7340
f 6909 6911 7576
f 7576 6911 6913
f 7576 6913 6915
f 7524 7526 7564
f 7564 7526 7528
f 7564 7528 7530
f 6695 6693 7533
f 7533 6693 6691
f 7533 6691 6689
f 7484 7482 7577
f 7577 7482 7543
f 7577 7543 7544
f 7145 7463 7548
f 7548 7463 7461
f 7548 7461 7459
f 6927 6929 7579
f 7579 6929 6931
f 7579 6931 7580
f 7580 6931 7581
f 7580 7581 7582
f 7582 7581 6897
f 7582 6897 7583
f 7583 6897 7584
f 7583 7584 7585
f 7585 7584 7570
f 7585 7570 7586
f 7586 7570 7587
f 7586 7587 6923
f 6923 7587 7572
f 6923 7572 7575
f 7575 7572 7573
f 7550 7551 7536
f 7536 7551 7538
f 7218 7216 7588
f 7588 7216 7568
f 7588 7568 7589
f 7589 7568 7567
f 7589 7567 7409
f 7409 7567 7590
f 7409 7590 7407
f 7407 7590 7565
f 7407 7565 7405
f 6897 6899 7584
f 7570 7584 6899
f 7483 7485 415
f 415 7485 7591
f 415 7591 417
f 417 7591 7592
f 417 7592 7593
f 7593 7592 7594
f 7593 7594 7595
f 7595 7594 7596
f 7595 7596 7597
f 7597 7596 7598
f 7597 7598 7416
f 7416 7598 7487
f 7416 7487 7418
f 7519 7518 7561
f 6701 7434 6703
f 6703 7434 5289
f 6703 5289 5291
f 6897 7581 6895
f 6895 7581 6933
f 6895 6933 6893
f 6893 6933 6891
f 7220 7218 7599
f 7599 7218 7588
f 7599 7588 7411
f 7411 7588 7589
f 7411 7589 7409
f 7577 7486 7484
f 7543 7482 7535
f 7145 7143 7463
f 7411 7222 7599
f 7599 7222 7220
f 7530 7531 7564
f 7531 7532 7564
f 7140 7142 7444
f 7444 7142 7144
f 7576 6915 7574
f 7574 6915 6916
f 7574 6916 6917
f 7570 7572 7587
f 431 429 7398
f 7398 429 427
f 7398 427 7600
f 7600 427 7601
f 7600 7601 7406
f 7406 7601 7602
f 7406 7602 7408
f 7408 7602 7603
f 7408 7603 7410
f 7410 7603 7604
f 7410 7604 7412
f 7412 7604 7595
f 7412 7595 7413
f 7413 7595 7597
f 7413 7597 7414
f 7414 7597 7416
f 6923 6925 7605
f 7605 6925 6927
f 7605 6927 7585
f 7585 6927 7582
f 7585 7582 7583
f 7485 7487 7606
f 7606 7487 7598
f 7606 7598 7592
f 7592 7598 7596
f 7592 7596 7594
f 7130 7136 7607
f 7607 7136 7608
f 7607 7608 6694
f 6694 7608 7140
f 6694 7140 6692
f 7516 7561 7518
f 7513 7515 7517
f 7460 7462 7566
f 7566 7462 7464
f 7566 7464 7403
f 7403 7464 7466
f 7403 7466 7609
f 7609 7466 7141
f 7609 7141 7139
f 7471 7472 7476
f 7476 7472 7473
f 7476 7473 7478
f 7478 7473 7549
f 7478 7549 7480
f 7480 7549 7536
f 7509 7511 7578
f 7143 7465 7463
f 6923 7575 6921
f 7313 399 397
f 6919 7574 6917
f 7582 6927 7580
f 404 7610 7611
f 7611 7610 7612
f 7611 7612 7613
f 7613 7612 7614
f 7613 7614 7615
f 7615 7614 7616
f 7615 7616 7617
f 7617 7616 7618
f 7617 7618 7619
f 7619 7618 7620
f 7619 7620 7621
f 7621 7620 7622
f 7621 7622 7623
f 7623 7622 6920
f 7623 6920 7624
f 7624 6920 6918
f 7624 6918 7625
f 7625 6918 394
f 7625 394 396
f 6923 7605 7586
f 7586 7605 7585
f 7581 6931 6933
f 6704 5293 7626
f 7626 5293 5295
f 7626 5295 7627
f 7627 5295 5297
f 7627 5297 7628
f 7628 5297 7629
f 7628 7629 7630
f 7630 7629 7631
f 7630 7631 7632
f 7632 7631 7633
f 7632 7633 7634
f 7634 7633 7635
f 7634 7635 457
f 457 7635 459
f 7485 7606 7591
f 7591 7606 7592
f 459 7633 461
f 461 7633 7636
f 461 7636 463
f 463 7636 5301
f 463 5301 5303
f 7590 7567 7565
f 7593 7595 7637
f 7637 7595 7604
f 7637 7604 421
f 421 7604 7603
f 421 7603 423
f 423 7603 7602
f 423 7602 425
f 425 7602 7601
f 425 7601 427
f 409 7477 411
f 411 7477 7479
f 411 7479 413
f 413 7479 7481
f 413 7481 7483
f 415 413 7483
f 7405 7566 7403
f 6927 7579 7580
f 405 403 7470
f 7470 403 7311
f 7470 7311 7352
f 570 7638 7639
f 7639 7638 7640
f 7639 7640 7641
f 7641 7640 7642
f 7641 7642 7643
f 7643 7642 7644
f 7643 7644 7645
f 7645 7644 7646
f 7645 7646 566
f 566 7646 7647
f 566 7647 7648
f 7648 7647 7649
f 7648 7649 7650
f 7650 7649 458
f 7650 458 7651
f 7651 458 7652
f 7651 7652 7653
f 7653 7652 7654
f 7653 7654 7560
f 7560 7654 462
f 7560 462 464
f 7633 7631 7636
f 7636 7631 7629
f 7636 7629 7655
f 7655 7629 5299
f 7655 5299 5301
f 7636 7655 5301
f 7615 7617 7656
f 7656 7617 7657
f 7656 7657 398
f 398 7657 7658
f 398 7658 396
f 396 7658 7659
f 396 7659 7625
f 7625 7659 7623
f 7625 7623 7624
f 6702 6704 7660
f 7660 6704 7626
f 7660 7626 7661
f 7661 7626 7627
f 7661 7627 7662
f 7662 7627 7628
f 7662 7628 7663
f 7663 7628 7632
f 7663 7632 7634
f 7136 7138 7608
f 7608 7138 7140
f 5297 5299 7629
f 443 441 6698
f 6698 441 7607
f 6698 7607 6696
f 6696 7607 6694
f 421 419 7637
f 7637 419 417
f 7637 417 7593
f 7139 7395 7609
f 7609 7395 7401
f 7609 7401 7403
f 7558 7514 7664
f 7664 7514 7512
f 7664 7512 7665
f 7665 7512 7510
f 7665 7510 7508
f 7490 7492 7666
f 7666 7492 7667
f 7666 7667 7668
f 7668 7667 7669
f 7668 7669 7620
f 7620 7669 7670
f 7620 7670 7671
f 7671 7670 7672
f 7671 7672 7673
f 7673 7672 7674
f 7673 7674 6926
f 6926 7674 7675
f 6926 7675 6928
f 6928 7675 7506
f 6928 7506 6930
f 6930 7506 6932
f 7469 7471 7676
f 7676 7471 7477
f 7676 7477 7467
f 7467 7477 409
f 7556 7664 7554
f 7554 7664 7665
f 7554 7665 7552
f 7552 7665 7508
f 7552 7508 7507
f 7620 7671 7622
f 7622 7671 6922
f 7622 6922 6920
f 404 7611 402
f 402 7611 7613
f 402 7613 400
f 400 7613 7656
f 400 7656 398
f 7470 7468 405
f 7623 7659 7621
f 7621 7659 7658
f 7621 7658 7619
f 7619 7658 7657
f 7619 7657 7617
f 6700 6702 7677
f 7677 6702 7660
f 7677 7660 7678
f 7678 7660 7661
f 7678 7661 449
f 449 7661 7662
f 449 7662 451
f 451 7662 7663
f 451 7663 7634
f 7139 7137 7395
f 6926 6924 7673
f 7673 6924 6922
f 7673 6922 7671
f 7676 7467 7469
f 7600 7406 7400
f 7400 7406 7404
f 7400 7404 7402
f 462 7654 460
f 460 7654 7652
f 460 7652 458
f 617 615 7679
f 7679 615 7680
f 7679 7680 7681
f 7681 7680 7682
f 7681 7682 7683
f 7683 7682 494
f 7683 494 7684
f 7684 494 7685
f 7684 7685 7686
f 7686 7685 498
f 7686 498 7687
f 7687 498 500
f 7687 500 7688
f 7688 500 7689
f 7688 7689 7690
f 7690 7689 7691
f 7690 7691 7692
f 7692 7691 414
f 7692 414 416
f 416 418 7692
f 7692 418 7693
f 7692 7693 7694
f 7694 7693 422
f 7694 422 424
f 510 512 7695
f 7695 512 7696
f 7695 7696 7697
f 7697 7696 7698
f 7697 7698 7699
f 7699 7698 7700
f 7699 7700 7557
f 7557 7700 7653
f 7557 7653 7559
f 7559 7653 7560
f 500 408 7689
f 7689 408 410
f 7689 410 7701
f 7701 410 412
f 7701 412 7691
f 7691 412 414
f 7630 7632 7628
f 7137 7135 7395
f 7399 7401 7397
f 7397 7401 7395
f 7468 407 405
f 7502 7504 7702
f 7702 7504 7506
f 7702 7506 7703
f 7703 7506 7675
f 7703 7675 7674
f 7558 7664 7556
f 418 420 7693
f 420 422 7693
f 443 6700 445
f 445 6700 7677
f 445 7677 7678
f 443 6698 6700
f 7656 7613 7615
f 7600 7400 7398
f 7130 7132 7136
f 7136 7132 7134
f 7702 7703 7502
f 7502 7703 7674
f 7502 7674 7500
f 7500 7674 7672
f 7500 7672 7498
f 7498 7672 7670
f 7498 7670 7496
f 7496 7670 7669
f 7496 7669 7704
f 7704 7669 7667
f 7704 7667 7492
f 439 7130 441
f 441 7130 7607
f 7679 7705 7706
f 7706 7705 7707
f 7706 7707 7708
f 7708 7707 7709
f 7708 7709 7710
f 7710 7709 7711
f 7710 7711 7712
f 7712 7711 7713
f 7712 7713 7714
f 7714 7713 7715
f 7714 7715 7716
f 7716 7715 7717
f 7716 7717 7718
f 7718 7717 7719
f 7718 7719 7720
f 7720 7719 7721
f 7720 7721 7722
f 7722 7721 7723
f 7722 7723 7724
f 7724 7723 7725
f 7724 7725 7694
f 7694 7725 7690
f 7694 7690 7692
f 7635 7633 459
f 404 406 7610
f 7610 406 501
f 7610 501 499
f 449 447 7678
f 7678 447 445
f 7718 7720 428
f 428 7720 7726
f 428 7726 426
f 426 7726 7722
f 426 7722 424
f 424 7722 7724
f 424 7724 7694
f 7505 7503 7727
f 7727 7503 7501
f 7727 7501 7728
f 7728 7501 7729
f 7728 7729 7553
f 7553 7729 7730
f 7553 7730 7555
f 7555 7730 7731
f 7555 7731 7732
f 7732 7731 7733
f 7732 7733 7734
f 7734 7733 7735
f 7734 7735 7736
f 7736 7735 7737
f 7736 7737 7738
f 7738 7737 7735
f 7738 7735 7739
f 7739 7735 7733
f 7739 7733 7740
f 7740 7733 7731
f 7740 7731 7730
f 7728 7553 7727
f 7727 7553 7505
f 7701 7691 7689
f 7686 7687 7741
f 7741 7687 7688
f 7741 7688 7742
f 7742 7688 7690
f 7742 7690 7723
f 7723 7690 7725
f 431 7398 433
f 433 7398 7396
f 433 7396 7743
f 7743 7396 7133
f 7743 7133 437
f 437 7133 7131
f 499 497 7744
f 7744 497 7745
f 7744 7745 7746
f 7746 7745 7666
f 7746 7666 7618
f 7618 7666 7668
f 7618 7668 7620
f 7616 7614 7744
f 7744 7614 7612
f 7744 7612 499
f 499 7612 7610
f 7722 7726 7720
f 512 589 7696
f 7696 589 7747
f 7696 7747 7698
f 7698 7747 7748
f 7698 7748 7700
f 7700 7748 7651
f 7700 7651 7653
f 7723 7721 7742
f 7742 7721 7719
f 7742 7719 7741
f 7741 7719 7717
f 7741 7717 7715
f 7695 7697 7749
f 7749 7697 7750
f 7749 7750 7736
f 7736 7750 7751
f 7736 7751 7734
f 7734 7751 7697
f 7734 7697 7732
f 7732 7697 7699
f 7732 7699 7555
f 7555 7699 7557
f 457 455 7634
f 7634 455 453
f 7634 453 451
f 7618 7616 7746
f 7616 7744 7746
f 7712 7752 7753
f 7753 7752 7754
f 7753 7754 430
f 430 7754 7718
f 430 7718 428
f 7729 7501 7755
f 7755 7501 7499
f 7755 7499 7756
f 7756 7499 7497
f 7756 7497 7757
f 7757 7497 7495
f 7757 7495 7758
f 7758 7495 7493
f 7758 7493 7759
f 7759 7493 504
f 7759 504 506
f 433 7743 435
f 435 7743 437
f 600 602 448
f 448 602 604
f 448 604 446
f 446 604 444
f 594 596 7640
f 7640 596 7760
f 7640 7760 7761
f 7761 7760 454
f 7761 454 7762
f 7762 454 456
f 7762 456 7763
f 7763 456 458
f 7763 458 7649
f 589 587 7747
f 7747 587 7648
f 7747 7648 7748
f 7748 7648 7650
f 7748 7650 7651
f 7492 7494 7704
f 7704 7494 7496
f 7739 7740 7755
f 7755 7740 7730
f 7755 7730 7729
f 7752 7714 7754
f 7754 7714 7716
f 7754 7716 7718
f 7753 430 7764
f 7764 430 432
f 7764 432 7765
f 7765 432 7766
f 7765 7766 7767
f 7767 7766 7768
f 7767 7768 7769
f 7769 7768 7770
f 7769 7770 7771
f 7771 7770 7772
f 7771 7772 7773
f 7773 7772 7774
f 7773 7774 436
f 436 7774 7766
f 436 7766 434
f 434 7766 432
f 436 438 7773
f 7773 438 440
f 7773 440 7775
f 7775 440 442
f 7775 442 7776
f 7776 442 605
f 7776 605 7777
f 7777 605 603
f 7777 603 7778
f 7778 603 7779
f 7778 7779 7780
f 7780 7779 7781
f 7780 7781 7782
f 7782 7781 7783
f 7782 7783 7784
f 7784 7783 7785
f 7784 7785 625
f 625 7785 7786
f 625 7786 7787
f 7787 7786 7788
f 7787 7788 629
f 629 7788 631
f 454 7760 452
f 452 7760 7789
f 452 7789 450
f 450 7789 448
f 7686 7741 7790
f 7790 7741 7715
f 7790 7715 7684
f 7684 7715 7713
f 7684 7713 7681
f 7681 7713 7705
f 7681 7705 7679
f 7760 598 7789
f 7789 598 600
f 7789 600 448
f 498 7685 496
f 7695 7749 7791
f 7791 7749 7736
f 7791 7736 508
f 508 7736 7738
f 508 7738 506
f 506 7738 7792
f 506 7792 7793
f 7793 7792 7755
f 7793 7755 7794
f 7794 7755 7756
f 7794 7756 7759
f 7759 7756 7758
f 7755 7792 7739
f 7757 7758 7756
f 7490 7666 7795
f 7795 7666 7745
f 7795 7745 495
f 495 7745 497
f 617 7679 7796
f 7796 7679 7706
f 7796 7706 7797
f 7797 7706 7708
f 7797 7708 7765
f 7765 7708 7710
f 7765 7710 7764
f 7764 7710 7712
f 7764 7712 7753
f 623 621 7798
f 7798 621 7799
f 7798 7799 7800
f 7800 7799 7801
f 7800 7801 7802
f 7802 7801 7803
f 7802 7803 7778
f 7778 7803 7804
f 7778 7804 7777
f 7777 7804 7805
f 7777 7805 7775
f 7775 7805 7771
f 7775 7771 7773
f 7684 7686 7790
f 7752 7712 7714
f 7761 7762 7806
f 7806 7762 7807
f 7806 7807 7646
f 7646 7807 7763
f 7646 7763 7647
f 7647 7763 7649
f 7775 7776 7777
f 7766 7774 7768
f 7768 7774 7772
f 7768 7772 7770
f 7763 7807 7762
f 7794 7759 7793
f 7771 7805 7769
f 7769 7805 7804
f 7769 7804 7808
f 7808 7804 7803
f 7808 7803 7801
f 7792 7738 7739
f 496 7685 494
f 7759 506 7793
f 7490 7795 493
f 493 7795 495
f 565 502 7491
f 7491 502 504
f 7491 504 7493
f 7751 7750 7697
f 7797 7765 7809
f 7809 7765 7767
f 7809 7767 7810
f 7810 7767 7799
f 7810 7799 7796
f 7796 7799 619
f 7796 619 617
f 7681 7683 7684
f 7707 7705 7709
f 7709 7705 7713
f 7709 7713 7711
f 7760 596 598
f 566 7648 587
f 494 7682 492
f 492 7682 7811
f 492 7811 490
f 490 7811 613
f 490 613 611
f 7640 7761 7642
f 7642 7761 7806
f 7642 7806 7644
f 7644 7806 7646
f 595 7812 597
f 597 7812 7813
f 597 7813 599
f 599 7813 7814
f 599 7814 601
f 601 7814 7779
f 601 7779 603
f 7801 7799 7808
f 7808 7799 7767
f 7808 7767 7769
f 7797 7809 7796
f 7796 7809 7810
f 7695 7791 510
f 510 7791 508
f 623 7798 7784
f 7784 7798 7800
f 7784 7800 7815
f 7815 7800 7816
f 7815 7816 7780
f 7780 7816 7802
f 7780 7802 7778
f 7639 7643 568
f 568 7643 7645
f 568 7645 566
f 615 613 7680
f 7680 613 7811
f 7680 7811 7682
f 7816 7800 7802
f 7643 7639 7641
f 589 512 514
f 7788 7783 7814
f 7814 7783 7781
f 7814 7781 7779
f 658 659 657
f 657 659 662
f 657 662 505
f 505 662 507
f 619 7799 621
f 657 505 656
f 656 505 503
f 656 503 488
f 570 572 7638
f 7638 572 594
f 7638 594 7640
f 513 511 515
f 515 511 509
f 515 509 7817
f 7817 509 663
f 7817 663 517
f 517 663 661
f 517 661 638
f 568 570 7639
f 7784 7815 7782
f 7782 7815 7780
f 595 633 7812
f 7812 633 7818
f 7812 7818 7813
f 7813 7818 7814
f 633 631 7818
f 7818 631 7788
f 7818 7788 7814
f 610 612 667
f 667 612 614
f 667 614 671
f 671 614 616
f 671 616 620
f 620 616 618
f 660 662 659
f 588 590 592
f 592 590 520
f 592 520 522
f 515 7817 517
f 569 573 571
f 623 7784 625
f 516 518 590
f 518 520 590
f 7785 7783 7786
f 7788 7786 7783
f 592 522 591
f 591 522 524
f 591 524 7819
f 7819 524 526
f 7819 526 528
f 702 699 7820
f 7820 699 7821
f 7820 7821 7822
f 7822 7821 699
f 7822 699 7823
f 7823 699 700
f 7823 700 7824
f 7824 700 577
f 7824 577 7819
f 7819 577 593
f 7819 593 591
f 593 577 575
f 644 7825 7826
f 7826 7825 523
f 7826 523 7827
f 7827 523 521
f 7827 521 642
f 642 521 519
f 642 519 640
f 640 519 517
f 640 517 638
f 667 671 669
f 706 685 7828
f 7828 685 683
f 7828 683 7829
f 7829 683 7830
f 7829 7830 7831
f 7831 7830 670
f 7831 670 622
f 7832 7833 548
f 548 7833 7834
f 548 7834 546
f 546 7834 7835
f 546 7835 7836
f 7836 7835 7834
f 7836 7834 7837
f 7837 7834 7833
f 7837 7833 7838
f 7838 7833 7832
f 7838 7832 7839
f 7839 7832 7840
f 7839 7840 626
f 626 7840 7831
f 626 7831 624
f 624 7831 622
f 625 7787 627
f 627 7787 629
f 574 576 582
f 582 576 578
f 582 578 580
f 665 666 681
f 681 666 668
f 681 668 7841
f 7841 668 670
f 7841 670 7830
f 626 7842 7839
f 7839 7842 7843
f 7839 7843 7844
f 7844 7843 632
f 7844 632 7845
f 7845 632 606
f 7845 606 607
f 681 664 665
f 628 630 7842
f 7842 630 632
f 7842 632 7843
f 7822 7823 528
f 528 7823 7824
f 528 7824 7819
f 7842 626 628
f 641 639 672
f 544 7836 7846
f 7846 7836 7847
f 7846 7847 674
f 674 7847 7845
f 674 7845 607
f 7830 683 7841
f 7841 683 681
f 7831 7840 7829
f 7829 7840 708
f 7829 708 7848
f 7848 708 706
f 7848 706 7828
f 7845 7847 7844
f 7844 7847 7836
f 7844 7836 7837
f 644 7826 642
f 642 7826 7827
f 682 697 680
f 654 527 652
f 652 527 525
f 652 525 7849
f 7849 525 523
f 7849 523 7825
f 7837 7838 7844
f 7844 7838 7839
f 694 693 695
f 695 693 679
f 708 7840 7850
f 7850 7840 7832
f 7850 7832 548
f 650 652 648
f 648 652 7849
f 648 7849 7851
f 7851 7849 7825
f 7851 7825 646
f 646 7825 644
f 532 702 7852
f 7852 702 7820
f 7852 7820 530
f 530 7820 7822
f 530 7822 528
f 538 540 7853
f 7853 540 542
f 7853 542 676
f 676 542 7846
f 676 7846 674
f 699 702 677
f 737 7854 690
f 690 7854 647
f 690 647 696
f 696 647 645
f 696 645 643
f 7828 7829 7848
f 698 684 686
f 544 546 7836
f 654 529 527
f 646 648 7851
f 542 544 7846
f 685 706 704
f 530 532 7852
f 708 7850 550
f 550 7850 548
f 701 536 678
f 678 536 7853
f 678 7853 676
f 534 536 701
f 741 846 739
f 739 846 847
f 739 847 7854
f 7854 847 649
f 7854 649 647
f 653 651 7855
f 7855 651 649
f 7855 649 805
f 805 649 847
f 690 692 737
f 763 535 752
f 752 535 533
f 558 745 556
f 556 745 747
f 556 747 554
f 554 747 707
f 554 707 552
f 538 7853 536
f 802 814 804
f 804 814 7856
f 804 7856 806
f 806 7856 830
f 806 830 655
f 7855 805 653
f 739 7854 737
f 748 541 772
f 772 541 539
f 772 539 779
f 779 539 537
f 779 537 766
f 742 740 744
f 744 740 746
f 836 826 812
f 812 826 827
f 812 827 7856
f 7856 827 829
f 7856 829 830
f 770 771 714
f 828 758 749
f 749 758 756
f 749 756 754
f 761 785 759
f 759 785 786
f 759 786 757
f 757 786 755
f 845 741 7857
f 7857 741 743
f 7857 743 7858
f 7858 743 745
f 7858 745 7859
f 7859 745 560
f 7859 560 7860
f 7860 560 562
f 7860 562 843
f 843 562 564
f 812 7856 814
f 768 732 766
f 766 732 777
f 766 777 779
f 715 781 713
f 745 558 560
f 796 811 798
f 798 811 813
f 798 813 800
f 7860 845 7859
f 7859 845 7857
f 7859 7857 7858
f 828 794 758
f 784 769 767
f 845 7860 843
f 836 812 7861
f 7861 812 808
f 7861 808 836
f 838 844 842
f 729 731 821
f 821 731 733
f 821 733 735
f 725 727 823
f 823 727 818
f 823 818 790
f 790 818 816
f 790 816 789
f 852 854 7862
f 7862 854 819
f 7862 819 7863
f 7863 819 820
f 7863 820 7864
f 7864 820 788
f 7864 788 831
f 831 788 793
f 848 7865 835
f 835 7865 7863
f 835 7863 7866
f 7866 7863 831
f 7866 831 833
f 7866 833 835
f 727 729 821
f 809 848 835
f 7864 831 7863
f 848 839 7865
f 7865 839 841
f 7865 841 852
f 819 854 817
f 817 854 849
f 852 7862 7865
f 7865 7862 7863
