# https://github.com/mikedh/trimesh
v -0.35161375 0.22796848 0.14543239
v -0.35791600 0.23104026 0.14105348
v -0.35942853 0.21091037 0.14386384
v -0.36919467 0.21066761 0.13725348
v -0.35795332 0.19575697 0.14673018
v -0.36815830 0.18518791 0.14318225
v -0.35624473 0.19051914 0.14810267
v -0.36279906 0.17433870 0.14734639
v -0.35278083 0.17757852 0.15095972
v -0.35540445 0.16047376 0.15121177
v -0.33967217 0.16410572 0.15658036
v -0.34559160 0.14771058 0.15580541
v -0.32784263 0.15217347 0.16035236
v -0.33628296 0.13594638 0.15904523
v -0.32202588 0.13079260 0.16241577
v -0.33204413 0.11885095 0.16058579
v -0.31211970 0.11836550 0.16438579
v -0.31801113 0.10882340 0.16343347
v -0.29886165 0.10642392 0.16589835
v -0.30829167 0.09415553 0.16475926
v -0.29581790 0.08291417 0.16583299
v -0.31439784 0.07696671 0.16363887
v -0.29689161 0.06901191 0.16533814
v -0.30244693 0.05676225 0.16462855
v -0.28734955 0.05006784 0.16552488
v -0.30312851 0.03099306 0.16403101
v -0.28187827 0.03109578 0.16534747
v -0.28662129 0.01361755 0.16459122
v -0.26905905 0.01683870 0.16518876
v -0.27369003 0.00062094 0.16459122
v -0.25331744 0.00950006 0.16428311
v -0.25117935 -0.00626017 0.16374159
v -0.23580188 0.00058354 0.16045508
v -0.23209524 -0.01539146 0.15621625
v -0.22000427 -0.01249705 0.14949385
v -0.22812715 -0.03833163 0.14994201
v -0.21246958 -0.02804259 0.14150164
v -0.21325385 -0.04871399 0.13822450
v -0.20257273 -0.03418615 0.13274386
v -0.19947295 -0.05021715 0.12650699
v -0.19617710 -0.04330804 0.12509716
v -0.18905323 -0.04736946 0.11742242
v -0.19400168 -0.03496110 0.12501314
v -0.18302175 -0.02897624 0.11582586
v -0.19167685 -0.02440130 0.12547063
v -0.18364732 -0.01364547 0.12051287
v -0.19229305 -0.01782834 0.12759938
v -0.19599973 -0.00990146 0.13276256
v -0.20638209 -0.01623173 0.13958765
v -0.20372115 -0.00068619 0.14085741
v -0.21422486 0.00986421 0.14985795
v -0.23459746 0.01225436 0.16115533
v -0.24143189 0.02617536 0.16406834
v -0.26271012 0.02744516 0.16531947
v -0.26576320 0.04094595 0.16583299
v -0.27213081 0.05391457 0.16639317
v -0.27395146 0.06823696 0.16670129
v -0.25531549 0.06217746 0.16641187
v -0.26777992 0.08095348 0.16728016
v -0.25147812 0.08642475 0.16723351
v -0.26073075 0.10023370 0.16796172
v -0.23965792 0.11266080 0.16772833
v -0.25741624 0.11762788 0.16837256
v -0.24500782 0.13346284 0.16881139
v -0.26510964 0.13241714 0.16859666
v -0.25525014 0.14785063 0.16904478
v -0.26970328 0.14672087 0.16867134
v -0.26151503 0.16495539 0.16910081
v -0.27849841 0.15901726 0.16820448
v -0.27427824 0.17955794 0.16835389
v -0.28977709 0.17365714 0.16662660
v -0.28396034 0.18993097 0.16695338
v -0.30366069 0.18719526 0.16392829
v -0.29367980 0.20190054 0.16503002
v -0.30701256 0.20785733 0.16186492
v -0.28846994 0.22448589 0.16466591
v -0.30449166 0.22818324 0.16137007
v -0.29602330 0.23918176 0.16235974
v -0.31484600 0.24724869 0.15707521
v -0.29072942 0.25045111 0.16259317
v -0.30564939 0.26165514 0.15837301
v -0.28369891 0.26743449 0.16324674
v -0.30247494 0.27282177 0.15835431
v -0.29408129 0.28724689 0.15929733
v -0.31262387 0.28368032 0.15427422
v -0.29494958 0.30138258 0.15771945
v -0.31582634 0.29480023 0.15155722
v -0.31520079 0.30172806 0.15093169
v -0.32028927 0.29607003 0.14948452
v -0.32486423 0.30336194 0.14628202
v -0.33625494 0.30015011 0.13972769
v -0.32570453 0.30837574 0.14476016
v -0.33650704 0.31126075 0.13551686
v -0.32651682 0.32104561 0.14120289
v -0.34049379 0.31969175 0.12724459
v -0.33519058 0.33265103 0.12768340
v -0.34636656 0.33837439 0.10968233
v -0.33263233 0.34477005 0.12506915
v -0.33829967 0.35595534 0.11041060
v -0.32885098 0.36250964 0.11981261
v -0.33323920 0.37395636 0.10647052
v -0.31986912 0.37810183 0.12245488
v -0.32604999 0.38851226 0.10719879
v -0.31535952 0.40031386 0.11489219
v -0.32817874 0.40144347 0.09529456
v -0.31751628 0.41597131 0.10070982
v -0.32192320 0.42282449 0.08828272
v -0.30730200 0.43182493 0.10414571
v -0.31189562 0.44409339 0.08658346
v -0.30185872 0.44749192 0.09993488
v -0.30014078 0.46199169 0.09061690
v -0.29015989 0.45687530 0.11013050
v -0.28683604 0.46838742 0.10603171
v -0.27573476 0.46271071 0.12533057
v -0.27304580 0.47665030 0.11820672
v -0.27224285 0.46903165 0.12490109
v -0.26989935 0.47918050 0.11994333
v -0.27045021 0.47317698 0.12393008
v -0.26600595 0.48188807 0.12252023
v -0.26497893 0.47598741 0.12793549
v -0.25229042 0.48856388 0.13315470
v -0.25564227 0.47965662 0.13533945
v -0.24944274 0.48500665 0.13765495
v -0.24907861 0.47852701 0.14068937
v -0.24201075 0.49126219 0.14023188
v -0.23946185 0.47901239 0.14574984
v -0.23481219 0.48672451 0.14542306
v -0.22571830 0.48303649 0.14996067
v -0.23442005 0.49436197 0.14335965
v -0.22771635 0.50317577 0.14396652
v -0.23871492 0.50658356 0.13528343
v -0.23385052 0.51609759 0.13425643
v -0.24114245 0.51564013 0.12720724
v -0.23581121 0.52844070 0.12332319
v -0.24475573 0.51763821 0.12119444
v -0.24422355 0.52394048 0.11663815
v -0.25488601 0.51334329 0.11109218
v -0.24530659 0.52813255 0.11179243
v -0.25078721 0.52677884 0.10574227
v -0.25062848 0.53412681 0.09923462
v -0.25625849 0.52383777 0.10060710
v -0.25759363 0.53055077 0.09256826
v -0.26195386 0.52223189 0.09357662
v -0.26074008 0.53144716 0.08656479
v -0.26791063 0.52485540 0.08121489
v -0.26200053 0.53808551 0.07639717
v -0.27349395 0.53326774 0.05710764
v -0.25969438 0.55034443 0.06380201
v -0.26696763 0.54890666 0.04726680
v -0.25303735 0.56657160 0.05099213
v -0.25608111 0.56863493 0.03753801
v -0.24273902 0.57899877 0.05327026
v -0.24524124 0.58346166 0.03632425
v -0.23188982 0.59375056 0.05175774
v -0.23760386 0.59563652 0.03126378
v -0.22856598 0.60337670 0.03747265
v -0.22988244 0.60681256 0.02128290
v -0.22028436 0.61555171 0.02664213
v -0.22923820 0.60972570 0.01068579
v -0.21622292 0.62345046 0.01099389
v -0.22252517 0.61794186 0.00073292
v -0.21710056 0.62397331 0.00288967
v -0.21496246 0.62587808 -0.01076985
v -0.21210545 0.62955669 0.00220810
v -0.20555112 0.63629776 -0.01141408
v -0.20589657 0.63629776 0.00017272
v -0.19966902 0.64205852 0.00385136
v -0.19978107 0.64132083 0.01048037
v -0.19279724 0.64944381 0.00742729
v -0.19756829 0.64263736 0.01955560
v -0.18828766 0.65165660 0.02140426
v -0.19219970 0.64538239 0.03372866
v -0.18588814 0.65107762 0.03857437
v -0.19373093 0.64157299 0.04275720
v -0.19055646 0.64279606 0.04906878
v -0.19815649 0.63748350 0.04028299
v -0.19234908 0.63753023 0.05767717
v -0.20614866 0.62320769 0.05472678
v -0.19429110 0.62771731 0.07326938
v -0.20275013 0.61576641 0.07586499
v -0.18971616 0.62132173 0.09096235
v -0.20295553 0.60670984 0.08884293
v -0.19491667 0.59840963 0.11053198
v -0.20801600 0.59446018 0.09748868
v -0.20989267 0.58179039 0.10894475
v -0.21969615 0.58587048 0.09099036
v -0.22572763 0.57316322 0.09569603
v -0.23320629 0.58304153 0.06889049
v -0.23652080 0.56401333 0.08942181
v -0.24344860 0.56927917 0.06898386
v -0.34715084 0.22247855 0.14849484
v -0.34823388 0.24882657 0.14354639
v -0.34008299 0.23659551 0.14954987
v -0.34118470 0.24385009 0.14811200
v -0.33654438 0.24515722 0.14991398
v -0.33212817 0.25448454 0.15068892
v -0.34545155 0.26432538 0.14237931
v -0.33031685 0.26355044 0.15061424
v -0.33852375 0.27523059 0.14441468
v -0.32648882 0.27664977 0.15025942
v -0.33180137 0.28451126 0.14618867
v -0.32623673 0.28988914 0.14795329
v -0.21533594 0.44067620 -0.16047378
v -0.21771678 0.43384168 -0.16080989
v -0.22023768 0.43832337 -0.15941873
v -0.23273947 0.43411251 -0.15537596
v -0.23501761 0.44428002 -0.15019411
v -0.24989090 0.42947210 -0.14465748
v -0.24974151 0.44298230 -0.13800978
v -0.26472684 0.43666137 -0.12590014
v -0.25595039 0.44816407 -0.12895323
v -0.26295288 0.45675392 -0.11582589
v -0.25000293 0.46456861 -0.12524657
v -0.25746292 0.47359726 -0.11080277
v -0.24705255 0.48318593 -0.11626471
v -0.25701476 0.48591231 -0.10293197
v -0.24314984 0.49917960 -0.10938359
v -0.25449387 0.49964646 -0.09586412
v -0.24763143 0.51432374 -0.09302577
v -0.26057203 0.51050494 -0.07940360
v -0.24638966 0.53035473 -0.08110287
v -0.25451254 0.53160587 -0.06833032
v -0.24102107 0.54370608 -0.07593969
v -0.24438227 0.55068065 -0.06378338
v -0.23405592 0.56381730 -0.06509984
v -0.23568985 0.57283654 -0.05225260
v -0.21989222 0.58059524 -0.06695783
v -0.22256251 0.58911030 -0.05281280
v -0.21052755 0.59874570 -0.05933913
v -0.21997625 0.60163078 -0.04229040
v -0.21282437 0.61215318 -0.04003092
v -0.22116200 0.61111674 -0.02737976
v -0.20819340 0.62508440 -0.02891097
v -0.22674533 0.61140623 -0.01404701
v -0.21452365 0.44709045 -0.16000694
v -0.19649455 0.43672676 -0.16397502
v -0.19054713 0.45224430 -0.16383497
v -0.18077165 0.43387900 -0.16511408
v -0.16789638 0.44569927 -0.16551557
v -0.16757893 0.42281509 -0.16520745
v -0.14855085 0.42434631 -0.16430181
v -0.16364822 0.40431915 -0.16394702
v -0.14694493 0.40888490 -0.16269590
v -0.15569338 0.39602820 -0.16230375
v -0.13246379 0.39154664 -0.15820497
v -0.14138028 0.38012799 -0.15831701
v -0.12434088 0.37614122 -0.15453566
v -0.13971838 0.36469450 -0.15598284
v -0.11513494 0.36528260 -0.14990467
v -0.12564804 0.34457395 -0.14950321
v -0.10866466 0.35349980 -0.14481620
v -0.11544305 0.34194103 -0.14506829
v -0.09864641 0.33959754 -0.13728153
v -0.10931823 0.32710504 -0.13885942
v -0.09165325 0.32781467 -0.13068985
v -0.10846859 0.30700330 -0.13352818
v -0.09321247 0.31325884 -0.12722595
v -0.09352059 0.29699435 -0.12314582
v -0.07782568 0.31850601 -0.12032615
v -0.06958142 0.30771285 -0.11218459
v -0.05722900 0.32384656 -0.10985043
v -0.05480149 0.31051380 -0.10211968
v -0.05132824 0.31708683 -0.10197963
v -0.04803243 0.31689080 -0.09809558
v -0.04587564 0.32534979 -0.10128872
v -0.03853703 0.31912224 -0.08474417
v -0.03859306 0.33390217 -0.09899190
v -0.02858417 0.34223045 -0.09098105
v -0.03424218 0.34774845 -0.10350151
v -0.02878024 0.35588995 -0.10300666
v -0.04312134 0.35785997 -0.11420131
v -0.02461607 0.36541338 -0.10584501
v -0.02865886 0.38299426 -0.11611532
v -0.01787500 0.37311609 -0.10479930
v -0.01624109 0.39005274 -0.11221261
v -0.01075116 0.38363849 -0.10470593
v -0.00696046 0.39094914 -0.10719882
v -0.00579338 0.38072549 -0.09648034
v 0.00337520 0.39121982 -0.09479974
v 0.00416884 0.37986656 -0.07897411
v 0.01433643 0.38839088 -0.07258784
v 0.00829562 0.37187436 -0.06043152
v 0.02336497 0.38529110 -0.04860197
v 0.01218900 0.36679516 -0.04283192
v 0.02793994 0.38364790 -0.03193604
v 0.01464455 0.36207084 -0.02428932
v 0.02596059 0.37651462 -0.01981706
v 0.01771633 0.36131456 -0.00765141
v 0.02584854 0.37302278 -0.00225481
v 0.02356107 0.36985761 0.01513937
v 0.03222546 0.38319970 0.01090987
v 0.02880827 0.38061351 0.02793993
v 0.03255225 0.38564584 0.02502689
v 0.03110508 0.38596340 0.03407410
v 0.03586679 0.39000616 0.02216054
v 0.03806087 0.39433826 0.02691289
v 0.04145944 0.39684994 0.01431775
v 0.04610907 0.40326419 0.01418704
v 0.04760293 0.40474869 0.00795949
v 0.05202853 0.41044405 0.00674571
v 0.04426976 0.39989358 -0.00469167
v 0.05885362 0.42016351 -0.00222680
v 0.04852728 0.40744699 -0.01802443
v 0.05772386 0.41957527 -0.01783769
v 0.05465211 0.42153603 -0.03819160
v 0.06579075 0.43128341 -0.02495223
v 0.06748068 0.44031206 -0.04468058
v 0.07714412 0.44643682 -0.02799598
v 0.08468816 0.45725811 -0.03455031
v 0.08773188 0.45927472 -0.02226327
v 0.09231618 0.46448470 -0.02059201
v 0.09217614 0.46345766 -0.01177820
v 0.09587342 0.46848999 -0.01819249
v 0.09931868 0.47243943 -0.01509271
v 0.10004696 0.47454024 -0.02472814
v 0.10286658 0.47763061 -0.02061069
v 0.10658259 0.48220562 -0.02194582
v 0.10632117 0.48123458 -0.01694137
v 0.11317428 0.48925470 -0.01010695
v 0.10542484 0.47985280 -0.01361753
v 0.10380030 0.47859226 0.00179730
v 0.10101794 0.47460563 -0.00905190
v 0.09877716 0.47184193 -0.00220813
v 0.09263367 0.46430719 0.00222678
v 0.08888963 0.45969485 0.00271229
v 0.08235400 0.45138523 -0.01374824
v 0.08440804 0.45379419 0.00319779
v 0.07988908 0.44773468 0.00315110
v 0.08402523 0.45455040 0.01177818
v 0.07570628 0.44597936 0.02197380
v 0.08783459 0.46122607 0.01810843
v 0.08162571 0.45722064 0.03088098
v 0.09354866 0.47086148 0.02512026
v 0.09295108 0.47720122 0.04075916
v 0.10110199 0.48267249 0.03047016
v 0.10108333 0.49383912 0.05019852
v 0.11198854 0.50048673 0.03775276
v 0.10691874 0.50887114 0.06002068
v 0.11934584 0.51504262 0.04483927
v 0.12093305 0.52383777 0.05567913
v 0.13209035 0.52929037 0.04191690
v 0.12555465 0.53591005 0.06237351
v 0.13272525 0.54618969 0.06249489
v 0.11874827 0.54010212 0.07576227
v 0.12414488 0.55704817 0.08290482
v 0.11927112 0.55272532 0.08499623
v 0.12096105 0.55957851 0.08801196
v 0.11656348 0.55967182 0.09262427
v 0.12764613 0.57371413 0.09091565
v 0.11334232 0.57046505 0.10241842
v 0.12606817 0.58959582 0.10141941
v 0.11161506 0.58588914 0.11126023
v 0.11165239 0.60031425 0.11718901
v 0.10117665 0.57931618 0.11661014
v 0.09551868 0.59348913 0.12517185
v 0.08732108 0.57247240 0.12375267
v 0.08194316 0.58496482 0.13048442
v 0.06830232 0.57877467 0.13553556
v 0.06554799 0.59261154 0.13620778
v 0.05303687 0.58916629 0.13958765
v 0.06662172 0.60649514 0.13511539
v 0.04541818 0.61080873 0.14053067
v 0.05971258 0.62233951 0.13581565
v 0.04469922 0.62655023 0.13919551
v 0.06354997 0.63722208 0.13343479
v 0.05131894 0.64668952 0.13539548
v 0.07757362 0.64882751 0.12843035
v 0.06372734 0.66320603 0.13034434
v 0.08060804 0.67004042 0.12524655
v 0.06236419 0.68049742 0.12805687
v 0.07044042 0.69149609 0.12438757
v 0.06082367 0.70543568 0.12411681
v 0.07748956 0.71186859 0.11886028
v 0.06476371 0.72059848 0.11947650
v 0.07840455 0.72767563 0.11479882
v 0.05789193 0.73487415 0.11648876
v 0.06580008 0.74029869 0.11324895
v 0.06468903 0.74832822 0.11064401
v 0.07289596 0.74211940 0.11149365
v 0.08046796 0.75675922 0.10491131
v 0.08380117 0.74788942 0.10784302
v 0.08621002 0.75629235 0.10422040
v 0.09159723 0.75114791 0.10525677
v 0.09660171 0.75891601 0.10135405
v 0.09255895 0.74063491 0.10826318
v 0.10478994 0.75521873 0.10103660
v 0.10781507 0.73700288 0.10553687
v 0.12073695 0.75459316 0.09718989
v 0.12302446 0.73864623 0.10064446
v 0.14092282 0.74580742 0.09305375
v 0.13763634 0.72579892 0.09884248
v 0.15335925 0.73645211 0.09078496
v 0.15438629 0.71825492 0.09412748
v 0.16769098 0.73274542 0.08577117
v 0.16697210 0.70819938 0.09043017
v 0.18136922 0.71800275 0.08210187
v 0.17643947 0.69842393 0.08754514
v 0.19189162 0.70426860 0.07947827
v 0.18244291 0.68057222 0.08708763
v 0.19703614 0.68710785 0.07902077
v 0.19179823 0.67495151 0.08285813
v 0.20528970 0.67368171 0.07435244
v 0.20057471 0.66080648 0.07429642
v 0.21457969 0.66734211 0.06462363
v 0.20994869 0.65496167 0.06213076
v 0.21877183 0.65859370 0.05499756
v 0.21147992 0.64361767 0.05179508
v 0.22423383 0.64647468 0.03747265
v 0.20984605 0.63354346 0.04490462
v 0.21354332 0.62894979 0.03499844
v 0.19895010 0.61997728 0.04622110
v 0.20379587 0.61385238 0.03239350
v 0.18928670 0.60002476 0.03827561
v 0.20210594 0.60546811 0.02268339
v 0.18814761 0.58923168 0.02417725
v 0.20050932 0.59622477 0.00979881
v 0.19165819 0.58301346 0.00412211
v 0.20446809 0.59450691 -0.00347792
v 0.19863269 0.58522624 -0.01172218
v 0.20583121 0.59236878 -0.01559690
v 0.19791373 0.58334028 -0.02378514
v 0.20867889 0.59418950 -0.02340234
v 0.20616736 0.59029604 -0.03366332
v 0.21593348 0.60100521 -0.03084365
v 0.21087301 0.59418950 -0.04933956
v 0.22201165 0.60571087 -0.04349482
v 0.22255316 0.60652321 -0.06024478
v 0.23287953 0.61729763 -0.04524077
v 0.23328100 0.61706427 -0.06021677
v 0.24304712 0.62753068 -0.05761185
v 0.23545646 0.62169527 -0.07562225
v 0.24724866 0.63457050 -0.08155103
v 0.23839745 0.62893113 -0.09525724
v 0.24936805 0.63961223 -0.09852506
v 0.24211347 0.63658711 -0.10699341
v 0.24900391 0.64403780 -0.11093348
v 0.23750113 0.64026587 -0.12174533
v 0.24421420 0.65044279 -0.12632029
v 0.23634345 0.65270230 -0.13259452
v 0.24318723 0.66226305 -0.13421910
v 0.22603575 0.66629641 -0.14231398
v 0.24498921 0.68197266 -0.14145501
v 0.22839797 0.68546450 -0.14788796
v 0.23605403 0.69929212 -0.14892433
v 0.22290797 0.70960922 -0.15446096
v 0.23874293 0.71672369 -0.15085702
v 0.23191788 0.72902008 -0.15341526
v 0.24685652 0.73901963 -0.15040886
v 0.22851928 0.74669427 -0.15458234
v 0.24366335 0.75675922 -0.15040886
v 0.23561516 0.76743106 -0.14679557
v 0.25561426 0.76715097 -0.14549777
v 0.24549333 0.77794406 -0.13709479
v 0.26113226 0.78130526 -0.13302401
v 0.24389679 0.78858784 -0.12776747
v 0.24777151 0.79291083 -0.12304312
v 0.23568048 0.79424588 -0.12306180
v 0.23693162 0.80711185 -0.10675066
v 0.22150746 0.80149113 -0.11563915
v 0.21495317 0.81113594 -0.10298799
v 0.20675553 0.80550597 -0.11191383
v 0.19951035 0.81597238 -0.09818895
v 0.18660705 0.80904454 -0.10893543
v 0.17955791 0.81957634 -0.09352062
v 0.16530083 0.81066908 -0.10512609
v 0.15401282 0.81732609 -0.09311915
v 0.14686095 0.80933403 -0.10277325
v 0.13084855 0.81409568 -0.09131718
v 0.13336949 0.80181795 -0.10859932
v 0.11687163 0.80148187 -0.10408971
v 0.12498515 0.79056726 -0.11954188
v 0.10554622 0.78617903 -0.11792664
v 0.11401455 0.77962473 -0.12787951
v 0.09830097 0.76960652 -0.13272524
v 0.11340771 0.76161432 -0.14484421
v 0.10061647 0.76190381 -0.14110955
v 0.10591970 0.75883195 -0.14557247
v 0.09579877 0.75716069 -0.14379850
v 0.09835703 0.74983152 -0.15076365
v 0.08857218 0.75256715 -0.14546977
v 0.08158835 0.73781522 -0.15482509
v 0.07751759 0.74611544 -0.14743047
v 0.06569736 0.73926239 -0.14898035
v 0.06999225 0.74463094 -0.14591793
v 0.06420354 0.74714247 -0.14148301
v 0.07330676 0.75590029 -0.13669331
v 0.08732108 0.76009249 -0.13804713
v 0.30130790 0.72702199 -0.00902389
v 0.29040269 0.72113059 0.00012603
v 0.29558447 0.71167256 -0.01127403
v 0.28361490 0.70414722 -0.00046218
v 0.28267191 0.69566949 -0.00697916
v 0.27407288 0.69899336 0.00978013
v 0.27059962 0.68158059 -0.00133982
v 0.26513769 0.69233635 0.01760424
v 0.25939567 0.68003071 0.01639982
v 0.25085262 0.68418544 0.03223480
v 0.25031111 0.66942425 0.02048927
v 0.24085307 0.67556767 0.03993753
v 0.23765057 0.65449495 0.02512026
v 0.23332773 0.66243102 0.03940534
v 0.28423113 0.73893557 -0.00003270
v 0.29464148 0.74447223 -0.00970546
v 0.27676178 0.75762755 -0.00364597
v 0.29221393 0.76171703 -0.01790305
v 0.27272835 0.77382665 -0.00865043
v 0.29114964 0.77813083 -0.02609129
v 0.28239182 0.78817711 -0.02484953
v 0.29677028 0.79157564 -0.03661370
v 0.28668668 0.79818606 -0.03517587
v 0.29341841 0.79917563 -0.04128203
v 0.28776037 0.80508584 -0.05035726
v 0.29832017 0.80123911 -0.04716413
v 0.30500518 0.80238753 -0.05099215
v 0.30709658 0.79521693 -0.04447517
v 0.31388437 0.80186468 -0.05322362
v 0.32198855 0.79187439 -0.04625847
v 0.32380920 0.80312508 -0.05645410
v 0.33679647 0.80327452 -0.05880694
v 0.33265100 0.80760677 -0.06809691
v 0.34640396 0.80573007 -0.06258828
v 0.33660977 0.81036107 -0.08243801
v 0.35772930 0.81048245 -0.07332543
v 0.34616112 0.81311537 -0.09113044
v 0.36543201 0.81361955 -0.08667685
v 0.36253767 0.81696195 -0.10165285
v 0.38275154 0.81783968 -0.09828232
v 0.36781290 0.81769964 -0.11705833
v 0.39415153 0.82129420 -0.11084945
v 0.38617806 0.81820383 -0.12626427
v 0.40462727 0.82220926 -0.12321118
v 0.40028576 0.81202294 -0.13696407
v 0.40702682 0.81319002 -0.13761764
v 0.40706415 0.80238753 -0.14659017
v 0.42136796 0.80457225 -0.14788796
v 0.41205929 0.78697270 -0.15842905
v 0.43923833 0.78514273 -0.16382563
v 0.42488786 0.77474157 -0.16362956
v 0.43788447 0.76185708 -0.16116469
v 0.41613005 0.75887868 -0.15702854
v 0.42818367 0.74466827 -0.15231354
v 0.40594373 0.74974746 -0.15165997
v 0.41206863 0.73555571 -0.14563782
v 0.39611229 0.73994395 -0.14607665
v 0.40116342 0.72763830 -0.13973707
v 0.39394616 0.72447313 -0.13645989
v 0.40499141 0.72452912 -0.13581567
v 0.39093977 0.72018761 -0.12421021
v 0.41061212 0.72308195 -0.12601218
v 0.40173293 0.72499598 -0.10912217
v 0.41690499 0.72582699 -0.11595660
v 0.41041609 0.72987901 -0.09805823
v 0.42666178 0.73065402 -0.10378160
v 0.42783826 0.73507018 -0.09085967
v 0.43893017 0.73085932 -0.10700275
v 0.44761326 0.73823535 -0.08775057
v 0.45894793 0.73348297 -0.10332411
v 0.45964823 0.74242756 -0.08055201
v 0.47850824 0.73855277 -0.09238155
v 0.47387724 0.74671308 -0.07373624
v 0.49327883 0.74400537 -0.07804979
v 0.48692057 0.75183887 -0.06443694
v 0.49934767 0.75826252 -0.06550132
v 0.49534224 0.76328559 -0.05972193
v 0.28129939 0.71835763 0.00927595
v 0.28858205 0.80879238 -0.10267988
v 0.30796491 0.81010891 -0.10483665
v 0.29420269 0.80249951 -0.11578854
v 0.30840370 0.80247159 -0.11927112
v 0.30421157 0.79326557 -0.12682447
v 0.31349223 0.79538504 -0.12697386
v 0.31661067 0.79048335 -0.13170754
v 0.31999054 0.79633728 -0.12784217
v 0.32812279 0.78659916 -0.13858865
v 0.32746915 0.79974521 -0.12665641
v 0.33503189 0.79958651 -0.12867313
v 0.33899059 0.80728922 -0.12269767
v 0.34101668 0.80067894 -0.12968149
v 0.34698280 0.80118312 -0.13113800
v 0.34301469 0.79598254 -0.13434982
v 0.35433070 0.79084735 -0.14188449
v 0.33773020 0.79317226 -0.13510609
v 0.34166091 0.78369556 -0.14393855
v 0.33275372 0.77117507 -0.14896168
v 0.31905689 0.76561975 -0.14802801
v 0.29931921 0.80826953 -0.09202676
v 0.28763899 0.80710244 -0.07930090
v 0.30625631 0.80738268 -0.07838590
v 0.29190585 0.80591670 -0.06453030
v 0.31391237 0.80619693 -0.06445561
v 0.32721713 0.81238708 -0.10312804
v 0.31803918 0.80967011 -0.08843214
v 0.32169913 0.80624352 -0.11844016
v 0.31025234 0.77808410 -0.14131496
v 0.31433250 0.75445312 -0.14629139
v 0.29185919 0.76537699 -0.14619803
v 0.29427734 0.74733851 -0.14480686
v 0.27621093 0.75706737 -0.14715970
v 0.28383899 0.73598524 -0.14387320
v 0.26419464 0.73665740 -0.14677690
v 0.27788220 0.71508049 -0.14123092
v 0.26468016 0.72003816 -0.14493758
v 0.27169198 0.70037514 -0.13892477
v 0.25264527 0.71469768 -0.14697297
v 0.25602506 0.69834913 -0.14265010
v 0.33517193 0.75055040 -0.14629139
v 0.34604915 0.76591850 -0.15125849
v 0.33787957 0.73899156 -0.03274833
v 0.32351045 0.74095232 -0.02357973
v 0.32600332 0.72697541 -0.03588544
v 0.31242780 0.72285785 -0.02321561
v 0.31587306 0.71480040 -0.03704319
v 0.30228821 0.70634134 -0.02812669
v 0.31420179 0.70659336 -0.04997445
v 0.30185874 0.69631372 -0.04398033
v 0.31113941 0.69827448 -0.06258828
v 0.29921650 0.68693048 -0.05982463
v 0.30493986 0.69102923 -0.06646299
v 0.30134522 0.68642629 -0.07762964
v 0.31082192 0.69465185 -0.07455787
v 0.30883324 0.69026361 -0.09001937
v 0.32584461 0.70420321 -0.08448273
v 0.32189517 0.69856383 -0.10124203
v 0.33668443 0.70791915 -0.09879583
v 0.32714241 0.70164494 -0.11462146
v 0.34624518 0.71038409 -0.11668486
v 0.33225886 0.70679879 -0.12444362
v 0.34244518 0.71101892 -0.12570407
v 0.33217488 0.71005728 -0.12907460
v 0.33893461 0.71383861 -0.13085790
v 0.33260434 0.72499598 -0.13767366
v 0.34428449 0.73012177 -0.13973707
v 0.32712374 0.73702154 -0.14189383
v 0.32923381 0.75254849 -0.02934046
v 0.33798229 0.75444372 -0.03255226
v 0.32816944 0.75828118 -0.03138518
v 0.34069919 0.76147427 -0.03598815
v 0.32877628 0.77327573 -0.03854640
v 0.34250124 0.77594612 -0.04270121
v 0.33594688 0.78853185 -0.04741622
v 0.35253812 0.77848572 -0.04553955
v 0.35540446 0.79577711 -0.05402656
v 0.37112737 0.77775743 -0.04797641
v 0.36771951 0.79927835 -0.05732241
v 0.37962376 0.78717800 -0.05277546
v 0.38517901 0.79808335 -0.05807867
v 0.40015505 0.79091275 -0.05588456
v 0.39141596 0.80813889 -0.06576274
v 0.41220867 0.80319973 -0.06228951
v 0.39783021 0.81095857 -0.06936669
v 0.40515012 0.81160280 -0.07020699
v 0.39384344 0.81520677 -0.08299821
v 0.41475760 0.81771830 -0.08536038
v 0.40053785 0.81862396 -0.09684447
v 0.41444952 0.82135959 -0.10493935
v 0.31044845 0.74426680 -0.01740821
v 0.31609715 0.75801035 -0.02739843
v 0.32175512 0.75929882 -0.02987265
v 0.31941163 0.76463004 -0.03180533
v 0.31628386 0.77096963 -0.03395276
v 0.31415513 0.77654362 -0.03607218
v 0.30523861 0.76969057 -0.02918173
v 0.30896395 0.78289262 -0.03746334
v 0.34945701 0.74042007 -0.03973215
v 0.33822498 0.73039260 -0.04437247
v 0.33174534 0.72295131 -0.04955431
v 0.32762793 0.71632222 -0.05597793
v 0.33499449 0.72120525 -0.05799464
v 0.33091441 0.71457630 -0.06498780
v 0.33556407 0.71500569 -0.07171953
v 0.32295027 0.70725640 -0.06667774
v 0.35028801 0.75873864 -0.03719258
v 0.35929785 0.77349057 -0.15320985
v 0.36864383 0.75437847 -0.14984866
v 0.37378835 0.77512451 -0.15547866
v 0.39139723 0.76340697 -0.15574009
v 0.38337710 0.78208028 -0.15527326
v 0.39656041 0.77626353 -0.15897991
v 0.36163201 0.74916863 -0.03988154
v 0.35641277 0.74105504 -0.04498869
v 0.34744033 0.73316556 -0.04949829
v 0.36148264 0.74042947 -0.04935824
v 0.36482517 0.73379112 -0.06345659
v 0.37559960 0.74818817 -0.04762162
v 0.38578592 0.74279156 -0.05918040
v 0.38858694 0.75437847 -0.04702408
v 0.39492654 0.75459316 -0.04870467
v 0.39418892 0.76228661 -0.04674397
v 0.40270391 0.75930822 -0.04845259
v 0.40677473 0.77503106 -0.05065604
v 0.41021066 0.75973775 -0.04971304
v 0.41761454 0.76070866 -0.05075874
v 0.36023150 0.75980300 -0.03957343
v 0.36438631 0.76929837 -0.04380293
v 0.37235985 0.76237067 -0.04251447
v 0.38878298 0.77301431 -0.04807912
v 0.36877455 0.75012087 -0.04301865
v 0.38058541 0.75568559 -0.04444716
v 0.36953083 0.79607586 -0.14180980
v 0.35164179 0.80190201 -0.13202499
v 0.39690589 0.79172494 -0.15224818
v 0.38981002 0.80229407 -0.14251939
v 0.42040624 0.75135334 -0.05816271
v 0.40534622 0.74857098 -0.05765852
v 0.41285290 0.74214733 -0.06983353
v 0.39933344 0.73823535 -0.07213034
v 0.41319831 0.73573308 -0.08325029
v 0.39324594 0.72792765 -0.09398745
v 0.41569125 0.72545344 -0.13638520
v 0.43042445 0.72506137 -0.12628294
v 0.42450506 0.72693808 -0.13848595
v 0.43755765 0.72579892 -0.13810315
v 0.45183339 0.72781567 -0.12104507
v 0.45615631 0.72568680 -0.13545154
v 0.47003991 0.72620039 -0.13104464
v 0.46581978 0.73093411 -0.14754251
v 0.47200060 0.72888930 -0.14370514
v 0.47782668 0.73085006 -0.15044620
v 0.48298986 0.72447313 -0.13441517
v 0.48290581 0.72922552 -0.14949387
v 0.49032843 0.73112074 -0.14852286
v 0.48737803 0.73610648 -0.15699121
v 0.49297075 0.74042007 -0.15527326
v 0.49142086 0.74549927 -0.16027770
v 0.49472608 0.75136260 -0.15708457
v 0.49116877 0.75907472 -0.16456323
v 0.50192453 0.76757111 -0.14579655
v 0.49326950 0.77169792 -0.16249050
v 0.49782578 0.77514318 -0.15490913
v 0.49166355 0.78052099 -0.16353619
v 0.49382975 0.78536683 -0.15910128
v 0.47838693 0.78759827 -0.16965171
v 0.49039383 0.79440473 -0.15934403
v 0.48619236 0.80259297 -0.15966149
v 0.49091668 0.80811096 -0.15023146
v 0.42551343 0.75824385 -0.05342903
v 0.42463577 0.77169792 -0.05172975
v 0.43203040 0.76132497 -0.05288749
v 0.43217978 0.78075449 -0.05464278
v 0.43752966 0.76377111 -0.05317693
v 0.45087175 0.77564737 -0.05518431
v 0.44478425 0.76561975 -0.05383049
v 0.45185213 0.76436861 -0.05452141
v 0.44400930 0.75868265 -0.05566048
v 0.45305654 0.74910323 -0.06580009
v 0.43330946 0.74975672 -0.06283104
v 0.43405648 0.74212867 -0.07627582
v 0.43019109 0.73141023 -0.14489089
v 0.44520445 0.82510360 -0.12361265
v 0.42810895 0.82332961 -0.13026036
v 0.42668985 0.82402057 -0.11692761
v 0.41499096 0.81990316 -0.13292130
v 0.43555964 0.81466511 -0.14262209
v 0.44601672 0.81934284 -0.13948498
v 0.44995676 0.81285394 -0.14574986
v 0.45396219 0.81982837 -0.13944763
v 0.46189834 0.81855857 -0.14045599
v 0.46006836 0.82425393 -0.13088591
v 0.47029201 0.81936151 -0.13955967
v 0.47577261 0.82587847 -0.13355620
v 0.48463307 0.82319883 -0.14058670
v 0.48897458 0.82419794 -0.13625449
v 0.42726876 0.81623381 -0.13920487
v 0.43961173 0.80193933 -0.15278971
v 0.45390620 0.80210744 -0.15359265
v 0.45685660 0.78810246 -0.16368558
v 0.46639862 0.80277034 -0.15334056
v 0.46901288 0.79401252 -0.16188361
v 0.47297158 0.80054815 -0.15894257
v 0.44387859 0.72802111 -0.14262209
v 0.44757594 0.72942155 -0.14490957
v 0.44693171 0.74564872 -0.15523591
v 0.45534397 0.73024315 -0.14659950
v 0.46275733 0.74689971 -0.15824231
v 0.47580060 0.74350118 -0.16122070
v 0.48382080 0.77176331 -0.17119225
v 0.46757497 0.77819623 -0.16965171
v 0.47304630 0.76102622 -0.16791509
v 0.45164669 0.76876625 -0.16587970
v 0.49649999 0.73591059 -0.10167152
v 0.47615541 0.73142889 -0.11212857
v 0.50054275 0.74363197 -0.09599484
v 0.48379280 0.81531875 -0.14848551
v 0.47932051 0.80853095 -0.15551601
v 0.47674358 0.81372213 -0.14878428
v 0.46775248 0.81206967 -0.14559115
v 0.48827436 0.81747554 -0.14350907
v 0.49678015 0.81170552 -0.13297733
v 0.49209309 0.72978569 -0.11622737
v 0.49761108 0.73543433 -0.12906527
v 0.49384834 0.73105549 -0.13639454
v 0.49020705 0.82686818 -0.13107264
v 0.49305481 0.82707362 -0.12426622
v 0.47733183 0.82624262 -0.11738511
v 0.49485679 0.79086602 -0.05890030
v 0.49027244 0.80391876 -0.06344726
v 0.47364388 0.79006308 -0.06098238
v 0.47074013 0.80189275 -0.06532393
v 0.45573611 0.79077270 -0.05992734
v 0.45401818 0.80815755 -0.06748068
v 0.44115229 0.80452566 -0.06399812
v 0.44893905 0.81385291 -0.07261585
v 0.43596111 0.81208833 -0.07040306
v 0.44146977 0.81744747 -0.08008517
v 0.42792225 0.81345144 -0.07222371
v 0.42579352 0.81917488 -0.09024345
v 0.49981446 0.79653346 -0.06708855
v 0.48935738 0.81420765 -0.07191560
v 0.49871277 0.80939002 -0.07477261
v 0.49942233 0.80296637 -0.06960011
v 0.47712639 0.81269509 -0.07190627
v 0.47517510 0.81865188 -0.08250336
v 0.46703352 0.81254579 -0.07208366
v 0.45668849 0.81522543 -0.07470726
v 0.50095355 0.74024270 -0.11442539
v 0.50018794 0.73920640 -0.12265098
v 0.50679829 0.75598434 -0.11660083
v 0.50468823 0.75531205 -0.13294931
v 0.50832952 0.77139917 -0.11779592
v 0.50457618 0.78660856 -0.12857976
v 0.50172850 0.78860665 -0.14265010
v 0.49232652 0.73035513 -0.14179113
v 0.49819926 0.74209134 -0.14496559
v 0.49435253 0.82565452 -0.10563959
v 0.49270933 0.82787656 -0.11353841
v 0.48591220 0.82475812 -0.09914128
v 0.46883551 0.82121015 -0.09854374
v 0.46329885 0.82387113 -0.11757185
v 0.45192685 0.82264805 -0.10740423
v 0.43663334 0.82186378 -0.10287595
v 0.49996391 0.81421706 -0.11147501
v 0.49531418 0.82379647 -0.09865579
v 0.49781645 0.82026716 -0.09282971
v 0.49462329 0.82248935 -0.08863755
v 0.50211130 0.80978223 -0.08447340
v 0.49398839 0.82022058 -0.08160705
v 0.49731226 0.77666500 -0.05812537
v 0.47835886 0.77803752 -0.05746245
v 0.50212063 0.78366749 -0.06466102
v 0.50115899 0.77747734 -0.06302711
v 0.50396001 0.77049351 -0.06982419
v 0.48950683 0.76834598 -0.05593125
v 0.48645378 0.76049396 -0.05820005
v 0.47908715 0.76931703 -0.05644476
v 0.47194454 0.76561975 -0.05623935
v 0.44132033 0.78963368 -0.05862954
v 0.42751145 0.79699092 -0.05992734
v 0.50364253 0.79489951 -0.07583699
v 0.50309168 0.74603152 -0.10788973
v 0.50171916 0.75612439 -0.07157014
v 0.50300763 0.75387428 -0.07941294
v 0.50560322 0.76448999 -0.08655547
v 0.50131769 0.74783343 -0.08813337
v 0.50601402 0.75723548 -0.10064449
v -0.49030043 -0.15534790 -0.05654746
v -0.48536132 -0.16383496 -0.06985220
v -0.49233582 -0.17136956 -0.05518431
v -0.48628568 -0.18645764 -0.07137408
v -0.49342822 -0.19161150 -0.05592191
v -0.48627632 -0.20002383 -0.07301732
v -0.49625722 -0.21055556 -0.05088011
v -0.48522129 -0.21202140 -0.07618245
v -0.49250389 -0.22026569 -0.06126248
v -0.48444635 -0.23058266 -0.07852595
v -0.49111272 -0.23174974 -0.06470771
v -0.49140214 -0.24553999 -0.06428756
v -0.49892749 -0.24596016 -0.04544618
v -0.49513680 -0.25973171 -0.05499759
v -0.50046804 -0.26075875 -0.04001225
v -0.49856336 -0.28095391 -0.04439114
v -0.50256879 -0.27238287 -0.03265496
v -0.50175650 -0.29480952 -0.03313114
v -0.50560322 -0.28250380 -0.02005048
v -0.50536044 -0.29537907 -0.01116198
v -0.50498699 -0.27953474 0.00093832
v -0.50247544 -0.29206452 0.01351479
v -0.50216730 -0.27282170 0.02299149
v -0.49992652 -0.28173823 0.03221612
v -0.50110295 -0.27063691 0.03057286
v -0.49635058 -0.27577207 0.04466188
v -0.50121498 -0.26134695 0.03310309
v -0.49649064 -0.25671599 0.04733215
v -0.50261547 -0.25305600 0.02868686
v -0.50117762 -0.24434491 0.03492374
v -0.50472557 -0.24097438 0.01459786
v -0.50239140 -0.23698764 0.02995664
v -0.50564054 -0.22446716 0.01076048
v -0.50274618 -0.21984549 0.02798660
v -0.50429609 -0.21334718 0.01821113
v -0.50282089 -0.20124690 0.02571779
v -0.50607003 -0.19931421 0.00834230
v -0.50426805 -0.18547726 0.01583962
v -0.50832952 -0.19504735 -0.00727793
v -0.50789068 -0.18152789 -0.00383271
v -0.50419338 -0.18878248 -0.02508294
v -0.50550051 -0.17269542 -0.01764162
v -0.50209263 -0.17498286 -0.02902301
v -0.49913291 -0.15351793 -0.03303777
v -0.49640661 -0.16540351 -0.04341079
v -0.49269996 -0.14580581 -0.04866733
v -0.48358738 -0.14915768 -0.07040306
v -0.47641681 -0.15023145 -0.08470682
v -0.48003011 -0.16942761 -0.08133628
v -0.47194457 -0.15855973 -0.09446363
v -0.47524039 -0.17987528 -0.09197073
v -0.46595042 -0.17210718 -0.10567694
v -0.46983447 -0.19965036 -0.10262386
v -0.46116074 -0.19470187 -0.11450008
v -0.46877011 -0.22383226 -0.10511675
v -0.45918136 -0.21236688 -0.11816939
v -0.45934942 -0.22943424 -0.11845882
v -0.44704371 -0.21838899 -0.13379895
v -0.44841619 -0.24404613 -0.13209034
v -0.43864071 -0.23638074 -0.14184714
v -0.43291734 -0.24961078 -0.14715037
v -0.43095664 -0.22253446 -0.14900836
v -0.42011679 -0.23144166 -0.15679513
v -0.41477623 -0.21369266 -0.15978286
v -0.40892215 -0.23320624 -0.16332145
v -0.40020169 -0.21907054 -0.16618781
v -0.40059384 -0.23085348 -0.16627183
v -0.38889502 -0.22428972 -0.16858732
v -0.39899728 -0.23950851 -0.16689740
v -0.38737314 -0.24530659 -0.16907284
v -0.39725132 -0.25173954 -0.16765365
v -0.38841884 -0.26491356 -0.16924089
v -0.39904395 -0.26355037 -0.16728020
v -0.40039778 -0.27129048 -0.16704678
v -0.41016392 -0.26256069 -0.16322809
v -0.41066810 -0.28250380 -0.16307871
v -0.42390747 -0.25986242 -0.15455433
v -0.42833304 -0.27293375 -0.15121181
v -0.43834194 -0.26393317 -0.14152036
v -0.43974244 -0.28300799 -0.14023190
v -0.44777197 -0.26863890 -0.13239846
v -0.44936854 -0.28802176 -0.12984954
v -0.46081526 -0.27157993 -0.11566716
v -0.45769682 -0.28727485 -0.11883229
v -0.46639859 -0.29148565 -0.10643322
v -0.45734203 -0.30110243 -0.11892566
v -0.46936766 -0.30929999 -0.10084056
v -0.45674449 -0.31459389 -0.11848683
v -0.46497008 -0.32015854 -0.10674132
v -0.45861182 -0.33318318 -0.11467748
v -0.47143105 -0.32342636 -0.09635896
v -0.47223399 -0.33893453 -0.09339925
v -0.48136524 -0.32128826 -0.07932891
v -0.48505322 -0.33319251 -0.07061780
v -0.49000166 -0.31975707 -0.06196272
v -0.49044982 -0.34315470 -0.05641675
v -0.49437122 -0.33578810 -0.04682801
v -0.49243854 -0.35531104 -0.04795774
v -0.49817123 -0.35101619 -0.03119844
v -0.49646261 -0.36552536 -0.03231884
v -0.49977714 -0.35746784 -0.01189958
v -0.49736826 -0.37542219 -0.01827652
v -0.49668671 -0.37151014 0.00264693
v -0.49580906 -0.38184584 -0.00417817
v -0.49293338 -0.37826987 0.02044260
v -0.49287734 -0.39611221 0.00411278
v -0.49157953 -0.38822277 0.01925683
v -0.49097266 -0.39614958 0.01650252
v -0.48636036 -0.39834370 0.03252422
v -0.48911469 -0.40575699 0.01843521
v -0.48749010 -0.41324500 0.02090942
v -0.49026308 -0.41152704 0.00921994
v -0.48642571 -0.42102244 0.02066668
v -0.48963753 -0.42595219 0.00106903
v -0.48665913 -0.42912666 0.01507401
v -0.48680852 -0.43895813 0.00675506
v -0.48421293 -0.43555024 0.02076938
v -0.48414757 -0.44249670 0.01667993
v -0.47938588 -0.44956459 0.03082495
v -0.48338196 -0.44920981 0.01583029
v -0.48064634 -0.45827567 0.02118953
v -0.48260702 -0.45504522 0.01548483
v -0.48404486 -0.45848107 0.00593343
v -0.48852646 -0.44198318 -0.00921996
v -0.48972156 -0.43222640 -0.02485886
v -0.49163556 -0.41823078 -0.00815558
v -0.49314812 -0.40789508 -0.01997579
v -0.49459528 -0.39458103 -0.00931333
v -0.50637816 -0.26539908 -0.01770698
v -0.50597667 -0.25395232 0.00167592
v -0.50716242 -0.24643631 -0.01387895
v -0.50747055 -0.23404658 -0.00577474
v -0.50610738 -0.22986370 -0.02225393
v -0.50787200 -0.21710993 -0.00387005
v -0.50748923 -0.21505585 -0.01541949
v -0.50587396 -0.20223661 -0.02232862
v -0.49897417 -0.19820319 -0.04222504
v -0.49748965 -0.18293773 -0.04431645
v -0.50424937 -0.26483887 0.01072313
v -0.50025330 -0.12129716 -0.02156302
v -0.50456683 -0.13905541 -0.01062980
v -0.50284889 -0.11900966 -0.00383271
v -0.50348379 -0.14070802 0.00492507
v -0.50123366 -0.13181956 0.01259980
v -0.50021594 -0.14647811 0.02554974
v -0.49868475 -0.12932662 0.02681954
v -0.49669603 -0.14019450 0.03829427
v -0.49692013 -0.13446181 0.03640827
v -0.49565967 -0.12897188 0.03897584
v -0.49383902 -0.12370598 0.04310266
v -0.49446457 -0.11590988 0.03906921
v -0.49243854 -0.11386514 0.04504468
v -0.49296138 -0.10539681 0.04180486
v -0.48798494 -0.10808572 0.05637004
v -0.49283999 -0.09736728 0.04045104
v -0.48749942 -0.09090630 0.05362506
v -0.49106605 -0.08535098 0.04159945
v -0.48735939 -0.07772292 0.04981571
v -0.48871320 -0.07369883 0.04442847
v -0.48817168 -0.06645365 0.04362551
v -0.49351225 -0.07021632 0.02328093
v -0.48700458 -0.05608995 0.04318668
v -0.49136479 -0.05215917 0.02335563
v -0.48516525 -0.04383089 0.04354147
v -0.48769549 -0.03682840 0.02934977
v -0.48348467 -0.02734237 0.04104860
v -0.48458638 -0.02559638 0.03556797
v -0.48615493 -0.02155362 0.02721167
v -0.48819968 -0.03042348 0.02367308
v -0.48967488 -0.03618417 0.02126422
v -0.48958149 -0.02664215 0.01400963
v -0.49220512 -0.04327071 0.01107793
v -0.49164492 -0.03354192 -0.00496245
v -0.49350289 -0.04810708 -0.00188135
v -0.49347489 -0.05508158 -0.01459787
v -0.49645329 -0.06924527 -0.00486908
v -0.49330683 -0.07371756 -0.02457876
v -0.49901152 -0.08874958 -0.01052710
v -0.49195302 -0.08669551 -0.03302843
v -0.49940365 -0.10214766 -0.01807111
v -0.49311076 -0.10422040 -0.03596948
v -0.49466064 -0.12760869 -0.03892920
v -0.50117762 -0.14108149 -0.02345836
v -0.50589264 -0.15730859 -0.01172218
v -0.50612606 -0.17032393 0.00365529
v -0.49877810 -0.22811778 -0.04530614
v -0.50396928 -0.24421420 -0.02969525
v -0.50295160 -0.21649369 -0.03199206
v -0.50423073 -0.15532924 0.00698848
v -0.50260615 -0.16807375 0.02074137
v -0.50179385 -0.18483303 0.02931241
v -0.50004788 -0.19027630 0.03592276
v -0.49967443 -0.19721347 0.03792081
v -0.49664003 -0.18988417 0.04651987
v -0.49634126 -0.20214323 0.04810710
v -0.48929207 -0.18826896 0.06504380
v -0.49148618 -0.20790391 0.06160791
v -0.48311122 -0.19969701 0.07894607
v -0.48245763 -0.21817422 0.08107483
v -0.47387726 -0.20545770 0.09585476
v -0.47453080 -0.22168487 0.09530389
v -0.46547426 -0.22261852 0.10849659
v -0.46929295 -0.23882692 0.10261450
v -0.45885457 -0.23516700 0.11535902
v -0.45271105 -0.24599748 0.12004603
v -0.44336507 -0.23160969 0.12633893
v -0.43121808 -0.23483085 0.13166084
v -0.43434585 -0.20660612 0.13176352
v -0.42012613 -0.21515857 0.13678666
v -0.42823968 -0.19195690 0.13481664
v -0.41608336 -0.19794176 0.13928886
v -0.41713840 -0.18811025 0.13929823
v -0.40510345 -0.18617756 0.14307023
v -0.41319834 -0.17846544 0.14104419
v -0.39768080 -0.16071652 0.14588988
v -0.41626074 -0.17179910 0.14010117
v -0.41166712 -0.16397500 0.14180976
v -0.42429027 -0.15671109 0.13733750
v -0.41584994 -0.15395672 0.14069871
v -0.41629810 -0.13846724 0.14074540
v -0.41398261 -0.14570316 0.14143629
v -0.39935207 -0.14236996 0.14584319
v -0.40798848 -0.15595481 0.14318225
v -0.49055253 -0.27290572 0.06096368
v -0.49336286 -0.29174711 0.05079606
v -0.48522129 -0.29012253 0.07072982
v -0.48661245 -0.30910392 0.06493175
v -0.48035688 -0.30180268 0.07911414
v -0.47670626 -0.31493933 0.08403456
v -0.46921827 -0.30533192 0.09662970
v -0.46879811 -0.32325832 0.09500512
v -0.45720198 -0.30707791 0.11031723
v -0.45963886 -0.32749715 0.10585431
v -0.44672625 -0.31797379 0.11613396
v -0.45064765 -0.34183828 0.11046663
v -0.44022794 -0.33913997 0.11646076
v -0.43561564 -0.35224863 0.11690892
v -0.42239494 -0.34430315 0.12374334
v -0.42334726 -0.36602022 0.12041950
v -0.40882877 -0.35590858 0.12677776
v -0.40970642 -0.36389142 0.12533057
v -0.39630832 -0.35924175 0.12942936
v -0.40718552 -0.37023101 0.12502247
v -0.40118206 -0.37362954 0.12604949
v -0.40670002 -0.38123894 0.12328585
v -0.38776527 -0.38666351 0.12680577
v -0.40493539 -0.39106108 0.12202540
v -0.39556140 -0.40472065 0.12207209
v -0.40566365 -0.40250784 0.11992464
v -0.40903418 -0.41093883 0.11735707
v -0.41578459 -0.39666310 0.11768385
v -0.42132121 -0.41993938 0.11193248
v -0.42754876 -0.40025769 0.11281012
v -0.43921025 -0.41060272 0.10554621
v -0.44709038 -0.39051024 0.10492065
v -0.45413023 -0.39828767 0.09781546
v -0.45863982 -0.37690672 0.09783413
v -0.46516615 -0.38037064 0.08856283
v -0.46298137 -0.35876559 0.09650832
v -0.47111360 -0.37030570 0.08190580
v -0.47427874 -0.34664661 0.08165370
v -0.48001143 -0.35326633 0.06864775
v -0.48143995 -0.32901904 0.07223301
v -0.48700458 -0.34875671 0.05445603
v -0.48888127 -0.32718906 0.05572581
v -0.49311076 -0.34249180 0.03983483
v -0.49445525 -0.32845883 0.03912524
v -0.49739629 -0.33793553 0.02593254
v -0.49792849 -0.32741313 0.02882692
v -0.49872210 -0.33650702 0.01895806
v -0.50031865 -0.31136340 0.02008780
v -0.50124298 -0.31974771 0.00887448
v -0.50353979 -0.30672310 0.00106903
v -0.50384792 -0.31631182 -0.01140475
v -0.50199924 -0.31065381 -0.02831342
v -0.49650929 -0.31792710 -0.04459655
v -0.49453928 -0.30373538 -0.05309290
v -0.48981491 -0.29715302 -0.06491311
v -0.48004879 -0.30628427 -0.08328765
v -0.48513726 -0.28922621 -0.07509006
v -0.47981537 -0.28025366 -0.08550977
v -0.48701394 -0.27427824 -0.07259717
v -0.48339132 -0.25831253 -0.08061736
v -0.49212108 -0.26813468 -0.06198140
v -0.50018794 -0.29714369 0.02717431
v -0.49933830 -0.28840460 0.03305642
v -0.49897417 -0.29377315 0.03398075
v -0.49398841 -0.30772215 0.04629579
v -0.49894617 -0.30070096 0.03328983
v -0.49797516 -0.31152214 0.03342054
v -0.49903952 -0.18426352 0.03861172
v -0.49467932 -0.18203208 0.05144029
v -0.49893684 -0.17675685 0.03819157
v -0.49572503 -0.16235039 0.04581028
v -0.49959975 -0.16743885 0.03437289
v -0.49968375 -0.16170616 0.03319646
v -0.48068366 -0.46581968 0.01676394
v -0.47895640 -0.47564186 0.01708139
v -0.47587529 -0.46759367 0.03201071
v -0.47149641 -0.48114112 0.03668837
v -0.47229935 -0.46131009 0.04477391
v -0.46153418 -0.48148656 0.06016072
v -0.46513815 -0.46798580 0.05880690
v -0.45660444 -0.47131897 0.07376424
v -0.46655730 -0.45575477 0.06122511
v -0.45388747 -0.45517593 0.08372644
v -0.45938676 -0.44494295 0.07874067
v -0.45063831 -0.43703480 0.09240019
v -0.46187031 -0.43246916 0.07855393
v -0.44400930 -0.42603621 0.10038304
v -0.45729535 -0.41387990 0.09061690
v -0.46460595 -0.40029505 0.08349303
v -0.47191654 -0.39270436 0.07283990
v -0.47637013 -0.38032395 0.06774209
v -0.48302719 -0.36461037 0.05835874
v -0.48982427 -0.36176269 0.04136603
v -0.49534222 -0.35928848 0.02236594
v -0.49626655 -0.35286483 0.02230058
v -0.49774174 -0.35797199 0.00707250
v -0.49992652 -0.33704853 0.00708184
v -0.50311031 -0.32807602 -0.01368288
v -0.50144840 -0.34420044 -0.01171285
v -0.49947836 -0.33202543 -0.03249624
v -0.49490341 -0.08548170 0.02473745
v -0.49715351 -0.09640564 0.01844455
v -0.49741497 -0.11063465 0.02509224
v -0.50034665 -0.10377220 0.00625088
v -0.49984249 -0.11888828 0.01565289
v -0.49757368 -0.08030918 0.00576537
v -0.49959039 -0.20772654 0.03853703
v -0.49759236 -0.21765144 0.04534345
v -0.49990785 -0.22076055 0.03844366
v -0.50029998 -0.22749228 0.03757535
v -0.49946901 -0.23834143 0.04018962
v -0.49107537 -0.25053510 0.06195336
v -0.48409154 -0.27425021 0.07513672
v -0.47495097 -0.28495002 0.09036481
v -0.48219622 -0.23119889 0.08152299
v -0.48301783 -0.24900387 0.07934755
v -0.49031911 -0.22950896 0.06488508
v -0.49549161 -0.22890206 0.05177640
v -0.49410976 -0.28253183 -0.05659415
v -0.49388570 -0.36658039 0.02421460
v -0.48614561 -0.38236866 0.04217832
v -0.48144928 -0.38405863 0.05421328
v -0.48072102 -0.40240515 0.04794837
v -0.47365316 -0.40304939 0.06471702
v -0.47255144 -0.41922046 0.06143984
v -0.46674404 -0.41758655 0.07434311
v -0.49818055 -0.32053202 0.03015271
v -0.49155153 -0.16812981 0.05762116
v -0.49107537 -0.14303285 0.05496955
v -0.49581838 -0.14697296 0.04229037
v -0.49829262 -0.15283637 0.03573602
v -0.12833698 0.32785199 -0.14701032
v -0.12025143 0.31667603 -0.14114690
v -0.12713254 0.30133593 -0.14094149
v -0.11568582 0.28510876 -0.13165151
v -0.13346280 0.28509943 -0.14028792
v -0.13146475 0.27222420 -0.13600240
v -0.14748645 0.27563206 -0.14402259
v -0.14845746 0.25745361 -0.14056803
v -0.16224771 0.26414801 -0.14724373
v -0.15792483 0.24027419 -0.14103486
v -0.17263940 0.24239359 -0.14741179
v -0.17518833 0.22424313 -0.14510564
v -0.18697116 0.23546582 -0.15118380
v -0.19380562 0.22470999 -0.15192140
v -0.20928580 0.23003188 -0.15644967
v -0.21399145 0.21235754 -0.15583346
v -0.22529815 0.22715621 -0.15953078
v -0.23309424 0.21891191 -0.16038041
v -0.25108598 0.22979845 -0.16336814
v -0.25653858 0.21005145 -0.16315340
v -0.26366245 0.22993850 -0.16434848
v -0.27132786 0.21133991 -0.16423645
v -0.27933871 0.22636260 -0.16448853
v -0.28800312 0.21750206 -0.16406839
v -0.30334324 0.22231044 -0.16232243
v -0.29528571 0.20114426 -0.16369492
v -0.31334281 0.20091082 -0.16195830
v -0.30241892 0.18594420 -0.16346150
v -0.31807649 0.18555206 -0.16189294
v -0.30423956 0.17321834 -0.16362956
v -0.32407996 0.17540313 -0.16141678
v -0.32109223 0.16538485 -0.16223840
v -0.33367804 0.17143503 -0.15933470
v -0.33429425 0.16154753 -0.16015633
v -0.34396704 0.16661732 -0.15613223
v -0.33775816 0.15449831 -0.15966149
v -0.34050314 0.15003541 -0.15927868
v -0.32985001 0.14621668 -0.16169688
v -0.34081124 0.13884079 -0.16015633
v -0.32147503 0.12610553 -0.16316272
v -0.34044711 0.12829032 -0.16086591
v -0.33534930 0.11228732 -0.16253717
v -0.34723487 0.12052222 -0.15964281
v -0.35023191 0.10984111 -0.15977352
v -0.35915777 0.12070899 -0.15481576
v -0.35374251 0.10176492 -0.15932536
v -0.36602022 0.10363223 -0.15369536
v -0.35902706 0.08972996 -0.15869048
v -0.37505809 0.08713437 -0.15082901
v -0.37147283 0.07185959 -0.15532927
v -0.38732645 0.07816186 -0.14288352
v -0.38789598 0.06278436 -0.14585258
v -0.39694320 0.07057113 -0.13544220
v -0.40111670 0.05695828 -0.13495670
v -0.40661599 0.07535151 -0.12325786
v -0.41504699 0.05847085 -0.11831878
v -0.42246962 0.06822763 -0.10571429
v -0.42502787 0.05402662 -0.10682535
v -0.43698813 0.05303691 -0.09024345
v -0.42976156 0.04078725 -0.10493001
v -0.44015325 0.03069431 -0.09352062
v -0.43061119 0.02703429 -0.10830989
v -0.43882744 0.01127405 -0.10190494
v -0.42768881 0.00940668 -0.11742246
v -0.44158176 -0.00400073 -0.10228774
v -0.43113405 -0.01531674 -0.11968193
v -0.44445744 -0.02203914 -0.10361355
v -0.43815522 -0.03744464 -0.11682491
v -0.44809874 -0.04758423 -0.10541552
v -0.44118029 -0.06532389 -0.11941117
v -0.45544670 -0.06932932 -0.10004694
v -0.45438231 -0.08088809 -0.10466858
v -0.46444723 -0.07310133 -0.08609798
v -0.46356024 -0.09258691 -0.09358598
v -0.47088018 -0.08325025 -0.07699474
v -0.47194457 -0.10106456 -0.08027191
v -0.47838685 -0.09519183 -0.06603350
v -0.48102911 -0.11717968 -0.06740600
v -0.48701394 -0.10925287 -0.05289683
v -0.48906798 -0.12907453 -0.05326097
v -0.49481002 -0.06141184 0.00767005
v -0.49673339 -0.34759896 0.02354235
v -0.49280267 -0.39098639 -0.03440092
v -0.49139282 -0.37629052 -0.04512874
v -0.48781687 -0.37333079 -0.05547375
v -0.48549206 -0.35473217 -0.06596815
v -0.48251367 -0.37167818 -0.06875047
v -0.47623010 -0.36889589 -0.08184980
v -0.47530574 -0.38584191 -0.08027191
v -0.46654797 -0.37702810 -0.09747936
v -0.47029199 -0.39469307 -0.08781592
v -0.46320545 -0.39850244 -0.09916929
v -0.47356912 -0.40891279 -0.07913284
v -0.45901329 -0.41402928 -0.10310003
v -0.46980647 -0.42369268 -0.08310091
v -0.46505411 -0.43748297 -0.08810536
v -0.47625810 -0.43907951 -0.06655635
v -0.46697746 -0.45901329 -0.07878738
v -0.47403596 -0.45687520 -0.06557601
v -0.46906889 -0.46977842 -0.07122468
v -0.47669691 -0.46890079 -0.05484819
v -0.46968508 -0.48115982 -0.06541729
v -0.47931117 -0.48270037 -0.04306533
v -0.47022663 -0.49199970 -0.06079564
v -0.47575390 -0.50232600 -0.04309334
v -0.46986250 -0.50836681 -0.05674353
v -0.47369987 -0.52046709 -0.03776211
v -0.46703349 -0.52719883 -0.05452141
v -0.46923692 -0.54231492 -0.03457832
v -0.46197301 -0.55877545 -0.04706142
v -0.46388703 -0.56311697 -0.03051687
v -0.45659511 -0.58122074 -0.04237443
v -0.45793958 -0.58243455 -0.02015318
v -0.45151596 -0.59969798 -0.03297241
v -0.45095577 -0.60218154 -0.02266475
v -0.44524173 -0.61655065 -0.03617488
v -0.44390658 -0.61895950 -0.01562491
v -0.43788444 -0.63492522 -0.02635272
v -0.43893949 -0.63114382 -0.01764162
v -0.43364560 -0.64328146 -0.01874335
v -0.43470064 -0.63767952 -0.00514919
v -0.42731534 -0.65569925 -0.01333742
v -0.42255365 -0.65196459 0.00796882
v -0.41775462 -0.66693125 -0.00204008
v -0.41027596 -0.66920938 0.01671727
v -0.40576635 -0.68421339 0.00464498
v -0.40008966 -0.68570727 0.01886470
v -0.39410488 -0.70316681 0.01066711
v -0.38941786 -0.69042229 0.03295372
v -0.38236869 -0.71043070 0.02543771
v -0.37517946 -0.70330684 0.03817291
v -0.37105266 -0.72274580 0.02977925
v -0.36081036 -0.71555656 0.04189823
v -0.35913910 -0.72783424 0.03694980
v -0.34551691 -0.73014041 0.04405499
v -0.34910219 -0.74988739 0.03260825
v -0.33472375 -0.73909427 0.04479259
v -0.32784263 -0.76120343 0.03587609
v -0.32148437 -0.74927120 0.04469922
v -0.31263322 -0.76230517 0.04020828
v -0.31054180 -0.75082107 0.04704272
v -0.30585481 -0.76030710 0.04292525
v -0.29815206 -0.74896310 0.05031988
v -0.29508031 -0.76403244 0.04240240
v -0.27652837 -0.75320195 0.04953561
v -0.27817162 -0.77251946 0.03940534
v -0.25957300 -0.76538628 0.04203828
v -0.25994648 -0.78341533 0.03271095
v -0.24094638 -0.77014797 0.03239350
v -0.24378472 -0.78975493 0.02290747
v -0.23048932 -0.77583402 0.02214186
v -0.22990112 -0.78897067 0.01400963
v -0.22001360 -0.77586199 0.01243175
v -0.22169420 -0.78447972 0.00898651
v -0.21215213 -0.76997991 0.00739928
v -0.21323519 -0.78262175 0.00119974
v -0.20430935 -0.76770177 -0.00274032
v -0.20920174 -0.78748612 -0.01063913
v -0.19739088 -0.77016662 -0.01751091
v -0.19779235 -0.78087578 -0.03298175
v -0.19254515 -0.76291205 -0.03137584
v -0.19316138 -0.76589980 -0.04862064
v -0.18884783 -0.74903781 -0.04284126
v -0.18987487 -0.74881368 -0.05605262
v -0.18683112 -0.73935569 -0.04366288
v -0.18821297 -0.73899153 -0.06025412
v -0.18605617 -0.73376299 -0.04755626
v -0.18461834 -0.72475313 -0.05391453
v -0.18331121 -0.72203619 -0.04076852
v -0.18294707 -0.71735853 -0.05010518
v -0.18061290 -0.70585578 -0.04218769
v -0.18176132 -0.70678940 -0.05709833
v -0.18047286 -0.69570681 -0.05998335
v -0.18506650 -0.71631285 -0.07004827
v -0.18370335 -0.69995499 -0.07477261
v -0.18892252 -0.70882482 -0.08756383
v -0.18735397 -0.68918983 -0.08861888
v -0.19224640 -0.68779870 -0.09666708
v -0.19177020 -0.68008661 -0.09716192
v -0.20053735 -0.68846157 -0.10606909
v -0.19144342 -0.67046048 -0.09845971
v -0.20003316 -0.67555830 -0.10661994
v -0.19199430 -0.66638037 -0.09983220
v -0.19405771 -0.66015284 -0.10350151
v -0.18469302 -0.65752926 -0.09037417
v -0.19045375 -0.65063878 -0.10107398
v -0.18475838 -0.64111539 -0.09322185
v -0.19257318 -0.63964023 -0.10538750
v -0.18572939 -0.62530841 -0.09812359
v -0.19172354 -0.62992075 -0.10645189
v -0.19190092 -0.61618656 -0.10929024
v -0.19965036 -0.62936055 -0.11420131
v -0.20091079 -0.61300271 -0.11844948
v -0.21377670 -0.62298359 -0.12466770
v -0.21714725 -0.61275060 -0.12864511
v -0.22012563 -0.62045336 -0.12853307
v -0.22654926 -0.61324547 -0.13321074
v -0.22571830 -0.62428137 -0.13061515
v -0.23328098 -0.62445883 -0.13390165
v -0.23628739 -0.63662445 -0.13350018
v -0.24305647 -0.62982740 -0.13690806
v -0.25257051 -0.63018217 -0.14017588
v -0.25229975 -0.61900617 -0.14184714
v -0.26876026 -0.62765194 -0.14552579
v -0.26831212 -0.61227444 -0.14757985
v -0.28111268 -0.60886660 -0.15111845
v -0.26487623 -0.59973534 -0.14830812
v -0.27119714 -0.59006254 -0.15102507
v -0.25579167 -0.59024000 -0.14697297
v -0.25573564 -0.57808364 -0.14821474
v -0.24984421 -0.57982961 -0.14638476
v -0.25353219 -0.56426539 -0.14886831
v -0.23439204 -0.57472247 -0.14165108
v -0.23988200 -0.55621718 -0.14511498
v -0.22422443 -0.56334104 -0.13821519
v -0.22591436 -0.53839349 -0.14083879
v -0.21907993 -0.54926138 -0.13679602
v -0.20794131 -0.53741320 -0.13128739
v -0.20421597 -0.55404173 -0.12762741
v -0.19206899 -0.54508793 -0.11794531
v -0.19614911 -0.56352781 -0.12043819
v -0.18925867 -0.55270659 -0.11388387
v -0.18963211 -0.56349978 -0.11306224
v -0.18321782 -0.55678669 -0.10341747
v -0.18680312 -0.56813076 -0.10860865
v -0.17994068 -0.56842953 -0.09447296
v -0.18135985 -0.58460062 -0.09627493
v -0.17657947 -0.57946543 -0.08201786
v -0.17573917 -0.59180851 -0.07657459
v -0.17281680 -0.57568412 -0.06865711
v -0.17206989 -0.58812053 -0.06218680
v -0.16947430 -0.57323790 -0.05122557
v -0.16996912 -0.59552453 -0.04676265
v -0.16814848 -0.58174357 -0.03555866
v -0.16890476 -0.59766262 -0.03303777
v -0.16830722 -0.59012793 -0.01896743
v -0.16926887 -0.60513194 -0.02148833
v -0.16898878 -0.59427343 -0.00390740
v -0.17050130 -0.61352561 -0.00599882
v -0.16988510 -0.60276045 -0.00261895
v -0.17141629 -0.61035115 0.00120909
v -0.17118290 -0.60054763 0.00483170
v -0.17658881 -0.61315212 0.01362684
v -0.17226596 -0.59363853 0.00883713
v -0.17972594 -0.59470291 0.02376644
v -0.17291952 -0.58480604 0.01204894
v -0.17658881 -0.57559075 0.02153499
v -0.17290082 -0.57447036 0.01393494
v -0.17245266 -0.56545110 0.01426172
v -0.16911949 -0.57515195 0.00320712
v -0.16803643 -0.55662802 0.00228280
v -0.16687868 -0.56153907 -0.01648387
v -0.16704675 -0.54565744 -0.00632560
v -0.16643055 -0.53637677 -0.02149766
v -0.16718680 -0.52965444 -0.00003270
v -0.16652390 -0.51967352 -0.01340278
v -0.16809245 -0.52079391 0.00738061
v -0.16732684 -0.50339040 -0.00190002
v -0.16884873 -0.51050490 0.01107793
v -0.16897945 -0.49978643 0.01289857
v -0.17463745 -0.50592063 0.02667947
v -0.17104285 -0.49601443 0.01785634
v -0.17494557 -0.49050584 0.02799595
v -0.16950230 -0.49231712 0.01476591
v -0.16785906 -0.48246694 0.00520518
v -0.48188808 -0.17873620 0.07933822
v -0.47342909 -0.18380599 0.09509849
v -0.47657555 -0.16922217 0.08834808
v -0.47182318 -0.15676708 0.09489307
v -0.48002075 -0.15574004 0.08046794
v -0.47797604 -0.13808444 0.08302619
v -0.48483848 -0.13984902 0.06933865
v -0.48579084 -0.12233346 0.06481037
v -0.46812588 0.07397899 0.02439200
v -0.46597844 0.08796531 0.01494330
v -0.47158976 0.06634167 0.00520518
v -0.46760301 0.08487486 0.00158255
v -0.46886347 0.07854467 -0.00868778
v -0.46309342 0.09550931 -0.02050797
v -0.46759369 0.07242910 -0.02321561
v -0.45885457 0.09131718 -0.03343925
v -0.46056318 0.06678979 -0.04239310
v -0.45505455 0.07909551 -0.04749091
v -0.44918179 0.07221440 -0.06194405
v -0.44484025 0.09048624 -0.06171997
v -0.44136701 0.07463255 -0.07470726
v -0.43523284 0.08675157 -0.07963702
v -0.43476599 0.07067385 -0.08713435
v -0.42511190 0.08456678 -0.09644300
v -0.41397327 0.08712504 -0.11044798
v -0.40192898 0.09001938 -0.12407949
v -0.39217217 0.09285773 -0.13422844
v -0.40128475 0.11003714 -0.11813204
v -0.38974465 0.11319298 -0.13043776
v -0.39416089 0.12435028 -0.12159594
v -0.38118293 0.12668445 -0.13544220
v -0.38353578 0.14257539 -0.12766476
v -0.36813964 0.14651551 -0.14259408
v -0.37048312 0.16277060 -0.13495670
v -0.35809340 0.15590815 -0.14898035
v -0.35488158 0.16925957 -0.14803735
v -0.35061474 0.18779284 -0.14695430
v -0.33947610 0.18616830 -0.15533861
v -0.33608690 0.20700766 -0.15370470
v -0.32579790 0.19023905 -0.16021234
v -0.32300624 0.20263815 -0.16001628
v -0.31816051 0.21504652 -0.15999760
v -0.31603176 0.22377634 -0.15964281
v -0.31141011 0.23645546 -0.15981087
v -0.32249272 0.23616604 -0.15524525
v -0.30792755 0.24987227 -0.15959613
v -0.32145635 0.25470864 -0.15187471
v -0.30694718 0.27255102 -0.15624427
v -0.32195119 0.27129988 -0.14642211
v -0.31463127 0.29100023 -0.14528303
v -0.32358512 0.28350288 -0.13980242
v -0.33037286 0.29044938 -0.13009230
v -0.33533062 0.27215888 -0.13253850
v -0.34242648 0.28107533 -0.12068095
v -0.34895280 0.26210327 -0.12156793
v -0.35613270 0.27194411 -0.10846860
v -0.36185607 0.25504479 -0.10913151
v -0.36941875 0.25742561 -0.09824497
v -0.37327480 0.24276707 -0.09977618
v -0.37991316 0.25788314 -0.08331566
v -0.38541244 0.23504569 -0.08719970
v -0.38907241 0.24701526 -0.07558491
v -0.39346065 0.22582101 -0.08029991
v -0.39795156 0.24414891 -0.06343792
v -0.40585037 0.23008787 -0.05836811
v -0.41031331 0.24188940 -0.04406436
v -0.41723177 0.22879008 -0.03985352
v -0.42221753 0.23803335 -0.02220725
v -0.42683918 0.22543821 -0.02041460
v -0.43109669 0.22412175 -0.00227349
v -0.43414978 0.20927650 -0.01338412
v -0.43456059 0.20993940 0.01536345
v -0.43907020 0.19808180 0.00230147
v -0.44033065 0.18839041 0.01891139
v -0.44497096 0.17721445 0.00495308
v -0.44688498 0.16746692 0.01477524
v -0.45079704 0.15464768 -0.00390740
v -0.45427962 0.14276217 0.00315110
v -0.45598822 0.13271589 -0.01007894
v -0.45961084 0.11871091 0.01316000
v -0.46159954 0.11304361 -0.00045285
v -0.46291601 0.09884252 0.02290747
v -0.46190765 0.09074767 0.03823826
v -0.46354158 0.07478200 0.04554885
v -0.46845266 0.06594953 0.03425151
v -0.46386835 0.07008560 0.04810710
v -0.46876076 0.05422265 0.04252378
v -0.46363493 0.06282169 0.05432531
v -0.46528752 0.05714506 0.05273808
v -0.46328948 0.04764962 0.06340988
v -0.46754701 0.04629584 0.05316756
v -0.46883547 0.02994736 0.05814401
v -0.46993718 0.03552135 0.05168305
v -0.47257944 0.02569917 0.04959163
v -0.47351313 0.03661370 0.03827561
v -0.47646349 0.02177779 0.03772474
v -0.47688365 0.03902259 0.01664258
v -0.47982469 0.02112422 0.02099346
v -0.47989005 0.03019012 0.00319779
v -0.48341932 0.00967751 0.01054575
v -0.48212150 0.01752959 -0.00966812
v -0.48574413 0.00078898 -0.00019142
v -0.48600558 -0.00421550 -0.01202096
v -0.48903065 -0.01816442 -0.00168528
v -0.48859181 -0.02165634 -0.01424308
v -0.48843311 -0.03824758 -0.02341168
v -0.48650042 -0.05463338 -0.03569872
v -0.48689255 -0.07396958 -0.04095525
v -0.48720065 -0.09483709 -0.04787371
v -0.48911469 -0.40506610 -0.04228106
v -0.48800362 -0.42302979 -0.03995623
v -0.48202815 -0.41677424 -0.05880694
v -0.48473577 -0.44086280 -0.04363487
v -0.48059963 -0.45277638 -0.05096415
v -0.48343799 -0.05634205 0.05371843
v -0.48053427 -0.06854505 0.06449294
v -0.48023550 -0.08319426 0.06931064
v -0.48063698 -0.10176485 0.07262515
v -0.48709794 -0.45238427 -0.02310357
v -0.48432496 -0.46357890 -0.03477439
v -0.48368073 -0.47690233 -0.02524166
v -0.47963798 -0.49737758 -0.02962988
v -0.47652888 -0.51539733 -0.02513895
v -0.48105715 -0.41754919 0.04076849
v -0.47572590 -0.42789418 0.05059999
v -0.47015192 -0.44052672 0.05936712
v -0.47831217 -0.43749230 0.03945202
v -0.48192544 -0.40233980 -0.06226150
v -0.48367141 -0.38956725 -0.06144921
v -0.29382919 -0.27523992 -0.16043642
v -0.29279283 -0.29337168 -0.16014699
v -0.31072854 -0.28784439 -0.16420844
v -0.29454811 -0.30758207 -0.16082857
v -0.32011187 -0.30145720 -0.16586102
v -0.31380963 -0.31967302 -0.16489934
v -0.33360335 -0.31501406 -0.16762566
v -0.32722641 -0.33192271 -0.16711214
v -0.34207169 -0.33254828 -0.16860600
v -0.34917688 -0.34674000 -0.16929692
v -0.35821477 -0.33290306 -0.16974506
v -0.36939074 -0.34736557 -0.16983844
v -0.37491804 -0.31826317 -0.17028660
v -0.38275150 -0.33847704 -0.16965171
v -0.39310583 -0.32728241 -0.16858732
v -0.39832503 -0.33871980 -0.16699077
v -0.41190054 -0.33072763 -0.16114601
v -0.40317076 -0.36050222 -0.16396568
v -0.41725978 -0.34455521 -0.15667375
v -0.41404797 -0.36045553 -0.15757008
v -0.42407552 -0.36067963 -0.14987667
v -0.41395459 -0.37953967 -0.15614156
v -0.43108735 -0.38186451 -0.14140832
v -0.42077970 -0.39365671 -0.14885897
v -0.43202101 -0.39767147 -0.13796310
v -0.42456105 -0.41631675 -0.14269678
v -0.43552227 -0.40881944 -0.13280926
v -0.43105002 -0.42508386 -0.13470461
v -0.44107758 -0.42444900 -0.12379006
v -0.43367362 -0.43778175 -0.12947608
v -0.45214151 -0.42652170 -0.10993446
v -0.45371008 -0.43801511 -0.10552756
v -0.45260835 -0.45159996 -0.10365089
v -0.46155286 -0.45542803 -0.08956188
v -0.44909776 -0.46822857 -0.10464992
v -0.46101135 -0.47519373 -0.08507095
v -0.44879899 -0.48541734 -0.10232508
v -0.45794892 -0.49241980 -0.08645277
v -0.45101178 -0.50203661 -0.09585478
v -0.45357936 -0.51190545 -0.08936580
v -0.44187119 -0.51323124 -0.10667597
v -0.43856602 -0.52763773 -0.10727351
v -0.42930406 -0.51718065 -0.12111977
v -0.42704459 -0.53020529 -0.12020478
v -0.41488826 -0.52874878 -0.13269722
v -0.41528974 -0.55210903 -0.12576943
v -0.40152751 -0.53475225 -0.14254740
v -0.40038844 -0.55406044 -0.13819651
v -0.38416133 -0.54197879 -0.15292042
v -0.38920312 -0.55916758 -0.14512432
v -0.37431115 -0.56425608 -0.15290175
v -0.39017414 -0.57324724 -0.14043731
v -0.37245316 -0.57794359 -0.15067028
v -0.38633677 -0.59069744 -0.13777637
v -0.37045513 -0.59083747 -0.14851352
v -0.38011856 -0.60377810 -0.13940094
v -0.35908308 -0.59674758 -0.15287373
v -0.35669289 -0.60709266 -0.15153859
v -0.34759900 -0.59080019 -0.15733666
v -0.34326678 -0.61541161 -0.15397546
v -0.33435961 -0.59479626 -0.15768211
v -0.32171778 -0.61481406 -0.15503984
v -0.31814185 -0.59720511 -0.15708457
v -0.30461304 -0.60793291 -0.15484377
v -0.30664841 -0.59059478 -0.15690717
v -0.28956234 -0.59108025 -0.15466638
v -0.30309116 -0.57476915 -0.15784084
v -0.28917020 -0.57593621 -0.15575877
v -0.29866558 -0.56450810 -0.15798088
v -0.29358643 -0.56240735 -0.15737400
v -0.29277414 -0.55292134 -0.15802757
v -0.28535152 -0.56110026 -0.15617891
v -0.28112201 -0.55124075 -0.15622560
v -0.27640700 -0.55749631 -0.15482509
v -0.27079566 -0.54567608 -0.15450765
v -0.26062805 -0.55359360 -0.15165997
v -0.25388699 -0.53574193 -0.15090370
v -0.24122647 -0.52972906 -0.14726241
v -0.22812715 -0.52537822 -0.14241669
v -0.21310448 -0.51466904 -0.13476996
v -0.22832322 -0.50522037 -0.14284617
v -0.21734332 -0.49029107 -0.13704811
v -0.23594193 -0.48527730 -0.14679557
v -0.22315072 -0.47154311 -0.13974640
v -0.22979842 -0.46140344 -0.14293953
v -0.21299243 -0.45296315 -0.13238912
v -0.22619447 -0.44408395 -0.14015721
v -0.20499091 -0.43749230 -0.12637631
v -0.22005094 -0.43137677 -0.13550756
v -0.20858554 -0.41620470 -0.12702054
v -0.22090057 -0.41414133 -0.13492869
v -0.20819340 -0.39589748 -0.12597483
v -0.22494335 -0.38996872 -0.13597439
v -0.21619490 -0.37551554 -0.12988689
v -0.23866823 -0.37836322 -0.14307958
v -0.22824853 -0.36049289 -0.13654393
v -0.24025546 -0.36525460 -0.14299556
v -0.23750115 -0.34732821 -0.14112822
v -0.24976952 -0.34906483 -0.14689828
v -0.23340236 -0.33080232 -0.13833656
v -0.25555824 -0.33354729 -0.14882162
v -0.24795821 -0.31688139 -0.14526436
v -0.26444675 -0.31460326 -0.15193073
v -0.25922756 -0.29896433 -0.14954988
v -0.27673379 -0.30685382 -0.15591748
v -0.26054401 -0.28485663 -0.14974596
v -0.28060849 -0.28239175 -0.15665508
v -0.27612690 -0.26866689 -0.15503984
v -0.29294222 -0.25705206 -0.16006296
v -0.30688183 -0.27366200 -0.16334013
v -0.31204501 -0.25484865 -0.16444186
v -0.32458414 -0.25834053 -0.16634652
v -0.32232467 -0.24172129 -0.16609444
v -0.33952278 -0.25544615 -0.16829788
v -0.33937338 -0.23237531 -0.16812050
v -0.36030618 -0.24647364 -0.16982910
v -0.35473220 -0.22763226 -0.16915687
v -0.37006298 -0.23388787 -0.16967971
v -0.36742072 -0.21646562 -0.16939961
v -0.38650484 -0.20417857 -0.16841927
v -0.40092996 -0.20686754 -0.16579567
v -0.41522439 -0.19696138 -0.15908261
v -0.42655908 -0.20745579 -0.15199609
v -0.43292668 -0.19515007 -0.14679557
v -0.44011591 -0.20555109 -0.14049333
v -0.44236603 -0.18712987 -0.13764565
v -0.45167469 -0.20031325 -0.12785150
v -0.45033954 -0.18243355 -0.12836501
v -0.45853713 -0.17680350 -0.11644211
v -0.45784620 -0.15574937 -0.11470549
v -0.46689343 -0.14499354 -0.09998158
v -0.47440945 -0.13519943 -0.08494024
v -0.48274709 -0.13616107 -0.06903991
v -0.47890037 -0.34815918 -0.08012251
v -0.47145905 -0.35869091 -0.09204543
v -0.46169291 -0.35193118 -0.10845927
v -0.45914400 -0.36848509 -0.11018655
v -0.45105846 -0.36081034 -0.12149324
v -0.44966730 -0.37526348 -0.12137186
v -0.43584906 -0.36566540 -0.13803779
v -0.44176850 -0.39041685 -0.12872914
v -0.47674362 -0.05506291 0.06915192
v -0.48009547 -0.03929328 0.05658479
v -0.47210328 -0.03710849 0.07363351
v -0.47599668 -0.02500821 0.06180396
v -0.46867672 -0.00992020 0.07396029
v -0.47458684 -0.00827692 0.05991798
v -0.47085218 0.01316002 0.06099169
v -0.47742517 -0.00430881 0.05008647
v -0.47681830 0.00516788 0.04724814
v -0.48033821 -0.00689507 0.04167415
v -0.48198147 0.00085437 0.03054486
v -0.48704194 -0.01155407 0.01218899
v -0.48655642 -0.16533812 0.06877846
v -0.45820100 -0.25211298 -0.11987800
v -0.46596910 -0.24434491 -0.10927155
v -0.47338241 -0.24516651 -0.09772211
v -0.47785465 -0.22824849 -0.09064493
v -0.48124385 -0.24620288 -0.08487488
v -0.47679030 -0.26463347 -0.09160661
v -0.46750965 -0.26170173 -0.10561158
v -0.47144973 -0.27972151 -0.09932802
v -0.46816320 -0.28903947 0.09994421
v -0.47453080 -0.26754651 0.09249355
v -0.48100111 -0.49341888 -0.01440180
v -0.47599668 -0.51665780 -0.01008827
v -0.47212196 -0.53477090 -0.01815514
v -0.47200993 -0.53013989 -0.00341256
v -0.46910621 -0.54050362 -0.00105972
v -0.47088018 -0.52843130 0.00454226
v -0.46519416 -0.53722642 0.01669859
v -0.47290625 -0.51986962 0.00457961
v -0.47104825 -0.51514524 0.01569023
v -0.47428806 -0.51205479 0.00579338
v -0.47679030 -0.50262475 0.00363661
v -0.47777997 -0.50551916 -0.00412215
v -0.47721978 -0.49798445 0.00642828
v -0.48096376 -0.48300849 0.00166659
v -0.48415690 -0.47156174 -0.00842635
v -0.48696723 -0.45511987 -0.01107795
v -0.39994962 -0.19555154 -0.16565562
v -0.38886701 -0.18425419 -0.16770969
v -0.37657063 -0.18501047 -0.16852196
v -0.38666356 -0.16839124 -0.16763499
v -0.36837304 -0.17232195 -0.16853130
v -0.38016523 -0.15698185 -0.16796177
v -0.36201478 -0.15773805 -0.16815783
v -0.37635589 -0.14378913 -0.16792443
v -0.35536708 -0.14474145 -0.16754162
v -0.37889546 -0.12899987 -0.16735488
v -0.36579613 -0.11772119 -0.16713082
v -0.38220997 -0.11035456 -0.16618781
v -0.37948367 -0.09898249 -0.16597307
v -0.39065964 -0.09872107 -0.16420844
v -0.39149061 -0.09020608 -0.16353619
v -0.39508521 -0.10398697 -0.16327477
v -0.39982825 -0.08454804 -0.16024036
v -0.40802581 -0.10309997 -0.15764476
v -0.41135900 -0.07830183 -0.15334990
v -0.41780130 -0.10433245 -0.15156661
v -0.42315120 -0.08531366 -0.14437738
v -0.42897728 -0.10225971 -0.14068007
v -0.43779109 -0.09160653 -0.12912128
v -0.44189921 -0.11332362 -0.12821563
v -0.45061964 -0.10788035 -0.11606864
v -0.45274840 -0.12157725 -0.11578854
v -0.46531554 -0.11097080 -0.09515453
v -0.46356024 -0.12716990 -0.10164351
v -0.47302761 -0.12056888 -0.08370780
v -0.48294315 -0.02375707 -0.03291639
v -0.48237360 -0.00288031 -0.02547508
v -0.47701436 -0.01495260 -0.04332676
v -0.47309296 -0.00226414 -0.04678133
v -0.46625855 -0.00485973 -0.06095437
v -0.47072147 0.01578367 -0.04464323
v -0.46113272 0.01037773 -0.06527724
v -0.46172093 0.02407463 -0.05889097
v -0.45436365 0.02411195 -0.07249447
v -0.45662311 0.03857439 -0.06254160
v -0.44725845 0.03248689 -0.08155103
v -0.44532575 0.05676225 -0.07550088
v -0.47235538 0.06148657 -0.01321604
v -0.46691210 0.05511898 -0.03462500
v -0.47385858 0.04676270 -0.02167505
v -0.47255144 0.03259894 -0.03299109
v -0.47868562 0.02995669 -0.01567159
v -0.47846156 0.01690402 -0.02600727
v -0.44909776 -0.01343077 -0.09387541
v -0.45650174 -0.03685639 -0.08916040
v -0.46084328 -0.02190843 -0.07652791
v -0.46671604 -0.04215962 -0.07233575
v -0.46820992 -0.02495222 -0.06404479
v -0.47263548 -0.04119798 -0.06110375
v -0.47580994 -0.02883620 -0.05031992
v -0.47912446 -0.04896608 -0.05039461
v -0.48178541 -0.03741657 -0.04066581
v -0.45700591 -0.00686708 -0.07823651
v -0.45742606 -0.05627665 -0.09348328
v -0.46511947 -0.05429730 -0.07939426
v -0.47249541 -0.06081427 -0.06745268
v -0.47897508 -0.08269941 -0.06147722
v -0.48050627 -0.06847032 -0.05393320
v -0.47617407 -0.21559736 -0.09313781
v -0.47833085 -0.19793236 -0.08809603
v -0.48129057 -0.02669814 0.04849924
v -0.47889104 -0.01547545 0.05126290
v -0.25388699 -0.02205780 0.16341478
v -0.24293509 -0.03603479 0.15881180
v -0.25822853 -0.03800481 0.16299464
v -0.25478331 -0.05285946 0.16150078
v -0.27396079 -0.04540877 0.16328406
v -0.27206546 -0.06086093 0.16281724
v -0.29152304 -0.05200046 0.16277054
v -0.29275548 -0.07143006 0.16207032
v -0.31005629 -0.05468944 0.16182756
v -0.31725485 -0.06862903 0.16059512
v -0.32948588 -0.04935822 0.16029634
v -0.34089526 -0.07017892 0.15800887
v -0.34907418 -0.05819069 0.15758873
v -0.36847575 -0.07114064 0.15389142
v -0.36919467 -0.05624866 0.15419017
v -0.38897906 -0.06115042 0.14964322
v -0.38376920 -0.04690267 0.15099704
v -0.39821300 -0.04852721 0.14703830
v -0.39546802 -0.03587609 0.14789727
v -0.40208770 -0.03960136 0.14562846
v -0.39845575 -0.02691291 0.14657148
v -0.40299337 -0.03106771 0.14489088
v -0.40628920 -0.02363569 0.14338765
v -0.40979045 -0.03678174 0.14257538
v -0.42185341 -0.02362636 0.13655323
v -0.42457037 -0.03774339 0.13622645
v -0.43761368 -0.03103032 0.12588144
v -0.43610114 -0.05322361 0.13022296
v -0.44844419 -0.04797637 0.11633005
v -0.44653019 -0.06781676 0.12184801
v -0.45972287 -0.05764917 0.10200762
v -0.45585751 -0.07895540 0.11098948
v -0.46307474 -0.07953424 0.10033635
v -0.45804229 -0.10194222 0.11144697
v -0.46881679 -0.08649007 0.09253092
v -0.46725756 -0.10671327 0.09778743
v -0.47426006 -0.09845964 0.08452005
v -0.47320503 -0.12266961 0.09049552
v -0.46840598 -0.13958767 0.09927196
v -0.46255188 -0.12174529 0.10715210
v -0.45713662 -0.12477034 0.11534035
v -0.44552183 -0.10648917 0.12654435
v -0.44740784 -0.08860014 0.12307110
v -0.43462594 -0.08717163 0.13321073
v -0.43258123 -0.07271852 0.13390161
v -0.41462684 -0.08016914 0.14162306
v -0.41852956 -0.06940397 0.13989577
v -0.41199389 -0.07529544 0.14259404
v -0.41196589 -0.06504380 0.14248202
v -0.40627053 -0.07015092 0.14456409
v -0.40360958 -0.05888157 0.14539503
v -0.39531863 -0.07066444 0.14774789
v -0.38310629 -0.08494018 0.15030615
v -0.36053960 -0.08108413 0.15475971
v -0.33965349 -0.08535098 0.15746735
v -0.32492026 -0.08145760 0.15941871
v -0.33190408 -0.10000020 0.15784079
v -0.31560226 -0.10553686 0.15927867
v -0.33517190 -0.11251135 0.15693517
v -0.32688094 -0.13195020 0.15725262
v -0.34147413 -0.13208099 0.15531056
v -0.32438807 -0.15489978 0.15679509
v -0.34300536 -0.15372329 0.15489976
v -0.33541466 -0.16962364 0.15527323
v -0.35065206 -0.17431996 0.15335920
v -0.33683382 -0.19219033 0.15428356
v -0.35499361 -0.19302134 0.15236019
v -0.33765546 -0.21634431 0.15320982
v -0.35419067 -0.20567247 0.15172529
v -0.35663688 -0.21922925 0.15089432
v -0.37287331 -0.21522389 0.14876560
v -0.36621628 -0.23743577 0.14840145
v -0.38629009 -0.23489617 0.14531101
v -0.38478688 -0.25209432 0.14450807
v -0.39975355 -0.24253356 0.14165106
v -0.40478600 -0.25941429 0.13912082
v -0.41060275 -0.24841570 0.13809379
v -0.41212462 -0.26024523 0.13679599
v -0.42010745 -0.24960145 0.13482597
v -0.42232957 -0.26475485 0.13273457
v -0.43034043 -0.25615578 0.13012028
v -0.44474688 -0.27117843 0.12222146
v -0.44594198 -0.25585702 0.12300574
v -0.46380300 -0.25875136 0.10865531
v -0.45853713 -0.38256473 -0.10858064
v -0.45186142 -0.39240557 -0.11652613
v -0.44691300 -0.41064008 -0.11948586
v -0.48326993 -0.03509181 0.04581963
v -0.47457752 -0.49060849 0.02118020
v -0.47716375 -0.49115007 0.01244108
v -0.47826549 -0.48605224 0.01154475
v -0.47219663 -0.07311999 0.08379180
v -0.47486693 -0.29618200 -0.09299777
v -0.43245985 -0.16643988 0.13370555
v -0.43596110 -0.16088456 0.13244511
v -0.44573657 -0.17894163 0.12763674
v -0.44994741 -0.15517986 0.12462098
v -0.45537201 -0.17122019 0.11963521
v -0.46512881 -0.16236906 0.10596636
v -0.46375632 -0.18903457 0.10990641
v -0.47530574 -0.25147808 0.09279234
v -0.46494207 -0.27235488 0.10528478
v -0.45697790 -0.27769543 0.11336098
v -0.45539067 -0.29075740 0.11356638
v -0.43869673 -0.28770431 0.12343524
v -0.42753010 -0.28550086 0.12853303
v -0.42959349 -0.30417417 0.12574139
v -0.41416933 -0.29915107 0.13244511
v -0.41810941 -0.31584499 0.12927998
v -0.40719486 -0.30616289 0.13392965
v -0.40551426 -0.31687203 0.13323872
v -0.38516035 -0.31299734 0.13866333
v -0.40389902 -0.32549913 0.13267851
v -0.39111714 -0.33281904 0.13485396
v -0.40709215 -0.33600287 0.13027899
v -0.39909065 -0.34450852 0.13101661
v -0.40738159 -0.34427509 0.12888784
v -0.40826858 -0.35048401 0.12774876
v -0.46224378 0.04314007 -0.05007716
v -0.45457839 0.05589392 -0.05927377
v -0.47336374 0.04761230 0.02953649
v -0.47289690 0.05598731 0.01732416
v -0.47665959 0.04588504 -0.00516785
v -0.47511903 0.01119000 0.04975969
v -0.47333574 0.01656795 0.05251400
v -0.46147817 0.03525992 0.07341877
v -0.45518526 0.05415733 0.07871265
v -0.45382211 0.07440852 0.07190623
v -0.46226244 0.07011367 0.05339165
v -0.45665112 0.08377317 0.06055286
v -0.46012436 0.08570587 0.04936755
v -0.46201970 0.08096282 0.04582896
v -0.43029374 -0.38687828 0.11402388
v -0.44486826 -0.37577700 0.10876734
v -0.45054494 -0.35864425 0.10802041
v -0.46312142 -0.34455521 0.09963609
v -0.42696055 -0.07066444 -0.13754294
v -0.44491494 -0.08393181 -0.11870157
v -0.45284177 -0.09470630 -0.11001849
v -0.47420403 -0.51529465 0.00286166
v -0.17423598 -0.56274348 0.01879934
v -0.17305023 -0.54976559 0.01811776
v -0.17989398 -0.56063342 0.03077828
v -0.17962323 -0.54538670 0.03244953
v -0.18643898 -0.55556364 0.04272918
v -0.18714857 -0.53519106 0.04636114
v -0.19797909 -0.55743092 0.05655678
v -0.19859532 -0.53885100 0.05977792
v -0.20552313 -0.55215571 0.06465166
v -0.21123714 -0.54442498 0.07084185
v -0.21511186 -0.55325747 0.07286791
v -0.21953742 -0.54375272 0.07772298
v -0.23071340 -0.55027911 0.08504292
v -0.23213258 -0.53290352 0.08813335
v -0.25242113 -0.54305250 0.10041105
v -0.25390565 -0.52450992 0.10374422
v -0.26886298 -0.54152126 0.10940224
v -0.27622027 -0.53185786 0.11354772
v -0.28787240 -0.55035374 0.11181110
v -0.29466015 -0.53982203 0.11393986
v -0.29610733 -0.56368650 0.10935557
v -0.30732999 -0.54428496 0.11244600
v -0.31260521 -0.56546982 0.10789905
v -0.32396791 -0.55265991 0.10899143
v -0.32866425 -0.57712199 0.10288526
v -0.33847708 -0.55894352 0.10580763
v -0.34125005 -0.58068858 0.10051375
v -0.35689829 -0.56848554 0.10029900
v -0.35497495 -0.58387235 0.09675108
v -0.36676715 -0.58189300 0.09451962
v -0.36778484 -0.58936232 0.09229749
v -0.38477755 -0.58234113 0.08925373
v -0.37047378 -0.59771863 0.08908568
v -0.38718641 -0.60112647 0.08187779
v -0.37449790 -0.61515952 0.08151364
v -0.38712105 -0.62200325 0.07371754
v -0.37397504 -0.63382348 0.07491264
v -0.38720508 -0.64032175 0.06622021
v -0.37965171 -0.66084375 0.05957252
v -0.39413287 -0.65340239 0.05342899
v -0.39281641 -0.67028309 0.04366285
v -0.40258254 -0.65562454 0.04318668
v -0.40985581 -0.65964864 0.02840677
v -0.41056539 -0.64461667 0.04121666
v -0.41927650 -0.64325350 0.02765982
v -0.41466418 -0.62917378 0.04799507
v -0.42408486 -0.62538313 0.03524119
v -0.42033153 -0.61664400 0.04906878
v -0.43078858 -0.60838111 0.03861172
v -0.42723132 -0.59631810 0.05381180
v -0.43875275 -0.59228467 0.03799550
v -0.43233847 -0.58301339 0.05460542
v -0.44279552 -0.57483447 0.04236506
v -0.44397194 -0.56295823 0.04823781
v -0.45227222 -0.56435876 0.02944312
v -0.45160934 -0.54674048 0.04468054
v -0.45900395 -0.54374341 0.03022741
v -0.45867718 -0.52812318 0.04096456
v -0.46366295 -0.52284798 0.03221612
v -0.45465309 -0.51502389 0.05563244
v -0.46693078 -0.51047687 0.03137581
v -0.46200103 -0.49699478 0.05076804
v -0.46970376 -0.49502476 0.03306575
v -0.43346820 -0.15113710 0.13373358
v -0.43050848 -0.14129626 0.13517141
v -0.43612916 -0.14554439 0.13265051
v -0.44621274 -0.13729083 0.12725394
v -0.45638036 -0.14222058 0.11745977
v -0.37976376 0.18989357 0.13299596
v -0.37844730 0.21000472 0.12778612
v -0.38922179 0.20073345 0.11796396
v -0.38766258 0.22144218 0.11089611
v -0.39855846 0.20174183 0.10498599
v -0.40266658 0.21949082 0.09058887
v -0.40790445 0.20101354 0.09161591
v -0.41941654 0.20504697 0.07073915
v -0.41553248 0.19146212 0.08475348
v -0.42542935 0.18765279 0.06866641
v -0.42280575 0.17928718 0.07876868
v -0.43441120 0.16447919 0.06383003
v -0.42765147 0.16149147 0.07959963
v -0.43337484 0.14574989 0.07714410
v -0.42380477 0.14753321 0.09231617
v -0.43293602 0.12816894 0.08654611
v -0.42230157 0.13332279 0.10030835
v -0.42742739 0.10515412 0.10389362
v -0.41515904 0.11012120 0.11818804
v -0.42020082 0.08847883 0.11801063
v -0.40754032 0.09487448 0.13119401
v -0.41402929 0.08007582 0.12737530
v -0.40779240 0.07233578 0.13486330
v -0.42507455 0.06913329 0.11794527
v -0.41057473 0.05449341 0.13580631
v -0.42182539 0.05029194 0.12636694
v -0.41204059 0.03341128 0.13730018
v -0.42673647 0.03763141 0.12431288
v -0.42499053 0.02095619 0.12943869
v -0.43461662 0.03014339 0.11688089
v -0.43655864 0.01070447 0.11927108
v -0.44230068 0.02292621 0.10936490
v -0.44579259 0.00892122 0.10822583
v -0.45487715 0.00976149 0.09442625
v -0.44717442 -0.00734327 0.10989708
v -0.45703393 -0.01285186 0.09665771
v -0.44858424 -0.03052613 0.11268874
v -0.46279464 -0.02799593 0.09113040
v -0.46172093 -0.04059107 0.09585476
v -0.46973179 -0.05720097 0.08446404
v -0.44566188 -0.61279734 -0.00967745
v -0.45003143 -0.60115450 -0.00869711
v -0.44728645 -0.60399283 0.00173194
v -0.45317789 -0.59159376 -0.00707253
v -0.45529731 -0.58284532 0.00068622
v -0.46289735 -0.56570321 -0.01345880
v -0.46838730 -0.54857981 -0.01515807
v -0.45872385 -0.55739363 0.01864061
v -0.45818234 -0.56974603 0.00948136
v -0.44749187 -0.58172493 0.02564311
v -0.45491450 -0.58013770 0.00769806
v -0.44423338 -0.59761595 0.01735215
v -0.43541024 -0.32295020 0.12087699
v -0.44348644 -0.30399680 0.11942048
v -0.43374831 -0.17648609 -0.14482554
v -0.42079838 -0.18125713 -0.15492780
v -0.40980913 -0.17625266 -0.16117402
v -0.39926803 -0.18469306 -0.16564628
v -0.39861447 -0.17611261 -0.16568363
v -0.39866116 -0.16818580 -0.16528215
v -0.39697122 -0.15684173 -0.16549689
v -0.41146171 -0.16208897 -0.15976418
v -0.40618651 -0.14287414 -0.16151948
v -0.42260968 -0.14863483 -0.15215481
v -0.40883811 -0.12368732 -0.15925067
v -0.42217086 -0.12841163 -0.15080100
v -0.42781954 -0.11725433 -0.14450810
v -0.43612916 -0.12263228 -0.13640388
v -0.44562452 -0.13155814 -0.12653503
v -0.45511991 -0.13619840 -0.11501360
v -0.42563476 -0.18042620 0.13619845
v -0.43555963 -0.17645809 0.13237043
v -0.44841619 -0.19633581 0.12540528
v -0.45266437 -0.21744600 0.12198805
v -0.46138480 -0.20480421 0.11394919
v -0.42969621 -0.34249180 -0.14651547
v -0.44315032 -0.35396655 -0.13177290
v -0.45220687 -0.33986822 -0.12259497
v -0.42700724 0.00222682 0.13061514
v -0.42752076 -0.01134870 0.13204364
v -0.41545779 0.00239485 0.13775767
v -0.40896882 -0.01379485 0.14194981
v -0.40388968 -0.00969610 0.14396652
v -0.40373097 -0.01614774 0.14408794
v -0.39901595 -0.00341249 0.14565649
v -0.39337662 -0.01238507 0.14792526
v -0.39337662 -0.00196532 0.14765450
v -0.38929649 0.00268435 0.14888694
v -0.39789554 0.00701652 0.14558177
v -0.39586949 0.01450454 0.14594591
v -0.40463662 0.00707251 0.14280881
v -0.40872608 0.02134832 0.13995179
v -0.43706283 -0.00455158 0.12167995
v -0.45835038 -0.57293914 0.00286166
v -0.46257990 -0.56084817 0.00175995
v -0.46502610 -0.55365892 0.00061154
v -0.46609981 -0.54759012 0.00420615
v -0.45507323 0.02949916 0.08844145
v -0.46458728 0.01132071 0.07605171
v -0.46124475 -0.00315106 0.08691957
v -0.45314053 -0.49906748 0.06601481
v -0.44824813 -0.48724732 0.07910479
v -0.44154442 -0.49784444 0.08207385
v -0.43254387 -0.48506257 0.09260560
v -0.43450457 -0.50648081 0.08573383
v -0.41608336 -0.49395102 0.09768473
v -0.42289912 -0.51328726 0.09050485
v -0.40579436 -0.50689164 0.09943069
v -0.40551426 -0.52202638 0.09648031
v -0.39506654 -0.51564009 0.10105527
v -0.38571122 -0.52747898 0.10193293
v -0.38218196 -0.52009369 0.10416437
v -0.37195832 -0.53167116 0.10462187
v -0.37141679 -0.51331529 0.10798307
v -0.35616069 -0.52196099 0.10965434
v -0.35230467 -0.50412794 0.11333297
v -0.33745939 -0.51854380 0.11372511
v -0.33857978 -0.49699478 0.11681554
v -0.31912219 -0.50114958 0.11915905
v -0.32238067 -0.48682719 0.12077429
v -0.30393146 -0.47769593 0.12382738
v -0.32877630 -0.47492290 0.12182933
v -0.31343617 -0.46285065 0.12547997
v -0.32593794 -0.45586682 0.12533057
v -0.30832902 -0.45076899 0.12745934
v -0.31315607 -0.43634384 0.12912127
v -0.29461347 -0.44350508 0.12835566
v -0.30054225 -0.42595219 0.13054974
v -0.28037507 -0.43768833 0.12719791
v -0.27857309 -0.41973398 0.12868244
v -0.26623003 -0.42655906 0.12192270
v -0.26165509 -0.41163909 0.12121311
v -0.25058181 -0.41633541 0.11363174
v -0.24272969 -0.40050045 0.11017719
v -0.23060137 -0.40897815 0.10008427
v -0.23245003 -0.38430135 0.10438845
v -0.22185292 -0.39141589 0.09512651
v -0.22403769 -0.38240602 0.09789948
v -0.21443028 -0.38760653 0.08912302
v -0.22389765 -0.37464725 0.09864641
v -0.21774479 -0.36718726 0.09418349
v -0.22237577 -0.36579612 0.09824494
v -0.21289908 -0.35094147 0.09156923
v -0.22442050 -0.36128650 0.10042038
v -0.22299199 -0.34771101 0.10114863
v -0.23119891 -0.35860689 0.10633981
v -0.23342104 -0.34671197 0.10968233
v -0.24635229 -0.34897145 0.11901899
v -0.24097438 -0.33545199 0.11675020
v -0.25654793 -0.32992466 0.12852370
v -0.23996602 -0.31714278 0.11844946
v -0.25536217 -0.30832902 0.13046573
v -0.23849084 -0.30373538 0.11876691
v -0.25009630 -0.28745222 0.12918663
v -0.23596994 -0.28547287 0.11886961
v -0.23618469 -0.26837747 0.12082097
v -0.22814583 -0.27537060 0.11360373
v -0.22283327 -0.26188847 0.11077473
v -0.22354286 -0.26861083 0.11054131
v -0.21247891 -0.26981531 0.10059777
v -0.21941606 -0.28040303 0.10565825
v -0.20703565 -0.29188715 0.09245621
v -0.21561603 -0.29998204 0.10015896
v -0.20398257 -0.30778747 0.08744242
v -0.21496246 -0.31743220 0.09738596
v -0.20080811 -0.32188580 0.08223258
v -0.21474773 -0.33537726 0.09507048
v -0.20444006 -0.34009228 0.08404388
v -0.20368378 -0.35987665 0.08147630
v -0.42584950 -0.54674048 -0.11658216
v -0.42803428 -0.56249139 -0.10851529
v -0.43872475 -0.54054098 -0.10280125
v -0.43920091 -0.56026933 -0.09432357
v -0.44641814 -0.54491047 -0.08950586
v -0.44889236 -0.55786040 -0.07894610
v -0.45493318 -0.54094242 -0.07543552
v -0.45915334 -0.55197834 -0.06051554
v -0.46060986 -0.53380925 -0.06606152
v -0.46119807 -0.51276441 -0.07374558
v -0.45182408 -0.52736690 -0.08663951
v -0.43481269 -0.37369493 0.11389317
v -0.44209527 -0.12029812 0.12969078
v -0.43178761 -0.13674932 0.13466723
v -0.42627898 -0.12631090 0.13698273
v -0.42502787 -0.13394829 0.13744022
v -0.41950990 -0.12197872 0.13969033
v -0.41525239 -0.12693647 0.14107218
v -0.41803472 -0.11452803 0.14012916
v -0.40149017 -0.12584411 0.14508694
v -0.40894082 -0.10868329 0.14335032
v -0.39558006 -0.10248374 0.14701964
v -0.41109759 -0.09377265 0.14261274
v -0.39988426 -0.08342762 0.14602993
v -0.40973444 -0.08552842 0.14314492
v -0.41515904 -0.09009403 0.14113754
v -0.42188142 -0.09160653 0.13861664
v -0.41423469 -0.10158741 0.14156700
v -0.42649372 -0.10126067 0.13640385
v -0.42098510 -0.10745089 0.13886873
v -0.42956548 -0.10744156 0.13550753
v -0.42569078 -0.11642340 0.13724415
v -0.46456860 0.09902929 -0.00377669
v -0.45980691 0.11227799 -0.01688536
v -0.45291647 0.12172670 -0.03048886
v -0.45103046 0.13489134 -0.02759450
v -0.43988249 0.13777635 -0.04861131
v -0.44021860 0.15631895 -0.03835033
v -0.43116205 0.15840102 -0.05378382
v -0.43520482 0.17261144 -0.03886384
v -0.42904264 0.17419865 -0.04980640
v -0.43063921 0.19065918 -0.03686580
v -0.42121852 0.19036976 -0.05492289
v -0.42327258 0.20135902 -0.04502603
v -0.41167646 0.20554183 -0.06243890
v -0.41584994 0.21458906 -0.05044130
v -0.40329215 0.21663381 -0.07023501
v -0.18492645 -0.72349271 -0.05954453
v -0.18687781 -0.73166225 -0.06159860
v -0.18829699 -0.73052321 -0.07317605
v -0.18964147 -0.74318370 -0.06540795
v -0.19118200 -0.75040091 -0.06555734
v -0.19220903 -0.75574151 -0.06462367
v -0.19427244 -0.76061527 -0.07124336
v -0.19508471 -0.76843935 -0.06462367
v -0.19772699 -0.76974652 -0.07741489
v -0.19847394 -0.77596474 -0.07203698
v -0.20260072 -0.78007281 -0.08102817
v -0.20607397 -0.79159426 -0.07425910
v -0.21101306 -0.79157562 -0.08450141
v -0.22235709 -0.80648621 -0.06927332
v -0.22881807 -0.80148181 -0.09098105
v -0.23446674 -0.80933393 -0.08088813
v -0.24378472 -0.80430143 -0.10197963
v -0.25115133 -0.81705534 -0.08129894
v -0.26242068 -0.81305926 -0.09974817
v -0.26638877 -0.82318019 -0.07620113
v -0.27602418 -0.81723272 -0.09796487
v -0.28366157 -0.82261061 -0.08193383
v -0.29255006 -0.81741011 -0.09898257
v -0.30281106 -0.82396445 -0.07963702
v -0.30649904 -0.81403023 -0.09645233
v -0.31654528 -0.81642975 -0.08516431
v -0.31660129 -0.80693440 -0.09622825
v -0.32453745 -0.81018358 -0.08434269
v -0.32202588 -0.79976387 -0.09706854
v -0.33585347 -0.79955845 -0.08183113
v -0.33026081 -0.78881193 -0.09795553
v -0.34778572 -0.78745815 -0.07947829
v -0.33961615 -0.77527376 -0.09791819
v -0.35193120 -0.77480699 -0.08571518
v -0.34803781 -0.75884126 -0.10067250
v -0.36306049 -0.75196018 -0.08961790
v -0.35513365 -0.74710513 -0.10145677
v -0.36956814 -0.73462196 -0.09261497
v -0.35755186 -0.72703126 -0.10780571
v -0.37235979 -0.72090648 -0.09689115
v -0.35939119 -0.70950641 -0.11434136
v -0.37418978 -0.70270929 -0.10184891
v -0.37170623 -0.68921786 -0.11184848
v -0.38629943 -0.68094559 -0.10187693
v -0.37374162 -0.66790229 -0.11938315
v -0.38401194 -0.66878923 -0.10952364
v -0.38512301 -0.65348643 -0.11587258
v -0.39687785 -0.66346734 -0.09928133
v -0.39429160 -0.64690413 -0.11140031
v -0.40494473 -0.64841665 -0.09888919
v -0.40546759 -0.63259102 -0.10552756
v -0.42108780 -0.62743719 -0.08833878
v -0.41781998 -0.61759633 -0.09690983
v -0.42591486 -0.60667250 -0.09103707
v -0.42432763 -0.59769060 -0.09752605
v -0.44015325 -0.60338596 -0.07022567
v -0.43697879 -0.58937163 -0.08376381
v -0.44872429 -0.58840067 -0.06144921
v -0.44872429 -0.57522659 -0.07062714
v -0.45523196 -0.57130523 -0.05724771
v -0.43105935 -0.13738414 -0.14354642
v -0.44005988 -0.14011052 -0.13464858
v -0.44850023 -0.14706628 -0.12532126
v -0.45159065 0.00855708 -0.08269010
v -0.39961349 0.13024168 -0.11239000
v -0.41346909 0.11991538 -0.09837567
v -0.41415068 0.10509806 -0.10366023
v -0.42173204 0.11766520 -0.08750781
v -0.42664312 0.10134472 -0.08709700
v -0.42946279 0.11469614 -0.07676132
v -0.43533554 0.10521944 -0.07159816
v -0.43493406 0.12290311 -0.06413816
v -0.44329970 0.10367888 -0.05814404
v -0.44576457 0.11757189 -0.04727617
v -0.45122652 0.09685383 -0.04682801
v -0.45357002 0.10813252 -0.03608152
v -0.40590639 0.13844865 -0.10089658
v -0.41500031 0.13551691 -0.08963657
v -0.41528974 0.15007274 -0.08285816
v -0.42414088 0.13146482 -0.07761096
v -0.43021904 0.14422800 -0.06211211
v -0.45024617 0.15440499 0.01588630
v -0.45277640 0.14096952 0.02309421
v -0.44877099 0.14740250 0.03354192
v -0.45018081 0.13628253 0.03973213
v -0.44348644 0.14930713 0.05096411
v -0.44551249 0.14115622 0.05154299
v -0.43977978 0.14540441 0.06391406
v -0.44742650 0.13019502 0.05466143
v -0.44697835 0.12570406 0.05890027
v -0.44922849 0.12491046 0.05279411
v -0.45226290 0.11489225 0.05241130
v -0.45431696 0.12117578 0.03875178
v -0.45554005 0.11050401 0.04449382
v -0.45956416 0.10784310 0.03029277
v -0.45567077 0.13011097 0.02316890
v -0.29122426 -0.52488336 0.11665683
v -0.31870204 -0.53214731 0.11371578
v -0.33662842 -0.53653552 0.11040127
v -0.34656263 -0.53243677 0.10969168
v -0.35392925 -0.55068987 0.10496733
v -0.36260299 -0.53921516 0.10533146
v -0.37075390 -0.54994298 0.10150343
v -0.37474064 -0.54410757 0.10149410
v -0.38187386 -0.54322056 0.09976682
v -0.38348908 -0.53643283 0.10084987
v -0.39729801 -0.53575126 0.09666704
v -0.42091041 -0.53191385 0.08752646
v -0.43669869 -0.53548050 0.07509938
v -0.43751099 -0.52283865 0.07838587
v -0.44968597 -0.53252079 0.05635136
v -0.44588596 -0.51478113 0.07104727
v -0.40327347 -0.69626701 -0.00763273
v -0.41404797 -0.68009594 -0.01761361
v -0.40609314 -0.69752743 -0.02443871
v -0.41130299 -0.68819083 -0.03411148
v -0.40677470 -0.69796631 -0.03511051
v -0.41067744 -0.68973138 -0.04281325
v -0.40227445 -0.70810588 -0.04500736
v -0.40617717 -0.69686457 -0.06055289
v -0.39690587 -0.71454816 -0.06083299
v -0.39442231 -0.70681743 -0.07427777
v -0.38446010 -0.72484655 -0.07771366
v -0.38793334 -0.70858205 -0.08343703
v -0.38160310 -0.70637863 -0.09246558
v -0.38745718 -0.69329797 -0.09427689
v -0.39968818 -0.68594066 -0.08294219
v -0.41233002 -0.66478383 -0.07909549
v -0.41444012 -0.65005056 -0.08602329
v -0.42492517 -0.65301966 -0.06469837
v -0.42583082 -0.63662445 -0.07570628
v -0.43257190 -0.63961220 -0.05709833
v -0.43285199 -0.61919295 -0.07360554
v -0.43957438 -0.61982785 -0.05670619
v -0.44914445 -0.59962328 -0.04909681
v -0.45628699 0.10055111 0.05003979
v -0.45772484 0.09303510 0.05160834
v -0.45901329 0.08682622 0.05234594
v -0.45172137 0.10351085 0.06075826
v -0.41933252 -0.47500696 0.10126068
v -0.40638257 -0.48341933 0.10395897
v -0.40792312 -0.47232735 0.10592901
v -0.39482380 -0.48023546 0.10801108
v -0.39447833 -0.47096420 0.10998112
v -0.38104289 -0.47299021 0.11279144
v -0.38973531 -0.46240249 0.11306222
v -0.38261146 -0.44869629 0.11737575
v -0.39704591 -0.46140344 0.11139095
v -0.40262924 -0.45067564 0.11209120
v -0.40753098 -0.45749140 0.10936490
v -0.41208726 -0.44639945 0.11045728
v -0.41731579 -0.45676315 0.10678797
v -0.42919203 -0.44220728 0.10482729
v -0.43207705 -0.46777104 0.09820760
v -0.43870607 -0.44720239 0.09918795
v -0.44255277 -0.45760345 0.09436089
v -0.44891104 -0.47084282 0.08450139
v -0.40329215 -0.56979270 -0.13096994
v -0.40158353 -0.58371361 -0.12769278
v -0.41389858 -0.57651505 -0.11865490
v -0.41047202 -0.60079041 -0.11242735
v -0.42126519 -0.58192103 -0.10837524
v -0.43105935 -0.57717798 -0.09823563
v -0.44160977 -0.57582414 -0.08324096
v -0.37276128 -0.57700992 0.09437957
v -0.37480599 -0.57283645 0.09496776
v -0.36488115 -0.56075482 0.10041105
v -0.37244382 -0.56510566 0.09745132
v -0.37260256 -0.55611450 0.09958941
v -0.38480556 -0.57037154 0.09264295
v -0.39015546 -0.55256656 0.09542527
v -0.39799826 -0.56950325 0.08815201
v -0.40531820 -0.55931692 0.08785324
v -0.41447745 -0.57289246 0.07861928
v -0.42567210 -0.55868210 0.07526743
v -0.42901462 -0.57337795 0.06529588
v -0.43623185 -0.55188497 0.06724725
v -0.44421470 -0.54612428 0.05818135
v -0.35671157 -0.26045996 -0.16969839
v -0.34724420 -0.27722857 -0.16904482
v -0.36926003 -0.27364330 -0.17007186
v -0.37085660 -0.29045861 -0.17013721
v -0.38744784 -0.27901192 -0.16970773
v -0.38779329 -0.29949651 -0.16971707
v -0.39550536 -0.29130828 -0.16861534
v -0.40189164 -0.29891764 -0.16668265
v -0.41101355 -0.31140076 -0.16221972
v -0.42349666 -0.28778837 -0.15456367
v -0.42254432 -0.30910392 -0.15481576
v -0.43237583 -0.29991668 -0.14659950
v -0.42967753 -0.32198852 -0.14771056
v -0.44343976 -0.31551821 -0.13481665
v -0.44385991 -0.32743179 -0.13358421
v -0.44134833 -0.34013901 -0.13523679
v -0.44950858 -0.16830718 -0.12716058
v -0.43837930 -0.15683240 -0.13850463
v -0.42895861 -0.16576758 -0.14858821
v -0.42209617 -0.05512824 0.13814981
v -0.44414935 -0.30350195 -0.13474195
v -0.43016303 -0.09769403 0.13519941
v -0.44798671 0.09304444 0.07542616
v -0.44716508 0.07233578 0.08608862
v -0.44170315 0.06316717 0.09769408
v -0.44686630 0.04243045 0.09723659
v -0.43485937 0.04870473 0.11175507
v -0.41600867 -0.67899419 -0.03592280
v -0.42259101 -0.66676318 -0.02787460
v -0.42055561 -0.67083397 -0.04238376
v -0.42733402 -0.65902312 -0.03702452
v -0.42805294 -0.65654890 -0.04726683
v -0.43488738 -0.64212373 -0.03955476
v -0.43992917 -0.62737182 -0.04559556
v -0.44775329 0.14874695 -0.02568982
v -0.44774395 0.15967082 -0.01644653
v -0.44302894 0.17249939 -0.02122691
v -0.43742696 0.18339526 -0.02713700
v -0.43291734 0.20007056 -0.02596992
v -0.42548537 0.21479443 -0.03195472
v -0.44070411 0.18966021 -0.00885583
v -0.40941699 -0.32716103 0.13083920
v -0.42195612 -0.32642345 0.12646964
v -0.40586906 -0.44245941 0.11301552
v -0.39480512 -0.44246871 0.11576984
v -0.40584103 -0.43662400 0.11413593
v -0.40228378 -0.42824899 0.11652610
v -0.42236693 -0.43219840 0.10951428
v -0.35988603 -0.57570282 -0.15685115
v -0.36153862 -0.56488159 -0.15807426
v -0.34962504 -0.56414401 -0.16037107
v -0.36544134 -0.55235181 -0.15914797
v -0.34997051 -0.54405149 -0.16263054
v -0.36675781 -0.54304317 -0.16042709
v -0.36156664 -0.52330551 -0.16419910
v -0.37210771 -0.53358512 -0.16019367
v -0.37190231 -0.51919736 -0.16249983
v -0.38655151 -0.52507943 -0.15485311
v -0.37892347 -0.51244693 -0.16072586
v -0.39380610 -0.51346463 -0.15236955
v -0.37940898 -0.50368915 -0.16239712
v -0.40033242 -0.50234470 -0.14982999
v -0.39415155 -0.48678049 -0.15701921
v -0.41012656 -0.48655643 -0.14460146
v -0.40524351 -0.46778040 -0.15189338
v -0.41491627 -0.46780840 -0.14368646
v -0.40810051 -0.45445698 -0.15144523
v -0.42579349 -0.46371894 -0.13403236
v -0.41947256 -0.44062007 -0.14323831
v -0.43101266 -0.44922844 -0.13071785
v -0.44329970 -0.44827612 -0.11630206
v -0.43885546 -0.50319436 -0.11304357
v -0.43561564 -0.48472642 -0.11975662
v -0.43780042 -0.46290664 -0.12108242
v -0.42619495 -0.63692322 0.01853791
v -0.43259057 -0.63107850 0.00823958
v -0.43187163 -0.62064947 0.02464408
v -0.43895817 -0.61815660 0.00781010
v -0.43688542 -0.60797027 0.02630602
v -0.44325302 0.11792663 0.07252245
v -0.43878076 0.10797381 0.08586454
v -0.43905152 0.08930983 0.09279234
v -0.43209571 0.07694805 0.10689069
v -0.44007856 -0.62604606 -0.00587744
v -0.43991983 -0.62814681 -0.01278656
v -0.42865983 0.19804448 0.05501622
v -0.42624163 0.20804403 0.05298084
v -0.43110604 0.20042530 0.04367218
v -0.43165689 0.20746519 0.03300972
v -0.43596110 0.19127542 0.03520384
v -0.44106824 0.17257411 0.03578272
v -0.44475622 0.15991358 0.03562399
v -0.41778262 -0.54811297 0.08452940
v -0.40740027 -0.46412041 0.10798307
v -0.43251587 0.18904397 0.05141228
v -0.43729623 0.17803605 0.04492330
v -0.43274927 0.18177072 0.05646341
v -0.43607313 0.17440409 0.05228059
v -0.43884612 0.16640256 0.05019852
v -0.44078814 0.15742071 0.05254201
v -0.41289956 -0.24780880 -0.16155683
v -0.41343173 -0.13277188 0.14173507
v -0.43233847 -0.64788449 -0.02669818
v -0.42982691 -0.65372921 -0.03193604
v -0.36743937 -0.49600510 0.11136293
v -0.38258343 -0.49068321 0.10889806
v -0.36358335 -0.47710769 0.11552709
v -0.37131409 -0.46099264 0.11738508
v -0.36812096 -0.44186184 0.12152123
v -0.38646748 -0.43159153 0.11961654
v -0.36628163 -0.42415021 0.12465833
v -0.38235935 -0.41678358 0.12282835
v -0.35871895 -0.40983711 0.12805687
v -0.38017457 -0.40258252 0.12543327
v -0.36180003 -0.39329256 0.12982149
v -0.36829835 -0.37776569 0.13131536
v -0.38080014 -0.36839171 0.13107263
v -0.36079168 -0.35581523 0.13590900
v -0.37465662 -0.34595572 0.13561025
v -0.36155730 -0.32992466 0.13982108
v -0.37532885 -0.32889766 0.13818714
v -0.36868115 -0.30919727 0.14147365
v -0.37558095 -0.29554714 0.14208052
v -0.39134122 -0.29439869 0.13936359
v -0.39179873 -0.28244778 0.14050264
v -0.40548625 -0.29495890 0.13557288
v -0.40773639 -0.28524877 0.13585297
v -0.41373985 -0.28935692 0.13356550
v -0.41551382 -0.27540792 0.13411635
v -0.40067788 -0.63519596 0.05988064
v -0.40987449 -0.61954772 0.06069291
v -0.41289022 -0.60814766 0.06444625
v -0.41816543 -0.59246206 0.06738730
v -0.41373051 -0.50473492 -0.13879406
v -0.42414088 -0.50142974 -0.12955077
v -0.42410354 -0.48183201 -0.13272524
v -0.19815649 -0.05952581 0.12328585
v -0.21084500 -0.06453961 0.13326671
v -0.20163908 -0.06873175 0.12460232
v -0.20745579 -0.08389448 0.12655368
v -0.20019187 -0.07955297 0.12101704
v -0.19446851 -0.08769448 0.11392118
v -0.19243313 -0.07084181 0.11566714
v -0.18281635 -0.07412836 0.10405234
v -0.18012741 -0.05819069 0.10507003
v -0.17311559 -0.07007620 0.09321249
v -0.17061335 -0.04695866 0.09603214
v -0.16433911 -0.06629487 0.08157902
v -0.15829830 -0.04994639 0.07735883
v -0.15430220 -0.05642603 0.06753669
v -0.14979262 -0.04536212 0.06234549
v -0.14907370 -0.05339165 0.05706095
v -0.14596459 -0.04011488 0.05566045
v -0.14549776 -0.05615527 0.04457784
v -0.14061467 -0.04432575 0.03356059
v -0.14311691 -0.05890024 0.02637137
v -0.14094145 -0.04863926 0.01382291
v -0.14256603 -0.05534300 0.00227346
v -0.13700141 -0.02860284 0.01110594
v -0.14003579 -0.03658564 -0.00543862
v -0.13418172 -0.01313195 0.00424349
v -0.13978374 -0.02610056 -0.01640919
v -0.13751493 -0.01147001 -0.01929421
v -0.14262205 -0.02446669 -0.03187069
v -0.13956897 -0.00538258 -0.03423286
v -0.14466679 -0.01571821 -0.04626781
v -0.14138961 0.00154526 -0.04700540
v -0.14855085 -0.01245039 -0.06194405
v -0.14217389 0.01175958 -0.05596859
v -0.14645945 0.01128338 -0.06894654
v -0.14421863 0.02812672 -0.07323206
v -0.15177197 0.00077031 -0.07761096
v -0.15244423 0.01846324 -0.08868423
v -0.15700984 -0.00186260 -0.08937514
v -0.16142607 0.01132071 -0.10057913
v -0.16419907 0.00227354 -0.10163417
v -0.17384384 0.01801512 -0.11201653
v -0.18036081 -0.00205871 -0.11365045
v -0.19372156 0.00978015 -0.12266032
v -0.19824984 -0.00528919 -0.12342593
v -0.20922044 0.00448626 -0.12968149
v -0.22038707 -0.00689507 -0.13398569
v -0.22400035 0.01116200 -0.13719749
v -0.23644611 0.00240419 -0.14159506
v -0.24287906 0.02440137 -0.14561916
v -0.25039507 0.00877185 -0.14726241
v -0.25888209 0.02257140 -0.15084768
v -0.26246736 0.00343122 -0.15094105
v -0.28049646 0.01689469 -0.15662707
v -0.27861044 -0.00485033 -0.15520790
v -0.29325032 0.00630697 -0.15910128
v -0.29544442 -0.01473790 -0.15876516
v -0.30982288 -0.00191866 -0.16171554
v -0.30865580 -0.02689417 -0.16099662
v -0.32576989 -0.02297279 -0.16344284
v -0.31991581 -0.03804214 -0.16252783
v -0.33291244 -0.03801414 -0.16398435
v -0.32818809 -0.05635138 -0.16357355
v -0.34936362 -0.04806042 -0.16500205
v -0.35434005 -0.06830228 -0.16545021
v -0.36794355 -0.05988062 -0.16504873
v -0.37627185 -0.08162564 -0.16535684
v -0.38430138 -0.06409142 -0.16363890
v -0.39274173 -0.07358678 -0.16207967
v -0.40125675 -0.06359656 -0.15751405
v -0.41215262 -0.05619260 -0.14915775
v -0.42314186 -0.04861127 -0.13699209
v -0.43469132 -0.05415726 -0.12506917
v -0.35574989 0.31586376 0.10899143
v -0.35834548 0.32575126 0.09989753
v -0.36761678 0.31617184 0.09167194
v -0.36829835 0.33199747 0.08002913
v -0.37339617 0.31602247 0.08220457
v -0.37887678 0.31934634 0.06931999
v -0.38554316 0.29788134 0.07269051
v -0.38908175 0.30317523 0.06009537
v -0.39769014 0.28545424 0.05662213
v -0.39893192 0.29724644 0.03835963
v -0.40214374 0.28779773 0.04047906
v -0.40388035 0.29228869 0.02648341
v -0.40889413 0.27850781 0.02762248
v -0.41334772 0.27507188 0.00958407
v -0.41553248 0.26516572 0.01791236
v -0.42327258 0.24797691 0.00253488
v -0.41958459 0.25120740 0.02160968
v -0.42659642 0.23613805 0.01128333
v -0.42035021 0.24328992 0.03108638
v -0.42912666 0.22598912 0.01670794
v -0.42640035 0.22381367 0.03406477
v -0.33743137 0.25660401 -0.13666531
v -0.35268746 0.25040446 -0.12248293
v -0.36146392 0.23365451 -0.11892566
v -0.36936274 0.23099353 -0.11013987
v -0.37968908 0.22586774 -0.09880516
v -0.37089395 0.21035020 -0.11662884
v -0.38495494 0.20704506 -0.10017766
v -0.38411465 0.19032310 -0.10812315
v -0.39455302 0.19206903 -0.09364199
v -0.39564541 0.17598197 -0.09922532
v -0.40617717 0.18181738 -0.08218592
v -0.40451525 0.16765369 -0.09070096
v -0.41346909 0.16503944 -0.07906747
v -0.42144260 0.16411512 -0.06711656
v -0.42331927 -0.02697823 -0.13237978
v -0.41888435 -0.01057376 -0.13250116
v -0.41830548 0.00434621 -0.12936404
v -0.40931428 -0.00716583 -0.14143634
v -0.40113536 0.00149853 -0.14705700
v -0.40361892 -0.01845384 -0.14885897
v -0.38758788 -0.01189022 -0.15785951
v -0.39708325 -0.02863083 -0.15515188
v -0.38291022 -0.02742642 -0.16120204
v -0.38794268 -0.03723920 -0.16043642
v -0.38371316 -0.03676301 -0.16168754
v -0.38208860 -0.04735080 -0.16296666
v -0.37450724 -0.03441958 -0.16334013
v -0.36642168 -0.04327071 -0.16447919
v -0.36030618 -0.02269270 -0.16446986
v -0.34769235 -0.03094633 -0.16476863
v -0.34771103 -0.00626017 -0.16469394
v -0.32928048 -0.00642828 -0.16396568
v -0.32455611 0.00950006 -0.16371360
v -0.30950545 0.01850064 -0.16236911
v -0.33220285 0.02240336 -0.16428313
v -0.32616203 0.03628696 -0.16398435
v -0.34726287 0.03694985 -0.16372293
v -0.33632963 0.04846196 -0.16395634
v -0.35039066 0.05806938 -0.16268656
v -0.33555471 0.07016033 -0.16349885
v -0.34991448 0.07410970 -0.16188361
v -0.35264078 0.08877765 -0.16068852
v -0.35607667 0.08225128 -0.16010965
v -0.35901772 0.07479133 -0.15976418
v -0.36242560 0.06385806 -0.15968949
v -0.37821388 0.05504425 -0.15404082
v -0.36099708 0.05324227 -0.16093126
v -0.36611358 0.04482067 -0.16015633
v -0.36531997 0.03382208 -0.16135141
v -0.35484423 0.02265545 -0.16379763
v -0.36858778 0.02302892 -0.16133275
v -0.36562806 0.01219837 -0.16297600
v -0.38108024 0.02209520 -0.15666442
v -0.39014612 0.01044312 -0.15347128
v -0.39877320 0.02760387 -0.14351841
v -0.41104155 0.01936890 -0.13373360
v -0.40686807 0.03941473 -0.13321074
v -0.41906175 0.03070364 -0.12159594
v -0.41713840 0.04571700 -0.11986866
v -0.39794224 -0.01972364 0.14639407
v -0.39107978 -0.01788433 0.14890564
v -0.37602911 -0.02002239 0.15337790
v -0.38515101 -0.02976059 0.15113709
v -0.36757943 -0.03920929 0.15486243
v -0.40799782 -0.54305250 0.09052352
v -0.40841797 -0.43632522 -0.15346194
v -0.41554182 -0.40982778 -0.15140788
v -0.40092996 -0.41289023 -0.16127673
v -0.40459927 -0.39513187 -0.16076322
v -0.39088372 -0.40885673 -0.16594505
v -0.39070633 -0.40072452 -0.16633720
v -0.37882076 -0.39400215 -0.16877406
v -0.39337662 -0.38996872 -0.16618781
v -0.38943654 -0.38294753 -0.16769101
v -0.39441297 -0.37471260 -0.16665464
v -0.38106156 -0.36741132 -0.16921289
v -0.39421691 -0.36427422 -0.16705612
v -0.39104244 -0.35518033 -0.16831656
v -0.39627098 -0.34603041 -0.16722417
v -0.41030397 -0.05421325 0.14294885
v -0.40641059 -0.05065601 0.14427464
v -0.42114382 -0.66848113 -0.05154302
v -0.41608336 -0.67884484 -0.04428844
v -0.42260035 0.21946275 0.05344767
v -0.41992072 0.22974246 0.05059999
v -0.42023816 0.22514879 0.05418527
v -0.41269416 0.23579257 0.06340988
v -0.41491627 0.21940676 0.07022565
v -0.40856735 0.23464415 0.07228904
v -0.39857713 0.23610072 0.08841345
v -0.38889502 0.23460682 0.10344545
v -0.39078103 0.25014303 0.09255891
v -0.37953968 0.25065655 0.10890741
v -0.37945565 0.26660356 0.10112997
v -0.36707525 0.26072149 0.12073695
v -0.36409687 0.27207482 0.11962588
v -0.35637544 0.25768704 0.13470459
v -0.35200590 0.27550135 0.13314537
v -0.36116515 -0.09591078 0.15369535
v -0.37883010 -0.10309997 0.15035281
v -0.36331258 -0.11569511 0.15237886
v -0.38474020 -0.12282832 0.14866288
v -0.36586148 -0.13081119 0.15162258
v -0.37520748 -0.14338766 0.15006339
v -0.35865360 -0.14960588 0.15268697
v -0.37944631 -0.16059507 0.14951251
v -0.36510523 -0.17034260 0.15136119
v -0.38907241 -0.17911907 0.14715968
v -0.37573968 -0.19156477 0.14919506
v -0.39110780 -0.20292750 0.14570315
v -0.39105179 -0.22001360 0.14482552
v -0.40100465 -0.22738023 0.14202453
v -0.40816587 -0.23566182 0.13969033
v -0.41463618 -0.24197339 0.13718813
v -0.41683962 -0.23329029 0.13713210
v -0.40917422 0.19572898 -0.07088857
v -0.41701702 0.17906309 -0.06680845
v -0.37422712 0.00457031 -0.16118336
v -0.37802715 -0.00863173 -0.16097796
v -0.36612292 0.00124651 -0.16309737
v -0.36585215 -0.00919191 -0.16362956
v -0.29947787 0.50594873 -0.01117132
v -0.30551869 0.50386659 0.01301995
v -0.29533239 0.51928142 0.00611083
v -0.29973929 0.51206423 0.01344944
v -0.29600463 0.51648039 0.02145095
v -0.29902970 0.51108392 0.02072268
v -0.29848817 0.50845086 0.03030210
v -0.30374473 0.50365189 0.02173106
v -0.30718995 0.49804984 0.02158167
v -0.30869314 0.49741502 0.01555952
v -0.31332412 0.49060856 0.01267449
v -0.30912264 0.49419386 -0.00247889
v -0.30253097 0.49324147 -0.02460677
v -0.28686405 0.50515505 -0.04238376
v -0.29863757 0.48824647 -0.03905058
v -0.29400658 0.48608027 -0.05010518
v -0.30584548 0.47385868 -0.04265452
v -0.30099974 0.46900358 -0.05581920
v -0.31445386 0.45822902 -0.04381226
v -0.31147547 0.45074114 -0.05606196
v -0.32419199 0.44027473 -0.04504470
v -0.31306270 0.43456996 -0.06760206
v -0.32357579 0.42457982 -0.05954453
v -0.31486468 0.41673692 -0.07860064
v -0.32877630 0.40946374 -0.06383939
v -0.31876740 0.39904406 -0.08541640
v -0.33141856 0.39560806 -0.07039372
v -0.33041020 0.38109889 -0.08178444
v -0.34449922 0.38069742 -0.06134650
v -0.34234245 0.36975489 -0.07224238
v -0.35546045 0.37548758 -0.04708944
v -0.35966195 0.35939120 -0.05177644
v -0.36489049 0.36771948 -0.03632428
v -0.36827035 0.35205263 -0.04254248
v -0.37202368 0.36105314 -0.02807066
v -0.37657063 0.34264125 -0.03453163
v -0.38350776 0.33809430 -0.02333698
v -0.38668223 0.32133503 -0.03223481
v -0.39114515 0.32432275 -0.01701607
v -0.39381544 0.31212908 -0.02427998
v -0.39982825 0.30519198 -0.01379492
v -0.40068722 0.28912359 -0.03023677
v -0.40642925 0.28751765 -0.01527012
v -0.40799782 0.27149599 -0.02788394
v -0.41304894 0.27094507 -0.01382293
v -0.41494429 0.25213171 -0.02745445
v -0.42020082 0.25080593 -0.01454185
v -0.40599976 -0.59046406 0.07729348
v -0.41585927 0.16966104 0.09478104
v -0.40579436 0.15726200 0.11341701
v -0.41242338 0.14593659 0.10879536
v -0.40070587 0.14153902 0.12582541
v -0.41100422 0.12944807 0.11677819
v -0.40265724 0.12139055 0.12974681
v -0.39714863 0.10788975 0.13786972
v -0.39457169 0.08701299 0.14171641
v -0.39338595 0.06964681 0.14348103
v -0.39850244 0.05263544 0.14265939
v -0.39900662 0.03993758 0.14354639
v -0.39018347 0.04304669 0.14674888
v -0.39615893 0.03053553 0.14532038
v -0.39134122 0.03342061 0.14689826
v -0.38871761 0.02924714 0.14806534
v -0.38100554 0.03835036 0.15045553
v -0.37886744 0.02911636 0.15137052
v -0.36065163 0.03117043 0.15602018
v -0.37475931 0.01607309 0.15243488
v -0.35718773 0.01142343 0.15700053
v -0.37535687 -0.00028472 0.15313514
v -0.35094150 -0.00424349 0.15838234
v -0.36560006 -0.01483121 0.15546930
v -0.35020392 -0.02609123 0.15841967
v -0.34847664 -0.04275720 0.15822360
v -0.42084505 0.23325304 0.04325203
v -0.41600867 0.24122651 0.05105748
v -0.41158308 0.25167426 0.05326093
v -0.40344153 0.25946102 0.06565067
v -0.40590639 0.26688365 0.05359706
v -0.40191032 0.28082331 0.04975036
v -0.40693343 0.27384881 0.04266383
v -0.41355312 0.26178586 0.03375667
v -0.37784974 0.03778079 -0.15639365
v -0.39275105 0.04391502 -0.14562849
v -0.38914710 0.02100284 0.14814003
v -0.39473976 0.02202055 0.14613265
v -0.41014525 -0.68523111 -0.06284037
v -0.41630744 -0.67142219 -0.06472638
v -0.39826902 -0.60190142 -0.12421954
v -0.40627986 -0.61723224 -0.11085879
v -0.38678494 -0.05727570 -0.16250916
v -0.38776527 -0.04937688 -0.16161285
v -0.40205970 -0.04177682 -0.15426490
v -0.41476689 -0.03447557 -0.14251005
v -0.31381896 0.48456771 -0.01009760
v -0.31333347 0.47708910 -0.02397187
v -0.32274482 0.47142180 -0.00657769
v -0.32862690 0.45605356 -0.01776301
v -0.33361268 0.45498920 0.00077026
v -0.33718863 0.44322506 -0.01257183
v -0.34269724 0.43795923 0.00713785
v -0.34599309 0.42979892 -0.00401010
v -0.35203390 0.41895910 0.00957473
v -0.35535774 0.41047212 -0.00725927
v -0.35975532 0.40221849 0.01115262
v -0.36227622 0.39659777 -0.00605484
v -0.36898927 0.38411461 -0.00058356
v -0.36256565 0.38444143 -0.02554043
v -0.37263989 0.37123013 -0.01258116
v -0.37989448 0.35190325 -0.01646521
v -0.38881099 0.33588152 -0.00761406
v -0.39963217 0.31223180 -0.00018207
v -0.40641059 0.29573388 0.00460762
v -0.41134033 0.28184094 -0.00134915
v -0.41798803 0.26265411 -0.00334720
v -0.36676715 0.16721483 0.14644076
v -0.37516080 0.17159373 0.14125892
v -0.38485225 0.16812048 0.13452718
v -0.38937118 0.18536529 0.12379002
v -0.39979089 0.17064142 0.11583519
v -0.40402972 0.18319923 0.10563957
v -0.21638164 -0.56243540 0.07272785
v -0.22817384 -0.56945657 0.08057064
v -0.21819295 -0.57911999 0.07164481
v -0.23253405 -0.58247184 0.08159768
v -0.21733397 -0.58983848 0.06931999
v -0.23433603 -0.59513239 0.08065468
v -0.22379495 -0.60773688 0.07100992
v -0.24392478 -0.60937079 0.08351169
v -0.23016254 -0.62023863 0.07240107
v -0.25294398 -0.62699839 0.08421195
v -0.24182403 -0.63701657 0.07500601
v -0.25648257 -0.64578374 0.08015984
v -0.25096460 -0.66049829 0.07354949
v -0.26881629 -0.66291645 0.07954362
v -0.26252338 -0.68075880 0.07324137
v -0.27789152 -0.67654798 0.07762961
v -0.27683649 -0.69448368 0.07241042
v -0.29403460 -0.67885415 0.07698538
v -0.29319429 -0.69988967 0.07067379
v -0.30644301 -0.68945125 0.07199027
v -0.31109268 -0.70106606 0.06704183
v -0.31638656 -0.69711666 0.06715387
v -0.31194229 -0.70672408 0.06428752
v -0.31717083 -0.70887150 0.06224279
v -0.31823521 -0.71675165 0.05917103
v -0.32347307 -0.70399774 0.06200005
v -0.33072765 -0.71570591 0.05580985
v -0.34186629 -0.69889992 0.05820937
v -0.35337838 -0.70595846 0.05042260
v -0.36115581 -0.69686457 0.05188845
v -0.38043601 -0.68353182 0.04668792
v -0.39933339 -0.67677204 0.03006869
v -0.39562675 -0.30804889 -0.16850330
v -0.39754076 -0.31582636 -0.16772835
v -0.39882921 -0.32224994 -0.16717749
v -0.33688984 -0.41078946 0.13099791
v -0.34450855 -0.38580455 0.13337876
v -0.33230555 -0.39246159 0.13392031
v -0.34614248 -0.37262120 0.13514338
v -0.31791776 -0.37167818 0.13761763
v -0.32988737 -0.35951254 0.13883137
v -0.31624650 -0.34574099 0.14105348
v -0.33416354 -0.34507806 0.14049331
v -0.33388344 -0.33169865 0.14219257
v -0.34832725 -0.33892520 0.14005447
v -0.34614248 -0.31919686 0.14260337
v -0.35592728 -0.30908526 0.14297684
v -0.36052092 -0.29104685 0.14432133
v -0.36334993 -0.27586545 0.14583386
v -0.38658887 -0.26703299 0.14290216
v -0.40398305 -0.27269099 0.13816847
v -0.40621451 0.25452194 -0.04356018
v -0.39884788 0.25522216 -0.05557645
v -0.40307740 0.26547380 -0.04223437
v -0.39384343 0.27274705 -0.05327964
v -0.39682183 0.28059921 -0.04361620
v -0.38349842 0.29609802 -0.05589390
v -0.39210682 0.29928185 -0.03899455
v -0.38305026 0.31041116 -0.04676265
v -0.37974509 0.32339843 -0.04335477
v -0.37234113 0.33678718 -0.04675332
v -0.36036219 0.34403243 -0.06172931
v -0.34935427 0.35294896 -0.07311069
v -0.33970951 0.35535777 -0.08496824
v -0.32867358 0.36420897 -0.09426755
v -0.33928003 0.34169827 -0.09376337
v -0.32832813 0.34477938 -0.10590102
v -0.33495715 0.33072767 -0.10521945
v -0.32671289 0.32611540 -0.11749715
v -0.34209970 0.31933694 -0.10255850
v -0.34131543 0.30648978 -0.10998114
v -0.35530173 0.30016885 -0.09548132
v -0.35025994 0.28911419 -0.10737621
v -0.36453567 0.27723801 -0.09477173
v -0.39857713 0.20365579 -0.08303555
v -0.40602778 -0.42044356 0.11661949
v -0.39952014 -0.41554181 0.11916838
v -0.41068676 0.26285022 0.04371888
v -0.41556050 0.24735134 0.04532477
v -0.41117228 0.25677205 0.04875133
v -0.40402041 -0.20270340 0.14254738
v -0.41324501 -0.20544844 0.13977439
v -0.41015459 -0.21307643 0.14024121
v -0.41270349 -0.21850104 0.13907413
v -0.41292755 -0.22649324 0.13864467
v -0.39618695 -0.45536263 -0.15985755
v -0.39093041 -0.47069344 -0.16111801
v -0.38036132 -0.47973135 -0.16455389
v -0.37645860 -0.48935742 -0.16479665
v -0.36544134 -0.48723802 -0.16684138
v -0.37218241 -0.49388570 -0.16553425
v -0.36073566 -0.49766704 -0.16659862
v -0.39780219 -0.61238651 0.07276521
v -0.30714327 -0.80284490 -0.10678801
v -0.29125227 -0.80639285 -0.11217526
v -0.30412751 -0.80016532 -0.11091481
v -0.29916975 -0.79751370 -0.11530303
v -0.31053247 -0.79454466 -0.10980375
v -0.30264300 -0.79188371 -0.11645145
v -0.31045778 -0.78743944 -0.11444406
v -0.30339926 -0.78320998 -0.12024213
v -0.31333347 -0.77954996 -0.11627405
v -0.30386611 -0.77166049 -0.12429424
v -0.31378162 -0.76471402 -0.12274435
v -0.30848774 -0.74726381 -0.13153015
v -0.32036396 -0.75308989 -0.12463035
v -0.31922489 -0.74534984 -0.12832767
v -0.32649814 -0.74442548 -0.12528392
v -0.32575122 -0.73757236 -0.12844905
v -0.33383676 -0.73585442 -0.12482642
v -0.33497583 -0.72948685 -0.12624560
v -0.34021370 -0.73159692 -0.12197875
v -0.33987757 -0.72494923 -0.12410750
v -0.34733756 -0.72534136 -0.11821608
v -0.34541421 -0.71618207 -0.12342593
v -0.35015723 -0.70690146 -0.12300578
v -0.36084769 -0.69139325 -0.11995269
v -0.34621717 -0.69322326 -0.12986822
v -0.35910175 -0.68043207 -0.12723528
v -0.33910263 -0.67919961 -0.13841126
v -0.35640345 -0.66596961 -0.13378961
v -0.34112869 -0.66666052 -0.14085746
v -0.34756164 -0.65571789 -0.14144567
v -0.33982155 -0.65366389 -0.14494692
v -0.34863535 -0.64657731 -0.14397590
v -0.34110068 -0.63467313 -0.14992335
v -0.35160441 -0.63969623 -0.14505895
v -0.35198722 -0.62852024 -0.14830812
v -0.36142657 -0.63497190 -0.14166041
v -0.37070721 -0.61820327 -0.14148301
v -0.37525416 -0.63647509 -0.13196896
v -0.38730779 -0.62139638 -0.12743135
v -0.39240560 -0.63196551 -0.11901903
v -0.39534664 -0.14699156 -0.16563694
v -0.39463705 -0.13960633 -0.16548755
v -0.39531863 -0.12764602 -0.16469394
v -0.39420757 -0.11546168 -0.16431115
v -0.39599088 -0.49519279 0.10426707
v -0.38818542 -0.50667691 0.10481794
v -0.38391857 -0.51373539 0.10481794
v -0.36054894 0.14952190 0.15049285
v -0.35813073 0.13159553 0.15269631
v -0.36938140 0.13915820 0.14807467
v -0.37450724 0.13064315 0.14714098
v -0.38150972 0.13763631 0.14304220
v -0.39170535 0.13274395 0.13734687
v -0.38770926 0.14957788 0.13699206
v -0.39345131 0.15979220 0.12796352
v -0.36299514 0.18409556 -0.13584367
v -0.37518880 0.17567389 -0.12521856
v -0.37883010 0.16113673 -0.12615223
v -0.38858691 0.16855935 -0.11143766
v -0.39215351 0.14904570 -0.11435070
v -0.39970686 0.15583350 -0.10214769
v -0.37280796 0.19075257 -0.12243624
v -0.36013811 0.20413198 -0.13207167
v -0.34769235 0.20907107 -0.14301423
v -0.33959746 0.22376701 -0.14613267
v -0.32504164 0.21984556 -0.15702854
v -0.39885722 0.31075657 0.01632513
v -0.39573878 0.31236251 0.02793993
v -0.38954859 0.33037293 0.02317823
v -0.39276972 0.31414583 0.03654833
v -0.38808273 0.32347309 0.03979748
v -0.39006211 0.31667603 0.04201026
v -0.38504832 0.33023281 0.04083385
v -0.38640213 0.31641460 0.05395184
v -0.38083748 0.33052231 0.05350370
v -0.37363893 0.33953214 0.06286834
v -0.36464772 0.34351891 0.07774164
v -0.35079213 0.34897152 0.09641495
v -0.35605801 0.35730913 0.08213921
v -0.34659064 0.36850375 0.08963654
v -0.35219262 0.37100603 0.07770430
v -0.34307072 0.38394665 0.08381048
v -0.35490026 0.37982924 0.06454895
v -0.34634788 0.40118205 0.06075826
v -0.35587125 0.38835355 0.05117886
v -0.35315430 0.40145288 0.04056308
v -0.35713172 0.39277911 0.04070314
v -0.35798135 0.39563613 0.03314043
v -0.36299514 0.38425480 0.03545594
v -0.36484378 0.38869903 0.01957428
v -0.36830769 0.37582380 0.03080627
v -0.37104334 0.37572108 0.01907010
v -0.37334949 0.36277106 0.03359795
v -0.37828857 0.36072639 0.01529809
v -0.38031463 0.34870076 0.03075960
v -0.38441343 0.34499408 0.01871530
v -0.39132254 0.33234295 0.00561598
v -0.40011768 0.24891056 0.07819913
v -0.39377809 0.26151510 0.08136427
v -0.19690539 -0.42950946 -0.11764653
v -0.19658794 -0.41849221 -0.11613400
v -0.19072450 -0.42654973 -0.10734820
v -0.18923997 -0.41337568 -0.10234376
v -0.18504784 -0.43205836 -0.09409015
v -0.18182668 -0.41669956 -0.08076675
v -0.18016474 -0.44141368 -0.08003849
v -0.17684090 -0.42363669 -0.06377404
v -0.17520699 -0.44261812 -0.06006738
v -0.17414263 -0.42932273 -0.05158037
v -0.17210722 -0.43484065 -0.03944271
v -0.17173374 -0.41814673 -0.03127314
v -0.17059469 -0.43829524 -0.02660481
v -0.16990377 -0.42823963 -0.01306667
v -0.16929690 -0.45070364 -0.01623178
v -0.16933422 -0.43572768 -0.00147987
v -0.16906346 -0.45471840 0.00179730
v -0.17014653 -0.43960236 0.01047104
v -0.17250869 -0.45084372 0.02258069
v -0.17432933 -0.43757632 0.02779053
v -0.17661684 -0.44007856 0.03294437
v -0.17569248 -0.43176890 0.03173994
v -0.18199475 -0.43502742 0.04486728
v -0.17676621 -0.42460770 0.03438222
v -0.18174266 -0.41728776 0.04485795
v -0.17600060 -0.41815606 0.03261758
v -0.17629006 -0.41134967 0.03409278
v -0.17191115 -0.40429116 0.01991040
v -0.17472147 -0.39362868 0.03042348
v -0.17081875 -0.39009007 0.01207695
v -0.17389054 -0.36967084 0.02970455
v -0.17124825 -0.37422711 0.01559686
v -0.17092147 -0.36136118 0.01473790
v -0.17023988 -0.38246201 -0.00028479
v -0.17011850 -0.35291152 0.00010737
v -0.17087478 -0.37693475 -0.01118066
v -0.17122959 -0.35588059 -0.01575562
v -0.17218190 -0.37876473 -0.02639940
v -0.17300354 -0.36524524 -0.03202007
v -0.17386250 -0.38760653 -0.04081521
v -0.17577654 -0.36839171 -0.04930222
v -0.17891364 -0.37933427 -0.06397011
v -0.18024879 -0.36154792 -0.06706054
v -0.18657902 -0.36686981 -0.08790929
v -0.18523457 -0.35038129 -0.08240066
v -0.19050044 -0.34719749 -0.09772211
v -0.18568274 -0.33519989 -0.08311958
v -0.19508471 -0.33595614 -0.10756295
v -0.18880117 -0.32123227 -0.09194273
v -0.19881006 -0.32243668 -0.11292219
v -0.19064048 -0.30865576 -0.09761008
v -0.19811913 -0.31023368 -0.11128827
v -0.19883805 -0.29980463 -0.11204454
v -0.20488823 -0.29635941 -0.11907504
v -0.19774569 -0.29232598 -0.11077475
v -0.19840859 -0.28117801 -0.11179245
v -0.19531814 -0.27619224 -0.10762830
v -0.20220858 -0.26781723 -0.11609665
v -0.19666263 -0.26902171 -0.10964502
v -0.20304888 -0.25608109 -0.11687159
v -0.19532747 -0.26066536 -0.10801111
v -0.19622380 -0.24872378 -0.10978507
v -0.18615889 -0.24301909 -0.09075697
v -0.19481395 -0.23652078 -0.10828187
v -0.18732597 -0.22364556 -0.09578009
v -0.19494467 -0.22635320 -0.10856198
v -0.19303067 -0.21554130 -0.10661061
v -0.20139631 -0.21831433 -0.11531237
v -0.19224640 -0.20416931 -0.10652658
v -0.19915550 -0.19346013 -0.11407993
v -0.18890386 -0.19653192 -0.10237177
v -0.19126605 -0.18953876 -0.10602240
v -0.18752204 -0.18089299 -0.10079387
v -0.19151814 -0.18156522 -0.10669464
v -0.19623313 -0.16517941 -0.11241801
v -0.20361843 -0.17610328 -0.11792664
v -0.21613888 -0.16261182 -0.12585346
v -0.21384208 -0.18699916 -0.12435959
v -0.22923820 -0.17417059 -0.13265054
v -0.22822052 -0.19150878 -0.13228641
v -0.23923777 -0.16982908 -0.13749627
v -0.24427022 -0.18970680 -0.14008252
v -0.25179557 -0.17732642 -0.14341570
v -0.25769633 -0.20023853 -0.14633808
v -0.26186982 -0.17095876 -0.14748648
v -0.27706057 -0.19534610 -0.15388209
v -0.27538930 -0.16689734 -0.15247226
v -0.28771368 -0.18473031 -0.15696319
v -0.28525813 -0.17186449 -0.15577743
v -0.29880564 -0.17516030 -0.15972684
v -0.29057069 -0.15043681 -0.15694452
v -0.30879584 -0.16424576 -0.16172488
v -0.31167154 -0.15029677 -0.16203299
v -0.32833746 -0.16319999 -0.16515144
v -0.31917821 -0.13774829 -0.16316272
v -0.34042845 -0.14960588 -0.16629984
v -0.34166089 -0.13411633 -0.16608510
v -0.35351843 -0.11845881 -0.16680402
v -0.36002608 -0.10041100 -0.16661730
v -0.38865227 -0.07960896 -0.16355487
v -0.39917468 -0.28078584 -0.16754162
v -0.37703747 -0.25333609 -0.16984777
v -0.34820587 0.32965398 -0.08891765
v -0.35611402 0.31664804 -0.08513630
v -0.35942853 0.33242693 -0.07090724
v -0.36699123 0.31526619 -0.07017898
v -0.37263989 0.32130703 -0.05684623
v -0.37404039 0.30308185 -0.06675243
v -0.38238737 0.27824638 -0.06884384
v -0.38925915 0.26216866 -0.06731263
v -0.38481490 -0.35102552 0.13320136
v -0.39767146 -0.43207702 -0.16119270
v -0.38929649 -0.42276836 -0.16566496
v -0.38592596 -0.43422448 -0.16607576
v -0.38339573 -0.42726865 -0.16712148
v -0.37135144 -0.43014433 -0.16862467
v -0.38179916 -0.41551381 -0.16795243
v -0.36193075 -0.40810048 -0.16946497
v -0.36564674 -0.39245226 -0.16945563
v -0.36210815 -0.37743890 -0.16964237
v -0.34664665 -0.39545869 -0.16939027
v -0.33911198 -0.37839125 -0.16894213
v -0.32622738 -0.39053823 -0.16797111
v -0.30960815 -0.38468416 -0.16539420
v -0.31171821 -0.40213436 -0.16619713
v -0.29564051 -0.40693344 -0.16347084
v -0.30581746 -0.42130253 -0.16552491
v -0.28868469 -0.42264702 -0.16255585
v -0.30356732 -0.43907018 -0.16545021
v -0.28755497 -0.44509229 -0.16262121
v -0.30281106 -0.45437296 -0.16535684
v -0.29052402 -0.46484870 -0.16329345
v -0.31325877 -0.46857401 -0.16642122
v -0.30253097 -0.47936717 -0.16474063
v -0.31822588 -0.48648171 -0.16615980
v -0.30835703 -0.48990827 -0.16488068
v -0.31765634 -0.49295202 -0.16574899
v -0.30847841 -0.50933786 -0.16352685
v -0.31671334 -0.49914220 -0.16527281
v -0.32348242 -0.50683565 -0.16547821
v -0.33181072 -0.49301734 -0.16693473
v -0.34474197 -0.51056093 -0.16615046
v -0.34610512 -0.49296135 -0.16728020
v -0.35420933 -0.48653773 -0.16750427
v -0.35940985 -0.48376477 -0.16739224
v -0.35355577 -0.47859226 -0.16794309
v -0.36388212 -0.47996474 -0.16734556
v -0.36865316 -0.46967574 -0.16740157
v -0.37131409 -0.47690233 -0.16671999
v -0.37867138 -0.47272882 -0.16564628
v -0.38630875 -0.44226334 -0.16550623
v -0.37293867 -0.44756654 -0.16790575
v -0.38483357 -0.44837884 -0.16556225
v -0.38632743 -0.45212281 -0.16501139
v -0.36082904 -0.76982116 -0.07791907
v -0.36847575 -0.75532135 -0.07959033
v -0.36923202 -0.76564770 -0.06741534
v -0.37708415 -0.75567612 -0.06246690
v -0.37041777 -0.77008258 -0.05031058
v -0.37514212 -0.76228653 -0.04930222
v -0.37456325 -0.76270663 -0.03380337
v -0.37864336 -0.75655381 -0.04797641
v -0.38327434 -0.74606871 -0.02949917
v -0.38361981 -0.74784271 -0.04523144
v -0.38514169 -0.74373457 -0.03914394
v -0.39049159 -0.73241854 -0.04948896
v -0.38875497 -0.73507948 -0.03474637
v -0.39225621 -0.72711530 -0.03565203
v -0.39153728 -0.72634035 -0.02554043
v -0.39693388 -0.71797472 -0.03799554
v -0.39862380 -0.71266215 -0.02427065
v -0.40320811 -0.70564104 -0.03694049
v -0.39517859 -0.72176544 -0.04401767
v -0.39586016 -0.48512789 0.10669461
v -0.35399460 -0.61668136 -0.15045554
v -0.36210815 -0.74113895 0.02740774
v -0.37495538 -0.73139151 0.01869664
v -0.38515101 -0.72166270 0.00921994
v -0.38956724 -0.72537871 -0.01195561
v -0.36095974 -0.64909823 -0.13758963
v -0.37489937 -0.65308498 -0.12636697
v -0.25583834 -0.06892785 0.16052043
v -0.27084235 -0.08070132 0.16190225
v -0.25274792 -0.07891807 0.15785949
v -0.26750916 -0.09609748 0.16093124
v -0.24758473 -0.09847830 0.15229484
v -0.26498826 -0.10822583 0.15936268
v -0.25088058 -0.11604059 0.15160391
v -0.26796666 -0.12477967 0.15854105
v -0.24959211 -0.13516203 0.14841078
v -0.27286840 -0.14151096 0.15801820
v -0.26356910 -0.15569338 0.15343389
v -0.27857309 -0.15802755 0.15701919
v -0.26788264 -0.17004377 0.15369535
v -0.28789109 -0.17318088 0.15653366
v -0.27911462 -0.19073383 0.15480641
v -0.30141989 -0.18581341 0.15606684
v -0.29916975 -0.19888474 0.15527323
v -0.32082147 -0.20075205 0.15516118
v -0.30885187 -0.20948187 0.15497445
v -0.32145635 -0.22136738 0.15377004
v -0.29335302 -0.22295460 0.15358330
v -0.30236289 -0.23174041 0.15319116
v -0.29921644 -0.24869579 0.15151989
v -0.31419244 -0.24167460 0.15244421
v -0.31709614 -0.25413906 0.15112775
v -0.32826278 -0.23524165 0.15251890
v -0.33871982 -0.24757537 0.15073562
v -0.34694544 -0.23190852 0.15123980
v -0.35529240 -0.24798620 0.14916707
v -0.36940941 -0.25953564 0.14631005
v -0.39336728 0.30719933 0.04363484
v -0.39102376 0.27959084 0.07494998
v -0.38313430 0.27630436 0.09002868
v -0.37143547 0.28514616 0.10300664
v -0.35814008 0.28472602 0.12169861
v -0.34357488 0.28873139 0.13688934
v -0.36506787 0.24380343 0.13101661
v -0.37700945 0.23072277 0.12111974
v -0.32992470 -0.02711827 0.16102459
v -0.34076456 -0.01495260 0.15990420
v -0.32739446 -0.00330984 0.16139806
v -0.33902794 0.01207699 0.16028700
v -0.31458458 0.01395369 0.16264920
v -0.32034528 0.02867756 0.16240644
v -0.31582634 0.04711744 0.16316272
v -0.32563917 0.05997400 0.16206099
v -0.33130653 0.08061741 0.16127672
v -0.32654483 0.09623760 0.16215434
v -0.34391102 0.09506118 0.15858774
v -0.33829034 0.10863670 0.15940938
v -0.35244471 0.10601305 0.15587077
v -0.34861669 0.12258563 0.15626291
v -0.36659908 0.11106418 0.15127713
v -0.37427382 0.12111979 0.14771986
v -0.38901639 0.11759988 0.14151101
v -0.37769103 0.10644258 0.14746780
v -0.37189297 0.11485492 0.14898033
v -0.37991316 0.09825435 0.14708500
v -0.38629009 0.09186802 0.14489088
v -0.38298490 0.07895547 0.14695428
v -0.38336771 0.06910529 0.14752379
v -0.38642080 0.05934851 0.14705697
v -0.37551560 0.06019810 0.15086633
v -0.37858734 0.04902214 0.15078231
v -0.36517058 0.04757497 0.15465700
v -0.38494560 -0.74347315 -0.05575385
v -0.38556183 -0.73410851 -0.06758339
v -0.36825167 0.15625363 0.14697295
v -0.36638434 0.16147280 0.14717835
v -0.37686941 0.36644042 -0.00086365
v -0.38337705 0.35118430 -0.00010738
v -0.37882076 -0.74997143 -0.01528878
v -0.37025904 -0.76496612 -0.01730551
v -0.36588016 -0.77536718 -0.02791194
v -0.35848552 -0.77831751 -0.00591478
v -0.35397592 -0.78925074 -0.01602638
v -0.34442453 -0.78837312 0.00592409
v -0.34319210 -0.79996922 -0.00819292
v -0.33187605 -0.79402182 0.01145139
v -0.32263279 -0.80827886 0.00474768
v -0.31957968 -0.79347095 0.01866863
v -0.30824498 -0.80581401 0.01243175
v -0.30710591 -0.79940902 0.01800573
v -0.29568718 -0.80617811 0.01510202
v -0.30504252 -0.79185568 0.02399985
v -0.27635098 -0.79853141 0.02376644
v -0.28576232 -0.78816770 0.02958318
v -0.38729845 0.04108600 0.14803731
v -0.38359179 0.04237446 0.14936313
v -0.38575790 0.04943294 0.14803731
v -0.36780351 0.29850691 -0.07890875
v -0.37137012 0.27960950 -0.08429600
v -0.37698144 0.29726510 0.08813335
v -0.37686941 -0.73999060 -0.07937558
v -0.23743579 -0.51564942 -0.14640343
v -0.25886341 -0.51957084 -0.15339659
v -0.24337392 -0.50207398 -0.14922310
v -0.25445651 -0.50223265 -0.15305113
v -0.25547422 -0.48438097 -0.15407816
v -0.25252383 -0.47217794 -0.15329389
v -0.27322319 -0.47172048 -0.15937205
v -0.25982510 -0.45911601 -0.15566539
v -0.27443697 -0.45788354 -0.15977352
v -0.26291552 -0.44519501 -0.15630962
v -0.27879717 -0.43659597 -0.16045510
v -0.27317651 -0.42344062 -0.15868114
v -0.27658439 -0.40884743 -0.15905460
v -0.26123492 -0.40384299 -0.15381674
v -0.27572543 -0.39331123 -0.15809293
v -0.25623048 -0.37761631 -0.15069830
v -0.26882564 -0.37886745 -0.15541331
v -0.25963836 -0.36394744 -0.15142655
v -0.27822765 -0.37089394 -0.15785018
v -0.28160751 -0.35000785 -0.15799956
v -0.29502429 -0.36286438 -0.16179957
v -0.29849752 -0.34148347 -0.16216370
v -0.30986957 -0.36064230 -0.16490868
v -0.32044800 -0.34655326 -0.16642122
v -0.32221263 -0.36503984 -0.16691607
v -0.33584414 -0.35880296 -0.16844727
v -0.35303294 -0.35873760 -0.16940895
v -0.36597353 -0.36527327 -0.16967971
v -0.32336104 -0.45568945 -0.16781238
v -0.33288443 -0.46770568 -0.16808314
v -0.34173558 -0.45305650 -0.16880206
v -0.35304225 -0.46666935 -0.16846595
v -0.35769192 -0.44935915 -0.16885809
v -0.37212639 -0.46540888 -0.16727086
v -0.37841929 -0.46435384 -0.16643055
v -0.38399326 -0.46020833 -0.16524481
v -0.31639589 -0.69087041 0.06972146
v -0.31897281 -0.68274755 0.07160746
v -0.32283819 -0.68325176 0.07056176
v -0.32731978 -0.67397107 0.07272785
v -0.33354732 -0.68186987 0.06811555
v -0.33402348 -0.67112343 0.07206496
v -0.33820632 -0.67328017 0.07030967
v -0.34762699 -0.66474647 0.07084185
v -0.34931694 -0.68479223 0.06231748
v -0.36307917 -0.67082466 0.06278433
v -0.36657107 -0.68206598 0.05628600
v -0.35411598 0.14072675 -0.15470372
v -0.37006298 0.12504117 -0.14660884
v -0.38024927 0.10319343 -0.14323831
v -0.35010122 0.13010164 -0.15795288
v -0.32084013 0.47896580 0.00880912
v -0.33002741 0.46155289 0.01277719
v -0.33816897 0.44337437 0.02021851
v -0.34536752 0.42746475 0.02418659
v -0.35353711 0.41069622 0.02353302
v -0.36262167 0.30152263 0.10708674
v -0.35297690 0.29653689 0.12251090
v -0.34773904 0.30724599 0.12411681
v -0.34469529 -0.47909645 -0.16804580
v -0.37646794 -0.74085888 0.00511181
v -0.37197701 -0.75612432 -0.00486908
v -0.36289243 -0.76580644 0.00340319
v -0.35331303 -0.76940107 0.01428041
v -0.33942008 -0.77890574 0.01835118
v -0.37620650 0.35376123 0.03766872
v -0.36778484 0.36485320 0.04819114
v -0.37689742 0.34876608 0.04248644
v -0.37181828 0.34993316 0.05609928
v -0.37850331 0.34480738 0.04245843
v -0.38047335 0.33991495 0.04250510
v -0.37129542 -0.30394078 -0.17013721
v -0.35222998 -0.30040217 -0.16937161
v -0.33544267 -0.29078543 -0.16778438
v -0.32506030 -0.27352196 -0.16641189
v -0.37172490 0.14884034 0.14631005
v -0.36833570 0.23146039 0.13151143
v -0.37652395 -0.02074135 -0.16225708
v -0.28940361 -0.41227399 0.13154879
v -0.30298844 -0.40510343 0.13311734
v -0.29193386 -0.39146255 0.13429375
v -0.31378162 -0.38852152 0.13531146
v -0.30190540 -0.37651459 0.13665595
v -0.30209214 -0.35496560 0.13969033
v -0.30040219 -0.32950456 0.14293948
v -0.31393101 -0.31813250 0.14457343
v -0.29955257 -0.30412751 0.14593658
v -0.31797377 -0.29851617 0.14656211
v -0.31517278 -0.28315737 0.14811200
v -0.33139056 -0.28840460 0.14718768
v -0.33295912 -0.26615532 0.14939113
v -0.34414443 -0.27887184 0.14729973
v -0.35138033 -0.26333564 0.14816802
v -0.29990735 -0.23355172 -0.16159417
v -0.31229709 -0.22678266 -0.16427379
v -0.32447209 -0.22842586 -0.16627183
v -0.31844061 -0.20713830 -0.16496471
v -0.33339793 -0.21593344 -0.16724285
v -0.32911241 -0.19461789 -0.16616914
v -0.34592773 -0.21130251 -0.16833524
v -0.34996116 -0.19544882 -0.16820453
v -0.36987625 -0.20144301 -0.16912885
v -0.37344285 0.08866560 0.15017540
v -0.37416177 0.07947832 0.15041817
v -0.37223842 0.07308273 0.15133316
v -0.35782263 0.06810625 0.15563738
v -0.34599309 0.04841524 0.15895188
v -0.34418177 0.02583921 0.15939068
v -0.36582415 -0.75234298 0.01498999
v -0.36376074 0.35997944 0.06573471
v -0.36826101 -0.55797247 -0.15691651
v -0.35797201 0.21712859 -0.12939205
v -0.33223085 -0.69859182 0.06121577
v -0.33407017 -0.69212151 0.06373666
v -0.34332281 0.07257855 0.15902657
v -0.35812140 0.08255943 0.15541328
v -0.36112781 0.09451034 0.15379803
v -0.26804134 -0.62888440 0.09028077
v -0.27265366 -0.64956507 0.08399720
v -0.27948810 -0.63411294 0.09164392
v -0.28952499 -0.64659602 0.08767585
v -0.29462280 -0.62722246 0.09479037
v -0.30386611 -0.64391638 0.08789058
v -0.31641457 -0.63235763 0.08994466
v -0.32154039 -0.64523286 0.08428664
v -0.33441564 -0.63342203 0.08576184
v -0.34074588 -0.64580238 0.08014116
v -0.35040932 -0.63079837 0.08359573
v -0.35372383 -0.64080731 0.07902077
v -0.36337792 -0.65580193 0.06931064
v -0.31603176 -0.17714898 -0.16369492
v -0.33632032 -0.18205074 -0.16667331
v -0.34941963 -0.17136956 -0.16772835
v -0.36316318 -0.18782076 -0.16873671
v -0.15766340 -0.01815509 -0.08433335
v -0.16334010 -0.00778207 -0.09827297
v -0.17035193 -0.00868772 -0.10551822
v -0.17852150 -0.02353304 -0.11006517
v -0.19909948 -0.01709073 -0.12314582
v -0.19248912 -0.02893892 -0.11853352
v -0.21335657 -0.02624061 -0.12958812
v -0.19647589 -0.04517534 -0.11980330
v -0.21077031 -0.04549283 -0.12733798
v -0.20294620 -0.06934799 -0.12207211
v -0.21657771 -0.06414748 -0.12939205
v -0.22004161 -0.07934754 -0.13082055
v -0.23605398 -0.06461427 -0.13852330
v -0.23571784 -0.08058934 -0.13786973
v -0.24911596 -0.06912389 -0.14379850
v -0.25778037 -0.08510822 -0.14672088
v -0.26536174 -0.07026297 -0.14978330
v -0.28199965 -0.08653673 -0.15458234
v -0.28536085 -0.07035636 -0.15567473
v -0.29578988 -0.07724680 -0.15807426
v -0.29946854 -0.05823734 -0.15902659
v -0.31356689 -0.07179420 -0.16148214
v -0.33620827 -0.07352146 -0.16460058
v -0.34659064 -0.08672350 -0.16564628
v -0.36194009 -0.08578052 -0.16603843
v -0.33740336 -0.72316590 0.05050662
v -0.31946765 -0.72690994 0.05523097
v -0.31330546 -0.72924408 0.05580985
v -0.30277371 -0.71669559 0.06219612
v -0.29979532 -0.73182099 0.05746243
v -0.28665865 -0.71296093 0.06611751
v -0.27706990 -0.72704998 0.06078627
v -0.27019812 -0.70864743 0.06613618
v -0.25893812 -0.72055163 0.05944180
v -0.25683737 -0.69778892 0.06616419
v -0.23779058 -0.70478207 0.05437199
v -0.23861222 -0.69119722 0.05930174
v -0.22004161 -0.69372745 0.04640784
v -0.22159150 -0.67732292 0.05225258
v -0.21155459 -0.67595044 0.04457784
v -0.21047154 -0.66797692 0.04548350
v -0.20344102 -0.67561431 0.03685643
v -0.20134029 -0.65829487 0.03819157
v -0.19325473 -0.67334556 0.02525097
v -0.19070584 -0.66166535 0.02420527
v -0.18375004 -0.67511018 0.00994819
v -0.17958586 -0.66555875 0.00323514
v -0.18009938 -0.68225268 -0.00234818
v -0.17682224 -0.66552141 -0.00443960
v -0.17632738 -0.67384969 -0.01122734
v -0.17558047 -0.66324327 -0.00759538
v -0.17488021 -0.66517595 -0.01549420
v -0.17408660 -0.65366389 -0.01189958
v -0.17253672 -0.64358025 -0.02763184
v -0.17401188 -0.64544761 -0.00655901
v -0.17264873 -0.63218957 -0.00646564
v -0.17353572 -0.63775423 -0.00541061
v -0.17712099 -0.63890259 0.00508379
v -0.17582319 -0.65380392 -0.00404746
v -0.17453477 -0.65210462 -0.00776344
v -0.29596729 -0.77702905 0.03495175
v -0.31084992 -0.78248172 0.02833206
v -0.32600330 -0.77552586 0.02808932
v -0.34000830 -0.76484473 0.02823869
v -0.35148303 -0.31910347 -0.16934360
v -0.36508655 -0.77850429 -0.05140297
v -0.35919511 -0.78639376 -0.03512918
v -0.36039021 -0.78516131 -0.05316760
v -0.35691697 -0.79019374 -0.05365311
v -0.35318230 -0.79229449 -0.06340057
v -0.35211793 -0.79519821 -0.05973127
v -0.34561028 -0.80160313 -0.06431556
v -0.34484468 -0.80586069 -0.04920885
v -0.34206236 -0.80624350 -0.06238287
v -0.33800090 -0.81151871 -0.05786393
v -0.33233357 -0.80941796 -0.07509006
v -0.33259499 -0.81645779 -0.05912438
v -0.32421067 -0.81846518 -0.07300799
v -0.31610645 -0.82620523 -0.06713523
v -0.36095041 -0.61480467 0.08608862
v -0.34678671 -0.62112562 0.08788125
v -0.32812273 -0.62134969 0.09089699
v -0.31242782 -0.61768037 0.09486506
v -0.29155106 -0.60700863 0.09982283
v -0.27805957 -0.61284402 0.09799285
v -0.27073965 -0.59982869 0.09977615
v -0.26161773 -0.61411377 0.09272697
v -0.25468059 -0.59563652 0.09289504
v -0.24300044 -0.57505859 0.08950583
v -0.24349528 -0.55764567 0.09252157
v -0.25716415 -0.57263104 0.09817959
v -0.26385852 -0.55855138 0.10416437
v -0.26925512 -0.57802763 0.10351081
v -0.27844238 -0.56173516 0.10905678
v -0.28356820 -0.57970821 0.10628379
v -0.30232555 -0.57759815 0.10627447
v -0.31257719 -0.58474065 0.10336142
v -0.32358512 -0.59824146 0.09821693
v -0.33819699 -0.60629900 0.09410880
v -0.35194054 -0.59347977 0.09478104
v -0.35492825 -0.60423561 0.09102770
v -0.36180003 -0.59723314 0.09130781
v -0.36996027 0.36699119 0.03879846
v -0.35549780 -0.42931339 -0.16928758
v -0.34060582 -0.41676491 -0.16922222
v -0.32756254 -0.40632650 -0.16824187
v -0.32114824 -0.41943519 -0.16765365
v -0.33604954 -0.43533550 -0.16893279
v -0.34766436 0.34276263 -0.08192449
v -0.26950721 -0.50592993 -0.15704722
v -0.27662174 -0.51930938 -0.15774747
v -0.28171954 -0.50683565 -0.15961479
v -0.28510876 -0.51162529 -0.15992291
v -0.28526748 -0.50011325 -0.16082857
v -0.29493092 -0.50419334 -0.16204233
v -0.29947787 -0.49544492 -0.16334013
v -0.29894568 -0.50937522 -0.16223840
v -0.30184937 -0.52576102 -0.16136075
v -0.32120428 -0.52153149 -0.16396568
v -0.31204501 -0.54284708 -0.16118336
v -0.33193208 -0.53115764 -0.16382563
v -0.32489224 -0.55004564 -0.16161285
v -0.33983089 -0.55026039 -0.16194896
v -0.33421957 -0.56819608 -0.16040843
v -0.35976465 -0.58708418 -0.15453566
v -0.34106333 0.39545876 -0.05552977
v -0.35087615 0.39205083 -0.04174887
v -0.34582503 -0.52832862 -0.16451655
v -0.31968238 -0.39916530 0.13373358
v -0.31692807 -0.41632608 0.13151143
v -0.33080236 -0.43091927 0.12863575
v -0.34570365 -0.42520524 0.12767407
v -0.33682451 -0.44302892 0.12604016
v -0.35154839 -0.44314093 0.12397675
v -0.34181026 -0.46044176 0.12243621
v -0.35524570 -0.45905995 0.12058756
v -0.34794444 -0.47274752 0.11922441
v -0.34843928 -0.48537065 0.11688089
v -0.33421957 0.24074098 -0.14529237
v -0.34922356 0.23535377 -0.13235177
v -0.36061430 -0.78022223 -0.06613621
v -0.26820942 -0.31080319 0.13822450
v -0.26508163 -0.29122426 0.13845789
v -0.28186894 -0.29649012 0.14545109
v -0.27471707 -0.27471704 0.14543239
v -0.29677025 -0.28363352 0.14802798
v -0.29563116 -0.26699563 0.14974594
v -0.31589170 -0.26805066 0.14973657
v -0.28505273 -0.32445339 -0.15830767
v -0.29920711 -0.32167107 -0.16195830
v -0.31067251 -0.33515320 -0.16466594
v -0.34588104 -0.35870024 0.13744022
v -0.33145592 -0.81959489 -0.04947962
v -0.32540574 -0.82436590 -0.05115088
v -0.32004653 -0.82843669 -0.04988110
v -0.30640567 -0.83059351 -0.05220592
v -0.31491136 -0.83109763 -0.03600683
v -0.29283950 -0.83118167 -0.03488643
v -0.30091571 -0.83288096 -0.02590457
v -0.29280216 -0.83241412 -0.01868733
v -0.30711526 -0.83028534 -0.01771631
v -0.30451967 -0.82704556 -0.01129270
v -0.31347352 -0.82377775 -0.01029367
v -0.30995359 -0.82102338 -0.00444893
v -0.32537775 -0.81548675 -0.00670841
v -0.33678714 -0.81040764 -0.01669862
v -0.34998919 -0.79966112 -0.03901322
v -0.34908351 -0.10210093 0.15505850
v -0.35051202 -0.12069959 0.15444226
v -0.33859846 0.00894922 -0.16441384
v -0.34091394 -0.80188326 -0.07183157
v -0.33555471 0.38715840 0.09399677
v -0.33646036 0.40341349 0.07900209
v -0.32502296 0.43148885 0.07479126
v -0.31778705 0.44934996 0.07041237
v -0.31251184 0.46141285 0.06812490
v -0.32305292 0.45430764 0.05200981
v -0.31360423 0.47247676 0.04957295
v -0.32253940 0.46522225 0.03545594
v -0.31711481 0.47538050 0.03441023
v -0.32151238 0.46863944 0.03202005
v -0.32144702 0.47277551 0.02222590
v -0.32620870 0.46426060 0.02359838
v -0.32797334 0.45749147 0.03180530
v -0.33254830 0.44876172 0.03183331
v -0.33074633 0.44660493 0.04173016
v -0.33829967 0.43715629 0.03298173
v -0.33560140 0.43169429 0.04918081
v -0.34221173 0.42767945 0.03575470
v -0.34586237 0.41936998 0.03698714
v -0.34969975 0.41315176 0.03346723
v -0.35489093 0.40305875 0.03188933
v -0.31186761 -0.67583845 0.07505268
v -0.31090594 -0.65946194 0.08088809
v -0.32296890 -0.66499856 0.07673328
v -0.33973753 -0.65400933 0.07738685
v -0.34421912 -0.64639994 0.07905812
v -0.33162398 -0.30943071 0.14481615
v -0.34791643 -0.29578053 0.14513360
v -0.31572364 0.46694010 -0.03173064
v -0.32578857 0.44979802 -0.03180533
v -0.33500384 0.43673602 -0.02776256
v -0.33274437 0.42272177 -0.04620245
v -0.34015768 0.41776396 -0.03711788
v -0.34262255 0.40531826 -0.04446584
v -0.34794444 0.40876352 -0.03154391
v -0.35571253 0.40149020 -0.02135762
v -0.34423780 0.42510267 -0.02019987
v -0.35176314 -0.61325480 0.08919773
v -0.22820185 -0.71679833 0.04488596
v -0.24185204 -0.72039296 0.05200981
v -0.23741713 -0.74175521 0.04269184
v -0.24760341 -0.73286673 0.05105748
v -0.25766832 -0.75216559 0.04718278
v -0.26440005 -0.73935569 0.05410123
v -0.28385764 -0.74071886 0.05552041
v -0.31445386 -0.73922498 0.05159901
v -0.16614109 -0.01849124 -0.09919731
v -0.16777500 -0.02933105 -0.09848772
v -0.17230329 -0.03525985 -0.10287595
v -0.18313380 -0.04279452 -0.11140965
v -0.17280747 -0.04648247 -0.10166218
v -0.18528123 -0.05803191 -0.11144700
v -0.17212588 -0.05897496 -0.09789018
v -0.17922176 -0.06630420 -0.10475262
v -0.17564582 -0.06820890 -0.10024301
v -0.17892297 -0.07710676 -0.10287595
v -0.17076273 -0.08006649 -0.08960856
v -0.17889498 -0.08461344 -0.10169952
v -0.17755049 -0.09968278 -0.09750737
v -0.18472105 -0.09148522 -0.10746025
v -0.19072450 -0.10321202 -0.11188582
v -0.20051865 -0.08639668 -0.12009274
v -0.21162928 -0.10380960 -0.12519990
v -0.22142344 -0.09576141 -0.13079255
v -0.23492424 -0.10502334 -0.13673066
v -0.23620335 -0.09246552 -0.13780437
v -0.24984421 -0.11033590 -0.14307024
v -0.26854553 -0.09849704 -0.15024080
v -0.29311028 -0.10168080 -0.15730865
v -0.30570541 -0.09294172 -0.16010965
v -0.32386522 -0.08534165 -0.16321876
v -0.32732911 -0.09787147 -0.16390032
v -0.34238914 -0.10332407 -0.16557158
v -0.28150481 0.09940269 0.16723351
v -0.27606154 0.11426668 0.16804578
v -0.28882475 0.12339797 0.16711209
v -0.30091571 0.13254785 0.16591701
v -0.31265190 0.14532043 0.16374159
v -0.31608779 0.16926890 0.16210765
v -0.32905640 0.17576720 0.15871845
v -0.32105488 0.19725087 0.15920398
v -0.33741269 0.18646705 0.15539461
v -0.33565741 0.20264749 0.15439557
v -0.34763634 0.19692413 0.15076361
v -0.35017591 0.21063962 0.14872823
v -0.31921556 0.21871588 0.15829832
v -0.33265100 0.21570008 0.15433021
v -0.32953256 0.23120830 0.15390075
v -0.34103532 0.22372028 0.15054888
v -0.34639456 0.21753939 0.14934447
v -0.31597574 -0.77143643 -0.11799199
v -0.32636743 -0.77646886 -0.10948630
v -0.32610602 -0.77031604 -0.11306224
v -0.33259499 -0.76857006 -0.10841259
v -0.33189473 -0.76463931 -0.11135363
v -0.33595619 -0.75407957 -0.11360376
v -0.35117493 -0.73832865 -0.11024257
v -0.10596636 0.29207392 -0.12846772
v -0.09951471 0.27867585 -0.12093304
v -0.08616329 0.29010390 -0.11676889
v -0.08431465 0.27144926 -0.10897278
v -0.07387627 0.27589356 -0.10273590
v -0.07703207 0.26543648 -0.10022434
v -0.06994552 0.26905910 -0.09325919
v -0.07941289 0.25678138 -0.09813293
v -0.06353124 0.26606205 -0.07624780
v -0.07538880 0.24981621 -0.08535105
v -0.06397940 0.25477403 -0.06432490
v -0.07280257 0.24379410 -0.07336278
v -0.07324137 0.23419602 -0.06420353
v -0.08456674 0.22862204 -0.08584589
v -0.08558445 0.21505585 -0.07447384
v -0.09135450 0.21363668 -0.08657415
v -0.09246556 0.19751230 -0.07430579
v -0.09952408 0.19239584 -0.08624736
v -0.10129803 0.17889498 -0.07820850
v -0.10918751 0.17236868 -0.09087835
v -0.11070937 0.15825165 -0.08353973
v -0.11600327 0.16563694 -0.09740467
v -0.11989665 0.15821432 -0.09933736
v -0.11880426 0.17474017 -0.10359487
v -0.12873845 0.17280754 -0.11035461
v -0.12157725 0.18755940 -0.10910350
v -0.12967214 0.19737225 -0.11687159
v -0.11716102 0.20818407 -0.11168975
v -0.13564759 0.21392617 -0.12394878
v -0.12340723 0.22615716 -0.12009274
v -0.13716945 0.23106825 -0.12885053
v -0.13690802 0.24466243 -0.13212769
v -0.14998869 0.22246921 -0.13339747
v -0.16419907 0.21600824 -0.13871937
v -0.18062223 0.20664352 -0.14417197
v -0.19967835 0.21003278 -0.15159462
v -0.20809069 0.19622383 -0.15247226
v -0.22358953 0.20255410 -0.15728997
v -0.22698808 0.18511319 -0.15644034
v -0.23971395 0.18815698 -0.15944674
v -0.23991935 0.17009991 -0.15806492
v -0.25827521 0.17957660 -0.16181825
v -0.25800445 0.16726155 -0.16113667
v -0.27927335 0.16684142 -0.16339614
v -0.26820007 0.15743004 -0.16194896
v -0.28762031 0.15335929 -0.16364824
v -0.27798489 0.13747760 -0.16222906
v -0.29679824 0.13765497 -0.16355487
v -0.28702277 0.12230554 -0.16265854
v -0.30489313 0.12676850 -0.16355487
v -0.29877761 0.10748828 -0.16328411
v -0.31727353 0.10999982 -0.16352685
v -0.31585436 0.09497713 -0.16376027
v -0.33724464 0.08953386 -0.16296666
v -0.34490069 0.10014031 -0.16150080
v -0.32994338 0.03972281 0.16140739
v -0.34431249 0.41519643 0.04750021
v -0.31903815 -0.43764167 -0.16747627
v -0.31636788 0.32245545 -0.13040975
v -0.31725485 0.33773016 -0.12232420
v -0.31676936 0.35395726 -0.11440672
v -0.31805781 0.36391022 -0.10740423
v -0.30484645 0.35488165 -0.12693651
v -0.29969262 0.36832638 -0.12585346
v -0.29117758 0.35096960 -0.14276214
v -0.28565027 0.36798090 -0.13969972
v -0.28082324 0.35281824 -0.15100640
v -0.27000205 0.37404041 -0.15178135
v -0.26706100 0.35513374 -0.15812093
v -0.25981576 0.36702866 -0.15866246
v -0.25918086 0.35921383 -0.16008163
v -0.25086190 0.35592735 -0.16209835
v -0.26138431 0.34576902 -0.16119270
v -0.23597929 0.33379945 -0.16443252
v -0.25900348 0.33011150 -0.16264922
v -0.24704322 0.31853400 -0.16419910
v -0.25870469 0.31362291 -0.16362022
v -0.25583834 0.29616341 -0.16432047
v -0.27166397 0.30678853 -0.16240646
v -0.27290576 0.28833932 -0.16323742
v -0.28370826 0.29591132 -0.16100596
v -0.29181248 0.29042139 -0.15945608
v -0.28878741 0.30437964 -0.15863445
v -0.30113046 0.29594864 -0.15404082
v -0.30188672 0.31830057 -0.14666486
v -0.31025236 0.30835708 -0.14305157
v -0.32158707 0.30881454 -0.13096060
v -0.33254830 0.30314724 -0.12178267
v -0.30207346 -0.13223036 -0.15957745
v -0.32375317 -0.12439687 -0.16365758
v -0.33604954 -0.11471480 -0.16524481
v -0.32730109 0.43752029 0.06347523
v -0.33751539 0.41793207 0.06302709
v -0.32662887 -0.48777950 -0.16689740
v -0.33493849 -0.48450236 -0.16759764
v -0.11173641 0.10574229 -0.03695917
v -0.10901944 0.10187697 -0.02118955
v -0.11428530 0.08419330 -0.02108685
v -0.10844056 0.09085039 -0.00172263
v -0.11232462 0.07958104 -0.00439291
v -0.10685335 0.09145722 0.01541014
v -0.11066268 0.07864731 0.01350546
v -0.10980371 0.07983313 0.03099301
v -0.11520029 0.06186004 0.01806174
v -0.11557377 0.06088906 0.03176795
v -0.12039151 0.04331744 0.03283233
v -0.11924309 0.05422265 0.04408300
v -0.12336053 0.04665065 0.05106683
v -0.12354727 0.05536174 0.05847079
v -0.12549863 0.05564183 0.06380201
v -0.12167060 0.06763946 0.06345657
v -0.12749668 0.07009494 0.07691069
v -0.11989665 0.07699478 0.06574404
v -0.12329518 0.08532306 0.07838587
v -0.11734775 0.08568720 0.06659367
v -0.11756249 0.09748873 0.07533279
v -0.10989710 0.09613488 0.05654743
v -0.10970103 0.10788042 0.06571603
v -0.10573292 0.10768432 0.05551108
v -0.10289461 0.11830944 0.05744375
v -0.10342679 0.10890746 0.04947025
v -0.10085920 0.11274478 0.04564222
v -0.10107396 0.10801113 0.03868641
v -0.09647096 0.12198812 0.03229080
v -0.10273587 0.10225978 0.02629667
v -0.09509847 0.12761810 0.01780966
v -0.10259582 0.10746962 0.00570001
v -0.09822628 0.12393948 -0.00282435
v -0.10451919 0.10760033 -0.00783814
v -0.10147543 0.12623625 -0.02250602
v -0.10529413 0.12469576 -0.03584810
v -0.11262340 0.11535911 -0.04978773
v -0.11833743 0.09745134 -0.05071206
v -0.11758115 0.11915910 -0.06793819
v -0.12153989 0.10758167 -0.06877849
v -0.12519055 0.11533104 -0.08462279
v -0.13087654 0.09420219 -0.08368913
v -0.13345347 0.10814185 -0.09597616
v -0.13702007 0.10045780 -0.09768476
v -0.14018520 0.11433207 -0.10485532
v -0.14873758 0.09636831 -0.10727351
v -0.15569338 0.10997182 -0.11478019
v -0.16352684 0.09413686 -0.11696496
v -0.16786839 0.10986911 -0.12194140
v -0.17757852 0.09616295 -0.12514387
v -0.18277903 0.11548982 -0.13057781
v -0.19034170 0.09536927 -0.13119403
v -0.20162038 0.10220372 -0.13726285
v -0.20319829 0.08360513 -0.13562893
v -0.22029370 0.10014964 -0.14473217
v -0.21910794 0.07687340 -0.14166975
v -0.22841658 0.08984201 -0.14660884
v -0.23731443 0.07294262 -0.14784128
v -0.24555869 0.08801204 -0.15199609
v -0.25670666 0.06495982 -0.15309781
v -0.25728553 0.08477222 -0.15495581
v -0.26560448 0.07466062 -0.15639365
v -0.27397947 0.09095303 -0.15942807
v -0.28179425 0.06964681 -0.15968949
v -0.29182181 0.08542578 -0.16202365
v -0.30133587 0.06853572 -0.16251849
v -0.30873983 0.08169110 -0.16339614
v -0.32118560 0.06017944 -0.16384431
v -0.32189518 0.07765767 -0.16362956
v -0.32284752 -0.76083933 -0.12015810
v -0.32953256 -0.75576954 -0.11772122
v -0.32951390 -0.74791743 -0.12147457
v -0.33699254 -0.74732919 -0.11675955
v -0.33612423 -0.74360387 -0.11945785
v -0.34096996 0.21236695 0.15193069
v -0.34590905 -0.70889014 -0.12588147
v -0.33599352 -0.70503417 -0.13305201
v -0.33501319 -0.69084245 -0.13705744
v -0.32840282 -0.69818105 -0.13774836
v -0.32484555 -0.68591269 -0.14164174
v -0.31354821 -0.69916141 -0.14155771
v -0.31323077 -0.67819129 -0.14488156
v -0.29658351 -0.69492256 -0.14262209
v -0.30153192 -0.67162756 -0.14598329
v -0.28647191 -0.67743499 -0.14377983
v -0.29019724 -0.65850961 -0.14609533
v -0.27282172 -0.66239362 -0.14261275
v -0.27436226 -0.65653957 -0.14352775
v -0.26777059 -0.65383189 -0.14206189
v -0.26555780 -0.64696945 -0.14212725
v -0.26064673 -0.64741764 -0.14061470
v -0.26286885 -0.63749275 -0.14244469
v -0.25727618 -0.63514929 -0.14102552
v -0.33407017 -0.81640179 -0.02941514
v -0.32490157 -0.82521555 -0.04088989
v -0.31238112 -0.83078954 -0.02641808
v -0.31281061 -0.82854876 -0.01926620
v -0.32208190 -0.82313352 -0.01792173
v -0.30771280 -0.19454316 -0.16245314
v -0.29480954 -0.19944492 -0.15949342
v -0.31131676 -0.77387331 0.03363529
v -0.31511676 -0.79799918 -0.10408971
v -0.31632120 -0.78923209 -0.10958900
v -0.32056936 -0.79183704 -0.10469660
v -0.32137232 -0.78362075 -0.10961701
v -0.33510654 -0.66435435 0.07434311
v -0.30765679 -0.56138038 -0.15930670
v -0.31593839 -0.57424630 -0.15897991
v -0.32936450 -0.57956819 -0.15915731
v -0.32084013 0.26102024 0.15417151
v -0.32775861 -0.65042403 -0.14803735
v -0.32350108 -0.66604424 -0.14530171
v -0.33826234 -0.67230913 -0.14039063
v -0.34176357 -0.48458637 -0.16776570
v -0.33547067 -0.71876837 -0.12952276
v -0.32623673 -0.70889954 -0.13623581
v -0.30012210 -0.72239096 -0.13801912
v -0.31344551 -0.71661155 -0.13845794
v -0.31835660 -0.73186766 -0.13337880
v -0.32407062 -0.72737679 -0.13263187
v -0.32965394 0.18247094 -0.15963347
v -0.28305470 -0.64360828 -0.14681425
v -0.29729310 -0.63699794 -0.14987667
v -0.30911329 -0.65315969 -0.14816806
v -0.31215704 -0.63944414 -0.15050223
v -0.32782395 -0.62868829 -0.15279904
v -0.29326900 -0.61361896 -0.15280838
v -0.30635899 -0.62576594 -0.15265899
v -0.31388434 -0.11075603 -0.16180891
v -0.27612690 0.43816452 -0.11263275
v -0.26976864 0.42205888 -0.12919598
v -0.28592105 0.41656895 -0.11473350
v -0.27275636 0.40355368 -0.13525547
v -0.28554757 0.39825978 -0.12515321
v -0.28285861 0.38260220 -0.13581567
v -0.29505228 0.38532843 -0.12200675
v -0.30781550 0.38042674 -0.10988778
v -0.31877673 0.38220073 -0.09593882
v -0.28263455 -0.11356638 0.16031503
v -0.28909551 -0.09972011 0.16116467
v -0.29909508 -0.12258555 0.15966144
v -0.30107443 -0.10183951 0.16052043
v -0.30704990 -0.08748911 0.16073517
v -0.27841437 -0.02943377 0.16386294
v -0.30011277 -0.03677241 0.16287326
v -0.29284885 -0.02101210 0.16375092
v -0.31390300 -0.03034876 0.16228505
v -0.30669511 -0.01363614 0.16309736
v -0.29916042 -0.37825121 -0.16324676
v -0.28796577 -0.59000653 0.10429509
v -0.30596684 -0.60363806 0.09952406
v -0.30504252 0.15662710 -0.16364824
v -0.31712414 0.14584328 -0.16302267
v -0.31290397 -0.12645094 0.15863443
v -0.31239980 -0.14686091 0.15800887
v -0.30748872 -0.16915685 0.15694450
v -0.32175512 -0.18354457 0.15565604
v -0.23540974 -0.42407549 0.10206362
v -0.22684803 -0.42094772 0.09558398
v -0.22424311 -0.41600863 0.09402476
v -0.21977084 -0.41593398 0.09031812
v -0.22277724 -0.43174091 0.09124245
v -0.23211390 -0.43431783 0.09836631
v -0.24934937 -0.43660530 0.11061600
v -0.23050800 -0.44917245 0.09537858
v -0.23986332 -0.46264521 0.10100859
v -0.22946229 -0.46350421 0.09305375
v -0.23283282 -0.48045023 0.09381003
v -0.22103129 -0.47443741 0.08544439
v -0.22284260 -0.49223310 0.08527633
v -0.21675511 -0.47979667 0.08156967
v -0.21539195 -0.48342866 0.08015051
v -0.20456145 -0.48107580 0.07081384
v -0.21156392 -0.49229849 0.07621976
v -0.20442140 -0.49485668 0.06970278
v -0.21270301 -0.49952501 0.07651855
v -0.21419685 -0.50493092 0.07732149
v -0.22584901 -0.50607937 0.08611663
v -0.23788395 -0.49946902 0.09537858
v -0.23395322 -0.51678851 0.09107440
v -0.24827566 -0.51075703 0.10164349
v -0.26331701 -0.50780663 0.11118555
v -0.28251317 -0.50655553 0.11900032
v -0.29742381 -0.50285822 0.12034481
v -0.30658306 -0.51834773 0.11750646
v -0.32074677 -0.51675115 0.11637672
v -0.31478999 0.04833125 -0.16349885
v -0.30646170 0.03824765 -0.16233177
v -0.29058937 0.03384074 -0.15965215
v -0.27134652 0.03299108 -0.15505851
v -0.25400835 0.04760296 -0.15103441
v -0.23592326 0.04088989 -0.14448942
v -0.22754827 0.02851885 -0.14018522
v -0.21872514 0.04728555 -0.13822452
v -0.20498158 0.03125449 -0.13055913
v -0.20548577 0.04793911 -0.13236111
v -0.19060312 0.04319606 -0.12471438
v -0.19720414 0.06288708 -0.13040041
v -0.17926845 0.06411948 -0.12142788
v -0.18465570 0.07832057 -0.12631095
v -0.16650524 0.07367090 -0.11545242
v -0.32435071 -0.71811482 -0.13484466
v -0.32485490 0.33567609 0.13770165
v -0.31556492 0.33147462 0.14515230
v -0.31438851 0.32278220 0.14745843
v -0.30467838 0.33019549 0.15080097
v -0.30684448 0.30961748 0.15317250
v -0.29029061 0.31656398 0.15733664
v -0.27536129 0.31345487 0.16150078
v -0.27721927 0.29527642 0.16242510
v -0.25923689 0.30250301 0.16533814
v -0.25795776 0.28796584 0.16643053
v -0.23844415 0.30339933 0.16827917
v -0.23542841 0.28293337 0.16952098
v -0.22189027 0.29942190 0.17001580
v -0.21167597 0.28273727 0.17074408
v -0.19585965 0.29508965 0.17105217
v -0.19254515 0.27561340 0.17059467
v -0.17612198 0.28490339 0.17045463
v -0.17138830 0.26460554 0.16919416
v -0.16146344 0.28050582 0.16908215
v -0.15527321 0.25281334 0.16643986
v -0.14731841 0.27656578 0.16718681
v -0.14210853 0.26479225 0.16447917
v -0.12687111 0.28133676 0.16031503
v -0.12153989 0.26788269 0.15337790
v -0.11012116 0.26720106 0.14492820
v -0.11426664 0.25055383 0.14231395
v -0.09860905 0.25799512 0.13208097
v -0.10426709 0.24199212 0.13052175
v -0.09193338 0.25145016 0.12275366
v -0.09937466 0.24129190 0.12539593
v -0.09163459 0.24251497 0.11801998
v -0.10223168 0.23323438 0.12497578
v -0.09835699 0.22778177 0.11856149
v -0.10587300 0.22308538 0.12439692
v -0.09889851 0.21478509 0.11253935
v -0.10873935 0.20494425 0.11939246
v -0.10404299 0.19177961 0.10681599
v -0.11853350 0.18717660 0.12220280
v -0.11402388 0.18003406 0.11357573
v -0.12503180 0.17143503 0.12268831
v -0.11646076 0.16782173 0.11097080
v -0.12322049 0.15486245 0.11340766
v -0.11282880 0.15243490 0.09836631
v -0.11922442 0.13520883 0.09880514
v -0.11171775 0.13278128 0.08621000
v -0.12142788 0.11268879 0.09028077
v -0.11408924 0.11116690 0.07726548
v -0.31879541 -0.82895953 -0.04088989
v -0.28222373 -0.36846639 0.13599302
v -0.28523947 -0.35399458 0.13847659
v -0.26311161 -0.35095083 0.12959743
v -0.27379273 -0.34147413 0.13633850
v -0.27050622 -0.32414531 0.13717880
v -0.28568763 -0.31536883 0.14380781
v -0.32275415 -0.48446499 -0.16671065
v 0.05205652 0.74346386 0.11451873
v 0.05650079 0.75242711 0.11054131
v 0.04698673 0.74623682 0.11421995
v 0.04557688 0.76369646 0.10674130
v 0.03851837 0.74545254 0.11544305
v 0.02765985 0.75912145 0.10864596
v 0.03205743 0.74470559 0.11615264
v 0.02162838 0.74463094 0.11642340
v 0.02032125 0.73699362 0.11964456
v 0.01206766 0.73879553 0.11875758
v 0.01037769 0.73155028 0.12169861
v 0.00020077 0.74975672 0.11072805
v -0.00130246 0.72895469 0.12252958
v -0.01381358 0.74195129 0.11318360
v -0.01518606 0.72483728 0.12294040
v -0.02800526 0.73501420 0.11427597
v -0.02909766 0.71361466 0.12627357
v -0.04007759 0.71169122 0.12537725
v -0.02907899 0.70436191 0.13023233
v -0.03598814 0.69865729 0.13174486
v -0.02636202 0.69551078 0.13366822
v -0.04134735 0.69462379 0.13292127
v -0.02812668 0.68209404 0.13809379
v -0.04874198 0.68943261 0.13380826
v -0.04879801 0.67913431 0.13735620
v -0.05637937 0.68072152 0.13596502
v -0.05860152 0.67716429 0.13708541
v -0.06121577 0.69154282 0.13048442
v -0.07086055 0.67935841 0.13382693
v -0.07531411 0.69413841 0.12666571
v -0.07769496 0.67940499 0.13257583
v -0.09042082 0.67755636 0.13012961
v -0.08254070 0.67258928 0.13412571
v -0.08976725 0.67016180 0.13342546
v -0.07799375 0.65737063 0.14043728
v -0.09102772 0.65422412 0.13917681
v -0.08285815 0.64467277 0.14377049
v -0.10188623 0.63586822 0.14308889
v -0.08696626 0.63402899 0.14623536
v -0.09058889 0.62033202 0.14912970
v -0.07157014 0.61710160 0.15186534
v -0.08486549 0.60447839 0.15315380
v -0.06433421 0.60561755 0.15388205
v -0.07213964 0.59224740 0.15561868
v -0.05411056 0.59721448 0.15478774
v -0.05723834 0.57855983 0.15700053
v -0.04478324 0.58311618 0.15594546
v -0.05318625 0.56286492 0.15846636
v -0.04191690 0.55764581 0.15799020
v -0.05469877 0.54759954 0.15959611
v -0.04384026 0.53602203 0.15926933
v -0.05494153 0.52549037 0.16080985
v -0.04065646 0.51379149 0.15962411
v -0.06326985 0.51307260 0.16195827
v -0.05547372 0.49925425 0.16153811
v -0.07020698 0.49457666 0.16278924
v -0.06380203 0.48129997 0.16243443
v -0.08412791 0.49350290 0.16407771
v -0.07987975 0.47239271 0.16433913
v -0.10062580 0.48619239 0.16498336
v -0.09653635 0.47577257 0.16539416
v -0.12130649 0.47499770 0.16594501
v -0.11193248 0.46497008 0.16628116
v -0.13048441 0.45902269 0.16686936
v -0.11486418 0.44585798 0.16739221
v -0.13845791 0.44055482 0.16775632
v -0.13187559 0.42923874 0.16842858
v -0.14544174 0.41654088 0.16887675
v -0.12946670 0.41154574 0.16925022
v -0.14932579 0.39971621 0.16958633
v -0.12584411 0.39642040 0.16936223
v -0.13830853 0.38794268 0.16981040
v -0.12905590 0.37651462 0.16953031
v -0.16123937 0.38564584 0.16989445
v -0.15011007 0.36494652 0.17030525
v -0.16447916 0.36686995 0.17042660
v -0.15968948 0.34638526 0.17063203
v -0.17797066 0.35654359 0.17059467
v -0.17687826 0.34009239 0.17093079
v -0.19320808 0.35251942 0.17009048
v -0.19173288 0.33194148 0.17086543
v -0.20503760 0.34025110 0.16998780
v -0.20866956 0.32639549 0.17018387
v -0.22547553 0.34277196 0.16757895
v -0.22897678 0.32196993 0.16853130
v -0.23862155 0.33199747 0.16656124
v -0.25272924 0.31637728 0.16565559
v -0.25482065 0.32896309 0.16419905
v -0.27165464 0.33107315 0.16026834
v -0.26052535 0.34729092 0.16087521
v -0.27757409 0.34458328 0.15717790
v -0.26735977 0.36222029 0.15744869
v -0.28368025 0.36070773 0.15355531
v -0.27279371 0.37331213 0.15481574
v -0.28210235 0.37314416 0.15217346
v -0.28180358 0.38343306 0.15036214
v -0.28761098 0.38554326 0.14725303
v -0.28568763 0.39373150 0.14618867
v -0.29117758 0.39117324 0.14376112
v -0.29689161 0.40235853 0.13558222
v -0.29733977 0.38156575 0.14306090
v -0.30812362 0.38702776 0.13184757
v -0.30760076 0.36908274 0.14020385
v -0.32090549 0.35828951 0.13180088
v -0.28936627 0.33100783 0.15568403
v -0.29880564 0.34604918 0.14994201
v -0.29046799 0.34928893 0.15290171
v -0.29887100 0.35187519 0.14892430
v -0.29405328 0.35689833 0.15049285
v -0.30287641 0.35619811 0.14607662
v -0.31000962 0.35434947 0.14285550
v -0.31651727 0.34030709 0.14252868
v -0.29252205 0.42689532 -0.10083122
v -0.29513632 0.41003318 -0.10797376
v -0.30753541 0.40921158 -0.09302577
v -0.30650837 0.39705523 -0.10181156
v -0.31619049 0.48217756 0.02204849
v -0.31170890 0.48809702 0.02705295
v -0.31070985 0.49090731 0.02417725
v -0.31001895 0.48791965 0.03507313
v -0.30858111 0.49263471 0.02892962
v -0.30651770 0.48877858 0.04376555
v -0.30550935 0.49734962 0.03017139
v -0.30043955 0.50276490 0.03633358
v -0.29576189 0.51052360 0.03730459
v -0.29401593 0.51565879 0.03130113
v -0.28590237 0.52428596 0.03990018
v -0.29132697 0.52371639 0.02250599
v -0.28152348 0.53418280 0.03158122
v -0.28805914 0.53180190 0.01348678
v -0.28260652 0.54022350 0.01386959
v -0.28698543 0.53314636 0.00486904
v -0.27716327 0.54709535 -0.00391675
v -0.28353086 0.53472431 -0.01055510
v -0.27256030 0.54198823 -0.02625002
v -0.28558493 0.52605055 -0.01994778
v -0.27169198 0.53579793 -0.03575473
v -0.28350286 0.51948685 -0.03264563
v -0.27120648 0.52520088 -0.04814448
v -0.27358733 0.50883367 -0.06186936
v -0.28231710 0.49568776 -0.06045953
v -0.27348462 0.49685484 -0.07312002
v -0.28713480 0.48220562 -0.06613621
v -0.27377405 0.48214964 -0.08500559
v -0.28167287 0.46986251 -0.08418396
v -0.26706100 0.47273819 -0.10030837
v -0.27429690 0.45847178 -0.10149412
v -0.20767055 -0.24355131 -0.12035417
v -0.21092904 -0.22613843 -0.12254828
v -0.22219837 -0.23631538 -0.12957879
v -0.22675466 -0.21857576 -0.13182891
v -0.24339258 -0.23289816 -0.14068007
v -0.24441962 -0.21379538 -0.14058670
v -0.25862067 -0.22775364 -0.14738378
v -0.27003939 -0.21203073 -0.15154793
v -0.28627584 -0.21850104 -0.15735533
v -0.30398747 -0.21375799 -0.16222906
v -0.22349616 -0.05447467 -0.13325742
v -0.23296353 -0.04466182 -0.13768300
v -0.24837836 -0.05062802 -0.14388254
v -0.24654836 -0.03123575 -0.14390121
v -0.26071207 -0.03638960 -0.14891500
v -0.26549245 -0.01816442 -0.15098774
v -0.26881629 -0.04602501 -0.15137053
v -0.28309205 -0.03149718 -0.15550668
v -0.27782616 -0.05650075 -0.15390077
v -0.29419332 -0.03977880 -0.15791553
v -0.30909463 -0.04652920 -0.16075388
v -0.30953344 -0.76631996 0.03862107
v -0.28406306 -0.62919250 -0.14906438
v -0.27557603 -0.01302930 0.16427374
v -0.29188717 -0.00375797 0.16399365
v -0.30776882 0.00143321 0.16313469
v -0.22477529 -0.13150208 -0.13117534
v -0.23128295 -0.11925242 -0.13453654
v -0.21069562 -0.11955117 -0.12412617
v -0.19918353 -0.11346367 -0.11734777
v -0.19450587 -0.12668437 -0.11321163
v -0.17966992 -0.11292215 -0.09797420
v -0.18292840 -0.12259496 -0.10132607
v -0.17708366 -0.13165145 -0.08922576
v -0.18472105 -0.12815954 -0.10315605
v -0.18659772 -0.13828047 -0.10465925
v -0.19986509 -0.14516165 -0.11614333
v -0.20942584 -0.13432177 -0.12264165
v -0.21176934 -0.14914835 -0.12360332
v -0.22783771 -0.15361131 -0.13204366
v -0.23693162 -0.13666526 -0.13681468
v -0.24528793 -0.14399457 -0.14051200
v -0.25440049 -0.12910259 -0.14462947
v -0.26510964 -0.14697296 -0.14869091
v -0.26775191 -0.12377137 -0.14975530
v -0.28129941 -0.13566622 -0.15406883
v -0.28184093 -0.11710496 -0.15424622
v -0.29509898 -0.11805734 -0.15771946
v -0.31695608 0.31784311 0.14725303
v -0.31746027 0.31106472 0.14845748
v -0.30493982 0.34861670 0.14663683
v -0.30919733 0.34199702 0.14603929
v -0.30715260 -0.81259242 0.00715653
v -0.30333391 -0.82233055 -0.00371133
v -0.29575254 -0.82894089 -0.00923864
v -0.28968372 -0.82923034 -0.00711921
v -0.27775147 -0.82930498 -0.01075116
v -0.28081389 -0.82609324 0.00024741
v -0.27396079 -0.82592517 -0.00092900
v -0.26681825 -0.82325484 0.00124644
v -0.26168308 -0.82663472 -0.01194626
v -0.27303645 -0.83084554 -0.02402790
v -0.26319563 -0.82893157 -0.02464412
v -0.26679957 -0.83002392 -0.02867755
v -0.25703344 -0.82771775 -0.02784659
v -0.25656661 -0.82500081 -0.04411104
v -0.25010563 -0.82454329 -0.03726728
v -0.23776257 -0.81906273 -0.04575429
v -0.24092770 -0.82276003 -0.02836010
v -0.23417731 -0.81951086 -0.03159059
v -0.23127360 -0.81841850 -0.02410258
v -0.22447653 -0.81460914 -0.03619355
v -0.21742734 -0.80779337 -0.01848192
v -0.20854818 -0.80489898 -0.03529724
v -0.20810935 -0.79582379 -0.02089078
v -0.20249804 -0.79164094 -0.03326184
v -0.20421597 -0.79700950 -0.04571695
v -0.19765231 -0.78139862 -0.05446539
v -0.20457078 -0.79512349 -0.06235486
v -0.29096283 -0.15046481 0.15822360
v -0.29388522 -0.65946194 0.08339031
v -0.28098194 -0.66268308 0.08153232
v -0.31372561 0.48489453 0.02639004
v -0.31351086 0.48146794 0.03516650
v -0.23658616 0.05485755 -0.14605798
v -0.27650970 0.05051597 -0.15732732
v -0.29338103 0.05506299 -0.16092193
v -0.30332457 0.17328367 0.16444181
v -0.29701299 0.16005363 0.16608505
v -0.29562183 0.14851352 0.16644920
v -0.28274658 0.13907415 0.16771899
v -0.25200098 -0.00616686 -0.14697297
v -0.29772258 0.43581170 0.11411725
v -0.29533239 0.42288988 0.12609618
v -0.30659239 0.41319835 0.11818804
v -0.24403681 -0.48113179 0.10170885
v -0.25264522 -0.49389504 0.10618109
v -0.25519411 -0.47253279 0.11018652
v -0.26747182 -0.49263453 0.11553642
v -0.27104775 -0.46864870 0.12032613
v -0.27846106 -0.48620158 0.12139984
v -0.28955301 -0.46428849 0.12585342
v -0.29051469 -0.48143057 0.12343524
v -0.29747048 0.39805435 -0.11207256
v -0.28588370 0.44595129 -0.09630295
v -0.30294177 0.42640979 -0.08784393
v -0.20844550 -0.27719128 -0.12140920
v -0.21810892 -0.26623001 -0.12778614
v -0.22856598 -0.28645321 -0.13430313
v -0.23627806 -0.26667818 -0.13813116
v -0.24904127 -0.27282170 -0.14444273
v -0.24940540 -0.24980681 -0.14377983
v -0.26249539 -0.26834011 -0.14993269
v -0.26362511 -0.24723929 -0.14983932
v -0.27546399 -0.25157147 -0.15446096
v -0.27667776 -0.22530749 -0.15444229
v -0.28744292 -0.24141317 -0.15818629
v -0.29121492 -0.73836601 -0.13466726
v -0.28905817 -0.75508796 -0.13114734
v -0.27549200 -0.73547161 -0.13376161
v -0.27335390 -0.75731010 -0.12946674
v -0.25991846 -0.74170853 -0.12984021
v -0.25444718 -0.76247324 -0.12416352
v -0.24710858 -0.74759994 -0.12444362
v -0.24155325 -0.75112917 -0.12144655
v -0.23636208 -0.74379996 -0.12022345
v -0.23564316 -0.75585358 -0.11766521
v -0.22583968 -0.73797388 -0.11581655
v -0.22106863 -0.74914049 -0.11058803
v -0.21409415 -0.73003773 -0.10991579
v -0.20805336 -0.74857097 -0.10075653
v -0.20420663 -0.73118608 -0.10157816
v -0.20007986 -0.74273557 -0.09416485
v -0.19834323 -0.73200777 -0.09530392
v -0.19204099 -0.73999060 -0.08044931
v -0.19732552 -0.72288584 -0.09663906
v -0.19553287 -0.71168187 -0.09738600
v -0.19376825 -0.69890931 -0.09771278
v -0.19723217 -0.70607985 -0.10073786
v -0.20787595 -0.70139287 -0.11055068
v -0.20373048 -0.71778801 -0.10441649
v -0.21584011 -0.71353984 -0.11411728
v -0.22955565 -0.72791826 -0.11976596
v -0.24045153 -0.73689078 -0.12343526
v -0.28615446 -0.08485620 0.16184622
v -0.27423155 0.32444413 -0.16049244
v -0.27847974 0.31836596 -0.16006296
v -0.28477265 0.31273599 -0.15907328
v -0.28580902 0.33156801 -0.15420887
v -0.29848817 0.33549872 -0.14217393
v -0.30746070 0.33690856 -0.13291197
v -0.30492114 0.48568821 0.05327961
v -0.30182136 0.48751818 0.05808799
v -0.30643368 0.47407338 0.06495976
v -0.30000072 0.47624883 0.07672395
v -0.29562183 0.47318638 0.08766650
v -0.28439917 0.47740651 0.10196092
v -0.27715392 0.47619284 0.11321159
v -0.27537997 0.48455845 0.10841257
v -0.26794799 0.48826513 0.11489219
v -0.26855486 0.49382971 0.10950494
v -0.26257941 0.49834860 0.11346368
v -0.26500694 0.50440810 0.10548085
v -0.26054401 0.51335269 0.10321204
v -0.19446851 -0.33458366 0.07320403
v -0.19228372 -0.31140076 0.07267184
v -0.18630827 -0.32836544 0.06122511
v -0.18212546 -0.31710546 0.05493220
v -0.17766254 -0.32568583 0.04393361
v -0.17731706 -0.31633051 0.04480192
v -0.17440405 -0.32277283 0.03680975
v -0.17387184 -0.30671377 0.03825693
v -0.17122959 -0.30026212 0.03086230
v -0.17548708 -0.29863755 0.04341076
v -0.17350773 -0.28588367 0.04171150
v -0.17892297 -0.28642518 0.05314890
v -0.17324630 -0.27309250 0.04302795
v -0.17568315 -0.26449339 0.05055331
v -0.17006251 -0.25574494 0.03916258
v -0.17299421 -0.25229039 0.04747220
v -0.17183646 -0.24566137 0.04636114
v -0.17501092 -0.23947115 0.05468011
v -0.17073473 -0.23699694 0.04576360
v -0.17091214 -0.22951829 0.04775231
v -0.16664528 -0.22944364 0.03452227
v -0.16984774 -0.22088186 0.04746287
v -0.16537548 -0.21196541 0.03621220
v -0.16968903 -0.21459832 0.04855526
v -0.16884873 -0.20699826 0.04856459
v -0.17449740 -0.22171286 0.05763049
v -0.17621533 -0.20164837 0.06514650
v -0.18144387 -0.21609215 0.07137405
v -0.18543997 -0.20325425 0.07968367
v -0.19188225 -0.22084453 0.08509893
v -0.19601840 -0.20087343 0.09266161
v -0.21061159 -0.21747400 0.10549951
v -0.20785729 -0.20589657 0.10429509
v -0.22148878 -0.20474815 0.11673152
v -0.21027547 -0.19285323 0.10863663
v -0.22368290 -0.19738151 0.11981261
v -0.22053645 -0.18393671 0.11891629
v -0.22449519 -0.18835294 0.12172663
v -0.23107753 -0.18431951 0.12773942
v -0.23156304 -0.19932354 0.12606817
v -0.24720194 -0.19993044 0.13783236
v -0.23867758 -0.21232955 0.12973747
v -0.25728553 -0.22186224 0.14176311
v -0.24371003 -0.23274878 0.13098858
v -0.25872337 -0.23622203 0.14088544
v -0.25592236 -0.25295328 0.13696403
v -0.27240157 -0.25199160 0.14668353
v -0.28462325 -0.25542752 0.15001670
v -0.28452988 -0.83132170 -0.02438269
v -0.27931069 -0.83158319 -0.02813602
v -0.27734065 -0.83092025 -0.04065648
v -0.29169110 -0.82917427 -0.05364377
v -0.28993581 -0.82703624 -0.06793819
v -0.28914219 0.09800225 -0.16205167
v -0.27556670 0.10573296 -0.16044576
v -0.25531549 0.10451922 -0.15610422
v -0.27076766 0.12122251 -0.16045510
v -0.25875138 0.12683382 -0.15875583
v -0.26283150 0.14377987 -0.16045510
v -0.25186094 0.15636568 -0.15941873
v -0.29023458 0.45824768 -0.08171909
v -0.29574321 0.44551250 -0.08380117
v -0.30384743 0.44988207 -0.06889986
v -0.26997404 0.38627141 -0.14673022
v -0.25460590 0.38735458 -0.15674845
v -0.25290664 0.37366701 -0.15972684
v -0.24559603 0.38393724 -0.16028704
v -0.23947118 0.36600162 -0.16298534
v -0.22851928 0.37282674 -0.16363890
v -0.21525190 0.36106247 -0.16449787
v -0.21672710 0.38052946 -0.16424577
v -0.19801645 0.36449832 -0.16425511
v -0.19971571 0.38286362 -0.16469394
v -0.18992156 0.37760705 -0.16432981
v -0.17657014 0.38674767 -0.16400303
v -0.18511319 0.36197746 -0.16300401
v -0.16966100 0.36467583 -0.16114601
v -0.17667286 0.35023199 -0.16080989
v -0.16455388 0.34414448 -0.15819563
v -0.18328318 0.34030709 -0.16097796
v -0.17369447 0.32425736 -0.15788752
v -0.18863310 0.32605001 -0.16050178
v -0.18362866 0.30920668 -0.15824231
v -0.20066806 0.31718955 -0.16162219
v -0.19370290 0.30159735 -0.15926001
v -0.20691427 0.29547245 -0.16097796
v -0.20654080 0.28414711 -0.16019367
v -0.21710989 0.30585488 -0.16285463
v -0.22893943 0.28903021 -0.16352685
v -0.23548443 0.30252167 -0.16433915
v -0.24207610 0.28186901 -0.16425511
v -0.26029192 0.27804095 -0.16446052
v -0.28122471 0.27348467 -0.16294798
v -0.29488423 0.27887195 -0.15989491
v -0.24365401 -0.72883323 -0.12592815
v -0.23653013 -0.71391333 -0.12506917
v -0.24619359 -0.72477184 -0.12755273
v -0.24936805 -0.72105583 -0.12931736
v -0.25419509 -0.72277377 -0.13079255
v -0.25392433 -0.71363319 -0.13174489
v -0.26337302 -0.72367942 -0.13328543
v -0.26284083 -0.70892750 -0.13476062
v -0.27457701 -0.71498704 -0.13674933
v -0.27377405 -0.69708863 -0.13868202
v -0.28578100 -0.71215803 -0.13893411
v -0.26214993 -0.44399993 0.11795462
v -0.27750871 -0.45342994 0.12499446
v -0.29436138 0.46848073 -0.06704187
v -0.28422178 -0.13022295 0.15929733
v -0.27312049 -0.52860867 -0.15624427
v -0.26994603 -0.53567653 -0.15497448
v -0.28055246 -0.53028934 -0.15762609
v -0.27907728 -0.54177337 -0.15654304
v -0.28411908 -0.53424805 -0.15799956
v -0.28504340 -0.54106382 -0.15770079
v -0.29200855 -0.54216549 -0.15871848
v -0.29943119 -0.54448099 -0.15954944
v -0.30076633 0.24356067 -0.16176224
v -0.30429559 0.25469931 -0.16010031
v -0.30001005 0.26615536 -0.15988557
v -0.29379185 0.27069298 -0.16091260
v -0.29062672 0.25702414 -0.16252783
v -0.27132786 0.24866787 -0.16451655
v -0.26626739 0.26139372 -0.16447919
v -0.25157150 0.24891989 -0.16401237
v -0.25314005 0.26768659 -0.16455389
v -0.23788395 0.26214060 -0.16321876
v -0.22255316 0.27341928 -0.16180891
v -0.28746159 -0.38812005 -0.16099662
v -0.19220903 -0.18155589 0.09193336
v -0.18370335 -0.18783016 0.07977703
v -0.17730773 -0.17713965 0.07255046
v -0.17269542 -0.18676573 0.06182264
v -0.16970770 -0.19689606 0.05293415
v -0.16879271 -0.18315250 0.05403588
v -0.16644921 -0.18428219 0.04797639
v -0.16548753 -0.16937155 0.05067468
v -0.16193959 -0.16834451 0.03960141
v -0.16438581 -0.15708449 0.05114152
v -0.15885851 -0.14797194 0.03779010
v -0.16310667 -0.14505893 0.05246733
v -0.16161281 -0.14029722 0.05006781
v -0.16562758 -0.14237929 0.05901231
v -0.16345215 -0.13105395 0.05748110
v -0.17055733 -0.14071735 0.06971213
v -0.16714014 -0.12096101 0.06939468
v -0.17868958 -0.13773896 0.08349303
v -0.17331166 -0.10997175 0.08255003
v -0.18243355 -0.12548930 0.09117710
v -0.18719526 -0.11058799 0.10046706
v -0.18942671 -0.13415373 0.09771274
v -0.19744690 -0.12466762 0.10870199
v -0.19715745 -0.14475078 0.10408969
v -0.20852019 -0.14373314 0.11523765
v -0.20864157 -0.16291990 0.11198850
v -0.21726862 -0.15606686 0.12083030
v -0.21605486 -0.16398434 0.11843080
v -0.22318806 -0.16239705 0.12494777
v -0.22176889 -0.17009983 0.12232418
v -0.23281416 -0.17004377 0.13129669
v -0.24493314 -0.18448762 0.13820583
v -0.26127227 -0.19800708 0.14695428
v -0.26854553 -0.21019142 0.14971791
v -0.28753629 -0.21175997 0.15389142
v -0.28135542 -0.23822005 0.15092235
v -0.27295243 -0.22431778 0.15020344
v -0.20548577 -0.77620744 -0.09004739
v -0.20538305 -0.76903690 -0.09256828
v -0.21384208 -0.78338737 -0.09580810
v -0.21289908 -0.76209975 -0.10175555
v -0.21864112 -0.77845761 -0.10195161
v -0.22354286 -0.76377102 -0.10909416
v -0.22695073 -0.77227676 -0.10912217
v -0.23255273 -0.76532089 -0.11398657
v -0.23265543 -0.77574060 -0.11153103
v -0.24206677 -0.76646931 -0.11844948
v -0.24612821 -0.78586153 -0.11502294
v -0.25828454 -0.78450776 -0.11979397
v -0.26542709 -0.77152046 -0.12505984
v -0.27284040 -0.78904538 -0.12164262
v -0.27944141 -0.77389195 -0.12654437
v -0.29003851 -0.78681393 -0.12299644
v -0.29481889 -0.76757106 -0.12803823
v -0.27763009 -0.50012258 -0.15930670
v -0.26875095 -0.48845176 -0.15773813
v -0.28566895 -0.49337218 -0.16137943
v -0.28702277 -0.47913381 -0.16219172
v -0.30555604 -0.48735000 -0.16468460
v -0.29312894 -0.82407652 -0.00062090
v -0.28569697 -0.81294719 0.01136737
v -0.30288574 -0.81867992 0.00170393
v -0.29236334 0.36700060 0.14916707
v -0.29671422 0.36824233 0.14687023
v -0.29155106 0.37290140 0.14828940
v -0.29664887 0.37344291 0.14556310
v -0.29508965 0.48493185 0.07675196
v -0.28784439 0.48821840 0.08630335
v -0.29192451 0.49020709 0.07703205
v -0.28689206 0.49906762 0.07637849
v -0.29140166 0.49664940 0.06994554
v -0.28698543 0.50731185 0.06507180
v -0.29574321 0.49368027 0.06430620
v -0.29444541 0.50671434 0.04824716
v -0.26757452 -0.80255552 -0.11529371
v -0.28094460 -0.80251817 -0.11751582
v -0.30057026 0.48724736 0.06129979
v -0.27323254 0.34353758 -0.15787818
v -0.28395101 0.24093709 -0.16395634
v -0.24219749 0.20362779 -0.16085657
v -0.25510074 0.19369364 -0.16211703
v -0.27396079 0.19376829 -0.16395634
v -0.28697610 0.18115449 -0.16399369
v -0.21126515 -0.79893286 -0.06989888
v -0.21270301 -0.80384398 -0.05923642
v -0.21979885 -0.80991277 -0.05190715
v -0.24251494 -0.81755953 -0.06562269
v -0.24826631 -0.81968825 -0.05703297
v -0.25621180 -0.82192903 -0.05403590
v -0.25285995 -0.82116348 -0.06072095
v -0.26947920 -0.82796053 -0.05334500
v -0.27411952 -0.82662540 -0.06508117
v -0.27540798 -0.38569253 0.13125937
v -0.27612690 -0.39926802 0.13004559
v -0.25929291 -0.39281637 0.12189468
v -0.28491269 -0.33466768 0.14085741
v -0.29545377 -0.53658219 -0.15961479
v -0.28479131 -0.52072859 -0.15918532
v -0.29156972 -0.51447305 -0.16080989
v -0.21488778 -0.33657238 -0.12768344
v -0.21928535 -0.32225931 -0.12983087
v -0.20814671 -0.31530348 -0.12221216
v -0.22252517 -0.30940271 -0.13164218
v -0.21739000 -0.29507095 -0.12793553
v -0.23671687 -0.30890789 -0.13952232
v -0.24396212 -0.28970236 -0.14243536
v -0.29381051 0.51784365 -0.00807156
v -0.28381096 0.07678001 0.16656124
v -0.26437204 -0.35054003 -0.15264032
v -0.27515588 -0.33516253 -0.15577743
v -0.29092549 0.52760044 0.01355214
v -0.29387587 0.52270801 0.01428974
v -0.28790042 0.44445753 0.12175464
v -0.28049646 0.42808106 0.13873802
v -0.27600552 0.44530706 0.13489133
v -0.26860156 0.43687606 0.14322894
v -0.26631407 0.44368252 0.14240734
v -0.26643545 0.43319745 0.14549775
v -0.25880741 0.44832292 0.14508694
v -0.25512876 0.42913602 0.15138918
v -0.24466236 0.43935967 0.15243488
v -0.23810803 0.42030356 0.15727128
v -0.22853797 0.44114292 0.15645898
v -0.22310403 0.42297380 0.16004428
v -0.21489711 0.43527018 0.15997892
v -0.20864157 0.41776396 0.16318138
v -0.19743757 0.42369282 0.16432047
v -0.19040705 0.39739145 0.16758828
v -0.18020210 0.40992120 0.16742021
v -0.16730818 0.40223715 0.16881139
v -0.16959565 0.42220818 0.16727083
v -0.15828897 0.41514044 0.16854996
v -0.15846638 0.43695086 0.16698138
v -0.26476418 0.45572688 0.13924220
v -0.21573741 0.35796269 0.16767230
v -0.19965969 0.37331213 0.16843791
v -0.22017232 0.36961485 0.16623446
v -0.21979885 0.39213488 0.16400298
v -0.23316895 0.37726157 0.16312536
v -0.23605398 0.39431960 0.16062312
v -0.24691251 0.38680366 0.15918528
v -0.24673510 0.40916499 0.15666441
v -0.25850862 0.39836236 0.15503980
v -0.26035729 0.41256352 0.15277099
v -0.27089836 0.39120116 0.15301376
v -0.27612690 0.41295558 0.14631005
v -0.28007629 0.40366566 0.14685157
v -0.28680802 0.41352516 0.13985841
v -0.24486778 0.34686145 0.16422708
v -0.24912529 0.36494652 0.16125802
v -0.25834989 0.37540353 0.15799020
v -0.27927335 0.39328330 0.14974594
v -0.20032258 -0.64525150 -0.11200719
v -0.20413195 -0.65938723 -0.11258607
v -0.21157327 -0.66841580 -0.11604063
v -0.21496246 -0.68576327 -0.11619935
v -0.22671732 -0.67426986 -0.12371536
v -0.22398167 -0.69911467 -0.12022345
v -0.23667019 -0.68382126 -0.12757140
v -0.23929380 -0.70026308 -0.12734732
v -0.24781815 -0.68859228 -0.13172621
v -0.25492335 -0.69918006 -0.13329477
v -0.25826588 -0.68879770 -0.13532083
v -0.26277548 -0.69571614 -0.13595571
v -0.26876026 -0.68604341 -0.13886876
v -0.23922844 0.27100113 0.16943692
v -0.25932091 0.26870429 0.16724280
v -0.24258962 0.25691209 0.16936223
v -0.25947030 0.24830372 0.16783101
v -0.25716415 0.23664224 0.16850327
v -0.27158928 0.25195434 0.16601036
v -0.27498783 0.23339308 0.16654258
v -0.27855441 0.21528928 0.16668263
v -0.25923689 0.21828634 0.16877403
v -0.27133719 0.20177915 0.16801778
v -0.24892922 0.20966864 0.16960500
v -0.25795776 0.19472067 0.16928755
v -0.24180535 0.19266660 0.16956763
v -0.25632385 0.17788667 0.16938093
v -0.23329966 0.17190189 0.16953964
v -0.24198275 0.16284532 0.16953964
v -0.22458856 0.15171601 0.16848461
v -0.23649279 0.14702902 0.16885805
v -0.21754872 0.13339752 0.16692539
v -0.22780037 0.12627364 0.16747623
v -0.21050889 0.12051289 0.16532881
v -0.21851974 0.10342686 0.16535680
v -0.19844591 0.10428579 0.15945604
v -0.20949120 0.09080366 0.16210765
v -0.19766164 0.08659286 0.15506783
v -0.21275901 0.07438053 0.16112730
v -0.19835256 0.06684578 0.15136119
v -0.21726862 0.05741581 0.16033370
v -0.20091079 0.04510076 0.14825208
v -0.21142388 0.02848153 0.15159458
v -0.19212501 0.03100239 0.13921417
v -0.19317072 0.01597037 0.13657189
v -0.17858686 0.03294442 0.12835566
v -0.18079031 0.02382253 0.12780478
v -0.17326497 0.02655816 0.12123179
v -0.18417950 0.01548485 0.12864508
v -0.17787727 0.00843570 0.12054086
v -0.18652300 0.00557869 0.12837432
v -0.18714857 -0.00459823 0.12635761
v -0.24195474 -0.80594473 0.00974279
v -0.25650124 -0.80222871 0.01958361
v -0.26571651 -0.81314329 0.01252512
v -0.27905860 0.48953493 0.09908523
v -0.28092594 0.49325088 0.09250290
v -0.27379273 0.49697622 0.10012161
v -0.27147723 0.50205528 0.09879579
v -0.26504429 0.51309127 0.09746065
v -0.21208677 0.40584111 0.16391896
v -0.22970505 0.40879144 0.16030567
v -0.26672489 0.42170400 0.14865355
v -0.27228019 0.41745594 0.14689826
v -0.27802223 0.28108473 0.16343347
v -0.26637942 0.51887069 -0.06306445
v -0.26096416 0.53287567 -0.05698629
v -0.25968505 0.54635780 -0.04399900
v -0.25893812 0.55501290 -0.03510117
v -0.26691161 0.55807521 -0.01417772
v -0.26521234 0.56549783 0.00209607
v -0.27128118 0.55650666 0.00929463
v -0.26664085 0.56278086 0.01174082
v -0.26751849 0.55927036 0.01856593
v -0.26308358 0.56469489 0.02111484
v -0.27043153 0.55350960 0.02296350
v -0.27254161 0.54763686 0.03123577
v -0.28166354 0.52014975 0.05926440
v -0.27398880 -0.56621673 -0.15372337
v -0.26220595 -0.57413423 -0.15039019
v -0.26808804 -0.58046451 -0.15129584
v -0.27766744 -0.58323745 -0.15319119
v -0.27799422 -0.57749540 -0.15371403
v -0.28088859 -0.57025955 -0.15475974
v -0.27155194 -0.11065331 -0.15112778
v -0.25493269 -0.45780885 0.11209120
v -0.27208412 0.51207349 0.08841345
v -0.28089793 0.50251274 0.08352104
v -0.28403505 0.49439929 0.08621933
v -0.28339081 0.50405336 0.07726548
v -0.27798489 0.51181206 0.07866598
v -0.26598729 -0.67068454 -0.13996114
v -0.25546489 -0.65766929 -0.13792575
v -0.24993758 -0.64486870 -0.13746825
v -0.25146878 -0.63886523 -0.13869136
v -0.21654970 -0.65316902 -0.12163328
v -0.24016209 -0.65960196 -0.13182891
v -0.24853708 -0.67068454 -0.13387364
v -0.26055335 -0.67663202 -0.13750560
v -0.22580231 -0.25500736 -0.13193162
v -0.23397191 -0.24523187 -0.13611444
v -0.26677156 0.33689923 -0.16089393
v -0.27251362 0.33131591 -0.16003496
v -0.25412973 -0.82193842 -0.00391675
v -0.24784618 -0.82535558 -0.02359841
v -0.24789285 -0.82497278 -0.03089968
v -0.27285906 0.49268130 0.10503269
v -0.27699521 0.48663119 0.10453785
v -0.26076810 0.39966949 -0.14863490
v -0.25059114 0.40166757 -0.15524525
v -0.24531593 0.39255502 -0.15915731
v -0.23945250 0.40466463 -0.15911062
v -0.22916352 0.39487052 -0.16226641
v -0.23231932 0.41349710 -0.15974552
v -0.22028436 0.41308637 -0.16241580
v -0.22808980 0.42258173 -0.15966149
v -0.22047109 0.42637232 -0.16106197
v -0.27807826 0.54838381 0.00884647
v -0.24320584 -0.38539375 0.11218457
v -0.24308448 -0.37195831 0.11383716
v -0.26276615 -0.37183693 0.12660037
v -0.22863133 -0.36830765 0.10315602
v -0.24842505 -0.36117448 0.11877624
v -0.26822808 0.42781023 0.14617001
v -0.20838014 -0.12708584 0.11829074
v -0.21436493 -0.13057776 0.12290304
v -0.22271189 -0.11695558 0.13251047
v -0.22272124 -0.13161413 0.12977484
v -0.23618469 -0.12827159 0.14041862
v -0.22822052 -0.14433065 0.13195959
v -0.23991002 -0.15759801 0.13844860
v -0.25133807 -0.15926928 0.14599260
v -0.25856464 -0.17878293 0.14803731
v -0.23222595 -0.42473842 -0.14193118
v -0.24082500 -0.43328147 -0.14688894
v -0.24255228 -0.44872429 -0.14875627
v -0.25738823 -0.43520479 -0.15394745
v -0.18778347 -0.57682321 0.04107660
v -0.18103307 -0.57485317 0.03001266
v -0.18332054 -0.57991363 0.03326182
v -0.18329255 -0.58833528 0.03151586
v -0.19039772 -0.59625278 0.04032033
v -0.18592546 -0.60909998 0.03089964
v -0.19485132 -0.59694369 0.04586630
v -0.19821252 -0.61043511 0.04715477
v -0.19754026 -0.60273242 0.04793904
v -0.20010785 -0.60583216 0.05022653
v -0.20410395 -0.59849356 0.05615529
v -0.20996736 -0.60892259 0.05941379
v -0.20991133 -0.61700818 0.05739708
v -0.21533594 -0.62555119 0.05995532
v -0.22739890 -0.63454242 0.06664970
v -0.23369180 -0.65676363 0.06494110
v -0.23844415 -0.67928365 0.06290571
v -0.19500069 -0.69109448 0.02209518
v -0.20503760 -0.69485717 0.03277631
v -0.20875358 -0.68457749 0.03939599
v -0.20934179 -0.69527733 0.03679107
v -0.21662438 -0.70920763 0.03873310
v -0.22196496 -0.73760039 0.03387803
v -0.23758518 -0.75459309 0.03759403
v -0.25446586 -0.80090290 -0.11152169
v -0.23344904 -0.79180900 -0.10569562
v -0.22380428 -0.78009152 -0.10511675
v -0.26636076 0.46857405 0.13150209
v -0.25724819 0.46830336 0.13915818
v -0.25150613 0.45920947 0.14571248
v -0.25163686 0.46605325 0.14350906
v -0.23324364 0.46254260 0.15161324
v -0.24708056 0.47235538 0.14400388
v -0.25090859 -0.73275467 -0.12821563
v -0.18288171 0.04194493 0.13463923
v -0.18505717 0.05902169 0.14047464
v -0.18625224 0.07082322 0.14410660
v -0.17145365 0.07005761 0.13252913
v -0.16969836 0.08267141 0.13452718
v -0.16179022 0.08356774 0.12766474
v -0.16025899 0.09326853 0.12956944
v -0.15288306 0.09852510 0.12377135
v -0.16016564 0.10683472 0.13372424
v -0.15222013 0.11419202 0.12861709
v -0.16695340 0.11880429 0.14293019
v -0.15547865 0.13523682 0.13854195
v -0.17705563 0.13502206 0.15391941
v -0.16494602 0.14663689 0.14926042
v -0.18159325 0.15391013 0.16080985
v -0.17488954 0.16523547 0.15964277
v -0.19613978 0.15742071 0.16601970
v -0.19286260 0.17376919 0.16654258
v -0.21136785 0.17315295 0.16826051
v -0.19202230 0.18838108 0.16726150
v -0.20607397 0.18698990 0.16829787
v -0.19722281 0.20590597 0.16840988
v -0.21743667 0.19425381 0.16934357
v -0.21224549 0.21120920 0.16937157
v -0.23068539 0.20947254 0.16978240
v -0.22975172 0.22483137 0.16990378
v -0.24149725 0.23251542 0.16964232
v -0.25794843 -0.27483842 0.13590900
v -0.24485843 -0.26296220 0.12811290
v -0.23864956 -0.24865843 0.12519053
v -0.22750160 -0.24793018 0.11650744
v -0.22785639 -0.24041417 0.11762784
v -0.22160083 -0.23639007 0.11269807
v -0.23074142 -0.23696895 0.12044751
v -0.22039640 -0.22925687 0.11261405
v -0.22354286 -0.22147943 0.11636739
v -0.22438316 -0.21501845 0.11787992
v -0.22931291 -0.21674578 0.12178265
v -0.23538173 0.07698545 0.16587032
v -0.22588635 0.08956192 0.16551554
v -0.23588592 0.09685383 0.16682267
v -0.23559648 0.10183958 -0.15022213
v -0.26664085 0.49225190 -0.08640609
v -0.24914397 -0.42016348 -0.15001672
v -0.24545599 -0.39417019 -0.14680491
v -0.24805158 0.41744654 -0.15132385
v -0.26148702 0.41407608 -0.14122159
v -0.25159950 0.47199124 0.14148298
v -0.25231842 0.04324272 0.16547818
v -0.23727708 0.05821875 0.16514207
v -0.23985399 0.04158085 0.16458186
v -0.22412173 0.04204764 0.16075383
v -0.22252517 0.02343973 0.15699116
v -0.23948987 0.24022747 -0.16239712
v -0.22076986 0.24296317 -0.15965215
v -0.20653147 0.24700593 -0.15736467
v -0.19157413 0.25195434 -0.15453566
v -0.17857753 0.25969445 -0.15200542
v -0.19257318 0.27140260 -0.15660840
v -0.18544930 0.28238253 -0.15623493
v -0.23423333 0.36046497 0.16473127
v -0.19852997 0.35082949 -0.16355487
v -0.20581255 0.33801032 -0.16360155
v -0.22915418 0.34863537 -0.16437650
v -0.25282260 0.50526717 0.12026078
v -0.26222462 0.49128085 0.11984063
v -0.24784618 0.50310098 0.12843035
v -0.25419509 0.49244794 0.12838366
v -0.25158083 -0.60206947 -0.14427467
v -0.24835968 -0.58862474 -0.14498427
v -0.23908838 -0.58571168 -0.14233265
v -0.21946274 -0.58215443 -0.13417241
v -0.20713834 -0.56729983 -0.12842104
v -0.18930533 -0.57489984 -0.11149368
v -0.18958545 -0.58534752 -0.11089613
v -0.18646701 -0.60125718 -0.10415507
v -0.19121003 -0.59685965 -0.11201653
v -0.19193828 -0.60483317 -0.11168975
v -0.19757762 -0.59438542 -0.11864556
v -0.21167597 -0.60269506 -0.12750605
v -0.22706277 -0.60445036 -0.13509674
v -0.23662350 -0.59674758 -0.14004517
v -0.24059159 -0.61409512 -0.13874738
v -0.23031193 0.60981902 -0.00028479
v -0.23369180 0.60602828 0.00281499
v -0.23934047 0.59876437 -0.00646564
v -0.23766922 0.59419876 -0.02114287
v -0.24723929 0.58797128 -0.00823028
v -0.25246781 0.57276175 -0.02336499
v -0.25694940 0.57616028 -0.00337522
v -0.23104952 0.59052940 -0.03846236
v -0.24244958 0.57918540 -0.03356995
v -0.24792086 0.56347182 -0.04351349
v -0.23775324 0.60079978 0.00809953
v -0.24432625 0.59314365 0.00761403
v -0.25279459 0.58176233 0.01117130
v -0.26015188 0.57235102 0.00885580
v -0.24428891 0.58953043 0.02132024
v -0.25370960 0.57706593 0.02160033
v -0.25609044 0.45562417 0.14432133
v -0.24282305 0.45142256 0.15092235
v -0.21024746 0.45819169 0.15789685
v -0.20080811 0.43854733 0.16205162
v -0.18515052 0.42809973 0.16558090
v -0.23972328 -0.81274177 -0.00130248
v -0.23013453 -0.80374123 0.00248821
v -0.22647456 -0.80841889 -0.00605484
v -0.22164751 -0.79963316 -0.00229215
v -0.22708145 -0.03416742 -0.13549822
v -0.23761320 -0.01608235 -0.14096950
v -0.24935870 -0.15732725 -0.14208056
v -0.24526925 -0.46243985 -0.15048355
v -0.16852195 0.12736600 -0.12532126
v -0.19091124 0.12653507 -0.13585301
v -0.17801731 0.14299560 -0.13268789
v -0.19519676 0.14076408 -0.14013854
v -0.18311514 0.16155686 -0.13790708
v -0.19741887 0.15985759 -0.14368646
v -0.18997759 0.17547779 -0.14298622
v -0.20717570 0.17023995 -0.14887765
v -0.20382383 0.18400217 -0.14967126
v -0.22139543 0.17493627 -0.15403148
v -0.22414039 0.16245318 -0.15353664
v -0.23578320 0.15134254 -0.15553468
v -0.24962013 0.13870074 -0.15765410
v -0.24952676 0.54834649 0.08596724
v -0.19126605 0.44914453 0.16234108
v -0.19752159 0.47143106 0.15847569
v -0.21728730 0.46995597 0.15466633
v -0.20784792 0.48869453 0.15358330
v -0.21318850 0.49980517 0.15013808
v -0.22135807 0.50683573 0.14570315
v -0.21192806 0.52094343 0.14554444
v -0.22182491 0.51386614 0.14307956
v -0.22028436 0.51884262 0.14227662
v -0.21994824 0.53113901 0.13691737
v -0.22508340 0.53919646 0.12732862
v -0.23370113 0.54391152 0.11291282
v -0.22330944 0.55929842 0.11245533
v -0.23677290 0.55379909 0.09949605
v -0.25025503 0.55193179 -0.05309290
v -0.22580231 -0.76231450 0.02589520
v -0.21479441 -0.75130663 0.02090942
v -0.21369268 -0.74315567 0.02380378
v -0.20332901 -0.74461219 0.01189022
v -0.20659682 -0.73041114 0.02156298
v -0.19518743 -0.72604159 0.00923860
v -0.20565380 -0.71686366 0.02543771
v -0.19065915 -0.71122435 0.00908923
v -0.20596192 -0.70481936 0.03051685
v -0.08507093 0.20343176 -0.06155191
v -0.07854460 0.21552271 -0.05725705
v -0.08030922 0.19772706 -0.04140341
v -0.07343744 0.21375806 -0.04046041
v -0.07512737 0.19840862 -0.02257138
v -0.06768608 0.21800625 -0.02444805
v -0.07119666 0.20255410 -0.01173153
v -0.06477304 0.21577481 -0.00626024
v -0.07101925 0.19767100 0.00418747
v -0.06385806 0.21353403 0.01058309
v -0.07024431 0.19571965 0.02051728
v -0.06341923 0.21123719 0.02926573
v -0.07008560 0.19860473 0.04156210
v -0.06063690 0.21975224 0.03849969
v -0.06735927 0.21147995 0.05267273
v -0.06380203 0.21886525 0.05132824
v -0.06359660 0.22330015 0.05664080
v -0.05834010 0.23145106 0.05139361
v -0.05929241 0.23653952 0.06138383
v -0.05272875 0.24191740 0.04910612
v -0.05335432 0.25016169 0.06314845
v -0.05031990 0.24641769 0.04852725
v -0.04829385 0.25448454 0.05496955
v -0.04343879 0.26104824 0.04941422
v -0.03949871 0.27307387 0.05640738
v -0.03639894 0.27265374 0.04582896
v -0.03254291 0.28024440 0.04627712
v -0.03435423 0.27160796 0.02885491
v -0.02667947 0.28631324 0.02983528
v -0.02348635 0.29214865 0.01722144
v -0.02252467 0.29663020 0.04078716
v -0.01303864 0.31091534 0.02699692
v -0.01907945 0.30329662 0.04131001
v -0.01620373 0.31077523 0.04632380
v -0.02451339 0.30350198 0.05948848
v -0.01486861 0.32089623 0.05930174
v -0.02340233 0.31859939 0.07531411
v -0.01421505 0.33147462 0.07169150
v -0.02584851 0.33163333 0.09090632
v -0.01237571 0.34695477 0.08320359
v -0.01882735 0.34728158 0.09334319
v -0.01652118 0.35991405 0.10069114
v -0.03072227 0.34229584 0.10605039
v -0.02793994 0.35904579 0.11407057
v -0.03460629 0.35243544 0.11732906
v -0.03729526 0.36146394 0.12489176
v -0.04488596 0.35004521 0.12596547
v -0.04614639 0.36699119 0.13515275
v -0.05402655 0.35635681 0.13707608
v -0.05237398 0.38092152 0.14568448
v -0.06411011 0.36571213 0.14827074
v -0.07028167 0.38056678 0.15678576
v -0.07848857 0.36103447 0.15578675
v -0.08628467 0.37828861 0.16341478
v -0.09453830 0.35641280 0.16249979
v -0.10366955 0.37388171 0.16661727
v -0.10783369 0.36266835 0.16674798
v -0.12546130 0.34941964 0.16839122
v -0.13985842 0.35412537 0.16983843
v -0.14273410 0.33498520 0.16967035
v -0.15624423 0.32915912 0.17058534
v -0.17243400 0.32582591 0.17109886
v -0.16066983 0.30472512 0.17020253
v -0.17350773 0.31153151 0.17093079
v -0.17927778 0.29985136 0.17082810
v -0.19197564 0.31290403 0.17119225
v -0.21388875 0.31405245 0.17033325
v -0.23912574 0.12039151 -0.15346194
v -0.23219794 0.13060582 -0.15250960
v -0.22321607 0.14346239 -0.15113712
v -0.20654080 0.15074497 -0.14616068
v -0.18884783 -0.07333476 -0.11278214
v -0.21257228 -0.20601795 -0.12319251
v -0.23462547 -0.20430935 -0.13566628
v -0.23399057 -0.40746562 -0.14183781
v -0.12891586 0.18133186 0.13060577
v -0.12699249 0.18909996 0.13181021
v -0.13909281 0.18232157 0.14013849
v -0.13114730 0.19987446 0.13928886
v -0.14537638 0.19701744 0.14907368
v -0.14219259 0.21093844 0.15104370
v -0.15849437 0.20290891 0.15897988
v -0.16778433 0.21762345 0.16580496
v -0.17912837 0.19916490 0.16660794
v -0.18634563 0.22112469 0.16816716
v -0.20086413 0.22258119 0.16939026
v -0.20745579 0.23335576 0.16979173
v -0.22853797 0.24595090 0.17025856
v -0.21895855 -0.65775332 0.05420393
v -0.22655860 -0.66377544 0.05862952
v -0.21804356 0.06124380 -0.13959701
v -0.23981665 0.45823842 -0.13911151
v -0.23970460 0.48024486 -0.12603086
v -0.22963969 0.47145913 -0.14189383
v -0.22707211 0.49544499 -0.12907460
v -0.21766075 0.48031952 -0.14719705
v -0.21540130 0.49293332 -0.14183781
v -0.20598062 0.48689262 -0.15279904
v -0.19601840 0.49723765 -0.15481576
v -0.19066848 0.48873199 -0.15927868
v -0.18362866 0.49528629 -0.15983887
v -0.18148123 0.47862032 -0.16290130
v -0.17252738 0.48999239 -0.16287329
v -0.16390965 0.47289689 -0.16503939
v -0.15824228 0.49270936 -0.16432047
v -0.14900834 0.47463355 -0.16589838
v -0.13455520 0.49146749 -0.16604776
v -0.13203429 0.47069351 -0.16589838
v -0.11631138 0.48596830 -0.16584234
v -0.12192270 0.46059125 -0.16466594
v -0.10129803 0.47731320 -0.16402171
v -0.10356684 0.46358830 -0.16249050
v -0.08718100 0.45853717 -0.15902659
v -0.10010295 0.44591397 -0.15952144
v -0.08449206 0.44455085 -0.15602019
v -0.09165325 0.42673647 -0.15449831
v -0.07646253 0.42209621 -0.14959657
v -0.09217610 0.40656000 -0.15092237
v -0.06960941 0.40564508 -0.14239801
v -0.08805866 0.39397426 -0.14649680
v -0.06615486 0.39493591 -0.13824320
v -0.07974904 0.37939970 -0.13954099
v -0.05875090 0.38097751 -0.13120336
v -0.07346547 0.36694461 -0.13341614
v -0.06250424 0.35735586 -0.12482642
v -0.07987975 0.34810319 -0.13068051
v -0.07161679 0.33505992 -0.12232420
v -0.20883764 0.45183343 -0.16058581
v -0.20978997 0.45815436 -0.15941873
v -0.22540085 0.45786487 -0.15169732
v -0.23464413 -0.23243130 0.12415416
v -0.23764121 -0.05944175 0.15261229
v -0.23296353 -0.07179420 0.14774789
v -0.23888298 -0.09044885 0.14854150
v -0.23734242 -0.11131628 0.14399455
v -0.21801555 0.32978469 -0.16401237
v -0.23005049 0.31645193 -0.16428313
v -0.21639097 -0.63660581 -0.12401413
v -0.23116157 -0.64748297 -0.12970949
v -0.22452320 0.11578857 -0.14813072
v -0.20867889 0.11300621 -0.14163240
v -0.24232820 0.49905822 0.13635716
v -0.24563338 -0.82079931 -0.00852905
v -0.23942451 -0.81770889 -0.00912659
v -0.22880872 -0.81438507 -0.01289861
v -0.22119001 -0.52189567 0.08125224
v -0.21344059 -0.51273638 0.07608905
v -0.20265675 -0.51203616 0.06678041
v -0.19462722 -0.50413735 0.05851747
v -0.19313335 -0.48692054 0.05813468
v -0.18309648 -0.49944099 0.04380290
v -0.18314314 -0.48529593 0.04440978
v -0.17671019 -0.48280306 0.03245888
v -0.17492690 -0.47876963 0.02854681
v -0.17845614 -0.47264476 0.03652032
v -0.17316225 -0.47717308 0.02469077
v -0.17383451 -0.46942364 0.02673550
v -0.17091214 -0.46691207 0.01823914
v -0.17541239 -0.46187031 0.03041413
v -0.17596327 -0.45290709 0.03156255
v -0.18138785 -0.45568945 0.04259847
v -0.18796087 -0.44906040 0.05411056
v -0.19660660 -0.44556849 0.06481972
v -0.19681200 -0.46741626 0.06344722
v -0.20720369 -0.45441028 0.07528611
v -0.20794131 -0.46900351 0.07472590
v -0.21922932 -0.45568945 0.08589255
v -0.21907993 -0.46571700 0.08475348
v -0.21357130 0.60185488 0.07836719
v -0.21609220 0.60800771 0.06283100
v -0.22283327 0.59582330 0.07045906
v -0.19663460 -0.58135145 -0.11929913
v -0.21004204 -0.58825124 -0.12817828
v -0.22734287 -0.59326503 -0.13678668
v -0.24341126 -0.59089354 -0.14316362
v -0.20930446 0.26349445 -0.15915731
v -0.22782838 0.25457793 -0.16151948
v -0.24371936 0.54411695 0.09952406
v -0.23302891 0.50061751 -0.11944851
v -0.23312226 0.51425835 -0.10963569
v -0.22081655 0.51231625 -0.12431291
v -0.22309469 0.52483674 -0.11278214
v -0.20661549 0.52221308 -0.13162351
v -0.20603661 0.53337045 -0.12445295
v -0.19249849 0.53569536 -0.13632919
v -0.18793284 0.55039116 -0.13006429
v -0.17783058 0.54221233 -0.14544176
v -0.16880204 0.55392973 -0.14519901
v -0.15934400 0.54773958 -0.15466638
v -0.15136117 0.56555396 -0.15090370
v -0.14198719 0.56033472 -0.15757941
v -0.14328498 0.57834513 -0.14842949
v -0.12648834 0.56935396 -0.15991357
v -0.13101659 0.58436732 -0.15264032
v -0.11805731 0.58501155 -0.15790619
v -0.12958808 0.59826958 -0.14491890
v -0.10753491 0.60121051 -0.15581478
v -0.12532122 0.60966031 -0.14068007
v -0.10943024 0.61484209 -0.14866291
v -0.12125047 0.62655023 -0.13010164
v -0.11164306 0.62838021 -0.13667464
v -0.11098949 0.64314154 -0.12492913
v -0.09994421 0.63964956 -0.13706677
v -0.09636827 0.65078827 -0.13062449
v -0.08360506 0.64175036 -0.14712235
v -0.07564089 0.65571802 -0.14269678
v -0.07504335 0.63594288 -0.15522657
v -0.06173862 0.64870613 -0.15541331
v -0.06018874 0.63502796 -0.16036173
v -0.05507225 0.64219856 -0.15982021
v -0.05289679 0.62408543 -0.16405905
v -0.04353214 0.64224515 -0.16246248
v -0.03065688 0.63612965 -0.16547821
v -0.02680086 0.65138577 -0.16344284
v -0.01360814 0.64099415 -0.16656126
v -0.00794081 0.65953668 -0.16446986
v 0.00077028 0.64306689 -0.16756962
v 0.01120866 0.65897650 -0.16695341
v 0.01997577 0.64096609 -0.16894213
v 0.02751981 0.65512052 -0.16868069
v 0.04318670 0.63414097 -0.16940895
v 0.04730418 0.64650275 -0.16975440
v 0.06306445 0.63688600 -0.16890477
v 0.05592191 0.65949935 -0.16981976
v 0.07431510 0.65921926 -0.16987579
v 0.06389542 0.67901293 -0.16911951
v 0.08450139 0.67465275 -0.16978242
v 0.07780701 0.69547346 -0.16768167
v 0.09444498 0.68758397 -0.16905416
v 0.09565872 0.70281202 -0.16713082
v 0.10953299 0.68933929 -0.16890477
v 0.11483622 0.71367064 -0.16588904
v 0.12567603 0.70022584 -0.16754162
v 0.13547022 0.71887108 -0.16530083
v 0.15137990 0.70770445 -0.16573031
v 0.14543237 0.72984168 -0.16376027
v 0.16432045 0.72971090 -0.16329345
v 0.15475043 0.74462168 -0.16081923
v 0.17037063 0.74549927 -0.16080989
v 0.16118335 0.76505957 -0.15170666
v 0.18169597 0.76467677 -0.15324720
v 0.17096813 0.77699182 -0.14346239
v 0.18637362 0.77966206 -0.14147368
v 0.17971661 0.78858784 -0.13457389
v 0.18429155 0.79131421 -0.13139009
v 0.17252742 0.78992303 -0.13199698
v 0.18023013 0.79875550 -0.12196007
v 0.16339613 0.79871817 -0.11972861
v 0.17342375 0.80536593 -0.11312759
v -0.22859399 0.18391812 0.16957697
v -0.13476060 0.61984663 -0.12312715
v -0.14273410 0.59532851 -0.13629184
v -0.14852282 0.60916539 -0.11900969
v -0.15457299 0.59213542 -0.12802889
v -0.16430179 0.59553395 -0.11545242
v -0.16272387 0.58073529 -0.13001760
v -0.17238730 0.57489988 -0.12535861
v -0.16849392 0.56506844 -0.13724418
v -0.18684045 0.56277160 -0.12097972
v -0.20096681 0.55441525 -0.11342637
v -0.21241357 0.53961674 -0.11301556
v -0.23018122 0.53702115 -0.09553734
v -0.23801466 0.52595723 -0.09542530
v -0.20135895 0.39006214 0.16700008
v -0.18002470 0.37286407 0.16985709
v -0.09139183 0.66333668 -0.12330455
v -0.10321206 0.65966746 -0.11651680
v -0.10594769 0.66916283 -0.10488332
v -0.11450940 0.65343044 -0.11215658
v -0.12345392 0.66085321 -0.09600417
v -0.12725392 0.64751112 -0.10535016
v -0.14156702 0.64483148 -0.09343659
v -0.13767364 0.63308586 -0.10880472
v -0.15445161 0.63542943 -0.08924443
v -0.15144519 0.62142445 -0.10575163
v -0.16478728 0.62552319 -0.08771322
v -0.17045465 0.60933350 -0.09744201
v -0.17795196 0.61238654 -0.08623803
v -0.18535592 0.58710295 -0.10152213
v -0.19360955 0.59477760 -0.08570584
v -0.19405771 0.57403155 -0.10402436
v -0.20528970 0.57996041 -0.08669552
v -0.20820274 0.56503111 -0.09660171
v -0.21801555 0.56859761 -0.08220459
v -0.22493402 0.54775824 -0.09282971
v -0.22979842 0.55735632 -0.07803111
v -0.20675553 -0.78362075 -0.08734909
v -0.22241312 -0.79112742 -0.09622825
v -0.22383229 -0.05737834 0.14431200
v -0.22361754 -0.08066399 0.13997979
v -0.22503672 -0.09922525 0.13764562
v -0.11549908 0.06571610 -0.00042483
v -0.12093302 0.04817247 -0.00444893
v -0.12219345 0.05138430 -0.01562491
v -0.12750601 0.03617491 -0.02252469
v -0.12683379 0.04669731 -0.03071294
v -0.13248246 0.03910665 -0.04454986
v -0.12876648 0.05564183 -0.04609974
v -0.13728150 0.04365359 -0.06363398
v -0.13299598 0.06323256 -0.06480107
v -0.14232330 0.05056270 -0.08207388
v -0.13452717 0.07493137 -0.07833922
v -0.14544174 0.06377407 -0.09551866
v -0.14237932 0.07938493 -0.09672309
v -0.14543241 0.07067385 -0.09774079
v -0.15292972 0.07890874 -0.10731086
v -0.16012828 0.06203741 -0.10916885
v -0.15768210 0.04663199 -0.10408038
v -0.17532837 0.05037592 -0.11711435
v -0.16360153 0.03051687 -0.10634918
v -0.17720504 0.03312179 -0.11617134
v -0.18886653 0.02302892 -0.12172666
v -0.21303912 0.01981710 -0.13320140
v -0.17285417 0.23063879 0.16720548
v -0.18783016 0.23706237 0.16902612
v -0.18053821 0.25118873 0.16914750
v -0.19352549 0.25258924 0.16997847
v -0.20259139 0.26359717 0.17045463
v -0.21092904 0.24796757 0.17032392
v -0.22058314 0.26999275 0.17041730
v -0.22265586 -0.79445130 0.00247887
v -0.22338413 -0.79093139 0.00600813
v -0.16812048 0.09987889 0.13837387
v -0.18261095 0.10036441 0.14904568
v -0.18559868 0.11949518 0.15542261
v -0.19878206 0.11834683 0.16241577
v -0.19444985 0.13615181 0.16339611
v -0.20737177 0.14581521 0.16667329
v -0.21406614 0.16020300 0.16802711
v -0.22656793 -0.30005672 0.10969168
v -0.22838857 -0.30687248 0.11036393
v -0.22406571 -0.30667641 0.10675063
v -0.22574631 -0.31248382 0.10751624
v -0.22188094 -0.32314627 0.10290392
v -0.22944362 -0.31566762 0.11026121
v -0.22910751 -0.32671287 0.10862730
v -0.22711879 -0.34043773 0.10542482
v -0.22546620 -0.33225886 0.10492999
v -0.22626916 -0.29138300 0.11045728
v -0.22735220 -0.28434311 0.11210053
v -0.21246958 -0.75903736 0.01460719
v -0.21706322 -0.76083001 0.01843521
v -0.21949075 -0.76802858 0.01691334
v -0.21534527 -0.14602991 0.12090501
v -0.21986420 -0.15441425 0.12335120
v -0.21423421 0.46769645 -0.15522657
v -0.20199385 0.46322416 -0.16086591
v -0.18794218 0.46640799 -0.16309737
v -0.16943694 0.46224385 -0.16500205
v -0.16236909 0.50525777 -0.16283595
v -0.17542172 0.50505234 -0.16027770
v -0.16813915 0.51804894 -0.15966149
v -0.18072495 0.50877768 -0.15785951
v -0.17312492 0.52840338 -0.15540397
v -0.18711124 0.51853447 -0.15098774
v -0.18966014 0.52761910 -0.14434937
v -0.20098551 0.50854432 -0.14542308
v -0.21245091 0.50755461 -0.13547022
v -0.11810400 0.23424268 0.13978372
v -0.13198760 0.24007809 0.15213609
v -0.13481662 0.25319608 0.15733664
v -0.14782260 0.23096553 0.15951206
v -0.16282659 0.23967662 0.16675731
v -0.21113444 0.13087658 -0.14526436
v -0.22070451 -0.81178945 -0.04322406
v -0.20978997 -0.80319036 -0.05267275
v -0.17496423 -0.40341349 -0.05061869
v -0.17844681 -0.40408572 -0.06631361
v -0.18181735 -0.38467483 -0.07531414
v -0.18802623 -0.38149103 -0.09440760
v -0.19184493 -0.36771948 -0.10236243
v -0.19774569 -0.37643057 -0.11379984
v -0.19909948 -0.36542264 -0.11506028
v -0.20251670 -0.37207969 -0.11979397
v -0.20824943 -0.36025949 -0.12407016
v -0.21945340 -0.35051200 -0.13108198
v -0.19758695 -0.35628206 -0.11239934
v -0.20533639 -0.34651594 -0.12082100
v -0.11873890 0.67184247 -0.08921643
v -0.13258518 0.66500795 -0.08184046
v -0.12266964 0.68359720 -0.07106597
v -0.13809380 0.67381249 -0.06518387
v -0.13218367 0.68955399 -0.05251403
v -0.14763586 0.67773387 -0.04851794
v -0.14288348 0.68888184 -0.03885451
v -0.15859709 0.67865819 -0.03036748
v -0.14677686 0.69101982 -0.02765985
v -0.15883048 0.68496046 -0.01068581
v -0.14317293 0.69815310 -0.01817381
v -0.15043685 0.69270050 -0.00408480
v -0.14547906 0.69721012 -0.00204941
v -0.15099706 0.68995546 0.01460719
v -0.14327561 0.69651916 0.01905143
v -0.15537593 0.68372798 0.02824804
v -0.14293017 0.69292460 0.04230903
v -0.15039015 0.68395208 0.04869531
v -0.14245401 0.69056237 0.05052530
v -0.14566580 0.68530580 0.05577250
v -0.13407904 0.69385818 0.05960986
v -0.13893407 0.68598735 0.06798483
v -0.13536750 0.68538059 0.07592100
v -0.14599258 0.67533431 0.07606104
v -0.13615178 0.67250536 0.09630292
v -0.15545062 0.65670773 0.09226947
v -0.14457341 0.65870567 0.10397764
v -0.15966145 0.64572773 0.10173684
v -0.15366734 0.64223589 0.11287548
v -0.16626248 0.63178814 0.10975704
v -0.16134205 0.62269425 0.12423820
v -0.17359175 0.62211541 0.11186712
v -0.17338635 0.60302196 0.12919596
v -0.18435691 0.61121020 0.11103615
v -0.18192003 0.59459097 0.12836499
v -0.19698008 0.58518892 0.12081164
v -0.21192806 0.56685169 0.11986864
v -0.18055688 -0.25856463 0.06187867
v -0.18396477 -0.24367265 0.07094457
v -0.19134074 -0.26153365 0.07852592
v -0.19286260 -0.23959253 0.08373577
v -0.20104150 -0.25448451 0.09090632
v -0.20509363 -0.24398077 0.09669506
v -0.21705388 -0.25210368 0.10698404
v -0.22444851 -0.25302800 0.11325828
v -0.19599037 -0.75654448 -0.08273678
v -0.20157372 -0.75332334 -0.09341791
v -0.20421597 -0.76302411 -0.09373537
v -0.17326497 -0.54265105 0.01940623
v -0.16912882 -0.54135327 0.00960273
v -0.17359175 -0.53394929 0.02133890
v -0.17135094 -0.52535959 0.01715608
v -0.17071607 -0.51715262 0.01649319
v -0.17330233 -0.51431427 0.02270207
v -0.18074362 -0.52130743 0.03721122
v -0.18768075 -0.51590152 0.04915280
v -0.19951031 -0.52598509 0.06200005
v -0.21130249 -0.52802983 0.07273720
v -0.21201208 -0.52124211 0.07402564
v -0.21642832 -0.52750701 0.07696670
v -0.21705388 -0.53186719 0.07705073
v -0.22046176 -0.39938003 0.09313779
v -0.21789418 -0.40535552 0.09031812
v -0.20768922 -0.41616734 0.07975835
v -0.21430890 -0.42836104 0.08436134
v -0.20711034 -0.43662400 0.07687335
v -0.22123671 -0.44076011 0.08891762
v -0.22468193 -0.44382253 0.09140118
v -0.20944451 0.63059299 0.01557820
v -0.20711967 0.63180680 0.02327160
v -0.21449564 0.62441224 0.01743619
v -0.21021945 0.62564458 0.03393406
v -0.21990157 0.61023915 0.04622110
v -0.20175109 0.63561620 0.03344855
v -0.16580498 -0.15223879 0.05606192
v -0.16842856 -0.15675775 0.06050617
v -0.17496423 -0.15908258 0.07309199
v -0.18465570 -0.15478773 0.08800263
v -0.18605617 -0.16670131 0.08699428
v -0.19772699 -0.16626244 0.10048574
v -0.20739043 -0.18191070 0.10754426
v -0.21562538 -0.17776522 0.11560178
v -0.20004249 -0.75356605 0.00176929
v -0.19351616 -0.74377193 -0.00455163
v -0.18597215 -0.72401555 -0.00994823
v -0.18079031 -0.70014170 -0.01147943
v -0.18609354 -0.69577221 0.00587740
v -0.12171729 0.63997638 -0.11799199
v -0.15857839 0.60953893 -0.10888876
v -0.17462812 0.59350780 -0.10710545
v -0.18166797 0.57488122 -0.11614333
v -0.21602685 0.54974693 -0.10116734
v -0.19392700 0.47816287 -0.16038041
v -0.20255406 0.47085222 -0.15941873
v -0.21287106 0.39550535 -0.16400303
v -0.20232063 0.40619586 -0.16457257
v -0.20716637 0.42501861 -0.16333079
v -0.19242377 0.42076101 -0.16478731
v -0.18410482 -0.20534572 -0.09106507
v -0.18123847 -0.18999622 -0.08660216
v -0.18576675 -0.17220057 -0.09950541
v -0.18748468 -0.16046436 -0.10380961
v -0.18793284 -0.14992329 -0.10542485
v -0.18024879 -0.15397538 -0.09090636
v -0.17212588 -0.13550751 -0.07488465
v -0.16879271 -0.12111039 -0.07018832
v -0.16727085 -0.13996107 -0.05939515
v -0.16447916 -0.11994331 -0.05771455
v -0.16209834 -0.13501265 -0.04299064
v -0.15911061 -0.11850547 -0.03920930
v -0.15823295 -0.12795417 -0.02998468
v -0.15447961 -0.10484597 -0.02683823
v -0.15445161 -0.12088629 -0.01292662
v -0.15108108 -0.10065376 -0.00968680
v -0.15141719 -0.11038255 0.00455161
v -0.14797197 -0.08874018 0.00992018
v -0.14998869 -0.09744201 0.02599790
v -0.14547906 -0.07382021 0.01754824
v -0.14809335 -0.08330624 0.03167458
v -0.14667418 -0.06947870 0.03846234
v -0.15185602 -0.09312842 0.04213165
v -0.15452630 -0.08143894 0.05665948
v -0.15670176 -0.09176530 0.05766784
v -0.16120201 -0.09034613 0.06805952
v -0.16398434 -0.10368822 0.06854505
v -0.16840057 -0.08659279 0.08186845
v -0.17848414 -0.08759183 0.09544394
v -0.18932402 -0.09566802 0.10677864
v -0.20260072 -0.10692804 0.11724504
v -0.20320763 -0.09960806 0.11949516
v -0.21085433 -0.10174619 0.12569472
v -0.20692360 -0.09579873 0.12365932
v -0.21521456 -0.09388470 0.13101661
v -0.21129316 -0.23536303 0.10370688
v -0.17093080 -0.62410400 -0.01806177
v -0.17178043 -0.62308635 -0.00596147
v -0.17413326 -0.62574729 0.00319779
v -0.18304045 -0.62979937 0.02006912
v -0.19143409 -0.62233005 0.03528788
v -0.19967835 -0.61661604 0.04708941
v -0.20027592 -0.62338505 0.04598768
v -0.20931379 -0.62869762 0.05382113
v -0.20214323 -0.63954680 0.04377490
v -0.21049954 -0.63811833 0.05233661
v -0.21189070 -0.64680144 0.05131891
v -0.14080141 0.18041687 -0.11948586
v -0.14192183 0.16525414 -0.11744113
v -0.15603883 0.16936229 -0.12617090
v -0.16314404 0.15498383 -0.12755273
v -0.16941828 0.16814855 -0.13265054
v -0.17727973 0.18184538 -0.13854197
v -0.18934269 0.19474867 -0.14582456
v -0.19420708 -0.43605442 -0.11458411
v -0.19224640 -0.44395324 -0.11236199
v -0.19611175 -0.45288843 -0.11887897
v -0.18661639 -0.45849977 -0.10243712
v -0.19414173 -0.46566097 -0.11751582
v -0.18840904 -0.46989047 -0.10815116
v -0.19284393 -0.47766787 -0.11665685
v -0.18625224 -0.48346599 -0.10502338
v -0.19044441 -0.49522082 -0.11407059
v -0.18599082 -0.50357717 -0.10733886
v -0.19277858 -0.50411865 -0.11821608
v -0.18904390 -0.51439832 -0.11352907
v -0.19996781 -0.51064495 -0.12600284
v -0.20053735 -0.52460327 -0.12652570
v -0.07727480 0.58004433 0.15706585
v -0.09282034 0.58451662 0.15589876
v -0.09871177 0.60491719 0.15171596
v -0.10833788 0.58685079 0.15395677
v -0.11273542 0.60127590 0.15042750
v -0.12384606 0.59075350 0.15097838
v -0.13158613 0.60479595 0.14562846
v -0.14376114 0.59134174 0.14641273
v -0.14898031 0.60526267 0.14089477
v -0.15567472 0.59907252 0.14057732
v -0.16258382 0.60636450 0.13460187
v -0.16024033 0.59078157 0.14212721
v -0.16947430 0.58629061 0.14025987
v -0.18276970 0.58042713 0.13620778
v -0.19704544 0.57414367 0.12965346
v -0.21060226 0.55800056 0.12863575
v -0.15991355 0.56828019 0.14880292
v -0.17389987 0.57643110 0.14200583
v -0.16682269 0.56070812 0.14876560
v -0.17935247 0.56964331 0.14231395
v -0.18344192 0.55644126 0.14481615
v -0.18566404 0.56551664 0.14124959
v -0.18980018 0.56110033 0.14091344
v -0.19822185 0.55704817 0.13836454
v -0.20877228 0.54534943 0.13788838
v -0.20613933 -0.11989665 0.11777722
v -0.20949120 -0.11318358 0.12205341
v -0.21309514 -0.10781496 0.12636694
v -0.19450587 -0.57357404 0.05003979
v -0.20377717 -0.58200507 0.05859216
v -0.21037817 -0.57429297 0.06599613
v -0.20948187 -0.58402178 0.06368063
v -0.20997669 -0.59594470 0.06229882
v -0.19879139 -0.49440855 -0.12435025
v -0.20561648 -0.48623895 -0.12941072
v -0.21059291 -0.46736957 -0.13162351
v -0.21014476 -0.71369859 0.03145050
v -0.21380471 -0.72453838 0.03126378
v -0.21336590 -0.73199838 0.02823869
v -0.19156480 -0.63968692 0.03129178
v -0.21126515 -0.65893911 0.04779900
v -0.20160171 -0.39530928 0.07580896
v -0.19244246 -0.40922087 0.06339121
v -0.18949206 -0.39552404 0.05972189
v -0.18146253 -0.40035108 0.04563289
v -0.18305912 -0.38148170 0.04979703
v -0.17821338 -0.38607534 0.03900386
v -0.17742911 -0.37216371 0.03867708
v -0.17831610 -0.36120248 0.04175817
v -0.17593524 -0.35653415 0.03662302
v -0.17783994 -0.35152971 0.04154344
v -0.17418929 -0.35174444 0.03327117
v -0.17955787 -0.34624514 0.04600635
v -0.17452540 -0.34413508 0.03491440
v -0.17398389 -0.33701121 0.03415814
v -0.17163106 -0.33822495 0.02281410
v -0.16985707 -0.33078366 0.01085385
v -0.16987577 -0.31897276 0.01360816
v -0.17022122 -0.32150299 -0.00786614
v -0.16913815 -0.30268967 0.00512114
v -0.16998778 -0.30598552 -0.00843568
v -0.16968903 -0.29038396 -0.01368288
v -0.17137897 -0.31113934 -0.02220725
v -0.17151901 -0.29501492 -0.02832276
v -0.17487088 -0.30606954 -0.04494200
v -0.17468414 -0.29113087 -0.04565159
v -0.17864288 -0.29445475 -0.06032881
v -0.17668219 -0.27789150 -0.05563248
v -0.18453432 -0.28876871 -0.08101884
v -0.18034215 -0.26673420 -0.06986154
v -0.18805423 -0.27486641 -0.09236288
v -0.18695250 -0.25976903 -0.09085033
v -0.17383451 0.44110559 0.16540349
v -0.18144387 0.46072189 0.16250915
v -0.16074452 0.45935877 0.16530078
v -0.17404924 0.47389601 0.16226639
v -0.15342457 0.47511908 0.16441382
v -0.16227574 0.48593097 0.16247179
v -0.14691694 0.49619194 0.16320937
v -0.16266788 0.50392258 0.16033370
v -0.14838277 0.51814240 0.16028700
v -0.16723349 0.51555607 0.15799953
v -0.15950275 0.53026128 0.15683245
v -0.17190182 0.53217531 0.15390075
v -0.16751358 0.54791695 0.15175332
v -0.18473039 0.53928992 0.14910171
v -0.19539283 0.54623642 0.14401321
v -0.20244201 0.54295927 0.14220190
v -0.20409458 0.53025202 0.14574051
v -0.20992068 0.63100386 0.00927595
v -0.20387985 0.59651426 -0.07119668
v -0.19525279 0.61246119 -0.06476372
v -0.20389852 0.61598110 -0.04842458
v -0.18811958 0.62613950 -0.05817204
v -0.19472993 0.62946324 -0.04482063
v -0.17965122 0.63878137 -0.05458677
v -0.18335790 0.64435535 -0.04207565
v -0.16815781 0.65365454 -0.05180444
v -0.17536570 0.65692243 -0.03653902
v -0.16919418 0.66837855 -0.02901367
v -0.18443160 0.65510171 -0.02355173
v -0.17070674 0.67276679 -0.01258116
v -0.18147190 0.66244042 -0.00467301
v -0.17286350 0.67089934 -0.00077963
v -0.18238689 0.65939664 0.01195557
v -0.16968903 0.67152491 0.01855659
v -0.17798932 0.66202029 0.02653943
v -0.16795241 0.67014313 0.03497976
v -0.17781191 0.66006893 0.03819157
v -0.17292885 0.66267378 0.04539948
v -0.17929645 0.65639958 0.04408300
v -0.17404924 0.65871508 0.05271007
v -0.18211610 0.65077886 0.05086141
v -0.17633671 0.65034007 0.06620153
v -0.18418884 0.63672729 0.07599568
v -0.21166662 -0.53779600 0.07200893
v -0.21080766 -0.56560053 0.06753669
v -0.18234953 -0.23122689 0.07030032
v -0.19914617 -0.22616642 0.09261494
v -0.17937113 0.40801657 -0.16503939
v -0.18429155 -0.40001493 -0.08617267
v -0.19083655 -0.39038886 -0.10264253
v -0.19675598 -0.40262922 -0.11515365
v -0.19704544 -0.39023948 -0.11409861
v -0.19986509 -0.38276080 -0.11714235
v -0.18808226 0.65500840 0.00204004
v -0.19476730 0.64809922 -0.00257226
v -0.19543952 0.64609187 -0.01529813
v -0.19694272 0.63869732 -0.02775322
v -0.19858596 -0.34743092 -0.11298754
v -0.20143364 -0.33103575 -0.11679690
v -0.18277903 -0.36641232 0.05060932
v -0.18976282 -0.35015723 0.06462363
v -0.19079919 -0.37146345 0.06428752
v -0.20194716 -0.37883009 0.07742419
v -0.19121003 0.48596830 0.15774744
v -0.19809114 0.50599546 0.15288304
v -0.19392700 -0.48493185 -0.11828143
v -0.19979040 -0.47149634 -0.12427556
v -0.20289951 -0.45331793 -0.12553601
v -0.20109753 -0.27243890 0.08870289
v -0.19629849 -0.29103748 0.08060799
v -0.18190137 -0.71455755 -0.03761273
v -0.18138785 -0.71215803 -0.02823873
v -0.18330188 -0.72279248 -0.02492421
v -0.18909059 -0.74164314 -0.01613843
v -0.19542086 -0.75851452 -0.01062045
v -0.18220015 0.51006614 0.15591746
v -0.18926800 0.52506084 0.15115575
v -0.17650479 -0.53086818 0.02813599
v -0.19043508 -0.59134167 0.04145007
v -0.19028567 -0.58503010 0.04265450
v -0.19246113 -0.58304142 0.04578227
v -0.19973438 -0.40920224 -0.11973795
v -0.14616999 0.19047248 -0.12474239
v -0.16427376 0.18366602 -0.13278125
v -0.16289194 0.20044403 -0.13525547
v -0.19219037 -0.53653552 -0.11793597
v -0.19003361 -0.52511679 -0.11455611
v -0.17949251 -0.51983226 -0.09291373
v -0.18027679 -0.50018794 -0.09271767
v -0.17888564 -0.48279372 -0.08530436
v -0.17962323 -0.46576369 -0.08343703
v -0.18384339 -0.45077836 -0.09359532
v -0.18902524 -0.47028261 0.05449337
v -0.17770923 -0.39769013 0.03751934
v -0.19203163 -0.42433691 0.06132781
v 0.07107532 0.45328060 -0.06201874
v 0.05921776 0.44017201 -0.06409149
v 0.05912437 0.45022755 -0.08071073
v 0.04961964 0.43372970 -0.07254116
v 0.04470859 0.44029339 -0.09117711
v 0.03799552 0.42881861 -0.08643410
v 0.03168395 0.43134881 -0.09946807
v 0.02678219 0.41577527 -0.08795597
v 0.01972371 0.42313250 -0.10602240
v 0.01373889 0.41744654 -0.10726418
v 0.01639051 0.43367371 -0.11383718
v -0.00232946 0.42474778 -0.11944851
v -0.00239482 0.43814586 -0.12465837
v -0.02118955 0.42392618 -0.12851440
v -0.01717478 0.44226342 -0.13289329
v -0.03224413 0.43983579 -0.13867268
v -0.02671684 0.45771557 -0.14150169
v -0.04215966 0.45556818 -0.14670221
v -0.03177730 0.47823752 -0.14949387
v -0.05107618 0.47112291 -0.15393811
v -0.05309289 0.48572553 -0.15745804
v -0.06914259 0.46901284 -0.15717793
v -0.06875978 0.48776095 -0.16039909
v -0.08400653 0.47080549 -0.16038975
v -0.08325029 0.48526807 -0.16246248
v -0.09786214 0.48971230 -0.16483399
v -0.10069116 0.50989818 -0.16628117
v -0.11525632 0.50510832 -0.16625317
v -0.11949518 0.52914092 -0.16555291
v -0.13434980 0.51706863 -0.16510476
v -0.13330409 0.53677839 -0.16363890
v -0.14969923 0.52635856 -0.16240646
v -0.14484420 0.54548007 -0.16040843
v -0.15492777 0.53830021 -0.15911062
v -0.15989488 0.68304643 0.00586807
v -0.15555334 0.68808816 -0.00496245
v -0.16429245 0.67951712 -0.00296440
v -0.15789683 0.66330875 -0.05328897
v -0.16045506 0.65048952 -0.06544530
v -0.16835388 0.63672729 -0.07170086
v -0.18324585 0.61879153 -0.07316671
v -0.17633671 -0.33333256 0.04008692
v -0.18881984 -0.74754394 -0.02625002
v -0.17311559 -0.00081690 0.11276343
v -0.17365710 -0.01948088 0.10780566
v -0.17885761 -0.03911591 0.10816981
v -0.17811070 -0.66232830 -0.00010738
v -0.17716768 -0.65250614 0.00020072
v -0.17913774 -0.65113366 0.00610148
v -0.18446896 -0.65223533 0.01604503
v -0.18538395 -0.29914170 0.06381136
v -0.18847439 -0.27818096 0.07205562
v -0.18047286 -0.61385236 -0.08762919
v -0.17831610 -0.62786669 -0.07646255
v -0.17600993 -0.60614026 -0.07424042
v -0.17367577 -0.61894085 -0.05890030
v -0.17224726 -0.60194816 -0.05914305
v -0.17102415 -0.61177031 -0.04468058
v -0.17736375 0.09019675 0.14256604
v -0.17271409 -0.32401456 -0.03120778
v -0.17776522 -0.31569561 -0.05617400
v -0.18289104 -0.30329654 -0.07432446
v -0.19171421 -0.29288619 -0.09941205
v -0.17698094 0.49496873 0.15906390
v -0.15355529 0.18043553 0.15032478
v -0.16821383 0.18209747 0.15980152
v -0.14209920 0.29397862 0.16789637
v -0.18401147 -0.72608826 -0.03886384
v -0.18563604 -0.73420187 -0.02806133
v -0.17699028 0.63268439 0.09398742
v -0.17115487 0.64541032 0.08522031
v -0.15093170 -0.06470765 0.05549240
v -0.15814893 -0.07430573 0.06792883
v -0.15938137 0.37806451 -0.16104331
v -0.15238821 0.35193125 -0.15679513
v -0.14898968 0.32913112 -0.15377939
v -0.16610377 0.31428588 -0.15544131
v -0.17861485 0.29424938 -0.15589881
v -0.17005314 -0.27958143 0.03149720
v -0.16909150 -0.28912349 0.01981705
v -0.16826053 -0.28544487 0.00433686
v -0.16873668 -0.27815296 -0.01055510
v -0.16725215 -0.26953522 0.00438354
v -0.16763496 -0.25946095 -0.01041505
v -0.16543151 -0.24531593 0.00621353
v -0.16777500 -0.25032970 -0.01712811
v -0.16634649 -0.23072270 -0.01669862
v -0.16849392 -0.23429867 -0.02979795
v -0.16866200 -0.21988289 -0.03619355
v -0.17179910 -0.24469969 -0.04285993
v -0.17308756 -0.23166568 -0.05179511
v -0.17742911 -0.24205741 -0.06467969
v -0.17610332 -0.21527055 -0.06587478
v -0.18184534 -0.22117135 -0.08208322
v -0.12764606 0.12640436 0.10585431
v -0.12925197 0.14480691 0.11591923
v -0.13607705 0.13530215 0.11984996
v -0.14002646 0.14434938 0.12749668
v -0.14690757 0.13541419 0.13086723
v -0.14279946 0.15380742 0.13357483
v -0.15026877 0.15536664 0.14046531
v -0.16110862 0.16580505 0.15163194
v -0.18433825 0.65005058 0.04658522
v -0.17020255 -0.17223789 0.06032878
v -0.18093035 -0.53819745 -0.09803023
v -0.13470457 0.07524879 0.09087831
v -0.12914929 0.09612555 0.09311911
v -0.14074538 0.07638787 0.10013095
v -0.14456408 0.08841350 0.11015851
v -0.14977395 0.06517459 0.10769363
v -0.15957743 0.07158883 0.12118510
v -0.15943739 0.04901281 0.11336098
v -0.16939958 0.06206548 0.12821562
v -0.16744822 0.04665998 0.12148386
v -0.17432933 0.05481089 0.13074585
v -0.17366644 0.04539018 0.12731929
v -0.17480552 -0.56430275 -0.07798442
v -0.17697161 -0.55243585 -0.08653680
v -0.18025813 -0.70312013 -0.02329964
v -0.17961390 -0.69725669 -0.01809912
v -0.17933381 -0.69537068 -0.02308490
v -0.17802665 -0.68853628 -0.02007849
v -0.17851217 -0.69186010 -0.03161859
v -0.17605662 -0.67604379 -0.02844413
v -0.17751313 -0.68464288 -0.04191692
v -0.17675688 -0.67332684 -0.04975971
v -0.17950185 -0.68237408 -0.06325119
v -0.17974461 -0.67003100 -0.07063648
v -0.18403013 -0.67901289 -0.08363310
v -0.14409725 -0.04694933 -0.01960231
v -0.14623535 -0.06513712 -0.01503670
v -0.14874692 -0.05009576 -0.03923731
v -0.15119313 -0.06650963 -0.03741666
v -0.15624423 -0.06322316 -0.05739711
v -0.15661770 -0.07538876 -0.05246735
v -0.16108063 -0.08197112 -0.06369001
v -0.16269587 -0.09988815 -0.06034749
v -0.16631850 -0.09176530 -0.07432446
v -0.17106152 -0.10889806 -0.08045864
v -0.17316225 -0.34456454 -0.03281369
v -0.17628069 -0.34943827 -0.04986242
v -0.17572984 -0.33355665 -0.04725749
v -0.18027679 -0.33221217 -0.06483841
v -0.18201342 -0.32010252 -0.07137408
v -0.15080096 0.45431704 -0.16583302
v -0.14697293 0.44181522 -0.16532883
v -0.13449917 0.45311263 -0.16512342
v -0.13082989 0.43781919 -0.16345216
v -0.11268876 0.44996613 -0.16221040
v -0.17591658 0.38831622 0.16921286
v -0.15528258 0.66546540 0.07878736
v -0.15299508 0.67372843 0.06609883
v -0.15871847 0.66656724 0.07002956
v -0.15811157 0.67422322 0.05364374
v -0.16390032 0.66356078 0.06557598
v -0.16804576 0.66178679 0.06014204
v -0.16524477 0.65749201 0.07454851
v -0.18586011 -0.72389416 -0.06622024
v -0.18079964 -0.34968107 -0.06802221
v -0.15452630 0.57421832 -0.14229531
v -0.16728951 -0.24558668 0.02962986
v -0.16455388 -0.23205789 0.01772563
v -0.16446049 -0.22735217 0.00173194
v -0.16380693 -0.21387003 -0.00460765
v -0.16536615 -0.20647548 -0.02364509
v -0.16188357 -0.19747490 0.00210540
v -0.16377894 -0.18919328 -0.02385984
v -0.16068849 -0.18113575 -0.00385139
v -0.16155679 -0.17524428 -0.01734286
v -0.15889584 -0.15718721 -0.01101259
v -0.16199562 -0.16528213 -0.02735175
v -0.15921329 -0.14277143 -0.02525099
v -0.16294797 -0.15747670 -0.03537193
v -0.16541284 -0.15270566 -0.04832188
v -0.16655190 -0.17078139 -0.04546485
v -0.17090281 -0.15442358 -0.06624824
v -0.17147232 -0.17572048 -0.06168263
v -0.17601926 -0.15975480 -0.07925421
v -0.17833476 -0.17618734 -0.08187781
v -0.18126647 -0.25498869 -0.07473527
v -0.13792573 0.30488383 -0.14581523
v -0.15919463 0.29724644 -0.15171599
v -0.16721483 0.28120604 -0.15172533
v -0.18067826 -0.59924985 -0.09144788
v -0.16838191 -0.20542037 -0.04044173
v -0.16677599 -0.18786749 -0.03998424
v -0.17134160 -0.19715741 -0.05482018
v -0.17514164 -0.19297461 -0.06820895
v -0.17742911 -0.64311348 -0.06875981
v -0.17889498 -0.65745454 -0.07137408
v -0.17602863 -0.65783734 -0.05499759
v -0.17409594 -0.65840687 -0.03397143
v -0.17625269 -0.67668802 -0.01734286
v -0.15052087 0.30987897 -0.15094105
v -0.14728105 0.45050764 0.16674798
v -0.14111886 0.47593142 0.16521676
v -0.16717746 -0.49564099 -0.01394431
v -0.16742023 -0.50395057 -0.02634339
v -0.16794308 -0.48259766 -0.02241265
v -0.16919418 -0.49915153 -0.04335477
v -0.16982908 -0.47717308 -0.03838767
v -0.17206989 -0.48397014 -0.05594059
v -0.17248069 -0.46361623 -0.05252337
v -0.17564582 -0.47086152 -0.06995490
v -0.17577654 -0.45302851 -0.06582810
v -0.17178043 -0.21482242 -0.05084277
v -0.07686400 0.51197077 0.16279857
v -0.08965520 0.51063572 0.16334009
v -0.10454718 0.50097225 0.16413369
v -0.10570493 0.51628436 0.16302267
v -0.12252023 0.51043969 0.16317205
v -0.12014874 0.53373460 0.16080052
v -0.13161416 0.52827259 0.16068847
v -0.13812180 0.54625508 0.15747668
v -0.14778523 0.53450961 0.15803690
v -0.15303244 0.55079263 0.15433021
v -0.13157680 0.11666623 -0.09697518
v -0.13970901 0.12425689 -0.10704943
v -0.14954985 0.13097930 -0.11493890
v -0.15960543 0.14186584 -0.12308047
v -0.16731751 -0.51586416 -0.03186135
v -0.16778433 -0.52679739 -0.03972281
v -0.17020255 -0.51395012 -0.05435335
v -0.16982908 -0.52775911 -0.05488554
v -0.17434803 -0.51465042 -0.07523945
v -0.17439469 -0.53354775 -0.07733087
v -0.16807379 -0.54391146 -0.04491399
v -0.17122022 -0.54270704 -0.06391409
v -0.17319028 -0.52016834 0.02192713
v -0.15055823 0.20590597 -0.13013898
v -0.17426397 -0.26196315 -0.04905014
v -0.17023988 -0.25494200 -0.03190803
v -0.17116423 -0.27597747 -0.03156258
v -0.17311559 -0.49180360 -0.06447428
v -0.17570185 -0.49935693 -0.07709744
v -0.16815781 -0.46858334 -0.00154522
v -0.16890476 -0.46535285 -0.02252469
v -0.17082808 -0.45500786 -0.03794885
v -0.16545017 -0.02972319 0.09429554
v -0.16052042 -0.01673591 0.09183066
v -0.16283592 -0.00442086 0.09905723
v -0.15151991 -0.00630690 0.08199917
v -0.15418086 0.01470057 0.09410880
v -0.14447073 0.00950940 0.07695736
v -0.13774832 0.03085302 0.07475391
v -0.13342548 0.01976104 0.05968455
v -0.13203429 0.03188939 0.06347523
v -0.12740333 0.03094640 0.04960096
v -0.12916795 0.03372869 0.05732237
v -0.12795417 0.04134742 0.05983394
v -0.12672174 0.04882604 0.06185999
v -0.13289326 0.05033860 0.07575294
v -0.17428267 -0.63268438 -0.05526834
v -0.17118290 -0.62538313 -0.03294440
v -0.17389054 -0.64294540 -0.04576363
v -0.16954899 -0.41983669 0.00025674
v -0.17092147 -0.40702679 -0.01899544
v -0.17244333 -0.40106067 -0.03285103
v -0.13722547 0.06112242 0.08831073
v -0.14208987 0.04247718 0.08714365
v -0.14820540 0.04791105 0.09877713
v -0.15295775 0.03159064 0.09885181
v -0.16442317 0.02672620 0.11127891
v -0.16685068 0.01250645 0.10929020
v -0.17099616 -0.33614288 -0.01377625
v -0.15274298 -0.03000328 -0.06477306
v -0.15071694 -0.03710849 -0.05431600
v -0.15870910 -0.04287858 -0.07565960
v -0.15844768 -0.05922705 -0.06636029
v -0.16502071 -0.05821868 -0.08480952
v -0.16392831 -0.07247576 -0.07581832
v -0.16777500 -0.58020302 -0.01366420
v -0.16757893 -0.56910179 -0.03010606
v -0.16695340 -0.55098864 -0.02990065
v -0.16807379 -0.55779508 -0.04290662
v -0.17076273 -0.56054007 -0.06077697
v -0.17132294 -0.39039822 -0.01913549
v -0.17021188 -0.39782085 -0.00733396
v -0.17008117 -0.40733487 0.00495308
v -0.17156570 -0.42218019 0.01805241
v -0.15671109 0.67962909 0.04374689
v -0.16415238 0.67118884 0.04532477
v -0.16870869 0.66587628 0.04811643
v -0.15423684 -0.12978415 0.00457028
v -0.15281770 -0.11611524 0.02150698
v -0.15607619 -0.14367708 0.01273052
v -0.15524522 -0.12941068 0.02937776
v -0.15706586 -0.14664615 0.02408389
v -0.15852240 -0.16379756 0.01900474
v -0.16234106 -0.18690577 0.03210407
v -0.16705608 -0.19944492 0.04564222
v -0.17057603 -0.34617979 0.01262782
v -0.16154745 -0.03320577 -0.08665817
v -0.15763541 0.02024656 -0.09814227
v -0.15581476 0.03056360 -0.09847839
v -0.14820540 0.03845301 -0.08861888
v -0.15340591 0.03877050 -0.09716192
v -0.15182799 0.04563294 -0.09718059
v -0.14898031 0.05425998 -0.09663906
v -0.12307111 0.63942560 0.13645988
v -0.11437869 0.62993950 0.14222056
v -0.11444405 0.64330025 0.13759893
v -0.10431378 0.65088158 0.13738420
v -0.09788080 0.66038635 0.13546083
v -0.10492065 0.67119824 0.12823428
v -0.09646166 0.68458691 0.12323917
v -0.09330586 0.69433444 0.11553642
v -0.08141094 0.70451136 0.11454675
v -0.09437956 0.70293341 0.10334275
v -0.08521097 0.71305434 0.09852503
v -0.09227882 0.70875955 0.09652700
v -0.09292305 0.71705051 0.08121489
v -0.10125133 0.70393252 0.09326850
v -0.10486463 0.70348432 0.08936578
v -0.10373491 0.69875060 0.09846903
v -0.11447204 0.69465185 0.09177464
v -0.10764696 0.69009550 0.10647987
v -0.12245488 0.67805128 0.10614374
v -0.11473347 0.67423262 0.11806666
v -0.12998022 0.66472786 0.11426664
v -0.11258604 0.65674506 0.13251047
v -0.12564804 0.65263691 0.12794482
v -0.13656258 0.63405691 0.13336010
v -0.12551733 0.63111584 0.13870999
v -0.13237041 0.62451482 0.13923287
v -0.12495712 0.61849278 0.14307956
v -0.13828050 0.61860476 0.13951296
v -0.14385449 0.61410454 0.13939158
v -0.15208009 0.62105104 0.13228637
v -0.16084720 -0.11640474 0.05679019
v -0.15784081 -0.10678792 0.05377445
v -0.15783148 -0.11439732 0.04997444
v -0.15630958 -0.10211026 0.05244864
v -0.15362998 -0.11385580 0.03622155
v -0.16749491 -0.26380250 0.02223523
v -0.14478818 0.50487497 -0.16487134
v -0.16030568 0.52909434 -0.15966149
v -0.14652480 0.12652574 0.12747800
v -0.13590901 0.11779592 0.11237129
v -0.14110019 0.10593840 0.11351971
v -0.14719703 -0.08019720 -0.00301109
v -0.15033413 -0.08598588 -0.01930354
v -0.15512384 -0.08939374 -0.03970414
v -0.15937203 -0.10555552 -0.04666929
v -0.13807510 -0.03398072 0.02471879
v -0.14086676 -0.03586675 0.04390561
v -0.14468546 -0.02688484 0.05983394
v -0.15106242 -0.03524119 0.06968410
v -0.15158527 -0.02239395 0.07562223
v -0.16219169 -0.04053508 0.08624733
v -0.16326542 -0.21551331 0.01382291
v -0.16192093 -0.19599973 0.01902342
v -0.16356417 -0.21089164 0.02504557
v -0.15250959 -0.07498729 0.05475480
v -0.14673953 0.65255285 -0.07964635
v -0.14456408 0.66400897 -0.06890920
v -0.13200630 0.17396522 0.13080184
v -0.14416261 0.17044531 0.14041862
v -0.15879316 0.67623057 0.04662257
v -0.12135315 0.42789429 -0.16094060
v -0.11058799 0.22181558 0.12853303
v -0.12250157 0.21862249 0.13842057
v -0.13496600 0.22428053 0.14968992
v -0.13643187 0.51136401 0.16230372
v -0.13420038 0.49593978 0.16410570
v -0.11945782 0.49161693 0.16474993
v -0.15813026 -0.12896255 0.04403631
v -0.08233526 0.52905687 0.16188359
v -0.09896386 0.53060676 0.16188359
v -0.10708674 0.54196956 0.16043642
v -0.12312714 0.55722554 0.15742066
v -0.14024123 0.55994265 0.15480641
v -0.13696405 0.03017146 -0.05231796
v -0.13491934 0.01893944 -0.03609085
v -0.12878514 0.02527903 -0.01589567
v -0.12571340 0.02654883 0.00103169
v -0.12061557 0.04242112 0.01247842
v -0.12402346 0.02835082 0.01805241
v -0.12500381 0.02438271 0.02988195
v -0.12926130 0.01381358 0.04069379
v -0.13336012 0.00219882 0.04628645
v -0.13648789 0.01107795 0.06144919
v -0.13863532 0.00005136 0.06039414
v -0.14535772 -0.00530786 0.07132736
v -0.14068939 0.09138257 -0.09873981
v -0.12699249 0.12545197 -0.09456633
v -0.13278124 0.14104424 -0.10598505
v -0.14518965 0.14743983 -0.11590058
v -0.13395766 0.15582417 -0.11033594
v -0.12157725 0.15021278 -0.09822629
v -0.12295906 0.14198722 -0.09671376
v -0.11613398 0.13772036 -0.07972105
v -0.12608684 0.13310803 -0.09664840
v -0.15101572 -0.07745217 -0.02968591
v -0.15648699 -0.13908348 -0.00838901
v -0.15845705 -0.16184621 0.00140516
v -0.16017497 -0.18121041 0.01500866
v -0.12619889 0.68751858 0.08657411
v -0.11421062 0.69851724 0.08562178
v -0.12098904 0.69912415 0.07473525
v -0.11458409 0.70242922 0.07875000
v -0.10818847 0.71117777 0.07066446
v -0.10743222 0.70415648 0.08492154
v -0.13603040 0.65621280 0.11680621
v -0.14385449 0.64217050 0.12278166
v -0.13251045 0.16028706 0.12621755
v -0.13403235 0.16883944 0.13087656
v -0.09359528 0.26921781 0.13211833
v -0.08909503 0.26215933 0.12473303
v -0.08400653 0.27431560 0.12514383
v -0.07744287 0.27157997 0.11696493
v -0.07732149 0.27945079 0.12097969
v -0.06923597 0.27749943 0.11096146
v -0.07026297 0.28793778 0.11803864
v -0.05592188 0.30044893 0.10870199
v -0.07013226 0.29418406 0.12123179
v -0.06691114 0.30529463 0.12381805
v -0.08094412 0.29908575 0.13373358
v -0.07727480 0.31953304 0.13969970
v -0.09333385 0.30546274 0.14629135
v -0.09506115 0.31718955 0.15161324
v -0.10760026 0.30439831 0.15562801
v -0.11409857 0.31889814 0.16316272
v -0.11813203 0.29896437 0.16000692
v -0.13171684 0.30624702 0.16698138
v -0.14627271 0.31184900 0.16911018
v -0.06543594 0.56143641 0.15921327
v -0.08508026 0.56726256 0.15839167
v -0.09990685 0.57045565 0.15746735
v -0.12054088 0.57400362 0.15494645
v -0.13442448 0.57560950 0.15263095
v -0.14959655 0.57472251 0.14960586
v -0.08497754 0.55460203 0.15981085
v -0.10973836 0.55877543 0.15828895
v 0.04694003 0.45236568 -0.10288529
v 0.06260696 0.46000300 -0.08929112
v 0.05126292 0.46065664 -0.10600373
v 0.05946982 0.46826589 -0.10454721
v 0.05332632 0.46615583 -0.10845927
v 0.06281236 0.47487632 -0.10816050
v 0.04826586 0.47505369 -0.11696496
v 0.06070226 0.48787292 -0.11735709
v 0.04074052 0.48743413 -0.12598417
v 0.04626781 0.49865675 -0.12860777
v 0.02411192 0.49164500 -0.13478863
v 0.03639897 0.51173741 -0.13846728
v 0.02451342 0.51634975 -0.14433070
v 0.02337433 0.53044805 -0.14968060
v 0.00485973 0.52077532 -0.15172533
v -0.00000467 0.53629286 -0.15748604
v -0.01571824 0.52116738 -0.15702854
v -0.02395317 0.54041967 -0.16293866
v -0.03675375 0.53030800 -0.16277993
v -0.03841565 0.55555441 -0.16632786
v -0.05203783 0.53351050 -0.16482465
v -0.05681820 0.54796368 -0.16646791
v -0.07231705 0.54235237 -0.16657994
v -0.07305463 0.56100687 -0.16686938
v -0.08923507 0.55511548 -0.16627183
v -0.09381005 0.57420892 -0.16457257
v -0.10766562 0.55392973 -0.16494603
v -0.10893542 0.57160407 -0.16313472
v -0.12204408 0.56301436 -0.16223840
v -0.13465791 0.55849534 -0.16028704
v -0.14458278 0.68119779 0.06706985
v -0.14878424 0.67941440 0.06235484
v -0.14646878 -0.03508248 -0.04010562
v -0.10606907 0.21584013 -0.10638653
v -0.11184846 0.23235671 -0.11501360
v -0.09860905 0.23282350 -0.10622781
v -0.10167150 0.24383143 -0.11170843
v -0.09161593 0.25473664 -0.10858064
v -0.10828186 0.25188895 -0.11822540
v -0.10621845 0.26569790 -0.12103575
v -0.12055954 0.24924671 -0.12458368
v -0.12239885 0.26503501 -0.12955077
v -0.07039369 0.35088555 0.14724370
v -0.08649011 0.34747769 0.15608554
v -0.10043906 0.33317388 0.15949340
v -0.10899144 0.34625455 0.16569295
v -0.11909371 0.33291246 0.16666393
v -0.13098859 0.32228734 0.16763498
v -0.13856063 0.34276263 -0.15288307
v -0.13549821 -0.02122687 0.02419594
v -0.13157680 -0.00271227 0.02371976
v -0.13446184 -0.01277721 0.03475568
v -0.13668396 -0.00800616 0.04931152
v -0.14148300 -0.00939735 0.06173862
v -0.14265941 -0.01878066 0.05917103
v -0.09313779 0.35801875 -0.13934492
v -0.09507981 0.36828906 -0.14248204
v -0.10392165 0.38106157 -0.14922310
v -0.11002781 0.39681247 -0.15423689
v -0.12694583 0.41024802 -0.15971750
v -0.10669461 0.42763286 -0.15808359
v -0.10655456 0.41454280 -0.15604820
v -0.07656524 0.28672404 0.12389273
v -0.09122379 0.28824593 0.13775767
v -0.10089656 0.28236379 0.14345300
v -0.10985974 0.28692947 0.15151056
v -0.13305200 0.70262539 -0.02998468
v -0.13419105 0.70675221 -0.01546619
v -0.13981173 0.70234516 -0.01057378
v -0.13152078 0.70930107 -0.01288926
v -0.13333209 0.70695750 0.00630690
v -0.12500381 0.71497777 -0.00292705
v -0.12124114 0.71649033 0.01601701
v -0.10938358 0.72730208 0.00017272
v -0.10300662 0.73032720 0.01921016
v -0.09484638 0.73788061 0.00756735
v -0.08635939 0.74222212 0.02134825
v -0.08305422 0.74651690 0.00121842
v -0.07260647 0.75122270 0.02254335
v -0.07178487 0.75419169 -0.00463567
v -0.06325115 0.75817846 0.01417770
v -0.05440935 0.76526487 -0.00317915
v -0.04749088 0.76757111 0.01559686
v -0.03840632 0.77450821 -0.00031278
v -0.02928440 0.77750526 0.01746420
v -0.02472812 0.78166014 -0.00065825
v -0.01243177 0.78690731 0.01180618
v -0.00686711 0.79086602 -0.00747400
v 0.01105928 0.79771920 0.00611083
v 0.00651234 0.79675756 -0.01218902
v 0.01918216 0.80187394 -0.00861307
v 0.02469079 0.80416138 -0.01957432
v 0.03525055 0.80758797 -0.00204941
v 0.04761230 0.81222837 -0.00652167
v 0.04686535 0.80981941 0.01683865
v 0.06264428 0.81483322 0.01667058
v 0.05044128 0.80862441 0.03040480
v 0.06864777 0.81271390 0.03737928
v 0.04655723 0.80251817 0.04836852
v 0.06868513 0.80702779 0.05443735
v 0.05823738 0.79826072 0.06866641
v 0.08074808 0.80423617 0.06749933
v 0.06915195 0.79223853 0.08410925
v 0.08084143 0.79541296 0.08299817
v 0.07466058 0.79234125 0.08557510
v 0.08227927 0.77953142 0.09527588
v 0.06769545 0.78140798 0.09474370
v 0.07261584 0.76780461 0.10226904
v 0.05318628 0.77473231 0.09937466
v 0.05694895 0.75770220 0.10853393
v -0.13676798 0.70016971 0.03187065
v -0.12126913 0.71195265 0.04138471
v -0.11071870 0.72183081 0.03379402
v -0.10458454 0.71857233 0.05850814
v -0.09420219 0.72892676 0.05099213
v -0.08539771 0.73004712 0.06406344
v -0.07767630 0.74216613 0.04406432
v -0.07053377 0.73957040 0.06613618
v -0.06361529 0.74991543 0.04873267
v -0.05146832 0.74914996 0.07142072
v -0.04553952 0.75865458 0.05582851
v -0.03820092 0.75735686 0.07097258
v -0.03053553 0.76758037 0.05433465
v -0.02143227 0.76706692 0.06988019
v -0.01625979 0.77368661 0.05881624
v -0.00604548 0.77177257 0.07732149
v -0.00605481 0.77990482 0.05578183
v 0.00874378 0.78044633 0.07209297
v 0.00069559 0.78608571 0.04557687
v 0.01188089 0.78958696 0.05039459
v -0.00751134 0.78642179 0.02770651
v 0.01580230 0.79652406 0.02793059
v 0.00415947 0.79296682 0.01985439
v -0.12456498 0.54867316 -0.16362022
v -0.13834586 -0.02236596 0.04488596
v -0.12951339 0.10957969 0.10044840
v -0.12838367 0.69275649 0.07384826
v -0.12505047 0.70424993 0.05421328
v -0.12276300 0.70491283 -0.04228106
v -0.12037281 0.69751813 -0.05608063
v -0.10628381 0.71161657 -0.05345704
v -0.10878604 0.70000174 -0.06608953
v -0.09227882 0.70559439 -0.07683602
v -0.09464098 0.69496001 -0.08716235
v -0.07460452 0.70519292 -0.09441694
v -0.08278342 0.69150535 -0.10236243
v -0.06718190 0.69688330 -0.11008385
v -0.07649989 0.68411079 -0.11515365
v -0.06145854 0.68431608 -0.12713258
v -0.08198049 0.67201044 -0.12283772
v -0.06634160 0.67089934 -0.13575965
v -0.06207474 0.66172154 -0.14757052
v -0.04918081 0.65857503 -0.15577743
v -0.04966634 0.65069481 -0.15869048
v -0.13581563 0.15470374 0.12730994
v -0.12493845 0.09180270 -0.06509050
v -0.12456498 0.07952498 -0.05328897
v -0.11781458 0.08543511 -0.03691248
v -0.12081164 0.19449658 0.12766474
v -0.11873890 0.20314227 0.12911191
v -0.11572314 0.21122786 0.12940136
v -0.12843970 0.01134870 0.02517628
v -0.12995222 0.00569074 0.01033100
v -0.13252915 0.00056488 -0.00451429
v -0.13464855 0.00696054 -0.02388784
v -0.13039106 0.01340278 -0.00958408
v -0.11936447 0.06710721 -0.02160036
v -0.12256693 0.06687385 -0.03441959
v -0.04483927 0.77086692 -0.02194582
v -0.06207474 0.76026986 -0.01655858
v -0.05568848 0.76111953 -0.03385006
v -0.06382069 0.75663784 -0.03152523
v -0.05688356 0.75209089 -0.05057200
v -0.07508071 0.74717054 -0.03592280
v -0.06962811 0.73738569 -0.05854551
v -0.08466946 0.73671353 -0.04201963
v -0.09068224 0.72163478 -0.05730374
v -0.09606016 0.72819848 -0.04074984
v -0.10941158 0.71946859 -0.03693115
v -0.12099838 0.71366124 -0.02985397
v -0.12639495 0.71347461 -0.01451384
v -0.07395096 0.50448290 -0.16380697
v -0.08619132 0.50903911 -0.16544087
v -0.07651855 0.52726436 -0.16598239
v -0.09939336 0.52874886 -0.16639322
v -0.09810490 0.54137192 -0.16629051
v -0.09220413 0.68207538 -0.10384696
v -0.10464057 0.68200058 -0.09217614
v -0.11039192 0.68835899 -0.07856330
v -0.11962589 0.42730605 0.16828854
v -0.11006514 0.41878173 0.16797109
v -0.11064401 0.40261996 0.16813913
v -0.09409947 0.41904316 0.16653321
v -0.09075693 0.39738205 0.16572094
v -0.08118688 0.41637277 0.16485261
v -0.07344677 0.40593443 0.16322807
v -0.06898388 0.42443037 0.16319071
v -0.05835876 0.40985581 0.15801820
v -0.04922751 0.42823037 0.15796221
v -0.04175819 0.40623318 0.14782258
v -0.03512917 0.41866035 0.14757048
v -0.02689424 0.40148080 0.13489133
v -0.01978903 0.41845492 0.13662792
v -0.01618507 0.39860512 0.12424753
v -0.00820223 0.41026668 0.12293105
v -0.00218009 0.40244259 0.11296885
v -0.00021940 0.40961305 0.11508826
v 0.00453295 0.41487902 0.11339833
v -0.00162924 0.42244169 0.12328585
v 0.00880914 0.42119055 0.11268874
v 0.01178753 0.43425255 0.11719836
v 0.01269319 0.42524271 0.11101749
v 0.01899543 0.43362698 0.10971036
v 0.02540038 0.42716600 0.09763806
v 0.02589520 0.43928502 0.10580763
v 0.03027411 0.44473762 0.10484595
v 0.02280479 0.44263682 0.11135360
v 0.01850061 0.45500786 0.12237086
v 0.01090991 0.44593263 0.12418217
v 0.00430889 0.45400889 0.13357483
v -0.00160121 0.44039597 0.13197829
v -0.00554129 0.46007766 0.14297684
v -0.01919149 0.44591397 0.14664616
v -0.01936890 0.46882621 0.15340589
v -0.03148785 0.45153468 0.15488109
v -0.03375665 0.46637067 0.15817694
v -0.04842457 0.47079623 0.16087521
v -0.03564266 0.48480121 0.15914795
v -0.04177685 0.49538901 0.15998825
v -0.02204851 0.49692009 0.15708455
v -0.02470012 0.51432374 0.15728061
v -0.00495308 0.51407158 0.15408745
v -0.02234730 0.52677884 0.15683245
v -0.01540079 0.53509771 0.15553466
v -0.03042348 0.54634840 0.15725262
v -0.00963074 0.54503187 0.15427422
v -0.02630604 0.56310768 0.15597349
v 0.00007006 0.55923303 0.15233220
v -0.00849169 0.57482523 0.15304179
v 0.00644698 0.58330281 0.15052089
v -0.00588673 0.59726121 0.15117445
v 0.02068536 0.59216334 0.14746780
v 0.00284302 0.61323621 0.14845748
v 0.02387849 0.61388984 0.14503092
v 0.01194624 0.62728792 0.14545109
v 0.03101172 0.62515905 0.14243533
v 0.03427954 0.64652141 0.13913015
v -0.10723616 0.61720432 0.14755182
v -0.11943916 0.71947799 -0.01290794
v -0.11131628 0.72509870 -0.01881804
v -0.10080317 0.73376306 -0.01070449
v -0.10217569 0.73180244 -0.01885538
v -0.09959876 0.73230663 -0.02752914
v -0.10482727 0.72868386 -0.02507360
v -0.12258559 0.71686374 -0.01268386
v -0.12501314 0.19640128 0.13252913
v -0.10558355 0.38528170 0.16716811
v -0.10999045 0.12871045 -0.05498824
v 0.05071204 0.61998654 -0.16796177
v 0.03109574 0.63017286 -0.16923156
v 0.03226283 0.60872659 -0.16777504
v 0.02102151 0.62235817 -0.16906350
v 0.01102192 0.60726076 -0.16853130
v 0.00813691 0.62558859 -0.16889543
v -0.00481304 0.60997773 -0.16854998
v -0.01617574 0.62275024 -0.16792443
v -0.02395317 0.60624298 -0.16815783
v -0.03784614 0.61705487 -0.16679468
v -0.03866774 0.59324637 -0.16778438
v -0.05222456 0.60251778 -0.16657994
v -0.06047819 0.59238744 -0.16645857
v -0.06617352 0.60928677 -0.16408706
v -0.07762961 0.60137862 -0.16348951
v -0.07384827 0.62279696 -0.16000694
v -0.08072005 0.61726031 -0.15967083
v -0.09074760 0.62105104 -0.15465704
v -0.08515495 0.61327354 -0.15940939
v -0.09255891 0.60814775 -0.15875583
v -0.08656479 0.60636450 -0.16081923
v -0.09730193 0.60009016 -0.15968016
v -0.09287636 0.59271426 -0.16238779
v -0.10620912 0.59203270 -0.15940005
v -0.10926220 0.58480611 -0.16047378
v -0.10632113 0.09479976 0.04514738
v -0.11051330 0.08356774 0.04608105
v -0.11425731 0.07046841 0.04392428
v -0.11704897 0.07452057 0.05662213
v -0.11999933 0.06393278 0.05612730
v -0.06749935 0.53472431 0.16101529
v -0.08237262 0.54473312 0.16072584
v -0.11297818 0.21718465 0.12900922
v -0.11327697 0.08464150 0.05526832
v -0.11143762 0.18840907 -0.10188626
v -0.10663858 0.19941700 -0.10149412
v -0.10119531 0.20397327 -0.09715258
v -0.09837566 0.21268436 -0.09772211
v -0.09675108 0.21912668 -0.09904792
v -0.09328716 0.22617583 -0.09849706
v -0.08871222 0.23611005 -0.09793685
v -0.08555642 0.24642702 -0.09968281
v -0.09321247 0.73463139 0.03497976
v -0.05052530 0.76276274 0.03018072
v -0.05004914 0.75929882 0.04434443
v -0.02921904 0.77373333 0.03581073
v -0.02862150 0.43273999 0.14799998
v -0.04463387 0.44625019 0.15928800
v -0.06155189 0.45676318 0.16257451
v -0.06411948 0.43524226 0.16273322
v -0.07509004 0.45253365 0.16432047
v -0.08105617 0.43710956 0.16503939
v -0.09126112 0.44693174 0.16580496
v -0.10144740 0.43383242 0.16710276
v -0.10487396 0.19330150 -0.09676044
v -0.10763762 0.18445963 -0.09595748
v -0.11260470 0.17607536 -0.09800222
v -0.04977839 0.26762126 0.07501534
v -0.05444668 0.25852737 0.07504335
v -0.06200005 0.25794846 0.08731171
v -0.06278433 0.24518528 0.07861928
v -0.07606106 0.24094642 0.09671372
v -0.07345614 0.22908890 0.08381048
v -0.08273677 0.23140433 0.10039237
v -0.08033725 0.21566276 0.08570581
v -0.08877758 0.22261859 0.10358550
v -0.08573383 0.20117225 0.08460409
v -0.09303507 0.20508430 0.09881447
v -0.09737661 0.18326455 0.09225081
v -0.10554622 0.17168712 0.09794616
v -0.07787237 0.18294714 -0.00495312
v -0.07715345 0.17977264 0.01280520
v -0.08503357 0.16027773 0.00510248
v -0.08248467 0.16403107 0.02265538
v -0.08997265 0.14421867 0.01334674
v -0.08780656 0.14833615 0.02774386
v -0.09183066 0.13540486 0.03317780
v -0.09001935 0.14518038 0.04582896
v -0.09325917 0.14338773 0.05349435
v -0.08835741 0.15498383 0.04975969
v -0.09286703 0.15123982 0.05981526
v -0.08807732 0.15985759 0.05423195
v -0.08975792 0.15934407 0.05864818
v -0.08835741 0.17028661 0.06556665
v -0.09556530 0.15554401 0.07048706
v -0.09734862 0.16674804 0.08204584
v -0.10340813 0.15275238 0.08381048
v -0.08548173 0.16440454 -0.00777279
v -0.08226994 0.18257366 -0.02583921
v -0.08826406 0.16770968 -0.02751980
v -0.09154124 0.17223796 -0.04576363
v -0.09694715 0.14940985 -0.03550265
v -0.09755402 0.16017501 -0.04984374
v -0.10579828 0.14246341 -0.05608997
v -0.10444450 0.15810227 -0.06711656
v -0.09314712 0.13913954 -0.00092900
v -0.09605082 0.14022257 -0.01914482
v -0.09704983 0.46185164 0.16585166
v -0.04145007 0.33041959 0.11108285
v -0.04022696 0.34130613 0.11664748
v -0.04672527 0.33467711 0.11934577
v -0.05163636 0.33077440 0.12213745
v -0.05762114 0.33981223 0.13243578
v -0.06308311 0.32159645 0.12843035
v -0.06686445 0.33916800 0.13982108
v -0.08151366 0.33341665 0.14815869
v -0.10618109 0.13157687 0.07582763
v -0.10534079 0.12259496 0.06752734
v -0.09865575 0.13641324 0.06247621
v -0.09935600 0.12910266 0.05773319
v -0.09508914 0.13468598 0.05050662
v -0.09617221 0.12770215 0.04767762
v -0.09884248 0.12327659 0.05087074
v -0.09458499 0.14536709 0.05918971
v -0.06790082 0.62962209 -0.15969883
v -0.09809557 0.62669028 -0.14777592
v -0.09457562 0.18079968 -0.06307379
v -0.08606061 0.18633633 -0.04548353
v -0.07231705 0.75205356 -0.02618466
v -0.07819915 0.74899111 -0.02105883
v -0.08234463 0.74482697 -0.02713700
v -0.09034613 0.73971985 -0.02486820
v -0.08994466 0.74115776 -0.01209565
v -0.07445514 0.58495542 -0.16568363
v 0.09914131 0.80076285 -0.09818895
v 0.08921641 0.78869070 -0.10804846
v 0.08601395 0.80041751 -0.09256828
v 0.07461389 0.78227631 -0.10849661
v 0.06943204 0.79112758 -0.09527591
v 0.05629535 0.78413435 -0.09621892
v 0.05169242 0.79230393 -0.08310091
v 0.04848059 0.77644090 -0.10112065
v 0.03753802 0.78257506 -0.08672354
v 0.03203876 0.77776669 -0.08927244
v 0.03402745 0.78407836 -0.08239133
v 0.02455075 0.78294861 -0.07713479
v 0.03033013 0.78961488 -0.07165417
v 0.02054531 0.78459181 -0.07157948
v 0.01575561 0.78887733 -0.06112242
v 0.01188089 0.77975537 -0.07211167
v 0.00099438 0.77988616 -0.06328853
v 0.00053688 0.76942915 -0.07785372
v -0.00814621 0.77462033 -0.06335389
v -0.01274918 0.75764621 -0.08272744
v -0.02212320 0.76334158 -0.06790083
v -0.02827606 0.75117597 -0.07900212
v -0.04061910 0.75614305 -0.06166395
v -0.03077826 0.74153116 -0.08867490
v -0.04822846 0.73667620 -0.08026257
v -0.04800440 0.72733941 -0.09173732
v -0.06608017 0.72565888 -0.07763897
v -0.07095390 0.71450165 -0.08697563
v -0.08153232 0.71612619 -0.07471660
v -0.06600548 0.22837928 0.06879712
v -0.07198094 0.21382345 0.06852637
v -0.07279321 0.20251677 0.05746243
v -0.07610775 0.19515947 0.05844278
v -0.07860995 0.18307785 0.05159901
v -0.08009448 0.18776484 0.06157990
v -0.08248467 0.17719571 0.05667814
v -0.08394118 0.18712061 0.07080452
v -0.09055153 0.18416088 0.08170038
v -0.07580896 0.73059789 0.07770430
v -0.05890960 0.74171794 0.07816179
v -0.04991843 0.74178333 0.08908568
v -0.03536257 0.75152145 0.08681687
v -0.03678174 0.74246489 0.10095257
v -0.02980725 0.74804813 0.09827296
v -0.02455071 0.74736657 0.10252112
v -0.01892074 0.75106385 0.10105527
v -0.01062978 0.75469588 0.10121399
v 0.00065823 0.76179169 0.09820760
v 0.01303864 0.75789837 0.10724547
v 0.01088188 0.76755244 0.09592011
v 0.02045196 0.76924238 0.09782479
v 0.01939690 0.77757066 0.08585519
v 0.02667951 0.77214612 0.09658302
v 0.03697785 0.78023164 0.09002868
v 0.03690312 0.77469498 0.09683510
v 0.04455918 0.77866309 0.09439824
v -0.10057911 0.11809474 0.05020785
v -0.05559510 0.39687786 -0.13467660
v -0.04814444 0.40752164 -0.13499404
v -0.05749980 0.41897777 -0.14159506
v -0.04506337 0.42977099 -0.14024124
v -0.06443690 0.43549428 -0.14887765
v -0.05492287 0.44991940 -0.14968993
v -0.06943204 0.45212292 -0.15399413
v -0.08111219 0.25825654 0.11421062
v 0.02533502 0.42989223 -0.10581700
v 0.03019009 0.43774439 -0.10731086
v 0.02944314 0.45066635 -0.11480819
v 0.01212365 0.44765063 -0.12190405
v 0.01957430 0.46223445 -0.12459300
v -0.00080760 0.45638038 -0.13115668
v 0.00982685 0.47467088 -0.13368691
v -0.00291770 0.47040402 -0.13723484
v -0.00774474 0.48823707 -0.14487223
v -0.01967698 0.48438108 -0.14745847
v -0.02498954 0.50654623 -0.15558136
v -0.04112329 0.49476344 -0.15655238
v -0.03975081 0.51493991 -0.16044576
v -0.05771453 0.50767599 -0.16208901
v -0.07759225 0.20739047 0.07534212
v -0.09018742 0.15468508 -0.01532614
v -0.07612641 0.57310723 -0.16629051
v -0.05679954 0.57833573 -0.16720551
v -0.05250465 0.56328505 -0.16714014
v -0.03555864 0.57471325 -0.16756962
v -0.02714630 0.55957851 -0.16605709
v -0.01052707 0.55072724 -0.16301333
v 0.00381403 0.55169828 -0.16080055
v 0.01611975 0.54701129 -0.15682314
v 0.01567159 0.56248211 -0.16154749
v 0.03241220 0.55503156 -0.15559070
v 0.03498913 0.56586197 -0.15854109
v 0.05355039 0.56156719 -0.15262164
v 0.04340143 0.57416233 -0.15926001
v 0.06606151 0.57770090 -0.15516122
v 0.04501671 0.58722433 -0.16249050
v 0.05846148 0.59417069 -0.16177157
v 0.04567027 0.60144401 -0.16545021
v 0.06389542 0.60658846 -0.16401237
v 0.07537017 0.61610263 -0.16447919
v 0.08395987 0.63014494 -0.16608510
v 0.07702274 0.64267468 -0.16859666
v 0.09704057 0.63674596 -0.16608510
v 0.09056086 0.65247820 -0.16877406
v 0.11061602 0.64311348 -0.16574899
v 0.11475217 0.66179619 -0.16795243
v 0.12609624 0.65178724 -0.16523547
v 0.14433068 0.66015284 -0.16375093
v 0.14072672 0.64095668 -0.15978286
v 0.15864382 0.63912671 -0.15417153
v 0.16050179 0.62725986 -0.14919509
v 0.17016519 0.64823000 -0.15363000
v 0.18529993 0.64216109 -0.14641277
v 0.17955791 0.65947129 -0.15471306
v 0.20020124 0.65463499 -0.14625404
v 0.19571028 0.66634314 -0.15189338
v 0.21244163 0.67489552 -0.14984866
v 0.19914620 0.68133783 -0.15549734
v 0.20630740 0.69887198 -0.15718727
v 0.19237714 0.69246714 -0.15928802
v 0.19470190 0.71569665 -0.16089393
v 0.17491757 0.70982392 -0.16354553
v 0.18302183 0.72568680 -0.16246248
v -0.06648164 0.22907950 -0.03899455
v -0.06366199 0.24374745 -0.05032926
v -0.05486685 0.26793868 -0.05824674
v -0.05164569 0.28537026 -0.07219570
v -0.06271897 0.27786358 -0.08805868
v -0.05533367 0.29392256 -0.08989800
v -0.06565067 0.28543558 -0.09949608
v -0.06492242 0.29410934 -0.10352951
v -0.07466054 0.29159780 -0.10984109
v -0.04255180 0.73577055 0.10570493
v -0.05083342 0.73356703 0.10206362
v -0.06424086 0.73267063 0.08910436
v -0.05833073 0.72706872 0.10468724
v -0.06551996 0.72519202 0.09986017
v -0.07052440 0.71772266 0.10633048
v -0.07888071 0.72167211 0.09117710
v -0.05642607 0.71377336 -0.10058847
v -0.04794837 0.70953443 -0.11197918
v -0.05298084 0.69539880 -0.12280971
v -0.03669772 0.70838601 -0.12157727
v -0.03427017 0.70056192 -0.13136208
v -0.01648386 0.70654677 -0.13732820
v -0.02911636 0.69338205 -0.14159506
v -0.00718453 0.69805038 -0.15041819
v -0.02760379 0.68400807 -0.15045554
v -0.01130201 0.68282233 -0.15783150
v -0.01791236 0.67636135 -0.15844772
v -0.01895806 0.66609097 -0.16157549
v -0.02705295 0.66990037 -0.15853175
v -0.03342054 0.66066644 -0.16006296
v -0.03865841 0.66060104 -0.15869981
v 0.05519363 0.41601803 0.01358015
v 0.04750025 0.40618659 0.02040525
v 0.05244866 0.41836146 0.03511047
v 0.04173019 0.40322686 0.03742597
v 0.04287861 0.41551385 0.05768652
v 0.03448494 0.40300276 0.05834941
v 0.03164659 0.41218997 0.07570625
v 0.02436401 0.39294722 0.06673373
v 0.01822981 0.39586949 0.08076673
v 0.01253448 0.38029595 0.07474458
v 0.00417817 0.38496428 0.09198939
v -0.00186267 0.37223850 0.08984194
v -0.00695113 0.37946509 0.10287593
v -0.01532611 0.37327480 0.10873935
v -0.02637136 0.36691654 0.11714234
v -0.02382246 0.37235988 0.11752514
v -0.03301907 0.37155694 0.12589077
v -0.02136692 0.38045466 0.11970056
v -0.03845301 0.37918500 0.13444316
v -0.03758468 0.39262967 0.13980238
v -0.06111306 0.39397426 0.15526390
v -0.02362639 0.76868220 -0.05832143
v -0.01335609 0.77948469 -0.04981574
v -0.02126423 0.77498447 -0.05009584
v -0.03036746 0.77504046 -0.03849037
v -0.03016206 0.76986794 -0.04977839
v -0.04301862 0.76382710 -0.04600638
v -0.05573514 0.74182991 -0.06659371
v -0.08184044 0.72552824 -0.06185068
v -0.08422130 0.17060409 0.05444670
v -0.08423996 0.15903592 0.04075916
v -0.07630382 0.18017411 0.02713697
v -0.06006736 0.27741538 0.09915060
v -0.07142072 0.25763105 0.10098058
v -0.02549373 0.57936277 0.15491846
v -0.02908833 0.59407738 0.15383539
v -0.02738906 0.60536539 0.15253760
v -0.01531677 0.61404855 0.15039014
v -0.03159990 0.61859550 0.15106240
v -0.01414036 0.63372083 0.14754249
v -0.03065688 0.63245103 0.14889631
v -0.02713697 0.65103103 0.14550708
v -0.04245844 0.63471981 0.14902699
v -0.04501667 0.65567129 0.14465745
v -0.05522162 0.63307660 0.14931644
v -0.06537058 0.64445793 0.14624470
v -0.07086055 0.63120930 0.14898966
v -0.04962897 0.61486075 0.15247224
v -0.06974946 0.27733139 -0.09909460
v -0.04359750 0.72695660 0.11497623
v -0.06015137 0.72234440 0.10952363
v -0.05977794 0.71297042 0.11988730
v -0.07554754 0.71256895 0.10882337
v -0.07728416 0.17968865 0.04034834
v 0.02201118 0.71932854 0.12564802
v 0.00626957 0.72316601 0.12491042
v 0.01086321 0.71043082 0.12902789
v -0.00435554 0.70904890 0.12973747
v 0.00667104 0.69727551 0.13274386
v -0.00926660 0.69426905 0.13439647
v 0.00461700 0.67855547 0.13714144
v -0.00935065 0.67507289 0.13933555
v -0.00367395 0.65465366 0.14307956
v -0.01891137 0.66209494 0.14280881
v -0.03821025 0.67049787 0.14112821
v -0.06101037 0.66075975 0.14242600
v -0.07598637 0.66970434 0.13653457
v -0.06665905 0.67070331 0.13808445
v -0.05812533 0.67134754 0.13929823
v -0.05382115 0.70228917 0.12731929
v -0.04260782 0.38961395 -0.12599351
v -0.04449382 0.37362028 -0.12073697
v -0.05654745 0.34353758 -0.11673154
v -0.04769628 0.33849577 -0.10965436
v -0.03530654 0.30616296 0.08387582
v -0.03364464 0.31915024 0.09240019
v -0.04430708 0.30759147 0.09862773
v -0.04831252 0.31716155 0.11056933
v -0.05911501 0.31258654 0.11962588
v 0.02821070 0.58610384 -0.16479665
v 0.02267408 0.57407828 -0.16309737
v 0.00992953 0.58187445 -0.16615980
v 0.00398210 0.56821480 -0.16453521
v -0.00613886 0.57765417 -0.16688806
v -0.01330939 0.56763596 -0.16628117
v -0.02052662 0.58748576 -0.16803646
v 0.01608239 0.40420717 0.09151321
v 0.00367399 0.39948285 0.10437912
v -0.00756733 0.39414223 0.11353839
v -0.01343077 0.38568331 0.11456541
v -0.00517718 0.36928803 -0.08202720
v -0.00627891 0.36029686 -0.07249447
v -0.01840722 0.34914889 -0.08150435
v -0.00916392 0.34709481 -0.06043152
v -0.01864061 0.33407021 -0.06228017
v -0.01067644 0.33415426 -0.04361620
v -0.02871489 0.31505142 -0.05726638
v -0.02119884 0.31478999 -0.03749136
v -0.03395272 0.29874967 -0.04623046
v -0.02182441 0.30597626 -0.02198317
v -0.03131981 0.29051470 -0.02437335
v -0.02264605 0.29681698 -0.00200273
v -0.03201070 0.28289605 -0.00894920
v -0.03534390 0.27266300 0.00486904
v -0.03843431 0.27457703 -0.01853795
v -0.04515672 0.26030129 -0.01560623
v -0.04983438 0.26502568 -0.04030169
v -0.05177640 0.25230916 -0.02476549
v -0.05741574 0.24871452 -0.03932133
v -0.06041284 0.23247810 -0.02127358
v 0.01377625 0.77529248 -0.07977706
v 0.00233883 0.75741285 -0.09406215
v -0.01349613 0.74222212 -0.10098994
v -0.03455030 0.72437982 -0.10568628
v -0.03976947 0.28187834 -0.03628692
v -0.04674397 0.28155152 -0.05515630
v -0.04295326 0.29665827 -0.06628560
v -0.04835921 0.30198016 -0.08588324
v -0.05793859 0.30162535 -0.10030837
v -0.02912569 0.28560361 0.04325203
v -0.02715563 0.29003858 0.04450315
v -0.03661367 0.28407246 0.06369931
v -0.03513850 0.29454813 0.07276521
v -0.04253313 0.29509905 0.08592056
v -0.05201916 0.29192455 0.09778743
v -0.03495177 0.41741862 -0.13259452
v -0.01780965 0.40489813 -0.11911239
v 0.00022876 0.41125639 -0.11263275
v 0.01153544 0.40965977 -0.10317472
v 0.01361751 0.40004303 -0.08851617
v 0.02638072 0.40559835 -0.07452986
v 0.02663282 0.39733546 -0.06109441
v 0.03741664 0.40243318 -0.04520343
v 0.04139408 0.40044450 -0.02832276
v 0.03475570 0.38894179 -0.02077874
v 0.03297241 0.38372255 -0.00629759
v 0.03789284 0.39116383 0.00783811
v -0.04264515 0.25747227 0.03868641
v -0.03982549 0.26133766 0.01760424
v -0.04623978 0.24973223 0.01269317
v -0.04692134 0.25191702 -0.00180665
v -0.05412923 0.23471887 0.00809020
v -0.05287813 0.24357000 -0.01173153
v -0.05756512 0.23043335 -0.00284302
v -0.04499801 0.68380264 -0.13986777
v -0.05234594 0.67249596 -0.14467615
v -0.03972278 0.67103939 -0.15323786
v -0.05787324 0.22388839 0.02192713
v -0.05206586 0.23648353 0.03136648
v -0.05271942 0.32224068 0.11856149
v -0.05313955 0.31750696 0.11621800
v -0.04770561 0.28111273 0.08275543
v -0.04748155 0.24647375 0.03430752
v -0.01292659 0.46120741 -0.13777637
v -0.04477391 0.33054097 -0.10348283
v 0.15437696 0.82873563 0.00186265
v 0.13675868 0.83049081 -0.00041550
v 0.15164133 0.82699897 0.01529809
v 0.13730953 0.82599985 0.02236594
v 0.15650569 0.82400191 0.02856548
v 0.14463876 0.82247068 0.03720189
v 0.15420885 0.81850258 0.04549285
v 0.13790703 0.81716739 0.05297150
v 0.14922311 0.81054770 0.05958185
v 0.13695472 0.81241500 0.06075826
v 0.14382649 0.80431082 0.06752734
v 0.12696450 0.80323720 0.07305465
v 0.13967169 0.79514228 0.07537946
v 0.13170755 0.79461002 0.07806844
v 0.13933561 0.78731818 0.07924485
v 0.13362158 0.78545074 0.08170038
v 0.13750563 0.77973671 0.08299817
v 0.13048441 0.77655302 0.08635938
v 0.14419997 0.77000799 0.08476281
v 0.13804715 0.76208118 0.08938446
v 0.14300489 0.76134363 0.08788125
v 0.14321966 0.75536818 0.08961786
v 0.14968064 0.75816906 0.08643406
v 0.15261230 0.75154938 0.08730238
v 0.15928805 0.75379948 0.08410925
v 0.16433911 0.74744137 0.08372644
v 0.16873668 0.74824431 0.08170973
v 0.17472147 0.74173660 0.08057999
v 0.17416129 0.75104519 0.07855393
v 0.19147149 0.75039170 0.06983349
v 0.17833476 0.76518095 0.07227971
v 0.19549558 0.76428470 0.06326983
v 0.17766254 0.78560959 0.06444625
v 0.19536487 0.78322870 0.05541771
v 0.18590683 0.80010936 0.05160834
v 0.19909948 0.79541296 0.04621177
v 0.18788619 0.80593551 0.04593166
v 0.19623320 0.80555270 0.04090854
v 0.19047244 0.81380618 0.03513849
v 0.19676538 0.81522543 0.02876154
v 0.18568274 0.81967892 0.02728636
v 0.18715790 0.82373108 0.01165680
v 0.16986644 0.82510360 0.01636248
v 0.16883940 0.82792329 -0.00115308
v 0.15359268 0.83007068 -0.01311334
v 0.14127763 0.83259162 -0.02097481
v 0.12421953 0.83181660 -0.01124602
v 0.13802848 0.83278765 -0.03461566
v 0.11604063 0.83032284 -0.02294484
v 0.11285680 0.82937046 -0.03739799
v 0.09816093 0.82688685 -0.02579253
v 0.09299774 0.82442204 -0.04619311
v 0.08439870 0.82350698 -0.02703430
v 0.07812446 0.82112609 -0.03780880
v 0.06823696 0.81883866 -0.02542839
v 0.06613620 0.81669126 -0.04289728
v 0.04776167 0.81216298 -0.03127314
v 0.05029190 0.81102396 -0.04406436
v 0.03040482 0.80544058 -0.03400878
v 0.03054486 0.80152846 -0.04814448
v 0.01510204 0.79872758 -0.03624024
v 0.00570003 0.78860665 -0.05147766
v -0.00216142 0.78998843 -0.03837833
v -0.01550351 0.78567484 -0.02867755
v -0.03275765 0.77781342 -0.02062002
v -0.03994688 0.76983062 -0.03679110
v -0.04536212 0.76671218 -0.03639896
v 0.06298976 0.69906816 -0.16605709
v 0.07328810 0.71818952 -0.16228509
v 0.05846148 0.71455764 -0.16168754
v 0.05478283 0.72578026 -0.15553468
v 0.04227171 0.71174721 -0.15969883
v 0.04328008 0.72154147 -0.15440495
v 0.03519453 0.71852560 -0.15353664
v 0.03157190 0.73211045 -0.14046532
v 0.02247801 0.72010356 -0.14689828
v 0.01447647 0.72385697 -0.13904615
v 0.00423420 0.71200878 -0.14490957
v -0.00182531 0.72323126 -0.12938271
v -0.01501799 0.72218570 -0.12185737
v -0.03329916 0.40142481 -0.12572274
v 0.00133049 0.79418063 -0.02556844
v -0.02063866 0.78416228 -0.01311334
v -0.00361796 0.50313830 -0.14858821
v 0.01090991 0.49260664 -0.13996114
v 0.03246823 0.47672496 -0.12489178
v -0.02200182 0.75968162 0.08571514
v -0.01687599 0.77828954 0.04319603
v -0.01227302 0.43480332 0.13779503
v -0.03849967 0.30954283 -0.07299865
v 0.01085388 0.59573924 -0.16783106
v -0.00516781 0.59107106 -0.16802712
v -0.01170348 0.37358295 -0.09781548
v -0.01904208 0.36214557 -0.09674177
v -0.02710897 0.32716110 -0.07139275
v 0.06017940 0.42274044 0.01280520
v 0.06588414 0.43406578 0.02628734
v 0.05817202 0.43042449 0.04383091
v 0.07251315 0.44753865 0.03779010
v 0.06853572 0.44762256 0.04924617
v 0.07968368 0.46085267 0.04439112
v 0.07076720 0.46205708 0.06544527
v 0.08215793 0.46976919 0.05340099
v 0.07782568 0.47573524 0.06961876
v 0.08956189 0.48576286 0.06169193
v 0.07551021 0.48488527 0.08164437
v 0.08688224 0.50147644 0.08172839
v 0.06947873 0.49255991 0.09544394
v 0.07626649 0.50378254 0.09616286
v 0.06864777 0.49861002 0.10063513
v 0.07082319 0.51006614 0.10590100
v 0.05845215 0.49217711 0.10671329
v 0.05737842 0.50718121 0.11657279
v 0.04652923 0.48703266 0.11514429
v 0.04434445 0.50424940 0.12584409
v 0.03527858 0.48939475 0.12604949
v 0.02889229 0.50582735 0.13747755
v 0.02394384 0.48988027 0.13480727
v 0.01408437 0.49203706 0.14194048
v 0.01059246 0.47260754 0.13704808
v -0.00363662 0.49459533 0.15247224
v -0.00989217 0.48361547 0.15276166
v -0.01343077 0.31062585 0.00854770
v -0.01091920 0.31644260 -0.00283369
v -0.00584941 0.32300630 0.01772563
v 0.00010738 0.33278175 0.01335607
v -0.00129313 0.33305250 0.03697781
v 0.00602681 0.34254786 0.02292614
v 0.00593346 0.34551693 0.03684710
v 0.01191825 0.35404131 0.03251488
v 0.00854771 0.35178187 0.04201026
v 0.01428044 0.36216423 0.04347612
v 0.00669907 0.35671163 0.05707963
v 0.01569958 0.37342425 0.05943247
v 0.00414081 0.36380750 0.07222368
v 0.07584633 0.76575053 -0.12759941
v 0.06273767 0.76617993 -0.12073697
v 0.05105752 0.75379022 -0.12830900
v 0.03716458 0.75580697 -0.11838413
v 0.03578273 0.75120404 -0.12265098
v 0.02072272 0.75461183 -0.10981308
v 0.01864998 0.73831001 -0.12644166
v 0.00452362 0.74312778 -0.11207256
v 0.00379537 0.73250266 -0.12353797
v 0.04695870 0.68211270 -0.16744825
v 0.04076851 0.66449450 -0.16894213
v 0.03003134 0.68422277 -0.16497403
v 0.02632473 0.66935886 -0.16700009
v 0.01306667 0.68673430 -0.16223840
v 0.00130246 0.67629596 -0.16278927
v -0.00495308 0.72128930 0.12536792
v -0.01298261 0.71498703 0.12736597
v -0.02084407 0.71334383 0.12748735
v -0.02066670 0.70544494 0.13062447
v 0.00077961 0.63521473 0.14599260
v 0.01123669 0.66091846 0.14031590
v 0.02174976 0.64985454 0.14080142
v 0.03202006 0.66642719 0.13623578
v 0.04719213 0.67167436 0.13267851
v -0.00377667 0.33706727 0.05373711
v -0.00691377 0.32599402 0.04357883
v -0.00640962 0.32350115 0.03404609
v -0.00055551 0.35678628 -0.05592191
v 0.00194673 0.35103492 -0.04061914
v 0.00470102 0.34690811 -0.02254336
v -0.00813688 0.32886970 -0.02458809
v -0.00402876 0.32951393 -0.01048974
v 0.09560266 0.56252884 0.11302487
v 0.07828321 0.55424714 0.12255758
v 0.09282970 0.55028844 0.10900076
v 0.08729308 0.53907522 0.10759093
v 0.10197032 0.54806640 0.09936533
v 0.09258694 0.52809522 0.09527588
v 0.10022433 0.53547126 0.09259625
v 0.09626563 0.52640529 0.09012205
v 0.10112066 0.52072859 0.07994509
v 0.09113044 0.51773153 0.08944980
v 0.08524834 0.52102734 0.09825428
v 0.07909548 0.51186820 0.09861840
v 0.08012252 0.52785246 0.10771231
v 0.06778880 0.52499545 0.11719836
v 0.05316758 0.52163424 0.12726327
v 0.03622157 0.52160632 0.13872869
v 0.02118955 0.51660177 0.14556310
v 0.00641895 0.50308231 0.14973657
v 0.06007672 0.78632847 0.08931911
v 0.05579120 0.78827043 0.08525765
v 0.05005847 0.78220166 0.09177464
v 0.04143141 0.79014713 0.07575294
v 0.02582988 0.78730878 0.07118731
v 0.00250690 0.76888764 0.08958052
v -0.00962141 0.76003651 0.09477171
v -0.00324449 0.68948874 -0.15711258
v 0.00561601 0.69720071 -0.15605753
v 0.01621310 0.69994575 -0.15812093
v 0.02047063 0.70862877 -0.15487178
v 0.02819204 0.71125243 -0.15594549
v 0.00481307 0.40450592 -0.10639587
v -0.00076091 0.39633635 -0.10551822
v -0.00460764 0.35800942 0.08094412
v -0.00305775 0.34748702 0.06709786
v -0.01026564 0.31871144 0.04042303
v 0.00939735 0.41151782 0.10607839
v 0.01202096 0.50852566 -0.14547911
v 0.03123579 0.60065033 0.14472280
v 0.04060981 0.58389105 0.14316358
v 0.02760383 0.57126799 0.14670219
v 0.04048842 0.55743098 0.14386384
v 0.01647456 0.56243552 0.14930711
v 0.01911681 0.54530270 0.14915770
v 0.00701649 0.53084952 0.15139851
v 0.02343969 0.53081219 0.14722504
v 0.04051642 0.53450021 0.14040925
v 0.05815336 0.53734782 0.13052175
v 0.07300797 0.53972871 0.12028879
v 0.05836809 0.73689090 -0.14822408
v 0.05379315 0.73463139 -0.14839214
v 0.05255138 0.74341713 -0.13985844
v 0.04726682 0.73410854 -0.14617002
v 0.04002156 0.74192337 -0.13479797
v 0.04749092 0.76482607 -0.11393989
v 0.03733262 0.75892541 -0.11490155
v 0.03216011 0.76390189 -0.10622781
v 0.01158213 0.75740345 -0.10040173
v 0.07163549 0.80277960 -0.08048665
v 0.06184134 0.80835358 -0.06369001
v 0.04379360 0.79449805 -0.07433379
v 0.04761230 0.80399341 -0.05991800
v 0.03498913 0.79803662 -0.06044085
v -0.00618552 0.77954068 -0.05709833
v 0.01136737 0.35065212 0.00370196
v 0.00519588 0.34129680 -0.00105038
v 0.00197472 0.34006433 0.04020828
v 0.02092812 0.67584790 0.13608640
v 0.02165637 0.69337265 0.13191293
v 0.03736065 0.68392402 0.13221168
v 0.03238421 0.70222378 0.12870111
v 0.05011450 0.69452107 0.12824361
v 0.04688401 0.71468828 0.12394876
v 0.22631590 0.64610128 -0.13345349
v 0.23044265 0.63855727 -0.12669375
v 0.22337484 0.63302061 -0.12671243
v 0.22421510 0.62832422 -0.12013009
v 0.21685787 0.62635420 -0.12463969
v 0.21157330 0.62051879 -0.12292175
v 0.20945384 0.62924854 -0.13086724
v 0.20328235 0.61665340 -0.12540530
v 0.19562630 0.62074289 -0.13188494
v 0.19498206 0.61032321 -0.12505984
v 0.18363799 0.62142445 -0.13741224
v 0.18629897 0.60623372 -0.12698319
v 0.17247136 0.60823181 -0.13434048
v 0.16853132 0.60135069 -0.13238912
v 0.15487182 0.60909999 -0.14188449
v 0.15332186 0.59249942 -0.13372426
v 0.13555427 0.60558949 -0.14753317
v 0.13730020 0.59125769 -0.13940094
v 0.12002740 0.58925034 -0.14446141
v 0.12549866 0.57700994 -0.13643189
v 0.10973836 0.57073574 -0.13907416
v 0.12569477 0.55925169 -0.12700187
v 0.10728281 0.55668403 -0.13304268
v 0.10922484 0.54470520 -0.12630162
v 0.09221347 0.55409784 -0.13748693
v 0.09585476 0.53177384 -0.12471438
v 0.08320363 0.54348212 -0.13565694
v 0.07526745 0.52944908 -0.13167953
v 0.07163549 0.54733811 -0.14157639
v 0.06477304 0.53376266 -0.13786973
v 0.05249536 0.54668448 -0.14743047
v 0.04953562 0.53484569 -0.14364912
v 0.03277635 0.54265112 -0.15113712
v 0.03019942 0.39000616 0.04785501
v 0.02086276 0.37323747 0.04340143
v 0.01971435 0.36829846 0.03557732
v 0.01441112 0.35594601 0.02173106
v 0.02522297 0.77286500 -0.09112110
v 0.02972326 0.77349983 -0.09318450
v 0.03821962 0.76943841 -0.10357620
v 0.03952674 0.42803433 0.07932887
v 0.02910703 0.42104110 0.08775054
v 0.06299909 0.48912406 0.09993488
v 0.06125314 0.48242032 0.09709653
v 0.06293374 0.47450291 0.08906701
v 0.05690226 0.48245765 0.10179287
v 0.05074940 0.47441886 0.10308133
v 0.04850862 0.47988072 0.10913149
v 0.04352284 0.47053481 0.10801108
v 0.03024611 0.47539917 0.12319248
v 0.03161859 0.46015245 0.11346368
v 0.02302885 0.46432585 0.12339788
v 0.05319561 0.55157690 0.13819650
v 0.06571606 0.56201525 0.13423776
v 0.02919108 0.79579577 0.05213120
v 0.03118910 0.80175256 0.03141316
v 0.03140386 0.80483367 0.01241307
v 0.03694982 0.44618479 -0.10761897
v 0.04251447 0.45748207 -0.11080277
v 0.03771543 0.46570777 -0.11766521
v 0.02353304 0.37277061 0.02959251
v 0.04734150 0.69797573 -0.16450721
v 0.03394343 0.70041261 -0.16221040
v 0.02343036 0.69586566 -0.16143544
v 0.12965347 0.63130261 -0.15930670
v 0.11613401 0.62575670 -0.16050178
v 0.12313643 0.61416993 -0.15483443
v 0.10524747 0.60812909 -0.15686049
v 0.10985974 0.59296628 -0.14960591
v 0.08767585 0.58821390 -0.15362067
v 0.09395946 0.57003552 -0.14433070
v 0.07159817 0.56201525 -0.14773857
v 0.06096372 0.45430764 0.07309199
v 0.05443738 0.46180506 0.08912302
v 0.05080542 0.44367326 0.07783501
v 0.04650124 0.45534408 0.09416482
v 0.04021763 0.44292631 0.09160658
v 0.03662304 0.45210426 0.10301597
v 0.05407324 0.75051308 -0.13350018
v 0.03648299 0.73493014 0.11924307
v 0.03610952 0.72058908 0.12365932
v 0.11206319 0.53402409 -0.11857087
v 0.12093305 0.53959807 -0.11675955
v 0.12343526 0.53059750 -0.10074719
v 0.13553554 0.54500395 -0.10578898
v 0.13464855 0.53320234 -0.08727439
v 0.14889629 0.54623642 -0.08647145
v 0.13836456 0.52999985 -0.07383895
v 0.15181870 0.54142805 -0.06981485
v 0.14755184 0.53417339 -0.06150523
v 0.15379805 0.54017691 -0.06059957
v 0.14951253 0.53399602 -0.05403590
v 0.15911994 0.54291255 -0.04872334
v 0.14885897 0.53111094 -0.04192626
v 0.15340591 0.53450961 -0.02769720
v 0.14148300 0.52155959 -0.03244955
v 0.14069872 0.52026173 -0.01608240
v 0.12853305 0.50792801 -0.03441025
v 0.12827162 0.50611670 -0.01503670
v 0.11911241 0.49584646 -0.02316892
v 0.11222197 0.48922678 -0.03107707
v 0.10630250 0.48228028 -0.03099304
v 0.10029906 0.47554861 -0.03130115
v 0.09244690 0.46759374 -0.03766874
v 0.09533191 0.47559520 -0.05060001
v 0.08152299 0.46289734 -0.05744378
v 0.09198944 0.47830291 -0.06467969
v 0.07787237 0.46995597 -0.07730285
v 0.08547244 0.48129057 -0.08277413
v 0.07241044 0.47475494 -0.09480908
v 0.08667684 0.49121546 -0.09751671
v 0.06820893 0.48125324 -0.10785238
v 0.07107532 0.48792891 -0.11112022
v 0.06861044 0.49900223 -0.11954188
v 0.05200054 0.50919781 -0.13125938
v 0.05031057 0.52271741 -0.13806580
v 0.12706722 0.82221852 0.03693112
v 0.12673107 0.82720440 0.01438311
v 0.10387495 0.82276944 0.02649276
v 0.11372513 0.82830609 0.00626956
v 0.09731133 0.82374048 0.01389760
v 0.09423022 0.82598119 -0.00085432
v 0.08012252 0.82093946 0.00816489
v 0.08376380 0.82332961 -0.01207697
v 0.06449296 0.81737282 -0.00259094
v 0.06027279 0.81657914 -0.01795907
v 0.05130024 0.43001376 0.05984327
v 0.06012338 0.44380390 0.06134649
v 0.03909724 0.41266624 -0.06040350
v 0.03841569 0.41910841 -0.07145810
v 0.07448317 0.81605644 -0.05665951
v 0.05461475 0.57322861 0.13989577
v 0.04524077 0.72908547 -0.14964326
v 0.04261715 0.46196376 0.10335209
v 0.04488599 0.46786442 0.10484595
v 0.03823828 0.45789294 0.10524744
v 0.08309158 0.77685177 -0.11855219
v 0.05020789 0.42305785 -0.05339167
v 0.08409059 0.81850258 0.02854681
v 0.11808537 0.49644397 -0.03151589
v 0.10844989 0.48549203 -0.03572673
v 0.11731976 0.49620120 -0.03746334
v 0.11659147 0.49770451 -0.04637985
v 0.11918706 0.49895550 -0.04116066
v 0.12450902 0.50519238 -0.04335477
v 0.12757140 0.50879634 -0.04452185
v 0.13393899 0.51592022 -0.04619311
v 0.12342593 0.50534183 -0.04850860
v 0.12317383 0.50722779 -0.05542707
v 0.11455613 0.49802192 -0.05375581
v 0.11589125 0.50772272 -0.07372691
v 0.10501404 0.49681751 -0.07384828
v 0.11145636 0.51426761 -0.09288573
v 0.10059781 0.50500575 -0.09588280
v 0.10051375 0.51547216 -0.10961701
v 0.09039282 0.51073844 -0.11472416
v 0.08779727 0.52164365 -0.12236154
v 0.07604239 0.50991684 -0.12137186
v 0.06449296 0.51718076 -0.12988689
v 0.07720014 0.49195301 -0.10960768
v 0.08163504 0.49579974 -0.10942094
v 0.08516432 0.50137372 -0.11080277
v 0.09007541 0.50471626 -0.10922487
v 0.13638521 0.75450911 0.09220412
v 0.13185692 0.76585311 0.09012205
v 0.12977485 0.75994305 0.09269897
v 0.12288441 0.76216523 0.09406211
v 0.11593791 0.76084870 0.09644296
v 0.10932756 0.75773967 0.09906656
v 0.10755357 0.76858874 0.09516385
v 0.09701251 0.76785120 0.09774076
v 0.08944984 0.76752438 0.09933734
v 0.07551021 0.75442519 0.10665726
v 0.06504380 0.75801035 0.10729216
v 0.07444581 0.44118965 0.00897718
v 0.06684578 0.43091001 0.00770740
v 0.07193428 0.43761375 -0.00774478
v 0.10183954 0.62375861 -0.16228509
v 0.09036483 0.61833407 -0.16254651
v 0.08932846 0.60332998 -0.15861578
v 0.07329743 0.59574864 -0.15931603
v 0.18549603 0.66129200 0.08599525
v 0.17324630 0.66282323 0.09304444
v 0.16730825 0.68825627 0.09318448
v 0.15986689 0.66998443 0.09817024
v 0.14404126 0.69699528 0.10163414
v 0.14398527 0.68363453 0.10357617
v 0.12384606 0.69383025 0.10891674
v 0.13026971 0.67430727 0.10914082
v 0.11382785 0.68287832 0.11365975
v 0.11036393 0.66878928 0.11668484
v 0.09689113 0.68186068 0.11900966
v 0.10151280 0.65843499 0.12055021
v 0.09200810 0.64703486 0.12442492
v 0.07805911 0.62518712 0.13047509
v 0.08402523 0.60558008 0.13021363
v 0.08944051 0.61925839 0.12749668
v 0.10091522 0.61226516 0.12416349
v 0.10005629 0.63342208 0.12266963
v 0.11183916 0.62086427 0.11984063
v 0.11470551 0.63647513 0.11778655
v 0.12730998 0.62803487 0.11328630
v 0.12241755 0.65136711 0.11365975
v 0.13974641 0.63519607 0.10766562
v 0.13345347 0.65689436 0.10942093
v 0.15189342 0.65109628 0.10279189
v 0.14500291 0.66651110 0.10420172
v 0.15700054 0.83207803 -0.03216946
v 0.15082899 0.83288096 -0.04829386
v 0.13244517 0.83154591 -0.04880738
v 0.14148300 0.83039750 -0.06443694
v 0.12211880 0.82886627 -0.05794796
v 0.12388338 0.82230257 -0.07492201
v 0.11015856 0.82434725 -0.06383005
v 0.11339838 0.81333947 -0.08607931
v 0.09592015 0.81945496 -0.06594014
v 0.08913239 0.81174285 -0.07623847
v 0.12690851 0.81068775 0.06523985
v 0.12039147 0.81785835 0.05101081
v 0.10980375 0.81934284 0.04135670
v 0.09247489 0.81447848 0.04864863
v 0.10052308 0.67068465 -0.16943697
v 0.17952991 0.64172230 0.08295150
v 0.16794308 0.64921031 0.09476236
v 0.16967041 0.63443046 0.08743309
v 0.15529195 0.63771686 0.09965477
v 0.15591745 0.62605545 0.09479971
v 0.13997984 0.61686824 0.10318403
v 0.12735664 0.60735407 0.10875801
v 0.14052135 0.74674100 -0.15929736
v 0.12748735 0.74042947 -0.16070718
v 0.11829074 0.72992574 -0.16277993
v 0.10524747 0.73548106 -0.16031505
v 0.09264300 0.71494044 -0.16458190
v 0.08914172 0.72662052 -0.16131407
v 0.11251139 0.72021568 0.10791771
v 0.09475307 0.71421216 0.11407057
v 0.09757268 0.80770009 0.06878779
v 0.08878694 0.79957725 0.07917950
v 0.09757268 0.80168731 0.07720013
v 0.09100906 0.79295742 0.08582719
v 0.10305335 0.80209804 0.07710676
v 0.10176489 0.78879328 0.08723702
v 0.11295951 0.79744838 0.08004779
v 0.11942049 0.78809306 0.08415592
v 0.12501314 0.79189305 0.08100014
v 0.15222017 0.70568770 0.09718989
v 0.12989624 0.71454824 0.10334275
v 0.10564894 0.69853591 0.11387450
v 0.08415594 0.69554811 0.12033546
v 0.09944939 0.77610482 0.09390340
v 0.10194226 0.52204512 -0.11489223
v 0.10885144 0.52501411 -0.11215658
v 0.12317383 0.52107407 -0.08493090
v 0.12760873 0.51631242 -0.06712590
v 0.13537683 0.52234387 -0.06231752
v 0.14052135 0.52499545 -0.05536171
v 0.13367757 0.51796503 -0.05451208
v 0.11757185 0.75263254 -0.15380741
v 0.10599442 0.82884761 -0.01110596
v 0.09750736 0.47155244 0.01010692
v 0.10544350 0.48805029 -0.05341034
v 0.09600413 0.49146749 -0.08080409
v 0.11239001 0.52328685 0.06788213
v 0.09578944 0.50184984 0.06946937
v 0.20711967 0.61145296 -0.11484554
v 0.22576499 0.62160182 -0.10495802
v 0.21848241 0.61365634 -0.10092459
v 0.22441120 0.61267603 -0.08449207
v 0.21117176 0.60563622 -0.09692850
v 0.20655950 0.59880169 -0.08985132
v 0.20331968 0.60295657 -0.10446318
v 0.19842725 0.59392807 -0.09454765
v 0.18638296 0.58960508 -0.10620914
v 0.19709213 0.59083756 -0.09023411
v 0.18795151 0.58163168 -0.08748914
v 0.20018257 0.58806460 -0.07461390
v 0.18771815 0.57564683 -0.06973082
v 0.19048178 0.57573088 -0.05649145
v 0.17831610 0.56526447 -0.06403546
v 0.17891367 0.56242612 -0.04561425
v 0.16829789 0.55432194 -0.05880694
v 0.17182713 0.55420982 -0.03803288
v 0.16419914 0.54655384 -0.02543773
v 0.16150083 0.54505068 -0.00839834
v 0.15140790 0.53354782 -0.01190892
v 0.15885851 0.54317397 -0.00020075
v 0.15313515 0.53672240 0.00117173
v 0.14950320 0.53610609 0.01243175
v 0.14780393 0.52989727 -0.00151723
v 0.14194986 0.52380970 0.00272162
v 0.13628249 0.51668583 -0.00079829
v 0.13201563 0.51129862 -0.00383271
v 0.13096993 0.51318458 0.01034033
v 0.12551733 0.50372655 -0.00253492
v 0.11741315 0.49467938 0.00094765
v 0.11017722 0.48632304 0.00327248
v 0.10740427 0.48644442 0.01920083
v 0.10921551 0.77826162 0.09087831
v 0.12259492 0.77495640 0.08910436
v 0.11443475 0.78475992 0.08683555
v 0.12614290 0.67844335 -0.16804580
v 0.14445206 0.68826553 -0.16654260
v 0.16660796 0.68339176 -0.16324676
v 0.17215395 0.69538940 -0.16321876
v 0.18431962 0.67659471 -0.15821431
v 0.10335210 0.48070232 -0.03931200
v 0.10967304 0.81378752 0.05934844
v 0.10791771 0.80707452 0.07100057
v 0.11685290 0.80784013 0.07018829
v 0.10765629 0.82736311 -0.04870467
v 0.13791643 0.52401514 0.01775364
v 0.12267898 0.51015020 0.02871487
v 0.11851484 0.49922633 0.01597034
v 0.16897945 0.61953848 -0.14206189
v 0.14283678 0.61726031 -0.15123049
v 0.11390257 0.54949490 0.08835743
v 0.11001845 0.54624568 0.08998200
v 0.10688134 0.54277250 0.09075695
v 0.10720816 0.53825348 0.08696626
v 0.10971969 0.53585407 0.08251269
v 0.10277326 0.54004613 0.09316580
v 0.13443385 0.76093276 -0.15123049
v 0.11526568 0.54373415 0.08269007
v 0.12336987 0.54598426 -0.12056891
v 0.13037243 0.55102613 -0.11896300
v 0.13684274 0.55937307 -0.12153992
v 0.14341569 0.56054942 -0.11765587
v 0.15148262 0.55840202 -0.10474328
v 0.15157594 0.57079173 -0.12194140
v 0.16399370 0.57153868 -0.10859932
v 0.15896123 0.57837306 -0.12335123
v 0.16686938 0.58043654 -0.11773056
v 0.16542221 0.58747635 -0.12562938
v 0.17667283 0.58616923 -0.11441606
v 0.17560846 0.59346121 -0.12435959
v 0.18446900 0.59881110 -0.12178267
v 0.20270344 0.64068600 0.05991798
v 0.20365582 0.64768849 0.06381136
v 0.19993048 0.64217990 0.06403544
v 0.19257318 0.64758577 0.07474458
v 0.19028567 0.63272186 0.06730326
v 0.17624336 0.62744663 0.07756425
v 0.16864337 0.61751247 0.07843256
v 0.15130518 0.61276009 0.09165325
v 0.13952231 0.60046370 0.09543461
v 0.18244291 0.62406676 0.06906790
v 0.19180756 0.62264752 0.05772386
v 0.18128516 0.61576641 0.06420350
v 0.18442227 0.61101402 0.05642607
v 0.17043602 0.59970735 0.06359661
v 0.17906305 0.59962329 0.05263538
v 0.16319076 0.58467533 0.05932976
v 0.17623403 0.58712161 0.04332674
v 0.16594506 0.57433970 0.04374689
v 0.17183646 0.57162273 0.02816401
v 0.15747667 0.56069886 0.03916258
v 0.15948408 0.55270666 0.02144162
v 0.15144522 0.54520938 0.02714630
v 0.14179115 0.53429477 0.02898563
v 0.26703306 0.71772266 0.02307553
v 0.27114114 0.73658275 0.01200225
v 0.26144034 0.73479010 0.02169370
v 0.26348508 0.75489191 0.00999488
v 0.25397106 0.74802021 0.02297283
v 0.25072191 0.75818772 0.02153499
v 0.23930311 0.75450911 0.03427952
v 0.24212280 0.76924238 0.02519494
v 0.23201120 0.77265031 0.03289769
v 0.23824808 0.78837315 0.01788435
v 0.22555955 0.79070731 0.02866818
v 0.23357042 0.80359194 0.01455116
v 0.21960283 0.80576740 0.02475613
v 0.22740826 0.80878312 0.01480326
v 0.21947212 0.81122000 0.01834185
v 0.21802488 0.81706467 0.00760470
v 0.20628874 0.81584160 0.02125488
v 0.19936097 0.82229317 0.00662435
v 0.19034173 0.82570110 -0.00491576
v 0.17655152 0.82856752 -0.01250647
v 0.18706458 0.82811932 -0.02335565
v 0.17598194 0.83033210 -0.02902301
v 0.19138743 0.82860485 -0.03626825
v 0.17398392 0.83129375 -0.04375625
v 0.19311469 0.82785790 -0.05890030
v 0.17812007 0.83050947 -0.05820939
v 0.17920309 0.82809140 -0.07517409
v 0.16154749 0.83174195 -0.05705164
v 0.16059518 0.82968787 -0.07089790
v 0.14987667 0.82498222 -0.07919819
v 0.12111976 0.76413525 -0.14507763
v 0.12240822 0.76949440 -0.14101618
v 0.12736597 0.77472305 -0.13747759
v 0.13007361 0.77985823 -0.13246381
v 0.14357440 0.76971850 -0.14530171
v 0.13900879 0.78325676 -0.13154881
v 0.14483487 0.78381694 -0.13259452
v 0.14138028 0.79231319 -0.12220282
v 0.15180003 0.78697270 -0.13081121
v 0.14915772 0.79807394 -0.11756251
v 0.15898923 0.78763560 -0.13183825
v 0.16545021 0.78847586 -0.13209968
v 0.16897945 0.78327528 -0.13734688
v 0.16193963 0.66206688 -0.16033373
v 0.15066095 0.67418589 -0.16476863
v 0.16008166 0.59679435 0.07325072
v 0.16404969 0.60291925 0.07344679
v 0.15537593 0.59484299 0.07687335
v 0.14872825 0.59845621 0.08606994
v 0.14685162 0.58851279 0.08149498
v 0.13761761 0.58403110 0.08775054
v 0.13955964 0.57643110 0.08038392
v 0.12980285 0.56675837 0.08404388
v 0.15294845 0.58307885 0.07071114
v 0.14542311 0.57971765 0.07663991
v 0.13922356 0.56898041 0.07506203
v 0.13103532 0.56068946 0.07822715
v 0.13669329 0.56965271 -0.12831833
v 0.14625404 0.58109943 -0.13050311
v 0.17195784 0.61067795 0.07025364
v 0.16692544 0.60846516 0.07402564
v 0.16327475 0.61013643 0.07904878
v 0.20970593 0.82295621 -0.00852905
v 0.22940628 0.81647657 -0.00452362
v 0.22282399 0.82130360 -0.02198317
v 0.23817343 0.81682205 -0.02204853
v 0.22316940 0.82231198 -0.03375669
v 0.22847263 0.82159295 -0.04938625
v 0.20833348 0.82566378 -0.05037593
v 0.21322584 0.82433799 -0.06486642
v 0.20051872 0.82546774 -0.07806846
v 0.16369488 0.82305878 -0.08567783
v 0.14545111 0.55758968 0.05641673
v 0.14449879 0.54705802 0.04438177
v 0.15472237 0.77786015 -0.13965303
v 0.18270434 0.57564683 -0.08373580
v 0.17693432 0.57717805 -0.09803023
v 0.17451610 0.56866300 -0.08494024
v 0.16052045 0.56034398 -0.09334322
v 0.14527366 0.56660892 -0.12218415
v 0.15552531 0.80024940 0.06667771
v 0.14581525 0.79818606 0.07164481
v 0.15625359 0.78846646 0.07281189
v 0.14691694 0.78208028 0.07917950
v 0.16749495 0.75966296 0.07900209
v 0.16545021 0.77614215 0.07407234
v 0.15491847 0.76647868 0.08197115
v 0.15213611 0.57045565 0.06024476
v 0.16501141 0.83081763 -0.02204853
v 0.18499185 0.81406761 0.03791148
v 0.17738245 0.81457180 0.04136603
v 0.17036129 0.82049126 0.03330851
v 0.16762566 0.81386232 0.04736950
v 0.15893324 0.81434770 0.05065601
v 0.15414353 0.81155608 0.05660345
v 0.17097753 0.80681310 0.05411056
v 0.16818584 0.80045484 0.06071159
v 0.16159415 0.79708423 0.06595879
v 0.16033368 0.55182907 -0.07563159
v 0.16853132 0.56087623 -0.07931023
v 0.18024879 0.57076380 -0.07674265
v 0.18168663 0.57755146 0.01709073
v 0.17940853 0.56762670 0.00054618
v 0.18547730 0.57200554 -0.00831430
v 0.17876430 0.56494706 -0.00783814
v 0.17508561 0.55947579 -0.01961166
v 0.17389987 0.55949445 -0.00771676
v 0.16705608 0.55133414 -0.00824894
v 0.16763499 0.55530225 0.00457961
v 0.15925998 0.54759013 -0.06676176
v 0.21267499 0.60023020 -0.07753627
v 0.20891232 0.59439479 -0.06349394
v 0.20080814 0.58458201 -0.05168307
v 0.19257318 0.57571222 -0.03994689
v 0.18480507 0.56834559 -0.03096503
v 0.17879229 0.80115506 0.05491352
v 0.17120156 0.56276220 0.01215164
v 0.21158264 0.64956520 -0.14030660
v 0.19627046 0.63442105 -0.13913018
v 0.19409507 0.60255510 -0.11660083
v 0.22564361 0.66858384 0.05376512
v 0.21988292 0.67311213 0.06221478
v 0.22591436 0.67875150 0.05854548
v 0.21410350 0.68283159 0.06927330
v 0.22623185 0.68679970 0.06029144
v 0.21626963 0.69172945 0.06714455
v 0.22926623 0.70286801 0.05715432
v 0.21628829 0.70448329 0.06537991
v 0.22961171 0.72071046 0.05287813
v 0.21362738 0.71881509 0.06445558
v 0.22449519 0.73702154 0.05257003
v 0.20858558 0.72959892 0.06529588
v 0.20785729 0.74813218 0.06073960
v 0.19737222 0.73746034 0.06998289
v 0.18374071 0.73936511 0.07663991
v 0.18507583 0.73220377 0.07755492
v 0.18965084 0.74372528 -0.16062317
v 0.19887545 0.76365899 -0.15309781
v 0.20240469 0.77804692 -0.14188449
v 0.19905282 0.78937226 -0.13167020
v 0.20687691 0.78938152 -0.13102596
v 0.20816537 0.79320958 -0.12659105
v 0.21449564 0.78581502 -0.13371492
v 0.21266566 0.79630936 -0.12302445
v 0.22854735 0.78466661 -0.13334145
v 0.22518615 0.79306028 -0.12504117
v 0.19705480 0.79802721 -0.12307113
v 0.19128471 0.57738349 -0.01142341
v 0.30265235 0.78857858 -0.13072719
v 0.29617271 0.79436726 -0.12459300
v 0.29228866 0.78016625 -0.13646923
v 0.28800313 0.78958696 -0.12735666
v 0.28408176 0.78719680 -0.12803823
v 0.28747095 0.79412450 -0.12295910
v 0.27867581 0.79538504 -0.11966325
v 0.28055252 0.80011862 -0.11537773
v 0.27417559 0.80141648 -0.11344504
v 0.27019816 0.80912860 -0.10109265
v 0.26914312 0.80995020 -0.08486554
v 0.25471794 0.80897915 -0.10344548
v 0.24676313 0.81304997 -0.09603218
v 0.23800539 0.81766231 -0.08198051
v 0.22330944 0.81711140 -0.09254961
v 0.22724948 0.82111683 -0.07139275
v 0.20619535 0.82163042 -0.08802133
v 0.19070587 0.79340562 -0.12885053
v 0.20655016 0.69774223 0.07231705
v 0.20265678 0.71151385 0.07246644
v 0.19740021 0.71973941 0.07382024
v 0.19402968 0.72461318 0.07456718
v 0.20260079 0.73249326 -0.15968949
v 0.20710101 0.74992483 -0.15768211
v 0.21490651 0.76457405 -0.15123982
v 0.21875317 0.77704781 -0.14152036
v 0.20430006 0.82641073 -0.03898522
v 0.20006119 0.82589714 -0.02033058
v 0.25232778 0.71692913 0.03667904
v 0.24849972 0.73501420 0.03355125
v 0.24216953 0.72939348 0.04087119
v 0.23993801 0.73747900 0.04005891
v 0.22964904 0.75149339 0.04372821
v 0.21584016 0.76013908 0.05112284
v 0.22168490 0.77409748 0.04100191
v 0.20734377 0.77732789 0.05020785
v 0.21246030 0.79461943 0.03729526
v 0.20383319 0.80500178 0.03647362
v 0.19686803 0.63496257 0.06201871
v 0.20874428 0.71832031 -0.15850374
v 0.21589615 0.73771250 -0.15725262
v 0.29226999 0.68261689 -0.05016119
v 0.29264347 0.68993680 -0.03537193
v 0.27889058 0.67362572 -0.03337388
v 0.28274664 0.68739720 -0.01759495
v 0.27559470 0.67757516 -0.01732417
v 0.26668758 0.66536269 -0.01763229
v 0.26153373 0.67172095 0.00274963
v 0.25384027 0.65881780 0.00053685
v 0.24636166 0.65484029 0.00950003
v 0.23674492 0.63808101 0.00468232
v 0.22835125 0.63552274 0.01761358
v 0.22700679 0.62076155 -0.00330986
v 0.21972414 0.62082694 0.01330939
v 0.21212415 0.60707398 0.00439289
v 0.21194678 0.59932454 -0.01479394
v 0.21835170 0.60583225 -0.01643720
v 0.28014164 0.80309715 -0.03743533
v 0.27488515 0.80812022 -0.05588456
v 0.26591263 0.80876445 -0.03851839
v 0.25733219 0.81291933 -0.05289683
v 0.24900391 0.81527216 -0.04412971
v 0.24132919 0.81783968 -0.05847082
v 0.21868784 0.62711981 0.02426129
v 0.21224553 0.81188289 0.02315022
v 0.21035016 0.80530979 0.03180530
v 0.25040442 0.74013072 0.02980726
v 0.28130880 0.67210375 -0.04453119
v 0.28549160 0.67424188 -0.05402656
v 0.27801292 0.66614696 -0.05315826
v 0.27857309 0.66596959 -0.05932979
v 0.27190675 0.65959267 -0.05084277
v 0.26528707 0.65146042 -0.05967524
v 0.26796664 0.65565263 -0.04722948
v 0.26272880 0.64970524 -0.04665995
v 0.26888170 0.65935931 -0.03779947
v 0.25598774 0.64369232 -0.03804222
v 0.25747230 0.64912626 -0.02746379
v 0.25026438 0.63769820 -0.03462500
v 0.24616563 0.63470114 -0.02621268
v 0.24163727 0.62753068 -0.03895721
v 0.24015278 0.62791349 -0.02719302
v 0.23343971 0.61941710 -0.03330853
v 0.23244066 0.62081754 -0.02093747
v 0.22653060 0.61250792 -0.02817337
v 0.22807116 0.61627059 -0.01867799
v 0.22310408 0.60984694 -0.02265541
v 0.22263722 0.61078067 -0.01554087
v 0.23049871 0.61605590 -0.03348592
v 0.22899548 0.81177091 0.00817422
v 0.23460679 0.81004351 0.00538256
v 0.23951788 0.80798958 0.00343121
v 0.24367269 0.80693448 0.00059287
v 0.25125409 0.80840971 -0.01228239
v 0.25055380 0.81273256 -0.02614732
v 0.25730419 0.80387203 -0.01244111
v 0.25806981 0.80653301 -0.01812713
v 0.26290617 0.79409658 -0.01016296
v 0.26879764 0.79641208 -0.01798709
v 0.26597795 0.79363912 -0.01315068
v 0.26919911 0.78602032 -0.01303865
v 0.25891014 0.78978299 -0.00412215
v 0.25190765 0.80383470 -0.00559733
v 0.24593220 0.64179695 -0.00997624
v 0.23656755 0.62805353 -0.01390697
v 0.23556850 0.63091055 -0.10686270
v 0.23848151 0.69226170 0.04989040
v 0.25214101 0.69748080 0.03754734
v 0.24072236 0.70903964 0.04747220
v 0.26602468 0.81071581 -0.06769543
v 0.25224373 0.81445982 -0.07503405
v 0.27338192 0.80215417 -0.02945250
v 0.26869492 0.80311582 -0.02564314
v 0.26479221 0.80314374 -0.02084410
v 0.25437253 0.64085397 -0.04521277
v 0.25098333 0.63668057 -0.05540839
v 0.24873315 0.63471055 -0.04235575
v 0.25033910 0.79057667 0.00459829
v 0.25285063 0.77483502 0.01147940
v 0.25073117 0.76676817 0.01757623
v 0.25664130 0.76501284 0.01226367
v 0.26348508 0.76719770 0.00415013
v 0.26905907 0.76935450 -0.14346239
v 0.27137457 0.78499328 -0.12994291
v 0.26021727 0.78940018 -0.12543330
v 0.25763101 0.79894227 -0.11520967
v 0.25602506 0.64121811 -0.06720993
v 0.26590330 0.65174991 -0.07788172
v 0.25947965 0.64797798 -0.09799288
v 0.27508118 0.66202029 -0.09735798
v 0.26627671 0.65628746 -0.10488332
v 0.27250432 0.66493329 -0.11376249
v 0.26660352 0.66003146 -0.11332367
v 0.25877003 0.66059178 -0.12515321
v 0.26102021 0.65575535 -0.11470549
v 0.25216908 0.65517651 -0.12519055
v 0.25587569 0.65034007 -0.11239000
v 0.25491404 0.66808906 -0.13220238
v 0.25885408 0.68151520 -0.13631984
v 0.26934849 0.68546450 -0.13436848
v 0.28044980 0.68282233 -0.12888787
v 0.29015993 0.70329755 -0.13550756
v 0.29508035 0.69201894 -0.12976551
v 0.30712464 0.69820909 -0.12970016
v 0.30489320 0.69412900 -0.12720727
v 0.31451920 0.69997367 -0.12809426
v 0.31142883 0.69250446 -0.11777725
v 0.31635858 0.69750887 -0.12246425
v 0.32201655 0.70291474 -0.12688049
v 0.32718906 0.70544494 -0.12685248
v 0.32168980 0.71483758 -0.13448053
v 0.25852734 0.75126929 -0.14868157
v 0.25742558 0.65472831 -0.01470992
v 0.27817162 0.79899826 -0.02973259
v 0.26267281 0.78238843 -0.00387005
v 0.26084284 0.77842958 0.00088229
v 0.25827524 0.77597404 0.00498109
v 0.26283152 0.70488476 0.02695023
v 0.29160710 0.67766848 -0.07101928
v 0.28074855 0.66746349 -0.06679912
v 0.30723669 0.68848963 -0.10282926
v 0.29150438 0.67620264 -0.09647100
v 0.29649953 0.68121645 -0.11182047
v 0.28663069 0.67553975 -0.11435070
v 0.28703209 0.68245818 -0.12405148
v 0.27861982 0.67651065 -0.12373404
v 0.27380205 0.67352300 -0.12435025
v 0.26610867 0.66973226 -0.12632962
v 0.27270969 0.79168776 -0.12269767
v 0.26852689 0.79495550 -0.11942050
v 0.28046846 0.67144086 -0.11458411
v 0.27542666 0.66134799 -0.08127093
v 0.28467933 0.67013373 -0.08770388
v 0.29234465 0.69870387 -0.02076940
v 0.30986028 0.74038274 -0.14302357
v 0.29909511 0.72600436 -0.14043731
v 0.29769460 0.71241951 -0.13730020
v 0.30272700 0.68923658 -0.12141854
v 0.29369850 0.68756531 -0.12637631
v 0.30801157 0.78907351 -0.04028301
v 0.31340818 0.72540671 -0.13889676
v 0.34201572 0.81424512 -0.10981308
v 0.38217262 0.80636490 -0.13717881
v 0.37604780 0.80673844 -0.13521813
v 0.37225713 0.80991287 -0.13110065
v 0.36020350 0.80474036 -0.13225840
v 0.35388257 0.81302191 -0.12151192
v 0.37197704 0.80758797 -0.06554800
v 0.36385413 0.80680369 -0.06418485
v 0.35289286 0.80548731 -0.06228017
v 0.37977314 0.73480876 -0.07051510
v 0.37165022 0.72541612 -0.08677021
v 0.35467618 0.72297923 -0.07720014
v 0.34862600 0.71576205 -0.09096237
v 0.37357359 0.71769474 -0.11835612
v 0.37267726 0.71885242 -0.13021368
v 0.38396527 0.72308195 -0.13483532
v 0.38857761 0.72618173 -0.13778570
v 0.38152839 0.73207313 -0.14153904
v 0.37284530 0.72167211 -0.13424711
v 0.36598292 0.71872178 -0.13176356
v 0.35857889 0.71659291 -0.13012031
v 0.36653370 0.71749871 -0.10765632
v 0.34934496 0.72783433 -0.06131849
v 0.34724422 0.71424948 -0.12934536
v 0.35186582 0.71713456 -0.13163285
v 0.36024083 0.72595763 -0.13786040
v 0.35208992 0.74645166 -0.14582456
v 0.38473089 0.74639552 -0.14781327
v 0.36581481 0.73802992 -0.14317295
v 0.38745719 0.73046725 -0.08367979
v 0.37817652 0.81227510 -0.07491267
v 0.38751325 0.72239113 -0.10865534
v 0.38306895 0.80819487 -0.06631361
v 0.39108915 0.81091184 -0.13536750
v 0.41092954 0.77086692 -0.16080055
v 0.41708243 0.78522678 -0.05510029
v 0.41574724 0.81160280 -0.07019765
v 0.45110511 0.81981911 -0.09039284
v 0.45807968 0.76705752 -0.05496957
v 0.45764081 0.76014848 -0.05637007
v 0.46540891 0.75822505 -0.05808801
v 0.47521243 0.75759962 -0.05909637
v 0.48902138 0.81743821 -0.07678933
v 0.50645288 0.77770130 -0.09813293
v 0.50495898 0.79304147 -0.10619980
v 0.50181255 0.80161252 -0.12174533
v 0.50631284 0.78416228 -0.08206454
v 0.50229800 0.80958606 -0.09698452
f 1 2 3
f 3 2 4
f 3 4 5
f 5 4 6
f 5 6 7
f 7 6 8
f 7 8 9
f 9 8 10
f 9 10 11
f 11 10 12
f 11 12 13
f 13 12 14
f 13 14 15
f 15 14 16
f 15 16 17
f 17 16 18
f 17 18 19
f 19 18 20
f 19 20 21
f 21 20 22
f 21 22 23
f 23 22 24
f 23 24 25
f 25 24 26
f 25 26 27
f 27 26 28
f 27 28 29
f 29 28 30
f 29 30 31
f 31 30 32
f 31 32 33
f 33 32 34
f 33 34 35
f 35 34 36
f 35 36 37
f 37 36 38
f 37 38 39
f 39 38 40
f 39 40 41
f 41 40 42
f 41 42 43
f 43 42 44
f 43 44 45
f 45 44 46
f 45 46 47
f 47 46 48
f 47 48 49
f 49 48 50
f 49 50 35
f 35 50 51
f 35 51 33
f 33 51 52
f 33 52 31
f 31 52 53
f 31 53 29
f 29 53 54
f 29 54 27
f 27 54 55
f 27 55 25
f 25 55 56
f 25 56 57
f 57 56 58
f 57 58 59
f 59 58 60
f 59 60 61
f 61 60 62
f 61 62 63
f 63 62 64
f 63 64 65
f 65 64 66
f 65 66 67
f 67 66 68
f 67 68 69
f 69 68 70
f 69 70 71
f 71 70 72
f 71 72 73
f 73 72 74
f 73 74 75
f 75 74 76
f 75 76 77
f 77 76 78
f 77 78 79
f 79 78 80
f 79 80 81
f 81 80 82
f 81 82 83
f 83 82 84
f 83 84 85
f 85 84 86
f 85 86 87
f 87 86 88
f 87 88 89
f 89 88 90
f 89 90 91
f 91 90 92
f 91 92 93
f 93 92 94
f 93 94 95
f 95 94 96
f 95 96 97
f 97 96 98
f 97 98 99
f 99 98 100
f 99 100 101
f 101 100 102
f 101 102 103
f 103 102 104
f 103 104 105
f 105 104 106
f 105 106 107
f 107 106 108
f 107 108 109
f 109 108 110
f 109 110 111
f 111 110 112
f 111 112 113
f 113 112 114
f 113 114 115
f 115 114 116
f 115 116 117
f 117 116 118
f 117 118 119
f 119 118 120
f 119 120 121
f 121 120 122
f 121 122 123
f 123 122 124
f 123 124 125
f 125 124 126
f 125 126 127
f 127 126 128
f 127 128 129
f 129 128 130
f 129 130 131
f 131 130 132
f 131 132 133
f 133 132 134
f 133 134 135
f 135 134 136
f 135 136 137
f 137 136 138
f 137 138 139
f 139 138 140
f 139 140 141
f 141 140 142
f 141 142 143
f 143 142 144
f 143 144 145
f 145 144 146
f 145 146 147
f 147 146 148
f 147 148 149
f 149 148 150
f 149 150 151
f 151 150 152
f 151 152 153
f 153 152 154
f 153 154 155
f 155 154 156
f 155 156 157
f 157 156 158
f 157 158 159
f 159 158 160
f 159 160 161
f 161 160 162
f 161 162 163
f 163 162 164
f 163 164 165
f 165 164 166
f 165 166 167
f 167 166 168
f 167 168 169
f 169 168 170
f 169 170 171
f 171 170 172
f 171 172 173
f 173 172 174
f 173 174 175
f 175 174 176
f 175 176 177
f 177 176 178
f 177 178 179
f 179 178 180
f 179 180 181
f 181 180 182
f 181 182 183
f 183 182 184
f 183 184 185
f 185 184 186
f 185 186 187
f 187 186 188
f 187 188 189
f 189 188 190
f 189 190 148
f 148 190 150
f 2 1 191
f 2 191 192
f 192 191 193
f 192 193 194
f 194 193 195
f 194 195 192
f 192 195 196
f 192 196 197
f 197 196 198
f 197 198 199
f 199 198 200
f 199 200 201
f 201 200 202
f 201 202 91
f 91 202 89
f 191 1 3
f 203 204 205
f 205 204 206
f 205 206 207
f 207 206 208
f 207 208 209
f 209 208 210
f 209 210 211
f 211 210 212
f 211 212 213
f 213 212 214
f 213 214 215
f 215 214 216
f 215 216 217
f 217 216 218
f 217 218 219
f 219 218 220
f 219 220 221
f 221 220 222
f 221 222 223
f 223 222 224
f 223 224 225
f 225 224 226
f 225 226 227
f 227 226 228
f 227 228 229
f 229 228 230
f 229 230 231
f 231 230 232
f 231 232 233
f 233 232 234
f 233 234 163
f 163 234 161
f 204 203 235
f 204 235 236
f 236 235 237
f 236 237 238
f 238 237 239
f 238 239 240
f 240 239 241
f 240 241 242
f 242 241 243
f 242 243 244
f 244 243 245
f 244 245 246
f 246 245 247
f 246 247 248
f 248 247 249
f 248 249 250
f 250 249 251
f 250 251 252
f 252 251 253
f 252 253 254
f 254 253 255
f 254 255 256
f 256 255 257
f 256 257 258
f 258 257 259
f 258 259 260
f 260 259 261
f 260 261 262
f 262 261 263
f 262 263 264
f 264 263 265
f 264 265 266
f 266 265 267
f 266 267 268
f 268 267 269
f 268 269 270
f 270 269 271
f 270 271 272
f 272 271 273
f 272 273 274
f 274 273 275
f 274 275 276
f 276 275 277
f 276 277 278
f 278 277 279
f 278 279 280
f 280 279 281
f 280 281 282
f 282 281 283
f 282 283 284
f 284 283 285
f 284 285 286
f 286 285 287
f 286 287 288
f 288 287 289
f 288 289 290
f 290 289 291
f 290 291 292
f 292 291 293
f 292 293 294
f 294 293 295
f 294 295 296
f 296 295 297
f 296 297 298
f 298 297 299
f 298 299 300
f 300 299 301
f 300 301 302
f 302 301 303
f 302 303 304
f 304 303 305
f 304 305 306
f 306 305 307
f 306 307 308
f 308 307 309
f 308 309 310
f 310 309 311
f 310 311 312
f 312 311 313
f 312 313 314
f 314 313 315
f 314 315 316
f 316 315 317
f 316 317 318
f 318 317 319
f 318 319 320
f 320 319 321
f 320 321 322
f 322 321 323
f 322 323 314
f 314 323 324
f 314 324 312
f 312 324 325
f 312 325 326
f 326 325 327
f 326 327 328
f 328 327 329
f 328 329 330
f 330 329 331
f 330 331 332
f 332 331 333
f 332 333 334
f 334 333 335
f 334 335 336
f 336 335 337
f 336 337 338
f 338 337 339
f 338 339 340
f 340 339 341
f 340 341 342
f 342 341 343
f 342 343 344
f 344 343 345
f 344 345 346
f 346 345 347
f 346 347 348
f 348 347 349
f 348 349 350
f 350 349 351
f 350 351 352
f 352 351 353
f 352 353 354
f 354 353 355
f 354 355 356
f 356 355 357
f 356 357 358
f 358 357 359
f 358 359 360
f 360 359 361
f 360 361 362
f 362 361 363
f 362 363 364
f 364 363 365
f 364 365 366
f 366 365 367
f 366 367 368
f 368 367 369
f 368 369 370
f 370 369 371
f 370 371 372
f 372 371 373
f 372 373 374
f 374 373 375
f 374 375 376
f 376 375 377
f 376 377 378
f 378 377 379
f 378 379 380
f 380 379 381
f 380 381 382
f 382 381 383
f 382 383 384
f 384 383 385
f 384 385 386
f 386 385 387
f 386 387 388
f 388 387 389
f 388 389 390
f 390 389 391
f 390 391 392
f 392 391 393
f 392 393 394
f 394 393 395
f 394 395 396
f 396 395 397
f 396 397 398
f 398 397 399
f 398 399 400
f 400 399 401
f 400 401 402
f 402 401 403
f 402 403 404
f 404 403 405
f 404 405 406
f 406 405 407
f 406 407 408
f 408 407 409
f 408 409 410
f 410 409 411
f 410 411 412
f 412 411 413
f 412 413 414
f 414 413 415
f 414 415 416
f 416 415 417
f 416 417 418
f 418 417 419
f 418 419 420
f 420 419 421
f 420 421 422
f 422 421 423
f 422 423 424
f 424 423 425
f 424 425 426
f 426 425 427
f 426 427 428
f 428 427 429
f 428 429 430
f 430 429 431
f 430 431 432
f 432 431 433
f 432 433 434
f 434 433 435
f 434 435 436
f 436 435 437
f 436 437 438
f 438 437 439
f 438 439 440
f 440 439 441
f 440 441 442
f 442 441 443
f 442 443 444
f 444 443 445
f 444 445 446
f 446 445 447
f 446 447 448
f 448 447 449
f 448 449 450
f 450 449 451
f 450 451 452
f 452 451 453
f 452 453 454
f 454 453 455
f 454 455 456
f 456 455 457
f 456 457 458
f 458 457 459
f 458 459 460
f 460 459 461
f 460 461 462
f 462 461 463
f 462 463 464
f 464 463 465
f 464 465 466
f 466 465 467
f 466 467 468
f 468 467 469
f 468 469 470
f 470 469 471
f 470 471 472
f 472 471 473
f 472 473 474
f 474 473 475
f 474 475 476
f 476 475 477
f 476 477 478
f 478 477 479
f 478 479 480
f 480 479 481
f 480 481 482
f 482 481 483
f 482 483 484
f 484 483 485
f 484 485 482
f 482 485 486
f 482 486 480
f 480 486 487
f 235 203 205
f 488 489 490
f 490 489 491
f 490 491 492
f 492 491 493
f 492 493 494
f 494 493 495
f 494 495 496
f 496 495 497
f 496 497 498
f 498 497 499
f 498 499 500
f 500 499 501
f 500 501 408
f 408 501 406
f 489 488 502
f 502 488 503
f 502 503 504
f 504 503 505
f 504 505 506
f 506 505 507
f 506 507 508
f 508 507 509
f 508 509 510
f 510 509 511
f 510 511 512
f 512 511 513
f 512 513 514
f 514 513 515
f 514 515 516
f 516 515 517
f 516 517 518
f 518 517 519
f 518 519 520
f 520 519 521
f 520 521 522
f 522 521 523
f 522 523 524
f 524 523 525
f 524 525 526
f 526 525 527
f 526 527 528
f 528 527 529
f 528 529 530
f 530 529 531
f 530 531 532
f 532 531 533
f 532 533 534
f 534 533 535
f 534 535 536
f 536 535 537
f 536 537 538
f 538 537 539
f 538 539 540
f 540 539 541
f 540 541 542
f 542 541 543
f 542 543 544
f 544 543 545
f 544 545 546
f 546 545 547
f 546 547 548
f 548 547 549
f 548 549 550
f 550 549 551
f 550 551 552
f 552 551 553
f 552 553 554
f 554 553 555
f 554 555 556
f 556 555 557
f 556 557 558
f 558 557 559
f 558 559 560
f 560 559 561
f 560 561 562
f 562 561 563
f 562 563 564
f 565 489 502
f 489 565 491
f 491 565 493
f 566 567 568
f 568 567 569
f 568 569 570
f 570 569 571
f 570 571 572
f 572 571 573
f 572 573 574
f 574 573 575
f 574 575 576
f 576 575 577
f 576 577 578
f 578 577 579
f 578 579 580
f 580 579 581
f 580 581 582
f 582 581 583
f 582 583 574
f 574 583 584
f 574 584 585
f 567 566 586
f 586 566 587
f 586 587 588
f 588 587 589
f 588 589 590
f 590 589 514
f 590 514 516
f 591 567 592
f 592 567 586
f 592 586 588
f 567 591 569
f 569 591 593
f 569 593 573
f 573 593 575
f 585 594 574
f 574 594 572
f 594 585 595
f 594 595 596
f 596 595 597
f 596 597 598
f 598 597 599
f 598 599 600
f 600 599 601
f 600 601 602
f 602 601 603
f 602 603 604
f 604 603 605
f 604 605 444
f 444 605 442
f 595 585 606
f 606 585 584
f 606 584 607
f 608 609 610
f 610 609 611
f 610 611 612
f 612 611 613
f 612 613 614
f 614 613 615
f 614 615 616
f 616 615 617
f 616 617 618
f 618 617 619
f 618 619 620
f 620 619 621
f 620 621 622
f 622 621 623
f 622 623 624
f 624 623 625
f 624 625 626
f 626 625 627
f 626 627 628
f 628 627 629
f 628 629 630
f 630 629 631
f 630 631 632
f 632 631 633
f 632 633 606
f 606 633 595
f 609 608 634
f 634 608 635
f 634 635 636
f 636 635 637
f 636 637 638
f 638 637 639
f 638 639 640
f 640 639 641
f 640 641 642
f 642 641 643
f 642 643 644
f 644 643 645
f 644 645 646
f 646 645 647
f 646 647 648
f 648 647 649
f 648 649 650
f 650 649 651
f 650 651 652
f 652 651 653
f 652 653 654
f 654 653 655
f 654 655 529
f 529 655 531
f 656 609 657
f 657 609 634
f 657 634 658
f 658 634 636
f 658 636 659
f 659 636 638
f 659 638 660
f 660 638 661
f 660 661 662
f 662 661 663
f 662 663 507
f 507 663 509
f 609 656 611
f 611 656 488
f 611 488 490
f 607 584 583
f 664 608 665
f 665 608 610
f 665 610 666
f 666 610 667
f 666 667 668
f 668 667 669
f 668 669 670
f 670 669 671
f 670 671 622
f 622 671 620
f 608 664 635
f 635 664 672
f 635 672 637
f 637 672 639
f 673 607 583
f 607 673 674
f 674 673 675
f 674 675 676
f 676 675 677
f 676 677 678
f 679 664 680
f 680 664 681
f 680 681 682
f 682 681 683
f 682 683 684
f 684 683 685
f 684 685 686
f 686 685 687
f 686 687 688
f 688 687 689
f 688 689 690
f 690 689 691
f 690 691 692
f 664 679 672
f 672 679 693
f 672 693 641
f 641 693 694
f 641 694 643
f 643 694 695
f 643 695 696
f 696 695 688
f 696 688 690
f 675 673 581
f 581 673 583
f 697 679 680
f 679 697 695
f 695 697 698
f 695 698 688
f 688 698 686
f 698 697 684
f 684 697 682
f 677 675 699
f 699 675 581
f 699 581 700
f 700 581 579
f 700 579 577
f 678 677 701
f 701 677 702
f 701 702 534
f 534 702 532
f 692 691 703
f 703 691 704
f 703 704 705
f 705 704 706
f 705 706 707
f 707 706 708
f 707 708 552
f 552 708 550
f 691 689 704
f 704 689 687
f 704 687 685
f 547 709 549
f 549 709 710
f 549 710 551
f 551 710 555
f 551 555 553
f 709 547 543
f 543 547 545
f 711 709 543
f 709 711 710
f 710 711 712
f 710 712 713
f 713 712 714
f 713 714 715
f 715 714 716
f 715 716 717
f 717 716 718
f 717 718 719
f 719 718 720
f 719 720 721
f 721 720 722
f 721 722 723
f 723 722 724
f 723 724 725
f 725 724 726
f 725 726 727
f 727 726 728
f 727 728 729
f 729 728 730
f 729 730 731
f 731 730 732
f 731 732 733
f 733 732 734
f 733 734 735
f 736 692 703
f 692 736 737
f 737 736 738
f 737 738 739
f 739 738 740
f 739 740 741
f 741 740 742
f 741 742 743
f 743 742 744
f 743 744 745
f 745 744 746
f 745 746 747
f 747 746 705
f 747 705 707
f 712 711 748
f 748 711 543
f 748 543 541
f 738 736 746
f 746 736 703
f 746 703 705
f 749 750 751
f 751 750 752
f 751 752 531
f 531 752 533
f 750 749 753
f 753 749 754
f 753 754 755
f 755 754 756
f 755 756 757
f 757 756 758
f 757 758 759
f 759 758 760
f 759 760 761
f 761 760 762
f 752 750 763
f 763 750 753
f 763 753 535
f 535 753 764
f 535 764 537
f 537 764 765
f 537 765 766
f 766 765 767
f 766 767 768
f 768 767 769
f 768 769 732
f 732 769 734
f 740 738 746
f 714 712 770
f 770 712 748
f 770 748 771
f 771 748 772
f 771 772 773
f 773 772 774
f 773 774 716
f 716 774 775
f 716 775 718
f 718 775 722
f 718 722 720
f 773 716 714
f 771 773 714
f 776 732 730
f 732 776 777
f 777 776 778
f 777 778 779
f 779 778 774
f 779 774 772
f 780 559 781
f 781 559 557
f 781 557 713
f 713 557 555
f 713 555 710
f 559 780 782
f 559 782 561
f 783 784 785
f 785 784 767
f 785 767 786
f 786 767 765
f 786 765 755
f 755 765 764
f 755 764 753
f 784 783 735
f 735 783 787
f 735 787 788
f 788 787 761
f 734 784 735
f 784 734 769
f 789 719 790
f 790 719 791
f 719 789 781
f 781 789 780
f 715 719 781
f 719 715 717
f 761 783 785
f 783 761 787
f 726 776 728
f 728 776 730
f 776 726 778
f 778 726 775
f 778 775 774
f 761 762 788
f 788 762 792
f 788 792 793
f 792 762 760
f 793 792 794
f 794 792 760
f 794 760 758
f 795 796 797
f 797 796 798
f 797 798 799
f 799 798 800
f 799 800 801
f 801 800 802
f 801 802 803
f 803 802 804
f 803 804 805
f 805 804 806
f 805 806 653
f 653 806 655
f 796 795 807
f 808 796 809
f 809 796 810
f 796 808 811
f 811 808 812
f 811 812 813
f 813 812 814
f 813 814 800
f 800 814 802
f 726 724 775
f 775 724 722
f 780 789 815
f 815 789 816
f 815 816 817
f 817 816 818
f 817 818 819
f 819 818 727
f 819 727 820
f 820 727 821
f 820 821 788
f 788 821 735
f 721 822 719
f 719 822 791
f 822 721 823
f 823 721 723
f 823 723 725
f 791 822 823
f 824 825 826
f 826 825 794
f 826 794 827
f 827 794 828
f 827 828 829
f 829 828 749
f 829 749 830
f 830 749 751
f 830 751 655
f 655 751 531
f 825 824 831
f 831 824 832
f 831 832 833
f 833 832 834
f 833 834 835
f 835 834 836
f 835 836 809
f 809 836 808
f 793 825 831
f 825 793 794
f 790 791 823
f 832 824 826
f 836 834 826
f 826 834 832
f 837 795 838
f 838 795 797
f 838 797 799
f 795 837 839
f 839 837 840
f 839 840 841
f 841 840 837
f 841 837 564
f 564 837 842
f 564 842 843
f 843 842 844
f 843 844 845
f 845 844 838
f 845 838 741
f 741 838 799
f 741 799 846
f 846 799 801
f 846 801 847
f 847 801 803
f 847 803 805
f 848 795 839
f 795 848 807
f 807 848 810
f 782 780 849
f 849 780 815
f 849 815 817
f 842 837 838
f 850 563 561
f 563 850 841
f 841 850 851
f 841 851 852
f 852 851 853
f 852 853 854
f 854 853 782
f 854 782 849
f 564 563 841
f 807 810 796
f 809 810 848
f 561 782 853
f 851 850 561
f 853 851 561
f 855 856 857
f 857 856 858
f 857 858 859
f 859 858 860
f 859 860 861
f 861 860 862
f 861 862 863
f 863 862 864
f 863 864 865
f 865 864 866
f 865 866 867
f 867 866 868
f 867 868 869
f 869 868 870
f 869 870 871
f 871 870 872
f 871 872 873
f 873 872 874
f 873 874 875
f 875 874 876
f 875 876 877
f 877 876 878
f 877 878 879
f 879 878 880
f 879 880 881
f 881 880 882
f 881 882 883
f 883 882 884
f 883 884 885
f 885 884 886
f 885 886 887
f 887 886 888
f 887 888 889
f 889 888 890
f 889 890 891
f 891 890 892
f 891 892 893
f 893 892 894
f 893 894 895
f 895 894 896
f 895 896 897
f 897 896 898
f 897 898 899
f 899 898 900
f 899 900 855
f 855 900 901
f 855 901 856
f 856 901 902
f 856 902 903
f 903 902 904
f 903 904 905
f 905 904 906
f 905 906 907
f 907 906 908
f 907 908 909
f 909 908 910
f 909 910 911
f 911 910 912
f 911 912 913
f 913 912 914
f 913 914 915
f 915 914 916
f 915 916 917
f 917 916 918
f 917 918 919
f 919 918 920
f 919 920 921
f 921 920 922
f 921 922 923
f 923 922 924
f 923 924 925
f 925 924 926
f 925 926 927
f 927 926 928
f 927 928 929
f 929 928 930
f 929 930 931
f 931 930 932
f 931 932 933
f 933 932 934
f 933 934 935
f 935 934 936
f 935 936 937
f 937 936 938
f 937 938 939
f 939 938 940
f 939 940 941
f 941 940 942
f 941 942 943
f 943 942 944
f 943 944 945
f 945 944 946
f 945 946 947
f 947 946 948
f 947 948 949
f 949 948 950
f 949 950 951
f 951 950 952
f 951 952 953
f 953 952 954
f 953 954 955
f 955 954 956
f 955 956 957
f 957 956 958
f 957 958 959
f 959 958 960
f 959 960 961
f 961 960 962
f 961 962 963
f 963 962 964
f 963 964 965
f 965 964 966
f 965 966 967
f 967 966 968
f 967 968 969
f 969 968 970
f 969 970 971
f 971 970 972
f 971 972 973
f 973 972 974
f 973 974 975
f 975 974 976
f 975 976 977
f 977 976 970
f 977 970 978
f 978 970 968
f 978 968 979
f 979 968 980
f 979 980 981
f 981 980 960
f 981 960 982
f 982 960 958
f 982 958 956
f 873 875 983
f 983 875 984
f 983 984 985
f 985 984 986
f 985 986 987
f 987 986 988
f 987 988 989
f 989 988 893
f 989 893 990
f 990 893 895
f 990 895 991
f 991 895 992
f 991 992 859
f 859 992 857
f 877 881 993
f 993 881 883
f 993 883 984
f 984 883 885
f 984 885 986
f 986 885 887
f 986 887 988
f 988 887 891
f 988 891 893
f 994 995 996
f 996 995 997
f 996 997 998
f 998 997 999
f 998 999 1000
f 1000 999 1001
f 1000 1001 1002
f 1002 1001 1003
f 1002 1003 1000
f 1000 1003 1004
f 1000 1004 1005
f 1005 1004 1006
f 1005 1006 1007
f 1007 1006 1008
f 1007 1008 1009
f 1009 1008 1010
f 1009 1010 1011
f 1011 1010 1012
f 1011 1012 1013
f 1013 1012 1014
f 1013 1014 1015
f 1015 1014 1016
f 1015 1016 1017
f 1017 1016 1018
f 1017 1018 1019
f 1019 1018 1020
f 1019 1020 1021
f 1021 1020 1022
f 1021 1022 1019
f 1019 1022 1023
f 1019 1023 1024
f 1024 1023 1025
f 1024 1025 1026
f 1026 1025 1027
f 1026 1027 1028
f 1028 1027 1029
f 1028 1029 1030
f 1030 1029 1031
f 1030 1031 1032
f 1032 1031 1033
f 1032 1033 1034
f 1034 1033 1035
f 1034 1035 994
f 994 1035 1036
f 994 1036 1037
f 1037 1036 898
f 1037 898 1038
f 1038 898 896
f 1038 896 1039
f 1039 896 894
f 1039 894 892
f 865 867 1040
f 1040 867 1041
f 1040 1041 1042
f 1042 1041 987
f 1042 987 989
f 859 861 991
f 991 861 1042
f 991 1042 990
f 990 1042 989
f 871 983 1041
f 1041 983 985
f 1041 985 987
f 983 871 873
f 994 1037 995
f 995 1037 1038
f 995 1038 1043
f 1043 1038 1039
f 1043 1039 1044
f 1044 1039 892
f 1044 892 1045
f 1045 892 890
f 1045 890 1046
f 1046 890 1047
f 1046 1047 1048
f 1048 1047 1049
f 1048 1049 1050
f 1050 1049 1051
f 1050 1051 1052
f 1052 1051 1053
f 1052 1053 1054
f 1054 1053 1055
f 1054 1055 1056
f 1056 1055 1057
f 1056 1057 1058
f 1058 1057 1059
f 1058 1059 1060
f 1060 1059 1061
f 1060 1061 1062
f 1062 1061 1063
f 1062 1063 1064
f 1064 1063 1065
f 1064 1065 1066
f 1066 1065 1067
f 1066 1067 1068
f 1068 1067 1069
f 1068 1069 1070
f 1070 1069 1071
f 1070 1071 1072
f 1072 1071 1073
f 1072 1073 1074
f 1074 1073 1075
f 1074 1075 1076
f 1076 1075 1077
f 1076 1077 1069
f 1069 1077 1071
f 889 891 887
f 877 993 875
f 875 993 984
f 882 880 1078
f 1078 880 1079
f 1078 1079 1080
f 1080 1079 1081
f 1080 1081 1082
f 1082 1081 1083
f 1082 1083 1084
f 1084 1083 1085
f 1084 1085 1086
f 1086 1085 1087
f 1086 1087 1088
f 1088 1087 1089
f 1088 1089 1090
f 1090 1089 1091
f 1090 1091 1092
f 1092 1091 1093
f 1092 1093 1094
f 1094 1093 1095
f 1094 1095 1096
f 1096 1095 1097
f 1096 1097 1098
f 1098 1097 1099
f 1098 1099 1100
f 1100 1099 1101
f 1100 1101 1102
f 1102 1101 1103
f 1102 1103 1104
f 1104 1103 1105
f 1104 1105 1106
f 1106 1105 1107
f 1106 1107 1108
f 1108 1107 1109
f 1108 1109 1110
f 1110 1109 1111
f 1110 1111 1112
f 1112 1111 1113
f 1112 1113 1114
f 1114 1113 1115
f 1114 1115 1116
f 1116 1115 1117
f 1116 1117 1118
f 1118 1117 1119
f 1118 1119 1120
f 1120 1119 1121
f 1120 1121 1122
f 1122 1121 1123
f 1122 1123 1124
f 1124 1123 1125
f 1124 1125 1126
f 1126 1125 1127
f 1126 1127 1128
f 1128 1127 874
f 1128 874 1129
f 1129 874 872
f 1129 872 1130
f 1130 872 1131
f 1130 1131 949
f 949 1131 1132
f 949 1132 1133
f 1133 1132 1134
f 1133 1134 1135
f 1135 1134 1136
f 1135 1136 1137
f 1137 1136 1138
f 1137 1138 866
f 866 1138 868
f 876 1139 878
f 878 1139 1140
f 878 1140 1079
f 1079 1140 1141
f 1079 1141 1142
f 1142 1141 1143
f 1142 1143 1144
f 1144 1143 1139
f 1144 1139 1125
f 1125 1139 876
f 1125 876 1127
f 1127 876 874
f 1046 1048 1145
f 1145 1048 1146
f 1145 1146 1147
f 1147 1146 1148
f 1147 1148 1149
f 1149 1148 1150
f 1149 1150 1044
f 1044 1150 999
f 1044 999 1043
f 1043 999 997
f 1043 997 995
f 855 857 899
f 899 857 992
f 899 992 897
f 897 992 895
f 867 869 1041
f 1041 869 871
f 975 977 1151
f 1151 977 1152
f 1151 1152 1153
f 1153 1152 1154
f 1153 1154 1155
f 1155 1154 1156
f 1155 1156 1157
f 1157 1156 1158
f 1157 1158 1159
f 1159 1158 1160
f 1159 1160 1161
f 1161 1160 1162
f 1161 1162 1163
f 1163 1162 1164
f 1163 1164 1165
f 1165 1164 1110
f 1165 1110 1166
f 1166 1110 1112
f 1166 1112 1167
f 1167 1112 1114
f 1167 1114 1168
f 1168 1114 1116
f 1168 1116 1169
f 1169 1116 1118
f 1169 1118 1170
f 1170 1118 1120
f 1170 1120 1171
f 1171 1120 1172
f 1171 1172 1173
f 1173 1172 1124
f 1173 1124 1174
f 1174 1124 1126
f 1174 1126 1175
f 1175 1126 1128
f 1175 1128 1129
f 1173 1174 1176
f 1176 1174 1175
f 1176 1175 1177
f 1177 1175 1129
f 1177 1129 1130
f 1042 861 1040
f 1040 861 863
f 1040 863 865
f 1013 1015 1011
f 1011 1015 1178
f 1011 1178 1009
f 1009 1178 1179
f 1009 1179 1180
f 1180 1179 1181
f 1180 1181 1182
f 1182 1181 996
f 1182 996 998
f 994 996 1034
f 1034 996 1181
f 1034 1181 1032
f 1032 1181 1179
f 1032 1179 1183
f 1183 1179 1178
f 1183 1178 1015
f 1047 890 1184
f 1184 890 888
f 1184 888 1185
f 1185 888 1186
f 1185 1186 1187
f 1187 1186 888
f 1187 888 886
f 1149 1044 1147
f 1147 1044 1045
f 1147 1045 1145
f 1145 1045 1046
f 886 884 1188
f 1188 884 882
f 1188 882 1189
f 1189 882 1078
f 1189 1078 1190
f 1190 1078 1080
f 1190 1080 1191
f 1191 1080 1082
f 1191 1082 1084
f 1057 1192 1193
f 1193 1192 1194
f 1193 1194 1189
f 1189 1194 1195
f 1189 1195 1188
f 1188 1195 1187
f 1188 1187 886
f 881 877 879
f 1134 1132 1196
f 1196 1132 1131
f 1196 1131 870
f 870 1131 872
f 1130 951 1177
f 1177 951 953
f 1177 953 1176
f 1176 953 955
f 1176 955 1173
f 1173 955 957
f 1173 957 1197
f 1197 957 959
f 1197 959 1170
f 1170 959 1198
f 1170 1198 1199
f 1199 1198 1200
f 1199 1200 1201
f 1201 1200 1202
f 1201 1202 1203
f 1203 1202 1163
f 1203 1163 1165
f 1007 1009 1005
f 1005 1009 1180
f 1005 1180 1000
f 1000 1180 1182
f 1000 1182 998
f 1121 1142 1204
f 1204 1142 1144
f 1204 1144 1125
f 1121 1204 1123
f 1123 1204 1125
f 1057 1055 1192
f 1192 1055 1053
f 1192 1053 1194
f 1194 1053 1051
f 1194 1051 1195
f 1195 1051 1185
f 1195 1185 1187
f 1048 1050 1146
f 1146 1050 1205
f 1146 1205 1148
f 1148 1205 1206
f 1148 1206 1207
f 1207 1206 1001
f 1207 1001 1208
f 1208 1001 999
f 1208 999 1150
f 1140 1139 1141
f 1141 1139 1143
f 1079 880 878
f 1207 1208 1148
f 1148 1208 1150
f 1047 1184 1049
f 1049 1184 1185
f 1049 1185 1051
f 250 252 1209
f 1209 252 254
f 1209 254 1210
f 1210 254 256
f 1210 256 1211
f 1211 256 1212
f 1211 1212 1213
f 1213 1212 1214
f 1213 1214 1215
f 1215 1214 1216
f 1215 1216 1217
f 1217 1216 1218
f 1217 1218 1219
f 1219 1218 1220
f 1219 1220 1221
f 1221 1220 1222
f 1221 1222 1223
f 1223 1222 1224
f 1223 1224 1225
f 1225 1224 1226
f 1225 1226 1227
f 1227 1226 1228
f 1227 1228 1229
f 1229 1228 1230
f 1229 1230 1231
f 1231 1230 1232
f 1231 1232 1233
f 1233 1232 1234
f 1233 1234 1235
f 1235 1234 1236
f 1235 1236 1237
f 1237 1236 1238
f 1237 1238 1239
f 1239 1238 1240
f 1239 1240 1241
f 1241 1240 1242
f 1241 1242 1243
f 1243 1242 1244
f 1243 1244 1245
f 1245 1244 1246
f 1245 1246 1247
f 1247 1246 1248
f 1247 1248 1249
f 1249 1248 1250
f 1249 1250 1251
f 1251 1250 1252
f 1251 1252 1253
f 1253 1252 1254
f 1253 1254 1255
f 1255 1254 1256
f 1255 1256 1257
f 1257 1256 1258
f 1257 1258 1259
f 1259 1258 1260
f 1259 1260 1261
f 1261 1260 1262
f 1261 1262 1263
f 1263 1262 1264
f 1263 1264 1265
f 1265 1264 1266
f 1265 1266 1267
f 1267 1266 1268
f 1267 1268 1269
f 1269 1268 1270
f 1269 1270 1271
f 1271 1270 1272
f 1271 1272 1273
f 1273 1272 1274
f 1273 1274 1275
f 1275 1274 1276
f 1275 1276 1277
f 1277 1276 1278
f 1277 1278 1279
f 1279 1278 1280
f 1279 1280 1281
f 1281 1280 1282
f 1281 1282 1283
f 1283 1282 1284
f 1283 1284 1285
f 1285 1284 1286
f 1285 1286 1287
f 1287 1286 1288
f 1287 1288 1036
f 1036 1288 900
f 1036 900 898
f 1026 1028 1289
f 1289 1028 1030
f 1289 1030 1183
f 1183 1030 1032
f 1120 1122 1290
f 1290 1122 1124
f 1290 1124 1172
f 1136 1196 1138
f 1138 1196 870
f 1138 870 868
f 1170 1171 1197
f 1197 1171 1173
f 1024 1026 1017
f 1017 1026 1289
f 1017 1289 1015
f 1015 1289 1183
f 982 956 1291
f 1291 956 954
f 1291 954 1292
f 1292 954 952
f 1292 952 1293
f 1293 952 1294
f 1293 1294 1295
f 1295 1294 1296
f 1295 1296 1297
f 1297 1296 1298
f 1297 1298 1299
f 1299 1298 1300
f 1299 1300 1301
f 1301 1300 1302
f 1301 1302 1303
f 1303 1302 1304
f 1303 1304 1305
f 1305 1304 1306
f 1305 1306 1307
f 1307 1306 1308
f 1307 1308 1309
f 1309 1308 1310
f 1309 1310 1311
f 1311 1310 1312
f 1311 1312 1313
f 1313 1312 1314
f 1313 1314 1315
f 1315 1314 1316
f 1315 1316 1317
f 1317 1316 1318
f 1317 1318 1319
f 1319 1318 1320
f 1319 1320 1321
f 1321 1320 1322
f 1321 1322 1323
f 1323 1322 1324
f 1323 1324 1325
f 1325 1324 1326
f 1325 1326 1327
f 1327 1326 1328
f 1327 1328 1329
f 1329 1328 1330
f 1329 1330 1331
f 1331 1330 1332
f 1331 1332 1333
f 1333 1332 1334
f 1333 1334 1335
f 1335 1334 1336
f 1335 1336 1337
f 1337 1336 1338
f 1337 1338 1339
f 1339 1338 1340
f 1339 1340 1341
f 1341 1340 1342
f 1341 1342 1343
f 1343 1342 1344
f 1343 1344 1345
f 1345 1344 1346
f 1345 1346 1347
f 1347 1346 1348
f 1347 1348 1349
f 1349 1348 1350
f 1349 1350 1351
f 1351 1350 1352
f 1351 1352 1353
f 1353 1352 1354
f 1353 1354 1355
f 1355 1354 1356
f 1355 1356 1357
f 1357 1356 1358
f 1357 1358 1359
f 1359 1358 1360
f 1359 1360 1361
f 1361 1360 1362
f 1361 1362 1363
f 1363 1362 1364
f 1363 1364 1365
f 1365 1364 1366
f 1365 1366 1367
f 1367 1366 1368
f 1367 1368 1369
f 1369 1368 1370
f 1369 1370 1371
f 1371 1370 1372
f 1371 1372 1373
f 1373 1372 1374
f 1373 1374 1375
f 1375 1374 1376
f 1375 1376 1377
f 1377 1376 1378
f 1377 1378 1379
f 1379 1378 1380
f 1379 1380 1381
f 1381 1380 1382
f 1381 1382 1383
f 1383 1382 1384
f 1383 1384 1385
f 1385 1384 1386
f 1385 1386 1387
f 1387 1386 1388
f 1387 1388 1389
f 1389 1388 1390
f 1389 1390 1391
f 1391 1390 1392
f 1391 1392 1393
f 1393 1392 1394
f 1393 1394 1395
f 1395 1394 1396
f 1395 1396 1397
f 1397 1396 1398
f 1397 1398 1399
f 1399 1398 1400
f 1399 1400 1401
f 1401 1400 1402
f 1401 1402 1403
f 1403 1402 1404
f 1403 1404 1405
f 1405 1404 1406
f 1405 1406 1407
f 1407 1406 1408
f 1407 1408 1409
f 1409 1408 1410
f 1409 1410 1411
f 1411 1410 1412
f 1411 1412 1413
f 1413 1412 1414
f 1413 1414 1415
f 1415 1414 1416
f 1415 1416 1417
f 1417 1416 1418
f 1417 1418 1419
f 1419 1418 1420
f 1419 1420 1421
f 1421 1420 1422
f 1421 1422 1423
f 1423 1422 1424
f 1423 1424 1425
f 1425 1424 1426
f 1425 1426 1427
f 1427 1426 1428
f 1427 1428 1429
f 1429 1428 1430
f 1429 1430 1431
f 1431 1430 1432
f 1431 1432 1433
f 1433 1432 1434
f 1433 1434 1435
f 1435 1434 1436
f 1435 1436 1437
f 1437 1436 1438
f 1437 1438 1439
f 1439 1438 1440
f 1439 1440 1441
f 1441 1440 1442
f 1441 1442 1443
f 1443 1442 1444
f 1443 1444 1445
f 1445 1444 1446
f 1445 1446 1447
f 1447 1446 1448
f 1447 1448 1449
f 1449 1448 1450
f 1449 1450 1451
f 1451 1450 1452
f 1451 1452 1453
f 1453 1452 1454
f 1453 1454 1455
f 1455 1454 1456
f 1455 1456 1457
f 1457 1456 1458
f 1457 1458 1459
f 1459 1458 1460
f 1459 1460 1461
f 1461 1460 1462
f 1461 1462 1463
f 1463 1462 1464
f 1463 1464 1465
f 1465 1464 1466
f 1465 1466 1467
f 1467 1466 1468
f 1467 1468 1469
f 1469 1468 1470
f 1469 1470 1471
f 1471 1470 1472
f 1471 1472 1473
f 1473 1472 1468
f 1473 1468 1466
f 1290 1172 1120
f 1050 1052 1474
f 1474 1052 1475
f 1474 1475 1476
f 1476 1475 1477
f 1476 1477 1478
f 1478 1477 1479
f 1478 1479 1480
f 1480 1479 1481
f 1480 1481 1206
f 1206 1481 1004
f 1206 1004 1001
f 1001 1004 1003
f 1130 949 951
f 1482 1483 1484
f 1484 1483 1485
f 1484 1485 1486
f 1486 1485 1487
f 1486 1487 1488
f 1488 1487 1489
f 1488 1489 1490
f 1490 1489 1491
f 1490 1491 1492
f 1492 1491 1493
f 1492 1493 1494
f 1494 1493 1495
f 1494 1495 1496
f 1496 1495 1497
f 1496 1497 1265
f 1265 1497 1498
f 1265 1498 1263
f 1263 1498 1499
f 1263 1499 1500
f 1500 1499 1501
f 1500 1501 1502
f 1502 1501 1503
f 1502 1503 1504
f 1504 1503 1505
f 1504 1505 1506
f 1506 1505 1507
f 1506 1507 1508
f 1508 1507 1509
f 1508 1509 1243
f 1243 1509 1510
f 1243 1510 1511
f 1511 1510 1512
f 1511 1512 1513
f 1513 1512 1514
f 1513 1514 1235
f 1235 1514 1515
f 1235 1515 1233
f 1233 1515 1516
f 1233 1516 1517
f 1517 1516 1518
f 1517 1518 1519
f 1519 1518 1520
f 1519 1520 1521
f 1521 1520 1522
f 1521 1522 1523
f 1523 1522 1524
f 1523 1524 1525
f 1525 1524 1526
f 1525 1526 1527
f 1527 1526 1528
f 1527 1528 1529
f 1529 1528 1530
f 1529 1530 1531
f 1531 1530 1532
f 1531 1532 1533
f 1533 1532 1534
f 1533 1534 1535
f 1535 1534 1536
f 1535 1536 1537
f 1537 1536 1538
f 1537 1538 1539
f 1539 1538 1540
f 1539 1540 1541
f 1541 1540 1542
f 1541 1542 1543
f 1543 1542 1544
f 1543 1544 1545
f 1545 1544 1546
f 1545 1546 1547
f 1547 1546 1548
f 1547 1548 1549
f 1549 1548 1550
f 1549 1550 1551
f 1551 1550 1552
f 1551 1552 1553
f 1553 1552 1554
f 1553 1554 1555
f 1555 1554 1483
f 1555 1483 1556
f 1556 1483 1482
f 1556 1482 1557
f 1557 1482 1558
f 1557 1558 1559
f 1559 1558 1560
f 1559 1560 1561
f 1561 1560 1562
f 1561 1562 1563
f 1563 1562 1564
f 1563 1564 1565
f 1565 1564 1566
f 1565 1566 1567
f 1567 1566 1568
f 1567 1568 1569
f 1569 1568 1570
f 1569 1570 1571
f 1571 1570 1572
f 1571 1572 1573
f 1573 1572 1574
f 1573 1574 1575
f 1575 1574 1576
f 1575 1576 1577
f 1577 1576 1578
f 1577 1578 1027
f 1027 1578 1579
f 1027 1579 1029
f 1029 1579 1580
f 1029 1580 1031
f 1031 1580 1581
f 1031 1581 1033
f 1033 1581 1582
f 1033 1582 1035
f 1035 1582 1287
f 1035 1287 1036
f 982 1291 981
f 981 1291 1583
f 981 1583 1584
f 1584 1583 1585
f 1584 1585 1586
f 1586 1585 1305
f 1586 1305 1587
f 1587 1305 1307
f 1587 1307 1309
f 1085 1083 1117
f 1117 1083 1081
f 1117 1081 1119
f 1119 1081 1142
f 1119 1142 1121
f 1196 1136 1134
f 1081 1079 1142
f 1018 1016 1588
f 1588 1016 1014
f 1588 1014 1589
f 1589 1014 1012
f 1589 1012 1590
f 1590 1012 1010
f 1590 1010 1591
f 1591 1010 1008
f 1591 1008 1481
f 1481 1008 1006
f 1481 1006 1004
f 981 1584 979
f 979 1584 1586
f 979 1586 1592
f 1592 1586 1593
f 1592 1593 1594
f 1594 1593 1311
f 1594 1311 1595
f 1595 1311 1313
f 1595 1313 1596
f 1596 1313 1315
f 1596 1315 1317
f 959 961 1198
f 1198 961 963
f 1198 963 1200
f 1200 963 1597
f 1200 1597 1202
f 1202 1597 1598
f 1202 1598 1599
f 1599 1598 1600
f 1599 1600 1155
f 1155 1600 973
f 1155 973 1153
f 1153 973 975
f 1153 975 1151
f 962 960 966
f 966 960 980
f 966 980 968
f 1301 1585 1601
f 1601 1585 1583
f 1601 1583 1602
f 1602 1583 1291
f 1602 1291 1292
f 1603 1604 1605
f 1605 1604 1606
f 1605 1606 1607
f 1607 1606 1608
f 1607 1608 1609
f 1609 1608 1610
f 1609 1610 1611
f 1611 1610 1612
f 1611 1612 1613
f 1613 1612 1614
f 1613 1614 1615
f 1615 1614 1616
f 1615 1616 1617
f 1617 1616 1618
f 1617 1618 1619
f 1619 1618 1620
f 1619 1620 1621
f 1621 1620 1622
f 1621 1622 1623
f 1623 1622 1624
f 1623 1624 1625
f 1625 1624 1626
f 1625 1626 1627
f 1627 1626 1628
f 1627 1628 1629
f 1629 1628 1630
f 1629 1630 1631
f 1631 1630 1632
f 1631 1632 1633
f 1633 1632 1634
f 1633 1634 1304
f 1304 1634 1635
f 1304 1635 1636
f 1636 1635 1637
f 1636 1637 1638
f 1638 1637 1639
f 1638 1639 1640
f 1640 1639 1641
f 1640 1641 1642
f 1642 1641 1643
f 1642 1643 1644
f 1644 1643 1645
f 1644 1645 1646
f 1646 1645 1647
f 1646 1647 1648
f 1648 1647 1649
f 1648 1649 1650
f 1650 1649 1651
f 1650 1651 1652
f 1652 1651 1653
f 1652 1653 1654
f 1654 1653 1655
f 1654 1655 1656
f 1656 1655 1657
f 1656 1657 1658
f 1658 1657 1659
f 1658 1659 1660
f 1660 1659 1661
f 1660 1661 1662
f 1662 1661 1663
f 1662 1663 1664
f 1664 1663 1665
f 1664 1665 1666
f 1666 1665 1667
f 1666 1667 1668
f 1668 1667 1669
f 1668 1669 1670
f 1670 1669 1671
f 1670 1671 1672
f 1672 1671 1673
f 1672 1673 1674
f 1674 1673 1675
f 1674 1675 1676
f 1676 1675 1677
f 1676 1677 1678
f 1678 1677 1679
f 1678 1679 1422
f 1422 1679 1680
f 1422 1680 1424
f 1424 1680 1681
f 1424 1681 1682
f 1682 1681 1683
f 1682 1683 1684
f 1684 1683 1685
f 1684 1685 1686
f 1686 1685 1687
f 1686 1687 1688
f 1688 1687 1689
f 1688 1689 1690
f 1690 1689 1691
f 1690 1691 1692
f 1692 1691 1693
f 1692 1693 1694
f 1694 1693 1695
f 1694 1695 1696
f 1696 1695 1697
f 1696 1697 1698
f 1698 1697 1699
f 1698 1699 1700
f 1700 1699 1701
f 1700 1701 1702
f 1702 1701 1703
f 1702 1703 1704
f 1704 1703 1705
f 1704 1705 1706
f 1706 1705 1707
f 1706 1707 1708
f 1708 1707 1709
f 1708 1709 1710
f 1710 1709 1603
f 1710 1603 1711
f 1711 1603 1712
f 1711 1712 1713
f 1713 1712 1714
f 1713 1714 1715
f 1715 1714 1716
f 1715 1716 1717
f 1717 1716 1718
f 1717 1718 1719
f 1719 1718 1720
f 1719 1720 1721
f 1721 1720 922
f 1721 922 1722
f 1722 922 920
f 1722 920 1723
f 1723 920 918
f 1723 918 1724
f 1724 918 1725
f 1724 1725 1726
f 1726 1725 1727
f 1726 1727 1728
f 1728 1727 1729
f 1728 1729 1730
f 1730 1729 908
f 1730 908 1731
f 1731 908 906
f 1731 906 1732
f 1732 906 904
f 1732 904 1733
f 1733 904 902
f 1733 902 1734
f 1734 902 901
f 1734 901 1735
f 1735 901 900
f 1735 900 1288
f 952 950 1294
f 1294 950 948
f 1294 948 1736
f 1736 948 946
f 1736 946 1737
f 1737 946 1738
f 1737 1738 1739
f 1739 1738 1740
f 1739 1740 1741
f 1741 1740 1742
f 1741 1742 1743
f 1743 1742 1625
f 1743 1625 1627
f 1588 1744 1745
f 1745 1744 1746
f 1745 1746 1747
f 1747 1746 1748
f 1747 1748 1749
f 1749 1748 1750
f 1749 1750 1751
f 1751 1750 1752
f 1751 1752 1753
f 1753 1752 1754
f 1753 1754 1022
f 1022 1754 1755
f 1022 1755 1025
f 1025 1755 1577
f 1025 1577 1027
f 1480 1206 1756
f 1756 1206 1205
f 1756 1205 1050
f 933 935 913
f 913 935 1757
f 913 1757 911
f 911 1757 1758
f 911 1758 909
f 909 1758 1759
f 909 1759 1760
f 1760 1759 1761
f 1760 1761 864
f 864 1761 866
f 866 1761 1137
f 1137 1761 1759
f 1137 1759 1762
f 1762 1759 1763
f 1762 1763 1764
f 1764 1763 937
f 1764 937 939
f 1292 1293 1602
f 1602 1293 1295
f 1602 1295 1297
f 1024 1017 1019
f 1084 1765 1191
f 1191 1765 1766
f 1191 1766 1190
f 1190 1766 1193
f 1190 1193 1189
f 962 966 964
f 941 945 1133
f 1133 945 947
f 1133 947 949
f 1167 1168 1199
f 1199 1168 1169
f 1199 1169 1170
f 1594 1595 1767
f 1767 1595 1596
f 1767 1596 1768
f 1768 1596 1769
f 1768 1769 1770
f 1770 1769 1771
f 1770 1771 1772
f 1772 1771 1773
f 1772 1773 1774
f 1774 1773 1775
f 1774 1775 1776
f 1776 1775 1777
f 1776 1777 1778
f 1778 1777 1779
f 1778 1779 1767
f 1767 1779 1780
f 1767 1780 1781
f 1781 1780 977
f 1781 977 1782
f 1782 977 978
f 1782 978 1592
f 1592 978 979
f 1022 1025 1023
f 1050 1474 1756
f 1756 1474 1478
f 1756 1478 1480
f 1723 1783 1722
f 1722 1783 1784
f 1722 1784 1785
f 1785 1784 1786
f 1785 1786 1787
f 1787 1786 1788
f 1787 1788 1789
f 1789 1788 1790
f 1789 1790 1791
f 1791 1790 1792
f 1791 1792 1793
f 1793 1792 1794
f 1793 1794 1795
f 1795 1794 1796
f 1795 1796 1797
f 1797 1796 1798
f 1797 1798 1799
f 1799 1798 1800
f 1799 1800 1801
f 1801 1800 1802
f 1801 1802 1803
f 1803 1802 1804
f 1803 1804 1805
f 1805 1804 1806
f 1805 1806 1807
f 1807 1806 1808
f 1807 1808 1809
f 1809 1808 1810
f 1809 1810 1811
f 1811 1810 1734
f 1811 1734 1286
f 1286 1734 1735
f 1286 1735 1288
f 1569 1571 1754
f 1754 1571 1573
f 1754 1573 1755
f 1755 1573 1575
f 1755 1575 1577
f 1579 1578 1812
f 1812 1578 1813
f 1812 1813 1814
f 1814 1813 1815
f 1814 1815 1816
f 1816 1815 1817
f 1816 1817 1818
f 1818 1817 1819
f 1818 1819 1820
f 1820 1819 1821
f 1820 1821 1822
f 1822 1821 1823
f 1822 1823 1267
f 1267 1823 1496
f 1267 1496 1265
f 1486 1488 1824
f 1824 1488 1825
f 1824 1825 1826
f 1826 1825 1827
f 1826 1827 1828
f 1828 1827 1829
f 1828 1829 1574
f 1574 1829 1813
f 1574 1813 1576
f 1576 1813 1578
f 1273 1275 1830
f 1830 1275 1831
f 1830 1831 1832
f 1832 1831 1833
f 1832 1833 1834
f 1834 1833 1835
f 1834 1835 1836
f 1836 1835 1837
f 1836 1837 1838
f 1838 1837 1580
f 1838 1580 1579
f 1273 1830 1839
f 1839 1830 1832
f 1839 1832 1816
f 1816 1832 1834
f 1816 1834 1814
f 1814 1834 1836
f 1814 1836 1812
f 1812 1836 1838
f 1812 1838 1579
f 963 965 1597
f 1597 965 967
f 1597 967 1600
f 1600 967 971
f 1600 971 973
f 1275 1277 1831
f 1831 1277 1840
f 1831 1840 1841
f 1841 1840 1281
f 1841 1281 1842
f 1842 1281 1283
f 1842 1283 1843
f 1843 1283 1285
f 1843 1285 1582
f 1582 1285 1287
f 1582 1581 1843
f 1843 1581 1844
f 1843 1844 1842
f 1842 1844 1837
f 1842 1837 1835
f 1767 1781 1594
f 1594 1781 1782
f 1594 1782 1592
f 1837 1844 1580
f 1580 1844 1581
f 972 970 974
f 976 974 970
f 967 969 971
f 1760 864 1845
f 1845 864 862
f 1845 862 1846
f 1846 862 860
f 1846 860 858
f 856 903 858
f 858 903 905
f 858 905 1846
f 1846 905 907
f 1846 907 1845
f 1845 907 909
f 1845 909 1760
f 1745 1747 1847
f 1847 1747 1848
f 1847 1848 1020
f 1020 1848 1753
f 1020 1753 1022
f 34 1849 1850
f 1850 1849 1851
f 1850 1851 1852
f 1852 1851 1853
f 1852 1853 1854
f 1854 1853 1855
f 1854 1855 1856
f 1856 1855 1857
f 1856 1857 1858
f 1858 1857 1859
f 1858 1859 1860
f 1860 1859 1861
f 1860 1861 1862
f 1862 1861 1863
f 1862 1863 1864
f 1864 1863 1865
f 1864 1865 1866
f 1866 1865 1867
f 1866 1867 1868
f 1868 1867 1869
f 1868 1869 1870
f 1870 1869 1871
f 1870 1871 1872
f 1872 1871 1873
f 1872 1873 1874
f 1874 1873 1875
f 1874 1875 1876
f 1876 1875 1877
f 1876 1877 1878
f 1878 1877 1879
f 1878 1879 1880
f 1880 1879 1881
f 1880 1881 1882
f 1882 1881 1883
f 1882 1883 1884
f 1884 1883 1885
f 1884 1885 1886
f 1886 1885 1591
f 1886 1591 1481
f 1481 1479 1886
f 1886 1479 1887
f 1886 1887 1888
f 1888 1887 1889
f 1888 1889 1882
f 1882 1889 1890
f 1882 1890 1891
f 1891 1890 1892
f 1891 1892 1893
f 1893 1892 1894
f 1893 1894 1895
f 1895 1894 1896
f 1895 1896 1897
f 1897 1896 1898
f 1897 1898 1899
f 1899 1898 1900
f 1899 1900 1864
f 1864 1900 1901
f 1864 1901 1862
f 1862 1901 1902
f 1862 1902 1860
f 1860 1902 1903
f 1860 1903 1904
f 1904 1903 1905
f 1904 1905 1906
f 1906 1905 1907
f 1906 1907 1908
f 1908 1907 1909
f 1908 1909 1910
f 1910 1909 1911
f 1910 1911 1912
f 1912 1911 1913
f 1912 1913 1914
f 1914 1913 1915
f 1914 1915 1916
f 1916 1915 1917
f 1916 1917 1918
f 1918 1917 1919
f 1918 1919 1920
f 1920 1919 1921
f 1920 1921 1922
f 1922 1921 1923
f 1922 1923 1924
f 1924 1923 1925
f 1924 1925 1926
f 1926 1925 1927
f 1926 1927 1928
f 1928 1927 1929
f 1928 1929 1930
f 1930 1929 1931
f 1930 1931 1932
f 1932 1931 1059
f 1932 1059 1057
f 1294 1736 1296
f 1296 1736 1737
f 1296 1737 1298
f 1298 1737 1739
f 1298 1739 1933
f 1933 1739 1741
f 1933 1741 1934
f 1934 1741 1743
f 1934 1743 1935
f 1935 1743 1629
f 1935 1629 1631
f 1847 1020 1936
f 1936 1020 1018
f 1936 1018 1745
f 1745 1018 1588
f 1586 1587 1593
f 1593 1587 1309
f 1593 1309 1311
f 1777 1775 1779
f 1779 1775 1937
f 1779 1937 1938
f 1938 1937 1939
f 1938 1939 1780
f 1780 1939 1152
f 1780 1152 977
f 1299 1301 1297
f 1297 1301 1601
f 1297 1601 1602
f 1885 1883 1590
f 1590 1883 1940
f 1590 1940 1589
f 1589 1940 1744
f 1589 1744 1588
f 1137 1762 1135
f 1135 1762 1764
f 1135 1764 1941
f 1941 1764 939
f 1941 939 941
f 1745 1847 1936
f 1070 1072 1942
f 1942 1072 1943
f 1942 1943 1944
f 1944 1943 1945
f 1944 1945 1946
f 1946 1945 1947
f 1946 1947 1948
f 1948 1947 1475
f 1948 1475 1054
f 1054 1475 1052
f 1057 1193 1949
f 1949 1193 1766
f 1949 1766 1932
f 1932 1766 1950
f 1932 1950 1951
f 1951 1950 1952
f 1951 1952 1930
f 1930 1952 1953
f 1930 1953 1954
f 1954 1953 1955
f 1954 1955 1956
f 1956 1955 1957
f 1956 1957 1958
f 1958 1957 1959
f 1958 1959 1960
f 1960 1959 1961
f 1960 1961 1962
f 1962 1961 1963
f 1962 1963 1964
f 1964 1963 1965
f 1964 1965 1966
f 1966 1965 1092
f 1966 1092 1094
f 1813 1829 1817
f 1817 1829 1827
f 1817 1827 1819
f 1819 1827 1967
f 1819 1967 1821
f 1821 1967 1968
f 1821 1968 1823
f 1823 1968 1492
f 1823 1492 1494
f 1817 1815 1813
f 1560 1558 1969
f 1969 1558 1970
f 1969 1970 1570
f 1570 1970 1971
f 1570 1971 1572
f 1572 1971 1828
f 1572 1828 1574
f 1305 1585 1303
f 1585 1301 1303
f 1754 1752 1569
f 1569 1752 1972
f 1569 1972 1973
f 1973 1972 1750
f 1973 1750 1565
f 1565 1750 1974
f 1565 1974 1563
f 1563 1974 1975
f 1563 1975 1561
f 1561 1975 1976
f 1561 1976 1977
f 1977 1976 1978
f 1977 1978 1557
f 1557 1978 1979
f 1557 1979 1980
f 1980 1979 1556
f 1980 1556 1557
f 1476 1478 1474
f 1203 1166 1201
f 1201 1166 1167
f 1201 1167 1199
f 1107 1981 1109
f 1109 1981 1982
f 1109 1982 1111
f 1111 1982 1983
f 1111 1983 1113
f 1113 1983 1984
f 1113 1984 1115
f 1115 1984 1085
f 1115 1085 1117
f 1597 1600 1598
f 1801 1803 1985
f 1985 1803 1805
f 1985 1805 1278
f 1278 1805 1986
f 1278 1986 1280
f 1280 1986 1987
f 1280 1987 1282
f 1282 1987 1809
f 1282 1809 1284
f 1284 1809 1811
f 1284 1811 1286
f 1774 1776 1988
f 1988 1776 1778
f 1988 1778 1768
f 1768 1778 1767
f 1780 1779 1938
f 1885 1590 1591
f 1747 1749 1848
f 1848 1749 1751
f 1848 1751 1753
f 941 1133 1941
f 1941 1133 1135
f 1457 1459 1989
f 1989 1459 1990
f 1989 1990 1991
f 1991 1990 1992
f 1991 1992 1993
f 1993 1992 1994
f 1993 1994 1995
f 1995 1994 1996
f 1995 1996 1997
f 1997 1996 1998
f 1997 1998 1999
f 1999 1998 2000
f 1999 2000 2001
f 2001 2000 2002
f 2001 2002 2003
f 2003 2002 2004
f 2003 2004 2005
f 2005 2004 2006
f 2005 2006 2007
f 2007 2006 2008
f 2007 2008 2009
f 2009 2008 2010
f 2009 2010 2011
f 2011 2010 2012
f 2011 2012 2013
f 2013 2012 2014
f 2013 2014 2015
f 2015 2014 2016
f 2015 2016 2017
f 2017 2016 2018
f 2017 2018 2019
f 2019 2018 2020
f 2019 2020 2021
f 2021 2020 2022
f 2021 2022 2023
f 2023 2022 2024
f 2023 2024 2025
f 2025 2024 2026
f 2025 2026 2027
f 2027 2026 2028
f 2027 2028 2029
f 2029 2028 2030
f 2029 2030 2031
f 2031 2030 2032
f 2031 2032 2033
f 2033 2032 2034
f 2033 2034 2035
f 2035 2034 2036
f 2035 2036 2037
f 2037 2036 2038
f 2037 2038 2039
f 2039 2038 2040
f 2039 2040 2041
f 2041 2040 2042
f 2041 2042 2043
f 2043 2042 2044
f 2043 2044 2045
f 2045 2044 2046
f 2045 2046 2047
f 2047 2046 2048
f 2047 2048 2049
f 2049 2048 2050
f 2049 2050 2051
f 2051 2050 1154
f 2051 1154 1937
f 1937 1154 1152
f 1937 1152 1939
f 1484 1824 1971
f 1971 1824 1826
f 1971 1826 1828
f 1943 1072 2052
f 2052 1072 2053
f 2052 2053 2054
f 2054 2053 2055
f 2054 2055 1945
f 1945 2055 2056
f 1945 2056 1947
f 1947 2056 1887
f 1947 1887 1477
f 1477 1887 1479
f 1566 1560 1568
f 1568 1560 1969
f 1568 1969 1570
f 1972 1752 1750
f 6 4 2057
f 2057 4 2058
f 2057 2058 2059
f 2059 2058 2060
f 2059 2060 2061
f 2061 2060 2062
f 2061 2062 2063
f 2063 2062 2064
f 2063 2064 2065
f 2065 2064 2066
f 2065 2066 2067
f 2067 2066 2068
f 2067 2068 2069
f 2069 2068 2070
f 2069 2070 2071
f 2071 2070 2072
f 2071 2072 2073
f 2073 2072 2074
f 2073 2074 2075
f 2075 2074 2076
f 2075 2076 2077
f 2077 2076 2078
f 2077 2078 2079
f 2079 2078 2080
f 2079 2080 2081
f 2081 2080 2082
f 2081 2082 2083
f 2083 2082 2084
f 2083 2084 2085
f 2085 2084 2086
f 2085 2086 2087
f 2087 2086 2088
f 2087 2088 2089
f 2089 2088 2090
f 2089 2090 2091
f 2091 2090 2092
f 2091 2092 2093
f 2093 2092 2094
f 2093 2094 2095
f 2095 2094 1746
f 2095 1746 2096
f 2096 1746 1744
f 2096 1744 1940
f 1558 1482 1970
f 1970 1482 1484
f 1970 1484 1971
f 1323 2097 2098
f 2098 2097 2099
f 2098 2099 2100
f 2100 2099 2101
f 2100 2101 1321
f 1321 2101 2102
f 1321 2102 1319
f 1319 2102 2103
f 1319 2103 1317
f 1317 2103 1769
f 1317 1769 1596
f 1569 1973 1567
f 1770 1772 1768
f 1768 1772 1774
f 1768 1774 1988
f 1949 1932 1057
f 2051 1937 2049
f 2049 1937 1775
f 2049 1775 2047
f 2047 1775 1773
f 2047 1773 2045
f 2045 1773 2104
f 2045 2104 2043
f 2043 2104 2105
f 2043 2105 2106
f 2106 2105 2107
f 2106 2107 2108
f 2108 2107 2101
f 2108 2101 2099
f 1090 2109 1088
f 1088 2109 2110
f 1088 2110 1086
f 1086 2110 1952
f 1086 1952 1765
f 1765 1952 1950
f 1765 1950 1766
f 1728 2111 1726
f 1726 2111 2112
f 1726 2112 1724
f 1724 2112 2113
f 1724 2113 1783
f 1783 2113 2114
f 1783 2114 1784
f 1784 2114 2115
f 1784 2115 1786
f 1786 2115 2116
f 1786 2116 2117
f 2117 2116 2118
f 2117 2118 2119
f 2119 2118 2120
f 2119 2120 2121
f 2121 2120 2122
f 2121 2122 1802
f 1802 2122 2123
f 1802 2123 1804
f 1804 2123 2124
f 1804 2124 1806
f 1806 2124 2125
f 1806 2125 1808
f 1808 2125 2126
f 1808 2126 1810
f 1810 2126 1733
f 1810 1733 1734
f 1070 1942 2127
f 2127 1942 2128
f 2127 2128 1064
f 1064 2128 1944
f 1064 1944 1062
f 1062 1944 2129
f 1062 2129 2130
f 2130 2129 2131
f 2130 2131 1056
f 1056 2131 1054
f 1054 2131 1948
f 1948 2131 2129
f 1948 2129 1944
f 1475 1947 1477
f 935 937 1757
f 1757 937 1763
f 1757 1763 1758
f 1758 1763 1759
f 1567 1973 1565
f 1882 1884 1888
f 1888 1884 1886
f 1831 1841 1833
f 1833 1841 1842
f 1833 1842 1835
f 1159 1161 1599
f 1599 1161 1163
f 1599 1163 1202
f 1492 1968 1490
f 1490 1968 1967
f 1490 1967 1825
f 1825 1967 1827
f 1824 1484 1486
f 1599 1155 1159
f 1159 1155 1157
f 1621 1623 2132
f 2132 1623 1742
f 2132 1742 2133
f 2133 1742 1740
f 2133 1740 2134
f 2134 1740 1738
f 2134 1738 944
f 944 1738 946
f 2135 2136 2137
f 2137 2136 2138
f 2137 2138 2139
f 2139 2138 2140
f 2139 2140 2141
f 2141 2140 2142
f 2141 2142 2143
f 2143 2142 2144
f 2143 2144 2145
f 2145 2144 2146
f 2145 2146 2147
f 2147 2146 2148
f 2147 2148 2137
f 2137 2148 2085
f 2137 2085 2135
f 2135 2085 2087
f 2135 2087 2149
f 2149 2087 2091
f 2149 2091 1875
f 1875 2091 2093
f 1875 2093 1877
f 1877 2093 2095
f 1877 2095 1879
f 1879 2095 2096
f 1879 2096 1881
f 1881 2096 1940
f 1881 1940 1883
f 2101 2107 2150
f 2150 2107 2105
f 2150 2105 2151
f 2151 2105 2104
f 2151 2104 2152
f 2152 2104 2153
f 2152 2153 2103
f 2103 2153 1771
f 2103 1771 1769
f 1975 1974 2154
f 2154 1974 2155
f 2154 2155 2090
f 2090 2155 2156
f 2090 2156 2092
f 2092 2156 1748
f 2092 1748 2094
f 2094 1748 1746
f 1154 2050 1156
f 1156 2050 2157
f 1156 2157 2158
f 2158 2157 2159
f 2158 2159 2160
f 2160 2159 2161
f 2160 2161 2162
f 2162 2161 2163
f 2162 2163 2164
f 2164 2163 2165
f 2164 2165 2166
f 2166 2165 2167
f 2166 2167 2168
f 2168 2167 2169
f 2168 2169 2170
f 2170 2169 2171
f 2170 2171 2172
f 2172 2171 2173
f 2172 2173 2174
f 2174 2173 2175
f 2174 2175 2176
f 2176 2175 2177
f 2176 2177 2178
f 2178 2177 2179
f 2178 2179 2180
f 2180 2179 2181
f 2180 2181 2182
f 2182 2181 2183
f 2182 2183 2184
f 2184 2183 2185
f 2184 2185 2186
f 2186 2185 2187
f 2186 2187 2188
f 2188 2187 2189
f 2188 2189 2190
f 2190 2189 2191
f 2190 2191 2192
f 2192 2191 2193
f 2192 2193 2194
f 2194 2193 2195
f 2194 2195 2196
f 2196 2195 2197
f 2196 2197 2198
f 2198 2197 2199
f 2198 2199 2200
f 2200 2199 2201
f 2200 2201 2202
f 2202 2201 2203
f 2202 2203 2204
f 2204 2203 2205
f 2204 2205 2206
f 2206 2205 2207
f 2206 2207 2208
f 2208 2207 2209
f 2208 2209 2210
f 2210 2209 2211
f 2210 2211 2212
f 2212 2211 2213
f 2212 2213 2214
f 2214 2213 2215
f 2214 2215 2216
f 2216 2215 2217
f 2216 2217 2218
f 2218 2217 2219
f 2218 2219 2220
f 2220 2219 2221
f 2220 2221 2222
f 2222 2221 2223
f 2222 2223 2224
f 2224 2223 2199
f 2224 2199 2225
f 2225 2199 2197
f 2225 2197 2195
f 941 943 945
f 1974 1750 2155
f 2155 1750 1748
f 2155 1748 2156
f 1646 1648 2226
f 2226 1648 2227
f 2226 2227 2228
f 2228 2227 2229
f 2228 2229 2230
f 2230 2229 2231
f 2230 2231 2232
f 2232 2231 2233
f 2232 2233 2234
f 2234 2233 1316
f 2234 1316 2235
f 2235 1316 1314
f 2235 1314 1312
f 2226 2228 1644
f 1644 2228 2236
f 1644 2236 1642
f 1642 2236 2235
f 1642 2235 1640
f 1640 2235 1312
f 1640 1312 1310
f 1562 1560 1564
f 1564 1560 1566
f 1304 1636 1306
f 1306 1636 1638
f 1306 1638 1308
f 1308 1638 1310
f 1310 1638 1640
f 1765 1084 1086
f 2104 1773 2153
f 2153 1773 1771
f 1103 1101 1105
f 1105 1101 1099
f 1105 1099 1981
f 1981 1099 1093
f 1981 1093 2237
f 2237 1093 1091
f 2237 1091 1983
f 1983 1091 1089
f 1983 1089 1984
f 1984 1089 1087
f 1984 1087 1085
f 1887 2056 1889
f 1889 2056 2055
f 1889 2055 2238
f 2238 2055 2239
f 2238 2239 2240
f 2240 2239 2241
f 2240 2241 2242
f 2242 2241 2243
f 2242 2243 2244
f 2244 2243 2245
f 2244 2245 2246
f 2246 2245 2247
f 2246 2247 2248
f 2248 2247 2249
f 2248 2249 2250
f 2250 2249 1894
f 2250 1894 2251
f 2251 1894 2252
f 2251 2252 2253
f 2253 2252 2254
f 2253 2254 2255
f 2255 2254 2256
f 2255 2256 2257
f 2257 2256 2238
f 2257 2238 2240
f 2150 2151 2102
f 2102 2151 2152
f 2102 2152 2103
f 1485 1483 2258
f 2258 1483 1554
f 2258 1554 2259
f 2259 1554 1552
f 2259 1552 2260
f 2260 1552 2261
f 2260 2261 2262
f 2262 2261 2263
f 2262 2263 2264
f 2264 2263 2265
f 2264 2265 2266
f 2266 2265 2267
f 2266 2267 2268
f 2268 2267 2269
f 2268 2269 2270
f 2270 2269 2271
f 2270 2271 2272
f 2272 2271 1538
f 2272 1538 1536
f 1485 2258 1487
f 1487 2258 2259
f 1487 2259 2260
f 1825 1488 1490
f 1378 1376 2273
f 2273 1376 2274
f 2273 2274 2275
f 2275 2274 1374
f 2275 1374 2276
f 2276 1374 1372
f 2276 1372 2277
f 2277 1372 2278
f 2277 2278 2279
f 2279 2278 2280
f 2279 2280 2281
f 2281 2280 2282
f 2281 2282 2283
f 2283 2282 2284
f 2283 2284 2285
f 2285 2284 2286
f 2285 2286 2287
f 2287 2286 2288
f 2287 2288 2289
f 2289 2288 2290
f 2289 2290 2291
f 2291 2290 2292
f 2291 2292 2293
f 2293 2292 2294
f 2293 2294 2295
f 2295 2294 2296
f 2295 2296 2297
f 2297 2296 2298
f 2297 2298 2299
f 2299 2298 2300
f 2299 2300 2301
f 2301 2300 2302
f 2301 2302 2303
f 2303 2302 2304
f 2303 2304 2305
f 2305 2304 2306
f 2305 2306 2307
f 2307 2306 2308
f 2307 2308 2309
f 2309 2308 2310
f 2309 2310 2311
f 2311 2310 2312
f 2311 2312 2313
f 2313 2312 2314
f 2313 2314 2315
f 2315 2314 2316
f 2315 2316 2317
f 2317 2316 2318
f 2317 2318 2319
f 2319 2318 2320
f 2319 2320 2321
f 2321 2320 2322
f 2321 2322 2323
f 2323 2322 2324
f 2323 2324 2325
f 2325 2324 2326
f 2325 2326 2327
f 2327 2326 2328
f 2327 2328 2329
f 2329 2328 2330
f 2329 2330 2331
f 2331 2330 2332
f 2331 2332 2233
f 2233 2332 1318
f 2233 1318 1316
f 2123 2333 2124
f 2124 2333 2334
f 2124 2334 2125
f 2125 2334 2335
f 2125 2335 2126
f 2126 2335 1732
f 2126 1732 1733
f 1165 1166 1203
f 1631 1633 1935
f 1935 1633 1302
f 1935 1302 1934
f 1934 1302 1300
f 1934 1300 1933
f 1933 1300 1298
f 1271 1273 2336
f 2336 1273 1839
f 2336 1839 1818
f 1818 1839 1816
f 1056 1058 2130
f 2130 1058 1060
f 2130 1060 1062
f 1986 1805 1987
f 1987 1805 1807
f 1987 1807 1809
f 1302 1633 1304
f 1277 1279 1840
f 1840 1279 1281
f 1557 1559 1977
f 1977 1559 1561
f 1930 1932 1951
f 1948 1944 1946
f 1505 1503 2337
f 2337 1503 1501
f 2337 1501 2338
f 2338 1501 2339
f 2338 2339 2340
f 2340 2339 2341
f 2340 2341 2342
f 2342 2341 2343
f 2342 2343 2344
f 2344 2343 2345
f 2344 2345 2346
f 2346 2345 2347
f 2346 2347 2348
f 2348 2347 1489
f 2348 1489 1487
f 2337 2338 2349
f 2349 2338 2350
f 2349 2350 2351
f 2351 2350 2352
f 2351 2352 2353
f 2353 2352 2344
f 2353 2344 2262
f 2262 2344 2346
f 2262 2346 2260
f 2260 2346 2348
f 2260 2348 1487
f 1549 1551 2354
f 2354 1551 2355
f 2354 2355 2356
f 2356 2355 2357
f 2356 2357 2358
f 2358 2357 2359
f 2358 2359 2360
f 2360 2359 2361
f 2360 2361 2362
f 2362 2361 2363
f 2362 2363 2364
f 2364 2363 2365
f 2364 2365 2366
f 2366 2365 2367
f 2366 2367 1556
f 1556 2367 1555
f 2361 2357 2365
f 2365 2357 2368
f 2365 2368 2367
f 2367 2368 1553
f 2367 1553 1555
f 2101 2150 2102
f 2008 2369 2010
f 2010 2369 2370
f 2010 2370 2012
f 2012 2370 2371
f 2012 2371 2014
f 2014 2371 2372
f 2014 2372 2373
f 2373 2372 2374
f 2373 2374 2375
f 2375 2374 2376
f 2375 2376 2377
f 2377 2376 2169
f 2377 2169 2378
f 2378 2169 2167
f 2378 2167 2379
f 2379 2167 2165
f 2379 2165 2380
f 2380 2165 2163
f 2380 2163 2381
f 2381 2163 2382
f 2381 2382 2383
f 2383 2382 2384
f 2383 2384 2048
f 2048 2384 2157
f 2048 2157 2050
f 1336 1334 2385
f 2385 1334 2386
f 2385 2386 2387
f 2387 2386 2388
f 2387 2388 2389
f 2389 2388 2390
f 2389 2390 2391
f 2391 2390 2392
f 2391 2392 2393
f 2393 2392 2394
f 2393 2394 2395
f 2395 2394 2396
f 2395 2396 2312
f 2312 2396 2397
f 2312 2397 2314
f 2314 2397 2398
f 2314 2398 2316
f 2316 2398 2399
f 2316 2399 2320
f 2320 2399 2400
f 2320 2400 2401
f 2401 2400 2402
f 2401 2402 2403
f 2403 2402 2404
f 2403 2404 2405
f 2405 2404 2406
f 2405 2406 2328
f 2328 2406 2407
f 2328 2407 2330
f 2330 2407 1320
f 2330 1320 2332
f 2332 1320 1318
f 2408 1556 2409
f 2409 1556 1979
f 2409 1979 2410
f 2410 1979 1978
f 2410 1978 2409
f 2409 1978 2411
f 2409 2411 2408
f 2408 2411 2364
f 2408 2364 2366
f 2366 1556 2408
f 2160 2162 2412
f 2412 2162 2413
f 2412 2413 2414
f 2414 2413 2415
f 2414 2415 2416
f 2416 2415 2417
f 2416 2417 2418
f 2418 2417 2419
f 2418 2419 2420
f 2420 2419 2421
f 2420 2421 2422
f 2422 2421 2423
f 2422 2423 2424
f 2424 2423 2425
f 2424 2425 2426
f 2426 2425 2427
f 2426 2427 2428
f 2428 2427 1160
f 2428 1160 2429
f 2429 1160 1158
f 2429 1158 2158
f 2158 1158 1156
f 2230 2232 2236
f 2236 2232 2234
f 2236 2234 2235
f 1725 916 1727
f 1727 916 912
f 1727 912 1729
f 1729 912 910
f 1729 910 908
f 1267 1269 1822
f 1822 1269 2336
f 1822 2336 1820
f 1820 2336 1818
f 2357 2355 2368
f 2368 2355 1551
f 2368 1551 1553
f 1652 1654 2430
f 2430 1654 2431
f 2430 2431 2432
f 2432 2431 2433
f 2432 2433 2434
f 2434 2433 2327
f 2434 2327 2435
f 2435 2327 2329
f 2435 2329 2436
f 2436 2329 2331
f 2436 2331 2231
f 2231 2331 2233
f 2345 1493 2347
f 2347 1493 1491
f 2347 1491 1489
f 2020 2018 2437
f 2437 2018 2016
f 2437 2016 2438
f 2438 2016 2439
f 2438 2439 2440
f 2440 2439 2441
f 2440 2441 2442
f 2442 2441 2443
f 2442 2443 2444
f 2444 2443 2445
f 2444 2445 2446
f 2446 2445 2447
f 2446 2447 2448
f 2448 2447 2449
f 2448 2449 2042
f 2042 2449 2450
f 2042 2450 2044
f 2044 2450 2383
f 2044 2383 2046
f 2046 2383 2048
f 1718 1716 2451
f 2451 1716 2452
f 2451 2452 2453
f 2453 2452 2454
f 2453 2454 2455
f 2455 2454 2456
f 2455 2456 2457
f 2457 2456 2458
f 2457 2458 930
f 930 2458 2459
f 930 2459 2460
f 2460 2459 2461
f 2460 2461 2462
f 2462 2461 2463
f 2462 2463 2464
f 2464 2463 2465
f 2464 2465 942
f 942 2465 944
f 2132 2466 2465
f 2465 2466 2134
f 2465 2134 944
f 1731 1732 2467
f 2467 1732 2468
f 2467 2468 2111
f 2111 2468 2469
f 2111 2469 2112
f 2112 2469 2118
f 2112 2118 2113
f 2113 2118 2116
f 2113 2116 2115
f 1731 2467 1730
f 1730 2467 2111
f 1730 2111 1728
f 1872 1874 2470
f 2470 1874 1876
f 2470 1876 1893
f 1893 1876 1878
f 1893 1878 1891
f 1891 1878 1880
f 1891 1880 1882
f 2100 1321 2098
f 1323 2098 1321
f 1732 2335 2468
f 2468 2335 2334
f 2468 2334 2333
f 2460 2462 934
f 934 2462 2471
f 934 2471 936
f 936 2471 940
f 936 940 938
f 2462 2464 2471
f 2471 2464 942
f 2471 942 940
f 1889 2238 1890
f 1890 2238 2256
f 1890 2256 2472
f 2472 2256 2254
f 2472 2254 2252
f 2411 1978 2473
f 2473 1978 1976
f 2473 1976 2474
f 2474 1976 1975
f 2474 1975 2475
f 2475 1975 2476
f 2475 2476 2477
f 2477 2476 2086
f 2477 2086 2084
f 2388 2386 2478
f 2478 2386 2479
f 2478 2479 2480
f 2480 2479 2481
f 2480 2481 2482
f 2482 2481 2483
f 2482 2483 2404
f 2404 2483 2484
f 2404 2484 2406
f 2406 2484 1324
f 2406 1324 2407
f 2407 1324 1322
f 2407 1322 1320
f 2261 1552 2485
f 2485 1552 2486
f 2485 2486 2263
f 2263 2486 2487
f 2263 2487 2265
f 2265 2487 2488
f 2265 2488 2267
f 2267 2488 2489
f 2267 2489 2269
f 2269 2489 2490
f 2269 2490 2271
f 2271 2490 1540
f 2271 1540 1538
f 2489 2488 2491
f 2491 2488 2487
f 2491 2487 1548
f 1548 2487 2486
f 1548 2486 1550
f 1550 2486 1552
f 1963 2492 2493
f 2493 2492 1957
f 2493 1957 2109
f 2109 1957 1955
f 2109 1955 2110
f 2110 1955 1953
f 2110 1953 1952
f 2090 2088 2154
f 2154 2088 2476
f 2154 2476 1975
f 2361 2365 2363
f 2423 2421 2494
f 2494 2421 2495
f 2494 2495 2496
f 2496 2495 2497
f 2496 2497 2498
f 2498 2497 1106
f 2498 1106 1164
f 1164 1106 1108
f 1164 1108 1110
f 2494 2496 2423
f 2423 2496 2498
f 2423 2498 2425
f 2425 2498 1164
f 2425 1164 2427
f 2427 1164 1162
f 2427 1162 1160
f 1655 1653 2499
f 2499 1653 2500
f 2499 2500 2501
f 2501 2500 2502
f 2501 2502 2503
f 2503 2502 2504
f 2503 2504 2505
f 2505 2504 2506
f 2505 2506 2507
f 2507 2506 2508
f 2507 2508 2509
f 2509 2508 2510
f 2509 2510 2511
f 2511 2510 2512
f 2511 2512 2513
f 2513 2512 2514
f 2513 2514 2515
f 2515 2514 2516
f 2515 2516 2517
f 2517 2516 2518
f 2517 2518 2519
f 2519 2518 2520
f 2519 2520 1632
f 1632 2520 2521
f 1632 2521 1634
f 1634 2521 1635
f 2382 2161 2384
f 2384 2161 2159
f 2384 2159 2157
f 1059 1931 1061
f 1061 1931 1929
f 1061 1929 1927
f 1643 1641 2522
f 2522 1641 1639
f 2522 1639 2523
f 2523 1639 1637
f 2523 1637 2524
f 2524 1637 1635
f 2524 1635 2521
f 2031 2033 1331
f 1331 2033 2525
f 1331 2525 2526
f 2526 2525 2527
f 2526 2527 2528
f 2528 2527 2529
f 2528 2529 2108
f 2108 2529 2039
f 2108 2039 2106
f 2106 2039 2041
f 2106 2041 2043
f 2364 2411 2530
f 2530 2411 2473
f 2530 2473 2531
f 2531 2473 2532
f 2531 2532 2074
f 2074 2532 2533
f 2074 2533 2076
f 2076 2533 2080
f 2076 2080 2078
f 2072 2360 2530
f 2530 2360 2362
f 2530 2362 2364
f 2134 2466 2133
f 2236 2228 2230
f 2336 1269 1271
f 2485 2263 2261
f 1331 2526 1329
f 1329 2526 2534
f 1329 2534 2535
f 2535 2534 2097
f 2535 2097 1325
f 1325 2097 1323
f 1983 1982 2237
f 2066 2064 2536
f 2536 2064 2537
f 2536 2537 2538
f 2538 2537 2539
f 2538 2539 2540
f 2540 2539 1547
f 2540 1547 2541
f 2541 1547 1549
f 2541 1549 2542
f 2542 1549 2354
f 2542 2354 2356
f 2357 2361 2359
f 2054 1945 2052
f 1943 2052 1945
f 2383 2450 2381
f 2381 2450 2449
f 2381 2449 2543
f 2543 2449 2447
f 2543 2447 2445
f 2420 2422 2544
f 2544 2422 2424
f 2544 2424 2412
f 2412 2424 2426
f 2412 2426 2160
f 2160 2426 2429
f 2160 2429 2158
f 2426 2428 2429
f 2432 2434 2227
f 2227 2434 2435
f 2227 2435 2229
f 2229 2435 2436
f 2229 2436 2231
f 2538 2540 2545
f 2545 2540 2546
f 2545 2546 2547
f 2547 2546 2548
f 2547 2548 2068
f 2068 2548 2549
f 2068 2549 2550
f 2550 2549 2542
f 2550 2542 2358
f 2358 2542 2356
f 925 929 2551
f 2551 929 931
f 2551 931 915
f 915 931 933
f 915 933 913
f 2082 2080 2477
f 2477 2080 2533
f 2477 2533 2475
f 2475 2533 2532
f 2475 2532 2474
f 2474 2532 2473
f 2108 2099 2528
f 2528 2099 2097
f 2528 2097 2534
f 2087 2089 2091
f 912 916 914
f 2476 2088 2086
f 2245 2243 2552
f 2552 2243 2241
f 2552 2241 1074
f 1074 2241 2239
f 1074 2239 2053
f 2053 2239 2055
f 2128 1942 1944
f 1890 2472 1892
f 1892 2472 2252
f 1892 2252 1894
f 1494 1496 1823
f 1324 2484 1326
f 1326 2484 2483
f 1326 2483 2553
f 2553 2483 2554
f 2553 2554 1330
f 1330 2554 2479
f 1330 2479 2386
f 2490 2489 1544
f 1544 2489 2491
f 1544 2491 1546
f 1546 2491 1548
f 2237 1982 1981
f 1501 1498 2339
f 2339 1498 1497
f 2339 1497 2341
f 2341 1497 1495
f 2341 1495 2343
f 2343 1495 1493
f 2343 1493 2345
f 2548 2546 2549
f 2549 2546 2541
f 2549 2541 2542
f 2170 2555 2556
f 2556 2555 2557
f 2556 2557 2417
f 2417 2557 2558
f 2417 2558 2419
f 2419 2558 2559
f 2419 2559 2560
f 2560 2559 2561
f 2560 2561 2562
f 2562 2561 2563
f 2562 2563 2564
f 2564 2563 2565
f 2564 2565 1100
f 1100 2565 2566
f 1100 2566 2567
f 2567 2566 2568
f 2567 2568 2569
f 2569 2568 2570
f 2569 2570 2571
f 2571 2570 2572
f 2571 2572 1960
f 1960 2572 2573
f 1960 2573 2574
f 2574 2573 2575
f 2574 2575 2576
f 2576 2575 2577
f 2576 2577 2578
f 2578 2577 2579
f 2578 2579 1954
f 1954 2579 1928
f 1954 1928 1930
f 2032 2580 2034
f 2034 2580 2581
f 2034 2581 2036
f 2036 2581 2582
f 2036 2582 2038
f 2038 2582 2583
f 2038 2583 2040
f 2040 2583 2448
f 2040 2448 2042
f 1325 1327 2535
f 2461 1619 2463
f 2463 1619 2132
f 2463 2132 2465
f 2070 2068 2360
f 2360 2068 2550
f 2360 2550 2358
f 1649 1647 2584
f 2584 1647 2585
f 2584 2585 2586
f 2586 2585 2523
f 2586 2523 2518
f 2518 2523 2524
f 2518 2524 2520
f 2520 2524 2521
f 2074 2072 2531
f 2531 2072 2530
f 2466 2132 2133
f 1643 2522 1645
f 1645 2522 2585
f 1645 2585 1647
f 1743 1627 1629
f 42 40 2587
f 2587 40 2588
f 2587 2588 2589
f 2589 2588 2590
f 2589 2590 2591
f 2591 2590 2592
f 2591 2592 2593
f 2593 2592 2594
f 2593 2594 2595
f 2595 2594 2596
f 2595 2596 2597
f 2597 2596 2598
f 2597 2598 2599
f 2599 2598 2600
f 2599 2600 2601
f 2601 2600 2602
f 2601 2602 2603
f 2603 2602 2604
f 2603 2604 2605
f 2605 2604 2606
f 2605 2606 2607
f 2607 2606 2608
f 2607 2608 2609
f 2609 2608 2610
f 2609 2610 2611
f 2611 2610 2612
f 2611 2612 2613
f 2613 2612 2614
f 2613 2614 2615
f 2615 2614 2616
f 2615 2616 2617
f 2617 2616 2618
f 2617 2618 2619
f 2619 2618 2620
f 2619 2620 2621
f 2621 2620 2622
f 2621 2622 2623
f 2623 2622 2624
f 2623 2624 2625
f 2625 2624 2626
f 2625 2626 2627
f 2627 2626 2628
f 2627 2628 2629
f 2629 2628 2630
f 2629 2630 2631
f 2631 2630 2632
f 2631 2632 2633
f 2633 2632 2634
f 2633 2634 2635
f 2635 2634 2636
f 2635 2636 2637
f 2637 2636 2638
f 2637 2638 2639
f 2639 2638 2640
f 2639 2640 2641
f 2641 2640 2642
f 2641 2642 2643
f 2643 2642 2644
f 2643 2644 2645
f 2645 2644 2646
f 2645 2646 2647
f 2647 2646 2648
f 2647 2648 2649
f 2649 2648 2650
f 2649 2650 2651
f 2651 2650 2652
f 2651 2652 2653
f 2653 2652 2654
f 2653 2654 2655
f 2655 2654 1801
f 2655 1801 2656
f 2656 1801 1985
f 2656 1985 2657
f 2657 1985 2658
f 2657 2658 1276
f 1276 2658 1278
f 1985 1278 2658
f 2546 2540 2541
f 95 97 2659
f 2659 97 2660
f 2659 2660 2661
f 2661 2660 2662
f 2661 2662 2663
f 2663 2662 2664
f 2663 2664 2665
f 2665 2664 2666
f 2665 2666 2667
f 2667 2666 2668
f 2667 2668 2669
f 2669 2668 2670
f 2669 2670 2671
f 2671 2670 2672
f 2671 2672 2673
f 2673 2672 2674
f 2673 2674 2675
f 2675 2674 2676
f 2675 2676 2677
f 2677 2676 2678
f 2677 2678 2679
f 2679 2678 1545
f 2679 1545 2539
f 2539 1545 1547
f 1963 2493 1092
f 1092 2493 2109
f 1092 2109 1090
f 2401 2403 2324
f 2324 2403 2405
f 2324 2405 2326
f 2326 2405 2328
f 2528 2534 2526
f 2535 1327 1329
f 1524 1522 1526
f 1526 1522 2680
f 1526 2680 1528
f 1528 2680 2681
f 1528 2681 1530
f 1530 2681 2682
f 1530 2682 1532
f 1532 2682 2683
f 1532 2683 2684
f 2684 2683 2685
f 2684 2685 2686
f 2686 2685 2687
f 2686 2687 2688
f 2688 2687 2689
f 2688 2689 2690
f 2690 2689 2691
f 2690 2691 2692
f 2692 2691 2351
f 2692 2351 2693
f 2693 2351 2353
f 2693 2353 2264
f 2264 2353 2262
f 2072 2070 2360
f 930 2460 932
f 932 2460 934
f 2523 2585 2522
f 2039 2529 2037
f 2037 2529 2527
f 2037 2527 2035
f 2035 2527 2525
f 2035 2525 2033
f 1644 1646 2226
f 2469 2468 2120
f 2120 2468 2333
f 2120 2333 2122
f 2122 2333 2123
f 2657 1276 2694
f 2694 1276 1274
f 2694 1274 2695
f 2695 1274 2696
f 2695 2696 2697
f 2697 2696 2698
f 2697 2698 2699
f 2699 2698 2700
f 2699 2700 2701
f 2701 2700 2702
f 2701 2702 2703
f 2703 2702 2704
f 2703 2704 2705
f 2705 2704 2706
f 2705 2706 2707
f 2707 2706 2708
f 2707 2708 2709
f 2709 2708 2710
f 2709 2710 2645
f 2645 2710 2711
f 2645 2711 2643
f 2643 2711 2712
f 2643 2712 2713
f 2713 2712 2714
f 2713 2714 2715
f 2715 2714 2716
f 2715 2716 2717
f 2717 2716 2718
f 2717 2718 2719
f 2719 2718 2720
f 2719 2720 2721
f 2721 2720 2722
f 2721 2722 1256
f 1256 2722 2723
f 1256 2723 1258
f 1258 2723 2724
f 1258 2724 2725
f 2725 2724 2726
f 2725 2726 2727
f 2727 2726 2716
f 2727 2716 2728
f 2728 2716 2729
f 2728 2729 2730
f 2730 2729 2731
f 2730 2731 2732
f 2732 2731 2733
f 2732 2733 2734
f 2734 2733 2735
f 2734 2735 2736
f 2736 2735 2737
f 2736 2737 2738
f 2738 2737 1268
f 2738 1268 1266
f 1326 2553 1328
f 2149 1875 2136
f 2136 1875 1873
f 2136 1873 2138
f 2138 1873 1871
f 2138 1871 2140
f 2140 1871 2739
f 2140 2739 2142
f 2142 2739 2740
f 2142 2740 2741
f 2741 2740 2742
f 2741 2742 2743
f 2743 2742 1865
f 2743 1865 1863
f 2161 2382 2163
f 2135 2149 2136
f 2375 2377 2443
f 2443 2377 2379
f 2443 2379 2744
f 2744 2379 2380
f 2744 2380 2543
f 2543 2380 2381
f 1742 1623 1625
f 2350 2340 2352
f 2352 2340 2342
f 2352 2342 2344
f 2479 2554 2481
f 2481 2554 2483
f 2082 2477 2084
f 1545 2678 1543
f 1543 2678 2676
f 1543 2676 2674
f 2538 2545 2536
f 2536 2545 2547
f 2536 2547 2066
f 2066 2547 2068
f 1544 1542 2490
f 1632 1630 2519
f 2519 1630 1628
f 2519 1628 2745
f 2745 1628 2746
f 2745 2746 2747
f 2747 2746 2748
f 2747 2748 2749
f 2749 2748 2750
f 2749 2750 2751
f 2751 2750 2752
f 2751 2752 2753
f 2753 2752 2754
f 2753 2754 2755
f 2755 2754 2756
f 2755 2756 2757
f 2757 2756 1620
f 2757 1620 2758
f 2758 1620 1618
f 2758 1618 1616
f 1328 2553 1330
f 921 923 919
f 919 923 2551
f 919 2551 917
f 917 2551 915
f 1893 1895 2470
f 2470 1895 1897
f 2470 1897 2759
f 2759 1897 1899
f 2759 1899 2760
f 2760 1899 1866
f 2760 1866 1868
f 2404 2402 2482
f 2482 2402 2761
f 2482 2761 2480
f 2480 2761 2762
f 2480 2762 2478
f 2478 2762 2390
f 2478 2390 2388
f 2539 2537 2679
f 2679 2537 2763
f 2679 2763 2764
f 2764 2763 2765
f 2764 2765 2766
f 2766 2765 2767
f 2766 2767 2768
f 2768 2767 2062
f 2768 2062 2769
f 2769 2062 2770
f 2769 2770 2771
f 2771 2770 2772
f 2771 2772 2773
f 2773 2772 2774
f 2773 2774 2775
f 2775 2774 2776
f 2775 2776 2777
f 2777 2776 197
f 2777 197 199
f 1902 1901 2778
f 2778 1901 2779
f 2778 2779 2780
f 2780 2779 2781
f 2780 2781 2782
f 2782 2781 2783
f 2782 2783 2784
f 2784 2783 2785
f 2784 2785 2786
f 2786 2785 2787
f 2786 2787 2788
f 2788 2787 2789
f 2788 2789 1919
f 1919 2789 2790
f 1919 2790 1921
f 1921 2790 2791
f 1921 2791 1923
f 1923 2791 2792
f 1923 2792 2793
f 2793 2792 2794
f 2793 2794 1061
f 1061 2794 1063
f 1061 1927 2793
f 2793 1927 1925
f 2793 1925 1923
f 2270 2795 2268
f 2268 2795 2796
f 2268 2796 2266
f 2266 2796 2693
f 2266 2693 2264
f 1274 1272 2696
f 2696 1272 2735
f 2696 2735 2698
f 2698 2735 2733
f 2698 2733 2700
f 2700 2733 2797
f 2700 2797 2798
f 2798 2797 2799
f 2798 2799 2800
f 2800 2799 2710
f 2800 2710 2708
f 2801 2802 2803
f 2803 2802 2804
f 2803 2804 2805
f 2805 2804 2806
f 2805 2806 2807
f 2807 2806 2808
f 2807 2808 2809
f 2809 2808 2810
f 2809 2810 2811
f 2811 2810 2802
f 2811 2802 2812
f 2812 2802 2801
f 2812 2801 2813
f 2813 2801 2814
f 2813 2814 2815
f 2815 2814 2816
f 2815 2816 2817
f 2817 2816 2818
f 2817 2818 2819
f 2819 2818 2820
f 2819 2820 2821
f 2821 2820 2822
f 2821 2822 2823
f 2823 2822 2824
f 2823 2824 2825
f 2825 2824 2826
f 2825 2826 2827
f 2827 2826 2828
f 2827 2828 2829
f 2829 2828 2830
f 2829 2830 2831
f 2831 2830 2832
f 2831 2832 2833
f 2833 2832 2834
f 2833 2834 2835
f 2835 2834 2836
f 2835 2836 2837
f 2837 2836 2838
f 2837 2838 2839
f 2839 2838 2840
f 2839 2840 2841
f 2841 2840 2842
f 2841 2842 2843
f 2843 2842 2844
f 2843 2844 2845
f 2845 2844 2846
f 2845 2846 2847
f 2847 2846 1541
f 2847 1541 2674
f 2674 1541 1543
f 1725 918 916
f 2735 1272 2737
f 2737 1272 1270
f 2737 1270 1268
f 1072 1074 2053
f 1107 1105 1981
f 2132 1619 1621
f 2448 2583 2446
f 2446 2583 2848
f 2446 2848 2444
f 2444 2848 2020
f 2444 2020 2442
f 2442 2020 2438
f 2442 2438 2440
f 2118 2469 2120
f 1064 1066 2127
f 2127 1066 1068
f 2127 1068 1070
f 1650 2430 1648
f 1648 2430 2432
f 1648 2432 2227
f 2067 2069 2849
f 2849 2069 2071
f 2849 2071 2850
f 2850 2071 2851
f 2850 2851 2852
f 2852 2851 2853
f 2852 2853 2854
f 2854 2853 2075
f 2854 2075 2855
f 2855 2075 2077
f 2855 2077 2856
f 2856 2077 2079
f 2856 2079 2857
f 2857 2079 2081
f 2857 2081 2858
f 2858 2081 2859
f 2858 2859 2860
f 2860 2859 2861
f 2860 2861 2862
f 2862 2861 2863
f 2862 2863 2864
f 2864 2863 2865
f 2864 2865 2866
f 2866 2865 2867
f 2866 2867 2868
f 2868 2867 2869
f 2868 2869 2870
f 2870 2869 2871
f 2870 2871 2872
f 2872 2871 2743
f 2872 2743 2873
f 2873 2743 1863
f 2873 1863 1861
f 1960 2574 1958
f 1958 2574 2576
f 1958 2576 1956
f 1956 2576 2578
f 1956 2578 1954
f 1334 1332 2386
f 2386 1332 1330
f 1542 1540 2490
f 2677 2679 2874
f 2874 2679 2764
f 2874 2764 2875
f 2875 2764 2766
f 2875 2766 2876
f 2876 2766 2877
f 2876 2877 2878
f 2878 2877 2667
f 2878 2667 2879
f 2879 2667 2669
f 2879 2669 2880
f 2880 2669 2671
f 2880 2671 2881
f 2881 2671 2673
f 2881 2673 2675
f 2250 2251 2248
f 2248 2251 2253
f 2248 2253 2246
f 2246 2253 2255
f 2246 2255 2244
f 2244 2255 2257
f 2244 2257 2242
f 2242 2257 2240
f 2537 2064 2763
f 2763 2064 2767
f 2763 2767 2765
f 2518 2516 2586
f 2586 2516 2514
f 2586 2514 2584
f 2584 2514 2512
f 2584 2512 2510
f 2730 2732 2882
f 2882 2732 2734
f 2882 2734 2883
f 2883 2734 2736
f 2883 2736 1262
f 1262 2736 2738
f 1262 2738 1264
f 1264 2738 1266
f 2867 2865 2884
f 2884 2865 2863
f 2884 2863 2885
f 2885 2863 2861
f 2885 2861 2148
f 2148 2861 2083
f 2148 2083 2085
f 2394 2392 2399
f 2399 2392 2886
f 2399 2886 2400
f 2400 2886 2887
f 2400 2887 2402
f 2402 2887 2761
f 2754 2752 1624
f 1624 2752 2748
f 1624 2748 1626
f 1626 2748 2746
f 1626 2746 1628
f 1654 1656 2431
f 2431 1656 2888
f 2431 2888 2433
f 2433 2888 2889
f 2433 2889 2327
f 2327 2889 2325
f 2075 2853 2073
f 2073 2853 2851
f 2073 2851 2071
f 1099 1097 1093
f 1093 1097 1095
f 2645 2647 2709
f 2709 2647 2649
f 2709 2649 2707
f 2707 2649 2651
f 2707 2651 2705
f 2705 2651 2653
f 2705 2653 2890
f 2890 2653 2655
f 2890 2655 2891
f 2891 2655 2656
f 2891 2656 2892
f 2892 2656 2657
f 2892 2657 2893
f 2893 2657 2694
f 2893 2694 2699
f 2699 2694 2695
f 2699 2695 2697
f 2812 2813 2894
f 2894 2813 2895
f 2894 2895 2896
f 2896 2895 2897
f 2896 2897 2898
f 2898 2897 2899
f 2898 2899 2900
f 2900 2899 2901
f 2900 2901 2902
f 2902 2901 2903
f 2902 2903 2904
f 2904 2903 2905
f 2904 2905 2906
f 2906 2905 2907
f 2906 2907 2908
f 2908 2907 2835
f 2908 2835 2909
f 2909 2835 2837
f 2909 2837 2910
f 2910 2837 2839
f 2910 2839 2911
f 2911 2839 2841
f 2911 2841 2912
f 2912 2841 2843
f 2912 2843 2913
f 2913 2843 2845
f 2913 2845 2672
f 2672 2845 2914
f 2672 2914 2674
f 2674 2914 2847
f 10 8 2915
f 2915 8 6
f 2915 6 2916
f 2916 6 2057
f 2916 2057 2917
f 2917 2057 2918
f 2917 2918 2919
f 2919 2918 2920
f 2919 2920 2849
f 2849 2920 2065
f 2849 2065 2067
f 1999 2001 2921
f 2921 2001 2922
f 2921 2922 2923
f 2923 2922 2924
f 2923 2924 2925
f 2925 2924 2926
f 2925 2926 2927
f 2927 2926 2928
f 2927 2928 2929
f 2929 2928 2930
f 2929 2930 2931
f 2931 2930 2932
f 2931 2932 2933
f 2933 2932 2934
f 2933 2934 2935
f 2935 2934 2936
f 2935 2936 2937
f 2937 2936 2938
f 2937 2938 2939
f 2939 2938 2940
f 2939 2940 2941
f 2941 2940 2942
f 2941 2942 2943
f 2943 2942 2944
f 2943 2944 2945
f 2945 2944 2946
f 2945 2946 2947
f 2947 2946 2948
f 2947 2948 2949
f 2949 2948 2950
f 2949 2950 1339
f 1339 2950 2951
f 1339 2951 1337
f 1337 2951 2029
f 1337 2029 2952
f 2952 2029 2031
f 2952 2031 1333
f 1333 2031 1331
f 2458 2456 2953
f 2953 2456 1615
f 2953 1615 2954
f 2954 1615 1617
f 2954 1617 2955
f 2955 1617 1619
f 2955 1619 2459
f 2459 1619 2461
f 1092 1965 1963
f 2565 2956 2957
f 2957 2956 2958
f 2957 2958 2959
f 2959 2958 2960
f 2959 2960 2961
f 2961 2960 2962
f 2961 2962 2963
f 2963 2962 2964
f 2963 2964 2965
f 2965 2964 2966
f 2965 2966 2570
f 2570 2966 2967
f 2570 2967 2572
f 2572 2967 2968
f 2572 2968 2573
f 2573 2968 2969
f 2573 2969 2575
f 2575 2969 2970
f 2575 2970 2971
f 2971 2970 1924
f 2971 1924 2579
f 2579 1924 1926
f 2579 1926 1928
f 1541 2846 1539
f 1539 2846 2972
f 1539 2972 2973
f 2973 2972 2974
f 2973 2974 2975
f 2975 2974 2976
f 2975 2976 2977
f 2977 2976 2978
f 2977 2978 2979
f 2979 2978 2838
f 2979 2838 2980
f 2980 2838 2836
f 2980 2836 2981
f 2981 2836 2834
f 2981 2834 2982
f 2982 2834 2832
f 2982 2832 2983
f 2983 2832 2830
f 2983 2830 2984
f 2984 2830 2985
f 2984 2985 2986
f 2986 2985 2987
f 2986 2987 2988
f 2988 2987 2989
f 2988 2989 2990
f 2990 2989 2991
f 2990 2991 2992
f 2992 2991 2993
f 2992 2993 2994
f 2994 2993 1529
f 2994 1529 1531
f 2470 2759 1872
f 1872 2759 2760
f 1872 2760 1868
f 2350 2338 2340
f 2272 2995 2795
f 2795 2995 2690
f 2795 2690 2796
f 2796 2690 2692
f 2796 2692 2693
f 1104 1106 2996
f 2996 1106 2497
f 2996 2497 2997
f 2997 2497 2562
f 2997 2562 1102
f 1102 2562 2564
f 1102 2564 1100
f 2392 2390 2886
f 2886 2390 2762
f 2886 2762 2887
f 2887 2762 2761
f 2324 2322 2401
f 2878 2880 2998
f 2998 2880 2881
f 2998 2881 2999
f 2999 2881 2677
f 2999 2677 2874
f 2874 2875 2999
f 2999 2875 2876
f 2999 2876 3000
f 3000 2876 2878
f 3000 2878 2998
f 2881 2675 2677
f 2914 2845 2847
f 1067 1065 3001
f 3001 1065 3002
f 3001 3002 3003
f 3003 3002 1063
f 3003 1063 3004
f 3004 1063 2794
f 3004 2794 3005
f 3005 2794 2792
f 3005 2792 2791
f 1065 1063 3002
f 2519 2745 2517
f 2517 2745 3006
f 2517 3006 2515
f 2515 3006 3007
f 2515 3007 2513
f 2513 3007 3008
f 2513 3008 3009
f 3009 3008 3010
f 3009 3010 3011
f 3011 3010 3012
f 3011 3012 2511
f 2511 3012 2507
f 2511 2507 2509
f 2062 2767 2064
f 2418 2420 2416
f 2416 2420 2544
f 2416 2544 2414
f 2414 2544 2412
f 2024 2022 3013
f 3013 2022 2848
f 3013 2848 2582
f 2582 2848 2583
f 1963 1961 2492
f 2492 1961 1959
f 2492 1959 1957
f 2297 3014 3015
f 3015 3014 3016
f 3015 3016 3017
f 3017 3016 3018
f 3017 3018 3019
f 3019 3018 3020
f 3019 3020 3021
f 3021 3020 3022
f 3021 3022 3023
f 3023 3022 3024
f 3023 3024 3025
f 3025 3024 3026
f 3025 3026 3027
f 3027 3026 3028
f 3027 3028 3029
f 3029 3028 3030
f 3029 3030 3031
f 3031 3030 3032
f 3031 3032 3033
f 3033 3032 3034
f 3033 3034 3035
f 3035 3034 2313
f 3035 2313 3036
f 3036 2313 3037
f 3036 3037 3038
f 3038 3037 3039
f 3038 3039 3040
f 3040 3039 3041
f 3040 3041 3042
f 3042 3041 3043
f 3042 3043 3044
f 3044 3043 3045
f 3044 3045 3046
f 3046 3045 3047
f 3046 3047 3048
f 3048 3047 3049
f 3048 3049 3050
f 3050 3049 3051
f 3050 3051 3052
f 3052 3051 3053
f 3052 3053 2889
f 2889 3053 2323
f 2889 2323 2325
f 1786 2117 1788
f 1788 2117 3054
f 1788 3054 1790
f 1790 3054 3055
f 1790 3055 1792
f 1792 3055 3056
f 1792 3056 3057
f 3057 3056 2121
f 3057 2121 1800
f 1800 2121 1802
f 2443 2744 2445
f 2445 2744 2543
f 2779 2247 2781
f 2781 2247 2245
f 2781 2245 1076
f 1076 2245 2552
f 1076 2552 1074
f 2413 2162 3058
f 3058 2162 2164
f 3058 2164 3059
f 3059 2164 2166
f 3059 2166 3060
f 3060 2166 2168
f 3060 2168 2170
f 12 3061 3062
f 3062 3061 3063
f 3062 3063 3064
f 3064 3063 3065
f 3064 3065 3066
f 3066 3065 3067
f 3066 3067 2852
f 2852 3067 3068
f 2852 3068 2850
f 2850 3068 2919
f 2850 2919 2849
f 1075 1073 1077
f 1077 1073 1071
f 2999 3000 2998
f 2059 2061 2920
f 2920 2061 2063
f 2920 2063 2065
f 2575 2971 2577
f 2577 2971 2579
f 2145 2147 2141
f 2141 2147 2137
f 2141 2137 2139
f 1510 1509 3069
f 3069 1509 1507
f 3069 1507 3070
f 3070 1507 3071
f 3070 3071 3072
f 3072 3071 3073
f 3072 3073 3074
f 3074 3073 2349
f 3074 2349 2351
f 2351 2691 3074
f 3074 2691 2689
f 3074 2689 3072
f 3072 2689 2687
f 3072 2687 3070
f 3070 2687 3075
f 3070 3075 3069
f 3069 3075 3076
f 3069 3076 1510
f 1510 3076 3077
f 1510 3077 1512
f 1512 3077 3078
f 1512 3078 3079
f 3079 3078 1518
f 3079 1518 1516
f 1724 1783 1723
f 2976 2974 2844
f 2844 2974 2972
f 2844 2972 2846
f 2703 2892 2701
f 2701 2892 2893
f 2701 2893 2699
f 1900 1898 2249
f 2249 1898 1896
f 2249 1896 1894
f 2322 2320 2401
f 2756 2754 1620
f 1620 2754 1624
f 1620 1624 1622
f 1498 1501 1499
f 2584 2510 1649
f 1649 2510 2508
f 1649 2508 1651
f 1651 2508 2506
f 1651 2506 2504
f 2913 2672 2912
f 2912 2672 2670
f 2912 2670 3080
f 3080 2670 3081
f 3080 3081 3082
f 3082 3081 3083
f 3082 3083 3084
f 3084 3083 3085
f 3084 3085 3086
f 3086 3085 3087
f 3086 3087 3088
f 3088 3087 2664
f 3088 2664 3089
f 3089 2664 2662
f 3089 2662 3090
f 3090 2662 3091
f 3090 3091 3092
f 3092 3091 3093
f 3092 3093 3094
f 3094 3093 3095
f 3094 3095 3096
f 3096 3095 3097
f 3096 3097 3098
f 3098 3097 3099
f 3098 3099 3100
f 3100 3099 3101
f 3100 3101 3102
f 3102 3101 3103
f 3102 3103 3104
f 3104 3103 3105
f 3104 3105 3106
f 3106 3105 3107
f 3106 3107 3108
f 3108 3107 3109
f 3108 3109 3082
f 3082 3109 3110
f 3082 3110 3080
f 3080 3110 2911
f 3080 2911 2912
f 2790 3003 2791
f 2791 3003 3004
f 2791 3004 3005
f 925 2551 923
f 2026 2024 2580
f 2580 2024 3013
f 2580 3013 2581
f 2581 3013 2582
f 2766 2768 2877
f 2877 2768 3111
f 2877 3111 3112
f 3112 3111 2771
f 3112 2771 2773
f 2861 2859 2083
f 2083 2859 2081
f 2270 2272 2795
f 1690 1692 3113
f 3113 1692 3114
f 3113 3114 3115
f 3115 3114 3116
f 3115 3116 3117
f 3117 3116 3118
f 3117 3118 3119
f 3119 3118 3120
f 3119 3120 3121
f 3121 3120 3122
f 3121 3122 3123
f 3123 3122 3124
f 3123 3124 3125
f 3125 3124 3126
f 3125 3126 3127
f 3127 3126 3128
f 3127 3128 3129
f 3129 3128 3130
f 3129 3130 3131
f 3131 3130 3132
f 3131 3132 3133
f 3133 3132 3134
f 3133 3134 3135
f 3135 3134 3136
f 3135 3136 3137
f 3137 3136 3138
f 3137 3138 3139
f 3139 3138 3140
f 3139 3140 3141
f 3141 3140 3142
f 3141 3142 3143
f 3143 3142 3144
f 3143 3144 3145
f 3145 3144 3146
f 3145 3146 3147
f 3147 3146 3148
f 3147 3148 3149
f 3149 3148 3150
f 3149 3150 3151
f 3151 3150 3152
f 3151 3152 3153
f 3153 3152 3154
f 3153 3154 3155
f 3155 3154 3156
f 3155 3156 3157
f 3157 3156 3158
f 3157 3158 3159
f 3159 3158 3160
f 3159 3160 3161
f 3161 3160 3162
f 3161 3162 3163
f 3163 3162 3164
f 3163 3164 3165
f 3165 3164 3166
f 3165 3166 3167
f 3167 3166 3168
f 3167 3168 3169
f 3169 3168 3170
f 3169 3170 3171
f 3171 3170 3172
f 3171 3172 3173
f 3173 3172 3174
f 3173 3174 3175
f 3175 3174 3176
f 3175 3176 3177
f 3177 3176 3178
f 3177 3178 3179
f 3179 3178 3180
f 3179 3180 3181
f 3181 3180 3182
f 3181 3182 3183
f 3183 3182 3184
f 3183 3184 3185
f 3185 3184 3186
f 3185 3186 3187
f 3187 3186 3188
f 3187 3188 3189
f 3189 3188 3190
f 3189 3190 3191
f 3191 3190 3192
f 3191 3192 3193
f 3193 3192 3194
f 3193 3194 3195
f 3195 3194 3196
f 3195 3196 3197
f 3197 3196 3198
f 3197 3198 3199
f 3199 3198 3200
f 3199 3200 3201
f 3201 3200 3202
f 3201 3202 3203
f 3203 3202 3204
f 3203 3204 3205
f 3205 3204 3206
f 3205 3206 3207
f 3207 3206 3208
f 3207 3208 3209
f 3209 3208 1791
f 3209 1791 3210
f 3210 1791 1793
f 3210 1793 3211
f 3211 1793 1795
f 3211 1795 2652
f 2652 1795 1797
f 2652 1797 3212
f 3212 1797 1799
f 3212 1799 2654
f 2654 1799 1801
f 2458 2953 2459
f 2459 2953 2954
f 2459 2954 2955
f 2457 930 3213
f 3213 930 928
f 3213 928 2455
f 2455 928 926
f 2455 926 2453
f 2453 926 3214
f 2453 3214 2451
f 2451 3214 1718
f 2032 2030 2580
f 2580 2030 2028
f 2580 2028 2026
f 2988 2990 3215
f 3215 2990 3216
f 3215 3216 3217
f 3217 3216 3218
f 3217 3218 3219
f 3219 3218 3220
f 3219 3220 2977
f 2977 3220 3221
f 2977 3221 2975
f 2975 3221 3222
f 2975 3222 2973
f 2973 3222 1537
f 2973 1537 1539
f 1337 2952 1335
f 1335 2952 1333
f 927 929 925
f 2783 1076 2785
f 2785 1076 1069
f 2785 1069 2787
f 2787 1069 1067
f 2787 1067 2789
f 2789 1067 3001
f 2789 3001 3003
f 2790 2789 3003
f 2114 2113 2115
f 1868 1870 1872
f 2996 2997 1104
f 2997 1102 1104
f 2121 3056 2119
f 2119 3056 3055
f 2119 3055 3054
f 2569 1962 3223
f 3223 1962 1964
f 3223 1964 1096
f 1096 1964 1966
f 1096 1966 1094
f 2867 2884 2146
f 2146 2884 2885
f 2146 2885 2148
f 2768 2769 3111
f 2745 2747 3224
f 3224 2747 3225
f 3224 3225 3226
f 3226 3225 3227
f 3226 3227 3228
f 3228 3227 3229
f 3228 3229 3230
f 3230 3229 2751
f 3230 2751 3231
f 3231 2751 3232
f 3231 3232 3233
f 3233 3232 3234
f 3233 3234 3235
f 3235 3234 3236
f 3235 3236 3237
f 3237 3236 3238
f 3237 3238 3239
f 3239 3238 3240
f 3239 3240 3241
f 3241 3240 3242
f 3241 3242 3243
f 3243 3242 3244
f 3243 3244 3245
f 3245 3244 3246
f 3245 3246 3247
f 3247 3246 3248
f 3247 3248 3249
f 3249 3248 3250
f 3249 3250 3251
f 3251 3250 3252
f 3251 3252 3253
f 3253 3252 3254
f 3253 3254 3255
f 3255 3254 3012
f 3255 3012 3256
f 3256 3012 3257
f 3256 3257 3258
f 3258 3257 3259
f 3258 3259 3260
f 3260 3259 3261
f 3260 3261 3262
f 3262 3261 3008
f 3262 3008 3007
f 3226 3228 3263
f 3263 3228 3264
f 3263 3264 3265
f 3265 3264 3266
f 3265 3266 3263
f 3263 3266 3006
f 3263 3006 3224
f 3224 3006 2745
f 1800 1798 3057
f 3057 1798 1794
f 3057 1794 1792
f 2840 2978 2842
f 2842 2978 2976
f 2842 2976 2844
f 2880 2878 2879
f 2308 3267 3268
f 3268 3267 3269
f 3268 3269 3270
f 3270 3269 3271
f 3270 3271 3272
f 3272 3271 3273
f 3272 3273 3274
f 3274 3273 3275
f 3274 3275 3276
f 3276 3275 3277
f 3276 3277 3278
f 3278 3277 3279
f 3278 3279 3280
f 3280 3279 3281
f 3280 3281 3282
f 3282 3281 3283
f 3282 3283 3284
f 3284 3283 2387
f 3284 2387 2389
f 3278 3280 3285
f 3285 3280 3282
f 3285 3282 2391
f 2391 3282 3284
f 2391 3284 2389
f 1257 1259 1500
f 1500 1259 1261
f 1500 1261 1263
f 2415 2413 3286
f 3286 2413 3058
f 3286 3058 2556
f 2556 3058 3059
f 2556 3059 2170
f 2170 3059 3060
f 2742 2740 1869
f 1869 2740 2739
f 1869 2739 1871
f 3046 3048 1662
f 1662 3048 3287
f 1662 3287 1660
f 1660 3287 3050
f 1660 3050 1658
f 1658 3050 3052
f 1658 3052 2888
f 2888 3052 2889
f 2119 3054 2117
f 1534 2684 1536
f 1536 2684 2686
f 1536 2686 2995
f 2995 2686 2688
f 2995 2688 2690
f 1344 1342 3288
f 3288 1342 1340
f 3288 1340 3289
f 3289 1340 1338
f 3289 1338 3290
f 3290 1338 1336
f 3290 1336 3291
f 3291 1336 2385
f 3291 2385 3283
f 3283 2385 2387
f 2020 2848 2022
f 3071 1505 3073
f 3073 1505 2337
f 3073 2337 2349
f 3043 3041 3292
f 3292 3041 3293
f 3292 3293 3051
f 3051 3293 2319
f 3051 2319 3053
f 3053 2319 2321
f 3053 2321 2323
f 1852 1854 3294
f 3294 1854 3295
f 3294 3295 3296
f 3296 3295 3297
f 3296 3297 3298
f 3298 3297 3299
f 3298 3299 3300
f 3300 3299 3301
f 3300 3301 3302
f 3302 3301 3303
f 3302 3303 3304
f 3304 3303 3305
f 3304 3305 3306
f 3306 3305 3307
f 3306 3307 3308
f 3308 3307 3309
f 3308 3309 3310
f 3310 3309 3311
f 3310 3311 3312
f 3312 3311 3313
f 3312 3313 3314
f 3314 3313 3315
f 3314 3315 3316
f 3316 3315 3317
f 3316 3317 3318
f 3318 3317 3319
f 3318 3319 3320
f 3320 3319 3321
f 3320 3321 3322
f 3322 3321 1920
f 3322 1920 3323
f 3323 1920 1922
f 3323 1922 2970
f 2970 1922 1924
f 2752 2750 2748
f 2057 2059 2918
f 2918 2059 2920
f 2664 3087 2666
f 2666 3087 3324
f 2666 3324 2668
f 2668 3324 3081
f 2668 3081 2670
f 1866 1899 1864
f 2667 2877 3325
f 3325 2877 3112
f 3325 3112 3326
f 3326 3112 2773
f 3326 2773 3327
f 3327 2773 2775
f 3327 2775 3328
f 3328 2775 2777
f 3328 2777 3329
f 3329 2777 199
f 3329 199 201
f 1650 1652 2430
f 2272 1536 2995
f 2776 2774 3330
f 3330 2774 2772
f 3330 2772 3331
f 3331 2772 2770
f 3331 2770 2060
f 2060 2770 2062
f 1861 1859 2873
f 2873 1859 3332
f 2873 3332 2872
f 2872 3332 3333
f 2872 3333 2870
f 2870 3333 3334
f 2870 3334 3335
f 3335 3334 3336
f 3335 3336 3337
f 3337 3336 26
f 3337 26 3338
f 3338 26 24
f 3338 24 3339
f 3339 24 22
f 3339 22 3340
f 3340 22 3341
f 3340 3341 3342
f 3342 3341 3343
f 3342 3343 3344
f 3344 3343 3345
f 3344 3345 3346
f 3346 3345 3062
f 3346 3062 3347
f 3347 3062 3064
f 3347 3064 3348
f 3348 3064 3066
f 3348 3066 2854
f 2854 3066 2852
f 2854 2855 3348
f 3348 2855 3349
f 3348 3349 3347
f 3347 3349 3350
f 3347 3350 3346
f 3346 3350 3349
f 3346 3349 3351
f 3351 3349 2855
f 3351 2855 3352
f 3352 2855 2856
f 3352 2856 3353
f 3353 2856 2857
f 3353 2857 3354
f 3354 2857 3355
f 3354 3355 3356
f 3356 3355 3357
f 3356 3357 3358
f 3358 3357 2864
f 3358 2864 2866
f 2562 2497 2560
f 2560 2497 2495
f 2560 2495 2419
f 2419 2495 2421
f 3272 3274 3270
f 3270 3274 3359
f 3270 3359 3360
f 3360 3359 3278
f 3360 3278 2393
f 2393 3278 3285
f 2393 3285 2391
f 2890 2891 2705
f 2705 2891 2892
f 2705 2892 2703
f 3223 1096 2567
f 2567 1096 1098
f 2567 1098 1100
f 1262 1260 2883
f 2883 1260 2725
f 2883 2725 2882
f 2882 2725 2727
f 2882 2727 2728
f 3225 2747 3229
f 3229 2747 2749
f 3229 2749 2751
f 2771 3111 2769
f 1900 2249 1901
f 1901 2249 2247
f 1901 2247 2779
f 2919 3068 2917
f 2917 3068 3067
f 2917 3067 2916
f 2916 3067 3361
f 2916 3361 3362
f 3362 3361 10
f 3362 10 2915
f 2394 2399 2396
f 2396 2399 2398
f 2396 2398 2397
f 2906 2908 3363
f 3363 2908 2909
f 3363 2909 3364
f 3364 2909 2910
f 3364 2910 3110
f 3110 2910 2911
f 2781 1076 2783
f 3213 2455 2457
f 2141 2143 2145
f 3283 3281 3291
f 3291 3281 3275
f 3291 3275 3365
f 3365 3275 3273
f 3365 3273 3366
f 3366 3273 3367
f 3366 3367 3368
f 3368 3367 3369
f 3368 3369 3370
f 3370 3369 3371
f 3370 3371 3372
f 3372 3371 3373
f 3372 3373 3374
f 3374 3373 3375
f 3374 3375 3376
f 3376 3375 3377
f 3376 3377 3378
f 3378 3377 3379
f 3378 3379 3380
f 3380 3379 1356
f 3380 1356 1354
f 2860 2862 3381
f 3381 2862 2864
f 3381 2864 3382
f 3382 2864 3357
f 3382 3357 3383
f 3383 3357 3355
f 3383 3355 2858
f 2858 3355 2857
f 2858 2860 3383
f 3383 2860 3381
f 3383 3381 3382
f 1865 2742 1867
f 1867 2742 1869
f 1656 1658 2888
f 3216 2992 3384
f 3384 2992 3385
f 3384 3385 3221
f 3221 3385 1533
f 3221 1533 3222
f 3222 1533 1535
f 3222 1535 1537
f 2661 2663 3386
f 3386 2663 2665
f 3386 2665 3325
f 3325 2665 2667
f 3263 3224 3226
f 2377 2378 2379
f 3268 3270 3387
f 3387 3270 3360
f 3387 3360 2395
f 2395 3360 2393
f 2316 2320 2318
f 1681 1680 3388
f 3388 1680 3389
f 3388 3389 3390
f 3390 3389 3391
f 3390 3391 1685
f 1685 3391 3392
f 1685 3392 3393
f 3393 3392 3394
f 3393 3394 3395
f 3395 3394 3396
f 3395 3396 3397
f 3397 3396 3242
f 3397 3242 3398
f 3398 3242 3240
f 3398 3240 3399
f 3399 3240 3400
f 3399 3400 3401
f 3401 3400 3402
f 3401 3402 3403
f 3403 3402 3404
f 3403 3404 3405
f 3405 3404 3406
f 3405 3406 3407
f 3407 3406 3408
f 3407 3408 3409
f 3409 3408 3410
f 3409 3410 3411
f 3411 3410 3412
f 3411 3412 3413
f 3413 3412 3234
f 3413 3234 3414
f 3414 3234 3232
f 3414 3232 3415
f 3415 3232 2755
f 3415 2755 1614
f 1614 2755 2757
f 1614 2757 1616
f 1616 2757 2758
f 3243 3245 3416
f 3416 3245 3417
f 3416 3417 3418
f 3418 3417 3419
f 3418 3419 3420
f 3420 3419 3421
f 3420 3421 3264
f 3264 3421 3422
f 3264 3422 3423
f 3423 3422 3007
f 3423 3007 3006
f 3006 3266 3423
f 2142 2869 2144
f 2144 2869 2867
f 2144 2867 2146
f 2417 2415 2556
f 2556 2415 3286
f 3087 3085 3324
f 3324 3085 3083
f 3324 3083 3081
f 1794 1798 1796
f 2513 3009 2511
f 2978 2840 2838
f 2743 2871 2741
f 2741 2871 2869
f 2741 2869 2142
f 2942 2940 3424
f 3424 2940 3425
f 3424 3425 3426
f 3426 3425 3427
f 3426 3427 3428
f 3428 3427 3429
f 3428 3429 3430
f 3430 3429 3431
f 3430 3431 3432
f 3432 3431 3433
f 3432 3433 3434
f 3434 3433 2027
f 3434 2027 2951
f 2951 2027 2029
f 2654 2652 3212
f 1243 1245 1508
f 1508 1245 3435
f 1508 3435 1506
f 1506 3435 3436
f 1506 3436 1504
f 1504 3436 3437
f 1504 3437 1502
f 1502 3437 1500
f 1247 3438 3435
f 3435 3438 1253
f 3435 1253 3436
f 3436 1253 1255
f 3436 1255 3437
f 3437 1255 1257
f 3437 1257 1500
f 3277 3275 3279
f 3279 3275 3281
f 2812 2894 3439
f 3439 2894 2896
f 3439 2896 3440
f 3440 2896 2898
f 3440 2898 3441
f 3441 2898 2900
f 3441 2900 3442
f 3442 2900 2902
f 3442 2902 3443
f 3443 2902 2904
f 3443 2904 3103
f 3103 2904 2906
f 3103 2906 3105
f 3105 2906 3363
f 3105 3363 3107
f 3107 3363 3364
f 3107 3364 3109
f 3109 3364 3110
f 1960 1962 2571
f 2571 1962 2569
f 3325 3326 3386
f 3386 3326 3327
f 3386 3327 3444
f 3444 3327 3328
f 3444 3328 3445
f 3445 3328 3329
f 3445 3329 3446
f 3446 3329 91
f 3446 91 93
f 3255 3256 3447
f 3447 3256 3258
f 3447 3258 3419
f 3419 3258 3260
f 3419 3260 3421
f 3421 3260 3262
f 3421 3262 3422
f 3422 3262 3007
f 3278 3359 3276
f 2443 2441 2375
f 2375 2441 2439
f 2375 2439 2373
f 2373 2439 2016
f 2373 2016 2014
f 2710 2799 2731
f 2731 2799 2797
f 2731 2797 2733
f 3290 3291 3448
f 3448 3291 3365
f 3448 3365 3449
f 3449 3365 3366
f 3449 3366 3450
f 3450 3366 3368
f 3450 3368 3451
f 3451 3368 3370
f 3451 3370 3452
f 3452 3370 3372
f 3452 3372 3374
f 3106 3453 3454
f 3454 3453 3455
f 3454 3455 3456
f 3456 3455 3457
f 3456 3457 3458
f 3458 3457 3108
f 3458 3108 3086
f 3086 3108 3082
f 3086 3082 3084
f 3232 2751 2755
f 2755 2751 2753
f 3227 3225 3229
f 922 1720 924
f 924 1720 3214
f 924 3214 926
f 1260 1258 2725
f 1615 2456 3459
f 3459 2456 2454
f 3459 2454 3460
f 3460 2454 2452
f 3460 2452 3461
f 3461 2452 3462
f 3461 3462 1605
f 1605 3462 1712
f 1605 1712 1603
f 12 10 3061
f 3061 10 3361
f 3061 3361 3463
f 3463 3361 3067
f 3463 3067 3065
f 197 2776 192
f 192 2776 3330
f 192 3330 2
f 2 3330 3464
f 2 3464 4
f 4 3464 3331
f 4 3331 2058
f 2058 3331 2060
f 2706 2704 3465
f 3465 2704 2702
f 3465 2702 2700
f 2700 2798 3465
f 3465 2798 2800
f 3465 2800 2708
f 2184 3466 3467
f 3467 3466 3468
f 3467 3468 3469
f 3469 3468 3470
f 3469 3470 2960
f 2960 3470 3471
f 2960 3471 2962
f 2962 3471 3472
f 2962 3472 3473
f 3473 3472 3474
f 3473 3474 3475
f 3475 3474 3476
f 3475 3476 3477
f 3477 3476 3478
f 3477 3478 3479
f 3479 3478 3480
f 3479 3480 2969
f 2969 3480 3323
f 2969 3323 2970
f 1711 1713 3481
f 3481 1713 1715
f 3481 1715 3482
f 3482 1715 3483
f 3482 3483 3484
f 3484 3483 3485
f 3484 3485 3486
f 3486 3485 3487
f 3486 3487 3488
f 3488 3487 1721
f 3488 1721 3489
f 3489 1721 1722
f 3489 1722 1785
f 3266 3264 3423
f 3351 3352 3490
f 3490 3352 3353
f 3490 3353 3491
f 3491 3353 3354
f 3491 3354 3492
f 3492 3354 3356
f 3492 3356 3493
f 3493 3356 3358
f 3493 3358 3494
f 3494 3358 2866
f 3494 2866 3495
f 3495 2866 2868
f 3495 2868 3335
f 3335 2868 2870
f 1534 1532 2684
f 3449 3496 3448
f 3448 3496 3289
f 3448 3289 3290
f 2319 3293 2317
f 2317 3293 3041
f 2317 3041 3039
f 3086 3088 3458
f 3458 3088 3089
f 3458 3089 3456
f 3456 3089 3497
f 3456 3497 3454
f 3454 3497 3096
f 3454 3096 3098
f 3276 3359 3274
f 2567 2569 3223
f 2438 2020 2437
f 2308 3387 2310
f 2310 3387 2395
f 2310 2395 2312
f 2502 2500 3498
f 3498 2500 1653
f 3498 1653 2502
f 2502 1653 1651
f 2502 1651 2504
f 3078 3077 3499
f 3499 3077 3076
f 3499 3076 2685
f 2685 3076 3075
f 2685 3075 2687
f 1507 1505 3071
f 2977 2979 3219
f 3219 2979 2980
f 3219 2980 2981
f 3221 3220 3384
f 3384 3220 3218
f 3384 3218 3216
f 3061 3463 3063
f 3063 3463 3065
f 2946 2942 3500
f 3500 2942 3501
f 3500 3501 2948
f 2948 3501 3432
f 2948 3432 2950
f 2950 3432 3434
f 2950 3434 2951
f 3257 3010 3259
f 3259 3010 3008
f 3259 3008 3261
f 3457 3455 3108
f 3108 3455 3453
f 3108 3453 3106
f 3339 3340 3502
f 3502 3340 3342
f 3502 3342 3503
f 3503 3342 3504
f 3503 3504 3490
f 3490 3504 3346
f 3490 3346 3351
f 2992 2994 3385
f 3385 2994 1531
f 3385 1531 1533
f 2932 3505 3506
f 3506 3505 3507
f 3506 3507 3508
f 3508 3507 3509
f 3508 3509 3510
f 3510 3509 3511
f 3510 3511 3512
f 3512 3511 3513
f 3512 3513 3514
f 3514 3513 3515
f 3514 3515 3516
f 3516 3515 2025
f 3516 2025 3517
f 3517 2025 2027
f 3517 2027 3433
f 3009 3011 2511
f 2882 2728 2730
f 1720 1718 3214
f 3331 3464 3330
f 93 95 3446
f 3446 95 2659
f 3446 2659 3444
f 3444 2659 2661
f 3444 2661 3386
f 3387 2308 3268
f 3204 3518 3206
f 3206 3518 3519
f 3206 3519 3520
f 3520 3519 3488
f 3520 3488 3521
f 3521 3488 3489
f 3521 3489 1785
f 1789 3520 1787
f 1787 3520 3521
f 1787 3521 1785
f 2706 3465 2708
f 2620 2618 2622
f 2622 2618 3522
f 2622 3522 2624
f 2624 3522 3523
f 2624 3523 2626
f 2626 3523 3524
f 2626 3524 2628
f 2628 3524 3525
f 2628 3525 3526
f 3526 3525 3527
f 3526 3527 3528
f 3528 3527 3529
f 3528 3529 3530
f 3530 3529 3531
f 3530 3531 3532
f 3532 3531 3533
f 3532 3533 3534
f 3534 3533 3535
f 3534 3535 3536
f 3536 3535 3537
f 3536 3537 3538
f 3538 3537 3539
f 3538 3539 3540
f 3540 3539 3541
f 3540 3541 3542
f 3542 3541 3543
f 3542 3543 2648
f 2648 3543 3544
f 2648 3544 2650
f 2650 3544 3545
f 2650 3545 3546
f 3546 3545 3211
f 3546 3211 2652
f 3546 2652 2650
f 1913 2786 1915
f 1915 2786 2788
f 1915 2788 1919
f 3051 3049 3292
f 3292 3049 3047
f 3292 3047 3045
f 1339 1341 2949
f 2949 1341 3547
f 2949 3547 2947
f 2947 3547 3548
f 2947 3548 2945
f 2945 3548 3549
f 2945 3549 3550
f 3550 3549 3551
f 3550 3551 3552
f 3552 3551 3553
f 3552 3553 3554
f 3554 3553 3555
f 3554 3555 3556
f 3556 3555 3557
f 3556 3557 3558
f 3558 3557 3559
f 3558 3559 3560
f 3560 3559 3561
f 3560 3561 3562
f 3562 3561 3563
f 3562 3563 3564
f 3564 3563 3565
f 3564 3565 3566
f 3566 3565 3567
f 3566 3567 3568
f 3568 3567 3569
f 3568 3569 3570
f 3570 3569 3571
f 3570 3571 3572
f 3572 3571 3573
f 3572 3573 3574
f 3574 3573 3575
f 3574 3575 3576
f 3576 3575 3577
f 3576 3577 3578
f 3578 3577 3579
f 3578 3579 3576
f 3576 3579 3580
f 3576 3580 3581
f 3581 3580 3572
f 3581 3572 3574
f 3362 2915 2916
f 3380 3582 3378
f 3378 3582 3583
f 3378 3583 3374
f 3374 3583 3584
f 3374 3584 3452
f 3452 3584 3585
f 3452 3585 3451
f 3451 3585 1344
f 3451 1344 3496
f 3496 1344 3288
f 3496 3288 3289
f 1611 1613 3586
f 3586 1613 1615
f 3586 1615 3460
f 3460 1615 3459
f 2371 2173 2372
f 2372 2173 2171
f 2372 2171 2374
f 2374 2171 2169
f 2374 2169 2376
f 3273 3271 3367
f 3367 3271 3587
f 3367 3587 3588
f 3588 3587 3589
f 3588 3589 3590
f 3590 3589 3591
f 3590 3591 3592
f 3592 3591 3593
f 3592 3593 3594
f 3594 3593 3595
f 3594 3595 3596
f 3596 3595 3597
f 3596 3597 3598
f 3598 3597 3599
f 3598 3599 3600
f 3600 3599 2298
f 3600 2298 2296
f 2023 2025 3601
f 3601 2025 3515
f 3601 3515 3602
f 3602 3515 3513
f 3602 3513 3603
f 3603 3513 3511
f 3603 3511 3604
f 3604 3511 3509
f 3604 3509 3605
f 3605 3509 3606
f 3605 3606 3607
f 3607 3606 3608
f 3607 3608 3609
f 3609 3608 2928
f 3609 2928 2926
f 2924 2922 3610
f 3610 2922 3611
f 3610 3611 3612
f 3612 3611 3613
f 3612 3613 3614
f 3614 3613 3615
f 3614 3615 3616
f 3616 3615 2009
f 3616 2009 3617
f 3617 2009 2011
f 3617 2011 3618
f 3618 2011 2013
f 3618 2013 3619
f 3619 2013 2015
f 3619 2015 3620
f 3620 2015 3621
f 3620 3621 3622
f 3622 3621 3623
f 3622 3623 3601
f 3601 3623 2021
f 3601 2021 2023
f 3490 3491 3503
f 3503 3491 3492
f 3503 3492 3493
f 2317 3039 2315
f 2315 3039 3037
f 2315 3037 2313
f 3089 3090 3497
f 3497 3090 3092
f 3497 3092 3094
f 3098 3102 3454
f 3454 3102 3104
f 3454 3104 3624
f 3624 3104 3106
f 3624 3106 3454
f 3264 3228 3625
f 3625 3228 3230
f 3625 3230 3626
f 3626 3230 3233
f 3626 3233 3627
f 3627 3233 3235
f 3627 3235 3237
f 3627 3628 3626
f 3626 3628 3629
f 3626 3629 3625
f 3625 3629 3420
f 3625 3420 3264
f 1915 1919 1917
f 2984 3630 2983
f 2983 3630 3217
f 2983 3217 2982
f 2982 3217 3219
f 2982 3219 2981
f 3391 3389 3631
f 3631 3389 3632
f 3631 3632 3633
f 3633 3632 3634
f 3633 3634 3635
f 3635 3634 3636
f 3635 3636 3637
f 3637 3636 3638
f 3637 3638 3250
f 3250 3638 3639
f 3250 3639 3640
f 3640 3639 3641
f 3640 3641 3642
f 3642 3641 3643
f 3642 3643 3644
f 3644 3643 3645
f 3644 3645 2501
f 2501 3645 1661
f 2501 1661 2499
f 2499 1661 3646
f 2499 3646 1655
f 1655 3646 1657
f 2825 2827 3647
f 3647 2827 2829
f 3647 2829 3648
f 3648 2829 2831
f 3648 2831 2907
f 2907 2831 2833
f 2907 2833 2835
f 3451 3496 3450
f 3450 3496 3449
f 2507 3012 2505
f 2505 3012 3254
f 2505 3254 3649
f 3649 3254 3642
f 3649 3642 3644
f 3467 3469 3650
f 3650 3469 2958
f 3650 2958 3651
f 3651 2958 2956
f 3651 2956 3652
f 3652 2956 3653
f 3652 3653 3654
f 3654 3653 3655
f 3654 3655 3656
f 3656 3655 3657
f 3656 3657 3658
f 3658 3657 2557
f 3658 2557 3659
f 3659 2557 2555
f 3659 2555 2172
f 2172 2555 2170
f 2956 2563 3653
f 3653 2563 2561
f 3653 2561 3655
f 3655 2561 2559
f 3655 2559 3657
f 3657 2559 2558
f 3657 2558 2557
f 1520 1518 3660
f 3660 1518 3078
f 3660 3078 3661
f 3661 3078 3499
f 3661 3499 2682
f 2682 3499 2685
f 2682 2685 2683
f 3048 3050 3287
f 2015 2017 3621
f 3621 2017 2019
f 3621 2019 3623
f 3623 2019 2021
f 1657 3646 1659
f 2308 2306 3267
f 3267 2306 3662
f 3267 3662 3269
f 3269 3662 3587
f 3269 3587 3271
f 2206 2208 3663
f 3663 2208 3664
f 3663 3664 3665
f 3665 3664 3666
f 3665 3666 3667
f 3667 3666 3668
f 3667 3668 3669
f 3669 3668 3318
f 3669 3318 3478
f 3478 3318 3320
f 3478 3320 3480
f 3480 3320 3322
f 3480 3322 3323
f 1603 1709 1604
f 1604 1709 1707
f 1604 1707 1606
f 1606 1707 3670
f 1606 3670 3671
f 3671 3670 3409
f 3671 3409 3672
f 3672 3409 3411
f 3672 3411 1610
f 1610 3411 3413
f 1610 3413 1612
f 1612 3413 3414
f 1612 3414 1614
f 1614 3414 3415
f 2963 2965 3673
f 3673 2965 2568
f 3673 2568 2959
f 2959 2568 2566
f 2959 2566 2565
f 2662 2660 3091
f 3091 2660 97
f 3091 97 99
f 3485 1717 3487
f 3487 1717 1719
f 3487 1719 1721
f 3342 3344 3504
f 3504 3344 3346
f 3317 3313 3319
f 3319 3313 1916
f 3319 1916 3321
f 3321 1916 1918
f 3321 1918 1920
f 3594 3596 3674
f 3674 3596 3598
f 3674 3598 3675
f 3675 3598 3600
f 3675 3600 3676
f 3676 3600 3677
f 3676 3677 3678
f 3678 3677 3679
f 3678 3679 3680
f 3680 3679 3681
f 3680 3681 3682
f 3682 3681 3683
f 3682 3683 3684
f 3684 3683 3685
f 3684 3685 3686
f 3686 3685 3373
f 3686 3373 3687
f 3687 3373 3371
f 3687 3371 3688
f 3688 3371 3369
f 3688 3369 3588
f 3588 3369 3367
f 1903 2778 3689
f 3689 2778 2780
f 3689 2780 3690
f 3690 2780 2782
f 3690 2782 1909
f 1909 2782 2784
f 1909 2784 1911
f 1911 2784 2786
f 1911 2786 1913
f 3233 3230 3231
f 2714 3691 2729
f 2729 3691 2710
f 2729 2710 2731
f 3257 3012 3010
f 2298 3599 2300
f 2300 3599 3597
f 2300 3597 2302
f 2302 3597 3692
f 2302 3692 2304
f 2304 3692 3591
f 2304 3591 3662
f 3662 3591 3589
f 3662 3589 3587
f 101 103 3693
f 3693 103 105
f 3693 105 3694
f 3694 105 107
f 3694 107 3695
f 3695 107 109
f 3695 109 3696
f 3696 109 3697
f 3696 3697 3698
f 3698 3697 3699
f 3698 3699 3700
f 3700 3699 3701
f 3700 3701 3702
f 3702 3701 3703
f 3702 3703 3704
f 3704 3703 3440
f 3704 3440 3705
f 3705 3440 3706
f 3705 3706 3707
f 3707 3706 3708
f 3707 3708 3709
f 3709 3708 3710
f 3709 3710 3711
f 3711 3710 3442
f 3711 3442 3712
f 3712 3442 3443
f 3712 3443 3713
f 3713 3443 3103
f 3713 3103 3101
f 3497 3094 3096
f 2940 2938 3714
f 3714 2938 3715
f 3714 3715 3716
f 3716 3715 3512
f 3716 3512 3717
f 3717 3512 3514
f 3717 3514 3718
f 3718 3514 3516
f 3718 3516 3431
f 3431 3516 3517
f 3431 3517 3433
f 3473 3475 3719
f 3719 3475 3477
f 3719 3477 3720
f 3720 3477 3479
f 3720 3479 2968
f 2968 3479 2969
f 3098 3100 3102
f 3445 3446 3444
f 2813 2815 2895
f 2895 2815 2817
f 2895 2817 3721
f 3721 2817 2819
f 3721 2819 3722
f 3722 2819 2821
f 3722 2821 3723
f 3723 2821 3724
f 3723 3724 3725
f 3725 3724 3726
f 3725 3726 3727
f 3727 3726 3648
f 3727 3648 3728
f 3728 3648 2907
f 3728 2907 2905
f 2722 2720 2723
f 2723 2720 2718
f 2723 2718 2724
f 2724 2718 2726
f 3723 3725 3729
f 3729 3725 3727
f 3729 3727 2903
f 2903 3727 3728
f 2903 3728 2905
f 1789 1791 3520
f 3520 1791 3208
f 3520 3208 3206
f 2565 2563 2956
f 2959 2565 2957
f 2505 3649 2503
f 2503 3649 3644
f 2503 3644 2501
f 2568 2965 2570
f 1520 3660 2680
f 2680 3660 3661
f 2680 3661 2681
f 2681 3661 2682
f 1903 1902 2778
f 2716 2726 2718
f 3045 3043 3292
f 3622 3601 3730
f 3730 3601 3602
f 3730 3602 3620
f 3620 3602 3603
f 3620 3603 3604
f 3559 3557 3731
f 3731 3557 3732
f 3731 3732 3733
f 3733 3732 3734
f 3733 3734 3735
f 3735 3734 3736
f 3735 3736 1353
f 1353 3736 3737
f 1353 3737 1351
f 1351 3737 3551
f 1351 3551 1349
f 1349 3551 3738
f 1349 3738 1347
f 1347 3738 3548
f 1347 3548 1345
f 1345 3548 3547
f 1345 3547 1343
f 1343 3547 1341
f 3662 2306 2304
f 2962 3473 2964
f 2964 3473 3719
f 2964 3719 2966
f 2966 3719 3720
f 2966 3720 2967
f 2967 3720 2968
f 3523 3522 3739
f 3739 3522 3740
f 3739 3740 3525
f 3525 3740 3741
f 3525 3741 3742
f 3742 3741 3743
f 3742 3743 3744
f 3744 3743 3745
f 3744 3745 3746
f 3746 3745 3747
f 3746 3747 3748
f 3748 3747 3749
f 3748 3749 3750
f 3750 3749 3751
f 3750 3751 3752
f 3752 3751 3753
f 3752 3753 3754
f 3754 3753 3755
f 3754 3755 3756
f 3756 3755 3757
f 3756 3757 3758
f 3758 3757 3759
f 3758 3759 3537
f 3537 3759 3760
f 3537 3760 3539
f 3539 3760 3761
f 3539 3761 3541
f 3541 3761 3762
f 3541 3762 3543
f 3543 3762 3763
f 3543 3763 3544
f 3544 3763 3764
f 3544 3764 3545
f 3545 3764 3765
f 3545 3765 3211
f 3211 3765 3210
f 3646 1661 1659
f 59 61 3766
f 3766 61 3767
f 3766 3767 19
f 19 3767 3768
f 19 3768 17
f 17 3768 3769
f 17 3769 15
f 15 3769 3770
f 15 3770 13
f 13 3770 3771
f 13 3771 3772
f 3772 3771 3773
f 3772 3773 3774
f 3774 3773 3775
f 3774 3775 3776
f 3776 3775 3777
f 3776 3777 5
f 5 3777 3
f 73 75 3773
f 3773 75 3778
f 3773 3778 3779
f 3779 3778 3780
f 3779 3780 3781
f 3781 3780 191
f 3781 191 3782
f 3782 191 3
f 3782 3 3777
f 3217 3630 3215
f 3215 3630 2986
f 3215 2986 2988
f 3024 3022 3783
f 3783 3022 3784
f 3783 3784 3785
f 3785 3784 3786
f 3785 3786 3787
f 3787 3786 2307
f 3787 2307 3788
f 3788 2307 2309
f 3788 2309 3789
f 3789 2309 2311
f 3789 2311 3034
f 3034 2311 2313
f 3588 3590 3688
f 3688 3590 3592
f 3688 3592 3594
f 1247 1249 3438
f 3438 1249 1251
f 3438 1251 1253
f 1212 256 3790
f 3790 256 258
f 3790 258 3791
f 3791 258 3792
f 3791 3792 3793
f 3793 3792 3794
f 3793 3794 3795
f 3795 3794 3796
f 3795 3796 3797
f 3797 3796 3798
f 3797 3798 3799
f 3799 3798 3800
f 3799 3800 3801
f 3801 3800 3802
f 3801 3802 3803
f 3803 3802 3804
f 3803 3804 3805
f 3805 3804 3806
f 3805 3806 3807
f 3807 3806 3808
f 3807 3808 3809
f 3809 3808 3810
f 3809 3810 3811
f 3811 3810 3812
f 3811 3812 3813
f 3813 3812 3814
f 3813 3814 3815
f 3815 3814 3816
f 3815 3816 3817
f 3817 3816 3818
f 3817 3818 3819
f 3819 3818 3820
f 3819 3820 3821
f 3821 3820 3822
f 3821 3822 1218
f 1218 3822 3823
f 1218 3823 1220
f 1220 3823 3824
f 1220 3824 1222
f 1222 3824 3825
f 1222 3825 1224
f 1224 3825 3826
f 1224 3826 3827
f 3827 3826 3828
f 3827 3828 3829
f 3829 3828 3830
f 3829 3830 3831
f 3831 3830 3832
f 3831 3832 3833
f 3833 3832 3834
f 3833 3834 3835
f 3835 3834 3836
f 3835 3836 3837
f 3837 3836 3838
f 3837 3838 3839
f 3839 3838 3840
f 3839 3840 3841
f 3841 3840 3842
f 3841 3842 1250
f 1250 3842 3843
f 1250 3843 3844
f 3844 3843 2721
f 3844 2721 1254
f 1254 2721 1256
f 12 3062 14
f 14 3062 3345
f 14 3345 16
f 16 3345 3343
f 16 3343 3341
f 3337 3338 3845
f 3845 3338 3339
f 3845 3339 3494
f 3494 3339 3502
f 3494 3502 3493
f 3493 3502 3503
f 3709 3711 3846
f 3846 3711 3712
f 3846 3712 3099
f 3099 3712 3713
f 3099 3713 3101
f 13 3772 11
f 11 3772 3774
f 11 3774 9
f 9 3774 3776
f 9 3776 7
f 7 3776 5
f 3241 3243 3847
f 3847 3243 3416
f 3847 3416 3629
f 3629 3416 3418
f 3629 3418 3420
f 3848 2989 3849
f 3849 2989 2987
f 3849 2987 3850
f 3850 2987 3851
f 3850 3851 3852
f 3852 3851 3853
f 3852 3853 3854
f 3854 3853 3855
f 3854 3855 3856
f 3856 3855 3857
f 3856 3857 3858
f 3858 3857 3859
f 3858 3859 3860
f 3860 3859 3861
f 3860 3861 3862
f 3862 3861 3863
f 3862 3863 3864
f 3864 3863 3865
f 3864 3865 3866
f 3866 3865 3867
f 3866 3867 3868
f 3868 3867 3869
f 3868 3869 3870
f 3870 3869 3871
f 3870 3871 3872
f 3872 3871 3873
f 3872 3873 3874
f 3874 3873 3875
f 3874 3875 3848
f 3848 3875 3876
f 3848 3876 2989
f 2989 3876 3877
f 2989 3877 2991
f 2991 3877 1527
f 2991 1527 2993
f 2993 1527 1529
f 2992 3216 2990
f 3721 3722 2897
f 2897 3722 3723
f 2897 3723 2899
f 2899 3723 3729
f 2899 3729 2901
f 2901 3729 2903
f 3730 3620 3622
f 2729 2716 2714
f 1247 3435 1245
f 1254 1252 3844
f 3203 3205 3878
f 3878 3205 3207
f 3878 3207 3879
f 3879 3207 3209
f 3879 3209 3880
f 3880 3209 3210
f 3880 3210 3765
f 3597 3595 3692
f 3692 3595 3593
f 3692 3593 3591
f 3696 3698 3881
f 3881 3698 3709
f 3881 3709 3882
f 3882 3709 3846
f 3882 3846 3097
f 3097 3846 3099
f 3249 3253 3883
f 3883 3253 3884
f 3883 3884 3417
f 3417 3884 3447
f 3417 3447 3419
f 3885 3886 3887
f 3887 3886 3888
f 3887 3888 3889
f 3889 3888 3890
f 3889 3890 3891
f 3891 3890 3892
f 3891 3892 3893
f 3893 3892 3894
f 3893 3894 3895
f 3895 3894 3896
f 3895 3896 3897
f 3897 3896 3898
f 3897 3898 3899
f 3899 3898 3900
f 3899 3900 3901
f 3901 3900 3902
f 3901 3902 3903
f 3903 3902 3904
f 3903 3904 3905
f 3905 3904 3906
f 3905 3906 3907
f 3907 3906 3908
f 3907 3908 3909
f 3909 3908 3910
f 3909 3910 3911
f 3911 3910 3912
f 3911 3912 3913
f 3913 3912 3914
f 3913 3914 3915
f 3915 3914 3916
f 3915 3916 3917
f 3917 3916 3918
f 3917 3918 3919
f 3919 3918 3886
f 3919 3886 3920
f 3920 3886 3885
f 3920 3885 3921
f 3921 3885 3922
f 3921 3922 3923
f 3923 3922 3924
f 3923 3924 3925
f 3925 3924 3926
f 3925 3926 3927
f 3927 3926 3928
f 3927 3928 3929
f 3929 3928 3930
f 3929 3930 3931
f 3931 3930 3932
f 3931 3932 3933
f 3933 3932 3934
f 3933 3934 3935
f 3935 3934 3936
f 3935 3936 3937
f 3937 3936 3938
f 3937 3938 3939
f 3939 3938 3940
f 3939 3940 3941
f 3941 3940 3942
f 3941 3942 3943
f 3943 3942 3944
f 3943 3944 3945
f 3945 3944 3946
f 3945 3946 3947
f 3947 3946 3948
f 3947 3948 3949
f 3949 3948 3950
f 3949 3950 3951
f 3951 3950 3952
f 3951 3952 3953
f 3953 3952 2719
f 3953 2719 3843
f 3843 2719 2721
f 2172 2174 3659
f 3659 2174 2176
f 3659 2176 2178
f 1605 1607 3461
f 3461 1607 1609
f 3461 1609 3460
f 3460 1609 3586
f 1609 1611 3586
f 3783 3785 3954
f 3954 3785 3787
f 3954 3787 3955
f 3955 3787 3788
f 3955 3788 3956
f 3956 3788 3957
f 3956 3957 3958
f 3958 3957 3789
f 3958 3789 3032
f 3032 3789 3034
f 3789 3957 3788
f 2821 2823 3724
f 3724 2823 2825
f 3724 2825 3726
f 3726 2825 3647
f 3726 3647 3648
f 3882 3097 3694
f 3694 3097 3095
f 3694 3095 3693
f 3693 3095 3093
f 3693 3093 101
f 101 3093 3091
f 101 3091 99
f 1905 3689 1907
f 1907 3689 3690
f 1907 3690 1909
f 1250 3844 1252
f 3773 3779 3775
f 3775 3779 3959
f 3775 3959 3777
f 3777 3959 3782
f 3035 3036 3960
f 3960 3036 3038
f 3960 3038 3961
f 3961 3038 3962
f 3961 3962 3963
f 3963 3962 3964
f 3963 3964 3965
f 3965 3964 3966
f 3965 3966 3967
f 3967 3966 3968
f 3967 3968 3969
f 3969 3968 3970
f 3969 3970 3971
f 3971 3970 3972
f 3971 3972 3973
f 3973 3972 3974
f 3973 3974 3975
f 3975 3974 3976
f 3975 3976 3977
f 3977 3976 1412
f 3977 1412 1410
f 3688 3594 3978
f 3978 3594 3674
f 3978 3674 3979
f 3979 3674 3675
f 3979 3675 3676
f 3678 3680 3980
f 3980 3680 3682
f 3980 3682 3981
f 3981 3682 3684
f 3981 3684 3982
f 3982 3684 3686
f 3982 3686 3978
f 3978 3686 3687
f 3978 3687 3688
f 3488 3519 3486
f 3486 3519 3518
f 3486 3518 3983
f 3983 3518 3202
f 3983 3202 3984
f 3984 3202 3200
f 3984 3200 3198
f 3430 3432 3428
f 3428 3432 3501
f 3428 3501 3426
f 3426 3501 2942
f 3426 2942 3424
f 1344 3585 1346
f 1346 3585 3584
f 1346 3584 3985
f 3985 3584 3583
f 3985 3583 3582
f 1905 1903 3689
f 3652 3654 2180
f 2180 3654 3656
f 2180 3656 2178
f 2178 3656 3658
f 2178 3658 3659
f 3016 3014 3018
f 3018 3014 3986
f 3018 3986 3987
f 3987 3986 3988
f 3987 3988 3989
f 3989 3988 2303
f 3989 2303 3784
f 3784 2303 2305
f 3784 2305 3786
f 3786 2305 2307
f 2714 2712 3691
f 3691 2712 2711
f 3691 2711 2710
f 3630 2984 2986
f 3427 3716 3429
f 3429 3716 3990
f 3429 3990 3431
f 3431 3990 3717
f 3431 3717 3718
f 1673 1671 3641
f 3641 1671 3991
f 3641 3991 3643
f 3643 3991 3992
f 3643 3992 3645
f 3645 3992 3993
f 3645 3993 1661
f 1661 3993 1663
f 2452 1716 3462
f 3462 1716 1714
f 3462 1714 1712
f 200 198 3994
f 3994 198 196
f 3994 196 79
f 79 196 195
f 79 195 3780
f 3780 195 193
f 3780 193 191
f 3782 3959 3781
f 3044 3995 3042
f 3042 3995 3996
f 3042 3996 3997
f 3997 3996 3964
f 3997 3964 3040
f 3040 3964 3962
f 3040 3962 3038
f 2963 3673 2961
f 2961 3673 2959
f 3253 3255 3998
f 3998 3255 3447
f 3998 3447 3884
f 3335 3337 3495
f 3495 3337 3845
f 3495 3845 3494
f 3035 3960 3999
f 3999 3960 3961
f 3999 3961 4000
f 4000 3961 3963
f 4000 3963 3965
f 3965 4001 4002
f 4002 4001 4003
f 4002 4003 4004
f 4004 4003 3031
f 4004 3031 3999
f 3999 3031 3033
f 3999 3033 3035
f 3706 3441 3708
f 3708 3441 3442
f 3708 3442 3710
f 3642 3254 3640
f 3640 3254 3252
f 3640 3252 3250
f 1235 1237 1513
f 1513 1237 4005
f 1513 4005 1511
f 1511 4005 1241
f 1511 1241 1243
f 91 3329 201
f 3974 3972 4006
f 4006 3972 3970
f 4006 3970 4007
f 4007 3970 4008
f 4007 4008 4009
f 4009 4008 3995
f 4009 3995 4010
f 4010 3995 3046
f 4010 3046 1662
f 1416 1414 1668
f 1668 1414 4011
f 1668 4011 1666
f 1666 4011 4012
f 1666 4012 1664
f 1664 4012 4010
f 1664 4010 1662
f 1527 3877 1525
f 1525 3877 3876
f 1525 3876 1523
f 1523 3876 3875
f 1523 3875 3873
f 3878 3879 4013
f 4013 3879 3880
f 4013 3880 3764
f 3764 3880 3765
f 212 210 4014
f 4014 210 4015
f 4014 4015 4016
f 4016 4015 4017
f 4016 4017 4018
f 4018 4017 4019
f 4018 4019 4020
f 4020 4019 3853
f 4020 3853 4021
f 4021 3853 3851
f 4021 3851 4022
f 4022 3851 2985
f 4022 2985 2828
f 2828 2985 2830
f 2948 2946 3500
f 3253 3998 3884
f 3042 3997 3040
f 3995 3044 3046
f 3959 3779 3781
f 3299 3297 4023
f 4023 3297 4024
f 4023 4024 4025
f 4025 4024 4026
f 4025 4026 1906
f 1906 4026 4027
f 1906 4027 1904
f 1904 4027 1858
f 1904 1858 1860
f 1855 4028 4029
f 4029 4028 4030
f 4029 4030 4031
f 4031 4030 4032
f 4031 4032 3332
f 3332 4032 3334
f 3332 3334 3333
f 3032 3030 3958
f 3958 3030 3028
f 3958 3028 3956
f 3956 3028 3026
f 3956 3026 3954
f 3954 3026 3024
f 3954 3024 3783
f 3717 3990 3716
f 1715 1717 3483
f 3483 1717 3485
f 3234 3412 3236
f 3236 3412 3410
f 3236 3410 4033
f 4033 3410 3408
f 4033 3408 3406
f 3610 3612 3609
f 3609 3612 3614
f 3609 3614 3607
f 3607 3614 4034
f 3607 4034 3605
f 3605 4034 4035
f 3605 4035 3604
f 3604 4035 3619
f 3604 3619 3620
f 3706 3440 3441
f 3833 3835 1238
f 1238 3835 4036
f 1238 4036 1240
f 1240 4036 4037
f 1240 4037 1242
f 1242 4037 1246
f 1242 1246 1244
f 4025 1906 4038
f 4038 1906 1908
f 4038 1908 4039
f 4039 1908 1910
f 4039 1910 4040
f 4040 1910 1912
f 4040 1912 4041
f 4041 1912 1914
f 4041 1914 3311
f 3311 1914 1916
f 3311 1916 3313
f 3696 3881 3695
f 3695 3881 3882
f 3695 3882 3694
f 4042 4043 2191
f 2191 4043 4044
f 2191 4044 4045
f 4045 4044 4043
f 4045 4043 4046
f 4046 4043 4042
f 4046 4042 4047
f 4047 4042 4048
f 4047 4048 4049
f 4049 4048 4050
f 4049 4050 4051
f 4051 4050 4052
f 4051 4052 4053
f 4053 4052 4054
f 4053 4054 4055
f 4055 4054 4056
f 4055 4056 4057
f 4057 4056 4058
f 4057 4058 4059
f 4059 4058 4060
f 4059 4060 4061
f 4061 4060 4054
f 4061 4054 4062
f 4062 4054 4063
f 4062 4063 4064
f 4064 4063 4065
f 4064 4065 2004
f 2004 4065 4066
f 2004 4066 2006
f 2006 4066 4067
f 2006 4067 2369
f 2369 4067 4068
f 2369 4068 4069
f 4069 4068 2175
f 4069 2175 4070
f 4070 2175 2173
f 4070 2173 2370
f 2370 2173 2371
f 1520 2680 1522
f 3949 3951 3842
f 3842 3951 3953
f 3842 3953 3843
f 2719 3952 2717
f 2717 3952 4071
f 2717 4071 2715
f 2715 4071 4072
f 2715 4072 2713
f 2713 4072 4073
f 2713 4073 2639
f 2639 4073 4074
f 2639 4074 2637
f 2637 4074 4075
f 2637 4075 2635
f 2635 4075 4076
f 2635 4076 4077
f 4077 4076 4078
f 4077 4078 4079
f 4079 4078 4080
f 4079 4080 4081
f 4081 4080 4082
f 4081 4082 4083
f 4083 4082 4084
f 4083 4084 4085
f 4085 4084 3934
f 4085 3934 3932
f 1516 1515 3079
f 3079 1515 1514
f 3079 1514 1512
f 3629 3628 3847
f 3847 3628 3239
f 3847 3239 3241
f 3700 3705 3698
f 3698 3705 3707
f 3698 3707 3709
f 4004 3999 4086
f 4086 3999 4000
f 4086 4000 4002
f 4002 4000 3965
f 4036 3837 4037
f 4037 3837 3839
f 4037 3839 1248
f 1248 3839 3841
f 1248 3841 1250
f 98 96 4087
f 4087 96 94
f 4087 94 4088
f 4088 94 4089
f 4088 4089 4090
f 4090 4089 4091
f 4090 4091 4092
f 4092 4091 86
f 4092 86 4093
f 4093 86 4094
f 4093 4094 4095
f 4095 4094 4096
f 4095 4096 4097
f 4097 4096 4098
f 4097 4098 4099
f 4099 4098 4100
f 4099 4100 4101
f 4101 4100 4102
f 4101 4102 4103
f 4103 4102 4104
f 4103 4104 4105
f 4105 4104 4106
f 4105 4106 4107
f 4107 4106 4108
f 4107 4108 4109
f 4109 4108 4110
f 4109 4110 4111
f 4111 4110 4112
f 4111 4112 4113
f 4113 4112 4114
f 4113 4114 4115
f 4115 4114 4116
f 4115 4116 4117
f 4117 4116 4118
f 4117 4118 4119
f 4119 4118 4120
f 4119 4120 4121
f 4121 4120 4122
f 4121 4122 4123
f 4123 4122 4124
f 4123 4124 4125
f 4125 4124 4126
f 4125 4126 4127
f 4127 4126 4128
f 4127 4128 4129
f 4129 4128 4130
f 4129 4130 4131
f 4131 4130 4132
f 4131 4132 4133
f 4133 4132 3905
f 4133 3905 3907
f 3025 3027 4003
f 4003 3027 3029
f 4003 3029 3031
f 1669 1667 3992
f 3992 1667 1665
f 3992 1665 3993
f 3993 1665 1663
f 3982 3978 3678
f 3678 3978 3979
f 3678 3979 4134
f 4134 3979 3676
f 4134 3676 3678
f 1237 1239 4005
f 4005 1239 1241
f 3471 4135 4136
f 4136 4135 4137
f 4136 4137 4138
f 4138 4137 2206
f 4138 2206 4139
f 4139 2206 3663
f 4139 3663 4140
f 4140 3663 3665
f 4140 3665 3474
f 3474 3665 3667
f 3474 3667 3476
f 3476 3667 3669
f 3476 3669 3478
f 3249 3883 3247
f 3247 3883 4141
f 3247 4141 3245
f 3245 4141 3883
f 3245 3883 3417
f 376 378 4142
f 4142 378 4143
f 4142 4143 4144
f 4144 4143 4145
f 4144 4145 4146
f 4146 4145 4147
f 4146 4147 4148
f 4148 4147 4149
f 4148 4149 4150
f 4150 4149 4151
f 4150 4151 4152
f 4152 4151 4153
f 4152 4153 4154
f 4154 4153 4155
f 4154 4155 4156
f 4156 4155 4157
f 4156 4157 4158
f 4158 4157 4159
f 4158 4159 4160
f 4160 4159 4161
f 4160 4161 4162
f 4162 4161 4163
f 4162 4163 4164
f 4164 4163 4165
f 4164 4165 4166
f 4166 4165 4167
f 4166 4167 4168
f 4168 4167 4169
f 4168 4169 4170
f 4170 4169 4171
f 4170 4171 4172
f 4172 4171 4173
f 4172 4173 4174
f 4174 4173 4175
f 4174 4175 4176
f 4176 4175 4177
f 4176 4177 4178
f 4178 4177 4179
f 4178 4179 4180
f 4180 4179 4181
f 4180 4181 4182
f 4182 4181 4183
f 4182 4183 4184
f 4184 4183 4185
f 4184 4185 4186
f 4186 4185 4187
f 4186 4187 4188
f 4188 4187 4189
f 4188 4189 4190
f 4190 4189 4191
f 4190 4191 4192
f 4192 4191 4193
f 4192 4193 4194
f 4194 4193 4195
f 4194 4195 4196
f 4196 4195 4197
f 4196 4197 4198
f 4198 4197 4199
f 4198 4199 4200
f 4200 4199 4201
f 4200 4201 4202
f 4202 4201 4203
f 4202 4203 4204
f 4204 4203 4205
f 4204 4205 4206
f 4206 4205 4207
f 4206 4207 4208
f 4208 4207 4209
f 4208 4209 4210
f 4210 4209 4211
f 4210 4211 4212
f 4212 4211 4213
f 4212 4213 4214
f 4214 4213 4215
f 4214 4215 4216
f 4216 4215 4217
f 4216 4217 4218
f 4218 4217 4219
f 4218 4219 4220
f 4220 4219 4221
f 4220 4221 4222
f 4222 4221 4223
f 4222 4223 4224
f 4224 4223 4225
f 4224 4225 4226
f 4226 4225 4227
f 4226 4227 4228
f 4228 4227 4229
f 4228 4229 4230
f 4230 4229 4231
f 4230 4231 4232
f 4232 4231 4233
f 4232 4233 4234
f 4234 4233 4235
f 4234 4235 4236
f 4236 4235 4237
f 4236 4237 4238
f 4238 4237 4239
f 4238 4239 4240
f 4240 4239 4241
f 4240 4241 4242
f 4242 4241 4243
f 4242 4243 4244
f 4244 4243 102
f 4244 102 4245
f 4245 102 100
f 4245 100 98
f 4090 4246 4247
f 4247 4246 4248
f 4247 4248 4249
f 4249 4248 4250
f 4249 4250 4251
f 4251 4250 4244
f 4251 4244 4252
f 4252 4244 4245
f 4252 4245 4253
f 4253 4245 98
f 4253 98 4087
f 2958 3469 2960
f 22 20 3341
f 3341 20 18
f 3341 18 16
f 3249 3251 3253
f 2184 3651 2182
f 2182 3651 3652
f 2182 3652 2180
f 4014 4016 4254
f 4254 4016 4255
f 4254 4255 4256
f 4256 4255 4257
f 4256 4257 2826
f 2826 4257 4022
f 2826 4022 2828
f 2303 3988 2301
f 2301 3988 3986
f 2301 3986 2299
f 2299 3986 3014
f 2299 3014 2297
f 3440 3703 3439
f 3439 3703 4258
f 3439 4258 2811
f 2811 4258 4259
f 2811 4259 4260
f 4260 4259 4261
f 4260 4261 4262
f 4262 4261 4263
f 4262 4263 4264
f 4264 4263 4265
f 4264 4265 2807
f 2807 4265 4266
f 2807 4266 4267
f 4267 4266 4268
f 4267 4268 4269
f 4269 4268 4270
f 4269 4270 4271
f 4271 4270 4272
f 4271 4272 4273
f 4273 4272 4274
f 4273 4274 4275
f 4275 4274 4276
f 4275 4276 4277
f 4277 4276 4278
f 4277 4278 4279
f 4279 4278 4280
f 4279 4280 2814
f 2814 4280 4281
f 2814 4281 4282
f 4282 4281 4283
f 4282 4283 4284
f 4284 4283 4285
f 4284 4285 4286
f 4286 4285 4287
f 4286 4287 4288
f 4288 4287 212
f 4288 212 4014
f 1855 4029 1857
f 1857 4029 4031
f 1857 4031 1859
f 1859 4031 3332
f 1248 1246 4037
f 3954 3955 3956
f 79 3780 77
f 77 3780 3778
f 77 3778 75
f 3178 3176 3180
f 3180 3176 4289
f 3180 4289 4290
f 4290 4289 4291
f 4290 4291 4292
f 4292 4291 4293
f 4292 4293 4294
f 4294 4293 4295
f 4294 4295 3196
f 3196 4295 4296
f 3196 4296 3198
f 3198 4296 4297
f 3198 4297 3984
f 3984 4297 4298
f 3984 4298 3983
f 3983 4298 3484
f 3983 3484 3486
f 2985 3851 2987
f 2895 3721 2897
f 3530 3532 4299
f 4299 3532 3534
f 4299 3534 4300
f 4300 3534 4301
f 4300 4301 4302
f 4302 4301 4303
f 4302 4303 4304
f 4304 4303 4305
f 4304 4305 4306
f 4306 4305 4307
f 4306 4307 4308
f 4308 4307 3542
f 4308 3542 4309
f 4309 3542 2648
f 4309 2648 2646
f 3700 3702 3705
f 3705 3702 3704
f 1354 1352 3582
f 3582 1352 4310
f 3582 4310 3985
f 3985 4310 1348
f 3985 1348 1346
f 1414 4311 4011
f 4011 4311 4007
f 4011 4007 4012
f 4012 4007 4009
f 4012 4009 4010
f 3995 4008 3996
f 3996 4008 3966
f 3996 3966 3964
f 3239 3628 3237
f 3237 3628 3627
f 1849 32 4312
f 4312 32 30
f 4312 30 4313
f 4313 30 28
f 4313 28 4314
f 4314 28 3336
f 4314 3336 3334
f 1851 1849 4028
f 4028 1849 4312
f 4028 4312 4030
f 4030 4312 4313
f 4030 4313 4032
f 4032 4313 4314
f 4032 4314 3334
f 4315 4316 4317
f 4317 4316 3755
f 4317 3755 4318
f 4318 3755 3753
f 4318 3753 4319
f 4319 3753 4320
f 4319 4320 4321
f 4321 4320 4322
f 4321 4322 4323
f 4323 4322 4324
f 4323 4324 4319
f 4319 4324 4325
f 4319 4325 4326
f 4326 4325 4327
f 4326 4327 4315
f 4315 4327 4328
f 4315 4328 4329
f 4329 4328 4330
f 4329 4330 4331
f 4331 4330 4332
f 4331 4332 4333
f 4333 4332 4334
f 4333 4334 4335
f 4335 4334 4336
f 4335 4336 3761
f 3761 4336 4013
f 3761 4013 3762
f 3762 4013 3764
f 3762 3764 3763
f 2940 3714 3425
f 3425 3714 3716
f 3425 3716 3427
f 1606 3671 1608
f 1608 3671 3672
f 1608 3672 1610
f 4091 4089 4337
f 4337 4089 94
f 4337 94 4338
f 4338 94 92
f 4338 92 90
f 81 83 3994
f 3994 83 85
f 3994 85 200
f 200 85 202
f 3020 3987 3022
f 3022 3987 3989
f 3022 3989 3784
f 85 87 202
f 202 87 89
f 90 88 4338
f 4338 88 4091
f 4338 4091 4337
f 4249 4251 4339
f 4339 4251 4252
f 4339 4252 4340
f 4340 4252 4253
f 4340 4253 4088
f 4088 4253 4087
f 4004 4086 4002
f 3616 3617 4034
f 4034 3617 3618
f 4034 3618 4035
f 4035 3618 3619
f 2944 2942 2946
f 3375 3373 4341
f 4341 3373 3685
f 4341 3685 4342
f 4342 3685 3683
f 4342 3683 4343
f 4343 3683 3681
f 4343 3681 4344
f 4344 3681 4345
f 4344 4345 4346
f 4346 4345 4347
f 4346 4347 4348
f 4348 4347 4345
f 4348 4345 4349
f 4349 4345 4350
f 4349 4350 4351
f 4351 4350 4352
f 4351 4352 4353
f 4353 4352 4354
f 4353 4354 4355
f 4355 4354 4356
f 4355 4356 4357
f 4357 4356 4358
f 4357 4358 4359
f 4359 4358 4360
f 4359 4360 4361
f 4361 4360 4362
f 4361 4362 4363
f 4363 4362 4364
f 4363 4364 1368
f 1368 4364 4365
f 1368 4365 4366
f 4366 4365 4367
f 4366 4367 2282
f 2282 4367 2284
f 3678 3980 3982
f 3981 3982 3980
f 3305 4368 3307
f 3307 4368 4040
f 3307 4040 3309
f 3309 4040 4041
f 3309 4041 3311
f 3512 3715 3510
f 3510 3715 4369
f 3510 4369 3508
f 3508 4369 4370
f 3508 4370 3506
f 3506 4370 2934
f 3506 2934 2932
f 3313 3317 3315
f 3703 3701 4258
f 4258 3701 4371
f 4258 4371 4259
f 4259 4371 3701
f 4259 3701 4372
f 4372 3701 4263
f 4372 4263 4261
f 4078 4076 4373
f 4373 4076 4075
f 4373 4075 3944
f 3944 4075 4374
f 3944 4374 3948
f 3948 4374 4375
f 3948 4375 3950
f 3950 4375 4071
f 3950 4071 3952
f 3773 3771 73
f 73 3771 4376
f 73 4376 71
f 71 4376 4377
f 71 4377 69
f 69 4377 4378
f 69 4378 4379
f 4379 4378 3769
f 4379 3769 3768
f 81 3994 79
f 2811 2812 3439
f 4070 2370 4069
f 2636 4380 2638
f 2638 4380 4304
f 2638 4304 2640
f 2640 4304 4306
f 2640 4306 2642
f 2642 4306 4308
f 2642 4308 2644
f 2644 4308 4309
f 2644 4309 2646
f 112 110 4381
f 4381 110 108
f 4381 108 4382
f 4382 108 4383
f 4382 4383 4241
f 4241 4383 104
f 4241 104 4243
f 4243 104 102
f 2184 3467 3651
f 3651 3467 3650
f 3374 3376 3378
f 3551 3549 3738
f 3738 3549 3548
f 4054 4052 4063
f 4063 4052 4384
f 4063 4384 4385
f 4385 4384 4386
f 4385 4386 4387
f 4387 4386 4388
f 4387 4388 4389
f 4389 4388 4390
f 4389 4390 4391
f 4391 4390 2177
f 4391 2177 4068
f 4068 2177 2175
f 4016 4018 4255
f 4255 4018 4392
f 4255 4392 4257
f 4257 4392 4021
f 4257 4021 4022
f 4288 4014 4393
f 4393 4014 4254
f 4393 4254 4394
f 4394 4254 4256
f 4394 4256 2824
f 2824 4256 2826
f 2369 4069 2370
f 3170 4395 4396
f 4396 4395 4397
f 4396 4397 4398
f 4398 4397 4399
f 4398 4399 4400
f 4400 4399 4401
f 4400 4401 4402
f 4402 4401 4403
f 4402 4403 4404
f 4404 4403 4405
f 4404 4405 4297
f 4297 4405 3481
f 4297 3481 4298
f 4298 3481 3482
f 4298 3482 3484
f 4003 4001 3025
f 3025 4001 4406
f 3025 4406 4407
f 4407 4406 4408
f 4407 4408 4409
f 4409 4408 4410
f 4409 4410 4411
f 4411 4410 4412
f 4411 4412 4413
f 4413 4412 4414
f 4413 4414 4415
f 4415 4414 4416
f 4415 4416 4417
f 4417 4416 4418
f 4417 4418 4419
f 4419 4418 4420
f 4419 4420 4421
f 4421 4420 4422
f 4421 4422 4423
f 4423 4422 4424
f 4423 4424 1384
f 1384 4424 4425
f 1384 4425 4426
f 4426 4425 4427
f 4426 4427 4428
f 4428 4427 4429
f 4428 4429 4430
f 4430 4429 4418
f 4430 4418 4431
f 4431 4418 4416
f 4431 4416 4432
f 4432 4416 4414
f 4432 4414 4412
f 3554 2937 3552
f 3552 2937 2939
f 3552 2939 3550
f 3550 2939 2943
f 3550 2943 2945
f 108 106 4383
f 4383 106 104
f 3297 3295 4433
f 4433 3295 1856
f 4433 1856 4027
f 4027 1856 1858
f 3864 3866 4434
f 4434 3866 3868
f 4434 3868 4435
f 4435 3868 4436
f 4435 4436 4437
f 4437 4436 3874
f 4437 3874 4438
f 4438 3874 4439
f 4438 4439 3852
f 3852 4439 3849
f 3852 3849 3850
f 3849 4439 3848
f 3701 3699 4263
f 4263 3699 4440
f 4263 4440 4441
f 4441 4440 3699
f 4441 3699 4442
f 4442 3699 3697
f 4442 3697 4443
f 4443 3697 111
f 4443 111 4444
f 4444 111 113
f 4444 113 4445
f 4445 113 4446
f 4445 4446 4447
f 4447 4446 4448
f 4447 4448 4449
f 4449 4448 4450
f 4449 4450 4451
f 4451 4450 137
f 4451 137 4452
f 4452 137 141
f 4452 141 143
f 2222 4453 4454
f 4454 4453 4455
f 4454 4455 4456
f 4456 4455 4457
f 4456 4457 4458
f 4458 4457 4459
f 4458 4459 4460
f 4460 4459 4461
f 4460 4461 4462
f 4462 4461 4463
f 4462 4463 4464
f 4464 4463 4465
f 4464 4465 4466
f 4466 4465 4467
f 4466 4467 4468
f 4468 4467 4469
f 4468 4469 4470
f 4470 4469 4471
f 4470 4471 4472
f 4472 4471 4473
f 4472 4473 4474
f 4474 4473 4475
f 4474 4475 4476
f 4476 4475 4477
f 4476 4477 4478
f 4478 4477 4479
f 4478 4479 4480
f 4480 4479 4481
f 4480 4481 4482
f 4482 4481 4483
f 4482 4483 4484
f 4484 4483 4485
f 4484 4485 4486
f 4486 4485 4487
f 4486 4487 4488
f 4488 4487 4489
f 4488 4489 4490
f 4490 4489 4491
f 4490 4491 4492
f 4492 4491 4493
f 4492 4493 4494
f 4494 4493 4495
f 4494 4495 4496
f 4496 4495 4497
f 4496 4497 4498
f 4498 4497 4499
f 4498 4499 3666
f 3666 4499 4500
f 3666 4500 3668
f 3668 4500 3316
f 3668 3316 3318
f 3874 3848 4439
f 3987 3020 3018
f 4345 4501 4350
f 4350 4501 4502
f 4350 4502 4503
f 4503 4502 3679
f 4503 3679 4504
f 4504 3679 3677
f 4504 3677 4505
f 4505 3677 3600
f 4505 3600 2296
f 4376 3771 4377
f 4377 3771 3770
f 4377 3770 4378
f 4378 3770 3769
f 3518 3204 3202
f 1671 1669 3991
f 3991 1669 3992
f 3842 3840 3949
f 3949 3840 4506
f 3949 4506 3947
f 3947 4506 4507
f 3947 4507 4508
f 4508 4507 4509
f 4508 4509 4510
f 4510 4509 3836
f 4510 3836 4511
f 4511 3836 3834
f 4511 3834 4512
f 4512 3834 3832
f 4512 3832 3830
f 4249 4339 4247
f 4247 4339 4340
f 4247 4340 4090
f 4090 4340 4088
f 4091 88 86
f 4288 4393 4513
f 4513 4393 4514
f 4513 4514 4515
f 4515 4514 4394
f 4515 4394 2822
f 2822 4394 2824
f 4075 4074 4374
f 4374 4074 4073
f 4374 4073 4375
f 4375 4073 4072
f 4375 4072 4071
f 4019 4516 3857
f 3857 4516 4517
f 3857 4517 4518
f 4518 4517 4519
f 4518 4519 4520
f 4520 4519 4521
f 4520 4521 4522
f 4522 4521 4523
f 4522 4523 4524
f 4524 4523 4525
f 4524 4525 4526
f 4526 4525 4527
f 4526 4527 4528
f 4528 4527 4529
f 4528 4529 4530
f 4530 4529 4531
f 4530 4531 4532
f 4532 4531 4533
f 4532 4533 4534
f 4534 4533 4535
f 4534 4535 4536
f 4536 4535 4537
f 4536 4537 4538
f 4538 4537 4539
f 4538 4539 4540
f 4540 4539 4541
f 4540 4541 4542
f 4542 4541 4543
f 4542 4543 3867
f 3867 4543 4544
f 3867 4544 3869
f 3869 4544 4545
f 3869 4545 3871
f 3871 4545 4546
f 3871 4546 3873
f 3873 4546 1521
f 3873 1521 1523
f 26 3336 28
f 3197 3199 4332
f 4332 3199 3203
f 4332 3203 4334
f 4334 3203 3878
f 4334 3878 4336
f 4336 3878 4013
f 4431 4547 4548
f 4548 4547 4549
f 4548 4549 4550
f 4550 4549 4551
f 4550 4551 4552
f 4552 4551 4553
f 4552 4553 4554
f 4554 4553 4555
f 4554 4555 4556
f 4556 4555 4557
f 4556 4557 3967
f 3967 4557 4001
f 3967 4001 3965
f 4261 4259 4372
f 4042 2189 4048
f 4048 2189 2187
f 4048 2187 4558
f 4558 2187 2185
f 4558 2185 4559
f 4559 2185 2183
f 4559 2183 4390
f 4390 2183 2181
f 4390 2181 2179
f 2177 4390 2179
f 2811 4260 2809
f 2809 4260 4262
f 2809 4262 4264
f 3970 3968 4008
f 4008 3968 3966
f 2822 2820 4515
f 4515 2820 2818
f 4515 2818 4560
f 4560 2818 4284
f 4560 4284 4286
f 4038 4039 4025
f 4025 4039 4368
f 4025 4368 4561
f 4561 4368 3303
f 4561 3303 3301
f 1352 1350 4310
f 4310 1350 1348
f 111 3697 109
f 4039 4040 4368
f 3632 3389 4562
f 4562 3389 4563
f 4562 4563 4564
f 4564 4563 4565
f 4564 4565 4566
f 4566 4565 4567
f 4566 4567 4568
f 4568 4567 1673
f 4568 1673 4569
f 4569 1673 3641
f 4569 3641 3639
f 2941 2943 2939
f 1233 1517 4570
f 4570 1517 1519
f 4570 1519 4571
f 4571 1519 1521
f 4571 1521 4572
f 4572 1521 4573
f 4572 4573 4574
f 4574 4573 4545
f 4574 4545 4575
f 4575 4545 4576
f 4575 4576 4577
f 4577 4576 4578
f 4577 4578 4579
f 4579 4578 4543
f 4579 4543 4580
f 4580 4543 4541
f 4580 4541 4539
f 2936 4370 2938
f 2938 4370 4369
f 2938 4369 3715
f 2639 2641 2713
f 2713 2641 2643
f 3402 3238 4581
f 4581 3238 3236
f 4581 3236 4033
f 4487 4483 4582
f 4582 4483 4583
f 4582 4583 4584
f 4584 4583 4479
f 4584 4479 4585
f 4585 4479 4586
f 4585 4586 4587
f 4587 4586 4588
f 4587 4588 4589
f 4589 4588 4590
f 4589 4590 4591
f 4591 4590 4592
f 4591 4592 4593
f 4593 4592 4594
f 4593 4594 4595
f 4595 4594 4596
f 4595 4596 4597
f 4597 4596 4598
f 4597 4598 4599
f 4599 4598 4600
f 4599 4600 4601
f 4601 4600 4602
f 4601 4602 4603
f 4603 4602 4604
f 4603 4604 4605
f 4605 4604 4606
f 4605 4606 4607
f 4607 4606 4608
f 4607 4608 4609
f 4609 4608 4610
f 4609 4610 4611
f 4611 4610 4612
f 4611 4612 4491
f 4491 4612 4613
f 4491 4613 4493
f 4493 4613 4614
f 4493 4614 4615
f 4615 4614 3308
f 4615 3308 4616
f 4616 3308 3310
f 4616 3310 3312
f 4499 4497 4617
f 4617 4497 4618
f 4617 4618 3314
f 3314 4618 4616
f 3314 4616 3312
f 2810 2808 2802
f 2802 2808 2806
f 2802 2806 2804
f 2281 4619 4620
f 4620 4619 4621
f 4620 4621 4622
f 4622 4621 4623
f 4622 4623 4624
f 4624 4623 4625
f 4624 4625 4626
f 4626 4625 4627
f 4626 4627 4628
f 4628 4627 4629
f 4628 4629 4411
f 4411 4629 4630
f 4411 4630 4631
f 4631 4630 4632
f 4631 4632 4633
f 4633 4632 4634
f 4633 4634 4635
f 4635 4634 3023
f 4635 3023 3025
f 4411 4631 4409
f 4409 4631 4633
f 4409 4633 4407
f 4407 4633 4635
f 4407 4635 3025
f 3631 4636 4637
f 4637 4636 4638
f 4637 4638 4639
f 4639 4638 3637
f 4639 3637 3246
f 3246 3637 4640
f 3246 4640 3248
f 3248 4640 3637
f 3248 3637 3250
f 4344 4346 4641
f 4641 4346 4642
f 4641 4642 4643
f 4643 4642 3377
f 4643 3377 4341
f 4341 3377 3375
f 4018 4020 4392
f 4392 4020 4021
f 4095 4228 4093
f 4093 4228 4230
f 4093 4230 4246
f 4246 4230 4232
f 4246 4232 4248
f 4248 4232 4234
f 4248 4234 4250
f 4250 4234 4644
f 4250 4644 4645
f 4645 4644 4646
f 4645 4646 4647
f 4647 4646 4242
f 4647 4242 4244
f 4647 4244 4645
f 4645 4244 4250
f 2809 4264 2807
f 4343 4641 4342
f 4342 4641 4643
f 4342 4643 4341
f 3297 4433 4024
f 4024 4433 4027
f 4024 4027 4026
f 4545 4573 4546
f 4546 4573 1521
f 4443 4444 4648
f 4648 4444 4649
f 4648 4649 4650
f 4650 4649 4651
f 4650 4651 4652
f 4652 4651 4653
f 4652 4653 4654
f 4654 4653 4655
f 4654 4655 4441
f 4441 4655 4263
f 4268 4266 4655
f 4655 4266 4265
f 4655 4265 4263
f 4632 4656 4657
f 4657 4656 2293
f 4657 2293 3015
f 3015 2293 2295
f 3015 2295 2297
f 4441 4442 4658
f 4658 4442 4648
f 4658 4648 4654
f 4654 4648 4650
f 4654 4650 4652
f 4442 4443 4648
f 3835 3837 4036
f 3860 3862 3858
f 3858 3862 4659
f 3858 4659 3856
f 3856 4659 4437
f 3856 4437 3854
f 3854 4437 4438
f 3854 4438 3852
f 4093 4246 4092
f 4092 4246 4090
f 1231 1233 4660
f 4660 1233 4570
f 4660 4570 4574
f 4574 4570 4571
f 4574 4571 4572
f 1226 3827 4661
f 4661 3827 3829
f 4661 3829 4662
f 4662 3829 3831
f 4662 3831 4663
f 4663 3831 3833
f 4663 3833 4664
f 4664 3833 1238
f 4664 1238 1236
f 3017 3019 4634
f 4634 3019 3021
f 4634 3021 3023
f 4515 4560 4513
f 4513 4560 4286
f 4513 4286 4288
f 4514 4393 4394
f 2284 4367 4665
f 4665 4367 4666
f 4665 4666 2286
f 2286 4666 4667
f 2286 4667 4668
f 4668 4667 4356
f 4668 4356 4669
f 4669 4356 4670
f 4669 4670 4671
f 4671 4670 4672
f 4671 4672 2292
f 2292 4672 4673
f 2292 4673 2294
f 2294 4673 4505
f 2294 4505 2296
f 3246 3244 4639
f 4639 3244 3394
f 4639 3394 4637
f 4637 3394 3392
f 4637 3392 3391
f 1230 4663 1234
f 1234 4663 4664
f 1234 4664 1236
f 3471 3470 4135
f 4135 3470 3468
f 4135 3468 4674
f 4674 3468 4675
f 4674 4675 4676
f 4676 4675 2188
f 4676 2188 2190
f 4140 3472 4677
f 4677 3472 3471
f 4677 3471 4136
f 3868 3870 4436
f 4436 3870 3872
f 4436 3872 3874
f 4568 4569 4678
f 4678 4569 3639
f 4678 3639 4566
f 4566 3639 4679
f 4566 4679 4564
f 4564 4679 3632
f 4564 3632 4562
f 3634 4679 4680
f 4680 4679 3639
f 4680 3639 3638
f 4654 4441 4658
f 2814 4282 2816
f 2816 4282 4284
f 2816 4284 2818
f 2184 2186 3466
f 3466 2186 4675
f 3466 4675 3468
f 3474 3472 4140
f 4555 4408 4557
f 4557 4408 4406
f 4557 4406 4001
f 1700 1702 4681
f 4681 1702 4682
f 4681 4682 4683
f 4683 4682 4684
f 4683 4684 4685
f 4685 4684 4686
f 4685 4686 4397
f 4397 4686 4687
f 4397 4687 4399
f 4399 4687 1708
f 4399 1708 4401
f 4401 1708 1710
f 4401 1710 4403
f 4403 1710 1711
f 4403 1711 4405
f 4405 1711 3481
f 3551 3737 3553
f 3553 3737 3736
f 3553 3736 3555
f 3555 3736 3734
f 3555 3734 3732
f 3857 3855 4019
f 4019 3855 3853
f 3631 3633 4636
f 4636 3633 3635
f 4636 3635 4638
f 4638 3635 3637
f 4273 4275 2803
f 2803 4275 4688
f 2803 4688 2801
f 2801 4688 4279
f 2801 4279 2814
f 4303 4301 4305
f 4305 4301 3538
f 4305 3538 4307
f 4307 3538 3540
f 4307 3540 3542
f 3314 3316 4617
f 4617 3316 4500
f 4617 4500 4499
f 4632 4657 4634
f 4634 4657 3015
f 4634 3015 3017
f 3404 3402 3406
f 3406 3402 4581
f 3406 4581 4033
f 4025 4561 4023
f 4023 4561 3301
f 4023 3301 3299
f 4680 3638 3634
f 3634 3638 3636
f 23 4689 21
f 21 4689 3766
f 21 3766 19
f 3836 4509 3838
f 3838 4509 4507
f 3838 4507 3840
f 3840 4507 4506
f 1701 3405 4690
f 4690 3405 3407
f 4690 3407 4691
f 4691 3407 3409
f 4691 3409 3670
f 4273 2803 4692
f 4692 2803 4693
f 4692 4693 4269
f 4269 4693 2805
f 4269 2805 4267
f 4267 2805 2807
f 4381 4382 4694
f 4694 4382 4695
f 4694 4695 4696
f 4696 4695 4697
f 4696 4697 4698
f 4698 4697 4699
f 4698 4699 4700
f 4700 4699 4701
f 4700 4701 4702
f 4702 4701 4703
f 4702 4703 4704
f 4704 4703 4705
f 4704 4705 4706
f 4706 4705 4707
f 4706 4707 4708
f 4708 4707 4709
f 4708 4709 4710
f 4710 4709 4711
f 4710 4711 4712
f 4712 4711 4713
f 4712 4713 4714
f 4714 4713 4209
f 4714 4209 4207
f 4698 4715 4696
f 4696 4715 114
f 4696 114 4694
f 4694 114 112
f 4694 112 4381
f 4391 4068 4389
f 4389 4068 4067
f 4389 4067 4387
f 4387 4067 4066
f 4387 4066 4385
f 4385 4066 4065
f 4385 4065 4063
f 4240 4242 4238
f 4238 4242 4646
f 4238 4646 4236
f 4236 4646 4644
f 4236 4644 4234
f 1414 1412 4311
f 4311 1412 4006
f 4311 4006 4007
f 23 25 4689
f 4689 25 57
f 4689 57 59
f 4223 4221 4716
f 4716 4221 4717
f 4716 4717 4718
f 4718 4717 4719
f 4718 4719 4720
f 4720 4719 4721
f 4720 4721 4722
f 4722 4721 4723
f 4722 4723 4724
f 4724 4723 4725
f 4724 4725 4726
f 4726 4725 4727
f 4726 4727 4728
f 4728 4727 4729
f 4728 4729 4241
f 4241 4729 4382
f 4229 4730 4231
f 4231 4730 4731
f 4231 4731 4233
f 4233 4731 4732
f 4233 4732 4235
f 4235 4732 4726
f 4235 4726 4237
f 4237 4726 4733
f 4237 4733 4239
f 4239 4733 4728
f 4239 4728 4241
f 1396 1394 4734
f 4734 1394 1392
f 4734 1392 4735
f 4735 1392 1390
f 4735 1390 4736
f 4736 1390 4737
f 4736 4737 4738
f 4738 4737 4739
f 4738 4739 4740
f 4740 4739 4741
f 4740 4741 4742
f 4742 4741 4743
f 4742 4743 4744
f 4744 4743 4745
f 4744 4745 4746
f 4746 4745 4556
f 4746 4556 3969
f 3969 4556 3967
f 2922 2001 3611
f 3611 2001 2003
f 3611 2003 3613
f 3613 2003 2005
f 3613 2005 3615
f 3615 2005 2007
f 3615 2007 2009
f 4098 4096 4747
f 4747 4096 4748
f 4747 4748 4749
f 4749 4748 4750
f 4749 4750 4751
f 4751 4750 4752
f 4751 4752 4753
f 4753 4752 80
f 4753 80 78
f 78 76 4753
f 4753 76 4754
f 4753 4754 4755
f 4755 4754 4756
f 4755 4756 4757
f 4757 4756 4758
f 4757 4758 4759
f 4759 4758 4760
f 4759 4760 4761
f 4761 4760 4762
f 4761 4762 4763
f 4763 4762 4764
f 4763 4764 4765
f 4765 4764 4766
f 4765 4766 4767
f 4767 4766 4768
f 4767 4768 4769
f 4769 4768 4770
f 4769 4770 4771
f 4771 4770 4772
f 4771 4772 4773
f 4773 4772 4774
f 4773 4774 4775
f 4775 4774 4776
f 4775 4776 4777
f 4777 4776 4778
f 4777 4778 4779
f 4779 4778 4780
f 4779 4780 4781
f 4781 4780 4782
f 4781 4782 4783
f 4783 4782 4784
f 4783 4784 4785
f 4785 4784 48
f 4785 48 46
f 2805 4693 2803
f 3582 3380 1354
f 4641 4343 4344
f 1360 1358 4786
f 4786 1358 4787
f 4786 4787 4788
f 4788 4787 3379
f 4788 3379 4642
f 4642 3379 3377
f 3240 3238 3400
f 3238 3402 3400
f 4444 4445 4649
f 4649 4445 4789
f 4649 4789 4790
f 4790 4789 4791
f 4790 4791 4792
f 4792 4791 4451
f 4792 4451 4793
f 4793 4451 4452
f 4793 4452 143
f 4566 4568 4678
f 4709 4707 4794
f 4794 4707 4705
f 4794 4705 4795
f 4795 4705 4703
f 4795 4703 4723
f 4723 4703 4701
f 4723 4701 4725
f 4725 4701 4796
f 4725 4796 4797
f 4797 4796 4695
f 4797 4695 4729
f 4729 4695 4382
f 1232 1230 1234
f 4752 4748 82
f 82 4748 4798
f 82 4798 84
f 84 4798 4094
f 84 4094 86
f 2006 2369 2008
f 3509 3507 3606
f 3606 3507 3505
f 3606 3505 3608
f 3608 3505 2930
f 3608 2930 2928
f 222 4799 4800
f 4800 4799 4280
f 4800 4280 4801
f 4801 4280 4278
f 4801 4278 4802
f 4802 4278 4276
f 4802 4276 4803
f 4803 4276 4274
f 4803 4274 4804
f 4804 4274 4805
f 4804 4805 4806
f 4806 4805 4807
f 4806 4807 4808
f 4808 4807 4809
f 4808 4809 151
f 151 4809 4810
f 151 4810 149
f 149 4810 4270
f 149 4270 147
f 147 4270 4268
f 147 4268 4811
f 4811 4268 4655
f 4811 4655 4653
f 4275 4277 4688
f 4279 4688 4277
f 72 4756 74
f 74 4756 4754
f 74 4754 76
f 1676 1678 4812
f 4812 1678 4813
f 4812 4813 4814
f 4814 4813 1416
f 4814 1416 4815
f 4815 1416 1668
f 4815 1668 4816
f 4816 1668 1670
f 4816 1670 4817
f 4817 1670 1672
f 4817 1672 1674
f 4315 4329 4316
f 4316 4329 4331
f 4316 4331 3759
f 3759 4331 4333
f 3759 4333 4818
f 4818 4333 4335
f 4818 4335 3760
f 3760 4335 3761
f 4345 3681 4501
f 4501 3681 3679
f 4501 3679 4502
f 1673 4567 1675
f 1675 4567 4565
f 1675 4565 1677
f 1677 4565 4563
f 1677 4563 1679
f 1679 4563 3389
f 1679 3389 1680
f 3295 1854 1856
f 4354 4503 4672
f 4672 4503 4504
f 4672 4504 4505
f 1851 4028 1853
f 1853 4028 1855
f 4273 4692 4271
f 4271 4692 4269
f 4368 3305 3303
f 80 4752 82
f 1227 1229 4575
f 4575 1229 4660
f 4575 4660 4574
f 3203 3199 3201
f 3394 3244 3396
f 3396 3244 3242
f 4673 4672 4505
f 4384 4050 4386
f 4386 4050 4819
f 4386 4819 4388
f 4388 4819 4559
f 4388 4559 4390
f 67 4379 65
f 65 4379 3768
f 65 3768 3767
f 4034 3614 3616
f 143 145 4793
f 4793 145 4820
f 4793 4820 4792
f 4792 4820 4821
f 4792 4821 4790
f 4790 4821 4822
f 4790 4822 4649
f 4649 4822 4651
f 4616 4618 4615
f 4615 4618 4495
f 4615 4495 4493
f 4822 4821 4651
f 4651 4821 4823
f 4651 4823 4653
f 4653 4823 4824
f 4653 4824 4811
f 4811 4824 145
f 4811 145 147
f 117 4448 115
f 115 4448 4446
f 115 4446 113
f 4725 4797 4727
f 4727 4797 4729
f 3969 3971 4825
f 4825 3971 3973
f 4825 3973 4826
f 4826 3973 3975
f 4826 3975 4827
f 4827 3975 3977
f 4827 3977 4828
f 4828 3977 1410
f 4828 1410 1408
f 4735 4736 4829
f 4829 4736 4738
f 4829 4738 4830
f 4830 4738 4831
f 4830 4831 4826
f 4826 4831 4832
f 4826 4832 4825
f 4825 4832 4746
f 4825 4746 3969
f 3174 3172 4289
f 4289 3172 4396
f 4289 4396 4833
f 4833 4396 4398
f 4833 4398 4834
f 4834 4398 4400
f 4834 4400 4293
f 4293 4400 4402
f 4293 4402 4295
f 4295 4402 4404
f 4295 4404 4296
f 4296 4404 4297
f 4659 3862 4835
f 4835 3862 3864
f 4835 3864 4836
f 4836 3864 4434
f 4836 4434 4437
f 4437 4434 4435
f 4835 4836 4659
f 4659 4836 4437
f 4642 4346 4788
f 4788 4346 4348
f 4788 4348 4837
f 4837 4348 4349
f 4837 4349 4838
f 4838 4349 4353
f 4838 4353 4839
f 4839 4353 4355
f 4839 4355 4357
f 4136 4138 4677
f 4677 4138 4139
f 4677 4139 4140
f 1674 1676 4817
f 4817 1676 4812
f 4817 4812 4816
f 4816 4812 4814
f 4816 4814 4815
f 4679 3634 3632
f 1701 4690 1703
f 1703 4690 4691
f 1703 4691 1705
f 1705 4691 3670
f 1705 3670 1707
f 4451 4791 4449
f 4449 4791 4840
f 4449 4840 4447
f 4447 4840 4841
f 4447 4841 4445
f 4445 4841 4789
f 4760 4758 70
f 70 4758 4756
f 70 4756 72
f 4660 1229 1231
f 3766 4689 59
f 4823 4821 4824
f 4824 4821 4820
f 4824 4820 145
f 3974 4006 3976
f 3976 4006 1412
f 4019 4017 4516
f 4516 4017 4842
f 4516 4842 4517
f 4517 4842 4843
f 4517 4843 4844
f 4844 4843 4845
f 4844 4845 4846
f 4846 4845 4847
f 4846 4847 4848
f 4848 4847 4849
f 4848 4849 4850
f 4850 4849 206
f 4850 206 204
f 69 4379 67
f 4807 4805 4809
f 4809 4805 4851
f 4809 4851 4810
f 4810 4851 4272
f 4810 4272 4270
f 4805 4274 4851
f 4851 4274 4272
f 2190 2192 4852
f 4852 2192 4853
f 4852 4853 4676
f 4676 4853 4854
f 4676 4854 4674
f 4674 4854 4135
f 2198 2200 4855
f 4855 2200 2202
f 4855 2202 4853
f 4853 2202 4856
f 4853 4856 4854
f 4854 4856 4137
f 4854 4137 4135
f 3944 3948 3946
f 4543 4578 4544
f 4544 4578 4576
f 4544 4576 4545
f 4370 2936 2934
f 4796 4857 4695
f 4695 4857 4699
f 4695 4699 4697
f 4728 4733 4726
f 4606 4858 4859
f 4859 4858 4860
f 4859 4860 4861
f 4861 4860 4862
f 4861 4862 4863
f 4863 4862 3302
f 4863 3302 4864
f 4864 3302 4865
f 4864 4865 4866
f 4866 4865 3306
f 4866 3306 3308
f 3308 4614 4866
f 4866 4614 4613
f 4866 4613 4864
f 4864 4613 4612
f 4864 4612 4610
f 4791 4789 4840
f 4840 4789 4841
f 1693 1691 4867
f 4867 1691 1689
f 4867 1689 4868
f 4868 1689 4869
f 4868 4869 4870
f 4870 4869 3397
f 4870 3397 3399
f 3399 3397 3398
f 2186 2188 4675
f 4094 4798 4096
f 4096 4798 4748
f 4050 4048 4819
f 4819 4048 4558
f 4819 4558 4559
f 4354 4352 4503
f 4503 4352 4350
f 1991 4871 4872
f 4872 4871 4873
f 4872 4873 1455
f 1455 4873 4874
f 1455 4874 1453
f 1453 4874 4875
f 1453 4875 4876
f 4876 4875 4877
f 4876 4877 4878
f 4878 4877 4879
f 4878 4879 4880
f 4880 4879 4881
f 4880 4881 4878
f 4878 4881 4882
f 4878 4882 4883
f 4883 4882 2927
f 4883 2927 4884
f 4884 2927 2929
f 4884 2929 4885
f 4885 2929 2931
f 4885 2931 4886
f 4886 2931 2933
f 4886 2933 4887
f 4887 2933 2935
f 4887 2935 3556
f 3556 2935 2937
f 3556 2937 3554
f 3567 3565 4888
f 4888 3565 3563
f 4888 3563 4889
f 4889 3563 4890
f 4889 4890 4891
f 4891 4890 3559
f 4891 3559 4892
f 4892 3559 3731
f 4892 3731 4893
f 4893 3731 3733
f 4893 3733 4894
f 4894 3733 3735
f 4894 3735 1355
f 1355 3735 1353
f 1358 1356 4787
f 4787 1356 3379
f 61 63 3767
f 3767 63 65
f 2293 4656 2291
f 2291 4656 4895
f 2291 4895 2289
f 2289 4895 4629
f 2289 4629 4896
f 4896 4629 4627
f 4896 4627 4897
f 4897 4627 4625
f 4897 4625 4623
f 116 114 4898
f 4898 114 4715
f 4898 4715 4899
f 4899 4715 4900
f 4899 4900 4901
f 4901 4900 4902
f 4901 4902 4903
f 4903 4902 126
f 4903 126 124
f 4549 4904 4551
f 4551 4904 4410
f 4551 4410 4553
f 4553 4410 4408
f 4553 4408 4555
f 4777 4905 4775
f 4775 4905 4906
f 4775 4906 4907
f 4907 4906 4908
f 4907 4908 4909
f 4909 4908 4910
f 4909 4910 4911
f 4911 4910 4912
f 4911 4912 4913
f 4913 4912 4914
f 4913 4914 4915
f 4915 4914 4916
f 4915 4916 4917
f 4917 4916 4918
f 4917 4918 4919
f 4919 4918 4920
f 4919 4920 4921
f 4921 4920 4922
f 4921 4922 4923
f 4923 4922 4924
f 4923 4924 4925
f 4925 4924 4926
f 4925 4926 4927
f 4927 4926 4928
f 4927 4928 4929
f 4929 4928 4930
f 4929 4930 4757
f 4757 4930 4931
f 4757 4931 4755
f 4755 4931 4751
f 4755 4751 4753
f 3666 3664 4932
f 4932 3664 2210
f 4932 2210 4933
f 4933 2210 2212
f 4933 2212 4934
f 4934 2212 4935
f 4934 4935 4936
f 4936 4935 4937
f 4936 4937 4938
f 4938 4937 4939
f 4938 4939 4940
f 4940 4939 4484
f 4940 4484 4941
f 4941 4484 4486
f 4941 4486 4942
f 4942 4486 4492
f 4942 4492 4494
f 3666 4932 4498
f 4498 4932 4933
f 4498 4933 4934
f 4774 4772 4943
f 4943 4772 4944
f 4943 4944 4945
f 4945 4944 4768
f 4945 4768 62
f 62 4768 4766
f 62 4766 64
f 64 4766 4764
f 64 4764 66
f 66 4764 4762
f 66 4762 68
f 68 4762 4760
f 68 4760 70
f 3939 3941 4946
f 4946 3941 3943
f 4946 3943 4508
f 4508 3943 3945
f 4508 3945 3947
f 4661 4662 1228
f 1228 4662 4663
f 1228 4663 1230
f 4428 4430 4739
f 4739 4430 4548
f 4739 4548 4741
f 4741 4548 4552
f 4741 4552 4743
f 4743 4552 4554
f 4743 4554 4745
f 4745 4554 4556
f 4280 4799 4281
f 4281 4799 220
f 4281 220 4283
f 4283 220 4947
f 4283 4947 4285
f 4285 4947 216
f 4285 216 4287
f 4287 216 214
f 4287 214 212
f 4870 3399 4948
f 4948 3399 3401
f 4948 3401 4949
f 4949 3401 3403
f 4949 3403 1697
f 1697 3403 1699
f 4618 4497 4495
f 4629 4895 4630
f 4630 4895 4656
f 4630 4656 4632
f 4845 4843 4950
f 4950 4843 4842
f 4950 4842 4951
f 4951 4842 4017
f 4951 4017 4015
f 4903 124 4952
f 4952 124 122
f 4952 122 4899
f 4899 122 120
f 4899 120 4898
f 4898 120 118
f 4898 118 116
f 56 55 58
f 58 55 4953
f 58 4953 4954
f 4954 4953 4955
f 4954 4955 4956
f 4956 4955 53
f 4956 53 4957
f 4957 53 52
f 4957 52 51
f 4750 4748 4752
f 3759 4818 3760
f 4575 4577 1227
f 1227 4577 4958
f 1227 4958 1225
f 1225 4958 4959
f 1225 4959 1223
f 1223 4959 4960
f 1223 4960 1221
f 1221 4960 4961
f 1221 4961 4962
f 4962 4961 4963
f 4962 4963 4964
f 4964 4963 4539
f 4964 4539 4537
f 1678 1420 4813
f 4813 1420 1418
f 4813 1418 1416
f 4716 4718 4965
f 4965 4718 4720
f 4965 4720 4731
f 4731 4720 4722
f 4731 4722 4732
f 4732 4722 4724
f 4732 4724 4726
f 4528 4532 4966
f 4966 4532 4967
f 4966 4967 4522
f 4522 4967 4968
f 4522 4968 4520
f 4520 4968 3861
f 4520 3861 4518
f 4518 3861 3859
f 4518 3859 3857
f 137 4450 4969
f 4969 4450 4970
f 4969 4970 4971
f 4971 4970 4972
f 4971 4972 121
f 121 4972 4970
f 121 4970 119
f 119 4970 4448
f 119 4448 117
f 4950 4951 208
f 208 4951 4015
f 208 4015 210
f 3631 4637 3391
f 4672 4670 4354
f 4738 4740 4831
f 4831 4740 4742
f 4831 4742 4832
f 4832 4742 4744
f 4832 4744 4746
f 1413 1415 4973
f 4973 1415 1417
f 4973 1417 4974
f 4974 1417 1419
f 4974 1419 4975
f 4975 1419 1421
f 4975 1421 4976
f 4976 1421 1423
f 4976 1423 4977
f 4977 1423 1425
f 4977 1425 1427
f 1429 1433 4978
f 4978 1433 1435
f 4978 1435 4979
f 4979 1435 4980
f 4979 4980 4981
f 4981 4980 4982
f 4981 4982 4983
f 4983 4982 1401
f 4983 1401 4984
f 4984 1401 1403
f 4984 1403 4985
f 4985 1403 1405
f 4985 1405 4986
f 4986 1405 4987
f 4986 4987 4973
f 4973 4987 1411
f 4973 1411 1413
f 4796 4701 4857
f 4699 4857 4701
f 3505 2932 2930
f 4448 4970 4450
f 3302 3304 4865
f 4865 3304 3306
f 159 4988 4989
f 4989 4988 234
f 4989 234 4990
f 4990 234 4991
f 4990 4991 4992
f 4992 4991 4993
f 4992 4993 4994
f 4994 4993 4803
f 4994 4803 4804
f 230 228 4995
f 4995 228 226
f 4995 226 4996
f 4996 226 4997
f 4996 4997 4993
f 4993 4997 4802
f 4993 4802 4803
f 220 218 4947
f 216 4947 218
f 159 4989 4998
f 4998 4989 4990
f 4998 4990 4999
f 4999 4990 4992
f 4999 4992 5000
f 5000 4992 4994
f 5000 4994 5001
f 5001 4994 4804
f 5001 4804 4806
f 151 5002 5003
f 5003 5002 5000
f 5003 5000 4808
f 4808 5000 5001
f 4808 5001 4806
f 4669 4671 4668
f 4668 4671 2292
f 4668 2292 2290
f 222 220 4799
f 4698 4700 4715
f 4715 4700 5004
f 4715 5004 4900
f 4900 5004 5005
f 4900 5005 4902
f 4902 5005 4704
f 4902 4704 5006
f 5006 4704 4706
f 5006 4706 5007
f 5007 4706 4708
f 5007 4708 5008
f 5008 4708 4710
f 5008 4710 4712
f 55 54 4953
f 4953 54 53
f 4953 53 4955
f 4788 4837 4786
f 4786 4837 5009
f 4786 5009 5010
f 5010 5009 5011
f 5010 5011 5012
f 5012 5011 4361
f 5012 4361 1366
f 1366 4361 4363
f 1366 4363 1368
f 4299 4300 5013
f 5013 4300 4302
f 5013 4302 5014
f 5014 4302 4304
f 5014 4304 4380
f 3534 3536 4301
f 4301 3536 3538
f 3189 3191 4328
f 4328 3191 3193
f 4328 3193 4330
f 4330 3193 5015
f 4330 5015 4332
f 4332 5015 3197
f 2210 3664 2208
f 4349 4351 4353
f 2206 4137 2204
f 2204 4137 4856
f 2204 4856 2202
f 151 5003 4808
f 1689 1687 4869
f 4869 1687 5016
f 4869 5016 3397
f 3397 5016 3395
f 3933 3935 5017
f 5017 3935 5018
f 5017 5018 5019
f 5019 5018 5020
f 5019 5020 5021
f 5021 5020 5022
f 5021 5022 5023
f 5023 5022 5024
f 5023 5024 5025
f 5025 5024 5026
f 5025 5026 3828
f 3828 5026 5027
f 3828 5027 3830
f 3830 5027 5028
f 3830 5028 4512
f 4512 5028 5029
f 4512 5029 4511
f 4511 5029 4510
f 146 144 5030
f 5030 144 142
f 5030 142 140
f 5007 5031 5006
f 5006 5031 5032
f 5006 5032 5033
f 5033 5032 5034
f 5033 5034 128
f 128 5034 5035
f 128 5035 5036
f 5036 5035 5037
f 5036 5037 5038
f 5038 5037 5039
f 5038 5039 132
f 132 5039 5040
f 132 5040 134
f 134 5040 5041
f 134 5041 5042
f 5042 5041 5043
f 5042 5043 5044
f 5044 5043 189
f 5044 189 5030
f 5030 189 148
f 5030 148 146
f 3193 3195 5015
f 5015 3195 3197
f 224 222 5045
f 5045 222 4800
f 5045 4800 4801
f 1422 1420 1678
f 4682 1702 4686
f 4686 1702 1704
f 4686 1704 4687
f 4687 1704 1706
f 4687 1706 1708
f 4412 4410 4432
f 4432 4410 4904
f 4432 4904 4547
f 4547 4904 4549
f 1687 1685 5016
f 5016 1685 3393
f 5016 3393 3395
f 4801 4802 5045
f 5045 4802 4997
f 5045 4997 226
f 3403 3405 1699
f 1699 3405 1701
f 1355 1357 4894
f 4894 1357 5046
f 4894 5046 4893
f 4893 5046 5047
f 4893 5047 5048
f 5048 5047 5049
f 5048 5049 5050
f 5050 5049 5051
f 5050 5051 5052
f 5052 5051 5053
f 5052 5053 5054
f 5054 5053 4888
f 5054 4888 4889
f 4676 2190 4852
f 3806 3804 5055
f 5055 3804 5056
f 5055 5056 5057
f 5057 5056 5058
f 5057 5058 5059
f 5059 5058 5060
f 5059 5060 5061
f 5061 5060 5062
f 5061 5062 5063
f 5063 5062 5064
f 5063 5064 5065
f 5065 5064 5066
f 5065 5066 5067
f 5067 5066 5068
f 5067 5068 5069
f 5069 5068 5070
f 5069 5070 5071
f 5071 5070 5072
f 5071 5072 5073
f 5073 5072 5074
f 5073 5074 5075
f 5075 5074 5076
f 5075 5076 5077
f 5077 5076 5078
f 5077 5078 5079
f 5079 5078 5080
f 5079 5080 5081
f 5081 5080 5082
f 5081 5082 5083
f 5083 5082 5084
f 5083 5084 5085
f 5085 5084 5086
f 5085 5086 5087
f 5087 5086 5088
f 5087 5088 5089
f 5089 5088 5090
f 5089 5090 5091
f 5091 5090 5092
f 5091 5092 5093
f 5093 5092 5094
f 5093 5094 5095
f 5095 5094 5096
f 5095 5096 5097
f 5097 5096 5098
f 5097 5098 5099
f 5099 5098 5100
f 5099 5100 5101
f 5101 5100 5102
f 5101 5102 5103
f 5103 5102 5104
f 5103 5104 5105
f 5105 5104 5106
f 5105 5106 5107
f 5107 5106 5108
f 5107 5108 5109
f 5109 5108 5110
f 5109 5110 5111
f 5111 5110 4214
f 5111 4214 5112
f 5112 4214 5113
f 5112 5113 5114
f 5114 5113 4218
f 5114 4218 5115
f 5115 4218 5116
f 5115 5116 5117
f 5117 5116 5118
f 5117 5118 5119
f 5119 5118 5120
f 5119 5120 4101
f 4101 5120 5121
f 4101 5121 4099
f 4099 5121 4226
f 4099 4226 4097
f 4097 4226 4228
f 4097 4228 4095
f 3557 3555 3732
f 5004 4700 5005
f 5005 4700 4702
f 5005 4702 4704
f 4508 4510 5122
f 5122 4510 5029
f 5122 5029 5123
f 5123 5029 5028
f 5123 5028 5124
f 5124 5028 5027
f 5124 5027 5125
f 5125 5027 5024
f 5125 5024 5022
f 3744 5126 3531
f 3531 5126 3754
f 3531 3754 3533
f 3533 3754 3756
f 3533 3756 3535
f 3535 3756 3758
f 3535 3758 3537
f 3188 3182 3190
f 3190 3182 5127
f 3190 5127 3192
f 3192 5127 4292
f 3192 4292 5128
f 5128 4292 4294
f 5128 4294 3196
f 3192 5128 3194
f 3194 5128 3196
f 1695 1693 5129
f 5129 1693 4867
f 5129 4867 4948
f 4948 4867 4868
f 4948 4868 4870
f 4899 4901 4952
f 4126 4124 5130
f 5130 4124 5131
f 5130 5131 5132
f 5132 5131 5133
f 5132 5133 5134
f 5134 5133 5135
f 5134 5135 5136
f 5136 5135 5137
f 5136 5137 5138
f 5138 5137 5139
f 5138 5139 4926
f 4926 5139 5140
f 4926 5140 4928
f 4928 5140 5141
f 4928 5141 4930
f 4930 5141 5142
f 4930 5142 4931
f 4931 5142 4749
f 4931 4749 4751
f 4885 4886 5143
f 5143 4886 5144
f 5143 5144 3560
f 3560 5144 4887
f 3560 4887 3558
f 3558 4887 3556
f 3944 3942 4373
f 4373 3942 3940
f 4373 3940 5145
f 5145 3940 4082
f 5145 4082 4080
f 4354 4670 4356
f 1226 4661 1228
f 141 137 139
f 151 153 5002
f 5002 153 155
f 5002 155 157
f 211 213 5146
f 5146 213 5147
f 5146 5147 5148
f 5148 5147 5149
f 5148 5149 5150
f 5150 5149 5151
f 5150 5151 5152
f 5152 5151 5153
f 5152 5153 5154
f 5154 5153 5155
f 5154 5155 5156
f 5156 5155 5157
f 5156 5157 5158
f 5158 5157 5159
f 5158 5159 5160
f 5160 5159 5161
f 5160 5161 5162
f 5162 5161 5163
f 5162 5163 5164
f 5164 5163 5165
f 5164 5165 5166
f 5166 5165 5167
f 5166 5167 5168
f 5168 5167 5169
f 5168 5169 5170
f 5170 5169 5171
f 5170 5171 5172
f 5172 5171 5173
f 5172 5173 5174
f 5174 5173 5175
f 5174 5175 5176
f 5176 5175 5177
f 5176 5177 5178
f 5178 5177 5179
f 5178 5179 5180
f 5180 5179 5181
f 5180 5181 255
f 255 5181 259
f 255 259 257
f 237 5182 5183
f 5183 5182 235
f 5183 235 5184
f 5184 235 207
f 5184 207 5146
f 5146 207 209
f 5146 209 211
f 4940 4942 4938
f 4938 4942 5185
f 4938 5185 4934
f 4934 5185 4496
f 4934 4496 4498
f 1850 1852 5186
f 5186 1852 3294
f 5186 3294 5187
f 5187 3294 3296
f 5187 3296 5188
f 5188 3296 3298
f 5188 3298 5189
f 5189 3298 3300
f 5189 3300 4862
f 4862 3300 3302
f 4532 4534 4967
f 4967 4534 4536
f 4967 4536 5190
f 5190 4536 4540
f 5190 4540 5191
f 5191 4540 4542
f 5191 4542 3865
f 3865 4542 3867
f 1398 1396 1400
f 1400 1396 4734
f 1400 4734 5192
f 5192 4734 4829
f 5192 4829 5193
f 5193 4829 4830
f 5193 4830 4827
f 4827 4830 4826
f 60 58 4943
f 4943 58 4954
f 4943 4954 4774
f 4774 4954 4956
f 4774 4956 4776
f 4776 4956 4957
f 4776 4957 51
f 4508 5122 4946
f 4946 5122 5194
f 4946 5194 3939
f 3939 5194 5195
f 3939 5195 3937
f 3937 5195 5018
f 3937 5018 3935
f 125 129 5196
f 5196 129 131
f 5196 131 4971
f 4971 131 133
f 4971 133 4969
f 4969 133 135
f 4969 135 137
f 4716 4965 4225
f 4225 4965 4730
f 4225 4730 4227
f 4227 4730 4229
f 2924 3610 2926
f 2926 3610 3609
f 4523 4521 4846
f 4846 4521 4519
f 4846 4519 4844
f 4844 4519 4517
f 4624 4626 4415
f 4415 4626 4628
f 4415 4628 4413
f 4413 4628 4411
f 5009 4837 5197
f 5197 4837 4838
f 5197 4838 5198
f 5198 4838 4359
f 5198 4359 5199
f 5199 4359 4361
f 5199 4361 5011
f 4548 4550 4552
f 2004 2002 4064
f 4064 2002 5200
f 4064 5200 4062
f 4062 5200 5201
f 4062 5201 4061
f 4061 5201 5202
f 4061 5202 4059
f 4059 5202 5203
f 4059 5203 5204
f 5204 5203 5205
f 5204 5205 5206
f 5206 5205 1471
f 5206 1471 5207
f 5207 1471 5208
f 5207 5208 5209
f 5209 5208 5210
f 5209 5210 5211
f 5211 5210 5212
f 5211 5212 5213
f 5213 5212 3131
f 5213 3131 5214
f 5214 3131 3133
f 5214 3133 5215
f 5215 3133 3135
f 5215 3135 5216
f 5216 3135 5217
f 5216 5217 5218
f 5218 5217 5219
f 5218 5219 5220
f 5220 5219 5221
f 5220 5221 5222
f 5222 5221 4051
f 5222 4051 4053
f 34 32 1849
f 182 180 5223
f 5223 180 5224
f 5223 5224 5225
f 5225 5224 154
f 5225 154 188
f 188 154 152
f 188 152 190
f 190 152 150
f 157 4998 5002
f 5002 4998 4999
f 5002 4999 5000
f 234 4995 4991
f 4991 4995 4996
f 4991 4996 4993
f 1405 1407 4987
f 4987 1407 1409
f 4987 1409 1411
f 5196 4971 125
f 125 4971 121
f 125 121 123
f 3526 3528 2632
f 2632 3528 5014
f 2632 5014 2634
f 2634 5014 4380
f 2634 4380 2636
f 4901 4903 4952
f 1429 5226 4977
f 4977 5226 5227
f 4977 5227 4976
f 4976 5227 5228
f 4976 5228 4975
f 4975 5228 4986
f 4975 4986 5229
f 5229 4986 4973
f 5229 4973 4974
f 4961 4960 5230
f 5230 4960 4959
f 5230 4959 5231
f 5231 4959 4958
f 5231 4958 4579
f 4579 4958 4577
f 62 60 4945
f 60 4943 4945
f 5192 5193 1408
f 1408 5193 4827
f 1408 4827 4828
f 2286 4668 2288
f 2288 4668 2290
f 3861 4968 3863
f 3863 4968 5190
f 3863 5190 5191
f 134 5042 138
f 138 5042 5232
f 138 5232 140
f 140 5232 5030
f 2189 4042 2191
f 224 5045 226
f 213 215 5147
f 5147 215 217
f 5147 217 5233
f 5233 217 5234
f 5233 5234 5235
f 5235 5234 5236
f 5235 5236 5237
f 5237 5236 5238
f 5237 5238 5239
f 5239 5238 5240
f 5239 5240 5241
f 5241 5240 5242
f 5241 5242 5243
f 5243 5242 5244
f 5243 5244 5245
f 5245 5244 5246
f 5245 5246 5247
f 5247 5246 5248
f 5247 5248 5249
f 5249 5248 5250
f 5249 5250 5251
f 5251 5250 5252
f 5251 5252 5253
f 5253 5252 5254
f 5253 5254 5255
f 5255 5254 5256
f 5255 5256 5257
f 5257 5256 5258
f 5257 5258 5259
f 5259 5258 5260
f 5259 5260 5261
f 5261 5260 5262
f 5261 5262 5263
f 5263 5262 5264
f 5263 5264 5265
f 5265 5264 5266
f 5265 5266 5267
f 5267 5266 5268
f 5267 5268 5269
f 5269 5268 5270
f 5269 5270 5271
f 5271 5270 5272
f 5271 5272 5273
f 5273 5272 5274
f 5273 5274 5275
f 5275 5274 5276
f 5275 5276 5277
f 5277 5276 5278
f 5277 5278 5279
f 5279 5278 5280
f 5279 5280 5281
f 5281 5280 5282
f 5281 5282 5283
f 5283 5282 5284
f 5283 5284 5285
f 5285 5284 5286
f 5285 5286 5287
f 5287 5286 5288
f 5287 5288 5289
f 5289 5288 5290
f 5289 5290 5291
f 5291 5290 5292
f 5291 5292 5293
f 5293 5292 5294
f 5293 5294 5295
f 5295 5294 5296
f 5295 5296 5297
f 5297 5296 5298
f 5297 5298 5299
f 5299 5298 5300
f 5299 5300 5301
f 5301 5300 5302
f 5301 5302 5303
f 5303 5302 465
f 5303 465 463
f 208 206 4950
f 4950 206 4849
f 4950 4849 4847
f 3755 4316 3757
f 3757 4316 3759
f 5030 5232 5044
f 1697 1695 4949
f 4949 1695 5129
f 4949 5129 4948
f 4731 4730 4965
f 4923 4925 5304
f 5304 4925 4927
f 5304 4927 4759
f 4759 4927 4929
f 4759 4929 4757
f 4975 5229 4974
f 4847 4845 4950
f 4359 4838 4357
f 4357 4838 4839
f 5254 5252 5305
f 5305 5252 5306
f 5305 5306 5307
f 5307 5306 5308
f 5307 5308 5309
f 5309 5308 5310
f 5309 5310 5311
f 5311 5310 5312
f 5311 5312 5313
f 5313 5312 5240
f 5313 5240 5314
f 5314 5240 5238
f 5314 5238 5315
f 5315 5238 5236
f 5315 5236 5316
f 5316 5236 5317
f 5316 5317 221
f 221 5317 219
f 217 219 5234
f 5234 219 5317
f 5234 5317 5236
f 3865 3863 5191
f 4723 4721 4795
f 4795 4721 4719
f 4795 4719 4794
f 4794 4719 5318
f 4794 5318 4709
f 4709 5318 4717
f 4709 4717 5319
f 5319 4717 4219
f 5319 4219 4217
f 5260 5258 5320
f 5320 5258 5321
f 5320 5321 5322
f 5322 5321 5323
f 5322 5323 5324
f 5324 5323 5325
f 5324 5325 5326
f 5326 5325 5327
f 5326 5327 5328
f 5328 5327 5329
f 5328 5329 5330
f 5330 5329 5331
f 5330 5331 5332
f 5332 5331 5333
f 5332 5333 5334
f 5334 5333 5335
f 5334 5335 5336
f 5336 5335 5337
f 5336 5337 5338
f 5338 5337 5339
f 5338 5339 5340
f 5340 5339 5316
f 5340 5316 223
f 223 5316 221
f 5199 5011 5198
f 5198 5011 5009
f 5198 5009 5197
f 136 134 138
f 4050 4384 4052
f 2281 2283 4619
f 4619 2283 5341
f 4619 5341 4621
f 4621 5341 2285
f 4621 2285 5342
f 5342 2285 2287
f 5342 2287 4896
f 4896 2287 2289
f 5232 5042 5044
f 5185 4942 4496
f 4496 4942 4494
f 4547 4431 4432
f 4289 4833 4291
f 4291 4833 4834
f 4291 4834 4293
f 1681 3388 1683
f 1683 3388 3390
f 1683 3390 1685
f 2194 2196 2192
f 2192 2196 4855
f 2192 4855 4853
f 34 1850 36
f 36 1850 5186
f 36 5186 5343
f 5343 5186 5187
f 5343 5187 5344
f 5344 5187 5188
f 5344 5188 5345
f 5345 5188 5189
f 5345 5189 4860
f 4860 5189 4862
f 3891 3893 5346
f 5346 3893 5347
f 5346 5347 5348
f 5348 5347 5349
f 5348 5349 5350
f 5350 5349 5351
f 5350 5351 5352
f 5352 5351 5353
f 5352 5353 5354
f 5354 5353 5355
f 5354 5355 5356
f 5356 5355 5357
f 5356 5357 5358
f 5358 5357 5359
f 5358 5359 5360
f 5360 5359 5357
f 5360 5357 5361
f 5361 5357 5362
f 5361 5362 5363
f 5363 5362 5364
f 5363 5364 5365
f 5365 5364 2627
f 5365 2627 5366
f 5366 2627 2629
f 5366 2629 4079
f 4079 2629 5367
f 4079 5367 4077
f 4077 5367 2633
f 4077 2633 2635
f 5139 5368 5369
f 5369 5368 5370
f 5369 5370 5371
f 5371 5370 5372
f 5371 5372 5373
f 5373 5372 5374
f 5373 5374 5142
f 5142 5374 4747
f 5142 4747 4749
f 127 129 125
f 4786 5010 1360
f 1360 5010 5375
f 1360 5375 5376
f 5376 5375 1364
f 5376 1364 1362
f 4911 4913 5377
f 5377 4913 4915
f 5377 4915 5378
f 5378 4915 5379
f 5378 5379 4769
f 4769 5379 5380
f 4769 5380 4767
f 4767 5380 5381
f 4767 5381 5382
f 5382 5381 4921
f 5382 4921 5383
f 5383 4921 4923
f 5383 4923 4761
f 4761 4923 5304
f 4761 5304 4759
f 5336 5338 227
f 227 5338 5340
f 227 5340 225
f 225 5340 223
f 2211 2209 5384
f 5384 2209 5385
f 5384 5385 5386
f 5386 5385 5387
f 5386 5387 5388
f 5388 5387 5389
f 5388 5389 5390
f 5390 5389 2207
f 5390 2207 2205
f 2205 2203 5390
f 5390 2203 5391
f 5390 5391 5392
f 5392 5391 2223
f 5392 2223 5388
f 5388 2223 2221
f 5388 2221 5386
f 5386 2221 2219
f 5386 2219 5384
f 5384 2219 5393
f 5384 5393 2211
f 2211 5393 5394
f 2211 5394 2213
f 2213 5394 2217
f 2213 2217 2215
f 5049 5047 5395
f 5395 5047 5396
f 5395 5396 5397
f 5397 5396 5046
f 5397 5046 1359
f 1359 5046 1357
f 5387 5385 5389
f 5389 5385 2209
f 5389 2209 2207
f 4606 5398 4608
f 4608 5398 5399
f 4608 5399 4610
f 4610 5399 4863
f 4610 4863 4864
f 5146 5148 5184
f 5184 5148 5400
f 5184 5400 5183
f 5183 5400 5401
f 5183 5401 237
f 237 5401 5402
f 237 5402 5403
f 5403 5402 5156
f 5403 5156 5158
f 5159 5157 5404
f 5404 5157 5405
f 5404 5405 5406
f 5406 5405 5407
f 5406 5407 5408
f 5408 5407 5409
f 5408 5409 5410
f 5410 5409 5411
f 5410 5411 5237
f 5237 5411 5412
f 5237 5412 5235
f 5235 5412 5149
f 5235 5149 5233
f 5233 5149 5147
f 5006 5033 4902
f 4902 5033 128
f 4902 128 126
f 4118 4114 5413
f 5413 4114 4112
f 5413 4112 5414
f 5414 4112 5415
f 5414 5415 5416
f 5416 5415 4106
f 5416 4106 5417
f 5417 4106 4104
f 5417 4104 5370
f 5370 4104 4102
f 5370 4102 5372
f 5372 4102 4100
f 5372 4100 5374
f 5374 4100 4098
f 5374 4098 4747
f 5018 5195 5418
f 5418 5195 5194
f 5418 5194 5123
f 5123 5194 5122
f 4936 4938 4934
f 5144 4886 4887
f 4539 5230 4580
f 4580 5230 5231
f 4580 5231 4579
f 4358 4356 4360
f 4360 4356 5419
f 4360 5419 4362
f 4362 5419 4667
f 4362 4667 5420
f 5420 4667 4666
f 5420 4666 4367
f 4356 4667 5419
f 157 159 4998
f 5014 3528 5013
f 5013 3528 3530
f 5013 3530 4299
f 3122 3120 5421
f 5421 3120 5422
f 5421 5422 3154
f 3154 5422 5423
f 3154 5423 3156
f 3156 5423 5424
f 3156 5424 5425
f 5425 5424 5426
f 5425 5426 5427
f 5427 5426 5428
f 5427 5428 5429
f 5429 5428 1696
f 5429 1696 5430
f 5430 1696 1698
f 5430 1698 1700
f 5425 5427 5431
f 5431 5427 5429
f 5431 5429 5432
f 5432 5429 5430
f 5432 5430 4681
f 4681 5430 1700
f 4684 4682 4686
f 4978 4979 5226
f 5226 4979 4983
f 5226 4983 5227
f 5227 4983 4984
f 5227 4984 5228
f 5228 4984 4985
f 5228 4985 4986
f 4080 4078 5145
f 5145 4078 4373
f 4430 4431 4548
f 5322 5324 5433
f 5433 5324 5434
f 5433 5434 5435
f 5435 5434 5436
f 5435 5436 5437
f 5437 5436 5438
f 5437 5438 5439
f 5439 5438 5440
f 5439 5440 5441
f 5441 5440 5442
f 5441 5442 5443
f 5443 5442 5444
f 5443 5444 5445
f 5445 5444 5446
f 5445 5446 5447
f 5447 5446 5448
f 5447 5448 5449
f 5449 5448 5450
f 5449 5450 5451
f 5451 5450 5452
f 5451 5452 5453
f 5453 5452 5454
f 5453 5454 5455
f 5455 5454 5456
f 5455 5456 5457
f 5457 5456 5458
f 5457 5458 5459
f 5459 5458 5460
f 5459 5460 5461
f 5461 5460 5462
f 5461 5462 5463
f 5463 5462 5464
f 5463 5464 5465
f 5465 5464 5466
f 5465 5466 5467
f 5467 5466 183
f 5467 183 5468
f 5468 183 185
f 5468 185 5469
f 5469 185 187
f 5469 187 5043
f 5043 187 189
f 1408 1406 5192
f 5192 1406 1402
f 5192 1402 1400
f 4468 4470 5470
f 5470 4470 5471
f 5470 5471 5472
f 5472 5471 5473
f 5472 5473 5474
f 5474 5473 5475
f 5474 5475 2216
f 2216 5475 5476
f 2216 5476 2214
f 2214 5476 5477
f 2214 5477 2212
f 2212 5477 4935
f 2277 2279 4423
f 4423 2279 5478
f 4423 5478 5479
f 5479 5478 5480
f 5479 5480 4419
f 4419 5480 4622
f 4419 4622 4417
f 4417 4622 4624
f 4417 4624 4415
f 205 207 235
f 128 5036 130
f 130 5036 5038
f 130 5038 132
f 4896 4897 5342
f 5342 4897 4623
f 5342 4623 4621
f 2199 2223 2201
f 2201 2223 5391
f 2201 5391 2203
f 4765 5382 4763
f 4763 5382 5383
f 4763 5383 4761
f 184 5223 186
f 186 5223 5225
f 186 5225 188
f 3827 1226 1224
f 5022 5020 5125
f 5125 5020 5418
f 5125 5418 5124
f 5124 5418 5123
f 1992 1990 5481
f 5481 1990 5482
f 5481 5482 5483
f 5483 5482 1463
f 5483 1463 5484
f 5484 1463 1465
f 5484 1465 5485
f 5485 1465 1467
f 5485 1467 5486
f 5486 1467 1469
f 5486 1469 5487
f 5487 1469 5205
f 5487 5205 5488
f 5488 5205 5203
f 5488 5203 5489
f 5489 5203 5202
f 5489 5202 5490
f 5490 5202 5491
f 5490 5491 5492
f 5492 5491 5200
f 5492 5200 5493
f 5493 5200 2002
f 5493 2002 2000
f 2195 2193 5494
f 5494 2193 2191
f 5494 2191 5495
f 5495 2191 4045
f 5495 4045 5496
f 5496 4045 5497
f 5496 5497 5498
f 5498 5497 4046
f 5498 4046 5499
f 5499 4046 4047
f 5499 4047 5500
f 5500 4047 4049
f 5500 4049 5221
f 5221 4049 4051
f 170 5501 5502
f 5502 5501 5503
f 5502 5503 5504
f 5504 5503 158
f 5504 158 5505
f 5505 158 156
f 5505 156 154
f 154 5224 5505
f 5505 5224 178
f 5505 178 5504
f 5504 178 176
f 5504 176 5506
f 5506 176 172
f 5506 172 170
f 4486 4488 4492
f 4492 4488 4490
f 4591 4593 5507
f 5507 4593 4595
f 5507 4595 5508
f 5508 4595 4597
f 5508 4597 5509
f 5509 4597 5510
f 5509 5510 5511
f 5511 5510 5512
f 5511 5512 4582
f 4582 5512 5513
f 4582 5513 4487
f 4487 5513 5514
f 4487 5514 4489
f 4489 5514 4611
f 4489 4611 4491
f 234 232 4995
f 230 4995 232
f 1359 1361 5397
f 5397 1361 1363
f 5397 1363 5395
f 5395 1363 5515
f 5395 5515 5049
f 5049 5515 5516
f 5049 5516 5051
f 5051 5516 5517
f 5051 5517 5053
f 5053 5517 5518
f 5053 5518 5519
f 5519 5518 3569
f 5519 3569 3567
f 234 4988 161
f 161 4988 159
f 5325 5520 5327
f 5327 5520 5305
f 5327 5305 5329
f 5329 5305 5307
f 5329 5307 5521
f 5521 5307 5309
f 5521 5309 5522
f 5522 5309 5311
f 5522 5311 5523
f 5523 5311 5313
f 5523 5313 5335
f 5335 5313 5314
f 5335 5314 5337
f 5337 5314 5524
f 5337 5524 5339
f 5339 5524 5315
f 5339 5315 5316
f 5010 5012 5375
f 5375 5012 1366
f 5375 1366 1364
f 1360 5376 1362
f 5154 5525 5152
f 5152 5525 5526
f 5152 5526 5150
f 5150 5526 5400
f 5150 5400 5148
f 4942 4940 4941
f 4523 4846 5527
f 5527 4846 4848
f 5527 4848 5528
f 5528 4848 5529
f 5528 5529 5530
f 5530 5529 236
f 5530 236 238
f 5190 4968 4967
f 5390 5392 5388
f 4218 4220 5116
f 5116 4220 4222
f 5116 4222 5120
f 5120 4222 4224
f 5120 4224 5121
f 5121 4224 4226
f 2198 4855 2196
f 4397 4395 4685
f 4685 4395 3166
f 4685 3166 4683
f 4683 3166 3164
f 4683 3164 3162
f 5140 5369 5141
f 5141 5369 5373
f 5141 5373 5142
f 4606 4859 5398
f 5398 4859 4861
f 5398 4861 4863
f 4863 5399 5398
f 3179 3181 5531
f 5531 3181 3183
f 5531 3183 5532
f 5532 3183 3185
f 5532 3185 5533
f 5533 3185 3187
f 5533 3187 5534
f 5534 3187 5535
f 5534 5535 5536
f 5536 5535 4322
f 5536 4322 5537
f 5537 4322 5538
f 5537 5538 5539
f 5539 5538 5540
f 5539 5540 5541
f 5541 5540 5542
f 5541 5542 5543
f 5543 5542 5544
f 5543 5544 5545
f 5545 5544 5546
f 5545 5546 5547
f 5547 5546 5548
f 5547 5548 5549
f 5549 5548 5550
f 5549 5550 5551
f 5551 5550 5552
f 5551 5552 5553
f 5553 5552 5554
f 5553 5554 5555
f 5555 5554 5556
f 5555 5556 5557
f 5557 5556 5558
f 5557 5558 4600
f 4600 5558 5559
f 4600 5559 4602
f 4602 5559 5560
f 4602 5560 5561
f 5561 5560 5562
f 5561 5562 5563
f 5563 5562 5564
f 5563 5564 5565
f 5565 5564 2590
f 5565 2590 5344
f 5344 2590 2588
f 5344 2588 5343
f 5343 2588 38
f 5343 38 36
f 4324 5535 4325
f 4325 5535 3187
f 4325 3187 4327
f 4327 3187 3189
f 4327 3189 4328
f 4484 4939 5566
f 5566 4939 4937
f 5566 4937 5476
f 5476 4937 4935
f 5476 4935 5477
f 3577 5567 5568
f 5568 5567 1447
f 5568 1447 5569
f 5569 1447 1451
f 5569 1451 5570
f 5570 1451 4876
f 5570 4876 5571
f 5571 4876 4878
f 5571 4878 5572
f 5572 4878 4883
f 5572 4883 5573
f 5573 4883 5574
f 5573 5574 5575
f 5575 5574 5576
f 5575 5576 5577
f 5577 5576 4885
f 5577 4885 5143
f 4885 5576 4884
f 4884 5576 5574
f 4884 5574 4883
f 2219 2217 5393
f 5393 2217 5394
f 5149 5412 5151
f 5151 5412 5411
f 5151 5411 5153
f 5153 5411 5407
f 5153 5407 5155
f 5155 5407 5405
f 5155 5405 5157
f 3816 3814 5578
f 5578 3814 5579
f 5578 5579 5580
f 5580 5579 5581
f 5580 5581 5582
f 5582 5581 5021
f 5582 5021 5583
f 5583 5021 5023
f 5583 5023 5584
f 5584 5023 5025
f 5584 5025 3826
f 3826 5025 3828
f 3182 3180 5127
f 5127 3180 4290
f 5127 4290 4292
f 3113 5585 1690
f 1690 5585 5586
f 1690 5586 5587
f 5587 5586 5588
f 5587 5588 5589
f 5589 5588 5590
f 5589 5590 5591
f 5591 5590 5592
f 5591 5592 5593
f 5593 5592 5594
f 5593 5594 5595
f 5595 5594 5596
f 5595 5596 5597
f 5597 5596 5598
f 5597 5598 1682
f 1682 5598 1426
f 1682 1426 1424
f 4772 4770 4944
f 4944 4770 4768
f 5396 5047 5046
f 1406 1404 1402
f 4716 4225 4223
f 4187 4185 5599
f 5599 4185 4183
f 5599 4183 5600
f 5600 4183 5601
f 5600 5601 5602
f 5602 5601 5603
f 5602 5603 5604
f 5604 5603 5605
f 5604 5605 5606
f 5606 5605 5607
f 5606 5607 5608
f 5608 5607 5609
f 5608 5609 5610
f 5610 5609 5465
f 5610 5465 5611
f 5611 5465 5467
f 5611 5467 5612
f 5612 5467 5468
f 5612 5468 5613
f 5613 5468 5469
f 5613 5469 5614
f 5614 5469 5043
f 5614 5043 5041
f 5610 5611 5615
f 5615 5611 5616
f 5615 5616 5617
f 5617 5616 5618
f 5617 5618 5619
f 5619 5618 5620
f 5619 5620 5621
f 5621 5620 5613
f 5621 5613 5622
f 5622 5613 5614
f 5622 5614 5623
f 5623 5614 5041
f 5623 5041 5040
f 4602 5561 4604
f 4604 5561 5624
f 4604 5624 4858
f 4858 5624 5625
f 4858 5625 4860
f 4860 5625 5626
f 4860 5626 5345
f 5345 5626 5565
f 5345 5565 5344
f 4318 4319 4317
f 4317 4319 4326
f 4317 4326 4315
f 5219 5498 5221
f 5221 5498 5499
f 5221 5499 5500
f 5027 5026 5024
f 2629 2631 5367
f 5367 2631 2633
f 4739 4737 4428
f 4428 4737 1388
f 4428 1388 4426
f 4426 1388 1386
f 4426 1386 1384
f 4871 1993 5627
f 5627 1993 1995
f 5627 1995 5628
f 5628 1995 5629
f 5628 5629 5630
f 5630 5629 2925
f 5630 2925 5631
f 5631 2925 2927
f 5631 2927 4882
f 5593 5595 5632
f 5632 5595 5597
f 5632 5597 5633
f 5633 5597 1684
f 5633 1684 5634
f 5634 1684 1686
f 5634 1686 1688
f 4060 4058 4054
f 4054 4058 4056
f 5497 4045 4046
f 4665 2286 2284
f 5052 5054 5635
f 5635 5054 4892
f 5635 4892 5636
f 5636 4892 4893
f 5636 4893 5637
f 5637 4893 5048
f 5637 5048 5050
f 5513 4607 5514
f 5514 4607 4609
f 5514 4609 4611
f 5570 5571 5638
f 5638 5571 5575
f 5638 5575 3564
f 3564 5575 5577
f 3564 5577 5639
f 5639 5577 5143
f 5639 5143 3562
f 3562 5143 3560
f 5200 5491 5201
f 5222 4053 5220
f 5220 4053 4055
f 5220 4055 4057
f 4848 4850 5529
f 5529 4850 204
f 5529 204 236
f 5494 5495 2195
f 2195 5495 5496
f 2195 5496 5640
f 5640 5496 5641
f 5640 5641 5642
f 5642 5641 5643
f 5642 5643 5644
f 5644 5643 5645
f 5644 5645 5646
f 5646 5645 3143
f 5646 3143 5647
f 5647 3143 5648
f 5647 5648 5649
f 5649 5648 5650
f 5649 5650 5651
f 5651 5650 5652
f 5651 5652 5653
f 5653 5652 5654
f 5653 5654 4459
f 4459 5654 5655
f 4459 5655 5656
f 5656 5655 5657
f 5656 5657 5658
f 5658 5657 5659
f 5658 5659 5660
f 5660 5659 5661
f 5660 5661 5662
f 5662 5661 5663
f 5662 5663 5664
f 5664 5663 5665
f 5664 5665 5666
f 5666 5665 5667
f 5666 5667 5668
f 5668 5667 5669
f 5668 5669 5670
f 5670 5669 3173
f 5670 3173 3175
f 2628 3526 2630
f 2630 3526 2632
f 5007 5008 5031
f 5031 5008 5671
f 5031 5671 5672
f 5672 5671 5673
f 5672 5673 5674
f 5674 5673 5675
f 5674 5675 5676
f 5676 5675 5677
f 5676 5677 5678
f 5678 5677 5679
f 5678 5679 5680
f 5680 5679 5681
f 5680 5681 5682
f 5682 5681 5683
f 5682 5683 5684
f 5684 5683 5619
f 5684 5619 5685
f 5685 5619 5622
f 5685 5622 5686
f 5686 5622 5623
f 5686 5623 5687
f 5687 5623 5040
f 5687 5040 5037
f 5037 5040 5039
f 170 168 5501
f 5501 168 5688
f 5501 5688 5503
f 5503 5688 160
f 5503 160 158
f 3559 4890 3561
f 45 47 39
f 39 47 49
f 39 49 37
f 37 49 35
f 5336 227 5689
f 5689 227 229
f 5689 229 5690
f 5690 229 5691
f 5690 5691 5692
f 5692 5691 5693
f 5692 5693 5694
f 5694 5693 5695
f 5694 5695 5696
f 5696 5695 5697
f 5696 5697 5698
f 5698 5697 5699
f 5698 5699 5700
f 5700 5699 5701
f 5700 5701 5702
f 5702 5701 5703
f 5702 5703 5704
f 5704 5703 5705
f 5704 5705 5706
f 5706 5705 5707
f 5706 5707 5708
f 5708 5707 5709
f 5708 5709 5710
f 5710 5709 5711
f 5710 5711 5712
f 5712 5711 177
f 5712 177 5713
f 5713 177 179
f 5713 179 181
f 5318 4719 4717
f 5490 5493 5714
f 5714 5493 2000
f 5714 2000 1998
f 3936 4084 3938
f 3938 4084 4082
f 3938 4082 3940
f 1999 2921 5715
f 5715 2921 2923
f 5715 2923 5629
f 5629 2923 2925
f 3170 4396 3172
f 5382 4765 4767
f 1684 5597 1682
f 4536 4538 4540
f 168 166 5688
f 5688 166 164
f 5688 164 160
f 160 164 162
f 5492 5493 5490
f 4478 4480 5716
f 5716 4480 4482
f 5716 4482 5473
f 5473 4482 5717
f 5473 5717 5475
f 5475 5717 5566
f 5475 5566 5476
f 240 242 5718
f 5718 242 4527
f 5718 4527 5528
f 5528 4527 4525
f 5528 4525 5527
f 5527 4525 4523
f 5054 4889 4892
f 4892 4889 4891
f 4734 4735 4829
f 5422 3118 5719
f 5719 3118 3116
f 5719 3116 5720
f 5720 3116 5721
f 5720 5721 5722
f 5722 5721 1694
f 5722 1694 5723
f 5723 1694 1696
f 5723 1696 5428
f 180 178 5224
f 5315 5524 5314
f 4526 4528 4524
f 4524 4528 4966
f 4524 4966 4522
f 5624 5561 5625
f 5625 5561 5563
f 5625 5563 5626
f 5626 5563 5565
f 5629 1995 5715
f 5715 1995 1997
f 5715 1997 1999
f 4737 1390 1388
f 169 5703 5724
f 5724 5703 5701
f 5724 5701 5725
f 5725 5701 5699
f 5725 5699 5726
f 5726 5699 5727
f 5726 5727 165
f 165 5727 233
f 165 233 163
f 3156 5431 3158
f 3158 5431 5728
f 3158 5728 3160
f 3160 5728 5432
f 3160 5432 5729
f 5729 5432 4681
f 5729 4681 4683
f 5182 237 235
f 5647 5651 5730
f 5730 5651 5731
f 5730 5731 5732
f 5732 5731 2225
f 5732 2225 5733
f 5733 2225 2195
f 5733 2195 5640
f 5154 5156 5525
f 5525 5156 5402
f 5525 5402 5526
f 5526 5402 5401
f 5526 5401 5400
f 48 4784 50
f 50 4784 4778
f 50 4778 51
f 51 4778 4776
f 4425 4424 4429
f 4429 4424 4420
f 4429 4420 4418
f 5635 5636 5052
f 5052 5636 5637
f 5052 5637 5050
f 5223 184 182
f 5201 5491 5202
f 40 38 2588
f 5672 5674 5032
f 5032 5674 5734
f 5032 5734 5034
f 5034 5734 5735
f 5034 5735 5035
f 5035 5735 5037
f 5593 5632 5736
f 5736 5632 5633
f 5736 5633 5737
f 5737 5633 5634
f 5737 5634 5738
f 5738 5634 1688
f 5738 1688 1690
f 2279 2281 5478
f 5478 2281 4620
f 5478 4620 5480
f 5480 4620 4622
f 229 231 5691
f 5691 231 233
f 5691 233 5693
f 5693 233 5727
f 5693 5727 5695
f 5695 5727 5699
f 5695 5699 5697
f 5474 2216 5739
f 5739 2216 2218
f 5739 2218 5740
f 5740 2218 2220
f 5740 2220 4454
f 4454 2220 2222
f 1377 1379 5741
f 5741 1379 5742
f 5741 5742 5743
f 5743 5742 5517
f 5743 5517 5744
f 5744 5517 5516
f 5744 5516 5745
f 5745 5516 5515
f 5745 5515 1365
f 1365 5515 1363
f 5680 5682 5746
f 5746 5682 5747
f 5746 5747 5735
f 5735 5747 5687
f 5735 5687 5037
f 5490 5714 5489
f 5489 5714 1996
f 5489 1996 5488
f 5488 1996 1994
f 5488 1994 5487
f 5487 1994 1992
f 5487 1992 5748
f 5748 1992 5481
f 5748 5481 5483
f 1998 1996 5714
f 3561 4890 3563
f 4482 4484 5717
f 5717 4484 5566
f 5639 3562 3564
f 5020 5018 5418
f 5341 2283 2285
f 5371 5373 5369
f 4485 4483 4487
f 5504 5506 5502
f 4875 4874 5749
f 5749 4874 4873
f 5749 4873 5750
f 5750 4873 4871
f 5750 4871 5751
f 5751 4871 5627
f 5751 5627 4877
f 4877 5627 5628
f 4877 5628 4881
f 4881 5628 5631
f 4881 5631 4882
f 5628 5630 5631
f 4364 4362 4365
f 4365 4362 5420
f 4365 5420 4367
f 4539 4963 5230
f 4961 5230 4963
f 4599 4603 5510
f 5510 4603 4605
f 5510 4605 5512
f 5512 4605 4607
f 5512 4607 5513
f 5721 3114 5752
f 5752 3114 1692
f 5752 1692 1694
f 4858 4606 4604
f 3166 4395 3168
f 3168 4395 3170
f 1694 5721 5752
f 3160 5729 3162
f 3162 5729 4683
f 5578 5580 5753
f 5753 5580 5754
f 5753 5754 5755
f 5755 5754 5583
f 5755 5583 3824
f 3824 5583 5584
f 3824 5584 3825
f 3825 5584 3826
f 4419 4421 5479
f 1428 1426 5756
f 5756 1426 5598
f 5756 5598 5757
f 5757 5598 5596
f 5757 5596 5758
f 5758 5596 5594
f 5758 5594 5759
f 5759 5594 5592
f 5759 5592 5760
f 5760 5592 5590
f 5760 5590 5761
f 5761 5590 5588
f 5761 5588 5762
f 5762 5588 5586
f 5762 5586 3117
f 3117 5586 5585
f 3117 5585 3115
f 3115 5585 3113
f 5207 5209 5206
f 5206 5209 5763
f 5206 5763 5204
f 5204 5763 5218
f 5204 5218 4057
f 4057 5218 5220
f 3143 5645 3141
f 3141 5645 5764
f 3141 5764 3139
f 3139 5764 5643
f 3139 5643 3137
f 3137 5643 5641
f 3137 5641 5765
f 5765 5641 5496
f 5765 5496 5498
f 3176 3174 4289
f 2590 5564 2592
f 2592 5564 5562
f 2592 5562 5560
f 3135 5765 5217
f 5217 5765 5498
f 5217 5498 5219
f 4977 1427 1429
f 5502 5506 170
f 309 307 5766
f 5766 307 5767
f 5766 5767 5768
f 5768 5767 5769
f 5768 5769 5770
f 5770 5769 5771
f 5770 5771 5772
f 5772 5771 5773
f 5772 5773 5774
f 5774 5773 5775
f 5774 5775 5776
f 5776 5775 5777
f 5776 5777 5778
f 5778 5777 5779
f 5778 5779 5780
f 5780 5779 5781
f 5780 5781 5782
f 5782 5781 5783
f 5782 5783 5784
f 5784 5783 5785
f 5784 5785 5786
f 5786 5785 5787
f 5786 5787 5788
f 5788 5787 5789
f 5788 5789 5790
f 5790 5789 5165
f 5790 5165 5791
f 5791 5165 5163
f 5791 5163 5792
f 5792 5163 5793
f 5792 5793 5794
f 5794 5793 5795
f 5794 5795 5796
f 5796 5795 5797
f 5796 5797 5798
f 5798 5797 5799
f 5798 5799 5243
f 5243 5799 5408
f 5243 5408 5241
f 5241 5408 5410
f 5241 5410 5239
f 5239 5410 5237
f 165 167 5725
f 5725 167 169
f 5725 169 5724
f 5725 5726 165
f 5432 5728 5431
f 5446 5444 5800
f 5800 5444 5801
f 5800 5801 5802
f 5802 5801 5442
f 5802 5442 5700
f 5700 5442 5440
f 5700 5440 5698
f 5698 5440 5803
f 5698 5803 5696
f 5696 5803 5804
f 5696 5804 5694
f 5694 5804 5805
f 5694 5805 5692
f 5692 5805 5806
f 5692 5806 5690
f 5690 5806 5334
f 5690 5334 5689
f 5689 5334 5336
f 5593 5736 5591
f 5591 5736 5737
f 5591 5737 5589
f 5589 5737 5738
f 5589 5738 5587
f 5587 5738 1690
f 5363 5365 4081
f 4081 5365 5366
f 4081 5366 4079
f 4057 4059 5204
f 2224 2225 4453
f 4453 2225 5731
f 4453 5731 4455
f 4455 5731 5651
f 4455 5651 5807
f 5807 5651 5653
f 5807 5653 4459
f 4453 2222 2224
f 1365 1367 5745
f 5745 1367 1369
f 5745 1369 5808
f 5808 1369 1371
f 5808 1371 1373
f 4422 4420 4424
f 4881 4879 4877
f 5747 5684 5687
f 5687 5684 5685
f 5687 5685 5686
f 4429 4427 4425
f 3184 3182 3186
f 3186 3182 3188
f 3527 3742 3529
f 3529 3742 3744
f 3529 3744 3531
f 45 39 43
f 43 39 41
f 5719 5720 5424
f 5424 5720 5722
f 5424 5722 5426
f 5426 5722 5723
f 5426 5723 5428
f 5528 5530 5718
f 5718 5530 238
f 5718 238 240
f 5575 5571 5573
f 5733 5640 5732
f 5732 5640 5642
f 5732 5642 5644
f 4783 4785 5809
f 5809 4785 46
f 5809 46 5810
f 5810 46 44
f 5810 44 5811
f 5811 44 42
f 5811 42 2595
f 2595 42 2587
f 2595 2587 2593
f 2593 2587 2589
f 2593 2589 2591
f 4421 4423 5479
f 3570 3572 5812
f 5812 3572 3580
f 5812 3580 5813
f 5813 3580 3579
f 5813 3579 5814
f 5814 3579 5570
f 5814 5570 5815
f 5815 5570 5638
f 5815 5638 3566
f 3566 5638 3564
f 4454 5816 5740
f 5740 5816 5817
f 5740 5817 5739
f 5739 5817 5472
f 5739 5472 5474
f 5409 5407 5411
f 1401 4982 1399
f 1399 4982 4980
f 1399 4980 1397
f 1397 4980 5818
f 1397 5818 5819
f 5819 5818 5820
f 5819 5820 5821
f 5821 5820 5822
f 5821 5822 5823
f 5823 5822 1441
f 5823 1441 1443
f 5377 5378 5824
f 5824 5378 4771
f 5824 4771 4907
f 4907 4771 4773
f 4907 4773 4775
f 5140 5139 5369
f 3754 5126 3752
f 3752 5126 3748
f 3752 3748 3750
f 5571 5572 5573
f 4717 4221 4219
f 5659 5657 5661
f 5661 5657 5825
f 5661 5825 5663
f 5663 5825 5826
f 5663 5826 5665
f 5665 5826 5827
f 5665 5827 5667
f 5667 5827 3163
f 5667 3163 5828
f 5828 3163 3165
f 5828 3165 3167
f 5380 5379 5381
f 5381 5379 4917
f 5381 4917 4919
f 2278 1370 2280
f 2280 1370 4366
f 2280 4366 2282
f 4769 4771 5378
f 5621 5622 5619
f 174 172 176
f 5746 5735 5829
f 5829 5735 5734
f 5829 5734 5674
f 4366 1370 1368
f 3171 5669 3169
f 3169 5669 5828
f 3169 5828 3167
f 3156 5425 5431
f 4983 4979 4981
f 5672 5032 5031
f 5132 5134 5830
f 5830 5134 5136
f 5830 5136 5831
f 5831 5136 5138
f 5831 5138 4924
f 4924 5138 4926
f 5613 5620 5612
f 5612 5620 5618
f 5612 5618 5616
f 5211 5213 5209
f 5209 5213 5215
f 5209 5215 5763
f 5763 5215 5216
f 5763 5216 5218
f 3116 3114 5721
f 5669 3171 3173
f 1429 4978 5226
f 1433 1429 1431
f 4919 4921 5381
f 4483 4481 4583
f 4107 5832 4105
f 4105 5832 5117
f 4105 5117 4103
f 4103 5117 5119
f 4103 5119 4101
f 1375 1377 5833
f 5833 1377 5743
f 5833 5743 5834
f 5834 5743 5744
f 5834 5744 5808
f 5808 5744 5745
f 3567 4888 5519
f 5519 4888 5053
f 183 5466 181
f 181 5466 5464
f 181 5464 5835
f 5835 5464 5462
f 5835 5462 5836
f 5836 5462 5460
f 5836 5460 5458
f 4875 5749 4877
f 4877 5749 5750
f 4877 5750 5751
f 4319 4321 4323
f 2604 2602 5837
f 5837 2602 2600
f 5837 2600 5838
f 5838 2600 2598
f 5838 2598 5558
f 5558 2598 2596
f 5558 2596 5559
f 5559 2596 2594
f 5559 2594 5560
f 5560 2594 2592
f 5329 5521 5331
f 5331 5521 5522
f 5331 5522 5333
f 5333 5522 5523
f 5333 5523 5335
f 244 246 5839
f 5839 246 248
f 5839 248 4529
f 4529 248 5840
f 4529 5840 4531
f 4531 5840 5841
f 4531 5841 4533
f 4533 5841 5842
f 4533 5842 4535
f 4535 5842 5843
f 4535 5843 4537
f 4537 5843 4964
f 5328 5330 5805
f 5805 5330 5332
f 5805 5332 5806
f 5806 5332 5334
f 4780 4778 4782
f 4782 4778 4784
f 1370 2278 1372
f 4465 4463 5844
f 5844 4463 4461
f 5844 4461 5845
f 5845 4461 5658
f 5845 5658 5846
f 5846 5658 5847
f 5846 5847 5848
f 5848 5847 5849
f 5848 5849 5850
f 5850 5849 5851
f 5850 5851 5852
f 5852 5851 5853
f 5852 5853 5854
f 5854 5853 5855
f 5854 5855 5856
f 5856 5855 5857
f 5856 5857 5858
f 5858 5857 5859
f 5858 5859 5531
f 5531 5859 3177
f 5531 3177 3179
f 5473 5471 5716
f 5716 5471 4470
f 5716 4470 4478
f 4478 4470 4472
f 4478 4472 4474
f 4132 4130 5860
f 5860 4130 5861
f 5860 5861 5862
f 5862 5861 5863
f 5862 5863 5864
f 5864 5863 5865
f 5864 5865 4916
f 4916 5865 5866
f 4916 5866 4918
f 4918 5866 5867
f 4918 5867 4920
f 4920 5867 5831
f 4920 5831 4922
f 4922 5831 4924
f 5707 5705 171
f 171 5705 5703
f 171 5703 169
f 3525 3742 3527
f 5707 173 5709
f 5709 173 5868
f 5709 5868 5711
f 5711 5868 175
f 5711 175 177
f 4458 4462 4456
f 4456 4462 5816
f 4456 5816 4454
f 4589 5508 5869
f 5869 5508 5509
f 5869 5509 4584
f 4584 5509 5511
f 4584 5511 4582
f 1428 5756 5870
f 5870 5756 5757
f 5870 5757 5758
f 3901 3903 5871
f 5871 3903 5872
f 5871 5872 5873
f 5873 5872 5874
f 5873 5874 5875
f 5875 5874 5876
f 5875 5876 5877
f 5877 5876 5878
f 5877 5878 5879
f 5879 5878 5880
f 5879 5880 5881
f 5881 5880 4905
f 5881 4905 4779
f 4779 4905 4777
f 1438 1436 5882
f 5882 1436 1434
f 5882 1434 5883
f 5883 1434 1432
f 5883 1432 5870
f 5870 1432 1430
f 5870 1430 1428
f 1384 2275 4423
f 4423 2275 2276
f 4423 2276 2277
f 5765 3135 3137
f 5517 5742 5518
f 5518 5742 5884
f 5518 5884 5885
f 5885 5884 5886
f 5885 5886 5887
f 5887 5886 5888
f 5887 5888 5889
f 5889 5888 5890
f 5889 5890 5891
f 5891 5890 5892
f 5891 5892 5893
f 5893 5892 5894
f 5893 5894 1393
f 1393 5894 1389
f 1393 1389 1391
f 5118 5116 5120
f 1383 1385 5894
f 5894 1385 1387
f 5894 1387 1389
f 5669 5667 5828
f 5816 4464 5817
f 5817 4464 5470
f 5817 5470 5472
f 5732 5644 5730
f 5730 5644 5646
f 5730 5646 5647
f 2610 2608 5895
f 5895 2608 5896
f 5895 5896 5897
f 5897 5896 5898
f 5897 5898 5899
f 5899 5898 5900
f 5899 5900 5901
f 5901 5900 5902
f 5901 5902 5903
f 5903 5902 5904
f 5903 5904 3751
f 3751 5904 4320
f 3751 4320 3753
f 5812 5814 3568
f 3568 5814 5815
f 3568 5815 3566
f 3149 3151 5905
f 5905 3151 5906
f 5905 5906 5907
f 5907 5906 5908
f 5907 5908 5826
f 5826 5908 5909
f 5826 5909 5827
f 5827 5909 3161
f 5827 3161 3163
f 3932 5360 4085
f 4085 5360 5361
f 4085 5361 4083
f 4083 5361 5363
f 4083 5363 4081
f 5868 173 175
f 237 5403 239
f 239 5403 5910
f 239 5910 5911
f 5911 5910 5912
f 5911 5912 5913
f 5913 5912 5164
f 5913 5164 5914
f 5914 5164 5166
f 5914 5166 5168
f 4209 4713 4211
f 4211 4713 4711
f 4211 4711 4215
f 4215 4711 5915
f 4215 5915 5319
f 5319 5915 4709
f 4711 4709 5915
f 3934 4084 3936
f 5458 5456 5916
f 5916 5456 5917
f 5916 5917 5918
f 5918 5917 5919
f 5918 5919 5920
f 5920 5919 5921
f 5920 5921 5922
f 5922 5921 5712
f 5922 5712 5836
f 5836 5712 5713
f 5836 5713 5835
f 5835 5713 181
f 4603 4599 4601
f 5684 5747 5682
f 1384 1382 2275
f 2275 1382 5923
f 2275 5923 2273
f 2273 5923 1382
f 2273 1382 1380
f 3744 3746 5126
f 5126 3746 3748
f 5808 1373 5834
f 5834 1373 1375
f 5834 1375 5833
f 3153 3155 5906
f 5906 3155 5924
f 5906 5924 5908
f 5908 5924 3159
f 5908 3159 5909
f 5909 3159 3161
f 173 5707 171
f 1374 2274 1376
f 5424 5423 5719
f 4324 4322 5535
f 5250 5248 5306
f 5306 5248 5246
f 5306 5246 5925
f 5925 5246 5244
f 5925 5244 5312
f 5312 5244 5242
f 5312 5242 5240
f 1993 4871 1991
f 4473 5926 5927
f 5927 5926 5850
f 5927 5850 5928
f 5928 5850 5852
f 5928 5852 5929
f 5929 5852 5930
f 5929 5930 5931
f 5931 5930 5932
f 5931 5932 5933
f 5933 5932 5934
f 5933 5934 5935
f 5935 5934 5936
f 5935 5936 5937
f 5937 5936 5938
f 5937 5938 5939
f 5939 5938 5940
f 5939 5940 5941
f 5941 5940 5942
f 5941 5942 5943
f 5943 5942 5944
f 5943 5944 5536
f 5536 5944 5533
f 5536 5533 5534
f 3177 5859 3175
f 3175 5859 5857
f 3175 5857 5945
f 5945 5857 5668
f 5945 5668 5670
f 1210 1211 5946
f 5946 1211 1213
f 5946 1213 5947
f 5947 1213 1215
f 5947 1215 5948
f 5948 1215 1217
f 5948 1217 4962
f 4962 1217 1219
f 4962 1219 1221
f 5945 5670 3175
f 1441 5822 1439
f 1439 5822 5820
f 1439 5820 1437
f 1437 5820 5949
f 1437 5949 1435
f 1435 5949 4980
f 5820 5818 5949
f 5949 5818 4980
f 5139 5137 5368
f 5368 5137 5417
f 5368 5417 5370
f 4455 5807 4457
f 4911 5377 4909
f 4909 5377 5824
f 4909 5824 4907
f 1451 1453 4876
f 5852 5854 5930
f 5930 5854 5950
f 5930 5950 5951
f 5951 5950 5952
f 5951 5952 5942
f 5942 5952 5953
f 5942 5953 5944
f 5944 5953 5532
f 5944 5532 5533
f 1397 5819 1395
f 1395 5819 5954
f 1395 5954 1393
f 1393 5954 5955
f 1393 5955 5893
f 5893 5955 5956
f 5893 5956 5891
f 5891 5956 5957
f 5891 5957 5889
f 5889 5957 5958
f 5889 5958 5887
f 5887 5958 3569
f 5887 3569 5518
f 3155 3157 5924
f 5924 3157 3159
f 5379 4915 4917
f 4962 4964 5948
f 5948 4964 5843
f 5948 5843 5947
f 5947 5843 5842
f 5947 5842 5959
f 5959 5842 5841
f 5959 5841 5946
f 5946 5841 1209
f 5946 1209 1210
f 4479 4583 4481
f 5816 4462 4464
f 5008 4712 5671
f 5671 4712 4714
f 5671 4714 5673
f 5673 4714 5960
f 5673 5960 5961
f 5961 5960 4205
f 5961 4205 4203
f 4532 4528 4530
f 5878 4908 5880
f 5880 4908 4906
f 5880 4906 4905
f 1473 1466 5962
f 5962 1466 5963
f 5962 5963 5964
f 5964 5963 5965
f 5964 5965 5966
f 5966 5965 5967
f 5966 5967 5968
f 5968 5967 5969
f 5968 5969 5970
f 5970 5969 5761
f 5970 5761 3119
f 3119 5761 5762
f 3119 5762 3117
f 1378 2273 1380
f 4597 4599 5510
f 5422 5719 5423
f 5950 5971 5952
f 5952 5971 5858
f 5952 5858 5953
f 5953 5858 5531
f 5953 5531 5532
f 5886 5884 5888
f 5888 5884 1379
f 5888 1379 5890
f 5890 1379 1381
f 5890 1381 5892
f 5892 1381 1383
f 5892 1383 5894
f 4197 5972 4199
f 4199 5972 5973
f 4199 5973 5974
f 5974 5973 5975
f 5974 5975 5976
f 5976 5975 5977
f 5976 5977 5978
f 5978 5977 5979
f 5978 5979 5980
f 5980 5979 5981
f 5980 5981 5683
f 5683 5981 5617
f 5683 5617 5619
f 5743 1377 5741
f 3925 3927 5982
f 5982 3927 3929
f 5982 3929 5983
f 5983 3929 3931
f 5983 3931 5984
f 5984 3931 5017
f 5984 5017 5985
f 5985 5017 5019
f 5985 5019 5581
f 5581 5019 5021
f 5205 1469 1471
f 5570 3579 5569
f 5569 3579 3577
f 5569 3577 5568
f 5611 5612 5616
f 5676 5678 5829
f 5829 5678 5680
f 5829 5680 5746
f 3120 3118 5422
f 5643 5764 5645
f 5742 1379 5884
f 5215 5213 5214
f 1457 1989 1455
f 1455 1989 1991
f 1455 1991 4872
f 1466 1464 5963
f 5963 1464 5986
f 5963 5986 5965
f 5965 5986 5987
f 5965 5987 5988
f 5988 5987 5989
f 5988 5989 5990
f 5990 5989 5991
f 5990 5991 5758
f 5758 5991 5870
f 5986 1462 5987
f 5987 1462 5992
f 5987 5992 5989
f 5989 5992 5993
f 5989 5993 5991
f 5991 5993 5883
f 5991 5883 5870
f 5887 5518 5885
f 5486 5487 5994
f 5994 5487 5748
f 5994 5748 5484
f 5484 5748 5483
f 3820 3818 3822
f 3822 3818 5995
f 3822 5995 3823
f 3823 5995 5755
f 3823 5755 3824
f 4468 5470 4466
f 4466 5470 4464
f 5668 5857 5996
f 5996 5857 5855
f 5996 5855 5997
f 5997 5855 5853
f 5997 5853 5851
f 5851 5849 5997
f 5997 5849 5998
f 5997 5998 5996
f 5996 5998 5666
f 5996 5666 5668
f 5761 5969 5760
f 5760 5969 5999
f 5760 5999 6000
f 6000 5999 5990
f 6000 5990 5759
f 5759 5990 5758
f 6000 5759 5760
f 5543 5937 5541
f 5541 5937 5939
f 5541 5939 5539
f 5539 5939 5941
f 5539 5941 5537
f 5537 5941 5943
f 5537 5943 5536
f 5212 1473 6001
f 6001 1473 5964
f 6001 5964 6002
f 6002 5964 5966
f 6002 5966 6003
f 6003 5966 5968
f 6003 5968 3121
f 3121 5968 5970
f 3121 5970 3119
f 2595 2597 5811
f 5811 2597 6004
f 5811 6004 5810
f 5810 6004 6005
f 5810 6005 6006
f 6006 6005 6007
f 6006 6007 6008
f 6008 6007 6009
f 6008 6009 6010
f 6010 6009 6011
f 6010 6011 6012
f 6012 6011 6013
f 6012 6013 6014
f 6014 6013 3897
f 6014 3897 6015
f 6015 3897 6016
f 6015 6016 6017
f 6017 6016 3899
f 6017 3899 3901
f 5819 5821 6018
f 6018 5821 6019
f 6018 6019 6020
f 6020 6019 3575
f 6020 3575 5957
f 5957 3575 3573
f 5957 3573 5958
f 5958 3573 3571
f 5958 3571 3569
f 5319 4217 4215
f 5540 5538 5904
f 5904 5538 4322
f 5904 4322 4320
f 3570 5812 3568
f 5651 5647 5649
f 5813 5814 5812
f 3130 3128 6021
f 6021 3128 3126
f 6021 3126 6022
f 6022 3126 3124
f 6022 3124 6023
f 6023 3124 5421
f 6023 5421 3152
f 3152 5421 3154
f 5955 5954 5956
f 5956 5954 6020
f 5956 6020 5957
f 5877 5879 4781
f 4781 5879 5881
f 4781 5881 4779
f 3523 3739 3524
f 3524 3739 3525
f 6020 5954 6018
f 6018 5954 5819
f 6017 6024 6025
f 6025 6024 6026
f 6025 6026 6027
f 6027 6026 5877
f 6027 5877 6028
f 6028 5877 4781
f 6028 4781 6029
f 6029 4781 4783
f 6029 4783 5809
f 3147 3149 6030
f 6030 3149 5905
f 6030 5905 5825
f 5825 5905 5907
f 5825 5907 5826
f 4457 5807 4459
f 3522 2618 6031
f 6031 2618 6032
f 6031 6032 6033
f 6033 6032 6034
f 6033 6034 6035
f 6035 6034 6036
f 6035 6036 3749
f 3749 6036 5903
f 3749 5903 3751
f 4460 4462 4458
f 4584 4585 5869
f 5869 4585 4587
f 5869 4587 4589
f 5580 5582 5754
f 5754 5582 5583
f 5829 5674 5676
f 1452 1446 1458
f 1458 1446 6037
f 1458 6037 1460
f 1460 6037 6038
f 1460 6038 6039
f 6039 6038 6040
f 6039 6040 5992
f 5992 6040 6041
f 5992 6041 5993
f 5993 6041 5882
f 5993 5882 5883
f 3150 3148 6042
f 6042 3148 3146
f 6042 3146 6043
f 6043 3146 3142
f 6043 3142 6044
f 6044 3142 3140
f 6044 3140 6045
f 6045 3140 3138
f 6045 3138 3136
f 3136 3134 6045
f 6045 3134 3132
f 6045 3132 3130
f 5660 5662 5998
f 5998 5662 5664
f 5998 5664 5666
f 1451 1447 1449
f 242 244 4527
f 4527 244 5839
f 4527 5839 4529
f 5450 5448 6046
f 6046 5448 5706
f 6046 5706 6047
f 6047 5706 6048
f 6047 6048 5921
f 5921 6048 5710
f 5921 5710 5712
f 3151 3153 5906
f 5545 5547 6049
f 6049 5547 6050
f 6049 6050 6051
f 6051 6050 6052
f 6051 6052 6053
f 6053 6052 4592
f 6053 4592 6054
f 6054 4592 4590
f 6054 4590 6055
f 6055 4590 4588
f 6055 4588 6056
f 6056 4588 4586
f 6056 4586 4477
f 4477 4586 4479
f 5950 5854 5971
f 5971 5854 5856
f 5971 5856 5858
f 5648 3143 5650
f 5650 3143 3145
f 5650 3145 5654
f 5654 3145 6057
f 5654 6057 5655
f 5655 6057 3147
f 5655 3147 6030
f 5969 5967 5999
f 5999 5967 5965
f 5999 5965 5988
f 3740 6058 3743
f 3743 6058 6035
f 3743 6035 3745
f 3745 6035 3749
f 3745 3749 3747
f 3121 3123 6003
f 6003 3123 3125
f 6003 3125 3127
f 3124 3122 5421
f 5208 1471 5210
f 5210 1471 1473
f 5210 1473 5212
f 6040 1440 6041
f 6041 1440 1438
f 6041 1438 5882
f 3581 3574 3576
f 5650 5654 5652
f 4478 4474 4476
f 4459 5656 4461
f 5988 5990 5999
f 5706 5708 6048
f 6048 5708 5710
f 3152 3150 6023
f 6023 3150 6042
f 6023 6042 6022
f 6022 6042 6043
f 6022 6043 6044
f 2627 5364 2625
f 2625 5364 6059
f 2625 6059 2623
f 2623 6059 6060
f 2623 6060 6061
f 6061 6060 6062
f 6061 6062 6063
f 6063 6062 5362
f 6063 5362 6064
f 6064 5362 5357
f 6064 5357 5355
f 5821 5823 6019
f 6019 5823 1443
f 6019 1443 1445
f 6027 6028 6008
f 6008 6028 6029
f 6008 6029 6006
f 6006 6029 5809
f 6006 5809 5810
f 6065 6066 6067
f 6067 6066 4179
f 6067 4179 6068
f 6068 4179 4177
f 6068 4177 6069
f 6069 4177 4175
f 6069 4175 6070
f 6070 4175 4173
f 6070 4173 6071
f 6071 4173 4171
f 6071 4171 6072
f 6072 4171 6073
f 6072 6073 6074
f 6074 6073 6075
f 6074 6075 6076
f 6076 6075 6077
f 6076 6077 6078
f 6078 6077 6079
f 6078 6079 6080
f 6080 6079 6081
f 6080 6081 6082
f 6082 6081 6083
f 6082 6083 6084
f 6084 6083 6085
f 6084 6085 6086
f 6086 6085 6087
f 6086 6087 6065
f 6065 6087 6088
f 6065 6088 6089
f 6089 6088 6090
f 6089 6090 6091
f 6091 6090 6092
f 6091 6092 5605
f 5605 6092 6093
f 5605 6093 5607
f 5607 6093 6094
f 5607 6094 5609
f 5609 6094 5463
f 5609 5463 5465
f 4600 4598 5557
f 5557 4598 6095
f 5557 6095 6096
f 6096 6095 6097
f 6096 6097 6098
f 6098 6097 6099
f 6098 6099 5553
f 5553 6099 5549
f 5553 5549 5551
f 5486 5994 5485
f 4471 4469 5926
f 5926 4469 4467
f 5926 4467 6100
f 6100 4467 4465
f 6100 4465 5844
f 5485 5994 5484
f 5161 5159 6101
f 6101 5159 5404
f 6101 5404 5797
f 5797 5404 5406
f 5797 5406 6102
f 6102 5406 5408
f 6102 5408 5799
f 1990 1459 5482
f 5482 1459 1461
f 5482 1461 1463
f 1452 1458 1454
f 1454 1458 1456
f 5448 5446 5704
f 5704 5446 5800
f 5704 5800 5702
f 5702 5800 5802
f 5702 5802 5700
f 3741 3740 3743
f 5655 6030 5657
f 5657 6030 5825
f 3577 3575 5567
f 5567 3575 6019
f 5567 6019 1445
f 3131 5212 3129
f 3129 5212 6001
f 3129 6001 3127
f 3127 6001 6002
f 3127 6002 6003
f 1452 1450 1446
f 6022 6044 6021
f 6021 6044 6045
f 6021 6045 3130
f 5934 5932 5936
f 5936 5932 5951
f 5936 5951 5940
f 5940 5951 5942
f 5862 6103 6104
f 6104 6103 4914
f 6104 4914 6105
f 6105 4914 4912
f 6105 4912 5874
f 5874 4912 4910
f 5874 4910 5876
f 5876 4910 4908
f 5876 4908 5878
f 3142 3146 3144
f 4461 5656 5658
f 1450 1448 1446
f 5658 5660 5847
f 5847 5660 5998
f 5847 5998 5849
f 5836 5458 5922
f 5922 5458 5916
f 5922 5916 5918
f 5550 5548 6106
f 6106 5548 5546
f 6106 5546 6107
f 6107 5546 5544
f 6107 5544 6108
f 6108 5544 6109
f 6108 6109 5902
f 5902 6109 5540
f 5902 5540 5904
f 1470 1468 1472
f 1447 5567 1445
f 3147 6057 3145
f 4471 5926 4473
f 2607 6110 2605
f 2605 6110 6111
f 2605 6111 2603
f 2603 6111 6112
f 2603 6112 6113
f 6113 6112 6114
f 6113 6114 6115
f 6115 6114 6004
f 6115 6004 2597
f 2601 6113 2599
f 2599 6113 6115
f 2599 6115 2597
f 5846 5848 5845
f 5845 5848 6100
f 5845 6100 5844
f 5706 5448 5704
f 1446 1444 6037
f 6037 1444 1442
f 6037 1442 6038
f 6038 1442 1440
f 6038 1440 6040
f 5403 5158 5910
f 5910 5158 5160
f 5910 5160 5912
f 5912 5160 5162
f 5912 5162 5164
f 5929 5931 6116
f 6116 5931 6117
f 6116 6117 6118
f 6118 6117 6055
f 6118 6055 4475
f 4475 6055 6056
f 4475 6056 4477
f 3931 3933 5017
f 5312 5310 5925
f 5925 5310 5308
f 5925 5308 5306
f 4589 4591 5508
f 5508 4591 5507
f 2604 5837 5552
f 5552 5837 6119
f 5552 6119 5554
f 5554 6119 5838
f 5554 5838 5556
f 5556 5838 5558
f 5328 5805 6120
f 6120 5805 5804
f 6120 5804 6121
f 6121 5804 5803
f 6121 5803 5436
f 5436 5803 5438
f 4126 5130 6122
f 6122 5130 5132
f 6122 5132 6123
f 6123 5132 5830
f 6123 5830 5867
f 5867 5830 5831
f 1460 6039 1462
f 1462 6039 5992
f 5450 6046 6124
f 6124 6046 6047
f 6124 6047 5919
f 5919 6047 5921
f 5964 1473 5962
f 239 5911 241
f 241 5911 5913
f 241 5913 6125
f 6125 5913 5914
f 6125 5914 5168
f 4120 4118 6126
f 6126 4118 5413
f 6126 5413 6127
f 6127 5413 6128
f 6127 6128 5135
f 5135 6128 5416
f 5135 5416 5137
f 5137 5416 5417
f 3740 3522 6058
f 6058 3522 6031
f 6058 6031 6033
f 5683 5681 5980
f 5980 5681 5679
f 5980 5679 5978
f 5978 5679 6129
f 5978 6129 5976
f 5976 6129 6130
f 5976 6130 6131
f 6131 6130 4203
f 6131 4203 4201
f 5926 6100 5850
f 6100 5848 5850
f 1464 1462 5986
f 6099 6097 6132
f 6132 6097 6095
f 6132 6095 4596
f 4596 6095 4598
f 4197 4195 5972
f 5972 4195 6133
f 5972 6133 5973
f 5973 6133 6134
f 5973 6134 5975
f 5975 6134 6135
f 5975 6135 5977
f 5977 6135 6136
f 5977 6136 5979
f 5979 6136 6137
f 5979 6137 5981
f 5981 6137 5615
f 5981 5615 5617
f 5932 5930 5951
f 4475 4473 6118
f 6118 4473 5927
f 6118 5927 6116
f 6116 5927 5928
f 6116 5928 5929
f 5936 5940 5938
f 6034 5899 6036
f 6036 5899 5901
f 6036 5901 5903
f 6063 6064 6061
f 6061 6064 5355
f 6061 5355 2621
f 2621 5355 5353
f 2621 5353 6138
f 6138 5353 5351
f 6138 5351 6139
f 6139 5351 5349
f 6139 5349 6140
f 6140 5349 5347
f 6140 5347 6141
f 6141 5347 6142
f 6141 6142 6143
f 6143 6142 3895
f 6143 3895 6144
f 6144 3895 6013
f 6144 6013 6145
f 6145 6013 6011
f 6145 6011 6146
f 6146 6011 6147
f 6146 6147 6148
f 6148 6147 6009
f 6148 6009 6149
f 6149 6009 6007
f 6149 6007 6114
f 6114 6007 6005
f 6114 6005 6004
f 5918 5920 5922
f 6033 6035 6058
f 5544 5542 6109
f 6109 5542 5540
f 5553 5555 6098
f 6098 5555 5557
f 6098 5557 6096
f 6059 5364 6060
f 6060 5364 5362
f 6060 5362 6062
f 3928 3926 6150
f 6150 3926 5358
f 6150 5358 3930
f 3930 5358 5360
f 3930 5360 3932
f 4596 4594 6132
f 6132 4594 4592
f 6132 4592 6052
f 3925 5982 6151
f 6151 5982 5983
f 6151 5983 6152
f 6152 5983 5984
f 6152 5984 6153
f 6153 5984 5985
f 6153 5985 5581
f 5581 5579 6153
f 6153 5579 6154
f 6153 6154 6152
f 6152 6154 3812
f 6152 3812 6155
f 6155 3812 3810
f 6155 3810 6156
f 6156 3810 6157
f 6156 6157 6158
f 6158 6157 6151
f 6158 6151 6152
f 5755 5995 5753
f 5753 5995 3818
f 5753 3818 3816
f 6106 6107 5896
f 5896 6107 6159
f 5896 6159 5898
f 5898 6159 6108
f 5898 6108 5900
f 5900 6108 5902
f 5543 5545 5937
f 5937 5545 6160
f 5937 6160 5935
f 5935 6160 6161
f 5935 6161 5933
f 5933 6161 6054
f 5933 6054 6162
f 6162 6054 6055
f 6162 6055 6117
f 6117 5931 6162
f 6162 5931 5933
f 6163 6164 6165
f 6165 6164 6166
f 6165 6166 6167
f 6167 6166 6168
f 6167 6168 6079
f 6079 6168 6164
f 6079 6164 6081
f 6081 6164 6163
f 6081 6163 6083
f 6083 6163 5457
f 6083 5457 6085
f 6085 5457 5459
f 6085 5459 6169
f 6169 5459 5461
f 6169 5461 6170
f 6170 5461 5463
f 6170 5463 6094
f 4213 4211 4215
f 4128 4126 6171
f 6171 4126 6172
f 6171 6172 5865
f 5865 6172 6123
f 5865 6123 5866
f 5866 6123 5867
f 6130 5677 5961
f 5961 5677 5675
f 5961 5675 5673
f 4111 4113 6173
f 6173 4113 6174
f 6173 6174 6175
f 6175 6174 6176
f 6175 6176 6177
f 6177 6176 6178
f 6177 6178 6179
f 6179 6178 6180
f 6179 6180 6181
f 6181 6180 6182
f 6181 6182 6183
f 6183 6182 6184
f 6183 6184 6185
f 6185 6184 6186
f 6185 6186 6187
f 6187 6186 6188
f 6187 6188 6189
f 6189 6188 6190
f 6189 6190 5832
f 5832 6190 6191
f 5832 6191 5117
f 5117 6191 5115
f 5797 6102 5799
f 4189 4187 6192
f 6192 4187 5599
f 6192 5599 6193
f 6193 5599 5600
f 6193 5600 6194
f 6194 5600 5602
f 6194 5602 6195
f 6195 5602 5604
f 6195 5604 6196
f 6196 5604 5606
f 6196 5606 6197
f 6197 5606 5610
f 6197 5610 5615
f 5608 5610 5606
f 6192 6193 6198
f 6198 6193 6194
f 6198 6194 6199
f 6199 6194 6195
f 6199 6195 6136
f 6136 6195 6196
f 6136 6196 6137
f 6137 6196 6197
f 6137 6197 5615
f 4218 5113 4216
f 5871 5873 6024
f 6024 5873 5875
f 6024 5875 6026
f 6026 5875 5877
f 5768 6200 6201
f 6201 6200 6202
f 6201 6202 6203
f 6203 6202 6204
f 6203 6204 6205
f 6205 6204 6206
f 6205 6206 6207
f 6207 6206 6208
f 6207 6208 6209
f 6209 6208 6210
f 6209 6210 6211
f 6211 6210 6212
f 6211 6212 6213
f 6213 6212 6214
f 6213 6214 6215
f 6215 6214 6216
f 6215 6216 6217
f 6217 6216 6218
f 6217 6218 6219
f 6219 6218 6220
f 6219 6220 6221
f 6221 6220 6222
f 6221 6222 6223
f 6223 6222 6224
f 6223 6224 6225
f 6225 6224 6226
f 6225 6226 6227
f 6227 6226 6228
f 6227 6228 5247
f 5247 6228 6229
f 5247 6229 5245
f 5245 6229 5798
f 5245 5798 5243
f 5946 5947 5959
f 5801 5444 5442
f 5456 6230 5917
f 5917 6230 6231
f 5917 6231 5919
f 5919 6231 5450
f 5919 5450 6124
f 5440 5438 5803
f 5545 6049 6160
f 6160 6049 6051
f 6160 6051 6161
f 6161 6051 6054
f 6053 6054 6051
f 4714 4207 5960
f 2614 5895 6232
f 6232 5895 5897
f 6232 5897 6032
f 6032 5897 5899
f 6032 5899 6034
f 5838 6119 5837
f 5547 5549 6050
f 6050 5549 6099
f 6050 6099 6052
f 6052 6099 6132
f 3817 3819 6233
f 6233 3819 6234
f 6233 6234 6235
f 6235 6234 6236
f 6235 6236 6237
f 6237 6236 6238
f 6237 6238 6239
f 6239 6238 6240
f 6239 6240 6241
f 6241 6240 3821
f 6241 3821 1216
f 1216 3821 1218
f 5103 5105 6242
f 6242 5105 5107
f 6242 5107 6243
f 6243 5107 5109
f 6243 5109 6244
f 6244 5109 6245
f 6244 6245 6246
f 6246 6245 5112
f 6246 5112 6247
f 6247 5112 5114
f 6247 5114 6191
f 6191 5114 5115
f 5862 5864 6103
f 6103 5864 4916
f 6103 4916 4914
f 4112 4110 5415
f 5415 4110 4108
f 5415 4108 4106
f 6159 6107 6108
f 6121 5434 6120
f 6120 5434 5326
f 6120 5326 5328
f 6017 6025 6010
f 6010 6025 6027
f 6010 6027 6008
f 2621 2623 6061
f 1209 5841 6248
f 6248 5841 5840
f 6248 5840 248
f 6085 6169 6087
f 6087 6169 6170
f 6087 6170 6088
f 6088 6170 6094
f 6088 6094 6092
f 6092 6094 6093
f 2609 2611 6249
f 6249 2611 6250
f 6249 6250 6251
f 6251 6250 6146
f 6251 6146 6252
f 6252 6146 6148
f 6252 6148 6253
f 6253 6148 6149
f 6253 6149 6254
f 6254 6149 6114
f 6254 6114 6112
f 2603 6113 2601
f 2614 6232 2616
f 2616 6232 6032
f 2616 6032 2618
f 5456 5454 6230
f 6230 5454 5452
f 6230 5452 6231
f 6231 5452 5450
f 4214 4216 5113
f 5793 5161 5795
f 5795 5161 6101
f 5795 6101 5797
f 3930 3928 6150
f 5180 253 6255
f 6255 253 251
f 6255 251 6256
f 6256 251 249
f 6256 249 6257
f 6257 249 247
f 6257 247 6258
f 6258 247 245
f 6258 245 6259
f 6259 245 243
f 6259 243 241
f 241 6125 6259
f 6259 6125 6260
f 6259 6260 6261
f 6261 6260 5170
f 6261 5170 5172
f 1216 1214 6241
f 6241 1214 1212
f 6241 1212 6239
f 6239 1212 3791
f 6239 3791 3793
f 5679 5677 6129
f 5416 6128 5414
f 6179 6181 6262
f 6262 6181 6183
f 6262 6183 6263
f 6263 6183 6185
f 6263 6185 6264
f 6264 6185 6187
f 6264 6187 6265
f 6265 6187 6189
f 6265 6189 4109
f 4109 6189 5832
f 4109 5832 4107
f 4207 4205 5960
f 2604 5552 2606
f 2606 5552 5550
f 2606 5550 2608
f 2608 5550 6106
f 2608 6106 5896
f 6129 5677 6130
f 5439 5441 6266
f 6266 5441 5443
f 6266 5443 6267
f 6267 5443 6268
f 6267 6268 6269
f 6269 6268 6270
f 6269 6270 6271
f 6271 6270 6272
f 6271 6272 6273
f 6273 6272 6274
f 6273 6274 6275
f 6275 6274 6276
f 6275 6276 6277
f 6277 6276 6278
f 6277 6278 6279
f 6279 6278 6280
f 6279 6280 6281
f 6281 6280 6282
f 6281 6282 6283
f 6283 6282 6284
f 6283 6284 6285
f 6285 6284 6286
f 6285 6286 6287
f 6287 6286 6288
f 6287 6288 6289
f 6289 6288 6290
f 6289 6290 6291
f 6291 6290 6292
f 6291 6292 6293
f 6293 6292 6294
f 6293 6294 6295
f 6295 6294 6296
f 6295 6296 6297
f 6297 6296 6298
f 6297 6298 6299
f 6299 6298 6300
f 6299 6300 6301
f 6301 6300 6302
f 6301 6302 6303
f 6303 6302 6304
f 6303 6304 6305
f 6305 6304 6306
f 6305 6306 6307
f 6307 6306 6308
f 6307 6308 6309
f 6309 6308 4145
f 6309 4145 4143
f 6244 6246 6188
f 6188 6246 6247
f 6188 6247 6190
f 6190 6247 6191
f 3816 5578 5753
f 5445 5447 6270
f 6270 5447 6310
f 6270 6310 6272
f 6272 6310 6311
f 6272 6311 6312
f 6312 6311 6313
f 6312 6313 6314
f 6314 6313 6315
f 6314 6315 6316
f 6316 6315 6317
f 6316 6317 6318
f 6318 6317 6319
f 6318 6319 6320
f 6320 6319 6321
f 6320 6321 6322
f 6322 6321 6323
f 6322 6323 6324
f 6324 6323 6325
f 6324 6325 6326
f 6326 6325 6327
f 6326 6327 6328
f 6328 6327 6329
f 6328 6329 6330
f 6330 6329 6331
f 6330 6331 6332
f 6332 6331 6288
f 6332 6288 6286
f 6270 6268 5445
f 5445 6268 5443
f 5796 5798 6333
f 6333 5798 6229
f 6333 6229 6228
f 6252 6254 6334
f 6334 6254 6112
f 6334 6112 6111
f 5874 5872 6105
f 6105 5872 6335
f 6105 6335 6104
f 6104 6335 5860
f 6104 5860 5862
f 5434 6121 5436
f 6009 6147 6011
f 2615 2617 6139
f 6139 2617 2619
f 6139 2619 6138
f 6138 2619 2621
f 6123 6172 6122
f 2614 2612 5895
f 2610 5895 2612
f 5455 6163 6336
f 6336 6163 6165
f 6336 6165 5453
f 5453 6165 6337
f 5453 6337 5449
f 5449 6337 6310
f 5449 6310 5447
f 5453 5449 5451
f 5439 6266 5437
f 5437 6266 6338
f 5437 6338 6339
f 6339 6338 6340
f 6339 6340 6341
f 6341 6340 6342
f 6341 6342 6343
f 6343 6342 6344
f 6343 6344 6345
f 6345 6344 6346
f 6345 6346 6347
f 6347 6346 6348
f 6347 6348 6349
f 6349 6348 6350
f 6349 6350 5260
f 5260 6350 6351
f 5260 6351 5262
f 5262 6351 6352
f 5262 6352 6353
f 6353 6352 5266
f 6353 5266 5264
f 4130 4128 5861
f 5861 4128 6171
f 5861 6171 6354
f 6354 6171 5865
f 6354 5865 5863
f 5250 5306 5252
f 6252 6253 6254
f 5358 3926 5356
f 5356 3926 6355
f 5356 6355 6356
f 6356 6355 3922
f 6356 3922 6357
f 6357 3922 3885
f 6357 3885 3887
f 5131 4124 6358
f 6358 4124 4122
f 6358 4122 6359
f 6359 4122 6360
f 6359 6360 5133
f 5133 6360 6127
f 5133 6127 5135
f 3812 6154 3814
f 3814 6154 5579
f 5434 5324 5326
f 6130 5961 4203
f 2607 2609 6110
f 6110 2609 6249
f 6110 6249 6334
f 6334 6249 6251
f 6334 6251 6252
f 6334 6111 6110
f 5863 5861 6354
f 1209 6248 250
f 250 6248 248
f 6144 6145 6361
f 6361 6145 6250
f 6361 6250 6362
f 6362 6250 2611
f 6362 2611 6363
f 6363 2611 2613
f 6363 2613 6364
f 6364 2613 2615
f 6364 2615 6139
f 6088 6092 6090
f 6014 6015 6012
f 6012 6015 6017
f 6012 6017 6010
f 5871 6024 3901
f 6024 6017 3901
f 6238 6234 6240
f 6240 6234 3819
f 6240 3819 3821
f 6079 6077 6167
f 6167 6077 6313
f 6167 6313 6337
f 6337 6313 6311
f 6337 6311 6310
f 5457 6163 5455
f 6336 5453 5455
f 5414 6128 5413
f 6144 6361 6143
f 6143 6361 6362
f 6143 6362 6141
f 6141 6362 6365
f 6141 6365 6140
f 6140 6365 6364
f 6140 6364 6139
f 5323 5256 5520
f 5520 5256 5254
f 5520 5254 5305
f 6362 6363 6365
f 6365 6363 6364
f 5161 5793 5163
f 5346 5348 6366
f 6366 5348 5350
f 6366 5350 6367
f 6367 5350 5352
f 6367 5352 6356
f 6356 5352 5354
f 6356 5354 5356
f 6281 6368 6369
f 6369 6368 6370
f 6369 6370 6371
f 6371 6370 6372
f 6371 6372 6373
f 6373 6372 6374
f 6373 6374 6375
f 6375 6374 6376
f 6375 6376 6377
f 6377 6376 6340
f 6377 6340 6378
f 6378 6340 6338
f 6378 6338 6379
f 6379 6338 6266
f 6379 6266 6380
f 6380 6266 6267
f 6380 6267 6269
f 6172 4126 6122
f 6146 6250 6145
f 5788 5790 6381
f 6381 5790 6382
f 6381 6382 6383
f 6383 6382 6384
f 6383 6384 6385
f 6385 6384 5794
f 6385 5794 6333
f 6333 5794 5796
f 6155 6156 6152
f 6152 6156 6158
f 5320 5322 6386
f 6386 5322 6387
f 6386 6387 6343
f 6343 6387 6388
f 6343 6388 6341
f 6341 6388 5435
f 6341 5435 6339
f 6339 5435 5437
f 4206 4208 6389
f 6389 4208 4210
f 6389 4210 6390
f 6390 4210 6391
f 6390 6391 6392
f 6392 6391 6393
f 6392 6393 6394
f 6394 6393 6395
f 6394 6395 6396
f 6396 6395 6397
f 6396 6397 6398
f 6398 6397 6399
f 6398 6399 6400
f 6400 6399 6401
f 6400 6401 6402
f 6402 6401 6403
f 6402 6403 6404
f 6404 6403 6405
f 6404 6405 6406
f 6406 6405 6407
f 6406 6407 6408
f 6408 6407 6409
f 6408 6409 6410
f 6410 6409 6411
f 6410 6411 6412
f 6412 6411 6413
f 6412 6413 6414
f 6414 6413 6415
f 6414 6415 6416
f 6416 6415 6417
f 6416 6417 6418
f 6418 6417 6419
f 6418 6419 6420
f 6420 6419 6421
f 6420 6421 6422
f 6422 6421 6423
f 6422 6423 6424
f 6424 6423 6425
f 6424 6425 6426
f 6426 6425 6427
f 6426 6427 6428
f 6428 6427 6429
f 6428 6429 6430
f 6430 6429 6431
f 6430 6431 6432
f 6432 6431 6433
f 6432 6433 6434
f 6434 6433 6435
f 6434 6435 6436
f 6436 6435 6437
f 6436 6437 6438
f 6438 6437 6439
f 6438 6439 6440
f 6440 6439 6441
f 6440 6441 6442
f 6442 6441 6443
f 6442 6443 6444
f 6444 6443 6445
f 6444 6445 6446
f 6446 6445 364
f 6446 364 366
f 4183 4181 5601
f 5601 4181 6447
f 5601 6447 5603
f 5603 6447 6091
f 5603 6091 5605
f 6448 6273 6449
f 6449 6273 6450
f 6449 6450 6451
f 6451 6450 6452
f 6451 6452 6453
f 6453 6452 6378
f 6453 6378 6449
f 6449 6378 6379
f 6449 6379 6448
f 6448 6379 6454
f 6448 6454 6271
f 6271 6454 6380
f 6271 6380 6269
f 6359 5133 6455
f 6455 5133 5131
f 6455 5131 6358
f 3926 3924 6355
f 5860 6335 4132
f 4132 6335 5872
f 4132 5872 3905
f 3905 5872 3903
f 4210 4212 6391
f 6391 4212 6456
f 6391 6456 6393
f 6393 6456 5108
f 6393 5108 5106
f 4212 4214 6456
f 6456 4214 5110
f 6456 5110 5108
f 6013 3895 3897
f 5325 5323 5520
f 3920 3921 6457
f 6457 3921 3923
f 6457 3923 6157
f 6157 3923 3925
f 6157 3925 6151
f 6259 6261 6258
f 6258 6261 5172
f 6258 5172 5174
f 6175 6263 6173
f 6173 6263 6264
f 6173 6264 4111
f 4111 6264 6265
f 4111 6265 4109
f 3897 3899 6016
f 5275 6458 6459
f 6459 6458 6460
f 6459 6460 6461
f 6461 6460 6462
f 6461 6462 6463
f 6463 6462 6464
f 6463 6464 6465
f 6465 6464 6466
f 6465 6466 6467
f 6467 6466 6468
f 6467 6468 6469
f 6469 6468 6470
f 6469 6470 6471
f 6471 6470 6472
f 6471 6472 6473
f 6473 6472 6474
f 6473 6474 6475
f 6475 6474 6476
f 6475 6476 6477
f 6477 6476 6478
f 6477 6478 6479
f 6479 6478 6480
f 6479 6480 6481
f 6481 6480 6482
f 6481 6482 5249
f 5249 6482 6227
f 5249 6227 5247
f 6379 6380 6454
f 4181 4179 6447
f 6447 4179 6066
f 6447 6066 6091
f 6091 6066 6089
f 6089 6066 6065
f 5112 6245 5111
f 6165 6167 6337
f 6455 6358 6359
f 6273 6448 6271
f 3922 6355 3924
f 3887 6366 6357
f 6357 6366 6367
f 6357 6367 6356
f 6224 6385 6226
f 6226 6385 6333
f 6226 6333 6228
f 3914 6483 3892
f 3892 6483 6484
f 3892 6484 6485
f 6485 6484 6486
f 6485 6486 6487
f 6487 6486 3900
f 6487 3900 3898
f 3894 6485 3896
f 3896 6485 6487
f 3896 6487 3898
f 4193 4191 6488
f 6488 4191 6192
f 6488 6192 6489
f 6489 6192 6198
f 6489 6198 6135
f 6135 6198 6199
f 6135 6199 6136
f 6065 6067 6086
f 6086 6067 6068
f 6086 6068 6069
f 5435 6388 5433
f 5433 6388 6387
f 5433 6387 5322
f 5976 6131 5974
f 5974 6131 4201
f 5974 4201 4199
f 6126 6127 6490
f 6490 6127 6360
f 6490 6360 4122
f 3910 3908 6483
f 6483 3908 3906
f 6483 3906 6491
f 6491 3906 3904
f 6491 3904 6486
f 6486 3904 3902
f 6486 3902 3900
f 3813 3815 6492
f 6492 3815 3817
f 6492 3817 6493
f 6493 3817 6233
f 6493 6233 6494
f 6494 6233 6495
f 6494 6495 3805
f 3805 6495 6496
f 3805 6496 6497
f 6497 6496 6235
f 6497 6235 6498
f 6498 6235 6237
f 6498 6237 6499
f 6499 6237 3797
f 6499 3797 3799
f 6125 5168 6260
f 6272 6312 6274
f 6274 6312 6500
f 6274 6500 6276
f 6276 6500 6316
f 6276 6316 6278
f 6278 6316 6318
f 6278 6318 6501
f 6501 6318 6502
f 6501 6502 6503
f 6503 6502 6320
f 6503 6320 6322
f 5347 3893 6142
f 6142 3893 3895
f 6422 6424 6504
f 6504 6424 6505
f 6504 6505 6398
f 6398 6505 6506
f 6398 6506 6507
f 6507 6506 6508
f 6507 6508 6509
f 6509 6508 6510
f 6509 6510 6511
f 6511 6510 4206
f 6511 4206 6389
f 6389 6390 6511
f 6511 6390 6392
f 6511 6392 6509
f 6509 6392 6394
f 6509 6394 6396
f 5790 5791 6382
f 6382 5791 5792
f 6382 5792 6384
f 6384 5792 5794
f 3891 5346 3889
f 3889 5346 6366
f 3889 6366 3887
f 6493 6494 6512
f 6512 6494 3807
f 6512 3807 6513
f 6513 3807 3809
f 6513 3809 6514
f 6514 3809 3811
f 6514 3811 3813
f 6512 6513 6492
f 6492 6513 6514
f 6492 6514 3813
f 6477 6479 5251
f 5251 6479 6481
f 5251 6481 5249
f 6483 6491 6484
f 6484 6491 6486
f 5075 6515 6516
f 6516 6515 6517
f 6516 6517 6518
f 6518 6517 6519
f 6518 6519 6520
f 6520 6519 6521
f 6520 6521 6522
f 6522 6521 6523
f 6522 6523 6524
f 6524 6523 6525
f 6524 6525 6526
f 6526 6525 4123
f 6526 4123 6527
f 6527 4123 4125
f 6527 4125 4127
f 5061 5063 6528
f 6528 5063 6529
f 6528 6529 6530
f 6530 6529 6531
f 6530 6531 6532
f 6532 6531 6533
f 6532 6533 6534
f 6534 6533 6535
f 6534 6535 6536
f 6536 6535 6537
f 6536 6537 6538
f 6538 6537 6539
f 6538 6539 6540
f 6540 6539 6541
f 6540 6541 6542
f 6542 6541 6543
f 6542 6543 6544
f 6544 6543 6527
f 6544 6527 4129
f 4129 6527 4127
f 6528 6545 6546
f 6546 6545 6547
f 6546 6547 6548
f 6548 6547 6549
f 6548 6549 6550
f 6550 6549 6551
f 6550 6551 6552
f 6552 6551 6157
f 6552 6157 3810
f 6530 6532 6553
f 6553 6532 3917
f 6553 3917 6554
f 6554 3917 3919
f 6554 3919 6549
f 6549 3919 3920
f 6549 3920 6551
f 6551 3920 6457
f 6551 6457 6157
f 1212 3790 3791
f 6485 3894 3892
f 4204 4206 6555
f 6555 4206 6510
f 6555 6510 6508
f 6072 6082 6071
f 6071 6082 6084
f 6071 6084 6070
f 6070 6084 6086
f 6070 6086 6069
f 6166 6164 6168
f 5323 5321 5256
f 5093 5097 6556
f 6556 5097 6557
f 6556 6557 6558
f 6558 6557 5101
f 6558 5101 6559
f 6559 5101 6560
f 6559 6560 6561
f 6561 6560 6562
f 6561 6562 6184
f 6184 6562 6563
f 6184 6563 6186
f 6186 6563 6244
f 6186 6244 6188
f 4131 4133 6564
f 6564 4133 6565
f 6564 6565 6566
f 6566 6565 6567
f 6566 6567 6568
f 6568 6567 6569
f 6568 6569 6534
f 6534 6569 3913
f 6534 3913 3915
f 3913 6569 6570
f 6570 6569 6567
f 6570 6567 3909
f 3909 6567 6565
f 3909 6565 3907
f 3907 6565 4133
f 6126 6490 4120
f 6490 4122 4120
f 4129 4131 6544
f 6544 4131 6564
f 6544 6564 6542
f 6542 6564 6566
f 6542 6566 6571
f 6571 6566 6536
f 6571 6536 6538
f 6508 4200 6555
f 6555 4200 4202
f 6555 4202 4204
f 6236 6234 6238
f 5263 5265 6572
f 6572 5265 6473
f 6572 6473 5261
f 5261 6473 6475
f 5261 6475 6573
f 6573 6475 5253
f 6573 5253 5255
f 5255 5257 6573
f 6573 5257 5259
f 6573 5259 5261
f 6512 6492 6493
f 6451 6453 6449
f 5321 5258 5256
f 6316 6500 6314
f 6314 6500 6312
f 3810 3808 6552
f 6552 3808 6574
f 6552 6574 6548
f 6548 6574 6575
f 6548 6575 6546
f 6546 6575 5057
f 6546 5057 5059
f 5180 6255 5178
f 5178 6255 6256
f 5178 6256 5176
f 5176 6256 6257
f 5176 6257 5174
f 5174 6257 6258
f 3886 3918 3888
f 3888 3918 3916
f 3888 3916 3890
f 3890 3916 3914
f 3890 3914 3892
f 6475 6477 5253
f 5253 6477 5251
f 6369 6371 6576
f 6576 6371 6373
f 6576 6373 6577
f 6577 6373 6578
f 6577 6578 6579
f 6579 6578 6375
f 6579 6375 6452
f 6452 6375 6377
f 6452 6377 6378
f 6579 6452 6580
f 6580 6452 6450
f 6580 6450 6275
f 6275 6450 6273
f 6227 6482 6225
f 6225 6482 6480
f 6225 6480 6581
f 6581 6480 6472
f 6581 6472 6470
f 5109 5111 6245
f 6078 6080 6074
f 6074 6080 6082
f 6074 6082 6072
f 6135 6134 6489
f 6489 6134 6133
f 6489 6133 6488
f 6488 6133 4195
f 6488 4195 4193
f 6260 5168 5170
f 3914 3912 6483
f 6483 3912 3910
f 470 472 6582
f 6582 472 6583
f 6582 6583 6584
f 6584 6583 6585
f 6584 6585 6586
f 6586 6585 6587
f 6586 6587 6588
f 6588 6587 6589
f 6588 6589 6590
f 6590 6589 6591
f 6590 6591 6592
f 6592 6591 6593
f 6592 6593 6594
f 6594 6593 6595
f 6594 6595 6596
f 6596 6595 6597
f 6596 6597 6598
f 6598 6597 6599
f 6598 6599 6600
f 6600 6599 6601
f 6600 6601 6602
f 6602 6601 6603
f 6602 6603 6604
f 6604 6603 6605
f 6604 6605 6606
f 6606 6605 6607
f 6606 6607 6608
f 6608 6607 6609
f 6608 6609 6610
f 6610 6609 6342
f 6610 6342 6376
f 6376 6342 6340
f 3795 3797 3793
f 3793 3797 6237
f 3793 6237 6239
f 6495 6233 6496
f 6496 6233 6235
f 6518 6520 6611
f 6611 6520 6612
f 6611 6612 5069
f 5069 6612 6613
f 5069 6613 5067
f 5067 6613 6614
f 5067 6614 6615
f 6615 6614 6616
f 6615 6616 6617
f 6617 6616 6618
f 6617 6618 6541
f 6541 6618 6619
f 6541 6619 6543
f 6543 6619 6526
f 6543 6526 6527
f 6313 6077 6315
f 6315 6077 6620
f 6315 6620 6317
f 6317 6620 6621
f 6317 6621 6319
f 6319 6621 6622
f 6319 6622 6623
f 6623 6622 6624
f 6623 6624 6625
f 6625 6624 6626
f 6625 6626 6627
f 6627 6626 4155
f 6627 4155 6628
f 6628 4155 4153
f 6628 4153 6629
f 6629 4153 6630
f 6629 6630 6631
f 6631 6630 6632
f 6631 6632 6633
f 6633 6632 6634
f 6633 6634 6635
f 6635 6634 6636
f 6635 6636 6637
f 6637 6636 4145
f 6637 4145 6308
f 6552 6548 6550
f 4114 4118 4116
f 4117 4119 6523
f 6523 4119 4121
f 6523 4121 6525
f 6525 4121 4123
f 6570 3909 6638
f 6638 3909 3911
f 6638 3911 6570
f 6570 3911 3913
f 5057 6575 5055
f 5055 6575 6574
f 5055 6574 3806
f 3806 6574 3808
f 5177 5175 6639
f 6639 5175 5173
f 6639 5173 6640
f 6640 5173 6641
f 6640 6641 6642
f 6642 6641 6643
f 6642 6643 6644
f 6644 6643 6645
f 6644 6645 5787
f 5787 6645 5167
f 5787 5167 5789
f 5789 5167 5165
f 6078 6074 6076
f 6494 3805 3807
f 6560 5103 6562
f 6562 5103 6242
f 6562 6242 6563
f 6563 6242 6243
f 6563 6243 6244
f 6566 6568 6536
f 5180 255 253
f 6521 6519 4117
f 4117 6519 6646
f 4117 6646 4115
f 4115 6646 6174
f 4115 6174 4113
f 3917 6532 3915
f 5772 6647 6648
f 6648 6647 5776
f 6648 5776 6649
f 6649 5776 6650
f 6649 6650 6651
f 6651 6650 6652
f 6651 6652 6653
f 6653 6652 6654
f 6653 6654 6655
f 6655 6654 6656
f 6655 6656 6657
f 6657 6656 6658
f 6657 6658 6659
f 6659 6658 6660
f 6659 6660 6220
f 6220 6660 6383
f 6220 6383 6222
f 6222 6383 6385
f 6222 6385 6224
f 6526 6619 6524
f 6524 6619 6618
f 6524 6618 6661
f 6661 6618 6614
f 6661 6614 6613
f 6554 6549 6662
f 6662 6549 6547
f 6662 6547 6545
f 6545 6530 6662
f 6662 6530 6553
f 6662 6553 6554
f 6540 6542 6538
f 6538 6542 6571
f 3915 6532 6534
f 6568 6534 6536
f 6275 6277 6580
f 6580 6277 6279
f 6580 6279 6577
f 6577 6279 6369
f 6577 6369 6576
f 6343 6345 6386
f 6386 6345 6347
f 6386 6347 6349
f 6225 6581 6663
f 6663 6581 6664
f 6663 6664 6665
f 6665 6664 6666
f 6665 6666 6219
f 6219 6666 6667
f 6219 6667 6217
f 6217 6667 6668
f 6217 6668 6215
f 6215 6668 6669
f 6215 6669 6670
f 6670 6669 6671
f 6670 6671 6672
f 6672 6671 6673
f 6672 6673 6674
f 6674 6673 6675
f 6674 6675 6676
f 6676 6675 6677
f 6676 6677 6678
f 6678 6677 6679
f 6678 6679 6680
f 6680 6679 6458
f 6680 6458 6681
f 6681 6458 5277
f 6681 5277 6682
f 6682 5277 6683
f 6682 6683 6684
f 6684 6683 6685
f 6684 6685 6686
f 6686 6685 6687
f 6686 6687 6688
f 6688 6687 6689
f 6688 6689 6690
f 6690 6689 6691
f 6690 6691 6692
f 6692 6691 6693
f 6692 6693 6694
f 6694 6693 6695
f 6694 6695 6696
f 6696 6695 6697
f 6696 6697 6698
f 6698 6697 6699
f 6698 6699 6700
f 6700 6699 6701
f 6700 6701 6702
f 6702 6701 6703
f 6702 6703 6704
f 6704 6703 5291
f 6704 5291 5293
f 6219 6221 6665
f 6665 6221 6223
f 6665 6223 6663
f 6663 6223 6225
f 5058 5056 6705
f 6705 5056 3802
f 6705 3802 6706
f 6706 3802 3800
f 6706 3800 6707
f 6707 3800 3798
f 6707 3798 6708
f 6708 3798 6709
f 6708 6709 6710
f 6710 6709 6711
f 6710 6711 6712
f 6712 6711 6713
f 6712 6713 260
f 260 6713 3792
f 260 3792 258
f 3805 6497 3803
f 3803 6497 6498
f 3803 6498 6499
f 4155 6626 4157
f 4157 6626 6624
f 4157 6624 6714
f 6714 6624 6622
f 6714 6622 6715
f 6715 6622 6716
f 6715 6716 6717
f 6717 6716 6718
f 6717 6718 6719
f 6719 6718 6720
f 6719 6720 6075
f 6075 6720 6077
f 6622 6621 6716
f 6716 6621 6620
f 6716 6620 6720
f 6720 6620 6077
f 6480 6478 6472
f 6472 6478 6476
f 6472 6476 6474
f 6342 6609 6344
f 6344 6609 6721
f 6344 6721 6346
f 6346 6721 6722
f 6346 6722 6723
f 6723 6722 6724
f 6723 6724 6725
f 6725 6724 6726
f 6725 6726 6727
f 6727 6726 6728
f 6727 6728 6729
f 6729 6728 6730
f 6729 6730 6731
f 6731 6730 6732
f 6731 6732 6733
f 6733 6732 6734
f 6733 6734 6735
f 6735 6734 5268
f 6735 5268 5266
f 6386 6349 5320
f 4117 6523 6521
f 6349 5260 5320
f 6179 6262 6177
f 6177 6262 6263
f 6177 6263 6175
f 300 6736 6737
f 6737 6736 6738
f 6737 6738 6739
f 6739 6738 6740
f 6739 6740 6741
f 6741 6740 6742
f 6741 6742 6743
f 6743 6742 6744
f 6743 6744 6745
f 6745 6744 6746
f 6745 6746 6747
f 6747 6746 6748
f 6747 6748 5096
f 5096 6748 6749
f 5096 6749 6750
f 6750 6749 6751
f 6750 6751 6752
f 6752 6751 6753
f 6752 6753 6754
f 6754 6753 6755
f 6754 6755 5104
f 5104 6755 6756
f 5104 6756 5106
f 5106 6756 6395
f 5106 6395 6393
f 6600 6757 6758
f 6758 6757 6759
f 6758 6759 6760
f 6760 6759 6761
f 6760 6761 6762
f 6762 6761 6604
f 6762 6604 6372
f 6372 6604 6763
f 6372 6763 6374
f 6374 6763 6608
f 6374 6608 6764
f 6764 6608 6610
f 6764 6610 6376
f 6764 6376 6374
f 6580 6577 6579
f 6617 6541 6765
f 6765 6541 6539
f 6765 6539 6766
f 6766 6539 6537
f 6766 6537 6535
f 5063 5065 6529
f 6529 5065 6767
f 6529 6767 6531
f 6531 6767 6766
f 6531 6766 6533
f 6533 6766 6535
f 6517 6768 6769
f 6769 6768 6178
f 6769 6178 6646
f 6646 6178 6176
f 6646 6176 6174
f 5167 6645 5169
f 5169 6645 6643
f 5169 6643 5171
f 5171 6643 6641
f 5171 6641 5173
f 6428 6430 4194
f 4194 6430 6432
f 4194 6432 4192
f 4192 6432 6434
f 4192 6434 4190
f 4190 6434 6436
f 4190 6436 4188
f 4188 6436 6770
f 4188 6770 6771
f 6771 6770 6440
f 6771 6440 6772
f 6772 6440 6773
f 6772 6773 6774
f 6774 6773 6775
f 6774 6775 6776
f 6776 6775 6777
f 6776 6777 6778
f 6778 6777 6779
f 6778 6779 6780
f 6780 6779 6781
f 6780 6781 6782
f 6782 6781 4178
f 6782 4178 4180
f 6774 6778 6783
f 6783 6778 6780
f 6783 6780 4182
f 4182 6780 6782
f 4182 6782 4180
f 3798 3796 6709
f 6709 3796 6784
f 6709 6784 6711
f 6711 6784 3794
f 6711 3794 6713
f 6713 3794 3792
f 6612 6520 6661
f 6661 6520 6522
f 6661 6522 6524
f 3804 3802 5056
f 3801 3803 3799
f 3799 3803 6499
f 6528 6530 6545
f 6714 6715 6785
f 6785 6715 6717
f 6785 6717 6786
f 6786 6717 6719
f 6786 6719 6787
f 6787 6719 6788
f 6787 6788 6073
f 6073 6788 6075
f 6719 6075 6788
f 6578 6373 6375
f 6615 6765 6789
f 6789 6765 6766
f 6789 6766 6767
f 6617 6765 6615
f 6618 6616 6614
f 4150 4152 6790
f 6790 4152 6791
f 6790 6791 6792
f 6792 6791 6793
f 6792 6793 6794
f 6794 6793 6795
f 6794 6795 6796
f 6796 6795 6797
f 6796 6797 6798
f 6798 6797 6799
f 6798 6799 6777
f 6777 6799 6800
f 6777 6800 6779
f 6779 6800 6801
f 6779 6801 6781
f 6781 6801 4176
f 6781 4176 4178
f 4172 4174 6802
f 6802 4174 4176
f 6802 4176 6803
f 6803 4176 6801
f 6803 6801 6804
f 6804 6801 6800
f 6804 6800 4166
f 4166 6800 4164
f 5061 6528 5059
f 5059 6528 6546
f 6073 4171 6787
f 6787 4171 6805
f 6787 6805 4159
f 4159 6805 4163
f 4159 4163 4161
f 6646 6519 6769
f 6509 6396 6507
f 6426 4198 6506
f 6506 4198 4200
f 6506 4200 6508
f 6716 6720 6718
f 6767 5065 6789
f 6789 5065 5067
f 6789 5067 6615
f 6639 6806 5177
f 5177 6806 6807
f 5177 6807 5179
f 5179 6807 271
f 5179 271 6808
f 6808 271 6809
f 6808 6809 5181
f 5181 6809 261
f 5181 261 259
f 4172 6802 4170
f 4170 6802 6803
f 4170 6803 6804
f 6613 6612 6661
f 5089 5091 6810
f 6810 5091 6811
f 6810 6811 6812
f 6812 6811 6813
f 6812 6813 6180
f 6180 6813 6814
f 6180 6814 6182
f 6182 6814 6561
f 6182 6561 6184
f 5786 5788 6660
f 6660 5788 6381
f 6660 6381 6383
f 6769 6519 6517
f 4171 4169 6805
f 6805 4169 4165
f 6805 4165 4163
f 5261 5263 6572
f 6677 6675 6815
f 6815 6675 6816
f 6815 6816 6817
f 6817 6816 6818
f 6817 6818 6819
f 6819 6818 6820
f 6819 6820 6821
f 6821 6820 6666
f 6821 6666 6468
f 6468 6666 6664
f 6468 6664 6470
f 6470 6664 6581
f 3794 6784 3796
f 6467 6469 5265
f 5265 6469 6471
f 5265 6471 6473
f 6744 6822 6746
f 6746 6822 6823
f 6746 6823 6748
f 6748 6823 6824
f 6748 6824 6825
f 6825 6824 6403
f 6825 6403 6753
f 6753 6403 6401
f 6753 6401 6755
f 6755 6401 6399
f 6755 6399 6756
f 6756 6399 6397
f 6756 6397 6395
f 280 282 6826
f 6826 282 6827
f 6826 6827 6828
f 6828 6827 6829
f 6828 6829 6830
f 6830 6829 6831
f 6830 6831 6832
f 6832 6831 6833
f 6832 6833 6834
f 6834 6833 6835
f 6834 6835 6836
f 6836 6835 6837
f 6836 6837 6838
f 6838 6837 6839
f 6838 6839 6840
f 6840 6839 6841
f 6840 6841 6842
f 6842 6841 6843
f 6842 6843 6844
f 6844 6843 6845
f 6844 6845 6705
f 6705 6845 5060
f 6705 5060 5058
f 6284 6282 6501
f 6501 6282 6280
f 6501 6280 6278
f 6281 6369 6279
f 6808 5181 5179
f 6771 6772 4186
f 4186 6772 6783
f 4186 6783 4184
f 4184 6783 4182
f 6597 6846 6599
f 6599 6846 6847
f 6599 6847 6601
f 6601 6847 6848
f 6601 6848 6605
f 6605 6848 6849
f 6605 6849 6607
f 6607 6849 6721
f 6607 6721 6609
f 4166 4168 6804
f 6804 4168 4170
f 6838 6840 6836
f 6836 6840 6850
f 6836 6850 6834
f 6834 6850 6851
f 6834 6851 6852
f 6852 6851 6708
f 6852 6708 6853
f 6853 6708 6710
f 6853 6710 6854
f 6854 6710 6712
f 6854 6712 260
f 264 6853 262
f 262 6853 6854
f 262 6854 260
f 5081 5083 6855
f 6855 5083 6856
f 6855 6856 6857
f 6857 6856 5089
f 6857 5089 6858
f 6858 5089 6810
f 6858 6810 6859
f 6859 6810 6812
f 6859 6812 6860
f 6860 6812 6180
f 6860 6180 6768
f 6768 6180 6178
f 5787 5785 6644
f 6644 5785 5783
f 6644 5783 6642
f 6642 5783 5781
f 6642 5781 6861
f 6861 5781 5779
f 6861 5779 6862
f 6862 5779 5777
f 6862 5777 6863
f 6863 5777 5775
f 6863 5775 6864
f 6864 5775 5773
f 6864 5773 6865
f 6865 5773 6866
f 6865 6866 281
f 281 6866 6867
f 281 6867 283
f 283 6867 6868
f 283 6868 285
f 285 6868 6869
f 285 6869 6870
f 6870 6869 301
f 6870 301 6871
f 6871 301 6872
f 6871 6872 291
f 291 6872 295
f 291 295 293
f 6398 6507 6396
f 5080 6873 5082
f 5082 6873 6874
f 5082 6874 6839
f 6839 6874 6875
f 6839 6875 6876
f 6876 6875 6877
f 6876 6877 6878
f 6878 6877 6879
f 6878 6879 6845
f 6845 6879 5062
f 6845 5062 5060
f 5069 5071 6611
f 6611 5071 5073
f 6611 5073 6518
f 6518 5073 5075
f 6518 5075 6516
f 6346 6723 6348
f 6348 6723 6880
f 6348 6880 6881
f 6881 6880 6882
f 6881 6882 6352
f 6352 6882 6735
f 6352 6735 5266
f 6705 6706 6844
f 6844 6706 6707
f 6844 6707 6842
f 6842 6707 6851
f 6842 6851 6850
f 6352 6351 6881
f 6881 6351 6350
f 6881 6350 6348
f 6604 6606 6763
f 6763 6606 6608
f 6192 4191 4189
f 5062 6879 5064
f 5064 6879 6877
f 5064 6877 6883
f 6883 6877 6884
f 6883 6884 5068
f 5068 6884 5072
f 5068 5072 5070
f 5068 5066 6883
f 6883 5066 5064
f 4194 4196 6428
f 6428 4196 4198
f 6428 4198 6426
f 6318 6320 6502
f 6559 6561 6885
f 6885 6561 6814
f 6885 6814 6886
f 6886 6814 6813
f 6886 6813 6885
f 6885 6813 6556
f 6885 6556 6558
f 6859 6860 6887
f 6887 6860 6768
f 6887 6768 6515
f 6515 6768 6517
f 5262 6353 5264
f 6506 6505 6426
f 4169 4167 4165
f 6839 6876 6841
f 6841 6876 6878
f 6841 6878 6843
f 6843 6878 6845
f 6786 6787 6785
f 6785 6787 4159
f 6785 4159 4157
f 5080 5078 6873
f 6873 5078 5076
f 6873 5076 6888
f 6888 5076 5074
f 6888 5074 6884
f 6884 5074 5072
f 6650 5778 6652
f 6652 5778 5780
f 6652 5780 6889
f 6889 5780 5782
f 6889 5782 6656
f 6656 5782 5784
f 6656 5784 6658
f 6658 5784 5786
f 6658 5786 6660
f 5103 6560 5101
f 271 269 6809
f 6809 269 267
f 6809 267 6890
f 6890 267 265
f 6890 265 261
f 261 265 263
f 6890 261 6809
f 6891 6892 6893
f 6893 6892 6894
f 6893 6894 6895
f 6895 6894 6896
f 6895 6896 6897
f 6897 6896 6898
f 6897 6898 6899
f 6899 6898 6900
f 6899 6900 6901
f 6901 6900 6902
f 6901 6902 6903
f 6903 6902 6904
f 6903 6904 6905
f 6905 6904 6906
f 6905 6906 6907
f 6907 6906 6908
f 6907 6908 6909
f 6909 6908 6910
f 6909 6910 6911
f 6911 6910 6912
f 6911 6912 6913
f 6913 6912 6914
f 6913 6914 6915
f 6915 6914 392
f 6915 392 6916
f 6916 392 394
f 6916 394 6917
f 6917 394 6918
f 6917 6918 6919
f 6919 6918 6920
f 6919 6920 6921
f 6921 6920 6922
f 6921 6922 6923
f 6923 6922 6924
f 6923 6924 6925
f 6925 6924 6926
f 6925 6926 6927
f 6927 6926 6928
f 6927 6928 6929
f 6929 6928 6930
f 6929 6930 6931
f 6931 6930 6932
f 6931 6932 6933
f 6933 6932 6934
f 6933 6934 6891
f 6891 6934 6935
f 6891 6935 6892
f 6892 6935 6936
f 6892 6936 6937
f 6937 6936 6938
f 6937 6938 6939
f 6939 6938 6940
f 6939 6940 6941
f 6941 6940 6942
f 6941 6942 6943
f 6943 6942 6944
f 6943 6944 6945
f 6945 6944 6946
f 6945 6946 6947
f 6947 6946 6948
f 6947 6948 6949
f 6949 6948 6950
f 6949 6950 6951
f 6951 6950 6952
f 6951 6952 6953
f 6953 6952 6758
f 6953 6758 6954
f 6954 6758 6760
f 6954 6760 6955
f 6955 6760 6956
f 6955 6956 6368
f 6368 6956 6957
f 6368 6957 6370
f 6370 6957 6762
f 6370 6762 6372
f 5282 6958 6959
f 6959 6958 6960
f 6959 6960 6961
f 6961 6960 6962
f 6961 6962 6963
f 6963 6962 6964
f 6963 6964 6965
f 6965 6964 6966
f 6965 6966 6967
f 6967 6966 6968
f 6967 6968 6969
f 6969 6968 6726
f 6969 6726 6970
f 6970 6726 6724
f 6970 6724 6849
f 6849 6724 6722
f 6849 6722 6721
f 277 275 6862
f 6862 275 273
f 6862 273 6971
f 6971 273 6806
f 6971 6806 6640
f 6640 6806 6639
f 6708 6851 6707
f 6951 6953 6972
f 6972 6953 6954
f 6972 6954 6287
f 6287 6954 6973
f 6287 6973 6285
f 6285 6973 6955
f 6285 6955 6283
f 6283 6955 6368
f 6283 6368 6281
f 6874 6888 6875
f 6875 6888 6884
f 6875 6884 6877
f 4186 4188 6771
f 5075 5077 6515
f 6515 5077 5079
f 6515 5079 6857
f 6857 5079 5081
f 6857 5081 6855
f 6723 6725 6880
f 6880 6725 6727
f 6880 6727 6729
f 5269 6465 5267
f 5267 6465 6467
f 5267 6467 5265
f 6559 6885 6558
f 5098 6750 5100
f 5100 6750 6752
f 5100 6752 5102
f 5102 6752 6754
f 5102 6754 5104
f 6220 6218 6659
f 6659 6218 6216
f 6659 6216 6657
f 6657 6216 6974
f 6657 6974 6655
f 6655 6974 6975
f 6655 6975 6653
f 6653 6975 6210
f 6653 6210 6976
f 6976 6210 6208
f 6976 6208 6206
f 6325 6323 6977
f 6977 6323 6321
f 6977 6321 6623
f 6623 6321 6319
f 6326 6328 6978
f 6978 6328 6330
f 6978 6330 6503
f 6503 6330 6284
f 6503 6284 6501
f 6840 6842 6850
f 6515 6857 6887
f 6887 6857 6858
f 6887 6858 6859
f 6774 6783 6772
f 6416 6418 6410
f 6410 6418 6420
f 6410 6420 6408
f 6408 6420 6979
f 6408 6979 6402
f 6402 6979 6504
f 6402 6504 6400
f 6400 6504 6398
f 6426 6505 6424
f 264 266 6853
f 6853 266 6980
f 6853 6980 6852
f 6852 6980 6832
f 6852 6832 6834
f 5091 5093 6811
f 6811 5093 6556
f 6811 6556 6813
f 6862 6971 6861
f 6861 6971 6640
f 6861 6640 6642
f 6874 6873 6888
f 6760 6762 6956
f 6956 6762 6957
f 6880 6729 6882
f 6882 6729 6733
f 6882 6733 6735
f 5101 6557 5099
f 6806 273 6807
f 6807 273 271
f 4157 6714 6785
f 6776 6778 6774
f 6600 6602 6757
f 6757 6602 6604
f 6757 6604 6761
f 6557 5097 5099
f 6462 6981 6464
f 6464 6981 6982
f 6464 6982 6466
f 6466 6982 6821
f 6466 6821 6468
f 276 278 6983
f 6983 278 6826
f 6983 6826 6984
f 6984 6826 6828
f 6984 6828 268
f 268 6828 6985
f 268 6985 266
f 266 6985 6980
f 6828 6830 6985
f 6985 6830 6832
f 6985 6832 6980
f 6800 6799 4164
f 4164 6799 6797
f 4164 6797 6795
f 300 302 6736
f 6736 302 6986
f 6736 6986 6738
f 6738 6986 6987
f 6738 6987 6988
f 6988 6987 6989
f 6988 6989 6990
f 6990 6989 6991
f 6990 6991 6992
f 6992 6991 6993
f 6992 6993 6994
f 6994 6993 6995
f 6994 6995 6996
f 6996 6995 6997
f 6996 6997 6998
f 6998 6997 6999
f 6998 6999 7000
f 7000 6999 7001
f 7000 7001 7002
f 7002 7001 7003
f 7002 7003 7004
f 7004 7003 7005
f 7004 7005 7006
f 7006 7005 7007
f 7006 7007 7008
f 7008 7007 7009
f 7008 7009 7010
f 7010 7009 7011
f 7010 7011 7012
f 7012 7011 6429
f 7012 6429 6423
f 6423 6429 6427
f 6423 6427 6425
f 6671 6669 6818
f 6818 6669 6668
f 6818 6668 6820
f 6820 6668 6667
f 6820 6667 6666
f 6623 6625 6977
f 6977 6625 6627
f 6977 6627 6628
f 5082 6839 5084
f 5084 6839 6837
f 5084 6837 7013
f 7013 6837 7014
f 7013 7014 7015
f 7015 7014 7016
f 7015 7016 7017
f 7017 7016 7018
f 7017 7018 7019
f 7019 7018 7020
f 7019 7020 7021
f 7021 7020 7022
f 7021 7022 7023
f 7023 7022 7024
f 7023 7024 7025
f 7025 7024 6745
f 7025 6745 6747
f 474 487 7026
f 7026 487 486
f 7026 486 7027
f 7027 486 7028
f 7027 7028 7029
f 7029 7028 7030
f 7029 7030 7031
f 7031 7030 7032
f 7031 7032 7033
f 7033 7032 7034
f 7033 7034 6848
f 6848 7034 6970
f 6848 6970 6849
f 5280 5278 7035
f 7035 5278 7036
f 7035 7036 7037
f 7037 7036 7038
f 7037 7038 7039
f 7039 7038 5272
f 7039 5272 7040
f 7040 5272 5270
f 7040 5270 6732
f 6732 5270 5268
f 6732 5268 6734
f 6973 6954 6955
f 6603 6601 6605
f 5093 5095 5097
f 6503 6322 6978
f 6978 6322 6324
f 6978 6324 6326
f 6757 6761 6759
f 6284 6330 6286
f 6793 7041 7042
f 7042 7041 4156
f 7042 4156 7043
f 7043 4156 4158
f 7043 4158 7044
f 7044 4158 4160
f 7044 4160 4162
f 268 270 6984
f 6984 270 272
f 6984 272 274
f 6420 6422 6979
f 6979 6422 6504
f 6793 7044 6795
f 6795 7044 4162
f 6795 4162 4164
f 5098 5096 6750
f 6729 6731 6733
f 5087 5089 5085
f 5085 5089 6856
f 5085 6856 5083
f 6777 6775 6798
f 6798 6775 7045
f 6798 7045 7046
f 7046 7045 7047
f 7046 7047 7048
f 7048 7047 6446
f 7048 6446 7049
f 7049 6446 366
f 7049 366 368
f 6436 6438 6770
f 6770 6438 6440
f 6748 6825 6749
f 6749 6825 6753
f 6749 6753 6751
f 5092 5090 7050
f 7050 5090 7051
f 7050 7051 7017
f 7017 7051 7052
f 7017 7052 7015
f 7015 7052 5086
f 7015 5086 7013
f 7013 5086 5084
f 6827 7053 6829
f 6829 7053 7054
f 6829 7054 6831
f 6831 7054 7055
f 6831 7055 7056
f 7056 7055 7057
f 7056 7057 6835
f 6835 7057 7014
f 6835 7014 6837
f 354 356 7058
f 7058 356 7059
f 7058 7059 7060
f 7060 7059 7061
f 7060 7061 7062
f 7062 7061 7063
f 7062 7063 7064
f 7064 7063 7065
f 7064 7065 7066
f 7066 7065 7067
f 7066 7067 6997
f 6997 7067 7068
f 6997 7068 7069
f 7069 7068 7070
f 7069 7070 7001
f 7001 7070 7071
f 7001 7071 7003
f 7003 7071 7072
f 7003 7072 7005
f 7005 7072 7073
f 7005 7073 7007
f 7007 7073 7074
f 7007 7074 7075
f 7075 7074 6431
f 7075 6431 7011
f 7011 6431 6429
f 6306 6302 7076
f 7076 6302 7077
f 7076 7077 7078
f 7078 7077 7079
f 7078 7079 6635
f 6635 7079 7080
f 6635 7080 6633
f 6633 7080 6327
f 6633 6327 7081
f 7081 6327 6325
f 7081 6325 7082
f 7082 6325 6977
f 7082 6977 6628
f 6831 7056 6833
f 6833 7056 6835
f 6793 7042 7044
f 7044 7042 7043
f 6458 6679 6460
f 6460 6679 6815
f 6460 6815 6981
f 6981 6815 6817
f 6981 6817 6982
f 6982 6817 6819
f 6982 6819 6821
f 6402 6404 6408
f 6656 6654 6889
f 6419 7010 6421
f 6421 7010 7012
f 6421 7012 6423
f 276 6983 274
f 274 6983 6984
f 6732 6730 7040
f 7040 6730 7083
f 7040 7083 7039
f 7039 7083 7084
f 7039 7084 7085
f 7085 7084 6968
f 7085 6968 7086
f 7086 6968 6966
f 7086 6966 7087
f 7087 6966 6964
f 7087 6964 6962
f 6863 6864 7088
f 7088 6864 279
f 7088 279 7089
f 7089 279 277
f 7089 277 6863
f 6863 277 6862
f 6747 5096 7090
f 7090 5096 5094
f 7090 5094 7091
f 7091 5094 5092
f 7091 5092 7050
f 6726 6968 6728
f 6728 6968 7084
f 6728 7084 7083
f 5090 5088 7092
f 7092 5088 5086
f 7092 5086 7052
f 6411 6409 7093
f 7093 6409 6407
f 7093 6407 6823
f 6823 6407 6405
f 6823 6405 6824
f 6824 6405 6403
f 6459 6461 5273
f 5273 6461 6463
f 5273 6463 5271
f 5271 6463 6465
f 5271 6465 5269
f 6210 6975 7094
f 7094 6975 6974
f 7094 6974 6214
f 6214 6974 6216
f 364 6445 362
f 362 6445 6443
f 362 6443 7095
f 7095 6443 6441
f 7095 6441 7096
f 7096 6441 7097
f 7096 7097 7098
f 7098 7097 7099
f 7098 7099 7100
f 7100 7099 6437
f 7100 6437 7101
f 7101 6437 6435
f 7101 6435 6433
f 6433 6431 7101
f 7101 6431 7074
f 7101 7074 7102
f 7102 7074 7073
f 7102 7073 7103
f 7103 7073 7072
f 7103 7072 7104
f 7104 7072 7071
f 7104 7071 7105
f 7105 7071 7070
f 7105 7070 7061
f 7061 7070 7068
f 7061 7068 7063
f 7063 7068 7067
f 7063 7067 7065
f 6446 7047 6444
f 6444 7047 7045
f 6444 7045 6442
f 6442 7045 6775
f 6442 6775 6773
f 6773 6440 6442
f 4156 7041 4154
f 4154 7041 6791
f 4154 6791 4152
f 6959 6961 483
f 483 6961 7106
f 483 7106 485
f 485 7106 7107
f 485 7107 7108
f 7108 7107 7109
f 7108 7109 7110
f 7110 7109 6965
f 7110 6965 7032
f 7032 6965 6967
f 7032 6967 7034
f 7034 6967 6969
f 7034 6969 6970
f 7052 7051 7092
f 7092 7051 5090
f 7027 7029 7111
f 7111 7029 7112
f 7111 7112 7113
f 7113 7112 7031
f 7113 7031 7114
f 7114 7031 7033
f 7114 7033 6847
f 6847 7033 6848
f 6584 6586 7115
f 7115 6586 6588
f 7115 6588 7116
f 7116 6588 7117
f 7116 7117 7118
f 7118 7117 7119
f 7118 7119 6950
f 6950 7119 6596
f 6950 6596 6952
f 6952 6596 6598
f 6952 6598 7120
f 7120 6598 6600
f 7120 6600 6758
f 6758 6952 7120
f 6654 6652 6889
f 6332 6286 6330
f 6730 6728 7083
f 286 288 7055
f 7055 288 7121
f 7055 7121 7122
f 7122 7121 7016
f 7122 7016 7057
f 7057 7016 7014
f 6631 7081 6629
f 6629 7081 7082
f 6629 7082 6628
f 6408 6404 6406
f 6949 6951 6291
f 6291 6951 6972
f 6291 6972 6289
f 6289 6972 6287
f 6827 282 7053
f 7053 282 284
f 7053 284 7054
f 7054 284 286
f 7054 286 7055
f 280 6826 278
f 6791 7041 6793
f 6747 7090 7025
f 7025 7090 7091
f 7025 7091 7023
f 7023 7091 7050
f 7023 7050 7021
f 7021 7050 7123
f 7021 7123 7019
f 7019 7123 7017
f 7122 7057 7055
f 7123 7050 7017
f 6798 7046 6796
f 6796 7046 7124
f 6796 7124 7125
f 7125 7124 7126
f 7125 7126 7127
f 7127 7126 7128
f 7127 7128 7129
f 7129 7128 372
f 7129 372 374
f 7007 7075 7009
f 7009 7075 7011
f 6650 5776 5778
f 7088 7089 6863
f 439 437 7130
f 7130 437 7131
f 7130 7131 7132
f 7132 7131 7133
f 7132 7133 7134
f 7134 7133 7135
f 7134 7135 7136
f 7136 7135 7137
f 7136 7137 7138
f 7138 7137 7139
f 7138 7139 7140
f 7140 7139 7141
f 7140 7141 7142
f 7142 7141 7143
f 7142 7143 7144
f 7144 7143 7145
f 7144 7145 7146
f 7146 7145 7147
f 7146 7147 7148
f 7148 7147 7149
f 7148 7149 7150
f 7150 7149 7151
f 7150 7151 7152
f 7152 7151 7153
f 7152 7153 7154
f 7154 7153 7155
f 7154 7155 7156
f 7156 7155 7157
f 7156 7157 7158
f 7158 7157 7159
f 7158 7159 7160
f 7160 7159 7161
f 7160 7161 7162
f 7162 7161 6213
f 7162 6213 6670
f 6670 6213 6215
f 6437 7099 6439
f 6439 7099 7097
f 6439 7097 6441
f 6741 6743 7163
f 7163 6743 7024
f 7163 7024 7164
f 7164 7024 7022
f 7164 7022 7165
f 7165 7022 7020
f 7165 7020 7166
f 7166 7020 7018
f 7166 7018 7121
f 7121 7018 7016
f 4153 4151 6630
f 6630 4151 4149
f 6630 4149 4147
f 6847 6846 7114
f 7114 6846 7167
f 7114 7167 7113
f 7113 7167 7168
f 7113 7168 7169
f 7169 7168 6591
f 7169 6591 6589
f 6631 6633 7081
f 281 279 6865
f 6865 279 6864
f 6742 7170 7171
f 7171 7170 6413
f 7171 6413 6822
f 6822 6413 7093
f 6822 7093 6823
f 6675 6673 6816
f 6816 6673 6671
f 6816 6671 6818
f 7000 7172 6998
f 6998 7172 7173
f 6998 7173 7174
f 7174 7173 7175
f 7174 7175 7176
f 7176 7175 7177
f 7176 7177 7178
f 7178 7177 7179
f 7178 7179 7180
f 7180 7179 7181
f 7180 7181 6417
f 6417 7181 7010
f 6417 7010 6419
f 6790 6792 7125
f 7125 6792 6794
f 7125 6794 6796
f 6210 7094 6212
f 6212 7094 6214
f 7101 7102 7100
f 7100 7102 7103
f 7100 7103 7098
f 7098 7103 7182
f 7098 7182 7183
f 7183 7182 7104
f 7183 7104 7059
f 7059 7104 7105
f 7059 7105 7061
f 6327 7080 6329
f 6329 7080 7184
f 6329 7184 6331
f 6331 7184 7185
f 6331 7185 7186
f 7186 7185 6294
f 7186 6294 6292
f 7093 6413 6411
f 5768 5770 6200
f 6200 5770 7187
f 6200 7187 7188
f 7188 7187 6649
f 7188 6649 7189
f 7189 6649 6651
f 7189 6651 6976
f 6976 6651 6653
f 7006 7008 7179
f 7179 7008 7010
f 7179 7010 7181
f 6981 6462 6460
f 6292 6290 7186
f 7186 6290 6288
f 7186 6288 6331
f 5278 5276 7036
f 7036 5276 5274
f 7036 5274 7038
f 7038 5274 5272
f 370 7128 7049
f 7049 7128 7126
f 7049 7126 7048
f 7048 7126 7124
f 7048 7124 7046
f 7163 7164 294
f 294 7164 7165
f 294 7165 7190
f 7190 7165 7166
f 7190 7166 290
f 290 7166 7121
f 290 7121 288
f 6410 6412 6416
f 6597 6595 6846
f 6846 6595 6593
f 6846 6593 7167
f 7167 6593 6591
f 7167 6591 7168
f 6745 7024 6743
f 6636 6634 4147
f 4147 6634 6632
f 4147 6632 6630
f 6960 6958 7191
f 7191 6958 7035
f 7191 7035 7192
f 7192 7035 7037
f 7192 7037 7193
f 7193 7037 7039
f 7193 7039 7085
f 6596 7119 6594
f 6594 7119 7117
f 6594 7117 6592
f 6592 7117 6588
f 6592 6588 6590
f 7171 6822 6742
f 6742 6822 6744
f 6686 7194 7195
f 7195 7194 7196
f 7195 7196 7197
f 7197 7196 7198
f 7197 7198 7199
f 7199 7198 7200
f 7199 7200 6676
f 6676 7200 7201
f 6676 7201 6674
f 6674 7201 7160
f 6674 7160 6672
f 6672 7160 7162
f 6672 7162 6670
f 6960 7191 6962
f 6962 7191 7192
f 6962 7192 7087
f 7087 7192 7085
f 7087 7085 7086
f 7085 7192 7193
f 5772 5774 6647
f 6647 5774 5776
f 6992 7174 7202
f 7202 7174 7203
f 7202 7203 7204
f 7204 7203 7205
f 7204 7205 7206
f 7206 7205 7207
f 7206 7207 6415
f 6415 7207 7180
f 6415 7180 6417
f 7032 7030 7110
f 7110 7030 7028
f 7110 7028 7208
f 7208 7028 486
f 7208 486 485
f 6414 6416 6412
f 6459 5273 5275
f 4148 4150 7209
f 7209 4150 6790
f 7209 6790 7210
f 7210 6790 7127
f 7210 7127 7129
f 7112 7029 7031
f 7127 6790 7125
f 7155 7153 7211
f 7211 7153 7212
f 7211 7212 7213
f 7213 7212 7214
f 7213 7214 7215
f 7215 7214 7216
f 7215 7216 7217
f 7217 7216 7218
f 7217 7218 7219
f 7219 7218 7220
f 7219 7220 7221
f 7221 7220 7222
f 7221 7222 7223
f 7223 7222 7224
f 7223 7224 7225
f 7225 7224 7226
f 7225 7226 7227
f 7227 7226 7228
f 7227 7228 7229
f 7229 7228 319
f 7229 319 7230
f 7230 319 317
f 7230 317 7231
f 7231 317 315
f 7231 315 7232
f 7232 315 7233
f 7232 7233 7234
f 7234 7233 7235
f 7234 7235 7236
f 7236 7235 7237
f 7236 7237 7238
f 7238 7237 7239
f 7238 7239 7240
f 7240 7239 7241
f 7240 7241 7242
f 7242 7241 6207
f 7242 6207 7243
f 7243 6207 6209
f 7243 6209 7244
f 7244 6209 6211
f 7244 6211 7245
f 7245 6211 6213
f 7245 6213 7161
f 294 7190 292
f 292 7190 290
f 6896 6894 7246
f 7246 6894 7247
f 7246 7247 7248
f 7248 7247 7249
f 7248 7249 7250
f 7250 7249 7251
f 7250 7251 7252
f 7252 7251 7253
f 7252 7253 7254
f 7254 7253 7255
f 7254 7255 6293
f 6293 7255 6947
f 6293 6947 6291
f 6291 6947 6949
f 6415 6413 7206
f 7206 6413 7170
f 7206 7170 7204
f 7204 7170 7256
f 7204 7256 7257
f 7257 7256 6990
f 7257 6990 6992
f 7080 7079 7184
f 7184 7079 6298
f 7184 6298 7185
f 7185 6298 6296
f 7185 6296 6294
f 291 289 6871
f 6871 289 287
f 6871 287 6870
f 6870 287 285
f 6868 6867 7258
f 7258 6867 6866
f 7258 6866 7259
f 7259 6866 5773
f 7259 5773 5771
f 4145 6636 4147
f 6679 6677 6815
f 5770 5772 7187
f 7187 5772 6648
f 7187 6648 6649
f 6741 7163 6739
f 6739 7163 294
f 6739 294 296
f 7173 7172 7175
f 7175 7172 7002
f 7175 7002 7177
f 7177 7002 7004
f 7177 7004 7179
f 7179 7004 7006
f 6944 7260 6946
f 6946 7260 7116
f 6946 7116 6948
f 6948 7116 7118
f 6948 7118 6950
f 7059 356 7183
f 7183 356 358
f 7183 358 7261
f 7261 358 360
f 7261 360 7096
f 7096 360 7095
f 7095 360 362
f 6963 6965 7262
f 7262 6965 7109
f 7262 7109 6961
f 6961 7109 7107
f 6961 7107 7106
f 7205 7203 7263
f 7263 7203 7176
f 7263 7176 7264
f 7264 7176 7178
f 7264 7178 7263
f 7263 7178 7180
f 7263 7180 7265
f 7265 7180 7207
f 7265 7207 7205
f 6988 7256 6740
f 6740 7256 7170
f 6740 7170 6742
f 4142 4144 7209
f 7209 4144 4146
f 7209 4146 4148
f 7113 7169 7111
f 7111 7169 6589
f 7111 6589 7027
f 7027 6589 6585
f 7027 6585 7266
f 7266 6585 6583
f 7266 6583 472
f 6976 6206 7189
f 7189 6206 6204
f 7189 6204 7188
f 7188 6204 6202
f 7188 6202 6200
f 295 6872 297
f 297 6872 301
f 297 301 299
f 7210 7129 7209
f 7209 7129 376
f 7209 376 4142
f 6635 6637 7078
f 7078 6637 6308
f 7078 6308 6306
f 303 6869 305
f 305 6869 6868
f 305 6868 7267
f 7267 6868 7258
f 7267 7258 7259
f 5767 7267 5769
f 5769 7267 7259
f 5769 7259 5771
f 300 6737 298
f 298 6737 6739
f 298 6739 296
f 7265 7205 7263
f 485 7108 7208
f 7208 7108 7110
f 7183 7261 7098
f 7098 7261 7096
f 7103 7104 7182
f 301 6869 303
f 6298 7079 6300
f 6300 7079 7077
f 6300 7077 6302
f 6988 6740 6738
f 6458 5275 5277
f 6963 7262 6961
f 376 7129 374
f 5282 5280 6958
f 6958 5280 7035
f 7049 368 370
f 7248 7250 7268
f 7268 7250 7252
f 7268 7252 6295
f 6295 7252 7254
f 6295 7254 6293
f 6941 6943 7253
f 7253 6943 6945
f 7253 6945 7255
f 7255 6945 6947
f 6585 6589 6587
f 7229 7230 7269
f 7269 7230 7270
f 7269 7270 7271
f 7271 7270 7272
f 7271 7272 7273
f 7273 7272 7274
f 7273 7274 7227
f 7227 7274 7275
f 7227 7275 7276
f 7276 7275 7277
f 7276 7277 7278
f 7278 7277 7279
f 7278 7279 7280
f 7280 7279 7281
f 7280 7281 7282
f 7282 7281 7283
f 7282 7283 7284
f 7284 7283 7285
f 7284 7285 7286
f 7286 7285 7287
f 7286 7287 7157
f 7157 7287 7288
f 7157 7288 7159
f 7159 7288 7245
f 7159 7245 7161
f 6306 7076 7078
f 372 7128 370
f 305 7267 307
f 5767 307 7267
f 7242 7243 7289
f 7289 7243 7290
f 7289 7290 7240
f 7240 7290 7291
f 7240 7291 7283
f 7283 7291 7292
f 7283 7292 7285
f 7285 7292 7291
f 7285 7291 7287
f 7287 7291 7243
f 7287 7243 7288
f 7288 7243 7244
f 7288 7244 7245
f 7176 7203 7174
f 7204 7257 7202
f 7256 6988 6990
f 7154 7156 7201
f 7201 7156 7158
f 7201 7158 7160
f 6912 6910 7293
f 7293 6910 7294
f 7293 7294 7295
f 7295 7294 7296
f 7295 7296 388
f 388 7296 7297
f 388 7297 7298
f 7298 7297 7299
f 7298 7299 386
f 386 7299 7300
f 386 7300 384
f 384 7300 7301
f 384 7301 382
f 382 7301 6307
f 382 6307 380
f 380 6307 7302
f 380 7302 378
f 378 7302 7303
f 378 7303 4143
f 4143 7303 6309
f 6309 7303 6307
f 6995 6993 334
f 334 6993 6991
f 334 6991 332
f 332 6991 6989
f 332 6989 330
f 330 6989 6987
f 330 6987 7304
f 7304 6987 7305
f 7304 7305 7306
f 7306 7305 302
f 7306 302 304
f 304 306 7306
f 7306 306 308
f 7306 308 326
f 326 308 310
f 326 310 312
f 7000 7002 7172
f 6686 7195 7307
f 7307 7195 7197
f 7307 7197 7308
f 7308 7197 7309
f 7308 7309 6681
f 6681 7309 7310
f 6681 7310 6680
f 6680 7310 6678
f 7309 7199 7310
f 7310 7199 6676
f 7310 6676 6678
f 6987 6986 7305
f 7305 6986 302
f 5768 6201 5766
f 5766 6201 7237
f 5766 7237 7235
f 6207 7241 6205
f 6205 7241 7239
f 6205 7239 6203
f 6203 7239 6201
f 403 401 7311
f 7311 401 399
f 7311 399 7312
f 7312 399 7313
f 7312 7313 7314
f 7314 7313 7315
f 7314 7315 7316
f 7316 7315 7317
f 7316 7317 7318
f 7318 7317 7319
f 7318 7319 7320
f 7320 7319 7321
f 7320 7321 7322
f 7322 7321 369
f 7322 369 7323
f 7323 369 367
f 7323 367 7324
f 7324 367 365
f 7324 365 363
f 363 361 7324
f 7324 361 7325
f 7324 7325 7326
f 7326 7325 7327
f 7326 7327 7328
f 7328 7327 7329
f 7328 7329 7330
f 7330 7329 7331
f 7330 7331 7332
f 7332 7331 7333
f 7332 7333 7334
f 7334 7333 7335
f 7334 7335 7336
f 7336 7335 7314
f 7336 7314 7316
f 7202 7257 6992
f 6936 7337 6938
f 6938 7337 7338
f 6938 7338 7339
f 7339 7338 7340
f 7339 7340 7341
f 7341 7340 7342
f 7341 7342 7343
f 7343 7342 7344
f 7343 7344 7345
f 7345 7344 7346
f 7345 7346 7260
f 7260 7346 7115
f 7260 7115 7116
f 7237 6201 7239
f 6902 6900 7347
f 7347 6900 6898
f 7347 6898 7348
f 7348 6898 7246
f 7348 7246 7349
f 7349 7246 7248
f 7349 7248 7350
f 7350 7248 7268
f 7350 7268 6297
f 6297 7268 6295
f 472 474 7266
f 7266 474 7026
f 7266 7026 7027
f 6992 6994 7174
f 7174 6994 6996
f 7174 6996 6998
f 5283 7351 5281
f 5281 7351 6685
f 5281 6685 5279
f 5279 6685 6683
f 5279 6683 5277
f 7302 6307 7303
f 7311 7312 7352
f 7352 7312 7353
f 7352 7353 7354
f 7354 7353 7355
f 7354 7355 7356
f 7356 7355 7333
f 7356 7333 7357
f 7357 7333 7331
f 7357 7331 7358
f 7358 7331 7329
f 7358 7329 353
f 353 7329 7327
f 353 7327 355
f 355 7327 7325
f 355 7325 357
f 357 7325 361
f 357 361 359
f 5294 5292 7359
f 7359 5292 5290
f 7359 5290 7360
f 7360 5290 5288
f 7360 5288 7361
f 7361 5288 5286
f 7361 5286 7362
f 7362 5286 7363
f 7362 7363 7364
f 7364 7363 6959
f 7364 6959 481
f 481 6959 483
f 391 389 7365
f 7365 389 387
f 7365 387 7366
f 7366 387 385
f 7366 385 375
f 375 385 379
f 375 379 377
f 6306 6304 6302
f 7290 7243 7291
f 6297 6299 7350
f 7350 6299 6301
f 7350 6301 7367
f 7367 6301 7368
f 7367 7368 7369
f 7369 7368 7370
f 7369 7370 7371
f 7371 7370 7372
f 7371 7372 7373
f 7373 7372 7374
f 7373 7374 7375
f 7375 7374 6908
f 7375 6908 6906
f 397 395 7313
f 7313 395 7376
f 7313 7376 7315
f 7315 7376 7377
f 7315 7377 7317
f 7317 7377 7365
f 7317 7365 7378
f 7378 7365 7366
f 7378 7366 7379
f 7379 7366 373
f 7379 373 371
f 371 369 7379
f 7379 369 7321
f 7379 7321 7378
f 7378 7321 7319
f 7378 7319 7317
f 6997 7069 6999
f 6999 7069 7001
f 5766 7235 309
f 309 7235 7233
f 309 7233 311
f 311 7233 315
f 311 315 313
f 7289 7240 7242
f 7150 7152 7200
f 7200 7152 7154
f 7200 7154 7201
f 468 470 7344
f 7344 470 6582
f 7344 6582 7346
f 7346 6582 6584
f 7346 6584 7115
f 330 7304 328
f 328 7304 7306
f 328 7306 326
f 7372 7370 7380
f 7380 7370 6305
f 7380 6305 7301
f 7301 6305 6307
f 383 381 385
f 385 381 379
f 5286 5284 7363
f 7363 5284 5282
f 7363 5282 6959
f 7343 7345 6942
f 6942 7345 7260
f 6942 7260 6944
f 7157 7155 7286
f 7286 7155 7381
f 7286 7381 7284
f 7284 7381 7382
f 7284 7382 7282
f 7282 7382 7213
f 7282 7213 7383
f 7383 7213 7215
f 7383 7215 7384
f 7384 7215 7217
f 7384 7217 7385
f 7385 7217 7386
f 7385 7386 7387
f 7387 7386 7276
f 7387 7276 7278
f 6686 7307 6684
f 6684 7307 7308
f 6684 7308 6682
f 6682 7308 6681
f 373 7366 375
f 7322 7323 7328
f 7328 7323 7324
f 7328 7324 7326
f 6305 7370 6303
f 6303 7370 7368
f 6303 7368 6301
f 7364 481 7362
f 7362 481 479
f 7362 479 7388
f 7388 479 477
f 7388 477 475
f 6894 6892 7247
f 7247 6892 6937
f 7247 6937 7249
f 7249 6937 7389
f 7249 7389 7251
f 7251 7389 7253
f 6937 6939 7389
f 7389 6939 6941
f 7389 6941 7253
f 323 7390 324
f 324 7390 331
f 324 331 325
f 325 331 329
f 325 329 327
f 7275 7274 7277
f 7277 7274 7272
f 7277 7272 7279
f 7279 7272 7391
f 7279 7391 7281
f 7281 7391 7236
f 7281 7236 7392
f 7392 7236 7238
f 7392 7238 7240
f 7240 7283 7392
f 340 7393 338
f 338 7393 7066
f 338 7066 7394
f 7394 7066 6997
f 7394 6997 6995
f 474 476 487
f 487 476 478
f 487 478 480
f 7199 7309 7197
f 7135 7133 7395
f 7395 7133 7396
f 7395 7396 7397
f 7397 7396 7398
f 7397 7398 7399
f 7399 7398 7400
f 7399 7400 7401
f 7401 7400 7402
f 7401 7402 7403
f 7403 7402 7404
f 7403 7404 7405
f 7405 7404 7406
f 7405 7406 7407
f 7407 7406 7408
f 7407 7408 7409
f 7409 7408 7410
f 7409 7410 7411
f 7411 7410 7412
f 7411 7412 7222
f 7222 7412 7413
f 7222 7413 7224
f 7224 7413 7414
f 7224 7414 7415
f 7415 7414 7416
f 7415 7416 7417
f 7417 7416 7418
f 7417 7418 7419
f 7419 7418 7420
f 7419 7420 7226
f 7226 7420 7421
f 7226 7421 7422
f 7422 7421 7423
f 7422 7423 7424
f 7424 7423 7425
f 7424 7425 319
f 319 7425 7426
f 319 7426 321
f 321 7426 7427
f 321 7427 7390
f 7390 7427 333
f 7390 333 331
f 7301 7300 7380
f 7380 7300 7299
f 7380 7299 7428
f 7428 7299 7429
f 7428 7429 7430
f 7430 7429 7374
f 7430 7374 7372
f 338 7394 336
f 336 7394 6995
f 336 6995 334
f 6685 7351 6687
f 6687 7351 5285
f 6687 5285 7431
f 7431 5285 5287
f 7431 5287 7432
f 7432 5287 5289
f 7432 5289 7433
f 7433 5289 7434
f 7433 7434 7435
f 7435 7434 6701
f 7435 6701 6699
f 7230 7231 7270
f 7270 7231 7436
f 7270 7436 7391
f 7391 7436 7234
f 7391 7234 7236
f 7349 7350 7437
f 7437 7350 7367
f 7437 7367 7438
f 7438 7367 7371
f 7438 7371 7439
f 7439 7371 7373
f 7439 7373 6902
f 6902 7373 7375
f 6902 7375 6904
f 6904 7375 6906
f 352 354 350
f 350 354 7058
f 350 7058 7062
f 7062 7058 7060
f 6938 7339 6940
f 6940 7339 7341
f 6940 7341 7440
f 7440 7341 7343
f 7440 7343 6942
f 6940 7440 6942
f 7420 7441 7423
f 7423 7441 7442
f 7423 7442 7443
f 7443 7442 337
f 7443 337 7427
f 7427 337 335
f 7427 335 333
f 7140 7444 6692
f 6692 7444 7144
f 6692 7144 7445
f 7445 7144 7146
f 7445 7146 7196
f 7196 7146 7148
f 7196 7148 7198
f 7198 7148 7150
f 7198 7150 7200
f 7351 5283 5285
f 7231 7232 7436
f 7436 7232 7234
f 7381 7155 7382
f 7382 7155 7211
f 7382 7211 7213
f 7281 7392 7283
f 7390 323 321
f 7369 7371 7367
f 322 314 320
f 320 314 316
f 320 316 318
f 7380 7428 7372
f 7318 7320 7332
f 7332 7320 7322
f 7332 7322 7330
f 7330 7322 7328
f 346 348 7446
f 7446 348 7062
f 7446 7062 7447
f 7447 7062 7448
f 7447 7448 7449
f 7449 7448 7064
f 7449 7064 7450
f 7450 7064 7066
f 7450 7066 7393
f 7448 7062 7451
f 7451 7062 7064
f 7451 7064 7448
f 7372 7428 7430
f 348 350 7062
f 7298 386 388
f 5294 7359 7452
f 7452 7359 7360
f 7452 7360 7388
f 7388 7360 7361
f 7388 7361 7362
f 7270 7391 7272
f 340 342 7393
f 7393 342 344
f 7393 344 7450
f 7450 344 7453
f 7450 7453 7449
f 7449 7453 7446
f 7449 7446 7447
f 7427 7426 7443
f 7443 7426 7425
f 7443 7425 7423
f 7299 7297 7429
f 7429 7297 7296
f 7429 7296 7294
f 6902 7347 7439
f 7439 7347 7437
f 7439 7437 7438
f 7212 7153 7454
f 7454 7153 7151
f 7454 7151 7455
f 7455 7151 7456
f 7455 7456 7214
f 7214 7456 7457
f 7214 7457 7458
f 7458 7457 7459
f 7458 7459 7460
f 7460 7459 7461
f 7460 7461 7462
f 7462 7461 7463
f 7462 7463 7464
f 7464 7463 7465
f 7464 7465 7466
f 7466 7465 7143
f 7466 7143 7141
f 7347 7348 7437
f 7437 7348 7349
f 6692 7445 6690
f 6690 7445 7194
f 6690 7194 6688
f 6688 7194 6686
f 7387 7278 7384
f 7384 7278 7280
f 7384 7280 7383
f 7383 7280 7282
f 409 407 7467
f 7467 407 7468
f 7467 7468 7469
f 7469 7468 7470
f 7469 7470 7471
f 7471 7470 7352
f 7471 7352 7472
f 7472 7352 7354
f 7472 7354 7473
f 7473 7354 7356
f 7473 7356 7474
f 7474 7356 7357
f 7474 7357 7475
f 7475 7357 7358
f 7475 7358 351
f 351 7358 353
f 7471 7476 7477
f 7477 7476 7478
f 7477 7478 7479
f 7479 7478 7480
f 7479 7480 7481
f 7481 7480 7482
f 7481 7482 7483
f 7483 7482 7484
f 7483 7484 7485
f 7485 7484 7486
f 7485 7486 7487
f 7487 7486 7488
f 7487 7488 7418
f 7418 7488 7489
f 7418 7489 7441
f 7441 7489 341
f 7441 341 7442
f 7442 341 339
f 7442 339 337
f 395 393 7376
f 7376 393 391
f 7376 391 7377
f 7377 391 7365
f 7226 7422 7228
f 7228 7422 7424
f 7228 7424 319
f 493 565 7490
f 7490 565 7491
f 7490 7491 7492
f 7492 7491 7493
f 7492 7493 7494
f 7494 7493 7495
f 7494 7495 7496
f 7496 7495 7497
f 7496 7497 7498
f 7498 7497 7499
f 7498 7499 7500
f 7500 7499 7501
f 7500 7501 7502
f 7502 7501 7503
f 7502 7503 7504
f 7504 7503 7505
f 7504 7505 7506
f 7506 7505 7507
f 7506 7507 6932
f 6932 7507 7508
f 6932 7508 7509
f 7509 7508 7510
f 7509 7510 7511
f 7511 7510 7512
f 7511 7512 7513
f 7513 7512 7514
f 7513 7514 7515
f 7515 7514 7516
f 7515 7516 7517
f 7517 7516 7518
f 7517 7518 7340
f 7340 7518 7519
f 7340 7519 7342
f 7342 7519 468
f 7342 468 7344
f 7452 7388 7520
f 7520 7388 475
f 7520 475 7521
f 7521 475 473
f 7521 473 7522
f 7522 473 7523
f 7522 7523 7524
f 7524 7523 7525
f 7524 7525 7526
f 7526 7525 7527
f 7526 7527 7528
f 7528 7527 7529
f 7528 7529 7530
f 7530 7529 5302
f 7530 5302 7531
f 7531 5302 5300
f 7531 5300 7532
f 7532 5300 5298
f 7532 5298 5296
f 344 346 7453
f 7453 346 7446
f 7527 7525 471
f 471 7525 7523
f 471 7523 473
f 6699 6697 7435
f 7435 6697 6695
f 7435 6695 7433
f 7433 6695 7533
f 7433 7533 7534
f 7534 7533 6689
f 7534 6689 7431
f 7431 6689 6687
f 7229 7269 7227
f 7227 7269 7271
f 7227 7271 7273
f 7374 7429 6908
f 6908 7429 7294
f 6908 7294 6910
f 6914 6912 390
f 390 6912 7293
f 390 7293 388
f 388 7293 7295
f 7455 7214 7454
f 7454 7214 7212
f 7482 7480 7535
f 7535 7480 7536
f 7535 7536 7537
f 7537 7536 7538
f 7537 7538 7539
f 7539 7538 7540
f 7539 7540 7541
f 7541 7540 349
f 7541 349 7542
f 7542 349 347
f 7542 347 345
f 7520 7521 7452
f 7452 7521 7522
f 7452 7522 7524
f 7332 7334 7318
f 7318 7334 7336
f 7318 7336 7316
f 7196 7194 7445
f 7535 7537 7543
f 7543 7537 7539
f 7543 7539 7544
f 7544 7539 7541
f 7544 7541 7545
f 7545 7541 7542
f 7545 7542 7546
f 7546 7542 345
f 7546 345 343
f 465 5302 467
f 467 5302 7529
f 467 7529 469
f 469 7529 7527
f 469 7527 471
f 7456 7151 7547
f 7547 7151 7149
f 7547 7149 7548
f 7548 7149 7147
f 7548 7147 7145
f 7536 7549 7550
f 7550 7549 7473
f 7550 7473 7551
f 7551 7473 7474
f 7551 7474 7538
f 7538 7474 7475
f 7538 7475 7540
f 7540 7475 351
f 7540 351 349
f 7433 7534 7432
f 7432 7534 7431
f 6898 6896 7246
f 7387 7384 7385
f 7219 7221 7386
f 7386 7221 7223
f 7386 7223 7276
f 7276 7223 7225
f 7276 7225 7227
f 7507 7505 7552
f 7552 7505 7553
f 7552 7553 7554
f 7554 7553 7555
f 7554 7555 7556
f 7556 7555 7557
f 7556 7557 7558
f 7558 7557 7559
f 7558 7559 7514
f 7514 7559 7560
f 7514 7560 7516
f 7516 7560 464
f 7516 464 7561
f 7561 464 466
f 7561 466 7519
f 7519 466 468
f 7423 7421 7420
f 7545 7546 7562
f 7562 7546 343
f 7562 343 7563
f 7563 343 341
f 7563 341 7489
f 7532 5296 7564
f 7564 5296 5294
f 7564 5294 7524
f 7524 5294 7452
f 7405 7565 7566
f 7566 7565 7567
f 7566 7567 7460
f 7460 7567 7568
f 7460 7568 7458
f 7458 7568 7216
f 7458 7216 7214
f 7456 7547 7457
f 7457 7547 7569
f 7457 7569 7459
f 7459 7569 7547
f 7459 7547 7548
f 6899 6901 7570
f 7570 6901 7571
f 7570 7571 7572
f 7572 7571 6903
f 7572 6903 7573
f 7573 6903 6905
f 7573 6905 6907
f 6919 6921 7574
f 7574 6921 7575
f 7574 7575 7576
f 7576 7575 7573
f 7576 7573 6909
f 6909 7573 6907
f 7441 7420 7418
f 7386 7217 7219
f 7489 7488 7563
f 7563 7488 7486
f 7563 7486 7562
f 7562 7486 7577
f 7562 7577 7545
f 7545 7577 7544
f 6901 6903 7571
f 7312 7314 7353
f 7353 7314 7335
f 7353 7335 7355
f 7355 7335 7333
f 7417 7419 7415
f 7415 7419 7226
f 7415 7226 7224
f 390 392 6914
f 6932 7509 6934
f 6934 7509 7578
f 6934 7578 6935
f 6935 7578 7337
f 6935 7337 6936
f 7578 7511 7337
f 7337 7511 7513
f 7337 7513 7338
f 7338 7513 7517
f 7338 7517 7340
f 6909 6911 7576
f 7576 6911 6913
f 7576 6913 6915
f 7524 7526 7564
f 7564 7526 7528
f 7564 7528 7530
f 6695 6693 7533
f 7533 6693 6691
f 7533 6691 6689
f 7484 7482 7577
f 7577 7482 7543
f 7577 7543 7544
f 7145 7463 7548
f 7548 7463 7461
f 7548 7461 7459
f 6927 6929 7579
f 7579 6929 6931
f 7579 6931 7580
f 7580 6931 7581
f 7580 7581 7582
f 7582 7581 6897
f 7582 6897 7583
f 7583 6897 7584
f 7583 7584 7585
f 7585 7584 7570
f 7585 7570 7586
f 7586 7570 7587
f 7586 7587 6923
f 6923 7587 7572
f 6923 7572 7575
f 7575 7572 7573
f 7550 7551 7536
f 7536 7551 7538
f 7218 7216 7588
f 7588 7216 7568
f 7588 7568 7589
f 7589 7568 7567
f 7589 7567 7409
f 7409 7567 7590
f 7409 7590 7407
f 7407 7590 7565
f 7407 7565 7405
f 6897 6899 7584
f 7570 7584 6899
f 7483 7485 415
f 415 7485 7591
f 415 7591 417
f 417 7591 7592
f 417 7592 7593
f 7593 7592 7594
f 7593 7594 7595
f 7595 7594 7596
f 7595 7596 7597
f 7597 7596 7598
f 7597 7598 7416
f 7416 7598 7487
f 7416 7487 7418
f 7519 7518 7561
f 6701 7434 6703
f 6703 7434 5289
f 6703 5289 5291
f 6897 7581 6895
f 6895 7581 6933
f 6895 6933 6893
f 6893 6933 6891
f 7220 7218 7599
f 7599 7218 7588
f 7599 7588 7411
f 7411 7588 7589
f 7411 7589 7409
f 7577 7486 7484
f 7543 7482 7535
f 7145 7143 7463
f 7411 7222 7599
f 7599 7222 7220
f 7530 7531 7564
f 7531 7532 7564
f 7140 7142 7444
f 7444 7142 7144
f 7576 6915 7574
f 7574 6915 6916
f 7574 6916 6917
f 7570 7572 7587
f 431 429 7398
f 7398 429 427
f 7398 427 7600
f 7600 427 7601
f 7600 7601 7406
f 7406 7601 7602
f 7406 7602 7408
f 7408 7602 7603
f 7408 7603 7410
f 7410 7603 7604
f 7410 7604 7412
f 7412 7604 7595
f 7412 7595 7413
f 7413 7595 7597
f 7413 7597 7414
f 7414 7597 7416
f 6923 6925 7605
f 7605 6925 6927
f 7605 6927 7585
f 7585 6927 7582
f 7585 7582 7583
f 7485 7487 7606
f 7606 7487 7598
f 7606 7598 7592
f 7592 7598 7596
f 7592 7596 7594
f 7130 7136 7607
f 7607 7136 7608
f 7607 7608 6694
f 6694 7608 7140
f 6694 7140 6692
f 7516 7561 7518
f 7513 7515 7517
f 7460 7462 7566
f 7566 7462 7464
f 7566 7464 7403
f 7403 7464 7466
f 7403 7466 7609
f 7609 7466 7141
f 7609 7141 7139
f 7471 7472 7476
f 7476 7472 7473
f 7476 7473 7478
f 7478 7473 7549
f 7478 7549 7480
f 7480 7549 7536
f 7509 7511 7578
f 7143 7465 7463
f 6923 7575 6921
f 7313 399 397
f 6919 7574 6917
f 7582 6927 7580
f 404 7610 7611
f 7611 7610 7612
f 7611 7612 7613
f 7613 7612 7614
f 7613 7614 7615
f 7615 7614 7616
f 7615 7616 7617
f 7617 7616 7618
f 7617 7618 7619
f 7619 7618 7620
f 7619 7620 7621
f 7621 7620 7622
f 7621 7622 7623
f 7623 7622 6920
f 7623 6920 7624
f 7624 6920 6918
f 7624 6918 7625
f 7625 6918 394
f 7625 394 396
f 6923 7605 7586
f 7586 7605 7585
f 7581 6931 6933
f 6704 5293 7626
f 7626 5293 5295
f 7626 5295 7627
f 7627 5295 5297
f 7627 5297 7628
f 7628 5297 7629
f 7628 7629 7630
f 7630 7629 7631
f 7630 7631 7632
f 7632 7631 7633
f 7632 7633 7634
f 7634 7633 7635
f 7634 7635 457
f 457 7635 459
f 7485 7606 7591
f 7591 7606 7592
f 459 7633 461
f 461 7633 7636
f 461 7636 463
f 463 7636 5301
f 463 5301 5303
f 7590 7567 7565
f 7593 7595 7637
f 7637 7595 7604
f 7637 7604 421
f 421 7604 7603
f 421 7603 423
f 423 7603 7602
f 423 7602 425
f 425 7602 7601
f 425 7601 427
f 409 7477 411
f 411 7477 7479
f 411 7479 413
f 413 7479 7481
f 413 7481 7483
f 415 413 7483
f 7405 7566 7403
f 6927 7579 7580
f 405 403 7470
f 7470 403 7311
f 7470 7311 7352
f 570 7638 7639
f 7639 7638 7640
f 7639 7640 7641
f 7641 7640 7642
f 7641 7642 7643
f 7643 7642 7644
f 7643 7644 7645
f 7645 7644 7646
f 7645 7646 566
f 566 7646 7647
f 566 7647 7648
f 7648 7647 7649
f 7648 7649 7650
f 7650 7649 458
f 7650 458 7651
f 7651 458 7652
f 7651 7652 7653
f 7653 7652 7654
f 7653 7654 7560
f 7560 7654 462
f 7560 462 464
f 7633 7631 7636
f 7636 7631 7629
f 7636 7629 7655
f 7655 7629 5299
f 7655 5299 5301
f 7636 7655 5301
f 7615 7617 7656
f 7656 7617 7657
f 7656 7657 398
f 398 7657 7658
f 398 7658 396
f 396 7658 7659
f 396 7659 7625
f 7625 7659 7623
f 7625 7623 7624
f 6702 6704 7660
f 7660 6704 7626
f 7660 7626 7661
f 7661 7626 7627
f 7661 7627 7662
f 7662 7627 7628
f 7662 7628 7663
f 7663 7628 7632
f 7663 7632 7634
f 7136 7138 7608
f 7608 7138 7140
f 5297 5299 7629
f 443 441 6698
f 6698 441 7607
f 6698 7607 6696
f 6696 7607 6694
f 421 419 7637
f 7637 419 417
f 7637 417 7593
f 7139 7395 7609
f 7609 7395 7401
f 7609 7401 7403
f 7558 7514 7664
f 7664 7514 7512
f 7664 7512 7665
f 7665 7512 7510
f 7665 7510 7508
f 7490 7492 7666
f 7666 7492 7667
f 7666 7667 7668
f 7668 7667 7669
f 7668 7669 7620
f 7620 7669 7670
f 7620 7670 7671
f 7671 7670 7672
f 7671 7672 7673
f 7673 7672 7674
f 7673 7674 6926
f 6926 7674 7675
f 6926 7675 6928
f 6928 7675 7506
f 6928 7506 6930
f 6930 7506 6932
f 7469 7471 7676
f 7676 7471 7477
f 7676 7477 7467
f 7467 7477 409
f 7556 7664 7554
f 7554 7664 7665
f 7554 7665 7552
f 7552 7665 7508
f 7552 7508 7507
f 7620 7671 7622
f 7622 7671 6922
f 7622 6922 6920
f 404 7611 402
f 402 7611 7613
f 402 7613 400
f 400 7613 7656
f 400 7656 398
f 7470 7468 405
f 7623 7659 7621
f 7621 7659 7658
f 7621 7658 7619
f 7619 7658 7657
f 7619 7657 7617
f 6700 6702 7677
f 7677 6702 7660
f 7677 7660 7678
f 7678 7660 7661
f 7678 7661 449
f 449 7661 7662
f 449 7662 451
f 451 7662 7663
f 451 7663 7634
f 7139 7137 7395
f 6926 6924 7673
f 7673 6924 6922
f 7673 6922 7671
f 7676 7467 7469
f 7600 7406 7400
f 7400 7406 7404
f 7400 7404 7402
f 462 7654 460
f 460 7654 7652
f 460 7652 458
f 617 615 7679
f 7679 615 7680
f 7679 7680 7681
f 7681 7680 7682
f 7681 7682 7683
f 7683 7682 494
f 7683 494 7684
f 7684 494 7685
f 7684 7685 7686
f 7686 7685 498
f 7686 498 7687
f 7687 498 500
f 7687 500 7688
f 7688 500 7689
f 7688 7689 7690
f 7690 7689 7691
f 7690 7691 7692
f 7692 7691 414
f 7692 414 416
f 416 418 7692
f 7692 418 7693
f 7692 7693 7694
f 7694 7693 422
f 7694 422 424
f 510 512 7695
f 7695 512 7696
f 7695 7696 7697
f 7697 7696 7698
f 7697 7698 7699
f 7699 7698 7700
f 7699 7700 7557
f 7557 7700 7653
f 7557 7653 7559
f 7559 7653 7560
f 500 408 7689
f 7689 408 410
f 7689 410 7701
f 7701 410 412
f 7701 412 7691
f 7691 412 414
f 7630 7632 7628
f 7137 7135 7395
f 7399 7401 7397
f 7397 7401 7395
f 7468 407 405
f 7502 7504 7702
f 7702 7504 7506
f 7702 7506 7703
f 7703 7506 7675
f 7703 7675 7674
f 7558 7664 7556
f 418 420 7693
f 420 422 7693
f 443 6700 445
f 445 6700 7677
f 445 7677 7678
f 443 6698 6700
f 7656 7613 7615
f 7600 7400 7398
f 7130 7132 7136
f 7136 7132 7134
f 7702 7703 7502
f 7502 7703 7674
f 7502 7674 7500
f 7500 7674 7672
f 7500 7672 7498
f 7498 7672 7670
f 7498 7670 7496
f 7496 7670 7669
f 7496 7669 7704
f 7704 7669 7667
f 7704 7667 7492
f 439 7130 441
f 441 7130 7607
f 7679 7705 7706
f 7706 7705 7707
f 7706 7707 7708
f 7708 7707 7709
f 7708 7709 7710
f 7710 7709 7711
f 7710 7711 7712
f 7712 7711 7713
f 7712 7713 7714
f 7714 7713 7715
f 7714 7715 7716
f 7716 7715 7717
f 7716 7717 7718
f 7718 7717 7719
f 7718 7719 7720
f 7720 7719 7721
f 7720 7721 7722
f 7722 7721 7723
f 7722 7723 7724
f 7724 7723 7725
f 7724 7725 7694
f 7694 7725 7690
f 7694 7690 7692
f 7635 7633 459
f 404 406 7610
f 7610 406 501
f 7610 501 499
f 449 447 7678
f 7678 447 445
f 7718 7720 428
f 428 7720 7726
f 428 7726 426
f 426 7726 7722
f 426 7722 424
f 424 7722 7724
f 424 7724 7694
f 7505 7503 7727
f 7727 7503 7501
f 7727 7501 7728
f 7728 7501 7729
f 7728 7729 7553
f 7553 7729 7730
f 7553 7730 7555
f 7555 7730 7731
f 7555 7731 7732
f 7732 7731 7733
f 7732 7733 7734
f 7734 7733 7735
f 7734 7735 7736
f 7736 7735 7737
f 7736 7737 7738
f 7738 7737 7735
f 7738 7735 7739
f 7739 7735 7733
f 7739 7733 7740
f 7740 7733 7731
f 7740 7731 7730
f 7728 7553 7727
f 7727 7553 7505
f 7701 7691 7689
f 7686 7687 7741
f 7741 7687 7688
f 7741 7688 7742
f 7742 7688 7690
f 7742 7690 7723
f 7723 7690 7725
f 431 7398 433
f 433 7398 7396
f 433 7396 7743
f 7743 7396 7133
f 7743 7133 437
f 437 7133 7131
f 499 497 7744
f 7744 497 7745
f 7744 7745 7746
f 7746 7745 7666
f 7746 7666 7618
f 7618 7666 7668
f 7618 7668 7620
f 7616 7614 7744
f 7744 7614 7612
f 7744 7612 499
f 499 7612 7610
f 7722 7726 7720
f 512 589 7696
f 7696 589 7747
f 7696 7747 7698
f 7698 7747 7748
f 7698 7748 7700
f 7700 7748 7651
f 7700 7651 7653
f 7723 7721 7742
f 7742 7721 7719
f 7742 7719 7741
f 7741 7719 7717
f 7741 7717 7715
f 7695 7697 7749
f 7749 7697 7750
f 7749 7750 7736
f 7736 7750 7751
f 7736 7751 7734
f 7734 7751 7697
f 7734 7697 7732
f 7732 7697 7699
f 7732 7699 7555
f 7555 7699 7557
f 457 455 7634
f 7634 455 453
f 7634 453 451
f 7618 7616 7746
f 7616 7744 7746
f 7712 7752 7753
f 7753 7752 7754
f 7753 7754 430
f 430 7754 7718
f 430 7718 428
f 7729 7501 7755
f 7755 7501 7499
f 7755 7499 7756
f 7756 7499 7497
f 7756 7497 7757
f 7757 7497 7495
f 7757 7495 7758
f 7758 7495 7493
f 7758 7493 7759
f 7759 7493 504
f 7759 504 506
f 433 7743 435
f 435 7743 437
f 600 602 448
f 448 602 604
f 448 604 446
f 446 604 444
f 594 596 7640
f 7640 596 7760
f 7640 7760 7761
f 7761 7760 454
f 7761 454 7762
f 7762 454 456
f 7762 456 7763
f 7763 456 458
f 7763 458 7649
f 589 587 7747
f 7747 587 7648
f 7747 7648 7748
f 7748 7648 7650
f 7748 7650 7651
f 7492 7494 7704
f 7704 7494 7496
f 7739 7740 7755
f 7755 7740 7730
f 7755 7730 7729
f 7752 7714 7754
f 7754 7714 7716
f 7754 7716 7718
f 7753 430 7764
f 7764 430 432
f 7764 432 7765
f 7765 432 7766
f 7765 7766 7767
f 7767 7766 7768
f 7767 7768 7769
f 7769 7768 7770
f 7769 7770 7771
f 7771 7770 7772
f 7771 7772 7773
f 7773 7772 7774
f 7773 7774 436
f 436 7774 7766
f 436 7766 434
f 434 7766 432
f 436 438 7773
f 7773 438 440
f 7773 440 7775
f 7775 440 442
f 7775 442 7776
f 7776 442 605
f 7776 605 7777
f 7777 605 603
f 7777 603 7778
f 7778 603 7779
f 7778 7779 7780
f 7780 7779 7781
f 7780 7781 7782
f 7782 7781 7783
f 7782 7783 7784
f 7784 7783 7785
f 7784 7785 625
f 625 7785 7786
f 625 7786 7787
f 7787 7786 7788
f 7787 7788 629
f 629 7788 631
f 454 7760 452
f 452 7760 7789
f 452 7789 450
f 450 7789 448
f 7686 7741 7790
f 7790 7741 7715
f 7790 7715 7684
f 7684 7715 7713
f 7684 7713 7681
f 7681 7713 7705
f 7681 7705 7679
f 7760 598 7789
f 7789 598 600
f 7789 600 448
f 498 7685 496
f 7695 7749 7791
f 7791 7749 7736
f 7791 7736 508
f 508 7736 7738
f 508 7738 506
f 506 7738 7792
f 506 7792 7793
f 7793 7792 7755
f 7793 7755 7794
f 7794 7755 7756
f 7794 7756 7759
f 7759 7756 7758
f 7755 7792 7739
f 7757 7758 7756
f 7490 7666 7795
f 7795 7666 7745
f 7795 7745 495
f 495 7745 497
f 617 7679 7796
f 7796 7679 7706
f 7796 7706 7797
f 7797 7706 7708
f 7797 7708 7765
f 7765 7708 7710
f 7765 7710 7764
f 7764 7710 7712
f 7764 7712 7753
f 623 621 7798
f 7798 621 7799
f 7798 7799 7800
f 7800 7799 7801
f 7800 7801 7802
f 7802 7801 7803
f 7802 7803 7778
f 7778 7803 7804
f 7778 7804 7777
f 7777 7804 7805
f 7777 7805 7775
f 7775 7805 7771
f 7775 7771 7773
f 7684 7686 7790
f 7752 7712 7714
f 7761 7762 7806
f 7806 7762 7807
f 7806 7807 7646
f 7646 7807 7763
f 7646 7763 7647
f 7647 7763 7649
f 7775 7776 7777
f 7766 7774 7768
f 7768 7774 7772
f 7768 7772 7770
f 7763 7807 7762
f 7794 7759 7793
f 7771 7805 7769
f 7769 7805 7804
f 7769 7804 7808
f 7808 7804 7803
f 7808 7803 7801
f 7792 7738 7739
f 496 7685 494
f 7759 506 7793
f 7490 7795 493
f 493 7795 495
f 565 502 7491
f 7491 502 504
f 7491 504 7493
f 7751 7750 7697
f 7797 7765 7809
f 7809 7765 7767
f 7809 7767 7810
f 7810 7767 7799
f 7810 7799 7796
f 7796 7799 619
f 7796 619 617
f 7681 7683 7684
f 7707 7705 7709
f 7709 7705 7713
f 7709 7713 7711
f 7760 596 598
f 566 7648 587
f 494 7682 492
f 492 7682 7811
f 492 7811 490
f 490 7811 613
f 490 613 611
f 7640 7761 7642
f 7642 7761 7806
f 7642 7806 7644
f 7644 7806 7646
f 595 7812 597
f 597 7812 7813
f 597 7813 599
f 599 7813 7814
f 599 7814 601
f 601 7814 7779
f 601 7779 603
f 7801 7799 7808
f 7808 7799 7767
f 7808 7767 7769
f 7797 7809 7796
f 7796 7809 7810
f 7695 7791 510
f 510 7791 508
f 623 7798 7784
f 7784 7798 7800
f 7784 7800 7815
f 7815 7800 7816
f 7815 7816 7780
f 7780 7816 7802
f 7780 7802 7778
f 7639 7643 568
f 568 7643 7645
f 568 7645 566
f 615 613 7680
f 7680 613 7811
f 7680 7811 7682
f 7816 7800 7802
f 7643 7639 7641
f 589 512 514
f 7788 7783 7814
f 7814 7783 7781
f 7814 7781 7779
f 658 659 657
f 657 659 662
f 657 662 505
f 505 662 507
f 619 7799 621
f 657 505 656
f 656 505 503
f 656 503 488
f 570 572 7638
f 7638 572 594
f 7638 594 7640
f 513 511 515
f 515 511 509
f 515 509 7817
f 7817 509 663
f 7817 663 517
f 517 663 661
f 517 661 638
f 568 570 7639
f 7784 7815 7782
f 7782 7815 7780
f 595 633 7812
f 7812 633 7818
f 7812 7818 7813
f 7813 7818 7814
f 633 631 7818
f 7818 631 7788
f 7818 7788 7814
f 610 612 667
f 667 612 614
f 667 614 671
f 671 614 616
f 671 616 620
f 620 616 618
f 660 662 659
f 588 590 592
f 592 590 520
f 592 520 522
f 515 7817 517
f 569 573 571
f 623 7784 625
f 516 518 590
f 518 520 590
f 7785 7783 7786
f 7788 7786 7783
f 592 522 591
f 591 522 524
f 591 524 7819
f 7819 524 526
f 7819 526 528
f 702 699 7820
f 7820 699 7821
f 7820 7821 7822
f 7822 7821 699
f 7822 699 7823
f 7823 699 700
f 7823 700 7824
f 7824 700 577
f 7824 577 7819
f 7819 577 593
f 7819 593 591
f 593 577 575
f 644 7825 7826
f 7826 7825 523
f 7826 523 7827
f 7827 523 521
f 7827 521 642
f 642 521 519
f 642 519 640
f 640 519 517
f 640 517 638
f 667 671 669
f 706 685 7828
f 7828 685 683
f 7828 683 7829
f 7829 683 7830
f 7829 7830 7831
f 7831 7830 670
f 7831 670 622
f 7832 7833 548
f 548 7833 7834
f 548 7834 546
f 546 7834 7835
f 546 7835 7836
f 7836 7835 7834
f 7836 7834 7837
f 7837 7834 7833
f 7837 7833 7838
f 7838 7833 7832
f 7838 7832 7839
f 7839 7832 7840
f 7839 7840 626
f 626 7840 7831
f 626 7831 624
f 624 7831 622
f 625 7787 627
f 627 7787 629
f 574 576 582
f 582 576 578
f 582 578 580
f 665 666 681
f 681 666 668
f 681 668 7841
f 7841 668 670
f 7841 670 7830
f 626 7842 7839
f 7839 7842 7843
f 7839 7843 7844
f 7844 7843 632
f 7844 632 7845
f 7845 632 606
f 7845 606 607
f 681 664 665
f 628 630 7842
f 7842 630 632
f 7842 632 7843
f 7822 7823 528
f 528 7823 7824
f 528 7824 7819
f 7842 626 628
f 641 639 672
f 544 7836 7846
f 7846 7836 7847
f 7846 7847 674
f 674 7847 7845
f 674 7845 607
f 7830 683 7841
f 7841 683 681
f 7831 7840 7829
f 7829 7840 708
f 7829 708 7848
f 7848 708 706
f 7848 706 7828
f 7845 7847 7844
f 7844 7847 7836
f 7844 7836 7837
f 644 7826 642
f 642 7826 7827
f 682 697 680
f 654 527 652
f 652 527 525
f 652 525 7849
f 7849 525 523
f 7849 523 7825
f 7837 7838 7844
f 7844 7838 7839
f 694 693 695
f 695 693 679
f 708 7840 7850
f 7850 7840 7832
f 7850 7832 548
f 650 652 648
f 648 652 7849
f 648 7849 7851
f 7851 7849 7825
f 7851 7825 646
f 646 7825 644
f 532 702 7852
f 7852 702 7820
f 7852 7820 530
f 530 7820 7822
f 530 7822 528
f 538 540 7853
f 7853 540 542
f 7853 542 676
f 676 542 7846
f 676 7846 674
f 699 702 677
f 737 7854 690
f 690 7854 647
f 690 647 696
f 696 647 645
f 696 645 643
f 7828 7829 7848
f 698 684 686
f 544 546 7836
f 654 529 527
f 646 648 7851
f 542 544 7846
f 685 706 704
f 530 532 7852
f 708 7850 550
f 550 7850 548
f 701 536 678
f 678 536 7853
f 678 7853 676
f 534 536 701
f 741 846 739
f 739 846 847
f 739 847 7854
f 7854 847 649
f 7854 649 647
f 653 651 7855
f 7855 651 649
f 7855 649 805
f 805 649 847
f 690 692 737
f 763 535 752
f 752 535 533
f 558 745 556
f 556 745 747
f 556 747 554
f 554 747 707
f 554 707 552
f 538 7853 536
f 802 814 804
f 804 814 7856
f 804 7856 806
f 806 7856 830
f 806 830 655
f 7855 805 653
f 739 7854 737
f 748 541 772
f 772 541 539
f 772 539 779
f 779 539 537
f 779 537 766
f 742 740 744
f 744 740 746
f 836 826 812
f 812 826 827
f 812 827 7856
f 7856 827 829
f 7856 829 830
f 770 771 714
f 828 758 749
f 749 758 756
f 749 756 754
f 761 785 759
f 759 785 786
f 759 786 757
f 757 786 755
f 845 741 7857
f 7857 741 743
f 7857 743 7858
f 7858 743 745
f 7858 745 7859
f 7859 745 560
f 7859 560 7860
f 7860 560 562
f 7860 562 843
f 843 562 564
f 812 7856 814
f 768 732 766
f 766 732 777
f 766 777 779
f 715 781 713
f 745 558 560
f 796 811 798
f 798 811 813
f 798 813 800
f 7860 845 7859
f 7859 845 7857
f 7859 7857 7858
f 828 794 758
f 784 769 767
f 845 7860 843
f 836 812 7861
f 7861 812 808
f 7861 808 836
f 838 844 842
f 729 731 821
f 821 731 733
f 821 733 735
f 725 727 823
f 823 727 818
f 823 818 790
f 790 818 816
f 790 816 789
f 852 854 7862
f 7862 854 819
f 7862 819 7863
f 7863 819 820
f 7863 820 7864
f 7864 820 788
f 7864 788 831
f 831 788 793
f 848 7865 835
f 835 7865 7863
f 835 7863 7866
f 7866 7863 831
f 7866 831 833
f 7866 833 835
f 727 729 821
f 809 848 835
f 7864 831 7863
f 848 839 7865
f 7865 839 841
f 7865 841 852
f 819 854 817
f 817 854 849
f 852 7862 7865
f 7865 7862 7863

