# https://github.com/mikedh/trimesh
v -0.45478406 0.06742519 -0.68623768
v -0.45357612 0.04671209 -0.66769705
v -0.45485896 0.06295857 -0.66117040
v -0.45172203 0.07845594 -0.67145202
v -0.45293936 0.04552288 -0.64272339
v -0.45128194 0.07811881 -0.64667495
v -0.45190932 0.07661122 -0.70720358
v -0.45287381 0.04707730 -0.69187477
v -0.44455860 0.02643915 -0.67920535
v -0.44382821 0.02493152 -0.67012234
v -0.44412786 0.02508137 -0.66105800
v -0.44229254 0.10386034 -0.69835463
v -0.44183372 0.10417871 -0.65777127
v -0.44384695 0.02498771 -0.64533591
v -0.44430577 0.02572749 -0.63387443
v -0.44795772 0.03488545 -0.61215005
v -0.45209661 0.05140347 -0.61787143
v -0.45248988 0.06899832 -0.62257216
v -0.44321957 0.09400011 -0.61409778
v -0.45393193 0.05348227 -0.71402993
v -0.45391320 0.05321068 -0.72883434
v -0.44790156 0.08855028 -0.72179262
v -0.44301355 0.02462254 -0.69111632
v -0.44797645 0.03358382 -0.70058326
v -0.43617789 0.01358243 -0.66631121
v -0.43374323 0.12477943 -0.66997251
v -0.43266638 0.12804744 -0.72612814
v -0.42238476 0.15335821 -0.70134177
v -0.43405226 0.11925469 -0.61970676
v -0.43235738 0.00874124 -0.63298486
v -0.44112202 0.02105487 -0.62398610
v -0.43999836 0.01965962 -0.61031474
v -0.44705881 0.03599975 -0.58923642
v -0.45004588 0.06142290 -0.59342214
v -0.44495192 0.07372713 -0.57322410
v -0.43627151 0.10014285 -0.57490958
v -0.44664676 0.03172977 -0.72147428
v -0.44371585 0.02667323 -0.71011580
v -0.45129129 0.04484869 -0.74726264
v -0.44531711 0.03005362 -0.73441527
v -0.45404429 0.06569284 -0.73769264
v -0.45009273 0.08077818 -0.74605463
v -0.43955827 0.11146387 -0.75326490
v -0.44370651 0.02628930 -0.70018063
v -0.42783460 0.00612870 -0.69400978
v -0.42496920 -0.00073506 -0.64908149
v -0.42289043 0.15156036 -0.67362444
v -0.42148581 0.15415418 -0.65324846
v -0.42560597 0.14151281 -0.62987602
v -0.42612099 0.14600751 -0.74715960
v -0.41737504 0.16666441 -0.72845976
v -0.40946249 0.18375364 -0.71000341
v -0.41050188 0.18076654 -0.68173364
v -0.41946320 0.15146670 -0.60438734
v -0.42188847 0.13699004 -0.57509686
v -0.41515579 -0.01084815 -0.61229988
v -0.43720789 0.01592342 -0.59702728
v -0.43710492 0.01650398 -0.58458256
v -0.44096285 0.02664515 -0.56552690
v -0.44777981 0.05355717 -0.57403875
v -0.44436197 0.05897889 -0.55215519
v -0.43472646 0.08420540 -0.53694812
v -0.42366763 0.11843065 -0.54332494
v -0.43367768 0.01592342 -0.72058467
v -0.45326709 0.05480257 -0.76309709
v -0.44351922 0.02831191 -0.75774086
v -0.44304166 0.02692606 -0.74608274
v -0.44306974 0.02731934 -0.76474511
v -0.45195613 0.07140486 -0.77198343
v -0.44212398 0.10208120 -0.77650628
v -0.43408969 0.12214814 -0.78869812
v -0.42581195 0.14562358 -0.77549494
v -0.41228104 -0.01330150 -0.69350412
v -0.41402274 -0.00171827 -0.71747587
v -0.41666338 -0.01156917 -0.67116172
v -0.40057610 -0.02875203 -0.65465304
v -0.40797363 0.18568259 -0.66191948
v -0.41602662 0.16508191 -0.63079370
v -0.41195331 0.17901547 -0.77203024
v -0.40713088 0.19002748 -0.74751541
v -0.40451832 0.19503719 -0.73075397
v -0.39934004 0.20498172 -0.68931846
v -0.39925580 0.20556229 -0.71293430
v -0.41260877 0.16216972 -0.58317799
v -0.40890066 0.17724569 -0.61015552
v -0.41382610 0.14634460 -0.54895269
v -0.39696162 -0.03069037 -0.63125252
v -0.40376920 -0.02285274 -0.61190660
v -0.42399536 -0.00073506 -0.58253187
v -0.40547346 -0.02034321 -0.58992941
v -0.43476392 0.01389145 -0.57156666
v -0.44108460 0.03575628 -0.54661170
v -0.43099023 0.00887233 -0.55730533
v -0.44062574 0.05473703 -0.53377373
v -0.42001568 0.11547166 -0.52113237
v -0.42878971 0.07599322 -0.50176773
v -0.42181357 0.00636282 -0.74136329
v -0.45124447 0.05521458 -0.79221898
v -0.44687152 0.03708595 -0.79046790
v -0.44203036 0.02674813 -0.77406228
v -0.43451109 0.01677553 -0.75509091
v -0.42864923 0.01223401 -0.77983047
v -0.44721798 0.07527219 -0.80335274
v -0.43962382 0.09767077 -0.80709831
v -0.43082167 0.11856175 -0.81513260
v -0.42657046 0.13948084 -0.79744403
v -0.41789941 0.16360240 -0.78946598
v -0.40537045 -0.02062411 -0.69984352
v -0.40641923 -0.02331157 -0.67975784
v -0.40270173 -0.01376969 -0.72988306
v -0.40020153 -0.02231899 -0.71158592
v -0.39345950 -0.03849991 -0.68125607
v -0.37760632 -0.05221811 -0.65646032
v -0.38376779 -0.04427748 -0.63359351
v -0.39156798 0.22133121 -0.66845552
v -0.40023899 0.20023419 -0.63801332
v -0.40804853 0.18344462 -0.63766686
v -0.40498652 0.18955929 -0.79583347
v -0.39519184 0.21472960 -0.77413714
v -0.39580049 0.21445806 -0.74624195
v -0.38711074 0.23117272 -0.70025558
v -0.40198069 0.18715275 -0.58894616
v -0.40434041 0.17215168 -0.55682778
v -0.39846921 0.19985027 -0.61106382
v -0.40951869 0.14540822 -0.52639491
v -0.38776620 -0.03790999 -0.60300149
v -0.40811407 -0.01738419 -0.56997481
v -0.38648336 -0.03795680 -0.58403007
v -0.43607488 0.02385469 -0.53182603
v -0.41459395 -0.01085751 -0.55321331
v -0.42824661 0.00669055 -0.54212640
v -0.43702999 0.04803244 -0.51549529
v -0.40051991 0.14819868 -0.49382710
v -0.41385418 0.11051813 -0.49019388
v -0.43100896 0.04542926 -0.49000659
v -0.41980031 0.07398932 -0.47059509
v -0.41804923 0.00359107 -0.77268578
v -0.40035135 -0.01614815 -0.74728134
v -0.44642204 0.04357518 -0.81567567
v -0.44253599 0.05540186 -0.83649175
v -0.44030739 0.02616757 -0.80843735
v -0.44129997 0.02691670 -0.79571172
v -0.41378864 0.00072570 -0.80309990
v -0.43233865 0.01602640 -0.80383964
v -0.43842522 0.08482340 -0.82847623
v -0.43189856 0.10591106 -0.82783946
v -0.42250650 0.12630574 -0.83266189
v -0.41833018 0.14239304 -0.82712784
v -0.42007188 0.15309602 -0.80309990
v -0.40973406 0.17299443 -0.80959848
v -0.39945244 -0.02902359 -0.70030239
v -0.39411495 -0.02591475 -0.73561387
v -0.39434906 -0.02747853 -0.72376842
v -0.39343142 -0.03610273 -0.70529337
v -0.38224146 -0.05119743 -0.70301793
v -0.37740968 -0.05523331 -0.68434616
v -0.36237114 -0.06840840 -0.67106809
v -0.36192167 -0.06513101 -0.64472726
v -0.36704378 -0.05722783 -0.61337674
v -0.38142679 0.24249374 -0.66643291
v -0.38391761 0.23530221 -0.63791966
v -0.38990117 0.21874675 -0.61431315
v -0.40149378 0.18542980 -0.82039512
v -0.39334713 0.20918615 -0.80923332
v -0.38368351 0.23556443 -0.78618861
v -0.38085561 0.24450699 -0.75788131
v -0.38454499 0.23709074 -0.72427410
v -0.37666991 0.25217608 -0.68171491
v -0.37502188 0.25567820 -0.70121067
v -0.38953598 0.20183544 -0.55347547
v -0.38336516 0.22442130 -0.58070590
v -0.39832874 0.16654268 -0.51652533
v -0.37068635 -0.05202147 -0.59233594
v -0.38012522 -0.04247023 -0.56640713
v -0.39625931 -0.02775946 -0.54993594
v -0.42225367 0.00024815 -0.51693733
v -0.42437929 0.00201793 -0.52908239
v -0.42792823 0.01561440 -0.50160852
v -0.43387432 0.03112113 -0.50955851
v -0.40419994 -0.02102677 -0.52768715
v -0.40410631 0.12756989 -0.47900391
v -0.39253246 0.14988420 -0.46978041
v -0.38299997 0.18470878 -0.49180445
v -0.38050915 0.17776071 -0.47323574
v -0.40634429 0.10809284 -0.46373133
v -0.42400471 0.04009180 -0.46430254
v -0.41499662 0.05895082 -0.44546221
v -0.41030524 0.08777307 -0.45550979
v -0.40441531 -0.01016457 -0.77823859
v -0.39157732 -0.02933260 -0.76010059
v -0.39193317 -0.02891122 -0.74519314
v -0.43812557 0.02503454 -0.82246455
v -0.43773229 0.03822836 -0.84360839
v -0.42886460 0.05561722 -0.85785096
v -0.43117752 0.06617043 -0.85207342
v -0.43239485 0.07677979 -0.84691388
v -0.40173723 -0.01274903 -0.83033028
v -0.41950066 0.00608191 -0.81614387
v -0.39636232 -0.02104549 -0.79824001
v -0.43188917 0.01666315 -0.82829832
v -0.43124306 0.08745469 -0.84388927
v -0.42793758 0.10206248 -0.84074299
v -0.42251585 0.11564019 -0.84148273
v -0.41539924 0.13411528 -0.83995644
v -0.40424678 0.14751513 -0.84653930
v -0.40986515 0.15763755 -0.83153823
v -0.38384272 -0.04468012 -0.73092253
v -0.38428281 -0.04673083 -0.71750398
v -0.37136054 -0.06365151 -0.71829987
v -0.36299852 -0.06977553 -0.69093841
v -0.34518828 -0.08464549 -0.67954246
v -0.33588989 -0.08707077 -0.64226454
v -0.35252965 -0.07130186 -0.62923928
v -0.33762220 -0.08167712 -0.61499669
v -0.35058193 -0.06850204 -0.59167111
v -0.37469411 0.25511635 -0.64993362
v -0.37412293 0.25320612 -0.62700131
v -0.37983492 0.23817697 -0.60824527
v -0.40133458 0.16929570 -0.83738134
v -0.39561320 0.18306070 -0.83678205
v -0.38681109 0.19385734 -0.84267198
v -0.38766319 0.20329624 -0.83460964
v -0.38333705 0.21401794 -0.83376686
v -0.37966640 0.23054532 -0.82049810
v -0.37375773 0.24648278 -0.80957037
v -0.37297114 0.25766334 -0.77348168
v -0.36800824 0.26740187 -0.75437922
v -0.37467538 0.25634304 -0.73000482
v -0.36880418 0.26689624 -0.67262250
v -0.36120067 0.27855436 -0.68114368
v -0.36714676 0.26944323 -0.71372093
v -0.38277521 0.19492485 -0.50810715
v -0.37607999 0.21763244 -0.52676948
v -0.37784977 0.22296990 -0.54791333
v -0.37012452 0.24977890 -0.57904846
v -0.36627593 0.24426352 -0.54482321
v -0.35295101 -0.06414780 -0.56429086
v -0.37688528 -0.04430556 -0.53483185
v -0.41663530 -0.00700893 -0.50509189
v -0.42084908 0.00759886 -0.47925674
v -0.40336657 -0.02203808 -0.49804085
v -0.38274713 -0.03933331 -0.50325660
v -0.39034130 0.13092217 -0.44210997
v -0.37938545 0.15594267 -0.44105181
v -0.36826108 0.21778226 -0.49761949
v -0.36542380 0.20338047 -0.46713044
v -0.35726780 0.19555221 -0.43589225
v -0.39543530 0.10498404 -0.43058291
v -0.41892944 0.02451952 -0.45012547
v -0.41403212 0.03383665 -0.43203431
v -0.40384413 0.05645062 -0.41374654
v -0.40217733 0.08396193 -0.43075144
v -0.39341268 -0.02641104 -0.77956829
v -0.38687664 -0.03724513 -0.77852890
v -0.38313106 -0.04430556 -0.76345289
v -0.37822432 -0.05337925 -0.74758098
v -0.43056887 0.01921015 -0.84140787
v -0.42863054 0.02394831 -0.85169884
v -0.42660789 0.04009180 -0.86108152
v -0.41675701 0.04924973 -0.87031440
v -0.42048389 0.06927923 -0.86267339
v -0.42410772 0.08850345 -0.85384320
v -0.39176461 -0.02521245 -0.84995711
v -0.38722310 -0.03347146 -0.83862675
v -0.38941427 -0.03132711 -0.82356952
v -0.39245754 -0.02706651 -0.81027271
v -0.41937892 0.00621300 -0.84044335
v -0.40228972 -0.01052041 -0.85251351
v -0.38125827 -0.04794815 -0.79882054
v -0.41584871 0.10742801 -0.85413350
v -0.40598848 0.12781336 -0.85363718
v -0.38675489 0.14738404 -0.86005148
v -0.37829925 -0.05361334 -0.73537038
v -0.36952522 -0.06520591 -0.73859158
v -0.35687452 -0.07751952 -0.71398312
v -0.33355824 -0.09874762 -0.71827176
v -0.32776197 -0.10286777 -0.70138858
v -0.32643228 -0.10088261 -0.68046015
v -0.32882944 -0.09573242 -0.66088010
v -0.31032627 -0.10717518 -0.64405307
v -0.31714324 -0.09871953 -0.62374264
v -0.31700275 -0.09575116 -0.60469633
v -0.32556142 -0.08644337 -0.58243821
v -0.36378511 0.27458404 -0.65431596
v -0.35890648 0.27957501 -0.62636454
v -0.36674413 0.26399340 -0.60976225
v -0.38716690 0.17528863 -0.85073431
v -0.36608864 0.19428810 -0.86110963
v -0.36850453 0.21221073 -0.85468591
v -0.37548070 0.22296990 -0.84042465
v -0.37063015 0.23635100 -0.83738134
v -0.36346672 0.25105241 -0.83631384
v -0.36124748 0.26776708 -0.81130275
v -0.36519908 0.26881584 -0.78760257
v -0.36104145 0.27714975 -0.76885592
v -0.35534819 0.28541812 -0.75699178
v -0.36297982 0.27560469 -0.73785184
v -0.35517025 0.28624216 -0.70088292
v -0.35308209 0.28825541 -0.69137849
v -0.35378441 0.28818983 -0.67618081
v -0.35897203 0.28145716 -0.72162407
v -0.35920613 0.24169781 -0.51209615
v -0.35412152 0.27315136 -0.56657570
v -0.34826902 0.27420012 -0.54545057
v -0.35127485 0.26377804 -0.52998134
v -0.33010296 -0.07997289 -0.54753873
v -0.35270755 -0.06250909 -0.52005553
v -0.41478121 -0.00705572 -0.49088682
v -0.41142894 -0.01043611 -0.47969686
v -0.41448159 0.00403118 -0.45262567
v -0.38188565 -0.04145892 -0.46511718
v -0.40547346 -0.01689727 -0.46239227
v -0.36876675 -0.05052324 -0.49468857
v -0.37798086 0.13693385 -0.41536648
v -0.35715544 0.17377168 -0.40618980
v -0.35176179 0.24424480 -0.49275959
v -0.35198651 0.23170646 -0.47290800
v -0.34797875 0.21691142 -0.44191329
v -0.33986019 0.21747324 -0.42368168
v -0.33568386 0.21151778 -0.40400802
v -0.39532293 0.08179886 -0.40925178
v -0.38434835 0.11249391 -0.40655497
v -0.40756162 -0.00211156 -0.42871947
v -0.40980896 0.01583915 -0.41933679
v -0.40548281 0.03349955 -0.40385817
v -0.39130579 0.07823119 -0.39249032
v -0.39801974 0.05059814 -0.39099209
v -0.37868317 -0.05257394 -0.78366967
v -0.37640772 -0.05599179 -0.77468027
v -0.37658563 -0.05607607 -0.75959492
v -0.42289978 0.01350752 -0.85229814
v -0.41914482 0.01831123 -0.86153103
v -0.42296532 0.02715081 -0.86138117
v -0.41171921 0.03037200 -0.87309545
v -0.39966781 0.05373506 -0.87935062
v -0.40106304 0.08002908 -0.87315168
v -0.40295456 0.10131335 -0.86547321
v -0.38460119 -0.03443595 -0.85198915
v -0.39338456 -0.01739355 -0.86153103
v -0.38299997 -0.02724444 -0.86536088
v -0.37637026 -0.04833206 -0.84912375
v -0.38023758 -0.04739568 -0.83012426
v -0.41262750 0.00411545 -0.85841279
v -0.39991126 -0.00728048 -0.86393750
v -0.40487416 -0.00213967 -0.86270151
v -0.37498441 -0.05833278 -0.81141507
v -0.37460048 -0.05970929 -0.79736918
v -0.38775685 0.12012553 -0.86701827
v -0.36255844 0.11767220 -0.87306741
v -0.36281127 0.15103598 -0.86797338
v -0.37155718 0.17228277 -0.86172763
v -0.35903758 -0.07139550 -0.75612095
v -0.34799748 -0.08112465 -0.73266419
v -0.31260172 -0.11531245 -0.74148503
v -0.31061653 -0.11932024 -0.71810328
v -0.33460702 -0.08840981 -0.74895749
v -0.30532590 -0.11929215 -0.69033911
v -0.30255420 -0.11648295 -0.66331471
v -0.29713245 -0.11412324 -0.62716982
v -0.29930487 -0.10468438 -0.58060288
v -0.29497874 -0.11041511 -0.59749545
v -0.31027946 -0.09412183 -0.55540445
v -0.35277310 0.28799323 -0.64800464
v -0.35112503 0.28954765 -0.65983132
v -0.34966425 0.28911685 -0.63292867
v -0.35369078 0.28163509 -0.60210254
v -0.34657417 0.28965066 -0.61541808
v -0.35318510 0.27891017 -0.58417991
v -0.35052573 0.17183330 -0.86924690
v -0.33147947 0.18378172 -0.87395694
v -0.34482309 0.20186352 -0.87078261
v -0.33881144 0.22223016 -0.87235571
v -0.35914058 0.23184691 -0.85577219
v -0.35719287 0.24729746 -0.85007885
v -0.35639693 0.26044445 -0.83902938
v -0.35162131 0.27098826 -0.83453472
v -0.34860613 0.28264641 -0.81844744
v -0.34969236 0.28700066 -0.79829617
v -0.35122804 0.28726284 -0.78653507
v -0.35101267 0.28825541 -0.77273259
v -0.33878333 0.29614925 -0.76333115
v -0.34931779 0.29054961 -0.74689741
v -0.35003883 0.28995965 -0.73330096
v -0.35309148 0.28792764 -0.71827176
v -0.34574076 0.29305913 -0.71291562
v -0.34403653 0.29389249 -0.69385997
v -0.33865224 0.29686088 -0.67368061
v -0.33951372 0.27286106 -0.51351947
v -0.34101196 0.28766545 -0.57464739
v -0.33432609 0.28937912 -0.55960892
v -0.33333352 0.28664481 -0.54282867
v -0.33084270 0.28595186 -0.53186346
v -0.34148017 -0.07003772 -0.50236702
v -0.31008282 -0.09165910 -0.52267743
v -0.40403142 -0.01608260 -0.44766278
v -0.34259449 -0.06937289 -0.47363838
v -0.34832522 -0.06609550 -0.44081770
v -0.37843968 -0.04508278 -0.42943113
v -0.39229836 -0.03188896 -0.44680130
v -0.36894465 0.14145662 -0.39429757
v -0.35776408 0.15508120 -0.37746117
v -0.34021603 0.19152571 -0.38334172
v -0.33168545 0.27308578 -0.49248804
v -0.33476622 0.24763455 -0.45373997
v -0.32380102 0.24071460 -0.41992672
v -0.32373548 0.21452360 -0.37408078
v -0.31979323 0.22761441 -0.38740570
v -0.37625790 0.11527502 -0.38352904
v -0.39873140 -0.02192570 -0.43471243
v -0.39628739 -0.02321793 -0.42086310
v -0.40048248 -0.00825433 -0.40065571
v -0.40388159 0.01415364 -0.39502795
v -0.39771074 0.03739496 -0.37903431
v -0.38898353 0.06268702 -0.36842495
v -0.38239129 0.08454249 -0.36755411
v -0.36338245 -0.06944780 -0.78152531
v -0.40486478 0.00772059 -0.87064210
v -0.39698970 0.01594213 -0.87973454
v -0.38239129 0.03225415 -0.88633610
v -0.37791532 0.06262147 -0.88244073
v -0.37622982 0.09275467 -0.87661631
v -0.37664183 -0.03624321 -0.86468665
v -0.39389023 -0.01041740 -0.86847905
v -0.37332699 -0.02320857 -0.87741228
v -0.37285879 -0.05701245 -0.84265328
v -0.37039605 -0.04884708 -0.85990169
v -0.37295241 -0.06021493 -0.82624759
v -0.36312965 -0.07046846 -0.80907411
v -0.34212628 0.10489974 -0.87639159
v -0.33957926 0.14469656 -0.87272094
v -0.33194764 0.12563155 -0.87475291
v -0.34223864 -0.08236069 -0.76932413
v -0.30919323 -0.11484426 -0.78126313
v -0.29466974 -0.13536070 -0.76058749
v -0.28827413 -0.13999586 -0.74671951
v -0.29169198 -0.13522960 -0.72545392
v -0.32211549 -0.09877571 -0.76894955
v -0.28348917 -0.13691510 -0.69833593
v -0.28233739 -0.13280433 -0.67010360
v -0.27828281 -0.13051954 -0.64346313
v -0.28535261 -0.11966670 -0.61249653
v -0.27264570 -0.12566900 -0.58990129
v -0.28424765 -0.11267182 -0.55414969
v -0.28814304 -0.10739992 -0.52691929
v -0.33495347 0.29803138 -0.64660006
v -0.33011231 0.29901462 -0.62953894
v -0.34218244 0.29159837 -0.60568892
v -0.34578758 0.28751564 -0.59238274
v -0.32068282 0.16338704 -0.87430340
v -0.30514799 0.18401583 -0.87802093
v -0.32228405 0.20784709 -0.87797412
v -0.31351936 0.23248367 -0.88092372
v -0.33738809 0.24570560 -0.86845093
v -0.34313758 0.26355329 -0.85550058
v -0.33270614 0.28229056 -0.85079055
v -0.34017856 0.28702873 -0.82899124
v -0.34397099 0.28774039 -0.81630308
v -0.34297838 0.29042787 -0.80857779
v -0.33798740 0.29540012 -0.78779918
v -0.32198439 0.30035365 -0.77769546
v -0.31300438 0.30166460 -0.74418187
v -0.33387662 0.29829357 -0.73567938
v -0.33199449 0.29901462 -0.71068697
v -0.31134692 0.30280701 -0.69550800
v -0.31292945 0.30381834 -0.66351135
v -0.31268600 0.30365909 -0.67894316
v -0.32732185 0.28603616 -0.52236845
v -0.32074837 0.28862998 -0.51619759
v -0.32231212 0.28502484 -0.50550397
v -0.33272488 0.29541884 -0.59425554
v -0.31866956 0.29867749 -0.57172583
v -0.31699341 0.29687960 -0.54821295
v -0.31300438 0.29495061 -0.52717212
v -0.31244251 -0.08862519 -0.48009950
v -0.28875172 -0.10521811 -0.49903346
v -0.32661019 -0.08007589 -0.44336473
v -0.36482449 -0.05555167 -0.41600320
v -0.33341780 -0.07693896 -0.40027178
v -0.39210173 -0.02780627 -0.41069389
v -0.37919819 -0.04337853 -0.39758434
v -0.36273633 0.13682147 -0.36386471
v -0.34542238 0.16204798 -0.34300180
v -0.33839940 0.18336972 -0.36049367
v -0.31993370 0.27401284 -0.46712108
v -0.31360364 0.28489374 -0.48278698
v -0.31300438 0.28882659 -0.49753522
v -0.31182452 0.27187785 -0.44438537
v -0.29955772 0.27381619 -0.42290443
v -0.30756392 0.25578119 -0.40550621
v -0.30652450 0.24231585 -0.37715219
v -0.31901603 0.20985098 -0.34600762
v -0.30128067 0.24039622 -0.35596154
v -0.36916003 0.11739125 -0.35900480
v -0.39227963 -0.02575556 -0.40193858
v -0.39518246 -0.01347005 -0.37979280
v -0.39754219 0.00839479 -0.36653343
v -0.39376849 0.03099939 -0.35898608
v -0.38084623 0.06863315 -0.33873182
v -0.37019941 0.10454392 -0.34187814
v -0.34356833 -0.08185505 -0.78904459
v -0.38410490 0.00139053 -0.88208485
v -0.36073246 0.01349816 -0.88999740
v -0.34290349 0.04328491 -0.88538099
v -0.33105807 0.08041301 -0.87945359
v -0.36491816 -0.04061617 -0.87279580
v -0.35283865 -0.04975539 -0.87624180
v -0.34248209 -0.02981952 -0.88812464
v -0.36394428 -0.00609127 -0.88768455
v -0.36454358 -0.05904444 -0.85626844
v -0.36015189 -0.07028118 -0.83737199
v -0.34648989 -0.08030999 -0.81059105
v -0.30854711 0.11599604 -0.87633543
v -0.31040117 0.13733649 -0.87544583
v -0.32870773 -0.09370045 -0.79651705
v -0.29390189 -0.13641881 -0.80007537
v -0.29936108 -0.12974232 -0.77924987
v -0.30437079 -0.12312201 -0.81531986
v -0.31864148 -0.10411317 -0.81066598
v -0.28028669 -0.14269268 -0.77777974
v -0.26938704 -0.15118579 -0.74885451
v -0.25707343 -0.15963207 -0.72197994
v -0.25810348 -0.15234693 -0.68455218
v -0.25942380 -0.14548313 -0.65360431
v -0.25977963 -0.13883473 -0.61432249
v -0.25163298 -0.14000522 -0.58462003
v -0.25567820 -0.13311335 -0.55325075
v -0.26562273 -0.12296282 -0.52069229
v -0.30644022 0.30423970 -0.64592587
v -0.31066338 0.30318158 -0.62349919
v -0.32533670 0.29953900 -0.61265570
v -0.29444498 0.15155100 -0.87641971
v -0.27993086 0.16564373 -0.87811456
v -0.29578405 0.21442998 -0.88293698
v -0.25998563 0.17776071 -0.87925699
v -0.30528848 0.26783262 -0.87816137
v -0.29488510 0.24416054 -0.88505323
v -0.32274287 0.26876901 -0.86934988
v -0.31152487 0.28736583 -0.86051034
v -0.31771445 0.29486638 -0.84137041
v -0.32349199 0.29489446 -0.83421630
v -0.32979393 0.29418283 -0.82563894
v -0.33513141 0.29394872 -0.81460816
v -0.31514870 0.30089674 -0.79602072
v -0.29748828 0.29980119 -0.77733965
v -0.30066268 0.30021319 -0.75699178
v -0.30912768 0.30129003 -0.71843096
v -0.28383563 0.29875243 -0.74134459
v -0.29172945 0.30062520 -0.70512482
v -0.28253405 0.30572854 -0.68702427
v -0.27690632 0.30745156 -0.66191948
v -0.28554925 0.30595329 -0.64266720
v -0.30768563 0.30289131 -0.59469561
v -0.29178563 0.30402430 -0.57226893
v -0.28093280 0.30415540 -0.55330697
v -0.29596195 0.30106527 -0.53107693
v -0.29459482 0.29823741 -0.50458627
v -0.28558671 -0.10675380 -0.47567035
v -0.30042857 -0.09621935 -0.44252197
v -0.26426497 -0.12175487 -0.48382635
v -0.31337892 -0.08847536 -0.41770747
v -0.36309218 -0.05756494 -0.39479384
v -0.31333211 -0.08915893 -0.37951189
v -0.36183739 -0.05936282 -0.37539173
v -0.33764093 -0.07564673 -0.34601702
v -0.38555630 -0.03374303 -0.38233979
v -0.38821567 -0.03144885 -0.39549618
v -0.38582787 -0.03157994 -0.36879016
v -0.35637823 0.14027677 -0.34198112
v -0.35756745 0.12878718 -0.32152089
v -0.33946690 0.16454814 -0.31744756
v -0.33039323 0.18755543 -0.33687778
v -0.30771371 0.28508103 -0.47070747
v -0.30469853 0.28452857 -0.46221434
v -0.29348053 0.29583084 -0.48675730
v -0.29784413 0.28615786 -0.45396473
v -0.29327451 0.28412589 -0.43832690
v -0.28689764 0.27529571 -0.39651682
v -0.28781532 0.28398544 -0.42624738
v -0.28214075 0.28416336 -0.41380270
v -0.28723475 0.26699923 -0.37429614
v -0.31863209 0.19959747 -0.31324316
v -0.29996038 0.23255857 -0.32992036
v -0.27990276 0.26601601 -0.34999669
v -0.39196125 -0.01118525 -0.35554015
v -0.39238264 0.00668119 -0.33720552
v -0.38454499 0.04437110 -0.32599687
v -0.37784043 0.06256528 -0.31134225
v -0.36753068 0.09511442 -0.30678201
v -0.33904555 0.01257110 -0.89052184
v -0.30465170 0.06089852 -0.87729989
v -0.31912838 0.01121332 -0.88993189
v -0.31023264 0.03812535 -0.88296510
v -0.29518476 0.08194867 -0.87317973
v -0.34550666 -0.07166705 -0.86397496
v -0.32999995 -0.06959763 -0.87837674
v -0.35521710 -0.06314585 -0.86287941
v -0.32864218 -0.04607535 -0.88851792
v -0.33166672 -0.01409743 -0.89174848
v -0.33314623 -0.08943985 -0.82444970
v -0.34168615 -0.08139622 -0.84562166
v -0.29112080 0.10172538 -0.87295501
v -0.28357345 0.13152149 -0.87387266
v -0.28425702 -0.14218702 -0.81955234
v -0.27115684 -0.14717802 -0.79665748
v -0.29261905 -0.13479886 -0.84267198
v -0.31395010 -0.10724073 -0.83838327
v -0.25078086 -0.15734728 -0.77209583
v -0.25190453 -0.16243191 -0.74936011
v -0.23512434 -0.17540098 -0.73565133
v -0.22830737 -0.17671194 -0.71460112
v -0.23943173 -0.16514744 -0.68804493
v -0.24584605 -0.15685098 -0.66432601
v -0.24355188 -0.15242183 -0.62847143
v -0.23502132 -0.15344251 -0.60106311
v -0.23308299 -0.15176636 -0.58149243
v -0.23690347 -0.14655064 -0.55842903
v -0.24516249 -0.13834780 -0.53534687
v -0.24860842 -0.13339427 -0.50241385
v -0.29489446 0.30469849 -0.61627022
v -0.26579130 0.15051160 -0.87275841
v -0.24594905 0.20024359 -0.88445400
v -0.26191460 0.23666934 -0.88883627
v -0.24370171 0.14035168 -0.86655941
v -0.23300806 0.17011971 -0.87314227
v -0.27933157 0.26327238 -0.88590536
v -0.28517467 0.28414464 -0.87324531
v -0.29594323 0.29364902 -0.85800075
v -0.30995173 0.29755379 -0.84152020
v -0.30191744 0.29579340 -0.85126810
v -0.30579411 0.30019448 -0.81813844
v -0.31995243 0.29931425 -0.81458947
v -0.29192609 0.29913636 -0.79881119
v -0.27332927 0.29917379 -0.78566417
v -0.26390914 0.29968881 -0.76608415
v -0.27740260 0.29875243 -0.72622177
v -0.26202698 0.30003530 -0.74786194
v -0.25855295 0.30440823 -0.70723170
v -0.25234464 0.30889360 -0.69158451
v -0.26550101 0.30841602 -0.67411135
v -0.25438599 0.30783541 -0.64855713
v -0.26739253 0.30630914 -0.62676720
v -0.27582946 0.30516672 -0.60192460
v -0.26419942 0.30450189 -0.58256930
v -0.25086515 0.30364038 -0.55994598
v -0.27621337 0.30339691 -0.52235905
v -0.27125048 0.30246052 -0.49791915
v -0.26773898 -0.11828084 -0.45452654
v -0.28716920 -0.10513383 -0.40141416
v -0.27638192 -0.11217554 -0.43355130
v -0.24602396 -0.13316016 -0.47210268
v -0.28983793 -0.10344833 -0.38084156
v -0.29834041 -0.09812022 -0.36126153
v -0.31586036 -0.08817571 -0.34600762
v -0.36306407 -0.05823913 -0.34931311
v -0.38013457 -0.03803172 -0.35487531
v -0.31144059 -0.09080699 -0.32877794
v -0.33539360 -0.07720115 -0.31305588
v -0.35890648 -0.06143224 -0.32585642
v -0.35785771 0.11930152 -0.29816715
v -0.34770719 0.14490256 -0.30252139
v -0.33180719 0.17521372 -0.30599544
v -0.28735649 0.29308721 -0.46147460
v -0.27787079 0.29890225 -0.47548307
v -0.27851689 0.29319022 -0.44446032
v -0.27260825 0.29061512 -0.42008589
v -0.27375065 0.28200966 -0.38447478
v -0.27317945 0.28521212 -0.39580516
v -0.26697115 0.28519340 -0.37971789
v -0.26633439 0.28224373 -0.36429546
v -0.31651586 0.19664780 -0.28582548
v -0.30320032 0.22217397 -0.30891700
v -0.29085861 0.23913211 -0.30788696
v -0.27945331 0.25817836 -0.32322513
v -0.26493918 0.28113879 -0.35475358
v -0.26639058 0.27701866 -0.34121330
v -0.26823527 0.26834764 -0.31009685
v -0.38680170 -0.01818012 -0.32995779
v -0.38800030 0.00959339 -0.31295286
v -0.38290630 0.03274110 -0.30143520
v -0.37588335 0.05080415 -0.26935425
v -0.36962823 0.07661122 -0.27219155
v -0.36173441 0.10255875 -0.27596522
v -0.28334870 0.03319993 -0.87603578
v -0.27155013 0.05866987 -0.86684036
v -0.30726427 -0.01432217 -0.89275040
v -0.30016640 0.00758014 -0.88855539
v -0.26777645 0.09535785 -0.86487391
v -0.33476622 -0.08075008 -0.86497695
v -0.32734996 -0.08473914 -0.86747712
v -0.31101920 -0.08855964 -0.87838609
v -0.30723615 -0.06162890 -0.89056865
v -0.31071020 -0.03671140 -0.89264742
v -0.32412875 -0.09537659 -0.85473273
v -0.26802927 0.12424569 -0.86777677
v -0.27315134 -0.14568913 -0.84047146
v -0.26205506 -0.15174762 -0.81918718
v -0.25079022 -0.15749710 -0.79981311
v -0.30071884 -0.12153014 -0.85314086
v -0.28737522 -0.12528507 -0.86541704
v -0.27284236 -0.14278631 -0.85757943
v -0.31109413 -0.10587359 -0.86150291
v -0.23086372 -0.17152430 -0.78717183
v -0.23152855 -0.17421176 -0.76291918
v -0.21050647 -0.19290222 -0.75601790
v -0.21255718 -0.18830452 -0.72759828
v -0.21742644 -0.17985822 -0.69163134
v -0.22256725 -0.17264798 -0.66487851
v -0.22838227 -0.16260044 -0.62937974
v -0.21532892 -0.16756335 -0.60796436
v -0.21361532 -0.16599956 -0.58984510
v -0.21524464 -0.16243191 -0.57237195
v -0.22235189 -0.15353614 -0.53906436
v -0.22387822 -0.14935044 -0.50517620
v -0.23497451 -0.14117572 -0.48988486
v -0.24095806 0.23117272 -0.89012849
v -0.22322273 0.22303544 -0.89104620
v -0.21308158 0.18833260 -0.88086756
v -0.24682927 0.25594039 -0.88949180
v -0.25104305 0.11158561 -0.86382517
v -0.20788456 0.16013775 -0.87044550
v -0.22109712 0.11272803 -0.86328204
v -0.18585118 0.12661476 -0.86711189
v -0.25516318 0.27196211 -0.88467872
v -0.25886195 0.28519340 -0.87652268
v -0.27642873 0.29168260 -0.86687783
v -0.28578335 0.29456669 -0.85963951
v -0.29420153 0.29845274 -0.83688502
v -0.27488371 0.29864941 -0.81545095
v -0.24754093 0.30285381 -0.79092676
v -0.23398192 0.30621548 -0.75814356
v -0.25611832 0.30129003 -0.72904970
v -0.23690347 0.30585027 -0.73037004
v -0.22309165 0.31101920 -0.70518097
v -0.22634093 0.31022327 -0.68560096
v -0.24682927 0.30910893 -0.67080590
v -0.22901903 0.30894040 -0.66385784
v -0.22185561 0.30605631 -0.62694511
v -0.24202557 0.30463298 -0.59473308
v -0.25027520 0.30310664 -0.52796805
v -0.21690206 0.30097169 -0.53120802
v -0.23117274 0.30332203 -0.57519052
v -0.20293103 0.30088739 -0.56176259
v -0.24692291 0.30303177 -0.49444510
v -0.24878633 0.30295683 -0.47689704
v -0.24140753 -0.13486441 -0.44352390
v -0.25608086 -0.12480751 -0.41729546
v -0.27155947 -0.11498473 -0.40764124
v -0.26609094 -0.11783137 -0.37720834
v -0.22278263 -0.14809567 -0.47634458
v -0.27558599 -0.11191335 -0.35414493
v -0.29515668 -0.10020840 -0.33884420
v -0.37640772 -0.04202076 -0.34111964
v -0.37512485 -0.04256387 -0.32774793
v -0.28403227 -0.10651035 -0.31896454
v -0.31070082 -0.09134073 -0.30965674
v -0.32160047 -0.08546018 -0.29044188
v -0.35141533 -0.06710681 -0.29692178
v -0.36958141 -0.04904372 -0.30648238
v -0.35066621 0.13283244 -0.27953286
v -0.33793123 0.15846159 -0.28057233
v -0.26231726 0.30025063 -0.45779459
v -0.25854359 0.29862134 -0.43523681
v -0.25332785 0.29563423 -0.40575905
v -0.24846797 0.29126124 -0.36215108
v -0.29287185 0.23238068 -0.28859719
v -0.33319305 0.16433278 -0.25952214
v -0.31789235 0.19075786 -0.25927867
v -0.30041919 0.21885913 -0.27099297
v -0.27866672 0.24982573 -0.28225784
v -0.25917097 0.28200966 -0.33843220
v -0.25840312 0.28063312 -0.32768235
v -0.25476992 0.28032414 -0.31144527
v -0.25609960 0.27801126 -0.30075165
v -0.26732698 0.26406831 -0.28151807
v -0.38596834 -0.00768312 -0.29867281
v -0.38068705 -0.03232906 -0.32461098
v -0.38476036 0.01074513 -0.28885002
v -0.38125827 0.02307748 -0.27269721
v -0.38055596 0.01938807 -0.24597251
v -0.37305543 0.05936282 -0.23438922
v -0.36149092 0.09909409 -0.23381805
v -0.35602239 0.11478807 -0.24799508
v -0.27606354 0.00704637 -0.88267480
v -0.25560330 0.02763772 -0.86979938
v -0.26522946 0.04075664 -0.86877869
v -0.24371107 0.05586069 -0.86542639
v -0.24329906 0.07764126 -0.86367531
v -0.28656990 -0.01423790 -0.89190769
v -0.29044661 -0.04527005 -0.89395841
v -0.23062962 0.09224905 -0.86330080
v -0.31689040 -0.09438402 -0.86800149
v -0.29389253 -0.09769886 -0.88295575
v -0.29256285 -0.07324957 -0.89120534
v -0.30150542 -0.11069604 -0.86708385
v -0.25780383 -0.15384516 -0.84358962
v -0.23642593 -0.16772254 -0.81585357
v -0.27507097 -0.13351599 -0.86735538
v -0.28148530 -0.11593047 -0.87839551
v -0.26121232 -0.14253349 -0.86949974
v -0.21944905 -0.18414692 -0.80643343
v -0.21180806 -0.19179728 -0.77954952
v -0.19191901 -0.20243473 -0.77699318
v -0.18715277 -0.20527200 -0.75230979
v -0.19897945 -0.19658226 -0.73175590
v -0.19536497 -0.19339852 -0.69327940
v -0.20007502 -0.18629127 -0.66434475
v -0.19528068 -0.18412820 -0.63459547
v -0.21188297 -0.17293826 -0.62808751
v -0.19685382 -0.17742360 -0.59876897
v -0.18850117 -0.17909975 -0.57601456
v -0.20401724 -0.16658949 -0.55028240
v -0.20521583 -0.16284392 -0.52419441
v -0.20431689 -0.16086811 -0.49631786
v -0.19630135 0.22517979 -0.89327484
v -0.21366215 0.24270910 -0.89198262
v -0.18809853 0.20554357 -0.88942622
v -0.18950313 0.18219922 -0.87953787
v -0.22939358 0.26455522 -0.88850857
v -0.17211424 0.16256300 -0.87282392
v -0.19630135 0.09052606 -0.86499565
v -0.18081337 0.10048931 -0.86563242
v -0.14993103 0.11490045 -0.86844158
v -0.16461372 0.14394746 -0.87076384
v -0.22775488 0.29092418 -0.87362924
v -0.23781178 0.29317151 -0.87078261
v -0.26557592 0.29418283 -0.86491137
v -0.25418935 0.29305913 -0.86861014
v -0.26674641 0.29832164 -0.85093099
v -0.25089322 0.30112150 -0.84031225
v -0.23986249 0.30444566 -0.81748291
v -0.21453298 0.31145927 -0.80710766
v -0.20935472 0.31190878 -0.78458732
v -0.20602114 0.31167467 -0.76162695
v -0.21640578 0.31058848 -0.74050180
v -0.21251035 0.31159037 -0.72254177
v -0.20089904 0.31092554 -0.69489935
v -0.20646125 0.30940862 -0.67440165
v -0.19516831 0.30682416 -0.64998983
v -0.18679694 0.30466106 -0.62949210
v -0.19453157 0.30257290 -0.59702728
v -0.22786725 0.30149607 -0.51177777
v -0.20403598 0.29936104 -0.51549529
v -0.18760224 0.29863070 -0.54274437
v -0.16039994 0.29691710 -0.56248361
v -0.21479517 0.30006338 -0.49031558
v -0.23710948 0.30232007 -0.45973290
v -0.22356920 -0.14611988 -0.44650164
v -0.22103157 -0.14649443 -0.41861577
v -0.24078017 -0.13405911 -0.40542195
v -0.25186708 -0.12682078 -0.38840762
v -0.24932009 -0.12738261 -0.35275904
v -0.20833403 -0.15614868 -0.46128732
v -0.25656779 -0.12253206 -0.32331878
v -0.37395437 -0.04295715 -0.31650182
v -0.27301089 -0.11258756 -0.29470250
v -0.28356406 -0.10636987 -0.27363359
v -0.30462362 -0.09433719 -0.27157351
v -0.33331478 -0.07861511 -0.27078694
v -0.35890648 -0.06059886 -0.27501012
v -0.36436567 -0.05484003 -0.29291396
v -0.37207220 -0.04394037 -0.29316679
v -0.37294307 -0.04391227 -0.30953504
v -0.34708918 0.13684019 -0.25242423
v -0.23920699 0.30143984 -0.43846735
v -0.23987184 0.29993229 -0.41678980
v -0.23378528 0.29797522 -0.37919351
v -0.24406690 0.29034357 -0.34191557
v -0.22559181 0.29675786 -0.34443449
v -0.28804007 0.23513368 -0.26381083
v -0.33561832 0.15898597 -0.23176733
v -0.32440967 0.17877200 -0.24444616
v -0.30565367 0.20894268 -0.24508292
v -0.29193547 0.22857890 -0.24667477
v -0.26986461 0.25817836 -0.24876293
v -0.26263562 0.26764534 -0.26514986
v -0.24012468 0.28977233 -0.32126806
v -0.25248510 0.28309585 -0.32008821
v -0.24504075 0.28435065 -0.29086331
v -0.24889871 0.27994957 -0.27265041
v -0.37952592 -0.03085892 -0.30223113
v -0.38389888 -0.01256174 -0.27778183
v -0.38344005 -0.00293560 -0.25784598
v -0.38344005 -0.00183065 -0.22795622
v -0.38062151 0.01917271 -0.22900497
v -0.37792470 0.03755417 -0.21937883
v -0.36851391 0.07920504 -0.21065163
v -0.37432891 0.06332377 -0.19094046
v -0.35645313 0.11583683 -0.20649403
v -0.34992647 0.13011688 -0.22963237
v -0.25322485 -0.01992183 -0.88606457
v -0.24281214 0.00331016 -0.87457500
v -0.22694021 0.01712199 -0.86979938
v -0.22862573 0.03983897 -0.86744901
v -0.22280137 0.06491563 -0.86536088
v -0.20980419 0.08263226 -0.86509863
v -0.27609164 -0.03310627 -0.89374297
v -0.27078228 -0.07800645 -0.89353702
v -0.25908669 -0.04792942 -0.89447336
v -0.26940578 -0.10409445 -0.88887373
v -0.24398263 -0.16157043 -0.85691455
v -0.23285825 -0.17165541 -0.84492866
v -0.21950524 -0.18414692 -0.83454407
v -0.26581001 -0.12670840 -0.87995926
v -0.24970401 -0.14970628 -0.87061405
v -0.24522803 -0.14194355 -0.88014652
v -0.20809994 -0.19540239 -0.81532921
v -0.20304341 -0.19796813 -0.79320220
v -0.18945629 -0.20358649 -0.81355008
v -0.16840612 -0.20844638 -0.79082372
v -0.16837804 -0.21072183 -0.77025112
v -0.16654269 -0.21499179 -0.74352641
v -0.18319181 -0.20407343 -0.72438649
v -0.16871513 -0.20909250 -0.70197853
v -0.17867838 -0.20149833 -0.68502039
v -0.18188086 -0.19491548 -0.65243380
v -0.17084075 -0.19677890 -0.62634582
v -0.18454021 -0.18532678 -0.60523946
v -0.16780683 -0.19181601 -0.58072462
v -0.18005489 -0.18091636 -0.55075059
v -0.18573880 -0.17567254 -0.53457905
v -0.19049570 -0.17055045 -0.50830375
v -0.18497097 -0.17125275 -0.48487514
v -0.20130171 0.26229853 -0.88971652
v -0.16642096 0.24473171 -0.89322802
v -0.16823757 0.22343809 -0.89405204
v -0.16781621 0.20255647 -0.88975398
v -0.21427079 0.28502484 -0.87904162
v -0.14231813 0.17070963 -0.87780556
v -0.19327681 0.06339868 -0.86702761
v -0.16842485 0.06778100 -0.86704638
v -0.14848899 0.08612499 -0.86650325
v -0.12222308 0.10842058 -0.87006157
v -0.12996707 0.14464037 -0.87332024
v -0.21659304 0.29281566 -0.87179388
v -0.23623862 0.30089674 -0.85865628
v -0.21285684 0.29981055 -0.86360045
v -0.22601319 0.30785420 -0.83386984
v -0.19479376 0.30934304 -0.82313877
v -0.18437166 0.30673050 -0.80295004
v -0.17082201 0.30381834 -0.77453048
v -0.19031778 0.30785420 -0.74709408
v -0.18384730 0.31060719 -0.71909585
v -0.18270488 0.31065399 -0.70283059
v -0.17751726 0.30910893 -0.68383114
v -0.16653332 0.30515736 -0.64967145
v -0.16460436 0.30133689 -0.61206579
v -0.14878865 0.29747892 -0.58846861
v -0.19220930 0.29788156 -0.49775994
v -0.18017661 0.29701069 -0.51775198
v -0.15914516 0.29466970 -0.52557091
v -0.12034092 0.29087731 -0.56069511
v -0.13377822 0.29096161 -0.53155448
v -0.21038476 0.29969817 -0.46748629
v -0.18916602 0.29731032 -0.47228064
v -0.21711744 0.30071886 -0.44842124
v -0.20774411 -0.15490327 -0.42771754
v -0.22161214 -0.14511794 -0.39466278
v -0.20575895 -0.15495010 -0.40442002
v -0.23081691 -0.13934039 -0.38106631
v -0.22493634 -0.14164391 -0.34876065
v -0.23525541 -0.13509851 -0.32615604
v -0.17845364 -0.17425859 -0.46734580
v -0.19852998 -0.16090558 -0.43996558
v -0.24768140 -0.12734514 -0.30392600
v -0.26809481 -0.11510645 -0.27571239
v -0.24943244 -0.12607164 -0.28464563
v -0.29028740 -0.10235275 -0.25987792
v -0.26233600 -0.11785946 -0.25401609
v -0.28575524 -0.10440345 -0.23747935
v -0.30757327 -0.09256741 -0.24413711
v -0.35104075 -0.06708807 -0.25403487
v -0.34165808 -0.07301547 -0.23737633
v -0.37129500 -0.04450222 -0.28078765
v -0.36667858 -0.05076669 -0.26709756
v -0.21983298 0.30134625 -0.42449632
v -0.21466407 0.30067199 -0.39531825
v -0.21362467 0.29981055 -0.36731064
v -0.22378458 0.29469785 -0.30902938
v -0.20000949 0.29975433 -0.34302052
v -0.20453226 0.29876179 -0.31849632
v -0.28027733 0.24435718 -0.23302212
v -0.33709783 0.15947288 -0.19512621
v -0.32400701 0.18123473 -0.20702776
v -0.31275154 0.19894200 -0.21671949
v -0.30284447 0.21357786 -0.22399529
v -0.28885470 0.23390699 -0.21707527
v -0.25816902 0.27139094 -0.22739440
v -0.26898440 0.25933950 -0.22705727
v -0.24774695 0.27992150 -0.26094547
v -0.24645470 0.28049267 -0.24257333
v -0.23361671 0.28825541 -0.26226577
v -0.22156532 0.29388313 -0.27906470
v -0.37171638 -0.04209568 -0.25729353
v -0.37929182 -0.02319920 -0.24761116
v -0.37709130 -0.03080273 -0.22588678
v -0.38185754 -0.01774001 -0.19929317
v -0.38413298 0.00368473 -0.20425605
v -0.38137998 0.01957535 -0.21015532
v -0.38064024 0.04407148 -0.17357972
v -0.36856072 0.08541336 -0.18480708
v -0.37674484 0.06731281 -0.16318572
v -0.36311092 0.10455328 -0.17680094
v -0.34571269 0.14536139 -0.18275636
v -0.23692221 -0.05028914 -0.89198262
v -0.20805313 -0.04585062 -0.88432284
v -0.21519781 -0.00360043 -0.87256174
v -0.19639501 0.01015521 -0.87119458
v -0.20354905 0.03675821 -0.86859144
v -0.20975736 0.05579514 -0.86674673
v -0.24858033 -0.10043314 -0.89337781
v -0.24031196 -0.07455116 -0.89558768
v -0.24218474 -0.12381494 -0.88984761
v -0.22677168 -0.16574674 -0.87096986
v -0.23925384 -0.15697272 -0.87073580
v -0.21752944 -0.17469869 -0.86905965
v -0.20906443 -0.18940011 -0.85601560
v -0.19276179 -0.20215381 -0.84005007
v -0.22856956 -0.13957448 -0.88802160
v -0.22985241 -0.15824621 -0.87637289
v -0.16906159 -0.20880221 -0.82212743
v -0.14147538 -0.22101282 -0.78782730
v -0.14335753 -0.22018878 -0.81609706
v -0.14274889 -0.22577907 -0.76034408
v -0.13777661 -0.22718367 -0.72967712
v -0.15888299 -0.21604994 -0.71951718
v -0.14275825 -0.22229568 -0.70313025
v -0.15331142 -0.21409285 -0.68048822
v -0.15821813 -0.20796883 -0.65276156
v -0.16443580 -0.19702237 -0.60653169
v -0.14566105 -0.20931724 -0.62218822
v -0.14059518 -0.20663914 -0.58477920
v -0.14652256 -0.20137660 -0.56723114
v -0.16257238 -0.19099197 -0.55280127
v -0.16050294 -0.18982148 -0.53288414
v -0.17421176 -0.18067289 -0.51432479
v -0.15814323 -0.18584180 -0.47145657
v -0.19605789 0.27869481 -0.88353628
v -0.17230153 0.27042644 -0.88775007
v -0.15633598 0.27367574 -0.88627994
v -0.14355418 0.22709938 -0.89496034
v -0.13500490 0.24638915 -0.89362130
v -0.13856318 0.21216390 -0.89417379
v -0.13273882 0.18778015 -0.88622377
v -0.20698563 0.29270328 -0.87235571
v -0.11469445 0.16767573 -0.87909778
v -0.16384587 0.02815274 -0.86921878
v -0.13929359 0.05399725 -0.86694333
v -0.12106194 0.07778171 -0.86691529
v -0.10188456 0.08692095 -0.87034245
v -0.08622801 0.11076157 -0.87479037
v -0.10310188 0.14028613 -0.87478102
v -0.20919553 0.30828492 -0.84709178
v -0.18732132 0.29967946 -0.86348806
v -0.18396902 0.30545699 -0.84492866
v -0.15489392 0.30204852 -0.82122849
v -0.15733792 0.30269464 -0.79664813
v -0.15523103 0.30253547 -0.75343346
v -0.14057643 0.30229199 -0.77417460
v -0.17006355 0.30555065 -0.73821702
v -0.16193564 0.31018583 -0.71631473
v -0.15578350 0.30891232 -0.69529264
v -0.14268334 0.30487646 -0.66800605
v -0.12887148 0.30044731 -0.64085995
v -0.12878722 0.29687024 -0.60892885
v -0.17615948 0.29581212 -0.48874244
v -0.16011903 0.29374268 -0.49871508
v -0.13743951 0.28997837 -0.49994176
v -0.10310188 0.28969746 -0.57877691
v -0.08120893 0.28241230 -0.53023417
v -0.10939447 0.28624216 -0.51317302
v -0.19491549 0.29787220 -0.45098695
v -0.16512874 0.29398615 -0.47081984
v -0.17642167 0.29546563 -0.44168857
v -0.19586125 0.29830292 -0.42386892
v -0.17974587 -0.17098120 -0.41837233
v -0.21017874 -0.15097979 -0.36880887
v -0.19229358 -0.16223525 -0.38835144
v -0.21482326 -0.14723419 -0.33354422
v -0.22934675 -0.13753314 -0.29964666
v -0.17379976 -0.17610328 -0.44889879
v -0.23680983 -0.13298225 -0.27281894
v -0.23504005 -0.13334746 -0.25170324
v -0.23524605 -0.13288861 -0.23401473
v -0.26557592 -0.11549038 -0.22707599
v -0.29166390 -0.10067659 -0.21624191
v -0.27010807 -0.11220363 -0.19711135
v -0.30909959 -0.09097554 -0.21676629
v -0.36280188 -0.05555167 -0.24523273
v -0.35573212 -0.06286494 -0.22260005
v -0.33174165 -0.07839038 -0.20764580
v -0.19520578 0.29910821 -0.37609403
v -0.17957731 0.29645824 -0.39023359
v -0.20409215 0.29823741 -0.29387849
v -0.17960542 0.29712307 -0.34582970
v -0.18192767 0.29794715 -0.32431136
v -0.17684305 0.29764745 -0.29625692
v -0.27138158 0.25828138 -0.20525795
v -0.33942009 0.16359304 -0.15935589
v -0.32473740 0.18484923 -0.17977868
v -0.31161850 0.20468206 -0.18678286
v -0.29808758 0.22388756 -0.19334703
v -0.25107115 0.27760858 -0.22379862
v -0.24929199 0.27944391 -0.21319858
v -0.26477061 0.26772961 -0.19379647
v -0.22264218 0.29253475 -0.23822848
v -0.22480524 0.29225384 -0.21825513
v -0.21216390 0.29561552 -0.25844523
v -0.19632008 0.29842466 -0.26829614
v -0.36848583 -0.04703047 -0.24346291
v -0.36844836 -0.04689938 -0.22785320
v -0.37325206 -0.03923029 -0.20886309
v -0.37521851 -0.03605592 -0.18947970
v -0.38319660 -0.02233772 -0.16187477
v -0.38583721 0.00471477 -0.18622105
v -0.38582787 0.02796546 -0.15877529
v -0.38464800 0.05453103 -0.13692917
v -0.37172573 0.08910274 -0.15361572
v -0.37636091 0.08782926 -0.13153557
v -0.36487135 0.11019040 -0.15053503
v -0.35295101 0.13491124 -0.16585441
v -0.21755754 -0.07112395 -0.89358384
v -0.18808917 -0.08802588 -0.89207624
v -0.16720753 -0.06691017 -0.88207550
v -0.17192698 -0.04248896 -0.87662566
v -0.19696620 -0.02715080 -0.87571736
v -0.19657290 -0.01109162 -0.87336706
v -0.17661831 0.00256103 -0.87206541
v -0.21371832 -0.11198825 -0.89415502
v -0.22655631 -0.09001104 -0.89552217
v -0.21077802 -0.15909835 -0.88458509
v -0.20241603 -0.18097254 -0.87182200
v -0.18929710 -0.17085011 -0.88486597
v -0.19448474 -0.18460575 -0.87315168
v -0.19177856 -0.19777147 -0.85898398
v -0.17261053 -0.20333368 -0.86583844
v -0.15758140 -0.21404604 -0.85531333
v -0.20756620 -0.13721476 -0.89148629
v -0.14269270 -0.22243614 -0.84872112
v -0.11956371 -0.23734357 -0.79351121
v -0.12651178 -0.23234321 -0.81149935
v -0.12497607 -0.23373845 -0.83504039
v -0.10695982 -0.24577113 -0.77207713
v -0.11434800 -0.24024639 -0.74338590
v -0.11645487 -0.23674427 -0.72420859
v -0.12530381 -0.23043296 -0.70576158
v -0.13499550 -0.22216458 -0.67184529
v -0.13858193 -0.21658367 -0.64412798
v -0.14121319 -0.20854939 -0.60071665
v -0.12167059 -0.22263279 -0.63190801
v -0.12256018 -0.21885912 -0.61141967
v -0.11994764 -0.21774480 -0.59422742
v -0.12472324 -0.21229497 -0.56749333
v -0.13830099 -0.20258455 -0.54356845
v -0.14420029 -0.19766848 -0.52538363
v -0.15492203 -0.19039268 -0.50536348
v -0.14177504 -0.19531812 -0.48366718
v -0.15387327 -0.18669391 -0.44286842
v -0.13731778 -0.19609534 -0.45501349
v -0.18788315 0.29022184 -0.87494958
v -0.16307804 0.28640133 -0.87765570
v -0.17233898 0.28663545 -0.87755272
v -0.13659676 0.27461212 -0.88516562
v -0.15159783 0.28702873 -0.87687850
v -0.11519075 0.26516390 -0.88896736
v -0.11372996 0.24610824 -0.89332165
v -0.11250327 0.22195857 -0.89616828
v -0.09903790 0.19992521 -0.89303135
v -0.09153739 0.17295700 -0.88401384
v -0.08266973 0.14798332 -0.87668189
v -0.15972573 -0.01279584 -0.87348880
v -0.12101511 0.01689727 -0.86851651
v -0.09942183 0.04689002 -0.86559495
v -0.11081779 0.05811742 -0.86589460
v -0.07844658 0.08443012 -0.87136314
v -0.05611352 0.09775503 -0.87506190
v -0.05673156 0.12612785 -0.87723438
v -0.16230083 0.29421091 -0.86963083
v -0.16250683 0.30205788 -0.84782217
v -0.13570717 0.30204852 -0.83940396
v -0.12316882 0.30467042 -0.81303506
v -0.13743015 0.30304106 -0.79987869
v -0.11963862 0.30617804 -0.75282480
v -0.14189677 0.30737662 -0.73296385
v -0.11605223 0.30601880 -0.78335133
v -0.13439622 0.30886545 -0.71885236
v -0.13402165 0.30569110 -0.68475816
v -0.11978843 0.30497004 -0.69300783
v -0.11688563 0.30096233 -0.66179778
v -0.09856035 0.29692646 -0.64909088
v -0.09668756 0.29388313 -0.62817179
v -0.10802733 0.29397679 -0.61111067
v -0.14479022 0.29075558 -0.48011826
v -0.10759658 0.28431318 -0.48215023
v -0.07515046 0.28667288 -0.59556648
v -0.07294056 0.28265577 -0.55439317
v -0.05377253 0.27710292 -0.53357709
v -0.05715292 0.27633511 -0.51394087
v -0.06806194 0.27698122 -0.48047411
v -0.15020258 0.29109271 -0.44493786
v -0.17251690 0.29505363 -0.41650889
v -0.15657943 -0.18336034 -0.41089050
v -0.16205736 -0.17939003 -0.38419384
v -0.19184411 -0.16130822 -0.35396701
v -0.17364993 -0.17198314 -0.36072779
v -0.18946566 -0.16183260 -0.33531400
v -0.20647061 -0.15131688 -0.31523766
v -0.21825982 -0.14380697 -0.28328781
v -0.21025366 -0.14729038 -0.24804188
v -0.20773475 -0.14846087 -0.21805852
v -0.23886054 -0.13019179 -0.21074528
v -0.30785418 -0.09090063 -0.18866506
v -0.25131460 -0.12257889 -0.18629599
v -0.26808546 -0.11283101 -0.17404787
v -0.28626090 -0.10264303 -0.17328945
v -0.35867238 -0.05974673 -0.20580112
v -0.32363247 -0.08143367 -0.17701626
v -0.34236038 -0.07097412 -0.18268149
v -0.16470735 0.29431393 -0.37260127
v -0.15755328 0.29262841 -0.39965374
v -0.15425716 0.29292804 -0.33727106
v -0.14502433 0.29156086 -0.29445902
v -0.17856600 0.29791900 -0.25173132
v -0.28104516 0.25017218 -0.17868306
v -0.32909166 0.18386598 -0.15569452
v -0.35151834 0.14492131 -0.14686430
v -0.34190152 0.16826566 -0.13425105
v -0.30379958 0.22181812 -0.16480565
v -0.31780808 0.20458844 -0.15042265
v -0.29040914 0.24256865 -0.15823219
v -0.25330914 0.27726213 -0.20150306
v -0.23630417 0.28815240 -0.19881558
v -0.25430171 0.27784270 -0.18952649
v -0.25800983 0.27627888 -0.17827106
v -0.20265948 0.29755379 -0.23799437
v -0.19275241 0.29860262 -0.21971596
v -0.20827786 0.29685152 -0.20044487
v -0.36907574 -0.04640309 -0.19992049
v -0.36734340 -0.04965239 -0.18706384
v -0.37268088 -0.04130911 -0.17548056
v -0.37158530 -0.04357518 -0.16304526
v -0.37181002 -0.04407146 -0.14742619
v -0.37651073 -0.03703913 -0.13992564
v -0.38838423 0.00884426 -0.16062933
v -0.38763511 -0.01303931 -0.14299704
v -0.39218601 0.00837607 -0.13718200
v -0.39029448 0.03591545 -0.12867956
v -0.39067841 0.05858561 -0.10750763
v -0.38225085 0.08413985 -0.11209595
v -0.37190368 0.10623880 -0.12295818
v -0.36537698 0.12450788 -0.12202172
v -0.18841690 -0.11737254 -0.89371493
v -0.16775064 -0.10501210 -0.89190769
v -0.14164391 -0.07221017 -0.87929445
v -0.14773985 -0.04209568 -0.87585787
v -0.19266815 -0.14643826 -0.89082148
v -0.16750719 -0.17011972 -0.88870517
v -0.18097256 -0.19112307 -0.87435963
v -0.15360172 -0.19141335 -0.88332091
v -0.15823687 -0.20561847 -0.87037057
v -0.13363773 -0.21529145 -0.87272094
v -0.14377890 -0.21174251 -0.87121335
v -0.12643687 -0.22313844 -0.86807642
v -0.11512521 -0.23786795 -0.85272888
v -0.10330788 -0.24793420 -0.82377554
v -0.09239886 -0.24988190 -0.79541207
v -0.08594710 -0.25333720 -0.75776898
v -0.07020629 -0.25315929 -0.78547691
v -0.09249252 -0.24756901 -0.72490150
v -0.10502147 -0.23965646 -0.70578028
v -0.11591177 -0.23246494 -0.68710855
v -0.11413260 -0.23023632 -0.65785552
v -0.10035825 -0.23049851 -0.62131737
v -0.09462751 -0.23075134 -0.60643803
v -0.09547963 -0.22870063 -0.59113734
v -0.11026530 -0.21858757 -0.56254916
v -0.11818722 -0.21089039 -0.52485925
v -0.13353474 -0.20121741 -0.50451133
v -0.11755982 -0.20698560 -0.48067071
v -0.15083933 -0.18732131 -0.42694972
v -0.13176496 -0.19717219 -0.42350375
v -0.11561211 -0.20674215 -0.45472318
v -0.11531249 0.28472521 -0.87752461
v -0.13560419 0.28611107 -0.87721561
v -0.14820808 0.29947342 -0.85908702
v -0.09058225 0.25488224 -0.89153311
v -0.10272731 0.27506159 -0.88358310
v -0.08605948 0.22510489 -0.89578435
v -0.06987855 0.18428738 -0.88945433
v -0.05917553 0.15154160 -0.87933185
v -0.12161444 -0.01636351 -0.87273964
v -0.08761390 0.02495028 -0.86640027
v -0.08025380 0.00035113 -0.86781424
v -0.07144233 0.03988577 -0.86552937
v -0.04586937 0.06793085 -0.87164409
v -0.03703915 0.10885134 -0.87751526
v -0.03052184 0.13907820 -0.87967831
v -0.12521954 0.29822805 -0.86168082
v -0.11295275 0.30597201 -0.83010556
v -0.09922519 0.30651510 -0.80435466
v -0.10357943 0.30668371 -0.76660852
v -0.08313792 0.30238565 -0.75318997
v -0.09227712 0.30512929 -0.73140943
v -0.10984391 0.30600008 -0.71377710
v -0.08367166 0.30022255 -0.77767676
v -0.09924394 0.30060648 -0.67877461
v -0.07941108 0.29466970 -0.65875447
v -0.07462608 0.28934161 -0.62292796
v -0.11595860 0.28496865 -0.45387107
v -0.08271652 0.27863863 -0.45404899
v -0.03920222 0.28024923 -0.60241155
v -0.05470895 0.28167256 -0.58344017
v -0.05688137 0.28001512 -0.56099474
v -0.03561583 0.27408774 -0.55059138
v -0.03372431 0.27152203 -0.52633873
v -0.03423933 0.27007995 -0.50138380
v -0.03766655 0.26938701 -0.47586700
v -0.04751742 0.27094147 -0.44888007
v -0.12199833 0.28553050 -0.42424353
v -0.13680276 -0.19342659 -0.39477516
v -0.14155028 -0.18944692 -0.35530603
v -0.15819940 -0.17948367 -0.32674597
v -0.18427804 -0.16430470 -0.31299969
v -0.20023423 -0.15434144 -0.29360694
v -0.20311832 -0.15219710 -0.26761259
v -0.18473685 -0.16285328 -0.26938233
v -0.17982078 -0.16495080 -0.23967052
v -0.18642237 -0.16079320 -0.22046502
v -0.20738827 -0.14788967 -0.19563180
v -0.22609747 -0.13699938 -0.18329953
v -0.30311603 -0.09252996 -0.15562901
v -0.24378597 -0.12642747 -0.16540497
v -0.26061301 -0.11673578 -0.15487052
v -0.27702803 -0.10704408 -0.14072156
v -0.32734057 -0.07779107 -0.14233221
v -0.35978670 -0.05744321 -0.16031099
v -0.34582505 -0.06656369 -0.14570324
v -0.14327327 0.29017504 -0.36784438
v -0.12683951 0.28644816 -0.40160145
v -0.12300029 0.28649499 -0.33574472
v -0.12959250 0.28815240 -0.31403909
v -0.11662344 0.28586760 -0.27825942
v -0.13662487 0.29024991 -0.25298604
v -0.16677679 0.29616797 -0.21937883
v -0.14845152 0.29271264 -0.22973539
v -0.27475259 0.26406831 -0.15510463
v -0.26223298 0.27498669 -0.16412210
v -0.32974712 0.19049567 -0.13465377
v -0.35476763 0.14714057 -0.12667563
v -0.35491746 0.15769374 -0.10646823
v -0.33704163 0.18829513 -0.11198357
v -0.31919392 0.20982291 -0.13095496
v -0.30233882 0.23071389 -0.14316557
v -0.29786283 0.24880505 -0.11380018
v -0.28447240 0.26099694 -0.12789299
v -0.24453511 0.28453793 -0.18377704
v -0.22236125 0.29462291 -0.17766238
v -0.18837943 0.29860262 -0.19055654
v -0.36921622 -0.04740504 -0.12886680
v -0.38732611 -0.02063349 -0.11158093
v -0.37889854 -0.03412695 -0.12571117
v -0.39242945 -0.00314160 -0.12282708
v -0.39750472 0.01565187 -0.10932424
v -0.39835685 0.03711406 -0.09649559
v -0.39385277 0.07410170 -0.08326430
v -0.37832732 0.10680997 -0.09882722
v -0.37004024 0.13590381 -0.09108327
v -0.17144005 -0.14357289 -0.89216052
v -0.16294694 -0.12089338 -0.89364000
v -0.13722412 -0.10381352 -0.88642038
v -0.11730699 -0.07461670 -0.87836739
v -0.12137096 -0.04891263 -0.87649457
v -0.14085734 -0.16415487 -0.89102744
v -0.14518350 -0.13505168 -0.89374297
v -0.13010752 -0.19865169 -0.88465060
v -0.14926620 -0.20591812 -0.87446261
v -0.11390788 -0.20926106 -0.88310554
v -0.11487237 -0.22680911 -0.86976192
v -0.09519868 -0.24026513 -0.86492072
v -0.08112467 -0.25144570 -0.83922605
v -0.07309977 -0.25245700 -0.81487976
v -0.06683526 -0.25943314 -0.75709475
v -0.07500065 -0.25579993 -0.73521118
v -0.04286351 -0.26252325 -0.80909281
v -0.04070045 -0.26338474 -0.78391316
v -0.04381865 -0.26610029 -0.76428626
v -0.08032874 -0.25025647 -0.70513416
v -0.09976832 -0.23988120 -0.68521703
v -0.09028263 -0.23930064 -0.64774246
v -0.07265966 -0.24396389 -0.63055959
v -0.07145169 -0.24107978 -0.61084845
v -0.06264958 -0.24143562 -0.58520996
v -0.08633103 -0.23000222 -0.57189440
v -0.09257679 -0.22458050 -0.54647125
v -0.09858847 -0.21983296 -0.52695676
v -0.11687627 -0.20937343 -0.49956716
v -0.09958104 -0.21766989 -0.50125271
v -0.09472113 -0.21724851 -0.47391933
v -0.10797114 -0.20876477 -0.42017955
v -0.10404762 -0.20961689 -0.40280005
v -0.09501140 -0.21625594 -0.45296276
v -0.09660329 -0.21476706 -0.43407567
v -0.09662201 0.29343370 -0.86480840
v -0.07665805 0.25257872 -0.89167355
v -0.09155610 0.26811353 -0.88652342
v -0.08250116 0.27820787 -0.87964092
v -0.05857625 0.20722909 -0.89533492
v -0.06417589 0.22924373 -0.89426741
v -0.04782644 0.19181601 -0.89311563
v -0.03514763 0.15957590 -0.88310554
v -0.09667820 -0.02638294 -0.87283327
v -0.05192785 0.03084955 -0.86537958
v -0.06890470 -0.01795539 -0.86940611
v -0.04565398 0.00629727 -0.86534212
v -0.01750595 0.07889602 -0.87619492
v 0.00419036 0.06026176 -0.87622303
v -0.03155189 0.03436103 -0.86714936
v 0.00051970 0.10537732 -0.87950041
v -0.00711195 0.14683155 -0.88164476
v -0.09687484 0.30384641 -0.84196029
v -0.07812820 0.29805009 -0.81337217
v -0.06518721 0.29428578 -0.77278875
v -0.06504676 0.30016633 -0.73901298
v -0.04943704 0.29267520 -0.76055010
v -0.08037553 0.30016633 -0.70147286
v -0.06356725 0.29864006 -0.71806581
v -0.05690009 0.29165452 -0.80300628
v -0.05831406 0.28819919 -0.63944598
v -0.05707802 0.29222577 -0.67280978
v -0.03506337 0.28156954 -0.62278752
v -0.07378332 0.27628828 -0.42101291
v -0.00829180 0.27334800 -0.60907868
v -0.00703704 0.27012678 -0.58511633
v -0.03215117 0.27613843 -0.57757831
v -0.01158793 0.26848810 -0.55951522
v -0.01023015 0.26602537 -0.53483185
v -0.00612874 0.26154004 -0.49083999
v 0.01357303 0.25664270 -0.51083203
v -0.02295574 0.26484552 -0.45880588
v -0.04746123 0.26995825 -0.40420466
v -0.02007166 0.26291653 -0.42861649
v -0.08354992 0.27806742 -0.39762177
v -0.11169799 -0.20549674 -0.38688132
v -0.12226052 -0.19966299 -0.36991382
v -0.13837589 -0.19030839 -0.32944281
v -0.11096761 -0.20508474 -0.35694476
v -0.11857114 -0.20020611 -0.32967688
v -0.14817061 -0.18446530 -0.30773714
v -0.17572873 -0.16867766 -0.29488981
v -0.16269410 -0.17563509 -0.28103112
v -0.16075577 -0.17622502 -0.25486824
v -0.16267538 -0.17470804 -0.22835886
v -0.17881885 -0.16462306 -0.18859011
v -0.20545931 -0.14852642 -0.16893517
v -0.21912132 -0.14045469 -0.15708977
v -0.30006338 -0.09363490 -0.13854918
v -0.31439958 -0.08441140 -0.11760193
v -0.24421673 -0.12584691 -0.14605902
v -0.22551691 -0.13645628 -0.13996307
v -0.24853352 -0.12285046 -0.12762137
v -0.29153280 -0.09790486 -0.11505498
v -0.26599730 -0.11256882 -0.11074757
v -0.34344659 -0.06659179 -0.11710570
v -0.11287784 0.28397608 -0.37931525
v -0.12239165 0.28595186 -0.36126153
v -0.10137889 0.28216883 -0.32645567
v -0.09468366 0.28051142 -0.35036187
v -0.09768016 0.28164445 -0.29811100
v -0.11352396 0.28558669 -0.25442816
v -0.08728616 0.27954693 -0.25497126
v -0.06465348 0.27428438 -0.28086259
v -0.10643544 0.28400419 -0.23039087
v -0.12567838 0.28803066 -0.22256254
v -0.15621424 0.29418283 -0.19840358
v -0.12615593 0.28808688 -0.18976997
v -0.26841319 0.27611035 -0.13479422
v -0.26287910 0.27726213 -0.14939261
v -0.24496584 0.28776847 -0.15234228
v -0.35373759 0.17280719 -0.08682265
v -0.32659145 0.21112450 -0.10329381
v -0.33731320 0.19853932 -0.09392049
v -0.31206797 0.22741776 -0.11639400
v -0.31210543 0.24402009 -0.08538061
v -0.27974359 0.27098826 -0.11456803
v -0.29308721 0.26682130 -0.08871413
v -0.28531514 0.26993950 -0.10106519
v -0.27231796 0.27420948 -0.12717193
v -0.21841903 0.29621477 -0.15932774
v -0.19877343 0.29854640 -0.17175375
v -0.17244200 0.29662677 -0.17234364
v -0.36589200 -0.04972729 -0.10814439
v -0.38001286 -0.03337782 -0.11099104
v -0.38304678 -0.02947305 -0.10170195
v -0.39822576 0.00190555 -0.09065248
v -0.39333775 -0.01324531 -0.08596114
v -0.38530349 -0.02681370 -0.09015617
v -0.40386286 0.01665380 -0.07800179
v -0.40652220 0.03734814 -0.07007987
v -0.40979961 0.05209638 -0.05320600
v -0.40273916 0.08273524 -0.05285958
v -0.38773812 0.10969409 -0.06860040
v -0.38573424 0.13086598 -0.05577175
v -0.36700632 0.15989427 -0.07051059
v -0.11089270 -0.13378756 -0.88998805
v -0.10209056 -0.11958243 -0.88453821
v -0.11027466 -0.09835434 -0.88077393
v -0.09017025 -0.09266105 -0.87920076
v -0.08222962 -0.06531829 -0.87689726
v -0.10541479 -0.18824834 -0.88896736
v -0.10537732 -0.17055045 -0.89173913
v -0.12293474 -0.14987484 -0.89313433
v -0.10195946 -0.22712749 -0.87477160
v -0.09143437 -0.20253774 -0.88789051
v -0.08125576 -0.23945046 -0.87114777
v -0.08314728 -0.24764392 -0.85943348
v -0.08342819 -0.22712749 -0.88046493
v -0.06245294 -0.25463880 -0.85962074
v -0.05773349 -0.25702661 -0.83130416
v -0.05454974 -0.26377803 -0.73673754
v -0.04270434 -0.26330982 -0.84202587
v -0.01603579 -0.27817044 -0.82160307
v -0.01397571 -0.27945328 -0.80324969
v -0.01656017 -0.27746813 -0.78092602
v -0.02651406 -0.27439675 -0.76269439
v -0.08333456 -0.24633297 -0.68246402
v -0.06340808 -0.25647413 -0.69688451
v -0.06789338 -0.25098686 -0.66933573
v -0.04968048 -0.25566883 -0.65295820
v -0.04363136 -0.25460134 -0.62982921
v -0.05141283 -0.24760646 -0.60228979
v -0.03114921 -0.25316866 -0.58611822
v -0.05567344 -0.24161353 -0.56277391
v -0.07396125 -0.23286760 -0.55136859
v -0.07431706 -0.23116335 -0.53273433
v -0.07646141 -0.22820434 -0.50754526
v -0.07251920 -0.22816688 -0.48921999
v -0.07324022 -0.22672484 -0.47007071
v -0.08306301 -0.21998278 -0.41810075
v -0.07408298 -0.22316653 -0.40525342
v -0.08577854 -0.21735153 -0.37834140
v -0.07633031 -0.22415912 -0.44483485
v -0.06492503 0.28491246 -0.87039868
v -0.07929870 0.29722609 -0.84835589
v -0.07911142 0.26758915 -0.88579303
v -0.05825787 0.25005045 -0.89106490
v -0.06417589 0.26532307 -0.88579303
v -0.03875274 0.24384216 -0.89104620
v -0.03257253 0.21498243 -0.89406139
v -0.03048437 0.18502712 -0.89141136
v -0.01076389 0.16944552 -0.88745977
v -0.07316532 -0.04512960 -0.87404121
v -0.03290963 -0.02564321 -0.86758945
v -0.02310559 0.00818878 -0.86490203
v 0.02352692 0.02339586 -0.87099798
v -0.00294499 0.01582976 -0.86640962
v 0.04221740 0.05127234 -0.87769316
v 0.03010045 0.07886794 -0.87971578
v 0.01542711 0.12727959 -0.88097995
v 0.03344337 0.10427234 -0.88066154
v 0.01839550 0.14582962 -0.88261864
v 0.01482783 0.16913650 -0.88897678
v -0.05916618 0.29157029 -0.83939461
v -0.04117803 0.28880787 -0.78156279
v -0.03422061 0.29425770 -0.74270239
v -0.02035256 0.28905134 -0.76718912
v -0.03988580 0.29181369 -0.69897270
v -0.03395842 0.28788085 -0.81446773
v -0.03862165 0.28586760 -0.65423169
v -0.02625187 0.28538069 -0.67385856
v -0.02043686 0.28147592 -0.65072021
v 0.00084744 0.27326370 -0.62860253
v 0.01523047 0.26631567 -0.60794562
v 0.01891988 0.26049128 -0.56909458
v 0.02864901 0.25977026 -0.59073469
v 0.01340450 0.25913350 -0.54068436
v 0.02598964 0.25149249 -0.49311540
v 0.01348877 0.25445152 -0.47143785
v 0.02948241 0.25216672 -0.52592672
v 0.04319125 0.24696972 -0.51238645
v -0.00382518 0.25862784 -0.44308378
v -0.06586141 0.27425627 -0.37484863
v -0.02480982 0.26349710 -0.39249968
v -0.04150577 0.26757979 -0.38285481
v -0.00305733 0.25744798 -0.40873679
v 0.00931245 0.25409567 -0.42714633
v -0.12141776 -0.19860488 -0.30936647
v -0.09194003 -0.21396176 -0.35454758
v -0.10111670 -0.20892396 -0.33136240
v -0.14347927 -0.18630998 -0.28597529
v -0.14787098 -0.18391283 -0.26283695
v -0.13868491 -0.18812659 -0.24306963
v -0.15302115 -0.18001741 -0.21478115
v -0.15592396 -0.17809781 -0.19291631
v -0.19245277 -0.15621422 -0.16017054
v -0.16033439 -0.17477361 -0.14428927
v -0.20189163 -0.15009020 -0.13802472
v -0.31350067 -0.08403685 -0.09118622
v -0.21581585 -0.14167200 -0.12179704
v -0.23676302 -0.12959249 -0.11395000
v -0.24699781 -0.12281299 -0.09353656
v -0.28862062 -0.09875698 -0.09360215
v -0.26640930 -0.11176352 -0.08534310
v -0.34803495 -0.06149779 -0.08951949
v -0.07928934 0.27729021 -0.32415215
v -0.05482129 0.27143773 -0.34523045
v -0.06495310 0.27449038 -0.29960923
v -0.05825787 0.27249589 -0.25268642
v -0.08300683 0.27882591 -0.22647674
v -0.03894939 0.26722394 -0.29904738
v -0.03270363 0.26578190 -0.28246381
v -0.03887448 0.26718651 -0.26735040
v -0.09668756 0.28188792 -0.19024755
v -0.15033367 0.29250667 -0.17453482
v -0.12079040 0.28686020 -0.16668784
v -0.25319678 0.28816176 -0.11888481
v -0.22869128 0.29459483 -0.14690181
v -0.23076072 0.29597129 -0.11831363
v -0.34831587 0.19678826 -0.06916221
v -0.32882944 0.21777290 -0.08637314
v -0.32230277 0.23707202 -0.07244894
v -0.31570118 0.25756036 -0.05620247
v -0.30747964 0.25999497 -0.06847866
v -0.29761937 0.26573511 -0.07977161
v -0.27639130 0.27773032 -0.10208588
v -0.27835772 0.28256211 -0.07900375
v -0.19703175 0.29885538 -0.15756736
v -0.19658227 0.29879923 -0.13843680
v -0.15505312 0.29300291 -0.15322244
v -0.17566318 0.29650503 -0.15219240
v -0.37179128 -0.04334108 -0.08573639
v -0.39934004 -0.00636282 -0.06168980
v -0.38886178 -0.02244072 -0.07683129
v -0.40741180 0.01076389 -0.05379597
v -0.41366693 0.02929516 -0.04356114
v -0.41885455 0.04845380 -0.02845708
v -0.41591426 0.07556246 -0.02590070
v -0.40363810 0.10381354 -0.03670677
v -0.37706319 0.16215100 -0.04664190
v -0.40065100 0.13549181 -0.01899011
v -0.36216515 0.18866034 -0.04932931
v -0.09966530 -0.14933173 -0.89188892
v -0.07493510 -0.13800133 -0.88564317
v -0.07053403 -0.12059374 -0.88096119
v -0.04364076 -0.10498402 -0.87883560
v -0.04127166 -0.06643260 -0.87495893
v -0.07250981 -0.17522307 -0.89231966
v -0.08321283 -0.15715062 -0.89167355
v -0.06953210 -0.21245416 -0.88764709
v -0.07204162 -0.24034940 -0.87396635
v -0.05763051 -0.23173455 -0.88399514
v -0.06133863 -0.24470364 -0.87367605
v -0.05083226 -0.24605205 -0.87643841
v -0.04395910 -0.25228845 -0.87269283
v -0.04092520 -0.26266371 -0.85870309
v -0.02679496 -0.27266443 -0.72544457
v -0.01640100 -0.27594180 -0.84924549
v 0.00670927 -0.28527767 -0.83009621
v 0.01371352 -0.28631705 -0.81377480
v 0.00051031 -0.28474391 -0.79114213
v 0.00661561 -0.28536195 -0.77713363
v 0.00306669 -0.28522147 -0.75780644
v -0.03532556 -0.26534180 -0.68636877
v -0.01352624 -0.26802926 -0.65199371
v -0.02605523 -0.25777572 -0.60933151
v -0.00408737 -0.26098756 -0.57935748
v -0.02274974 -0.25359004 -0.56679106
v -0.04810734 -0.24164163 -0.53703239
v -0.02455699 -0.25122096 -0.54566596
v -0.05643190 -0.23666935 -0.51395023
v -0.05725594 -0.23376653 -0.48493133
v -0.05412838 -0.23387891 -0.45869354
v -0.05969991 -0.23025506 -0.42949668
v -0.03864040 -0.23753084 -0.40850271
v -0.05673156 -0.22987113 -0.38729332
v -0.07545012 -0.22097537 -0.33722423
v -0.05488684 -0.22961829 -0.35073643
v -0.05057943 0.26560401 -0.88425732
v -0.04685258 0.28434129 -0.86558560
v -0.04578507 0.25849674 -0.88721635
v -0.01603579 0.23058279 -0.89077460
v -0.01649462 0.25349639 -0.88596159
v -0.02659832 0.26052875 -0.88399514
v -0.01196246 0.19179726 -0.89325607
v 0.00128752 0.21224816 -0.89189834
v 0.00761757 0.19464391 -0.89301265
v -0.00759886 -0.04367818 -0.86826368
v -0.00352556 -0.01992183 -0.86539828
v 0.04517639 0.00028559 -0.86713066
v 0.01168152 0.00551070 -0.86605381
v 0.05490556 0.03108366 -0.87476225
v 0.06606741 0.04682447 -0.87784302
v 0.06550556 0.06808066 -0.88004354
v 0.05602922 0.09815771 -0.88112039
v 0.04258257 0.12857182 -0.88149497
v 0.03664583 0.17480169 -0.89148629
v 0.04478311 0.15322712 -0.88657024
v 0.02848048 0.20304337 -0.89079337
v -0.03885576 0.28776847 -0.84157643
v -0.02080204 0.28731900 -0.79843661
v -0.00765505 0.28909814 -0.75767535
v -0.01420982 0.28861126 -0.72623120
v -0.00325397 0.28751564 -0.78573910
v -0.00485522 0.28188792 -0.69023609
v -0.01793667 0.28676654 -0.82934706
v -0.00486458 0.27848881 -0.65971896
v 0.03156121 0.26230789 -0.61648558
v 0.01979071 0.27002380 -0.64853839
v 0.05208702 0.25026584 -0.58046239
v 0.04677764 0.24899233 -0.55345678
v 0.06123558 0.25229781 -0.61941649
v 0.04362197 0.24835557 -0.53471947
v 0.04572888 0.24404816 -0.48324578
v 0.02793735 0.24902980 -0.46194280
v 0.02251563 0.25029392 -0.44261559
v 0.05959689 0.23978754 -0.50085003
v -0.04650613 0.26868474 -0.36002548
v -0.00158721 0.25699851 -0.37829457
v -0.02233774 0.26296336 -0.36987635
v 0.02269355 0.24873950 -0.40155465
v 0.01399443 0.25158615 -0.38661913
v 0.03051245 0.24661387 -0.42273594
v -0.12289727 -0.19734073 -0.28807281
v -0.09448702 -0.21198598 -0.31007813
v -0.09277343 -0.21221070 -0.28749228
v -0.08112467 -0.21810063 -0.32241044
v -0.12948952 -0.19395098 -0.26684473
v -0.12564094 -0.19503720 -0.21130710
v -0.11788756 -0.19936336 -0.24866927
v -0.13392803 -0.19023349 -0.19153978
v -0.13765487 -0.18778950 -0.16960937
v -0.18365064 -0.16079320 -0.13235957
v -0.14186866 -0.18477431 -0.12234014
v -0.15855523 -0.17533544 -0.11468041
v -0.19160065 -0.15587713 -0.11531717
v -0.33780949 -0.06718171 -0.06423676
v -0.31182452 -0.08397130 -0.06679314
v -0.21310965 -0.14259904 -0.09480072
v -0.22946850 -0.13338490 -0.08938839
v -0.24266231 -0.12534126 -0.07199014
v -0.28753439 -0.09884126 -0.07047316
v -0.27133473 -0.10841122 -0.06360936
v -0.25535048 -0.11786882 -0.05792549
v -0.35890648 -0.05286423 -0.07409702
v -0.05086033 0.26963048 -0.31967617
v -0.03385540 0.26663402 -0.33937794
v -0.03011920 0.26494854 -0.24983977
v -0.06267766 0.27382555 -0.21776825
v -0.02232838 0.26216743 -0.30527442
v -0.00538896 0.25715772 -0.29199630
v -0.01094181 0.25886195 -0.26406367
v -0.05675028 0.27218687 -0.17402916
v -0.07543137 0.27690628 -0.15763287
v -0.09450577 0.28123245 -0.15040394
v -0.11719465 0.28599869 -0.14458890
v -0.14042662 0.29016568 -0.13437279
v -0.25547220 0.29071814 -0.09636450
v -0.20635823 0.29887417 -0.12587034
v -0.22673421 0.29825613 -0.08876100
v -0.20850260 0.29879923 -0.10503555
v -0.33517822 0.22762376 -0.05824383
v -0.34950508 0.22444002 -0.03480586
v -0.30144924 0.27406902 -0.05417053
v -0.32503705 0.25259747 -0.04519986
v -0.31933440 0.26343155 -0.03945976
v -0.26943387 0.29124252 -0.05730745
v -0.17840683 0.29598065 -0.12244316
v -0.15944482 0.29324638 -0.13122651
v -0.37736283 -0.03731068 -0.06290709
v -0.39774817 -0.01154106 -0.04460990
v -0.38858087 -0.02378914 -0.06629684
v -0.39151178 -0.02068030 -0.05400193
v -0.40257999 -0.00656882 -0.02406537
v -0.40987450 0.00669055 -0.02607866
v -0.41772150 0.02751599 -0.02213638
v -0.42383619 0.05693756 -0.01176117
v -0.42496920 0.08313792 0.00532809
v -0.41330173 0.10474992 -0.01262261
v -0.39017274 0.16822819 -0.01212631
v -0.37861763 0.18523316 -0.01916807
v -0.41602662 0.11735382 0.00649859
v -0.41194396 0.13479886 0.01192027
v -0.40257064 0.15168209 0.00181661
v -0.36401922 0.20138597 -0.03194985
v -0.05231177 -0.16744162 -0.89133650
v -0.04503597 -0.13589445 -0.88174781
v -0.01079196 -0.14401301 -0.88098930
v 0.00665308 -0.12798191 -0.87803963
v -0.00728048 -0.08534780 -0.87504321
v -0.04345348 -0.18864161 -0.89285345
v -0.04110309 -0.21457979 -0.88973521
v -0.03908048 -0.24044303 -0.88336773
v -0.03059675 -0.25279410 -0.87719691
v -0.02542783 -0.26123103 -0.87095117
v 0.00668116 -0.28364833 -0.73215852
v 0.01507126 -0.28321759 -0.71049039
v -0.00608191 -0.27504286 -0.69024548
v -0.00714938 -0.26565081 -0.87284269
v 0.00493949 -0.27430312 -0.86631599
v 0.00658753 -0.28251531 -0.84956384
v 0.02337710 -0.28437872 -0.84184796
v 0.04479246 -0.28668225 -0.81619068
v 0.02648595 -0.28494055 -0.79923258
v 0.03052181 -0.28567094 -0.77303224
v 0.02907041 -0.29000647 -0.74662588
v -0.00562308 -0.26418067 -0.61052073
v 0.01126015 -0.27378810 -0.64081314
v 0.02700097 -0.28138226 -0.66996311
v 0.01554885 -0.26804799 -0.59268240
v 0.01627923 -0.26590364 -0.57086436
v 0.01181261 -0.26221424 -0.54975802
v -0.00331016 -0.25730753 -0.54289422
v -0.01571741 -0.25198879 -0.52308007
v -0.04087837 -0.24225964 -0.51565450
v -0.03685187 -0.24207237 -0.49148611
v -0.03090577 -0.24313049 -0.46911558
v -0.03212306 -0.24117342 -0.44232533
v -0.00555753 -0.24933880 -0.41902777
v -0.02206619 -0.24247501 -0.38142213
v -0.05523333 -0.22891600 -0.32035976
v -0.02987573 -0.23898225 -0.35318044
v -0.03535364 -0.23677237 -0.33341309
v -0.03813474 0.26818844 -0.88112974
v -0.02610206 0.28434129 -0.85696136
v -0.00234567 0.24834622 -0.88625182
v -0.01092306 0.26339412 -0.87944424
v -0.01256178 0.27664409 -0.86699015
v 0.02868648 0.23238068 -0.88673879
v 0.02053981 -0.05369761 -0.86776742
v 0.02595221 -0.01356369 -0.86486456
v 0.04467076 -0.03543790 -0.86540770
v 0.07106777 -0.02528737 -0.86552002
v 0.08502940 0.01921015 -0.87418172
v 0.10762465 0.04794814 -0.87947236
v 0.10179090 0.06718171 -0.88075523
v 0.07738843 0.08873756 -0.88133576
v 0.07621793 0.11267184 -0.88200057
v 0.06750009 0.15145734 -0.88889250
v 0.06586137 0.17334089 -0.89146760
v 0.05802376 0.20318386 -0.88847111
v 0.00398435 0.28612043 -0.81279158
v 0.01073577 0.28427574 -0.76269439
v 0.00301050 0.28551178 -0.74086704
v 0.01944426 0.27743070 -0.71123947
v 0.02244072 0.27685945 -0.79040239
v 0.01461243 0.27560469 -0.68154634
v 0.00250484 0.28347978 -0.84790645
v 0.04491420 0.26040698 -0.63649635
v 0.03801297 0.26547288 -0.65728435
v 0.07406423 0.24521866 -0.60618524
v 0.07202286 0.24364552 -0.58841242
v 0.06886723 0.24118279 -0.55817620
v 0.07447623 0.23669746 -0.53432619
v 0.08611563 0.24473171 -0.63544757
v 0.06391370 0.25423616 -0.64267658
v 0.07149848 0.23614500 -0.51304192
v 0.04317253 0.24306495 -0.45490111
v 0.07447623 0.23286759 -0.48286189
v 0.05776157 0.23777429 -0.46149332
v 0.04832270 0.23982501 -0.41865324
v -0.02817150 0.26470507 -0.35495958
v -0.00455556 0.25684870 -0.35376101
v 0.01965962 0.25003173 -0.36486663
v 0.03854671 0.24265295 -0.39332372
v -0.10906673 -0.20411088 -0.27282830
v -0.06919497 -0.22284816 -0.30252139
v -0.07608684 -0.21901831 -0.27235072
v -0.09531106 -0.21045029 -0.26293996
v -0.10751231 -0.20451354 -0.23959565
v -0.09494585 -0.21054391 -0.22415447
v -0.09468366 -0.21001018 -0.19517300
v -0.11444162 -0.20037466 -0.17585512
v -0.12539747 -0.19446600 -0.15381240
v -0.12485434 -0.19410080 -0.11689031
v -0.14157836 -0.18478367 -0.08410709
v -0.17502644 -0.16518491 -0.09444487
v -0.15996920 -0.17390276 -0.08871413
v -0.19767786 -0.15146671 -0.09136418
v -0.36274572 -0.04763913 -0.04175389
v -0.33877398 -0.06476582 -0.03659439
v -0.29993229 -0.09082572 -0.04953535
v -0.32038317 -0.07632095 -0.02070370
v -0.21658368 -0.14057643 -0.07755228
v -0.23312042 -0.13053824 -0.05782247
v -0.28309589 -0.10062978 -0.05014403
v -0.26803864 -0.10878579 -0.04016203
v -0.23605136 -0.12830027 -0.03514292
v -0.25514447 -0.11759727 -0.03209030
v -0.01843297 0.26083773 -0.32333750
v -0.00775806 0.25818776 -0.33610993
v -0.00336635 0.25624005 -0.22904241
v -0.02127023 0.26208313 -0.22056804
v -0.03790063 0.26723334 -0.19668063
v 0.00807641 0.25321548 -0.31758801
v 0.01835803 0.24944180 -0.30554597
v 0.01491209 0.25001301 -0.28700533
v 0.00862886 0.25182026 -0.26632971
v 0.00888169 0.25198879 -0.24185234
v -0.02163544 0.26241091 -0.15961801
v -0.06092660 0.27339480 -0.13851167
v -0.03109302 0.26504216 -0.13817461
v -0.10463755 0.28329253 -0.11828556
v -0.08717378 0.27951885 -0.11248924
v -0.12697061 0.28753436 -0.12053289
v -0.14738404 0.29098969 -0.10457668
v -0.24281214 0.29663613 -0.07309506
v -0.20425134 0.29687960 -0.06217668
v -0.19863298 0.29701069 -0.08283358
v -0.23267095 0.29833100 -0.05452631
v -0.17718015 0.29494125 -0.09758186
v -0.37099535 0.20649867 -0.01143340
v -0.35145279 0.23668810 -0.01467334
v -0.32616071 0.25804727 -0.03475899
v -0.33393281 0.25567820 -0.02363465
v -0.28347044 0.28907006 -0.03747455
v -0.30364975 0.28042712 -0.03119136
v -0.32234959 0.27151264 -0.01855003
v -0.24985384 0.29716986 -0.04873942
v -0.26608156 0.29568103 -0.02669670
v -0.38808458 -0.02545592 -0.03584526
v -0.38784113 -0.02480045 -0.01873728
v -0.40572626 -0.00332888 -0.00794999
v -0.41582063 0.01213102 0.00118921
v -0.42349907 0.03209498 0.00177910
v -0.42970739 0.05572024 0.01239786
v -0.43091533 0.07926123 0.02487066
v -0.42568086 0.10810224 0.03150034
v -0.39358124 0.18477432 0.02057260
v -0.38162347 0.20475700 0.01501040
v -0.41928529 0.12804744 0.03047966
v -0.40822647 0.15370470 0.02188355
v -0.02677625 -0.16289073 -0.88796544
v 0.00483647 -0.17187078 -0.88823697
v 0.02289020 -0.15794657 -0.88220659
v 0.02420114 -0.09911281 -0.87434086
v 0.04689938 -0.14199974 -0.87658826
v 0.04855678 -0.10880451 -0.87356366
v -0.01880754 -0.20676089 -0.89281598
v -0.02261865 -0.23564869 -0.88767514
v -0.00595081 -0.25167978 -0.88433225
v -0.01612942 -0.26137149 -0.87388207
v 0.02631738 -0.28376072 -0.69104141
v 0.04930591 -0.29408916 -0.74419123
v 0.05491492 -0.29339623 -0.71520976
v 0.00105344 -0.26358137 -0.87710328
v 0.01442515 -0.26358137 -0.88035254
v 0.02423858 -0.27318880 -0.87344191
v 0.02540907 -0.28221566 -0.85873114
v 0.04930591 -0.28767486 -0.84285923
v 0.04792942 -0.28727220 -0.79485024
v 0.06374514 -0.29160769 -0.82424374
v 0.06834285 -0.29301231 -0.79526229
v 0.05363204 -0.28876106 -0.77050395
v 0.02546526 -0.27371317 -0.61583948
v 0.03643047 -0.27981847 -0.64081314
v 0.06137607 -0.28814303 -0.66613327
v 0.05855749 -0.28512784 -0.64466172
v 0.04294778 -0.27537997 -0.59608150
v 0.03775078 -0.27111938 -0.56702514
v 0.01202801 -0.25941442 -0.51516755
v 0.04421193 -0.27016423 -0.54244475
v 0.02951988 -0.26477060 -0.52377302
v -0.01543651 -0.25073402 -0.50416487
v -0.01739357 -0.24866459 -0.48739402
v -0.00422783 -0.25177343 -0.46545428
v 0.00131563 -0.25265364 -0.44526557
v 0.01344194 -0.25417060 -0.39438183
v 0.02845237 -0.25949870 -0.42619120
v -0.00187748 -0.24906724 -0.37233908
v -0.05542061 -0.22854144 -0.29783005
v -0.03704851 -0.23562060 -0.31410464
v 0.00671863 -0.25077148 -0.35786238
v -0.00630663 -0.24700718 -0.34050164
v -0.00377835 -0.24744728 -0.32158644
v 0.01559564 0.25430171 -0.88058668
v 0.00428402 0.26081901 -0.87814267
v 0.01186880 0.27222430 -0.86421845
v 0.03025026 0.24427292 -0.88250624
v 0.05148770 0.23613561 -0.88245943
v 0.04256385 0.24051796 -0.88191636
v 0.05217128 -0.06687271 -0.86782359
v 0.07315592 -0.05201211 -0.86600699
v 0.09931881 -0.03679568 -0.86595076
v 0.10267109 -0.00933117 -0.87014585
v 0.11471317 0.02274974 -0.87697219
v 0.12649302 0.04559779 -0.87964092
v 0.13412464 0.06562729 -0.88127960
v 0.09900979 0.09672499 -0.88212232
v 0.13174621 0.08540397 -0.88371419
v 0.08451438 0.13349727 -0.88637356
v 0.10530238 0.11829956 -0.88610203
v 0.09149056 0.16144869 -0.89191703
v 0.08081561 0.18747113 -0.88894866
v 0.08074071 0.20721969 -0.88609268
v 0.06454106 0.23231510 -0.88165411
v 0.08682729 0.22211778 -0.88186948
v 0.02481915 0.27480876 -0.81946806
v 0.02055856 0.27687820 -0.84177304
v 0.03084955 0.27384427 -0.77371581
v 0.02481915 0.27915365 -0.74232782
v 0.04114989 0.27048260 -0.71218522
v 0.03191702 0.27147520 -0.69364459
v 0.04637500 0.26513579 -0.78548626
v 0.04247959 0.26563209 -0.81100310
v 0.04093453 0.26651228 -0.67717340
v 0.06129177 0.25908667 -0.67243521
v 0.10435664 0.23553632 -0.62379883
v 0.09385962 0.23629481 -0.60122233
v 0.09445891 0.23357926 -0.58115537
v 0.09056350 0.23178136 -0.55396241
v 0.09918772 0.22664055 -0.53565589
v 0.09546087 0.22620983 -0.51560763
v 0.11034957 0.23601391 -0.64486772
v 0.08728613 0.24800912 -0.66228467
v 0.10399143 0.24096743 -0.66100183
v 0.09711828 0.22426213 -0.49520359
v 0.07268770 0.23115400 -0.44672636
v 0.06164762 0.23477786 -0.42430907
v 0.09366298 0.22351299 -0.47222442
v 0.06472835 0.23263348 -0.39879227
v 0.01538028 0.25104302 -0.34043609
v 0.04543858 0.23968456 -0.37763909
v 0.03450148 0.24226902 -0.35246878
v -0.08285701 -0.21635893 -0.25053275
v -0.05462465 -0.22861635 -0.25440937
v -0.04983969 -0.23054534 -0.27416733
v -0.07581529 -0.21913067 -0.23686131
v -0.06467219 -0.22387820 -0.22437915
v -0.07745398 -0.21835347 -0.20666256
v -0.09336335 -0.21089039 -0.17495618
v -0.06906387 -0.22153720 -0.17373889
v -0.10546159 -0.20454161 -0.14810974
v -0.11004058 -0.20195717 -0.12364173
v -0.10140701 -0.20615222 -0.09603680
v -0.11498475 -0.19887642 -0.06960229
v -0.12392731 -0.19403526 -0.05310306
v -0.15509995 -0.17621565 -0.05227898
v -0.13700876 -0.18660963 -0.05036878
v -0.17095311 -0.16754462 -0.07176539
v -0.19634816 -0.15230945 -0.06821647
v -0.36948775 -0.04023224 -0.01549734
v -0.34585312 -0.05857625 -0.01985162
v -0.29116761 -0.09535787 -0.03115392
v -0.31107539 -0.08106846 0.00056181
v -0.33615207 -0.06336123 0.01578761
v -0.21665859 -0.14008950 -0.05838429
v -0.22055402 -0.13787959 -0.03464669
v -0.26997697 -0.10794303 -0.01864369
v -0.24426356 -0.12275680 -0.01465462
v -0.22514234 -0.13418084 -0.01722972
v 0.02686987 0.24561194 -0.23416454
v 0.02394831 0.24684798 -0.20877879
v 0.00319779 0.25433914 -0.19893732
v 0.03170166 0.24407624 -0.32477019
v 0.04031652 0.24073332 -0.29152814
v 0.03382729 0.24286831 -0.27026256
v 0.02830256 0.24512503 -0.25202159
v -0.00412484 0.25685806 -0.15646237
v -0.05408155 0.27151264 -0.11666555
v -0.02614885 0.26357201 -0.11660940
v -0.00841354 0.25795365 -0.13124523
v -0.11258757 0.28462219 -0.08999700
v -0.07703262 0.27686885 -0.09595250
v -0.13554800 0.28879851 -0.09358343
v -0.14155028 0.28947270 -0.07182154
v -0.15816196 0.29183241 -0.07298268
v -0.21693014 0.29743213 -0.04611752
v -0.19979411 0.29511921 -0.02979611
v -0.17887502 0.29332132 -0.03899154
v -0.17718015 0.29430450 -0.07156878
v -0.23917892 0.29803138 -0.03278321
v -0.37106089 0.22294182 0.01340918
v -0.33510330 0.26291653 -0.00840886
v -0.35267947 0.25049992 0.01051574
v -0.29039976 0.28981919 -0.01904633
v -0.30607503 0.28548367 -0.00549662
v -0.32057043 0.28002448 0.00397028
v -0.27157820 0.29618669 -0.00606787
v -0.25386159 0.29746956 -0.01039400
v -0.38713882 -0.02323667 0.00525315
v -0.37313035 -0.03505398 0.01460775
v -0.40802983 -0.00066951 0.00301518
v -0.39603459 -0.01437835 0.01397100
v -0.40478050 -0.00411545 0.02953392
v -0.41391038 0.00669055 0.02312899
v -0.42503475 0.02869584 0.01920543
v -0.43314393 0.05934410 0.03067634
v -0.43656178 0.07322147 0.05006909
v -0.43595313 0.09246441 0.06390899
v -0.42638317 0.11811228 0.04795278
v -0.40904114 0.16064337 0.03592013
v -0.40712150 0.17261054 0.05112720
v -0.39640913 0.19461583 0.05063090
v -0.38300932 0.21805380 0.04571481
v -0.42068053 0.14131617 0.05883372
v -0.00134374 -0.18995257 -0.89333100
v 0.02216917 -0.19170363 -0.89318114
v 0.04370627 -0.19445663 -0.89314375
v 0.04499850 -0.16877130 -0.88420116
v 0.06638575 -0.15739409 -0.87800216
v 0.08439265 -0.14121317 -0.87326401
v 0.10050802 -0.12137095 -0.87074515
v 0.08438329 -0.08759515 -0.86854463
v 0.00530466 -0.23153791 -0.89114918
v -0.00368473 -0.20494428 -0.89369616
v 0.02613010 -0.24180082 -0.89147694
v 0.05905380 -0.29144852 -0.69421578
v 0.08326898 -0.30052219 -0.72957408
v 0.06869866 -0.29733845 -0.74848928
v 0.08158346 -0.29757255 -0.70725975
v 0.04173985 -0.25230718 -0.89069974
v 0.03702976 -0.27182165 -0.87781491
v 0.04915610 -0.28385435 -0.86588525
v 0.08167712 -0.29363968 -0.86041671
v 0.07616175 -0.29569038 -0.84537817
v 0.08206105 -0.29893032 -0.81938385
v 0.08128384 -0.29793775 -0.78803332
v 0.08479532 -0.29955770 -0.76502606
v 0.05260204 -0.28127925 -0.62392055
v 0.08327834 -0.29319021 -0.67226668
v 0.08733296 -0.29105524 -0.65203118
v 0.08080625 -0.28553050 -0.61804000
v 0.06105769 -0.27972485 -0.60007054
v 0.05798629 -0.27695311 -0.58122092
v 0.06854885 -0.27747748 -0.56714687
v 0.00429337 -0.25569693 -0.49142056
v 0.03408948 -0.26465823 -0.50250747
v 0.06876421 -0.27447168 -0.53551540
v 0.05044830 -0.27018296 -0.52488732
v 0.02868648 -0.26106247 -0.46464899
v 0.05127234 -0.26507962 -0.42269846
v 0.06404476 -0.26718651 -0.38465270
v 0.02004354 -0.25631494 -0.37457708
v 0.04208630 -0.26157749 -0.38038273
v -0.03364004 -0.23675364 -0.29163109
v 0.03542851 -0.25905859 -0.36154243
v 0.02232835 -0.25529428 -0.34371346
v 0.02731934 -0.25642731 -0.32239173
v 0.00565115 -0.25000363 -0.29658469
v 0.03570945 0.25380540 -0.87481842
v 0.03523186 0.26550099 -0.86193365
v 0.05799568 0.25500401 -0.86679355
v 0.11191335 -0.07867130 -0.86690587
v 0.13301033 -0.04748932 -0.86607250
v 0.12691438 -0.01509002 -0.87037057
v 0.14811438 0.00592270 -0.87574548
v 0.14455611 0.03943629 -0.87932250
v 0.16088681 0.07839039 -0.88703844
v 0.12692378 0.11394532 -0.88883627
v 0.14728102 0.09962783 -0.88925766
v 0.10972217 0.13634392 -0.89070909
v 0.13065062 0.13634392 -0.89274105
v 0.12032217 0.15504373 -0.89200131
v 0.11253135 0.17238579 -0.88984761
v 0.10722201 0.19960680 -0.88579303
v 0.10511510 0.21943030 -0.87971578
v 0.07493506 0.25122094 -0.86397496
v 0.07669548 0.23200612 -0.87893857
v 0.09238011 0.24490028 -0.86320711
v 0.10817711 0.23245559 -0.86844158
v 0.04651545 0.26361884 -0.83471262
v 0.04897818 0.26895629 -0.76161754
v 0.04991456 0.27039833 -0.73804845
v 0.06260272 0.26317872 -0.71456365
v 0.05158136 0.26465824 -0.69091032
v 0.06409159 0.25873086 -0.78826738
v 0.07136739 0.25626813 -0.80979516
v 0.08250113 0.25234461 -0.68342852
v 0.13403101 0.22291371 -0.63209528
v 0.12830027 0.22205223 -0.60841383
v 0.11651102 0.22547006 -0.59393716
v 0.11360822 0.22386884 -0.57194123
v 0.11878647 0.21819426 -0.54503857
v 0.11767216 0.21701440 -0.52308007
v 0.11445098 0.21737025 -0.50880006
v 0.13661544 0.22469288 -0.65319229
v 0.10134142 0.24534975 -0.69079792
v 0.12801933 0.23149110 -0.67256633
v 0.12422694 0.21108702 -0.48909829
v 0.09686544 0.22042291 -0.43721259
v 0.08495450 0.22473032 -0.41996419
v 0.12167059 0.21046902 -0.46699934
v 0.11080840 0.21476707 -0.45125853
v 0.09135007 0.22114393 -0.38998080
v 0.06839900 0.23072325 -0.38019544
v 0.05722783 0.23493703 -0.36408007
v 0.04532624 0.24011532 -0.33786099
v 0.06600186 0.23040487 -0.35192564
v -0.04438050 -0.23190311 -0.23146770
v -0.02780629 -0.23857961 -0.26207845
v -0.02097060 -0.24059286 -0.23390235
v -0.05573896 -0.22737094 -0.19847845
v -0.08596582 -0.21402730 -0.15016046
v -0.04500786 -0.23132254 -0.16818604
v -0.06046776 -0.22504868 -0.15463641
v -0.09594782 -0.20928915 -0.13071149
v -0.07978561 -0.21678967 -0.12178768
v -0.07558121 -0.21817554 -0.09422954
v -0.08632167 -0.21318455 -0.07139082
v -0.09333528 -0.20935470 -0.05009716
v -0.10745612 -0.20273437 -0.04125758
v -0.11875843 -0.19695682 -0.02856946
v -0.15002469 -0.17939940 -0.02652810
v -0.17219852 -0.16622430 -0.04711949
v -0.19071106 -0.15532465 -0.05209173
v -0.20626461 -0.14602624 -0.03998414
v -0.35283865 -0.05222747 -0.00342725
v -0.27994023 -0.10085451 -0.00348341
v -0.29444498 -0.09148120 0.01081536
v -0.30975506 -0.08135875 0.02851324
v -0.34525383 -0.05605733 0.03925373
v -0.35803566 -0.04674956 0.01798814
v -0.32792114 -0.06803383 0.04034928
v -0.21147097 -0.14192483 -0.00498160
v -0.25278474 -0.11708225 0.00273427
v -0.23018015 -0.13067872 0.00233163
v 0.05245219 0.23565806 -0.23146770
v 0.04014796 0.24077079 -0.22073664
v 0.02139196 0.24800912 -0.17597686
v 0.04159000 0.24008720 -0.19548199
v 0.05640379 0.23455311 -0.30693186
v 0.06345483 0.23165030 -0.27408310
v 0.04937146 0.23668810 -0.25543941
v 0.01586723 0.25030328 -0.14293146
v -0.05554231 0.27125984 -0.09116750
v -0.03931459 0.26722394 -0.10077493
v -0.01762765 0.26068792 -0.09216010
v 0.00581032 0.25320612 -0.11828556
v -0.12196089 0.28579269 -0.06783254
v -0.09958104 0.28185981 -0.07403144
v -0.07437325 0.27671900 -0.07678450
v -0.13582890 0.28863934 -0.04105162
v -0.16267538 0.29182305 -0.04903904
v -0.22536708 0.29673914 -0.02050709
v -0.18606654 0.29326510 -0.01645251
v -0.20331496 0.29425770 0.00408266
v -0.15486584 0.29098033 -0.02154649
v -0.37056461 0.23950664 0.04681043
v -0.35508598 0.25600594 0.02961822
v -0.33809979 0.26622202 0.00621768
v -0.34111497 0.26704606 0.01619025
v -0.34250083 0.26879712 0.02583511
v -0.28680401 0.29357415 -0.00037457
v -0.30074697 0.29221634 0.02542311
v -0.33169483 0.27700930 0.02218318
v -0.31622555 0.28799323 0.03898218
v -0.26382485 0.29680473 0.01304397
v -0.24228776 0.29612111 0.01070298
v -0.23214659 0.29637394 -0.00459775
v -0.36392558 -0.04161811 0.04252174
v -0.37670737 -0.03063419 0.04578039
v -0.39235456 -0.01659761 0.03282065
v -0.41540862 0.00822626 0.04050845
v -0.39044431 -0.01718755 0.05897418
v -0.41027716 0.00359107 0.06316921
v -0.41962241 0.01551141 0.03126623
v -0.42496920 0.02452888 0.04666062
v -0.43291921 0.04391227 0.05344012
v -0.43523213 0.04684319 0.07502404
v -0.44001709 0.07315592 0.08436921
v -0.43343423 0.10850488 0.07351642
v -0.43990473 0.08974885 0.09959507
v -0.41549290 0.16275964 0.07828270
v -0.40385347 0.18763966 0.07819840
v -0.39561320 0.20659233 0.08731888
v -0.38304678 0.22567609 0.06719579
v -0.42843386 0.13165259 0.09569966
v 0.02246880 -0.21084356 -0.89467939
v 0.04830395 -0.21578773 -0.89561580
v 0.06494371 -0.20559976 -0.89487606
v 0.08047852 -0.18323862 -0.88657959
v 0.09097554 -0.16150486 -0.87659761
v 0.11021847 -0.15320840 -0.87214034
v 0.13439622 -0.12760735 -0.86830114
v 0.09900043 -0.30443633 -0.75230979
v 0.11355203 -0.30554126 -0.73386279
v 0.10906670 -0.30172079 -0.70534018
v 0.09387834 -0.29741334 -0.68980535
v 0.06663858 -0.25204497 -0.89208559
v 0.05575767 -0.26823526 -0.88414493
v 0.06774353 -0.22773614 -0.89517571
v 0.05827659 -0.27656918 -0.87744033
v 0.06918561 -0.28042716 -0.87537090
v 0.08284762 -0.28120436 -0.87666312
v 0.09410309 -0.28512784 -0.87433151
v 0.10301758 -0.30553191 -0.83678205
v 0.10784001 -0.29542819 -0.86379706
v 0.11203508 -0.30715186 -0.81864404
v 0.10217482 -0.30672112 -0.80121773
v 0.10508702 -0.30588776 -0.77634708
v 0.11475060 -0.29835910 -0.67314689
v 0.11986334 -0.29599941 -0.65028010
v 0.10532110 -0.28996900 -0.62401421
v 0.08827870 -0.28351724 -0.59234530
v 0.08491706 -0.27862926 -0.54802567
v 0.09343826 -0.28229994 -0.57160410
v 0.03938946 -0.26425558 -0.48156966
v 0.06438189 -0.27138156 -0.50189882
v 0.09469302 -0.27872289 -0.52893255
v 0.06370766 -0.26961176 -0.47534262
v 0.06819300 -0.26931212 -0.44418873
v 0.07847462 -0.27110064 -0.41503874
v 0.09046051 -0.27318880 -0.38798626
v 0.05755557 -0.26540735 -0.35937001
v 0.07415785 -0.26902183 -0.35333025
v -0.00830116 -0.24542467 -0.27373661
v 0.04307887 -0.26079092 -0.34161595
v 0.05098207 -0.26355329 -0.32744827
v 0.03492288 -0.25847802 -0.28921523
v 0.01507126 -0.25293456 -0.25924123
v 0.06428823 0.25767274 -0.83407586
v 0.15499690 -0.08642465 -0.86539828
v 0.14112889 -0.06476582 -0.86586648
v 0.15956650 -0.02259055 -0.87136314
v 0.16293753 -0.04379991 -0.86725240
v 0.16702962 0.00272024 -0.87610129
v 0.16437022 0.03238525 -0.87862957
v 0.19442851 0.05649745 -0.88811530
v 0.19087959 0.08604073 -0.89395841
v 0.17631864 0.10901987 -0.89515694
v 0.14906012 0.12221372 -0.89359319
v 0.14800201 0.15541830 -0.89061546
v 0.15978190 0.14178436 -0.89217922
v 0.14060451 0.17324727 -0.88809653
v 0.13586634 0.18929710 -0.88566194
v 0.11659533 0.21222008 -0.88047428
v 0.13024798 0.21060012 -0.87863892
v 0.12749495 0.22479587 -0.86779547
v 0.08229513 0.25409567 -0.83993768
v 0.10740926 0.24551828 -0.85202661
v 0.12153010 0.23967520 -0.84005942
v 0.07949531 0.25920841 -0.76476388
v 0.07288434 0.26241091 -0.73988381
v 0.08446759 0.25404888 -0.70561171
v 0.09136882 0.25388031 -0.79901721
v 0.09226777 0.25300012 -0.82553597
v 0.15573667 0.21448613 -0.64996172
v 0.15712249 0.21208895 -0.63901524
v 0.16120522 0.20921423 -0.63345307
v 0.15572732 0.21114321 -0.62738520
v 0.14941597 0.21174250 -0.60964052
v 0.13556668 0.21327820 -0.57169776
v 0.14636336 0.21087166 -0.59311315
v 0.13623155 0.20847449 -0.52951311
v 0.13500486 0.21074993 -0.54450483
v 0.13706491 0.20662980 -0.51242388
v 0.13875043 0.20660169 -0.52251826
v 0.15700076 0.21569410 -0.66185393
v 0.09379407 0.25196072 -0.72354370
v 0.11543419 0.24051796 -0.70224072
v 0.13110945 0.23200612 -0.69191225
v 0.14619476 0.22433703 -0.68903750
v 0.14200911 0.20324002 -0.50372479
v 0.14446245 0.20132978 -0.49460431
v 0.14397554 0.20082416 -0.48271208
v 0.14688774 0.19852060 -0.47199034
v 0.11654850 0.21098404 -0.42738980
v 0.11553721 0.21049710 -0.40382070
v 0.14917250 0.19662908 -0.46045396
v 0.13185855 0.20420451 -0.44460073
v 0.11549974 0.20957007 -0.37619705
v 0.10045183 0.21620912 -0.36649596
v 0.08484212 0.22276390 -0.35627989
v 0.06339868 0.23111653 -0.33482705
v 0.08681794 0.22182748 -0.33875058
v -0.02672942 -0.23831742 -0.21165359
v -0.00405930 -0.24673561 -0.25547692
v 0.00508930 -0.24878632 -0.21478115
v 0.00035113 -0.24747536 -0.23435179
v -0.03226355 -0.23612626 -0.19064084
v -0.07280947 -0.21978614 -0.13897990
v -0.01584851 -0.24158543 -0.17181926
v -0.03374303 -0.23530222 -0.15159315
v -0.05676900 -0.22637837 -0.13143255
v -0.05018614 -0.22859763 -0.09712299
v -0.05657235 -0.22609746 -0.07042636
v -0.06924180 -0.22009516 -0.05088373
v -0.08251052 -0.21456106 -0.02536696
v -0.09406566 -0.20899887 -0.03194049
v -0.10692238 -0.20289357 -0.00994456
v -0.12648370 -0.19230293 -0.01447666
v -0.18316372 -0.15951035 -0.03492760
v -0.16050294 -0.17302255 -0.01053445
v -0.13737397 -0.18603843 0.00135774
v -0.18890383 -0.15592394 -0.01549734
v -0.27152203 -0.10553649 0.02139661
v -0.28410719 -0.09713703 0.03699697
v -0.29838722 -0.08717377 0.05715757
v -0.31746161 -0.07462606 0.05775689
v -0.33750049 -0.06038348 0.06470491
v -0.35379375 -0.04813542 0.06189577
v -0.19908245 -0.14906016 0.00989770
v -0.22281071 -0.13515469 0.01757614
v -0.24913282 -0.11944198 0.02101268
v 0.07028116 0.22767059 -0.25332318
v 0.07368966 0.22638772 -0.23416454
v 0.07275324 0.22700576 -0.21181276
v 0.06115132 0.23203419 -0.19811324
v 0.04391227 0.23927256 -0.17183805
v 0.03673949 0.24240948 -0.15479558
v 0.07745398 0.22626602 -0.31987281
v 0.07567480 0.22665927 -0.29377547
v 0.08880308 0.22017943 -0.27231328
v 0.04239532 0.24041494 -0.13863340
v 0.03355574 0.24351442 -0.12030813
v -0.05809870 0.27224305 -0.06974274
v -0.03642111 0.26640930 -0.07632563
v -0.00673738 0.25775700 -0.06572567
v 0.01228080 0.25188581 -0.08382619
v -0.02509073 0.26292593 -0.05138939
v 0.02365801 0.24770010 -0.10201101
v -0.10799922 0.28441619 -0.05027512
v -0.08342819 0.27821726 -0.05914278
v -0.11210063 0.28448174 -0.02343797
v -0.13116568 0.28736583 -0.01103076
v -0.18515823 0.29192607 0.00409202
v -0.16487591 0.29104584 -0.00072106
v -0.23077945 0.29508171 0.02291359
v -0.19139465 0.29244109 0.02540439
v -0.21240737 0.29400487 0.02865369
v -0.14594200 0.28919180 0.00373617
v -0.36096656 0.25950807 0.06391835
v -0.35772662 0.25800044 0.04551820
v -0.36961884 0.25108049 0.07675635
v -0.34545047 0.27072607 0.04312099
v -0.33802486 0.27649428 0.04172581
v -0.28378881 0.29522216 0.01778218
v -0.28243105 0.29573718 0.03799893
v -0.29942662 0.29373332 0.05580918
v -0.32870773 0.28474393 0.06370302
v -0.25897433 0.29567167 0.03171574
v -0.36576091 -0.03742306 0.08659790
v -0.38031251 -0.02570875 0.07336660
v -0.41971603 0.01486530 0.05164222
v -0.40972468 0.00400311 0.08200015
v -0.39612822 -0.00991173 0.08642929
v -0.42130790 0.01738418 0.06308498
v -0.42538121 0.02346140 0.07186834
v -0.43325633 0.03883701 0.09659861
v -0.42479130 0.02312431 0.08815232
v -0.43928670 0.05940965 0.10998907
v -0.43423952 0.11302765 0.09671092
v -0.44106586 0.07626476 0.13323973
v -0.43634641 0.10943190 0.11703076
v -0.41854555 0.15721619 0.10961451
v -0.40525809 0.18692803 0.10947405
v -0.39351569 0.21254782 0.10514785
v -0.38384272 0.22792342 0.08217811
v -0.42869608 0.13264516 0.12074821
v 0.08404619 -0.20667661 -0.89420183
v 0.10925398 -0.20596495 -0.89261931
v 0.11088331 -0.17416494 -0.87911648
v 0.13639072 -0.16162660 -0.87119458
v 0.16597143 -0.16108349 -0.86851651
v 0.17510135 -0.11684816 -0.86422780
v 0.12652110 -0.30372467 -0.75687939
v 0.14556743 -0.30352803 -0.74206563
v 0.12770095 -0.30612183 -0.72140869
v 0.13298225 -0.30354676 -0.69433752
v 0.08677111 -0.27068863 -0.88532483
v 0.08303490 -0.25134268 -0.89245075
v 0.09783930 -0.22679037 -0.89527868
v 0.10978772 -0.27828280 -0.88179462
v 0.11785009 -0.30281637 -0.84878663
v 0.13119372 -0.30248861 -0.83652921
v 0.11982587 -0.29030612 -0.87150358
v 0.12972356 -0.30358419 -0.80784740
v 0.12980786 -0.30275083 -0.78145980
v 0.14457482 -0.29981988 -0.65657268
v 0.13174621 -0.29454798 -0.62758188
v 0.14641951 -0.29316213 -0.60109124
v 0.11911420 -0.28591443 -0.57375784
v 0.10430981 -0.28207519 -0.55088168
v 0.11270927 -0.28060506 -0.51328536
v 0.09296068 -0.27589499 -0.48406985
v 0.09501140 -0.27540805 -0.45949879
v 0.10166916 -0.27596054 -0.43216541
v 0.11910485 -0.27935965 -0.39481259
v 0.10207180 -0.27571705 -0.35702902
v 0.08065644 -0.27021104 -0.33217708
v 0.06848330 -0.26727077 -0.30945074
v 0.05857621 -0.26463951 -0.29120973
v 0.03345273 -0.25744799 -0.26041173
v 0.05410027 -0.26324428 -0.26578662
v 0.02245944 -0.25416123 -0.23664598
v 0.18766773 -0.07008454 -0.86349741
v 0.17445523 -0.05699373 -0.86526718
v 0.18356636 -0.02177589 -0.87240253
v 0.19661969 -0.00875999 -0.87549265
v 0.18516757 0.01333895 -0.87729989
v 0.18722766 0.03555028 -0.88077393
v 0.21431757 0.07709816 -0.89546601
v 0.21041280 0.02811527 -0.88278720
v 0.22697768 0.03422994 -0.88812464
v 0.20380183 0.10272731 -0.89510078
v 0.16834057 0.11967609 -0.89457641
v 0.19089831 0.14020186 -0.89073721
v 0.16971703 0.16122394 -0.88852727
v 0.15945412 0.17955857 -0.88587731
v 0.14010820 0.20399851 -0.87965961
v 0.14957514 0.19652607 -0.88117656
v 0.15178504 0.21513225 -0.86500500
v 0.14179372 0.22499251 -0.85189545
v 0.13723348 0.22757697 -0.82988084
v 0.10864533 0.24848670 -0.81416807
v 0.11974160 0.24184763 -0.80136759
v 0.09995557 0.25232593 -0.78042042
v 0.11026527 0.24875825 -0.76352782
v 0.10514321 0.24958226 -0.74251507
v 0.17391213 0.20580576 -0.65731242
v 0.16916457 0.20635822 -0.64357549
v 0.17867834 0.19934464 -0.63119637
v 0.16170152 0.20739762 -0.62345238
v 0.15979126 0.20523455 -0.60232726
v 0.14945341 0.20695754 -0.57665128
v 0.15224391 0.20389549 -0.56230572
v 0.15665434 0.20419515 -0.58431101
v 0.14746827 0.20331496 -0.53421385
v 0.15599886 0.20072114 -0.55042281
v 0.14894782 0.20354904 -0.54256648
v 0.14464976 0.20339922 -0.51956862
v 0.15070820 0.19946634 -0.51218045
v 0.15651388 0.19769656 -0.52522446
v 0.16271278 0.21336247 -0.66689178
v 0.15996914 0.21567538 -0.67461703
v 0.12855310 0.23549888 -0.71177319
v 0.16103669 0.21866248 -0.70597695
v 0.14917250 0.22578844 -0.71530339
v 0.16041865 0.21784780 -0.69538629
v 0.16224462 0.21542255 -0.68252957
v 0.15836793 0.19470010 -0.50396823
v 0.16054975 0.19235911 -0.48757198
v 0.16226334 0.19098261 -0.48081117
v 0.16272221 0.18950310 -0.46214880
v 0.13842269 0.20036529 -0.42825128
v 0.14360097 0.19691935 -0.40774419
v 0.13319761 0.20132042 -0.38890393
v 0.15231878 0.19407274 -0.44526557
v 0.16262855 0.18885702 -0.44851486
v 0.12885273 0.20223809 -0.36045624
v 0.10798047 0.21230435 -0.34954722
v 0.10715646 0.21276318 -0.32270075
v -0.01054853 -0.24367361 -0.19553821
v 0.03442658 -0.25712024 -0.21064227
v 0.01756210 -0.25204497 -0.18800958
v -0.00203669 -0.24587413 -0.14851238
v -0.03310627 -0.23512432 -0.12194685
v -0.01989373 -0.23944109 -0.08306769
v -0.03569073 -0.23373845 -0.05931131
v -0.04875346 -0.22882235 -0.03757757
v -0.06418525 -0.22252041 -0.02284808
v -0.09173403 -0.20970116 0.00547791
v -0.07295928 -0.21846582 -0.00117985
v -0.11601476 -0.19782767 0.00507526
v -0.17603775 -0.16325593 0.00696674
v -0.15593332 -0.17511071 0.01365265
v -0.13183987 -0.18910982 0.02272634
v -0.25297204 -0.11679197 0.04050845
v -0.27526761 -0.10161299 0.05903040
v -0.31001728 -0.07871811 0.08492174
v -0.29149533 -0.09088189 0.08173796
v -0.32646036 -0.06737836 0.08373253
v -0.34873722 -0.05051388 0.09549363
v -0.18550471 -0.15704762 0.02855067
v -0.20521583 -0.14563296 0.03238057
v -0.22645329 -0.13279497 0.03679100
v 0.09042304 0.21928049 -0.23989528
v 0.09642533 0.21641512 -0.20753343
v 0.08577854 0.22117200 -0.18516293
v 0.06578646 0.23021758 -0.16430942
v 0.08945855 0.21999215 -0.30620144
v 0.10287713 0.21389620 -0.29201502
v 0.10750292 0.21159269 -0.24739576
v 0.11111738 0.20961687 -0.27022512
v 0.07986051 0.22452432 -0.15033835
v 0.05454974 0.23634164 -0.12462490
v 0.03873399 0.24186638 -0.09499740
v -0.06285558 0.27356336 -0.04711006
v -0.04002626 0.26728013 -0.05727001
v 0.01185008 0.25191389 -0.06122158
v 0.00671863 0.25458261 -0.03901961
v -0.01010841 0.25943316 -0.03465605
v 0.03069973 0.24579922 -0.06759843
v -0.04413703 0.26842255 -0.03557371
v -0.02652342 0.26448967 -0.02411224
v -0.08595646 0.27916301 -0.03002086
v -0.10261494 0.28264641 -0.00997264
v -0.12154889 0.28533386 0.00509398
v -0.16894923 0.29047467 0.02473020
v -0.25344959 0.29491318 0.04863640
v -0.22977749 0.29407045 0.05082758
v -0.18055118 0.29105527 0.04154785
v -0.20532819 0.29271264 0.05221340
v -0.14946284 0.28883595 0.02650002
v -0.12604358 0.28745949 0.02225812
v -0.34755736 0.27116618 0.05278464
v -0.34630260 0.27418137 0.06417118
v -0.34714534 0.27512714 0.07773960
v -0.35367205 0.27120362 0.08906998
v -0.37692274 0.24210046 0.09455725
v -0.36339184 0.26248581 0.09733831
v -0.27376938 0.29519408 0.05362736
v -0.32451268 0.28800258 0.08053003
v -0.29644890 0.29450117 0.07638179
v -0.38077133 -0.02371422 0.10568159
v -0.36289555 -0.03846246 0.11527966
v -0.41344217 0.00845097 0.09808745
v -0.39824446 -0.00640964 0.11181504
v -0.42537186 0.02442590 0.09633635
v -0.42664535 0.02692606 0.10685209
v -0.43190791 0.03674885 0.12163780
v -0.43786339 0.05523329 0.14320301
v -0.43895897 0.09663137 0.14556271
v -0.43924924 0.06656371 0.16503041
v -0.43365895 0.11787820 0.14113357
v -0.41769342 0.15804959 0.13697597
v -0.40992132 0.17600965 0.13344576
v -0.40094130 0.19529938 0.14618075
v -0.39310365 0.21313775 0.13005602
v -0.38329958 0.23369163 0.11831356
v -0.42453846 0.14155028 0.15000122
v 0.11785944 -0.23539587 -0.89459511
v 0.14127870 -0.21752943 -0.89345274
v 0.13483630 -0.18389410 -0.88059603
v 0.15186934 -0.20002818 -0.88712272
v 0.18986827 -0.19795876 -0.88480981
v 0.19524316 -0.14924744 -0.86608185
v 0.19822091 -0.10828013 -0.86323522
v 0.15884551 -0.30131813 -0.76750746
v 0.15118579 -0.30701142 -0.72575356
v 0.17022269 -0.30380895 -0.74045499
v 0.15378897 -0.30729234 -0.70951650
v 0.15512799 -0.30456742 -0.68377499
v 0.11250327 -0.26275736 -0.88956666
v 0.13119372 -0.27736512 -0.88374230
v 0.13448048 -0.29473527 -0.86809512
v 0.15421033 -0.30043791 -0.85498556
v 0.15823683 -0.30241371 -0.82537676
v 0.15537147 -0.30214215 -0.79542142
v 0.17307870 -0.30264782 -0.65565500
v 0.15390135 -0.29683278 -0.62344298
v 0.17616882 -0.30033490 -0.63398679
v 0.14515536 -0.29055895 -0.57881438
v 0.16732924 -0.29553121 -0.59859102
v 0.13795450 -0.28642006 -0.54643381
v 0.12932092 -0.28238422 -0.49728236
v 0.15809638 -0.28825542 -0.51496151
v 0.12849692 -0.28156955 -0.47015501
v 0.13538879 -0.28255274 -0.43698784
v 0.13835714 -0.28341423 -0.39995340
v 0.12262569 -0.28034288 -0.35672936
v 0.14568916 -0.28551177 -0.37281663
v 0.11541547 -0.27869481 -0.32613732
v 0.09429038 -0.27343225 -0.30842070
v 0.09440272 -0.27337609 -0.28595658
v 0.07449495 -0.26793562 -0.26536526
v 0.04508277 -0.26045381 -0.23216061
v 0.07274389 -0.26762660 -0.23786327
v 0.22133118 -0.09116282 -0.86525784
v 0.22260469 -0.05631016 -0.86941546
v 0.19867977 -0.03806917 -0.87043615
v 0.21365273 0.00295431 -0.87719691
v 0.23415047 -0.01827376 -0.87516495
v 0.22395307 0.11167923 -0.89252568
v 0.23440330 0.06797764 -0.89555964
v 0.24472235 0.08623737 -0.89391153
v 0.24083630 0.00843226 -0.88306808
v 0.25093068 0.03159868 -0.89198262
v 0.24641723 0.05132853 -0.89463257
v 0.21210767 0.13958386 -0.88925766
v 0.18254568 0.17381847 -0.88404195
v 0.20964495 0.16103666 -0.88242197
v 0.19424127 0.16773192 -0.88366738
v 0.17426791 0.18455893 -0.88126083
v 0.15971631 0.19846441 -0.87754337
v 0.17894053 0.20708863 -0.85903079
v 0.16708577 0.21400858 -0.84024674
v 0.15701955 0.21755754 -0.82725893
v 0.13432128 0.22979622 -0.80151738
v 0.13099708 0.23625734 -0.77046649
v 0.13125927 0.23772750 -0.74462196
v 0.18351949 0.20325877 -0.68015111
v 0.19423191 0.19367942 -0.65742478
v 0.20360522 0.18306070 -0.62500678
v 0.17907163 0.19571142 -0.60890078
v 0.16643966 0.19985027 -0.58943310
v 0.15936989 0.20176054 -0.57727868
v 0.16819068 0.19602980 -0.57058345
v 0.15803080 0.19823966 -0.53614280
v 0.18471814 0.18514886 -0.55662178
v 0.17188013 0.19004619 -0.53208822
v 0.16348999 0.19370753 -0.51891311
v 0.16539090 0.19306141 -0.52529000
v 0.17503576 0.21187359 -0.71244741
v 0.16292817 0.21930860 -0.72080939
v 0.16750713 0.21540383 -0.70667922
v 0.14901333 0.22876618 -0.74467812
v 0.16027820 0.22233314 -0.73434034
v 0.16127073 0.22094729 -0.72698028
v 0.17501705 0.21056265 -0.70034920
v 0.17071899 0.18984019 -0.51632869
v 0.17087816 0.18850117 -0.50487654
v 0.16690788 0.18949374 -0.49351808
v 0.17857532 0.18026088 -0.45540677
v 0.16423912 0.18702165 -0.42792354
v 0.15091424 0.19345470 -0.41633097
v 0.15885487 0.18875400 -0.40486010
v 0.15414482 0.19115118 -0.39675094
v 0.15389199 0.19059869 -0.37655286
v 0.14416282 0.19531814 -0.36139262
v 0.16517550 0.18697486 -0.43678187
v 0.12591245 0.20353968 -0.33910639
v 0.14019250 0.19666652 -0.32803820
v 0.12331863 0.20421390 -0.30312071
v 0.06801511 -0.26588492 -0.20150306
v 0.04682447 -0.26005117 -0.18039665
v 0.03503522 -0.25685806 -0.16297968
v 0.04171174 -0.25795364 -0.13431663
v 0.01369477 -0.25022837 -0.12524294
v -0.00714003 -0.24374852 -0.10975496
v 0.01972517 -0.25174533 -0.09678586
v 0.00610059 -0.24717572 -0.05906784
v -0.01120400 -0.24177272 -0.05356185
v -0.02423862 -0.23775557 -0.03710006
v -0.03781636 -0.23268031 -0.01711734
v -0.04240472 -0.23047979 0.00897067
v -0.10603280 -0.20277184 0.02234242
v -0.08546019 -0.21270700 0.02576024
v -0.06602061 -0.22111583 0.02866305
v -0.17203934 -0.16508190 0.03303604
v -0.15428527 -0.17593474 0.03551749
v -0.13865684 -0.18487731 0.04732545
v -0.11902062 -0.19569268 0.04938546
v -0.24333650 -0.12224178 0.05236321
v -0.24982573 -0.11717589 0.07448087
v -0.26884395 -0.10522749 0.08013674
v -0.31526106 -0.07432642 0.10622476
v -0.29088669 -0.09043242 0.10586891
v -0.27493052 -0.10062042 0.10259154
v -0.33546849 -0.05990591 0.10678657
v -0.34731390 -0.05049514 0.11948413
v -0.19414764 -0.15178508 0.05262547
v -0.17431478 -0.16382712 0.06327223
v -0.21117133 -0.14137236 0.05555635
v -0.22997415 -0.12969550 0.06815089
v 0.11056493 0.20992589 -0.22487545
v 0.12403030 0.20319322 -0.19860019
v 0.11278418 0.20893332 -0.16736204
v 0.09990874 0.21560047 -0.15592864
v 0.12597800 0.20253775 -0.28188328
v 0.12727959 0.20181673 -0.26195679
v 0.13751438 0.19667591 -0.24418397
v 0.08712695 0.22156529 -0.12875443
v 0.06046776 0.23332643 -0.10908077
v 0.05330431 0.23671617 -0.08149456
v -0.06391370 0.27382555 -0.02796078
v 0.02791863 0.24696972 -0.04492831
v 0.03031581 0.24575239 -0.02791399
v 0.01438771 0.25137079 -0.01747319
v -0.00468666 0.25693296 -0.01117121
v 0.04457710 0.24054604 -0.05567809
v -0.05466212 0.27132539 -0.01004758
v -0.03481990 0.26641866 -0.00273427
v -0.07577786 0.27637254 -0.01162072
v -0.08200486 0.27870417 0.00467262
v -0.10390717 0.28332996 0.01263197
v -0.15384516 0.28838651 0.05148305
v -0.24310242 0.29392057 0.06906855
v -0.27935967 0.29459483 0.08045508
v -0.25079022 0.29400487 0.08391042
v -0.21523528 0.29294675 0.06650281
v -0.17895930 0.29056833 0.06754221
v -0.13532324 0.28899519 0.04463797
v -0.11639868 0.28420080 0.03926308
v -0.33904555 0.28184109 0.09949206
v -0.35248280 0.27351653 0.10510106
v -0.37461922 0.24889871 0.11991485
v -0.36215578 0.26578190 0.12175017
v -0.31116903 0.29231936 0.09638322
v -0.28471585 0.29415468 0.10824733
v -0.39661516 -0.00768312 0.13242508
v -0.37302734 -0.02932324 0.12874507
v -0.35848513 -0.04095326 0.14533796
v -0.42534378 0.02539036 0.11736782
v -0.41255261 0.00867569 0.12049538
v -0.42746941 0.03093385 0.15575068
v -0.42560597 0.02652342 0.13808095
v -0.43066250 0.03837818 0.16916929
v -0.43782592 0.09132199 0.17445988
v -0.43477327 0.10844869 0.17004944
v -0.43101834 0.04102819 0.18374896
v -0.43761994 0.07290309 0.18560301
v -0.42966054 0.12763544 0.16112564
v -0.41230916 0.16967959 0.16709985
v -0.40348828 0.18911917 0.16583569
v -0.39080012 0.21777290 0.16381305
v -0.38627734 0.22763316 0.14810974
v -0.37399184 0.24973207 0.14453267
v -0.42641125 0.13268259 0.18027491
v -0.41838635 0.15389199 0.18444187
v 0.13411528 -0.25522872 -0.89190769
v 0.13934035 -0.23878561 -0.89369616
v 0.15839601 -0.24402944 -0.89312498
v 0.17207674 -0.21711742 -0.89233843
v 0.21042216 -0.22087236 -0.89094316
v 0.22239865 -0.19108562 -0.88096119
v 0.20589942 -0.17011035 -0.87168156
v 0.22968381 -0.15501565 -0.86898472
v 0.22414039 -0.12526636 -0.86649390
v 0.18122537 -0.30534462 -0.79002782
v 0.18910978 -0.30662750 -0.76908999
v 0.17646845 -0.30917448 -0.71513489
v 0.20565595 -0.31027945 -0.74213114
v 0.19410081 -0.30968015 -0.72551016
v 0.18141262 -0.30685222 -0.68628449
v 0.14671913 -0.28898581 -0.87447195
v 0.14912571 -0.27808616 -0.88387340
v 0.16437022 -0.29588702 -0.86746777
v 0.18199322 -0.30342502 -0.85592198
v 0.18769588 -0.30702077 -0.83994709
v 0.19507463 -0.30971761 -0.81620946
v 0.19714407 -0.30535401 -0.66407322
v 0.20554357 -0.30405240 -0.64821067
v 0.18593542 -0.29861194 -0.60884457
v 0.21445802 -0.30298493 -0.62994157
v 0.16857461 -0.29250664 -0.56342003
v 0.19573946 -0.29784408 -0.58947993
v 0.17330345 -0.29166389 -0.53547797
v 0.16081194 -0.28804940 -0.48159777
v 0.19061740 -0.29347113 -0.50001663
v 0.17245130 -0.29043721 -0.44903928
v 0.16892110 -0.29047467 -0.40191047
v 0.14439690 -0.28567094 -0.33891914
v 0.17292889 -0.29218825 -0.36016594
v 0.13539815 -0.28370453 -0.30725956
v 0.12828152 -0.28185982 -0.27344634
v 0.10138825 -0.27487430 -0.26448503
v 0.08597518 -0.27112872 -0.25012067
v 0.09201494 -0.27219623 -0.22532496
v 0.24438522 -0.10992819 -0.86832926
v 0.24617376 -0.08096546 -0.86910646
v 0.25017218 -0.04954003 -0.87224339
v 0.26295397 -0.03132711 -0.87602643
v 0.26857233 -0.00501440 -0.88504388
v 0.23607945 0.12764480 -0.88850857
v 0.24351442 0.11083648 -0.89078402
v 0.27630700 0.05734956 -0.89377109
v 0.27189656 0.08348438 -0.89153311
v 0.26508899 0.10496528 -0.88861155
v 0.27594179 0.01658825 -0.89257249
v 0.26904055 0.03923029 -0.89469815
v 0.23686602 0.14088545 -0.88358310
v 0.22264212 0.15865823 -0.87953787
v 0.22997415 0.14938790 -0.88166353
v 0.19131031 0.19011174 -0.87080131
v 0.20996336 0.17932449 -0.87099798
v 0.19014918 0.20640505 -0.84355216
v 0.20048702 0.20355839 -0.81543225
v 0.17987691 0.20942962 -0.80033755
v 0.15847095 0.21739833 -0.79309916
v 0.14424709 0.22564798 -0.77979300
v 0.15524037 0.22425277 -0.76174863
v 0.19252767 0.20017804 -0.69581703
v 0.20797815 0.18809853 -0.67781012
v 0.21175189 0.18232096 -0.65596400
v 0.22598508 0.16768509 -0.62094282
v 0.22821369 0.16953914 -0.64432460
v 0.21204216 0.17363119 -0.59908733
v 0.18830449 0.18783634 -0.59272923
v 0.18903491 0.18496157 -0.57510622
v 0.20786584 0.17294764 -0.57297127
v 0.19000872 0.17969906 -0.53500038
v 0.18475557 0.20783773 -0.72204545
v 0.18113171 0.20833403 -0.71075256
v 0.18173103 0.21100276 -0.73279528
v 0.16525980 0.22097536 -0.74715960
v 0.17420240 0.21605931 -0.74327358
v 0.18162801 0.18262062 -0.50951172
v 0.19419447 0.17389338 -0.49343378
v 0.17883759 0.17907166 -0.43004917
v 0.19728452 0.16832181 -0.42811082
v 0.20309020 0.16645841 -0.46047264
v 0.16739476 0.18502712 -0.42164035
v 0.16178575 0.18761158 -0.41419598
v 0.16252553 0.18673139 -0.40045906
v 0.16190749 0.18710596 -0.39392300
v 0.16257232 0.18645984 -0.38688132
v 0.17465184 0.17991442 -0.37518573
v 0.16674864 0.18314496 -0.35961345
v 0.15690717 0.18846370 -0.34157847
v 0.16432342 0.18314496 -0.32419898
v 0.15200979 0.18991514 -0.31169810
v 0.13993031 0.19622644 -0.29660341
v 0.09591970 -0.27290788 -0.20643787
v 0.08381208 -0.26945257 -0.18031242
v 0.07287498 -0.26636247 -0.15087209
v 0.07725733 -0.26691494 -0.12435335
v 0.06502801 -0.26366565 -0.09871485
v 0.05996210 -0.26187714 -0.07506148
v 0.03198257 -0.25420805 -0.04975074
v 0.00449938 -0.24686672 -0.02826040
v 0.02417303 -0.25262554 -0.03493695
v -0.01398507 -0.24030257 -0.00461647
v -0.01996864 -0.23806459 0.02708055
v -0.04986776 -0.22739905 0.04632349
v -0.08416796 -0.21325010 0.05619311
v -0.15818066 -0.17335028 0.05610881
v -0.14242115 -0.18261122 0.07101626
v -0.10711903 -0.20197591 0.06891874
v -0.13376886 -0.18756476 0.08995950
v -0.23448756 -0.12575326 0.09937032
v -0.25754164 -0.11136087 0.10701133
v -0.32543971 -0.06680716 0.12689095
v -0.29743209 -0.08539461 0.12236821
v -0.27722468 -0.09826069 0.13680744
v -0.26258881 -0.10750292 0.12662883
v -0.34246336 -0.05336987 0.14247259
v -0.18599163 -0.15642024 0.07596978
v -0.21157397 -0.14049215 0.07767402
v -0.15962273 -0.17221724 0.08283358
v -0.21350296 -0.13887218 0.09747877
v 0.13615661 0.19730328 -0.22270306
v 0.14461226 0.19270560 -0.19966766
v 0.12958311 0.20071178 -0.16932846
v 0.11016228 0.21104023 -0.12940054
v 0.12725151 0.20220065 -0.14174225
v 0.14807695 0.19142273 -0.26918572
v 0.15953842 0.18549535 -0.24083166
v 0.08362483 0.22321337 -0.11018568
v 0.10302694 0.21442998 -0.10532581
v 0.07709813 0.22681848 -0.09215075
v 0.06525273 0.23174393 -0.06899368
v 0.04965237 0.23946920 -0.02786712
v 0.02950113 0.24675432 -0.00626448
v 0.00924690 0.25382412 0.00653602
v -0.01154110 0.25987327 0.01167687
v 0.06036475 0.23510560 -0.04213781
v -0.06078614 0.27419072 0.01827841
v -0.03290963 0.26659658 0.01634949
v -0.08876568 0.27889146 0.03387877
v -0.16077450 0.28840523 0.07742119
v -0.13805755 0.28712236 0.06718636
v -0.22716495 0.29286245 0.08907934
v -0.26185841 0.29376140 0.10214203
v -0.23580789 0.29293739 0.10650567
v -0.21236054 0.29218826 0.08968795
v -0.18674075 0.29040916 0.09495053
v -0.09434657 0.28035222 0.05552828
v -0.11643615 0.28368578 0.06689609
v -0.35121869 0.27484623 0.12287388
v -0.32570189 0.28855504 0.12033621
v -0.33213492 0.28623280 0.13492524
v -0.35945896 0.26791689 0.15010424
v -0.35099393 0.27512714 0.14434542
v -0.30909021 0.29285309 0.11084115
v -0.27075418 0.29358351 0.12817382
v -0.30070010 0.29393936 0.13001858
v -0.37796213 -0.02437907 0.14801608
v -0.39198937 -0.01130698 0.14962665
v -0.40929394 0.00598825 0.14926152
v -0.37337381 -0.02794674 0.16728709
v -0.33956053 -0.05461529 0.17688517
v -0.35536693 -0.04247023 0.17569595
v -0.41862045 0.01870452 0.17102333
v -0.42383619 0.02692606 0.17761558
v -0.43284429 0.10346705 0.19720494
v -0.42278742 0.02670134 0.19218583
v -0.42482876 0.03334974 0.21033321
v -0.43435191 0.06170381 0.20552950
v -0.43399607 0.08766069 0.20714943
v -0.40714962 0.17956797 0.19200794
v -0.39622185 0.20435436 0.18173567
v -0.38050915 0.23288635 0.18982619
v -0.37879553 0.24078015 0.16477757
v -0.36882291 0.25597783 0.16137847
v -0.42291851 0.13283244 0.20654082
v -0.41223423 0.16296564 0.20675622
v 0.16339640 -0.27158755 -0.88768455
v 0.17997993 -0.24825259 -0.89244140
v 0.19342655 -0.24284020 -0.89242271
v 0.22213646 -0.23473102 -0.89164550
v 0.23564866 -0.21259462 -0.88781565
v 0.24327095 -0.16686106 -0.87347938
v 0.25216668 -0.19604851 -0.88358310
v 0.25005981 -0.13417146 -0.86896595
v 0.21182676 -0.31190878 -0.78993418
v 0.21736090 -0.31034499 -0.76188914
v 0.20459776 -0.30976443 -0.70328946
v 0.22702448 -0.30827557 -0.72702709
v 0.21127431 -0.30768562 -0.67889635
v 0.16493203 -0.28947272 -0.87499639
v 0.18012039 -0.29237554 -0.87295501
v 0.19113242 -0.29270327 -0.87319850
v 0.19971917 -0.29596195 -0.86994918
v 0.21378383 -0.29939853 -0.86586648
v 0.20729460 -0.31182450 -0.82962801
v 0.21804445 -0.30828491 -0.84767232
v 0.22464605 -0.30904339 -0.82581685
v 0.22567609 -0.30587837 -0.65434405
v 0.21451424 -0.30143987 -0.61246843
v 0.24025577 -0.30538209 -0.64559810
v 0.25247574 -0.30419287 -0.62597127
v 0.22436507 -0.30105594 -0.59790749
v 0.21303469 -0.29826548 -0.56825182
v 0.21514164 -0.29754447 -0.54137727
v 0.20386741 -0.29593387 -0.45988275
v 0.22425277 -0.29864002 -0.48408857
v 0.22295111 -0.29822801 -0.50698345
v 0.20324002 -0.29656124 -0.42762392
v 0.20478508 -0.29828421 -0.37954933
v 0.17492339 -0.29306847 -0.32817865
v 0.20408281 -0.29819058 -0.33910639
v 0.17378097 -0.29314340 -0.30163184
v 0.15952907 -0.29001582 -0.28885002
v 0.14166262 -0.28527767 -0.24494246
v 0.12014425 -0.27947201 -0.24050396
v 0.11612710 -0.27813298 -0.21906984
v 0.26455525 -0.11392660 -0.86964953
v 0.26397465 -0.07147041 -0.87061405
v 0.27770224 -0.09490840 -0.87078261
v 0.28300219 -0.06306157 -0.87261790
v 0.29676722 -0.05469956 -0.87782426
v 0.29470714 -0.02956669 -0.88320859
v 0.30240430 -0.00693402 -0.89077460
v 0.25788806 0.12532253 -0.88366738
v 0.24883316 0.13309463 -0.88323663
v 0.28997837 0.03829391 -0.89391153
v 0.30880930 0.06217200 -0.88995058
v 0.29284373 0.07576846 -0.89002551
v 0.29178562 0.10040504 -0.88246878
v 0.26877836 0.12500415 -0.87971578
v 0.27543613 0.11485362 -0.88186013
v 0.28494990 0.10690363 -0.88187890
v 0.30055025 0.01784301 -0.89360253
v 0.23679108 0.15679479 -0.87454688
v 0.25503205 0.15172889 -0.86859144
v 0.22481458 0.17291017 -0.86758945
v 0.20574954 0.19452217 -0.85659621
v 0.22665927 0.17821015 -0.85845961
v 0.21705184 0.18698418 -0.85493875
v 0.20677022 0.19841758 -0.84579956
v 0.20467270 0.20121740 -0.82863543
v 0.22133118 0.18708720 -0.81804475
v 0.21338118 0.19528067 -0.80366173
v 0.20176054 0.20245345 -0.79865198
v 0.18405330 0.20860558 -0.78212462
v 0.17644973 0.21380258 -0.76607480
v 0.17061597 0.21822237 -0.75260009
v 0.20777218 0.19287413 -0.71056524
v 0.22694018 0.17614075 -0.68380307
v 0.22548878 0.18104744 -0.70784970
v 0.23137868 0.17017590 -0.66453205
v 0.23888860 0.15427591 -0.59197073
v 0.24869271 0.15018382 -0.61597056
v 0.24572432 0.15637343 -0.64248929
v 0.21235114 0.16617747 -0.53793133
v 0.21931796 0.16388331 -0.55953398
v 0.19737818 0.20234111 -0.73460253
v 0.18430606 0.21122748 -0.75022160
v 0.21959887 0.15769374 -0.49230075
v 0.17298504 0.18160930 -0.41060020
v 0.17056918 0.18307006 -0.41526346
v 0.22106899 0.15420097 -0.43418802
v 0.22806388 0.14945344 -0.42099423
v 0.20190099 0.16497890 -0.39750939
v 0.19210631 0.17085009 -0.40405481
v 0.23371967 0.14754321 -0.47474333
v 0.24561194 0.13886284 -0.45706417
v 0.17566316 0.17971778 -0.40000023
v 0.17157114 0.18151567 -0.38671275
v 0.18727445 0.17240451 -0.38028907
v 0.17926831 0.17732060 -0.36849985
v 0.18043880 0.17592539 -0.36026896
v 0.18169352 0.17489535 -0.34612936
v 0.17278843 0.17950242 -0.34332018
v 0.17959601 0.17702094 -0.31829967
v 0.17968031 0.17632799 -0.32860005
v 0.17922144 0.17634675 -0.30543359
v 0.16023133 0.18546723 -0.29025463
v 0.12437675 -0.27968738 -0.19565059
v 0.11180097 -0.27630700 -0.17856132
v 0.09886934 -0.27272060 -0.15414010
v 0.10777446 -0.27411583 -0.12657261
v 0.09098489 -0.26957431 -0.10308784
v 0.08723930 -0.26790753 -0.06569752
v 0.05174053 -0.25887130 -0.05129581
v 0.07051527 -0.26360010 -0.05374910
v 0.05749938 -0.26057555 -0.03192177
v 0.03166423 -0.25352449 -0.01307212
v 0.00333824 -0.24539657 0.00623640
v 0.02639232 -0.25181089 0.00596485
v 0.00589459 -0.24580858 0.02766115
v -0.01619496 -0.23891671 0.05612753
v -0.05295789 -0.22606000 0.07604473
v -0.08364358 -0.21324073 0.08899504
v -0.11358950 -0.19848315 0.10157086
v -0.14805823 -0.17892182 0.12767752
v -0.16414552 -0.16960470 0.10556928
v -0.24121091 -0.12115557 0.12202172
v -0.21823175 -0.13561353 0.11995228
v -0.31951231 -0.06976618 0.15066605
v -0.29990417 -0.08314726 0.14670513
v -0.27864800 -0.09676246 0.15958993
v -0.25427363 -0.11264373 0.14790370
v -0.19154444 -0.15278702 0.09339611
v -0.18726513 -0.15512801 0.10941783
v -0.19216248 -0.15191619 0.13075828
v 0.15658875 0.18665645 -0.21623255
v 0.16628049 0.18145012 -0.19521980
v 0.16012839 0.18469002 -0.17406666
v 0.14621354 0.19235911 -0.16746505
v 0.14299233 0.19418508 -0.14530995
v 0.12415203 0.20476636 -0.10702069
v 0.13661544 0.19788384 -0.12174082
v 0.17272285 0.17889374 -0.26435393
v 0.17305062 0.17715203 -0.22494103
v 0.18353828 0.17235771 -0.24308835
v 0.09912217 0.21677097 -0.08578325
v 0.08690220 0.22252042 -0.06507955
v 0.07668613 0.22799833 -0.04392635
v 0.07133931 0.22994604 -0.02061011
v 0.04983029 0.23962837 -0.00290288
v 0.03132710 0.24616443 0.01568459
v 0.01521175 0.25138951 0.02527330
v -0.01272095 0.26050064 0.03287687
v -0.06189109 0.27405967 0.03744647
v -0.03712342 0.26769217 0.03816746
v -0.07656443 0.27738387 0.05301868
v -0.13455543 0.28654182 0.09249716
v -0.16218845 0.28804002 0.10137418
v -0.20550612 0.29149535 0.11214274
v -0.25076213 0.29352736 0.12013017
v -0.22503934 0.29252539 0.12547698
v -0.17611265 0.28923866 0.12166587
v -0.09482415 0.27999640 0.07616639
v -0.07230381 0.27526760 0.08310513
v -0.10952556 0.28255275 0.09085844
v -0.33548723 0.28407910 0.15391535
v -0.30321902 0.29356479 0.16107877
v -0.36021744 0.26520133 0.17377632
v -0.34884023 0.27611971 0.16002065
v -0.27862927 0.29402359 0.15131217
v -0.25077151 0.29319022 0.14497282
v -0.39542591 -0.00684036 0.17524644
v -0.40910668 0.00726176 0.17247473
v -0.37680100 -0.02387341 0.18807509
v -0.35460842 -0.04254515 0.19789785
v -0.33358636 -0.05889461 0.19910585
v -0.31850100 -0.06990663 0.17526516
v -0.40806726 0.00728048 0.19942419
v -0.42922045 0.10068595 0.22133589
v -0.41998760 0.02384533 0.20625991
v -0.41719713 0.02066158 0.21742176
v -0.41635438 0.02110170 0.23088710
v -0.42588688 0.04374374 0.23218869
v -0.43256337 0.06973806 0.22233786
v -0.39716760 0.19050506 0.22316186
v -0.38536904 0.21719233 0.21384470
v -0.36306407 0.25840312 0.19612810
v -0.37014325 0.24096743 0.21958479
v -0.42292786 0.11929213 0.22825584
v -0.41468758 0.13509852 0.24143091
v -0.40704660 0.16121458 0.23607474
v 0.18532674 -0.28008066 -0.88299322
v 0.20229428 -0.26158686 -0.89008168
v 0.23400065 -0.25977961 -0.88999740
v 0.25038758 -0.23365417 -0.89010044
v 0.27697183 -0.17996123 -0.88177585
v 0.26854425 -0.15373280 -0.87656950
v 0.26834764 -0.21510417 -0.88632675
v 0.28595186 -0.12566900 -0.87683168
v 0.24124830 -0.30428650 -0.80557195
v 0.22828863 -0.30777924 -0.77694637
v 0.24063034 -0.30372467 -0.75363948
v 0.23397250 -0.30946478 -0.69835463
v 0.24478787 -0.30368720 -0.72442395
v 0.24070521 -0.30715186 -0.66979460
v 0.20750999 -0.28137288 -0.88198188
v 0.20833400 -0.29490383 -0.87087624
v 0.22620047 -0.29348051 -0.87167214
v 0.23446881 -0.30333139 -0.85565979
v 0.24914214 -0.30217961 -0.83138843
v 0.25914286 -0.30725488 -0.67193891
v 0.28108263 -0.30537274 -0.65635731
v 0.27852625 -0.30395877 -0.62379883
v 0.24811210 -0.30189869 -0.58712019
v 0.27326367 -0.30298493 -0.59690553
v 0.24417926 -0.30052219 -0.55150908
v 0.24439465 -0.30052219 -0.52434423
v 0.22904705 -0.30021319 -0.44898309
v 0.24027449 -0.30105594 -0.46594122
v 0.24690417 -0.30124323 -0.49585907
v 0.22752078 -0.30014765 -0.42288575
v 0.22857890 -0.29973561 -0.39561788
v 0.22679037 -0.29760063 -0.35978201
v 0.19694746 -0.29733845 -0.31278433
v 0.23165030 -0.29540011 -0.33924684
v 0.22262341 -0.29611177 -0.31642691
v 0.19974725 -0.29762871 -0.29311064
v 0.18671264 -0.29632714 -0.26773432
v 0.18146884 -0.29512855 -0.24144970
v 0.15814318 -0.28924800 -0.22543734
v 0.13930292 -0.28418208 -0.21479051
v 0.30289124 -0.09014214 -0.87818949
v 0.30334075 -0.11330858 -0.87836739
v 0.32056104 -0.07387695 -0.88175716
v 0.31820134 -0.05229302 -0.88369549
v 0.32340769 -0.02654213 -0.88850857
v 0.33008417 -0.01098861 -0.89128962
v 0.32422234 0.00940611 -0.89264742
v 0.31328524 0.03871527 -0.89219799
v 0.32934447 0.06214392 -0.88377977
v 0.31862270 0.07904587 -0.88113909
v 0.33047753 0.07458861 -0.87772128
v 0.30483895 0.08555382 -0.88367672
v 0.29599001 0.11719461 -0.86959336
v 0.30837858 0.10913224 -0.86699015
v 0.27466827 0.13823544 -0.86665310
v 0.28374197 0.12685823 -0.87047354
v 0.24325223 0.16458561 -0.86215837
v 0.24917958 0.16256300 -0.85704564
v 0.25865591 0.15656071 -0.85556616
v 0.23466549 0.17240451 -0.85799140
v 0.24634229 0.16672060 -0.84299975
v 0.22740840 0.18129092 -0.83700677
v 0.21296918 0.19545859 -0.83677270
v 0.24849603 0.16387395 -0.81069403
v 0.23107906 0.17624373 -0.79555252
v 0.22679037 0.17954921 -0.77857571
v 0.20617097 0.20029038 -0.78652573
v 0.20239729 0.20202273 -0.77586017
v 0.19561773 0.20560912 -0.76224495
v 0.22697768 0.18375364 -0.73265484
v 0.21297854 0.19337979 -0.74035202
v 0.24562130 0.16407059 -0.68730519
v 0.23970331 0.17224534 -0.71325274
v 0.25293453 0.15356425 -0.65827692
v 0.25937697 0.13863808 -0.59181153
v 0.24910471 0.14459358 -0.57594898
v 0.23134125 0.15447252 -0.54933662
v 0.26040701 0.14282376 -0.62679529
v 0.27538933 0.12930220 -0.61427568
v 0.26901248 0.14116636 -0.65414741
v 0.23665998 0.14792714 -0.51689990
v 0.21341862 0.19465330 -0.75591493
v 0.21486066 0.15691653 -0.39144156
v 0.23031121 0.14759004 -0.39912936
v 0.24782184 0.13646566 -0.41613433
v 0.21104019 0.15939797 -0.38869793
v 0.19129160 0.17048492 -0.38849193
v 0.20498168 0.16279711 -0.38087903
v 0.17834121 0.17800415 -0.39171311
v 0.25042502 0.13632521 -0.48392001
v 0.27310449 0.12007873 -0.46267321
v 0.26313193 0.12646495 -0.43956294
v 0.19757479 0.16652396 -0.37559773
v 0.19044887 0.17000733 -0.36751664
v 0.18543912 0.17267609 -0.35010903
v 0.19730324 0.16622430 -0.34200923
v 0.18448402 0.17235771 -0.33541702
v 0.19064548 0.16975453 -0.32609985
v 0.19182533 0.16886495 -0.30776522
v 0.18509263 0.17310681 -0.30263377
v 0.18024212 0.17475486 -0.28700533
v 0.17121530 0.17909038 -0.28769824
v 0.18606652 0.17141194 -0.29274543
v 0.15406988 -0.28744075 -0.19626856
v 0.14859197 -0.28504356 -0.16312957
v 0.12362765 -0.27818914 -0.14071220
v 0.12474196 -0.27752433 -0.11128130
v 0.11364566 -0.27411583 -0.07903183
v 0.09713699 -0.26904056 -0.04814946
v 0.08620926 -0.26704603 -0.03042351
v 0.05576703 -0.25933014 -0.00296839
v 0.08472978 -0.26581935 -0.00994456
v 0.02148559 -0.24976018 0.04387012
v 0.05901633 -0.25907731 0.03797085
v -0.01466866 -0.23924446 0.08597986
v -0.05266759 -0.22606000 0.10102769
v -0.09291388 -0.20882095 0.12323901
v -0.07016882 -0.21884975 0.12302369
v -0.11667963 -0.19686317 0.12598265
v -0.16939870 -0.16585910 0.13235021
v -0.15730983 -0.17345328 0.15053496
v -0.13629709 -0.18612272 0.15587241
v -0.22893475 -0.12845946 0.14587170
v -0.20605859 -0.14260840 0.14099311
v -0.29447310 -0.08613437 0.18025620
v -0.25073403 -0.11446971 0.16936589
v -0.27692502 -0.09762394 0.18181062
v -0.19307077 -0.15085805 0.16533003
v -0.17750788 -0.16087748 0.15780140
v 0.17358436 0.17757343 -0.21067034
v 0.18145941 0.17363119 -0.19096861
v 0.17748913 0.17525116 -0.18201665
v 0.17437093 0.17757343 -0.17014310
v 0.16979197 0.17990506 -0.16033907
v 0.15667306 0.18720894 -0.15493610
v 0.16197307 0.18422183 -0.16288609
v 0.15644830 0.18738686 -0.14089016
v 0.14980926 0.19107624 -0.12100111
v 0.14754321 0.19271492 -0.10438943
v 0.13487377 0.19975664 -0.09276878
v 0.12602483 0.20431689 -0.07566080
v 0.15569917 0.18817343 -0.10883730
v 0.19028027 0.16890238 -0.25952214
v 0.18364123 0.17253564 -0.28016961
v 0.18562644 0.17193632 -0.27043116
v 0.18585112 0.17099058 -0.22430428
v 0.18988699 0.16841547 -0.23172989
v 0.18453082 0.17202998 -0.21646666
v 0.19744369 0.16515682 -0.25381012
v 0.19932589 0.16454814 -0.24346291
v 0.20224741 0.16273153 -0.23834086
v 0.11076157 0.21180805 -0.07273921
v 0.10155678 0.21564727 -0.05424540
v 0.09138754 0.22109710 -0.03758693
v 0.07367094 0.23037679 0.01207016
v 0.08632163 0.22403737 -0.00921415
v 0.04993331 0.23979690 0.01455160
v 0.03918346 0.24388899 0.03459982
v 0.00816067 0.25406759 0.04534960
v -0.02517503 0.26461141 0.05804715
v -0.01083879 0.26048192 0.05338389
v -0.04850999 0.27020169 0.05730738
v -0.13246727 0.28553050 0.11243301
v -0.11649234 0.28387310 0.10650567
v -0.14859200 0.28661673 0.12617932
v -0.19351089 0.29077429 0.13248123
v -0.23048917 0.29274072 0.14503833
v -0.20687325 0.29164516 0.14980461
v -0.17318175 0.28896711 0.14589985
v -0.08424287 0.27854497 0.10251660
v -0.05474639 0.27171864 0.08194399
v -0.05888527 0.27361955 0.10927738
v -0.09699657 0.28148528 0.11713371
v -0.34115241 0.28020241 0.17436622
v -0.32561762 0.28766545 0.17081730
v -0.27003316 0.29416404 0.17990035
v -0.30592520 0.29267520 0.18830921
v -0.28983793 0.29422027 0.18064948
v -0.34547858 0.27667220 0.18318708
v -0.35126550 0.26980841 0.20023884
v -0.25786000 0.29339619 0.16398165
v -0.22613493 0.29278758 0.16955321
v -0.39623123 -0.00522976 0.21336711
v -0.37280259 -0.02731934 0.21057668
v -0.35955260 -0.03843436 0.22574632
v -0.33634871 -0.05619779 0.23078408
v -0.30946479 -0.07568420 0.19573482
v -0.31352875 -0.07287502 0.21505263
v -0.41082964 0.01186883 0.21846109
v -0.42738513 0.08480468 0.24183355
v -0.41182222 0.01477164 0.23666470
v -0.41198139 0.01723436 0.24991464
v -0.41947258 0.03455767 0.25283623
v -0.42603671 0.05967184 0.24901569
v -0.38973265 0.18746177 0.25665670
v -0.37325206 0.22763316 0.23969860
v -0.35507663 0.26136211 0.22348956
v -0.35880347 0.24357997 0.25404416
v -0.41895756 0.11098632 0.25186241
v -0.40763651 0.12079040 0.27750092
v -0.40599783 0.14188738 0.26322087
v -0.39567875 0.16386459 0.27121766
v 0.22253911 -0.26918102 -0.88746918
v 0.25398329 -0.26918102 -0.88745042
v 0.23947856 -0.29086795 -0.87405063
v 0.27080101 -0.24693226 -0.88985696
v 0.29941719 -0.20908315 -0.88407007
v 0.32351071 -0.18719956 -0.87976259
v 0.30729232 -0.16546582 -0.87931315
v 0.29252532 -0.14297359 -0.87888241
v 0.28583012 -0.22594763 -0.88666386
v 0.26230785 -0.30008210 -0.78089797
v 0.27912557 -0.29910823 -0.79390448
v 0.27377869 -0.29926743 -0.83001193
v 0.25973275 -0.30005399 -0.76107447
v 0.26340348 -0.29947342 -0.74218737
v 0.25873086 -0.30101848 -0.72027567
v 0.25408631 -0.30722679 -0.69628521
v 0.24911407 -0.30113084 -0.85447054
v 0.26899376 -0.29788155 -0.85877795
v 0.27294532 -0.30649640 -0.68584441
v 0.29410789 -0.30465170 -0.68374686
v 0.30403366 -0.30364039 -0.65392269
v 0.30900591 -0.30222642 -0.61825536
v 0.29481016 -0.30281637 -0.60754300
v 0.26269178 -0.30196424 -0.56994669
v 0.28808688 -0.30261035 -0.58472305
v 0.27882587 -0.30187996 -0.54151772
v 0.26327238 -0.30176760 -0.52913858
v 0.26021969 -0.30196424 -0.50904349
v 0.25191385 -0.29923932 -0.43069529
v 0.26161494 -0.29927678 -0.44815905
v 0.27012675 -0.29952962 -0.46835712
v 0.27993086 -0.30033490 -0.49233819
v 0.25691425 -0.29549374 -0.40204156
v 0.24908599 -0.29462291 -0.37582248
v 0.25005981 -0.29062450 -0.34588592
v 0.24676372 -0.29003455 -0.32647442
v 0.21936475 -0.29548439 -0.28440216
v 0.25282216 -0.28446300 -0.30204384
v 0.20750063 -0.29663614 -0.26014018
v 0.21913064 -0.29443562 -0.25050460
v 0.21412096 -0.29547501 -0.22431364
v 0.18468999 -0.29494126 -0.20663448
v 0.19317379 -0.29648632 -0.22362073
v 0.32825820 -0.09736175 -0.87982817
v 0.32068278 -0.13843208 -0.87768381
v 0.33917658 -0.11894567 -0.87770258
v 0.34866228 -0.08284762 -0.88196318
v 0.34757608 -0.05529886 -0.88565252
v 0.35144342 -0.02393895 -0.89010044
v 0.35090025 0.00145608 -0.89125223
v 0.34211689 0.02137325 -0.89053118
v 0.33313686 0.04169302 -0.88903294
v 0.33842745 0.05310770 -0.88361121
v 0.34396158 0.06505608 -0.87554881
v 0.32412868 0.09330717 -0.86671862
v 0.33044938 0.08827873 -0.86586648
v 0.33948557 0.08273524 -0.86211156
v 0.34381177 0.07668613 -0.86499565
v 0.31582291 0.10181901 -0.86680289
v 0.29292804 0.13041651 -0.85852519
v 0.30098105 0.12634321 -0.85374957
v 0.30673050 0.11775646 -0.85815061
v 0.31841673 0.10829884 -0.84595870
v 0.27018297 0.14900397 -0.85558486
v 0.27729017 0.14762748 -0.84712925
v 0.28806810 0.13828227 -0.85273823
v 0.26400273 0.15523101 -0.84493808
v 0.25554707 0.16024073 -0.83049884
v 0.25016283 0.16128013 -0.78074811
v 0.27238351 0.15051160 -0.82186525
v 0.27927538 0.14666302 -0.80587160
v 0.26646545 0.15133560 -0.78689088
v 0.21578769 0.19211567 -0.77303224
v 0.25143634 0.16254428 -0.76003508
v 0.23418790 0.17669320 -0.75956687
v 0.24685731 0.17031635 -0.73878826
v 0.25475114 0.16172960 -0.71374899
v 0.26258876 0.15089552 -0.68168683
v 0.28055818 0.12106194 -0.58462003
v 0.25861848 0.13561351 -0.55714616
v 0.25934889 0.13310399 -0.53490676
v 0.28094211 0.12926477 -0.63782603
v 0.29810625 0.11395468 -0.62400481
v 0.29612111 0.11246580 -0.60596986
v 0.29169196 0.12719533 -0.67162993
v 0.28699126 0.12793507 -0.65515872
v 0.28327374 0.13713049 -0.69130360
v 0.26339412 0.12874039 -0.51253630
v 0.22026370 0.15357361 -0.38986842
v 0.22186491 0.15289002 -0.37826646
v 0.21826920 0.15460365 -0.37423059
v 0.24870199 0.13572589 -0.38575765
v 0.23404745 0.14473403 -0.38057937
v 0.22691210 0.14950963 -0.38039209
v 0.26977097 0.12175485 -0.40174194
v 0.21022555 0.15967891 -0.37252636
v 0.26867535 0.12397414 -0.48788096
v 0.29251596 0.10586423 -0.48160709
v 0.30076565 0.09967466 -0.45094015
v 0.28250589 0.11295275 -0.41792286
v 0.20282801 0.16397697 -0.36437973
v 0.19556157 0.16722626 -0.35758148
v 0.20007502 0.16446388 -0.33139048
v 0.20656425 0.16119586 -0.33571664
v 0.20838079 0.16036246 -0.34847971
v 0.19884830 0.16446388 -0.31979791
v 0.20190099 0.16241319 -0.30711911
v 0.20109570 0.16265662 -0.31466645
v 0.19277115 0.16803155 -0.30092954
v 0.20597429 0.16120522 -0.30136029
v 0.19124480 0.16862148 -0.28451453
v 0.20374568 0.16202926 -0.29317615
v 0.17355629 -0.29172008 -0.18226948
v 0.17654339 -0.29115825 -0.15442108
v 0.15804959 -0.28577395 -0.12922265
v 0.15789034 -0.28402291 -0.08755300
v 0.13641883 -0.27861988 -0.06792620
v 0.12697057 -0.27582945 -0.04427284
v 0.10991881 -0.27197148 -0.03321400
v 0.11904866 -0.27308579 -0.01785705
v 0.10074214 -0.26871284 -0.00265004
v 0.07271581 -0.26257943 0.00860547
v 0.03129902 -0.25180152 0.07789877
v 0.09761458 -0.26723332 0.02490809
v 0.09268913 -0.26542608 0.05074328
v 0.07305291 -0.26063173 0.07846059
v 0.00224265 -0.24380470 0.10064383
v -0.02980082 -0.23389763 0.12061712
v -0.05064497 -0.22661248 0.14258497
v -0.08660258 -0.21169570 0.14446716
v -0.11269056 -0.19885771 0.15597543
v -0.06495310 -0.22112520 0.16004873
v -0.15948225 -0.17220787 0.17219383
v -0.12485434 -0.19293968 0.18959208
v -0.21218263 -0.13888154 0.15637807
v -0.22154659 -0.13289799 0.17387934
v -0.29022186 -0.08854090 0.21212175
v -0.26796372 -0.10312060 0.19676486
v -0.23941303 -0.12156759 0.18519101
v -0.24792485 -0.11625821 0.20181205
v -0.20647061 -0.14247731 0.19237315
v -0.17273228 -0.16407059 0.18584648
v 0.18998065 0.16889302 -0.20420919
v 0.18475557 0.17196439 -0.20059476
v 0.18564516 0.17134639 -0.17489067
v 0.18980276 0.16879004 -0.18620233
v 0.18613203 0.17101865 -0.16194028
v 0.17689917 0.17638422 -0.15832585
v 0.16964216 0.18050435 -0.14987020
v 0.16565309 0.18309817 -0.13599279
v 0.15849902 0.18674075 -0.12242444
v 0.16194493 0.18473685 -0.11721808
v 0.15593328 0.18822023 -0.09507227
v 0.14645694 0.19346406 -0.09660797
v 0.14087606 0.19632942 -0.08620461
v 0.13735521 0.19843634 -0.07763658
v 0.12012553 0.20735082 -0.06226098
v 0.13394675 0.19980347 -0.06622190
v 0.16793792 0.18160930 -0.10786348
v 0.16396757 0.18392221 -0.09573710
v 0.20223805 0.16254428 -0.26990678
v 0.19390413 0.16719815 -0.27411117
v 0.19238722 0.16745098 -0.21228092
v 0.19813668 0.16474482 -0.23006309
v 0.19926974 0.16380840 -0.21761844
v 0.20687324 0.16026884 -0.26352050
v 0.21163952 0.15696336 -0.25085109
v 0.20872728 0.15905152 -0.22645795
v 0.12114621 0.20706052 -0.04520922
v 0.11101440 0.21219197 -0.03301733
v 0.10332660 0.21620912 -0.01502918
v 0.06737836 0.23320469 0.03050773
v 0.09411245 0.22115329 0.00491609
v 0.09207109 0.22315718 0.02572281
v 0.05985908 0.23639780 0.05633356
v 0.04266687 0.24333650 0.05133324
v 0.02812463 0.24761583 0.05984505
v -0.00522979 0.25867467 0.07353513
v 0.01900414 0.25123970 0.07239272
v -0.02964162 0.26530435 0.07982776
v -0.11696989 0.28379815 0.13440086
v -0.14384444 0.28652307 0.15305391
v -0.19997202 0.29161709 0.18526595
v -0.17038191 0.28915436 0.16663162
v -0.08449570 0.27879783 0.13185391
v -0.03908048 0.26852553 0.10128059
v -0.05341672 0.27222430 0.12877314
v -0.34198581 0.27835772 0.18972317
v -0.32388530 0.28684145 0.19749520
v -0.24592096 0.29342434 0.18398300
v -0.27023918 0.29466034 0.19804773
v -0.29399555 0.29413597 0.20732739
v -0.34184536 0.27664409 0.20313228
v -0.22349429 0.29300291 0.19833800
v -0.38489149 -0.01571740 0.23156129
v -0.40104431 0.00154038 0.24728338
v -0.37770933 -0.02249691 0.25085109
v -0.35642505 -0.04087836 0.24803252
v -0.34661160 -0.04861299 0.26125438
v -0.31764891 -0.07027182 0.25748078
v -0.29631780 -0.08479532 0.24019490
v -0.41956621 0.06949463 0.27520673
v -0.41897629 0.09559197 0.26390442
v -0.40635368 0.00925626 0.25870742
v -0.40872275 0.02247819 0.28487967
v -0.41725330 0.04108437 0.27250053
v -0.37536834 0.20573085 0.27036558
v -0.33986019 0.27081973 0.24298533
v -0.33438229 0.27958440 0.21715014
v -0.35406532 0.23704391 0.27708892
v -0.34120861 0.26136211 0.26538390
v -0.39599713 0.13977114 0.29246452
v -0.40979022 0.09677182 0.28826949
v -0.40049183 0.11420751 0.29974025
v -0.38937680 0.15897661 0.29180898
v -0.37117329 0.17924019 0.31155758
v 0.25997622 -0.29024992 -0.87287073
v 0.26825399 -0.28820857 -0.87414426
v 0.27901319 -0.27160628 -0.88467872
v 0.25482609 -0.29467907 -0.86792656
v 0.29462291 -0.25036883 -0.88712272
v 0.31086938 -0.24222219 -0.88456632
v 0.33010289 -0.20790329 -0.87974389
v 0.34049696 -0.17649657 -0.87687850
v 0.33862413 -0.15087677 -0.87675682
v 0.29014690 -0.29916442 -0.77460535
v 0.30769496 -0.30123385 -0.80407378
v 0.30385577 -0.30094359 -0.78846405
v 0.29323702 -0.29882731 -0.84229740
v 0.30070014 -0.30008210 -0.82266122
v 0.28586756 -0.29890224 -0.74959425
v 0.28611103 -0.29829356 -0.72803843
v 0.28041773 -0.30026001 -0.70914193
v 0.27826406 -0.28977236 -0.87067956
v 0.28987535 -0.29498811 -0.85995785
v 0.31336954 -0.30284445 -0.68123736
v 0.30829428 -0.30188935 -0.70254972
v 0.33038387 -0.29985735 -0.65458751
v 0.32001795 -0.30147730 -0.64085995
v 0.32742484 -0.29941726 -0.61645746
v 0.30894040 -0.30146795 -0.58683928
v 0.28591443 -0.30217961 -0.56329829
v 0.29866813 -0.30073756 -0.54169565
v 0.28659798 -0.30089674 -0.51540163
v 0.27943455 -0.29114887 -0.42608818
v 0.28283366 -0.29263773 -0.44240023
v 0.28900455 -0.29672980 -0.47678466
v 0.29546563 -0.29083987 -0.45906807
v 0.30464234 -0.29420152 -0.49604635
v 0.28537133 -0.28371388 -0.40728539
v 0.26821655 -0.28807748 -0.38444667
v 0.26766402 -0.28344234 -0.35572743
v 0.27380683 -0.28121371 -0.36379916
v 0.26782327 -0.28107327 -0.34483713
v 0.26421812 -0.28113881 -0.33181187
v 0.26684938 -0.27678455 -0.31439491
v 0.25211989 -0.28332998 -0.28631243
v 0.23621991 -0.29015629 -0.26721930
v 0.21704248 -0.29481955 -0.26106720
v 0.26906863 -0.27121300 -0.29204316
v 0.23256797 -0.29066193 -0.24433378
v 0.23860769 -0.28830224 -0.22811539
v 0.23695025 -0.29003455 -0.20467742
v 0.20970117 -0.29633649 -0.19483587
v 0.19354836 -0.29564357 -0.18163273
v 0.36199659 -0.14041722 -0.87376033
v 0.37065820 -0.12087466 -0.87542713
v 0.37573347 -0.10327977 -0.87801158
v 0.37679159 -0.08137748 -0.88230022
v 0.37788721 -0.06019620 -0.88575557
v 0.37508735 -0.04090645 -0.88843364
v 0.37242802 -0.01563313 -0.88988507
v 0.36620098 0.00514549 -0.88843364
v 0.36327010 0.02580239 -0.88351759
v 0.35372818 0.03256317 -0.88538099
v 0.34759480 0.04185223 -0.88421051
v 0.36534883 0.04797625 -0.87088559
v 0.36046088 0.06311777 -0.86281383
v 0.35356901 0.07155467 -0.86076317
v 0.32993436 0.09493649 -0.85220451
v 0.35396229 0.07625541 -0.84498489
v 0.30297554 0.12867484 -0.83808362
v 0.33182591 0.09402819 -0.81548842
v 0.31342570 0.11330856 -0.81175219
v 0.29124252 0.14128809 -0.82917850
v 0.27424691 0.14833914 -0.75888330
v 0.29859319 0.13381565 -0.80889620
v 0.28868613 0.14024869 -0.78079493
v 0.26169917 0.15907023 -0.73145624
v 0.26807602 0.15136371 -0.71011580
v 0.30735783 0.09898172 -0.56712812
v 0.31331332 0.09801722 -0.59560395
v 0.28558665 0.11385169 -0.55211772
v 0.30451125 0.11294339 -0.64670306
v 0.31435279 0.10219357 -0.62996031
v 0.32380098 0.09334460 -0.62138292
v 0.30609374 0.11561211 -0.67059989
v 0.30064391 0.12460151 -0.69815802
v 0.28554922 0.13869427 -0.71325274
v 0.29176690 0.10712838 -0.51570129
v 0.21245416 0.15791846 -0.36320923
v 0.23049853 0.14708438 -0.37225481
v 0.22513293 0.14936918 -0.36347142
v 0.21922430 0.15327395 -0.35728185
v 0.24128581 0.14026741 -0.36172036
v 0.28244038 0.11351460 -0.37044756
v 0.26144641 0.12734514 -0.36075586
v 0.30906213 0.09554514 -0.38456840
v 0.20521580 0.16241319 -0.35691664
v 0.31820134 0.08771688 -0.47013626
v 0.31320094 0.09105044 -0.50806028
v 0.32403509 0.08431777 -0.43959102
v 0.30736726 0.09591970 -0.41463610
v 0.21216390 0.15832114 -0.33068821
v 0.21649003 0.15570860 -0.31793450
v 0.21978611 0.15332078 -0.33804827
v 0.21586263 0.15553067 -0.34523045
v 0.21120872 0.15798400 -0.31050885
v 0.21941155 0.15334885 -0.30821469
v 0.21079672 0.15860204 -0.29144384
v 0.22386884 0.15115771 -0.29446838
v 0.20287481 0.16202926 -0.28299755
v 0.19376368 -0.29524091 -0.16326066
v 0.18531739 -0.29104586 -0.11973696
v 0.20847445 -0.29635522 -0.14383976
v 0.19587999 -0.29162642 -0.09039029
v 0.18325730 -0.28833032 -0.07422812
v 0.16965152 -0.28477203 -0.05282208
v 0.16001601 -0.28127925 -0.02338182
v 0.12259761 -0.27269251 0.00426998
v 0.03858418 -0.25295329 0.10239486
v 0.01605451 -0.24747536 0.11850088
v 0.14641951 -0.27659727 0.01678957
v 0.13401226 -0.27272998 0.05042494
v 0.12982658 -0.27089462 0.07536110
v 0.10871085 -0.26703668 0.08341411
v 0.05581386 -0.25637114 0.12267720
v 0.08966459 -0.26301017 0.10535389
v -0.00937803 -0.24023703 0.13181640
v -0.01787112 -0.23769003 0.14849367
v -0.03685187 -0.23129445 0.16528324
v -0.08807273 -0.21112448 0.16282051
v -0.10105116 -0.20492555 0.18016254
v -0.08219214 -0.21359656 0.18266277
v -0.05389427 -0.22543260 0.19102469
v -0.14549252 -0.18108492 0.20106291
v -0.09815771 -0.20662043 0.20704648
v -0.12331867 -0.19402590 0.21973468
v -0.22459924 -0.13094091 0.20023884
v -0.27452786 -0.09940309 0.22534361
v -0.25456390 -0.11240027 0.22112985
v -0.23509622 -0.12514462 0.22801237
v -0.21195789 -0.13983667 0.23458583
v -0.19099199 -0.15289938 0.21519308
v -0.15993173 -0.17309745 0.23189842
v 0.19809917 0.16423916 -0.20106291
v 0.19862362 0.16422040 -0.20815146
v 0.19358579 0.16692660 -0.17313957
v 0.19768717 0.16526920 -0.16344791
v 0.20032785 0.16283455 -0.19074386
v 0.19537433 0.16551263 -0.18608059
v 0.19799622 0.16458561 -0.18011574
v 0.18130024 0.17417432 -0.14674264
v 0.20254711 0.16261919 -0.15182726
v 0.19478436 0.16687041 -0.14678943
v 0.17799479 0.17604709 -0.13364244
v 0.17237643 0.17910910 -0.12437214
v 0.17539161 0.17753596 -0.11192742
v 0.16089617 0.18579497 -0.08843322
v 0.15329267 0.19004619 -0.08477193
v 0.15807766 0.18769588 -0.07848873
v 0.12771971 0.20338047 -0.04784047
v 0.12977039 0.20187288 -0.05690481
v 0.14939726 0.19203137 -0.04917950
v 0.15540890 0.18896936 -0.06095939
v 0.17107484 0.18018597 -0.09458532
v 0.18081337 0.17489535 -0.10293803
v 0.17762023 0.17682430 -0.09655182
v 0.16721687 0.18236775 -0.08827405
v 0.21416775 0.15624234 -0.27327774
v 0.21211703 0.15751581 -0.26563680
v 0.20883030 0.15877997 -0.20828256
v 0.21971124 0.15295557 -0.26345499
v 0.22994600 0.14711245 -0.25985920
v 0.23624798 0.14300168 -0.25021433
v 0.22184620 0.15118579 -0.23423941
v 0.21946777 0.15208474 -0.22211310
v 0.21436443 0.15519358 -0.21748727
v 0.11800926 0.20859622 -0.03986241
v 0.13244848 0.20110506 -0.02382190
v 0.12148331 0.20750999 -0.01226676
v 0.11499408 0.21093721 0.00502840
v 0.08124637 0.22811071 0.05405808
v 0.11766280 0.21080612 0.02552613
v 0.10217482 0.21922430 0.04397314
v 0.06871738 0.23393507 0.07844187
v 0.04772342 0.24131389 0.07952806
v 0.02713206 0.24842112 0.09160758
v 0.00306669 0.25578119 0.09203830
v -0.01971584 0.26185841 0.09701061
v -0.12814110 0.28534322 0.16766166
v -0.10654782 0.28261830 0.15567581
v -0.15477218 0.28789021 0.17736275
v -0.17220788 0.28987535 0.20066020
v -0.18982149 0.29144849 0.20933125
v -0.20698563 0.29269392 0.21864841
v -0.08683669 0.27988403 0.16292346
v -0.07359604 0.27670028 0.14932703
v -0.02878014 0.26610028 0.12001787
v -0.04519514 0.27020169 0.15031963
v -0.02682308 0.26526688 0.13715385
v -0.31082256 0.28964131 0.22295582
v -0.24984446 0.29429514 0.21567066
v -0.28287113 0.29503491 0.22021219
v -0.23026443 0.29392057 0.22610210
v -0.39243880 -0.00770184 0.26365159
v -0.36863566 -0.03071847 0.26606752
v -0.35813863 -0.04013860 0.28187385
v -0.32894183 -0.06303349 0.28913093
v -0.29613986 -0.08563808 0.26371717
v -0.31085064 -0.07689214 0.29872900
v -0.26850683 -0.10406636 0.25704998
v -0.41306763 0.05089781 0.29488974
v -0.40485543 0.08848473 0.30436615
v -0.40333846 0.00686848 0.27120830
v -0.39812275 0.00133438 0.28491718
v -0.39940559 0.01157853 0.30389792
v -0.40361937 0.03064354 0.31144527
v -0.36151905 0.21236990 0.29431857
v -0.32469058 0.27515522 0.26799651
v -0.33228475 0.27922855 0.22789999
v -0.32748106 0.28010878 0.23866856
v -0.32105736 0.28091407 0.25243359
v -0.34796940 0.23128510 0.29880394
v -0.33516885 0.25291585 0.29404702
v -0.32299570 0.26754232 0.29268921
v -0.38890860 0.12750435 0.31672650
v -0.38046234 0.15457554 0.31524695
v -0.39252308 0.10144444 0.32359973
v -0.35947770 0.16424852 0.34510871
v -0.35579767 0.18846370 0.33054768
v 0.28865806 -0.28831159 -0.87003345
v 0.30239494 -0.27091335 -0.87950982
v 0.32469057 -0.25800045 -0.87557692
v 0.33371739 -0.23825186 -0.87668189
v 0.34908371 -0.22747395 -0.86973380
v 0.35884095 -0.20271565 -0.86842288
v 0.36858876 -0.18706848 -0.86569793
v 0.36168753 -0.16620558 -0.87213100
v 0.31845417 -0.30106529 -0.77309775
v 0.31424041 -0.30165524 -0.74603593
v 0.31982127 -0.29830294 -0.82511457
v 0.34039394 -0.29334939 -0.78845464
v 0.33808103 -0.29202908 -0.81184581
v 0.30747956 -0.29359287 -0.85515412
v 0.31988685 -0.29344305 -0.84434813
v 0.31719001 -0.30141176 -0.72283207
v 0.29960451 -0.28759058 -0.86723364
v 0.30738597 -0.28949145 -0.86134370
v 0.33122659 -0.29929552 -0.70686647
v 0.33226599 -0.29936106 -0.67836261
v 0.34898998 -0.29063385 -0.66513134
v 0.34946763 -0.29035293 -0.65384777
v 0.34503841 -0.29309659 -0.64290130
v 0.32759337 -0.29792836 -0.58768204
v 0.34660219 -0.29153279 -0.63176754
v 0.34732325 -0.29029673 -0.62064318
v 0.34835329 -0.28864870 -0.60811419
v 0.30876251 -0.30038172 -0.56165961
v 0.32023334 -0.29589640 -0.54560977
v 0.31204924 -0.29561548 -0.52216241
v 0.29817183 -0.28466902 -0.44149193
v 0.29902398 -0.28031476 -0.42715569
v 0.29573718 -0.27974358 -0.41748271
v 0.30579412 -0.28546495 -0.46016366
v 0.31681544 -0.28599871 -0.48755323
v 0.31233014 -0.28541814 -0.47480888
v 0.32311743 -0.28742202 -0.50946489
v 0.32165660 -0.28594251 -0.49952036
v 0.28070807 -0.28227183 -0.39059880
v 0.28966002 -0.27460277 -0.38613222
v 0.30253539 -0.26408703 -0.39583327
v 0.28544620 -0.27346037 -0.36892125
v 0.28039901 -0.26978030 -0.33993043
v 0.28630771 -0.25593103 -0.31681080
v 0.27885395 -0.26068791 -0.29614454
v 0.26273864 -0.27494923 -0.27146120
v 0.25353386 -0.28038031 -0.26061769
v 0.24285895 -0.28617661 -0.24881909
v 0.27806738 -0.25761653 -0.27181698
v 0.25288774 -0.28054886 -0.22759101
v 0.24908599 -0.28264641 -0.24286366
v 0.25207310 -0.28149462 -0.21392900
v 0.23047038 -0.29239427 -0.18757886
v 0.25829071 -0.27786141 -0.20480851
v 0.25347763 -0.28176619 -0.19583784
v 0.24674493 -0.28711299 -0.17431949
v 0.22080680 -0.29525964 -0.17210017
v 0.38390821 -0.14799268 -0.86495819
v 0.39459248 -0.12314073 -0.86681224
v 0.40301070 -0.09589161 -0.87132568
v 0.40601652 -0.06821175 -0.87723438
v 0.40507078 -0.04869727 -0.88098930
v 0.38783170 -0.02495026 -0.88705714
v 0.39468614 -0.00956528 -0.88088632
v 0.38372097 0.00173702 -0.88284336
v 0.37446931 0.02212234 -0.87954722
v 0.38426406 0.01170027 -0.87862023
v 0.37602381 0.03453895 -0.87090428
v 0.38599637 0.03299389 -0.85845961
v 0.37494697 0.05405344 -0.85219510
v 0.34506656 0.08291317 -0.82850434
v 0.36810189 0.06773421 -0.82764286
v 0.35631264 0.07488827 -0.79860517
v 0.32875451 0.09544215 -0.79070204
v 0.30356544 0.12371192 -0.78133806
v 0.27775840 0.14700011 -0.73035127
v 0.29744141 0.13209267 -0.75879902
v 0.30057833 0.12947077 -0.73961228
v 0.32249939 0.08859707 -0.57472230
v 0.31914708 0.08831617 -0.53883964
v 0.33128281 0.08469231 -0.60209315
v 0.31851032 0.10452517 -0.66498152
v 0.32443773 0.09705273 -0.64836048
v 0.34798808 0.07704197 -0.64888486
v 0.34814726 0.07320275 -0.62204775
v 0.31456811 0.11184780 -0.68896261
v 0.33131089 0.09654710 -0.68208010
v 0.31791107 0.11250327 -0.71175449
v 0.29903334 0.12902129 -0.72047235
v 0.22979619 0.14711245 -0.35028696
v 0.24658576 0.13682147 -0.33407796
v 0.27228049 0.12040647 -0.33639083
v 0.30398687 0.09965594 -0.34625110
v 0.33097376 0.08217343 -0.35627989
v 0.35031971 0.06780911 -0.38300462
v 0.33126403 0.08026316 -0.40906453
v 0.34164867 0.07118014 -0.48505307
v 0.34944884 0.06602058 -0.45089332
v 0.34043138 0.07205098 -0.51130961
v 0.35458969 0.06294921 -0.42707142
v 0.21672414 0.15612060 -0.32527585
v 0.23077008 0.14698136 -0.31697001
v 0.22610681 0.14935046 -0.30821469
v 0.22686531 0.14928491 -0.33294490
v 0.21317515 0.15730981 -0.28453325
v 0.22913135 0.14814250 -0.28964595
v 0.23325152 0.14573596 -0.29385041
v 0.20824034 -0.29440754 -0.10290988
v 0.23362609 -0.29324641 -0.15073164
v 0.22598508 -0.29590575 -0.12263976
v 0.23378526 -0.29546566 -0.07234592
v 0.20281865 -0.29026865 -0.04901097
v 0.18054175 -0.28555858 -0.03433763
v 0.17103734 -0.28210327 -0.00458832
v 0.03568134 -0.25182961 0.13764080
v 0.01140061 -0.24587413 0.13748163
v 0.17713328 -0.28154144 0.02121872
v 0.16504441 -0.27848879 0.04217525
v 0.15173825 -0.27485557 0.07226162
v 0.15265591 -0.27388173 0.09243165
v 0.12673649 -0.26942449 0.10006323
v 0.08972074 -0.26240152 0.13676993
v 0.06615167 -0.25779445 0.15811046
v 0.11063983 -0.26616584 0.12114149
v 0.02157921 -0.24835558 0.17129488
v -0.01104479 -0.23954410 0.17490003
v -0.02939814 -0.23401000 0.19999544
v -0.06971938 -0.21934604 0.20768324
v -0.05567344 -0.22503933 0.22081151
v -0.08263226 -0.21436441 0.23643059
v -0.10931956 -0.20175117 0.23543798
v -0.13814182 -0.18693738 0.25365088
v -0.25830948 -0.11029338 0.24625334
v -0.22888794 -0.12957377 0.24149649
v -0.24251249 -0.12132413 0.25716236
v -0.18484923 -0.15807766 0.24662791
v -0.20984162 -0.14215893 0.25321080
v -0.22797025 -0.13084726 0.25933482
v -0.16906159 -0.16895859 0.26472843
v 0.20249088 0.16196371 -0.20037000
v 0.20597429 0.16035311 -0.16892582
v 0.21041280 0.15791846 -0.15494546
v 0.20924230 0.15789974 -0.18606188
v 0.20544055 0.16049356 -0.17675407
v 0.18611331 0.17178650 -0.14162987
v 0.21412096 0.15591460 -0.14663962
v 0.20457904 0.16160787 -0.13844616
v 0.19916672 0.16431406 -0.13721008
v 0.19302391 0.16776936 -0.13198500
v 0.19243401 0.16788174 -0.12320165
v 0.17908099 0.17554143 -0.12015832
v 0.18686245 0.17116847 -0.11012953
v 0.16908027 0.18129092 -0.07626948
v 0.15810574 0.18758350 -0.07021097
v 0.14376954 0.19526195 -0.03562986
v 0.16460433 0.18418436 -0.04765323
v 0.15477214 0.18949374 -0.03726859
v 0.16895854 0.18164673 -0.06912478
v 0.17396829 0.17882819 -0.06058482
v 0.19128224 0.16944552 -0.10097161
v 0.18029835 0.17541037 -0.08444415
v 0.22437450 0.15023065 -0.27397072
v 0.21691139 0.15398561 -0.20154050
v 0.22950592 0.14668174 -0.26715372
v 0.23751214 0.14165327 -0.26936361
v 0.24836493 0.13576336 -0.26769681
v 0.26778576 0.12334675 -0.25406295
v 0.25053739 0.13389056 -0.24079422
v 0.22646266 0.14824551 -0.22387356
v 0.23448753 0.14348863 -0.23040022
v 0.24113593 0.13949020 -0.23103698
v 0.22189299 0.15107341 -0.20822633
v 0.15156036 0.19155382 -0.01772602
v 0.15098911 0.19196582 -0.01111506
v 0.14153153 0.19708792 -0.00135781
v 0.14497747 0.19510274 -0.00743497
v 0.13830095 0.19886706 0.00273427
v 0.13199904 0.20283737 0.01445794
v 0.13114689 0.20299658 0.00708848
v 0.09228648 0.22339129 0.06753285
v 0.13772978 0.19993457 0.02197721
v 0.11699797 0.21114321 0.04267155
v 0.13227059 0.20319322 0.03568602
v 0.14157836 0.19840822 0.03376639
v 0.11586491 0.21264144 0.06786062
v 0.07496314 0.23174393 0.10634642
v 0.06147905 0.23676300 0.09549363
v 0.08842854 0.22560115 0.09004380
v 0.04106562 0.24402944 0.10738589
v 0.01801157 0.25184834 0.10804137
v -0.01206548 0.26012607 0.11185248
v -0.00049162 0.25738244 0.12354807
v -0.14043598 0.28687892 0.19390885
v -0.11852431 0.28404163 0.18300919
v -0.10726884 0.28305842 0.19656818
v -0.15066141 0.28840523 0.22089581
v -0.18080399 0.29165452 0.23755422
v -0.20153582 0.29359287 0.24836029
v -0.05907255 0.27414393 0.17367331
v -0.08292256 0.27940648 0.20167159
v -0.02301193 0.26497661 0.17039594
v -0.00336635 0.25905859 0.14522558
v -0.30558812 0.28913564 0.24612225
v -0.28701937 0.29434200 0.24249838
v -0.26063175 0.29608367 0.25061698
v -0.22716495 0.29470714 0.25277065
v -0.24316797 0.29604624 0.26006517
v -0.38326215 -0.01653206 0.29288588
v -0.35527327 -0.04347218 0.30342027
v -0.31745223 -0.07319338 0.31837451
v -0.34948634 -0.04905310 0.32368389
v -0.27453721 -0.10087325 0.27511307
v -0.28998774 -0.09162165 0.29839187
v -0.25572503 -0.11429179 0.28546027
v -0.39858157 0.05322944 0.33021062
v -0.40181213 0.07258471 0.31805617
v -0.39539783 0.00028559 0.29768960
v -0.39188635 -0.00230820 0.30705349
v -0.39107169 0.00823561 0.32878723
v -0.39466744 0.02814338 0.33424649
v -0.34411143 0.20818418 0.33155901
v -0.30741410 0.28543684 0.26529960
v -0.31807026 0.27604481 0.28015090
v -0.33408264 0.23526477 0.31936711
v -0.32593599 0.25460133 0.30900126
v -0.30995173 0.27659730 0.29417812
v -0.31515809 0.26775772 0.30744684
v -0.37411355 0.10816775 0.35385456
v -0.36871989 0.13871299 0.34717808
v -0.38745720 0.07940168 0.34239308
v -0.34845630 0.13463030 0.37981148
v -0.34073105 0.19023351 0.35293697
v -0.33760346 0.16669249 0.37518566
v 0.31798594 -0.27517395 -0.87005222
v 0.33419498 -0.27231793 -0.86041671
v 0.33809039 -0.26432113 -0.86252360
v 0.34477630 -0.25417997 -0.86261723
v 0.35179919 -0.24409498 -0.86121261
v 0.35863491 -0.24290575 -0.85441438
v 0.35895326 -0.22915011 -0.86072571
v 0.36336369 -0.21780098 -0.86090361
v 0.37058333 -0.20925169 -0.85717673
v 0.37682909 -0.19987836 -0.85474215
v 0.38285946 -0.16670186 -0.86066013
v 0.38326210 -0.17961477 -0.85647446
v 0.38381463 -0.19192837 -0.85114636
v 0.33473807 -0.29733845 -0.75982906
v 0.33272486 -0.29821866 -0.73269230
v 0.32830507 -0.29153279 -0.83773716
v 0.33369867 -0.29202908 -0.82541423
v 0.34605910 -0.28807748 -0.80283772
v 0.35542305 -0.28251531 -0.78789280
v 0.34884960 -0.28861123 -0.77242359
v 0.34103063 -0.28898581 -0.81820395
v 0.31737726 -0.28863932 -0.85580023
v 0.32674129 -0.28435064 -0.85436757
v 0.34283788 -0.29372396 -0.72684918
v 0.34777269 -0.29063385 -0.71741028
v 0.34376490 -0.29337750 -0.70682902
v 0.34957994 -0.28994092 -0.69303591
v 0.34570332 -0.29282502 -0.67510396
v 0.36196851 -0.27950948 -0.68156508
v 0.36346671 -0.27775839 -0.66226599
v 0.36524588 -0.27460277 -0.64377213
v 0.33374554 -0.29336812 -0.57289636
v 0.34212625 -0.28998774 -0.58648343
v 0.34690182 -0.28780595 -0.59480799
v 0.36389743 -0.27487430 -0.62724477
v 0.36004888 -0.27356334 -0.59014477
v 0.33097376 -0.29196353 -0.55393433
v 0.33120787 -0.28874233 -0.53724778
v 0.32848296 -0.28782468 -0.52521506
v 0.32636672 -0.28799320 -0.52053308
v 0.31574797 -0.27460277 -0.44888007
v 0.31328524 -0.26066918 -0.41616240
v 0.32724688 -0.27275806 -0.47145657
v 0.33719144 -0.27017361 -0.49207603
v 0.33882080 -0.27768350 -0.51624439
v 0.30374340 -0.25389905 -0.37674015
v 0.31799530 -0.23934745 -0.39076737
v 0.29890217 -0.25249445 -0.35762831
v 0.29675786 -0.24699781 -0.33519226
v 0.29456669 -0.23953474 -0.29575125
v 0.30524159 -0.22803578 -0.31255958
v 0.28753436 -0.24568686 -0.27539405
v 0.27165309 -0.26405895 -0.25229313
v 0.26065984 -0.27467766 -0.24369703
v 0.28334868 -0.24906724 -0.24243287
v 0.26860983 -0.26831954 -0.22426684
v 0.27341355 -0.26422748 -0.20461183
v 0.26317872 -0.27552980 -0.19151171
v 0.25910542 -0.28337680 -0.15036643
v 0.25904920 -0.28126052 -0.16482444
v 0.25824391 -0.28000576 -0.18086488
v 0.39951793 -0.15198174 -0.85151159
v 0.40149371 -0.14121317 -0.85422713
v 0.40600716 -0.12933967 -0.85536014
v 0.41329232 -0.11610840 -0.85460163
v 0.41540855 -0.10210929 -0.85885289
v 0.41892004 -0.09047925 -0.86036990
v 0.41911672 -0.07890540 -0.86421845
v 0.42187907 -0.07119886 -0.86383452
v 0.42047446 -0.06014939 -0.86763626
v 0.41926653 -0.04867853 -0.87099798
v 0.40118473 -0.02210363 -0.88065219
v 0.41418191 -0.03319055 -0.87452819
v 0.39705521 0.00570734 -0.87214034
v 0.40493033 0.00255167 -0.86657818
v 0.38469478 0.02435099 -0.86974315
v 0.39269164 0.01694410 -0.86733668
v 0.39590343 0.02194446 -0.84196029
v 0.38173575 0.04656228 -0.82739002
v 0.37028371 0.06500929 -0.79847407
v 0.35517958 0.07433578 -0.77238613
v 0.37500312 0.05920365 -0.78319212
v 0.33037451 0.09229584 -0.76178609
v 0.31769567 0.10577061 -0.77702130
v 0.31506442 0.10884198 -0.75657973
v 0.32286460 0.10603280 -0.73475238
v 0.34720151 0.07028120 -0.58423610
v 0.34089953 0.07259407 -0.54816612
v 0.36202466 0.05874478 -0.59423682
v 0.36128489 0.06884851 -0.67611526
v 0.34799744 0.08202358 -0.68408397
v 0.37258719 0.05515839 -0.65204988
v 0.36327946 0.06001829 -0.61804000
v 0.33772518 0.09487095 -0.71363666
v 0.25314057 0.13267323 -0.31755993
v 0.23685666 0.14251478 -0.30609846
v 0.28142905 0.11475064 -0.31521895
v 0.32738740 0.08530099 -0.32573464
v 0.30485767 0.09962783 -0.31660480
v 0.35195844 0.06731281 -0.36166417
v 0.34456090 0.07324955 -0.34091364
v 0.37168825 0.05106634 -0.37134651
v 0.36223063 0.05879161 -0.40068378
v 0.37700698 0.04364072 -0.49317159
v 0.36988099 0.04980222 -0.47324510
v 0.37608932 0.04636564 -0.44709157
v 0.37776547 0.04266687 -0.51308872
v 0.36350414 0.05458721 -0.53805303
v 0.37289618 0.04979286 -0.42331650
v 0.24047109 0.13993967 -0.28470178
v 0.24404816 0.13817925 -0.30070478
v 0.22997415 -0.29544693 -0.10259154
v 0.24148242 -0.29459480 -0.08871413
v 0.25571567 -0.28764674 -0.12912899
v 0.24633293 -0.29245047 -0.11207723
v 0.24323352 -0.29517536 -0.05590284
v 0.26086581 -0.29094288 -0.08254331
v 0.23310171 -0.29342431 -0.03335446
v 0.19411017 -0.28604552 -0.00818410
v 0.23002094 -0.29158899 -0.01384933
v 0.20928917 -0.28653242 0.02021675
v 0.20014053 -0.28384497 0.04171645
v 0.18514886 -0.28036157 0.06456446
v 0.19469070 -0.28054886 0.08706605
v 0.13838525 -0.27057624 0.11942790
v 0.17484852 -0.27622272 0.11681536
v 0.11713842 -0.26648420 0.15180847
v 0.08664001 -0.26138086 0.17798072
v 0.05974671 -0.25653967 0.18676414
v 0.03658028 -0.25158616 0.20197122
v 0.00601632 -0.24461937 0.20617561
v -0.02184144 -0.23678173 0.22821841
v -0.05375382 -0.22632219 0.24556979
v -0.10129463 -0.20621777 0.25502741
v -0.07693899 -0.21766052 0.26726609
v -0.16115841 -0.17487660 0.28249189
v -0.13873174 -0.18786441 0.28251996
v -0.23527415 -0.12821599 0.29055425
v -0.20162008 -0.14957518 0.28455197
v -0.18314498 -0.16242254 0.29804538
v 0.21780097 0.15412606 -0.16754928
v 0.21545998 0.15509992 -0.16348534
v 0.22081616 0.15164462 -0.19147420
v 0.21990785 0.15282448 -0.17661362
v 0.21741705 0.15376089 -0.15409331
v 0.21644323 0.15414478 -0.13227527
v 0.22340998 0.15017450 -0.14050624
v 0.22943098 0.14632589 -0.15605037
v 0.20257518 0.16243191 -0.12503698
v 0.19390413 0.16735736 -0.11313535
v 0.19778083 0.16508191 -0.11717121
v 0.18112235 0.17532607 -0.07380675
v 0.16089617 0.18597290 -0.02812931
v 0.17293825 0.17945559 -0.04933874
v 0.16778804 0.18248949 -0.03918821
v 0.18153435 0.17481105 -0.06770145
v 0.18468063 0.17294764 -0.06252317
v 0.18378168 0.17223598 -0.05046237
v 0.20369888 0.16210417 -0.10791963
v 0.19164745 0.16906159 -0.08920108
v 0.19490610 0.16711388 -0.09258146
v 0.24448824 0.13746759 -0.27839987
v 0.26346899 0.12609038 -0.28932761
v 0.25105241 0.13422765 -0.28288517
v 0.28243102 0.11427305 -0.27297811
v 0.28758122 0.11108931 -0.25716243
v 0.26796372 0.12289727 -0.22702919
v 0.28584884 0.11237218 -0.23617776
v 0.24719444 0.13582890 -0.22317122
v 0.25472307 0.13084726 -0.21729067
v 0.23850467 0.14074500 -0.21121344
v 0.22803580 0.14729038 -0.19204544
v 0.16682358 0.18260187 -0.01870920
v 0.16561565 0.18345398 -0.00813731
v 0.15921065 0.18784569 -0.00533745
v 0.15451931 0.19006495 0.00543111
v 0.14157836 0.19719094 0.01010373
v 0.14647573 0.19559904 0.02763301
v 0.10725008 0.21693950 0.09041836
v 0.12996704 0.20471953 0.04766251
v 0.15051160 0.19359515 0.04191306
v 0.14733717 0.19508402 0.03601379
v 0.13364709 0.20348349 0.05993871
v 0.12765416 0.20696690 0.07335725
v 0.05545801 0.23995611 0.12375403
v 0.09249248 0.22463666 0.11012010
v 0.08130256 0.22950592 0.13653589
v 0.02251563 0.25057486 0.13009345
v -0.12565966 0.28585824 0.21890124
v -0.09441211 0.28209392 0.22104555
v -0.13007945 0.28706620 0.24836029
v -0.15306795 0.28940719 0.24494239
v -0.17591601 0.29224448 0.26116079
v -0.22086300 0.29559673 0.27507563
v -0.19430683 0.29411725 0.27575918
v -0.05012060 0.27243030 0.19311292
v -0.06970063 0.27742130 0.21430356
v 0.00907834 0.25580930 0.17431006
v -0.01549270 0.26355329 0.19732667
v 0.03754478 0.24614568 0.14799736
v -0.28784339 0.29156086 0.27444823
v -0.25262555 0.29643952 0.27851217
v -0.38426407 -0.01010838 0.32227935
v -0.37360791 -0.02565256 0.31719473
v -0.32348264 -0.07032801 0.33699955
v -0.30689908 -0.08335328 0.34584842
v -0.34673334 -0.05152519 0.35105477
v -0.36287681 -0.03564390 0.33684024
v -0.33011231 -0.06616105 0.35406060
v -0.27074482 -0.10626687 0.31482559
v -0.28333000 -0.10089197 0.35395758
v -0.23968458 -0.12884339 0.33131553
v -0.38996675 0.04707730 0.34695333
v -0.38195120 0.00360982 0.35015590
v -0.38564058 0.02291827 0.35195365
v -0.32800542 0.22331635 0.34209346
v -0.30063457 0.28303970 0.28926202
v -0.31710576 0.25099622 0.32873107
v -0.29964198 0.27762730 0.30915115
v -0.30344377 0.26645613 0.32834715
v -0.37331761 0.07927059 0.36614018
v -0.35791391 0.11237218 0.37644045
v -0.38061216 0.05338861 0.36160795
v -0.33543103 0.12002254 0.40239737
v -0.32431604 0.14927552 0.40196658
v -0.32374483 0.18452146 0.38088839
v -0.31954039 0.21448613 0.36254440
v 0.34284731 -0.28143846 -0.83808362
v 0.34895261 -0.26215806 -0.85224198
v 0.36453418 -0.25102430 -0.83637000
v 0.36924424 -0.22843845 -0.84941405
v 0.38447003 -0.21218261 -0.83467516
v 0.39116530 -0.16684233 -0.85361848
v 0.39802909 -0.17446459 -0.84115504
v 0.40338526 -0.17861283 -0.82323240
v 0.34694868 -0.29040913 -0.76031596
v 0.35036651 -0.28857377 -0.74579244
v 0.34564709 -0.29183244 -0.73449021
v 0.35840080 -0.27286107 -0.81309122
v 0.36762431 -0.26588492 -0.78375395
v 0.36740891 -0.25800982 -0.81075962
v 0.36395365 -0.27551106 -0.75497851
v 0.36357908 -0.27708420 -0.72889992
v 0.36519902 -0.27530504 -0.71016261
v 0.36993722 -0.26639057 -0.69035784
v 0.37412289 -0.25787873 -0.66102993
v 0.37737219 -0.24937625 -0.63917445
v 0.34972975 -0.28131672 -0.56939424
v 0.33587113 -0.29029673 -0.56114459
v 0.37032114 -0.25956425 -0.61138220
v 0.35811053 -0.26728950 -0.55875677
v 0.36762431 -0.25817838 -0.58131455
v 0.34457962 -0.28010877 -0.54464528
v 0.33809975 -0.24870204 -0.45588432
v 0.32194693 -0.26011671 -0.43518998
v 0.32548649 -0.23949727 -0.41225763
v 0.34823156 -0.24431972 -0.47627900
v 0.34875594 -0.26112802 -0.50738609
v 0.36059198 -0.23494639 -0.49804085
v 0.35080666 -0.26875028 -0.53272494
v 0.32173154 -0.22093791 -0.36556894
v 0.33556208 -0.21976741 -0.40767864
v 0.33596479 -0.20899887 -0.39027106
v 0.31585099 -0.21900894 -0.33542638
v 0.31051353 -0.21597502 -0.29401894
v 0.30443631 -0.22164956 -0.27074950
v 0.32053297 -0.20443862 -0.31363641
v 0.29644888 -0.23141618 -0.25223698
v 0.28557729 -0.24776565 -0.21406945
v 0.29437944 -0.23435646 -0.23153321
v 0.28498740 -0.25142696 -0.19406802
v 0.27833900 -0.26369375 -0.17314900
v 0.27177483 -0.27356334 -0.15583498
v 0.26605345 -0.28010877 -0.14192956
v 0.41059548 -0.15294621 -0.83385114
v 0.41606410 -0.13257959 -0.84054639
v 0.42715101 -0.11742872 -0.82860732
v 0.42937962 -0.08671493 -0.84909563
v 0.43194529 -0.05492429 -0.85640888
v 0.42579320 -0.04081281 -0.86500500
v 0.42775026 -0.04471758 -0.86239251
v 0.40977148 -0.01359178 -0.87168156
v 0.42371440 -0.03321865 -0.86562307
v 0.41700048 -0.02071775 -0.86772054
v 0.40823577 0.00642836 -0.83596738
v 0.41817098 -0.00687784 -0.85426459
v 0.39154922 0.02929516 -0.81432728
v 0.40362874 0.01251491 -0.80514121
v 0.38272836 0.04507341 -0.79667625
v 0.37728789 0.05440929 -0.76359333
v 0.36791457 0.06585205 -0.74369498
v 0.33980398 0.08704269 -0.73881630
v 0.38868385 0.03410824 -0.78455927
v 0.36112572 0.05794885 -0.57326157
v 0.38413297 0.04073792 -0.61188788
v 0.38468542 0.03864037 -0.58784125
v 0.37712872 0.05437182 -0.68208946
v 0.36143470 0.07136743 -0.70106083
v 0.35172432 0.08145241 -0.71048096
v 0.39000416 0.03951124 -0.66357690
v 0.39431157 0.03353703 -0.64676861
v 0.35929039 0.07408295 -0.72339390
v 0.25077151 0.13434939 -0.29454332
v 0.28782462 0.11088331 -0.29115358
v 0.35242659 0.06881104 -0.31100516
v 0.33567446 0.08036618 -0.30184720
v 0.31240501 0.09540468 -0.28374668
v 0.36938476 0.05233049 -0.34046417
v 0.36090096 0.06117007 -0.32539755
v 0.38484460 0.03720768 -0.40310907
v 0.38617433 0.02906105 -0.37114051
v 0.37909514 0.03865912 -0.35195376
v 0.39734547 0.02736617 -0.49363981
v 0.38600573 0.03757289 -0.46994898
v 0.39706456 0.02630806 -0.46055694
v 0.39230771 0.02863029 -0.42438394
v 0.39633422 0.02702908 -0.52336102
v 0.38006903 0.04098136 -0.53796877
v 0.38123952 0.04071917 -0.56385075
v 0.26574447 -0.28680399 -0.10186112
v 0.26728010 -0.28136353 -0.12859525
v 0.27363823 -0.28021178 -0.11364101
v 0.27020169 -0.29126123 -0.05395514
v 0.25830942 -0.29437942 -0.03503061
v 0.27827342 -0.28297414 -0.08628891
v 0.27799251 -0.28616723 -0.06963980
v 0.26305699 -0.29422025 -0.01516028
v 0.22355979 -0.28937909 0.00605844
v 0.26264498 -0.29343366 0.00375496
v 0.23408488 -0.28901389 0.02936539
v 0.22955272 -0.28762801 0.04368287
v 0.22381262 -0.28553985 0.06612824
v 0.22577904 -0.28412592 0.09895832
v 0.19927909 -0.27927537 0.13063655
v 0.13315078 -0.26934958 0.13858654
v 0.16678615 -0.27449976 0.13805280
v 0.12992960 -0.26828208 0.18036857
v 0.15615803 -0.27243968 0.15799808
v 0.06858629 -0.25849674 0.22337718
v 0.10367305 -0.26432113 0.20838551
v 0.01865769 -0.24784056 0.22480994
v 0.04213313 -0.25352449 0.23511028
v -0.03194517 -0.23408491 0.25338869
v 0.00078189 -0.24380470 0.24588820
v -0.05341672 -0.22699640 0.26979433
v -0.11062112 -0.20280929 0.28183641
v -0.06682590 -0.22284816 0.29473993
v -0.09965594 -0.20916740 0.30644495
v -0.16282519 -0.17648720 0.31836522
v -0.14320772 -0.18856670 0.33056640
v -0.11921726 -0.19966299 0.30875779
v -0.22165895 -0.13888154 0.31348664
v -0.20524395 -0.15116705 0.32959251
v 0.22749270 0.14763683 -0.18344934
v 0.23929124 0.14081990 -0.17267141
v 0.22496440 0.14941601 -0.11453060
v 0.21806316 0.15374214 -0.11024190
v 0.21187356 0.15741283 -0.11267655
v 0.24340205 0.13770170 -0.14819404
v 0.23711878 0.14213085 -0.11531717
v 0.19136654 0.16999797 -0.07020161
v 0.16827498 0.18233968 -0.02831663
v 0.18134711 0.17318172 -0.03878550
v 0.18162801 0.17232960 -0.02732402
v 0.19543048 0.16647713 -0.05756028
v 0.19101069 0.16974514 -0.03929116
v 0.19520572 0.16694532 -0.05123022
v 0.20571210 0.16112096 -0.09392985
v 0.20004687 0.16429531 -0.09480072
v 0.20033721 0.16416425 -0.07578254
v 0.20456032 0.16187941 -0.08549298
v 0.31148735 0.09614446 -0.26109528
v 0.30749835 0.09856971 -0.23768538
v 0.28854568 0.11002183 -0.21394771
v 0.27909742 0.11556528 -0.21410689
v 0.26657783 0.12385241 -0.21021155
v 0.26039758 0.12774782 -0.21076400
v 0.29452925 0.10610770 -0.21891060
v 0.24355186 0.13783280 -0.20049174
v 0.23536775 0.14273014 -0.18707320
v 0.17684302 0.17548527 -0.02141540
v 0.17699283 0.17723634 -0.01495424
v 0.16911778 0.18148756 -0.00227548
v 0.17115907 0.18073846 0.00834328
v 0.17020397 0.18148756 0.01490738
v 0.15630785 0.18964359 0.01620897
v 0.15407923 0.19138526 0.02720229
v 0.12995768 0.20593685 0.09144841
v 0.11115485 0.21596565 0.10971745
v 0.14155025 0.19899815 0.05566873
v 0.16206673 0.18722766 0.03229627
v 0.16930503 0.18312624 0.04390756
v 0.16538154 0.18528935 0.05248495
v 0.15330202 0.19235911 0.05685794
v 0.14356350 0.19789320 0.06145562
v 0.14076368 0.19990646 0.07581997
v 0.06200343 0.23800840 0.17070492
v 0.09790484 0.22138736 0.13230335
v 0.09190256 0.22533896 0.16265191
v -0.10722201 0.28410717 0.23776961
v -0.08703333 0.28148528 0.24714293
v -0.07011267 0.27854497 0.24678715
v -0.10964730 0.28500612 0.25381948
v -0.15105469 0.28996901 0.26313657
v -0.11993828 0.28676654 0.27031871
v -0.16541903 0.29205717 0.27648960
v -0.21325011 0.29663613 0.30002123
v -0.19094518 0.29519408 0.30259626
v -0.16414552 0.29269392 0.29433729
v -0.02530613 0.26696175 0.21824577
v -0.04795753 0.27215875 0.20987441
v -0.05368827 0.27444359 0.23760108
v 0.00714938 0.25692360 0.20463055
v 0.02709459 0.25066849 0.19476093
v 0.03931456 0.24616443 0.16958129
v -0.00424658 0.26127785 0.22363001
v -0.27112873 0.29396744 0.29179026
v -0.24728810 0.29640208 0.30344841
v -0.37340189 -0.02153242 0.33791714
v -0.30013827 -0.09127518 0.37573818
v -0.31409993 -0.07987925 0.37512007
v -0.36291424 -0.03202006 0.35230014
v -0.35964626 -0.03202942 0.36336840
v -0.35041337 -0.04277925 0.37129025
v -0.33141392 -0.06391370 0.37906235
v -0.26121232 -0.11601476 0.35173833
v -0.28670099 -0.10239020 0.38605731
v -0.26956497 -0.11358013 0.38847317
v -0.23595772 -0.13455539 0.36734811
v -0.37120136 -0.01464054 0.35819948
v -0.36929111 -0.00270148 0.37350950
v -0.37102347 0.01788984 0.37834136
v -0.30653389 0.24847731 0.34747771
v -0.29898653 0.23613561 0.36913658
v -0.28243105 0.28693511 0.30733439
v -0.29006268 0.27851689 0.32193286
v -0.28793705 0.26897501 0.34581098
v -0.36860753 0.04694621 0.38121616
v -0.35125612 0.07510363 0.39811804
v -0.32661019 0.10040504 0.41943970
v -0.30584092 0.12852503 0.43136941
v -0.29635524 0.15589585 0.42746471
v -0.30215154 0.17724569 0.40978555
v -0.30292875 0.20448545 0.39109507
v 0.37670736 -0.23190311 -0.82910364
v 0.38936740 -0.21628402 -0.80923332
v 0.39670879 -0.19966299 -0.81149001
v 0.41321738 -0.16811581 -0.79798717
v 0.42066178 -0.14235557 -0.81693042
v 0.37131375 -0.26077219 -0.76869671
v 0.37670736 -0.24356123 -0.80099301
v 0.38280330 -0.23659445 -0.77417460
v 0.37440380 -0.25631494 -0.74469689
v 0.37980684 -0.24521865 -0.71252234
v 0.38440452 -0.23568615 -0.68700555
v 0.38916144 -0.22487077 -0.65791173
v 0.38510679 -0.23121018 -0.62730096
v 0.37843967 -0.24008720 -0.59618452
v 0.36305470 -0.25397396 -0.54611544
v 0.38199794 -0.22550752 -0.57226893
v 0.33918601 -0.23032060 -0.43292390
v 0.35354093 -0.22472095 -0.46098766
v 0.36290489 -0.22176194 -0.48324578
v 0.35967431 -0.24642661 -0.51592601
v 0.37519973 -0.21888719 -0.52115112
v 0.37514358 -0.20521582 -0.49540024
v 0.34011303 -0.19350151 -0.37484863
v 0.33002802 -0.19985028 -0.34836733
v 0.34818476 -0.21416776 -0.43265235
v 0.34955186 -0.20028102 -0.41650889
v 0.35655611 -0.17930575 -0.40683592
v 0.32156301 -0.19748118 -0.28939312
v 0.31466177 -0.20544056 -0.26898912
v 0.30742341 -0.21519780 -0.24740512
v 0.33176969 -0.18596352 -0.31689510
v 0.29807817 -0.23279269 -0.19500447
v 0.30544763 -0.21928986 -0.21594228
v 0.28107320 -0.27012680 -0.13456946
v 0.30460484 -0.24150117 -0.13042122
v 0.31397815 -0.21907449 -0.15351278
v 0.43346228 -0.11619266 -0.80327781
v 0.43769482 -0.09468366 -0.81773575
v 0.44078487 -0.07208843 -0.83184722
v 0.43249782 -0.04394037 -0.85499498
v 0.44136548 -0.04672147 -0.83697872
v 0.43912751 -0.04291034 -0.84134229
v 0.43570961 -0.03054054 -0.84295293
v 0.42923917 -0.01674744 -0.84260640
v 0.41945378 -0.00505187 -0.82252071
v 0.41347957 0.00158718 -0.79582412
v 0.39710207 0.02051174 -0.76270380
v 0.38549071 0.03879021 -0.74175663
v 0.37446003 0.05906316 -0.71699830
v 0.40550150 0.01972517 -0.60729951
v 0.40887253 0.01724372 -0.62999776
v 0.40474301 0.01962218 -0.58307497
v 0.38167024 0.05120679 -0.70185679
v 0.39402131 0.03679568 -0.69068556
v 0.40807660 0.02052113 -0.68082534
v 0.40790807 0.01973456 -0.65765888
v 0.37329889 0.04411827 -0.31083663
v 0.36764302 0.05163754 -0.27787549
v 0.35167746 0.06927923 -0.27692968
v 0.33124531 0.08364355 -0.26948535
v 0.39815083 0.01300186 -0.40650818
v 0.39317851 0.01405998 -0.37670271
v 0.38780362 0.01758082 -0.34688785
v 0.38487274 0.01861086 -0.32496683
v 0.40841373 0.01630734 -0.51920342
v 0.41494976 0.00422783 -0.48623288
v 0.40764588 0.00665308 -0.44673576
v 0.40047310 0.01638225 -0.43243699
v 0.40627871 0.01825505 -0.54104953
v 0.41359202 0.01093242 -0.56381331
v 0.27937840 -0.27902254 -0.10148663
v 0.28962252 -0.26740188 -0.11490517
v 0.28951014 -0.28732836 -0.03660375
v 0.28596122 -0.27835769 -0.08553978
v 0.29313400 -0.27659727 -0.07407830
v 0.29279694 -0.27983721 -0.06159614
v 0.29833100 -0.28821796 -0.00953256
v 0.25668013 -0.29165454 0.02211766
v 0.29088667 -0.29216017 0.02058196
v 0.25409567 -0.28951018 0.05460125
v 0.26594107 -0.28920118 0.08299275
v 0.25072464 -0.28642945 0.11422154
v 0.23499319 -0.28401352 0.13228463
v 0.19396972 -0.27782394 0.16761487
v 0.22682780 -0.28240292 0.15944948
v 0.16498825 -0.27358208 0.18021876
v 0.15492203 -0.27220558 0.20591342
v 0.13619408 -0.26950877 0.21284273
v 0.05498982 -0.25695170 0.25848267
v 0.09599461 -0.26381547 0.24185227
v 0.07578718 -0.26152131 0.26889546
v 0.12451720 -0.26852555 0.24106570
v 0.02825573 -0.25103367 0.25685338
v -0.02618632 -0.23651953 0.27354929
v -0.00818878 -0.24171654 0.26227513
v 0.01556757 -0.24865523 0.27464491
v -0.04006369 -0.23262413 0.28880316
v -0.03831263 -0.23480593 0.32211075
v -0.07057150 -0.22296052 0.32374947
v -0.11038704 -0.20669532 0.34138176
v -0.18585118 -0.16541899 0.35109221
v -0.12739197 -0.19943827 0.37083145
v -0.15430399 -0.18520505 0.37361252
v 0.24958222 0.13357218 -0.17442244
v 0.24263419 0.13835718 -0.18108027
v 0.23187499 0.14552996 -0.10644015
v 0.22389692 0.14979993 -0.09608359
v 0.25830006 0.12766352 -0.16677214
v 0.26528560 0.12338418 -0.15635936
v 0.24663262 0.13548245 -0.12040179
v 0.25537854 0.12992960 -0.14043130
v 0.23994671 0.14004269 -0.10775110
v 0.19861419 0.16566248 -0.07040765
v 0.19217182 0.16843419 -0.02571345
v 0.19662905 0.16631796 -0.01960815
v 0.18075714 0.17580365 -0.01036592
v 0.20500047 0.16125205 -0.06100618
v 0.20897075 0.15881740 -0.05309363
v 0.19626384 0.16679551 -0.03259596
v 0.19825841 0.16505380 -0.04306483
v 0.21235114 0.15607377 -0.04248430
v 0.21410217 0.15546513 -0.09016553
v 0.21594693 0.15457554 -0.07759915
v 0.21284745 0.15673860 -0.06476114
v 0.32980326 0.08466423 -0.23632757
v 0.31746156 0.09186512 -0.21763716
v 0.30992357 0.09628491 -0.22013732
v 0.29967010 0.10232467 -0.21685995
v 0.28265577 0.11417943 -0.20885373
v 0.29165452 0.10709091 -0.20590406
v 0.27074479 0.12124923 -0.20349756
v 0.25712957 0.12891831 -0.18829985
v 0.24471299 0.13733649 -0.19036929
v 0.17766702 0.17704905 -0.00112370
v 0.18806102 0.17082201 -0.00192899
v 0.18727445 0.17250753 0.01884029
v 0.18230220 0.17527927 0.02330688
v 0.16998858 0.18214303 0.02238921
v 0.15845223 0.18884762 0.02347541
v 0.13923737 0.20149835 0.09651431
v 0.14454675 0.19831460 0.09088659
v 0.13823544 0.20196654 0.10360279
v 0.12512588 0.20855875 0.11651574
v 0.11227852 0.21518844 0.13505634
v 0.17391213 0.18016722 0.03031113
v 0.17743298 0.17869710 0.04231570
v 0.17682430 0.18077590 0.05473235
v 0.16393950 0.18707784 0.07036078
v 0.17711456 0.18136582 0.06232649
v 0.14974375 0.19516832 0.07169045
v 0.04571952 0.24433846 0.19684909
v 0.06626405 0.23694093 0.19746713
v 0.08963647 0.22700576 0.18475093
v 0.11580876 0.21363402 0.15887823
v 0.10988134 0.21726724 0.17303655
v -0.09719322 0.28386370 0.27119894
v -0.05711549 0.27655047 0.26720987
v -0.07429834 0.28040841 0.27537526
v -0.13959322 0.28938847 0.28603145
v -0.11353331 0.28708492 0.29310121
v -0.23220276 0.29698262 0.31580876
v -0.21639640 0.29693582 0.33604438
v -0.20228492 0.29677658 0.31370196
v -0.17110294 0.29416404 0.31384241
v -0.18647856 0.29688896 0.33612868
v -0.14507113 0.29131739 0.31186663
v -0.03820965 0.27059497 0.23235729
v -0.02047430 0.26648420 0.23994207
v -0.03587802 0.27137219 0.26014947
v 0.02637357 0.25159551 0.21662576
v 0.00360043 0.26006052 0.25119751
v 0.01898543 0.25535047 0.24624398
v -0.26863793 0.29072750 0.31380498
v -0.26056620 0.28906070 0.33300112
v -0.31352875 -0.07930804 0.39516837
v -0.30056903 -0.09090063 0.40701377
v -0.35673405 -0.02466935 0.38189028
v -0.34519767 -0.03558771 0.39510279
v -0.34423317 -0.04742377 0.37979276
v -0.32751848 -0.06028048 0.40048718
v -0.33706036 -0.05351970 0.38847317
v -0.28366708 -0.11016228 0.41266964
v -0.25415188 -0.12500417 0.39825849
v -0.27054816 -0.12246652 0.41683652
v -0.23201549 -0.13964003 0.39342663
v -0.20986974 -0.15313349 0.38558909
v -0.35193970 -0.01178453 0.40075865
v -0.35899076 0.01215910 0.39693811
v -0.28503423 0.25594039 0.36672072
v -0.28744077 0.22193986 0.39424135
v -0.27063245 0.25490099 0.38380048
v -0.28029606 0.28053014 0.33101591
v -0.27605418 0.27221494 0.35421048
v -0.27341355 0.27816104 0.34575483
v -0.33804359 0.05119743 0.41860641
v -0.32582363 0.07748209 0.42656569
v -0.29747894 0.08796035 0.45124910
v -0.28022114 0.10774639 0.46021984
v -0.25894623 0.14508048 0.46316951
v -0.27386302 0.15745027 0.44610832
v -0.28003388 0.18602908 0.42592901
v -0.27054816 0.22000151 0.41251975
v 0.38675487 -0.22512359 -0.79365165
v 0.39359995 -0.21400859 -0.77574777
v 0.40008918 -0.19813667 -0.78800519
v 0.41285224 -0.17205805 -0.77017619
v 0.42417326 -0.14525839 -0.78325770
v 0.38314972 -0.23767130 -0.74029585
v 0.38910521 -0.22453368 -0.75549353
v 0.39463935 -0.21190170 -0.73495833
v 0.39491089 -0.21151777 -0.71424531
v 0.40248632 -0.19525257 -0.68397161
v 0.39549143 -0.20855876 -0.62501612
v 0.40021084 -0.19979410 -0.64206790
v 0.40415312 -0.19208756 -0.66219104
v 0.39000416 -0.21535699 -0.59749545
v 0.36939405 -0.23571423 -0.53230358
v 0.38429214 -0.21326883 -0.55223006
v 0.40132518 -0.18581370 -0.57858963
v 0.39947114 -0.18401582 -0.56069511
v 0.36855133 -0.20654552 -0.47669104
v 0.36743699 -0.19539302 -0.45715780
v 0.38327146 -0.19683508 -0.50994244
v 0.38591207 -0.20286547 -0.53553415
v 0.37810253 -0.18978403 -0.48082056
v 0.34137712 -0.17881883 -0.34920076
v 0.34879337 -0.16826564 -0.35896737
v 0.36121938 -0.15277766 -0.37864102
v 0.36122873 -0.19144144 -0.43591100
v 0.37572411 -0.16218843 -0.43699723
v 0.37505928 -0.14882606 -0.41875622
v 0.36493683 -0.15941671 -0.40291239
v 0.33341777 -0.17822890 -0.29774579
v 0.33087074 -0.17975522 -0.27909278
v 0.31850096 -0.19803368 -0.25108520
v 0.33076779 -0.17743296 -0.25954086
v 0.31874443 -0.19756547 -0.23032528
v 0.34954250 -0.15571794 -0.33059455
v 0.34575011 -0.15564303 -0.30463766
v 0.30982991 -0.21659303 -0.18651131
v 0.31881002 -0.19901688 -0.20866648
v 0.32074829 -0.23728739 -0.08963180
v 0.32238701 -0.21877484 -0.11926873
v 0.32360437 -0.19477501 -0.18578097
v 0.33076779 -0.19278985 -0.14699540
v 0.44395930 -0.08739850 -0.79307112
v 0.43444553 -0.11855239 -0.77395923
v 0.44629093 -0.07161086 -0.80920520
v 0.44422149 -0.04456776 -0.82651912
v 0.44626285 -0.05052324 -0.81958980
v 0.43631829 -0.02201934 -0.81999250
v 0.42878030 -0.01247748 -0.78703132
v 0.41659777 -0.00177446 -0.76314390
v 0.39937748 0.01735610 -0.73560451
v 0.38961088 0.03591545 -0.72139935
v 0.41975347 0.00420911 -0.59587550
v 0.43179548 -0.00938736 -0.62657057
v 0.42750686 -0.00352552 -0.65296754
v 0.40463999 0.01777746 -0.70757817
v 0.41874215 0.00492077 -0.69253963
v 0.37845838 0.03077464 -0.29682816
v 0.37832729 0.02581175 -0.26191928
v 0.37353300 0.03925840 -0.23432371
v 0.36060134 0.06076743 -0.23929596
v 0.34116172 0.07711688 -0.25943784
v 0.40908793 -0.00934056 -0.42593836
v 0.40375983 -0.01638225 -0.39979419
v 0.40159673 -0.00406866 -0.39507478
v 0.39770132 -0.00573542 -0.37532618
v 0.39503263 -0.00512677 -0.36380852
v 0.39268228 -0.00405926 -0.35078326
v 0.39040680 -0.00095981 -0.33780480
v 0.38765381 0.00231759 -0.32148342
v 0.38580913 0.00394692 -0.30697865
v 0.42243159 -0.00198046 -0.51895058
v 0.42897698 -0.02208489 -0.50276966
v 0.42441674 -0.02232836 -0.47956576
v 0.41750614 -0.00690591 -0.47039845
v 0.41652290 -0.01671934 -0.45047192
v 0.42600859 -0.00373152 -0.54496366
v 0.43298477 -0.01337641 -0.56580785
v 0.43136476 -0.00944354 -0.59482671
v 0.29583084 -0.26874092 -0.09273128
v 0.30114022 -0.27896638 -0.04521858
v 0.30824749 -0.27896638 -0.02910320
v 0.30908085 -0.26159622 -0.07566080
v 0.30502627 -0.27236479 -0.05885251
v 0.31284516 -0.28443492 0.00743497
v 0.31715258 -0.27804870 -0.01218253
v 0.28443488 -0.29235681 0.03885108
v 0.27913493 -0.29135489 0.05549077
v 0.31319165 -0.28738456 0.03446873
v 0.30241373 -0.29053084 0.07988391
v 0.28449110 -0.28943525 0.10313464
v 0.26671828 -0.28734709 0.13808095
v 0.25370239 -0.28567094 0.16102262
v 0.18714335 -0.27687818 0.20037929
v 0.21816618 -0.28121371 0.18776611
v 0.25276600 -0.28554923 0.19869385
v 0.17589727 -0.27587626 0.22736625
v 0.15568045 -0.27346037 0.24271378
v 0.05112252 -0.25813155 0.29297954
v 0.10776511 -0.26692431 0.26673236
v 0.08811017 -0.26527626 0.29215547
v 0.13355343 -0.27193404 0.28052546
v 0.00488330 -0.24685735 0.29852296
v -0.02080204 -0.23975011 0.30575197
v 0.02850856 -0.25297202 0.29576061
v -0.01386337 -0.24412308 0.34125074
v -0.04133720 -0.23602325 0.36027828
v -0.07751017 -0.22216458 0.35840552
v -0.10485294 -0.21052519 0.37158058
v -0.19238722 -0.16373350 0.38455904
v -0.13752378 -0.19613278 0.40587142
v -0.10828952 -0.21026299 0.39997208
v -0.17223598 -0.17705840 0.40288432
v 0.23961901 0.14015503 -0.09649559
v 0.22575097 0.14875118 -0.08105441
v 0.22873807 0.14697200 -0.08607352
v 0.26900312 0.12124923 -0.18147356
v 0.27541741 0.11703544 -0.16485252
v 0.26976154 0.12047202 -0.15028220
v 0.26525752 0.12380558 -0.12668498
v 0.24621119 0.13494868 -0.10738589
v 0.25433914 0.12968613 -0.11182440
v 0.28132611 0.11343969 -0.14153621
v 0.21288488 0.15620486 -0.02446801
v 0.19433493 0.16742290 -0.01260389
v 0.20314636 0.16233825 -0.00883958
v 0.22260469 0.15096107 -0.06376860
v 0.21937411 0.15227202 -0.05373974
v 0.21545998 0.15374214 -0.04623926
v 0.21405538 0.15562430 -0.03710934
v 0.21049710 0.15737536 -0.03041415
v 0.22209903 0.15148545 -0.03606058
v 0.22714621 0.14790842 -0.07228977
v 0.34484181 0.07444815 -0.23735761
v 0.34693933 0.07273456 -0.21420054
v 0.33494411 0.08095610 -0.20409681
v 0.32267728 0.08896228 -0.21334846
v 0.31784549 0.09125644 -0.20415304
v 0.29914565 0.10256811 -0.20629735
v 0.27547356 0.11706352 -0.19628735
v 0.28311457 0.11249391 -0.18983555
v 0.30072821 0.10163172 -0.18650195
v 0.30119637 0.10136953 -0.20002351
v 0.19638558 0.16624305 -0.00186348
v 0.19488738 0.16817200 0.01634949
v 0.19215311 0.17032571 0.03323265
v 0.15200044 0.19369817 0.08804930
v 0.15555871 0.19222801 0.10485759
v 0.14701883 0.19678826 0.10679593
v 0.13838525 0.20146088 0.11471785
v 0.12894639 0.20648935 0.12687223
v 0.14481830 0.19834268 0.11982119
v 0.12327180 0.20965434 0.14100247
v 0.18854796 0.17141194 0.04623919
v 0.19176918 0.16945487 0.05503197
v 0.17117779 0.18340719 0.06938689
v 0.15623298 0.19148827 0.07895689
v 0.18433421 0.17507327 0.06835685
v 0.05165626 0.24292450 0.21524930
v 0.06865183 0.23667874 0.21974396
v 0.09084444 0.22740840 0.20698090
v 0.11181033 0.21690206 0.19177382
v 0.13344108 0.20521583 0.15424312
v 0.12430184 0.21029110 0.18360851
v 0.13227059 0.20578704 0.16290474
v 0.13258897 0.20568402 0.17168817
v 0.12023790 0.21267892 0.18912385
v -0.09056353 0.28436936 0.29717458
v -0.06036478 0.27849817 0.29179969
v -0.03779764 0.27302023 0.28249189
v -0.11531249 0.28795579 0.30904813
v -0.23874818 0.29136426 0.34912586
v -0.21899958 0.29260026 0.36234779
v -0.19791196 0.29663613 0.35262791
v -0.17113103 0.29628971 0.34841416
v -0.15443508 0.29405166 0.33894718
v -0.13315082 0.29046531 0.32729839
v -0.00714003 0.26381548 0.26521537
v -0.02016528 0.26842255 0.28123709
v 0.05393170 0.24263419 0.23348092
v 0.03698293 0.24875825 0.24466149
v 0.01670059 0.25753225 0.27056218
v 0.03881829 0.24939497 0.26722859
v -0.25656779 0.28568031 0.34671929
v -0.32020524 -0.06740645 0.40592758
v -0.31588848 -0.07011263 0.41146171
v -0.29011884 -0.09321352 0.42871007
v -0.29515668 -0.08239815 0.43403817
v -0.30161778 -0.07879302 0.42681859
v -0.31018580 -0.07207907 0.42011397
v -0.33901743 -0.01916333 0.41699584
v -0.33507522 -0.04312570 0.40741641
v -0.32314552 -0.05541122 0.41602195
v -0.27933157 -0.10772765 0.42990872
v -0.24873016 -0.13345982 0.41451425
v -0.26877840 -0.11918915 0.43589221
v -0.26095013 -0.13006069 0.43643531
v -0.23500258 -0.14271142 0.42012340
v -0.21220137 -0.15348933 0.41038480
v -0.19379181 -0.16469797 0.40747257
v -0.34328741 0.00568862 0.41713629
v -0.26355331 0.27018297 0.37180534
v -0.25471373 0.24399197 0.40820298
v -0.24908597 0.27243966 0.38209632
v -0.24754093 0.26169921 0.39834279
v -0.26710224 0.27792696 0.35365795
v -0.26396531 0.27598862 0.36076522
v -0.33220986 0.01553013 0.42886924
v -0.32349199 0.03267555 0.43626685
v -0.30943671 0.04967112 0.44766274
v -0.29258158 0.04055064 0.46335669
v -0.27174677 0.07115203 0.47552986
v -0.25289712 0.11181972 0.47986535
v -0.24048988 0.13934975 0.47841395
v -0.22399994 0.17303191 0.47458412
v -0.25211991 0.17865027 0.45279423
v -0.26562273 0.20412024 0.42735226
v -0.23652891 0.23606070 0.42923445
v 0.40330096 -0.19333297 -0.75713222
v 0.41641052 -0.16356494 -0.73807656
v 0.42153265 -0.15067077 -0.76083098
v 0.40733683 -0.18356635 -0.72641844
v 0.41905121 -0.15775929 -0.70241862
v 0.41862041 -0.15970699 -0.67638681
v 0.40602588 -0.18557961 -0.62323700
v 0.40420927 -0.18501776 -0.60120360
v 0.41032393 -0.17831318 -0.64830430
v 0.39408689 -0.18260187 -0.52821156
v 0.41255254 -0.16662696 -0.59700854
v 0.41197201 -0.15782483 -0.56315784
v 0.40239266 -0.17088755 -0.54186418
v 0.38442323 -0.16778809 -0.46812301
v 0.37658562 -0.17045681 -0.44965728
v 0.38903027 -0.17901547 -0.50039123
v 0.39317851 -0.15820876 -0.48087671
v 0.36098526 -0.13919992 -0.35151364
v 0.37346742 -0.13380627 -0.39454104
v 0.36773668 -0.12995769 -0.36614951
v 0.38975133 -0.14836725 -0.45814104
v 0.39020084 -0.13659674 -0.44715712
v 0.38622113 -0.12938649 -0.42934687
v 0.38445138 -0.11140768 -0.40592761
v 0.34281923 -0.15537148 -0.27632107
v 0.32749042 -0.18238651 -0.23982034
v 0.33770646 -0.16412677 -0.22508149
v 0.34816597 -0.14257093 -0.25548628
v 0.32788364 -0.18342589 -0.21037072
v 0.36147221 -0.13011688 -0.33614740
v 0.35778276 -0.13220504 -0.31740073
v 0.35049768 -0.14097907 -0.28680873
v 0.32507449 -0.25364622 -0.05366487
v 0.33926088 -0.22935611 -0.05820640
v 0.34530060 -0.19792130 -0.08692567
v 0.34194836 -0.18726511 -0.11465234
v 0.33999130 -0.17121530 -0.16204330
v 0.33989764 -0.16215099 -0.20029506
v 0.34722959 -0.16605576 -0.13706027
v 0.45026121 -0.06596441 -0.78238680
v 0.44542006 -0.08836300 -0.76481070
v 0.43056883 -0.12858118 -0.74998753
v 0.43839709 -0.10895434 -0.74378860
v 0.44763931 -0.04636564 -0.80936441
v 0.44963388 -0.05462465 -0.80054351
v 0.44307907 -0.03047500 -0.79898909
v 0.43329375 -0.01612006 -0.75766594
v 0.44432451 -0.03060609 -0.78075746
v 0.41543663 -0.00113770 -0.73089440
v 0.44704942 -0.03266617 -0.64014829
v 0.44380948 -0.02967907 -0.60340412
v 0.44400609 -0.02644849 -0.65904477
v 0.43169246 -0.00905962 -0.68157444
v 0.43172061 -0.01370414 -0.70800891
v 0.38460120 0.00484587 -0.29446838
v 0.38196051 0.01470609 -0.27771632
v 0.38211968 0.00827305 -0.26085181
v 0.38134247 0.01216846 -0.24630021
v 0.37946971 0.02129834 -0.23110249
v 0.36288617 0.05817360 -0.21363873
v 0.37729725 0.03381793 -0.19890924
v 0.38038737 0.02175717 -0.21260869
v 0.41271179 -0.02399514 -0.43298945
v 0.41018348 -0.02504390 -0.42428096
v 0.40595101 -0.02030573 -0.40845585
v 0.39924638 -0.03419250 -0.38886646
v 0.40355379 -0.03939886 -0.40557176
v 0.40037008 -0.01385397 -0.38646931
v 0.39367482 -0.02906105 -0.36272229
v 0.38784106 -0.01688789 -0.32536011
v 0.43165503 -0.01935062 -0.52591736
v 0.43511972 -0.03819091 -0.51538291
v 0.43330311 -0.04372501 -0.50551329
v 0.42990400 -0.04092518 -0.49215094
v 0.42634572 -0.03719832 -0.47910693
v 0.41926653 -0.03555964 -0.45421756
v 0.41532433 -0.03139268 -0.44146382
v 0.43806939 -0.03406139 -0.53512215
v 0.43940841 -0.02932324 -0.55461792
v 0.44344428 -0.03390222 -0.57747529
v 0.31623491 -0.27116619 -0.03848587
v 0.32522430 -0.27558596 -0.00170423
v 0.32919466 -0.27498669 0.00684501
v 0.32652589 -0.27784267 0.01222933
v 0.33238773 -0.27578263 0.01983283
v 0.32575804 -0.26980842 -0.02082543
v 0.30463298 -0.29017503 0.05852474
v 0.32750914 -0.28295540 0.04906712
v 0.32982198 -0.27888210 0.02804501
v 0.32383841 -0.28607360 0.07461204
v 0.31190878 -0.28890153 0.10185176
v 0.29891160 -0.28936971 0.12611381
v 0.28197215 -0.28815241 0.15816661
v 0.28186920 -0.28782468 0.18206345
v 0.21091846 -0.28077362 0.22503462
v 0.23039551 -0.28388243 0.24144027
v 0.29916443 -0.28745010 0.20074450
v 0.26754236 -0.28719727 0.22359258
v 0.16910842 -0.27679394 0.27117086
v 0.07588084 -0.26401211 0.30947878
v 0.05314514 -0.26019163 0.32036901
v 0.10077021 -0.26919976 0.31916108
v 0.14126934 -0.27493050 0.30744684
v 0.01628859 -0.25241017 0.33433079
v 0.00080061 -0.25001300 0.37530739
v -0.07879304 -0.22262342 0.39071114
v -0.04671213 -0.23531158 0.39269636
v -0.01646655 -0.24631423 0.40554365
v -0.15661690 -0.18625380 0.43164103
v -0.10718457 -0.21091847 0.43161288
v -0.13507045 -0.19763101 0.43707214
v -0.18694677 -0.17003543 0.43208110
v 0.24667942 0.13503298 -0.09668291
v 0.24390771 0.13812306 -0.07945319
v 0.23209974 0.14547377 -0.07162494
v 0.28396672 0.11183844 -0.17664169
v 0.27827342 0.11514392 -0.18543448
v 0.28565224 0.11064919 -0.16814861
v 0.28995965 0.10760593 -0.15720215
v 0.28350785 0.11112678 -0.12138504
v 0.26674636 0.12137096 -0.10816311
v 0.27045452 0.11924533 -0.11148727
v 0.25760716 0.12710170 -0.10426770
v 0.25655840 0.12895575 -0.09572774
v 0.25303755 0.13163383 -0.09383626
v 0.29587763 0.10388845 -0.15237036
v 0.30126195 0.10070470 -0.14352142
v 0.29809696 0.10225912 -0.13173217
v 0.22708063 0.14775857 -0.02719293
v 0.21710806 0.15416354 -0.01654610
v 0.20076793 0.16370542 0.00133902
v 0.21504798 0.15552131 0.00073034
v 0.22915943 0.14657872 -0.04696960
v 0.23774618 0.14146602 -0.06706469
v 0.23536775 0.14259904 -0.05699840
v 0.22903777 0.14652253 -0.03561115
v 0.35610661 0.06539322 -0.18961080
v 0.33603966 0.07975753 -0.18921751
v 0.31759266 0.09122837 -0.19814139
v 0.32215290 0.08877500 -0.19244809
v 0.30774175 0.09781122 -0.19197986
v 0.31160909 0.09533914 -0.18924559
v 0.31189942 0.09435592 -0.17507791
v 0.30295683 0.09946866 -0.16900076
v 0.20092710 0.16411742 0.00870848
v 0.20069299 0.16458561 0.01573145
v 0.19999072 0.16446388 0.02203336
v 0.20979476 0.15904216 0.02507669
v 0.19854868 0.16514746 0.03803637
v 0.16128009 0.18885702 0.08442544
v 0.16046545 0.18975593 0.09546555
v 0.16009088 0.18985895 0.10129931
v 0.15700076 0.19112307 0.11235814
v 0.14592321 0.19779958 0.12774310
v 0.14877922 0.19613278 0.13464434
v 0.13154957 0.20534693 0.13542155
v 0.15461297 0.19261194 0.12113214
v 0.13697129 0.20327749 0.14339961
v 0.20004687 0.16467927 0.04795278
v 0.19636686 0.16761019 0.06865655
v 0.17725502 0.17925895 0.07991199
v 0.17085945 0.18342591 0.08564273
v 0.18505520 0.17474550 0.08309577
v 0.08582537 0.23031124 0.22830264
v 0.08049727 0.23229638 0.24525138
v 0.12385237 0.21120876 0.20204609
v 0.11286845 0.21776354 0.22368624
v 0.14169070 0.20051514 0.15186470
v 0.13881597 0.20233175 0.15865355
v 0.13588506 0.20409217 0.18083673
v 0.13118436 0.20689199 0.18946098
v 0.14150345 0.20079604 0.17596750
v -0.10364498 0.28774975 0.33523909
v -0.08110595 0.28372325 0.31567774
v -0.03212306 0.27288913 0.30292403
v -0.06317396 0.28062380 0.31434808
v -0.24896425 0.27923791 0.37049439
v -0.22790471 0.28377008 0.38034529
v -0.20885843 0.28766545 0.38626321
v -0.18774269 0.29471657 0.37426806
v -0.17115911 0.29622412 0.36943620
v -0.14905080 0.29477272 0.36127089
v -0.12839393 0.29095225 0.34623234
v 0.00365662 0.26223298 0.28934632
v -0.01273967 0.26897501 0.31907692
v 0.06007444 0.24161351 0.25275193
v 0.02919214 0.25401141 0.29172475
v 0.06685398 0.23971267 0.27220090
v 0.06245290 0.24265295 0.29156558
v 0.04563522 0.24923580 0.29894432
v -0.28434131 -0.08801652 0.44530304
v -0.30467044 -0.06200345 0.44030272
v -0.29142044 -0.06855823 0.45270993
v -0.32573936 -0.01735610 0.43426292
v -0.31835117 -0.04391227 0.43391643
v -0.27529571 -0.10349515 0.44257812
v -0.25653968 -0.11981653 0.45497605
v -0.25324359 -0.13787959 0.44008725
v -0.21636831 -0.15356423 0.42669686
v -0.23620119 -0.15499692 0.44043374
v -0.24697910 -0.14518349 0.44166039
v -0.23788670 0.25733564 0.41125567
v -0.24538722 0.26883455 0.39072986
v -0.22835418 0.27641937 0.39421320
v -0.23728740 0.26772961 0.39919494
v -0.31527045 -0.00195238 0.44612704
v -0.30664624 0.02271227 0.45300956
v -0.28376074 0.00164336 0.47298284
v -0.26669958 0.02012785 0.48650440
v -0.25145507 0.07101158 0.49303113
v -0.23289569 0.09517061 0.50306936
v -0.22286691 0.12486370 0.49953915
v -0.21479517 0.15141987 0.49245060
v -0.22984304 0.20620840 0.45333733
v -0.20693880 0.20155454 0.47030479
v -0.19638563 0.16589656 0.49857455
v -0.18526125 0.19454093 0.48815255
v -0.24807467 0.21119940 0.43720316
v -0.21254782 0.22434639 0.45366510
v -0.20892398 0.24954482 0.43858912
v -0.22110647 0.25649285 0.42472108
v 0.42466957 -0.14317961 -0.73991193
v 0.42440738 -0.14416282 -0.71280323
v 0.43131797 -0.12852501 -0.68543239
v 0.42146707 -0.15245928 -0.65142250
v 0.42819977 -0.13629709 -0.66289337
v 0.41541799 -0.16559692 -0.62919244
v 0.39894676 -0.15804019 -0.50047550
v 0.40334783 -0.15945416 -0.52242460
v 0.42384556 -0.14151281 -0.61105448
v 0.42423877 -0.13208331 -0.57980695
v 0.41356387 -0.13724285 -0.52954119
v 0.42292783 -0.12035964 -0.54376509
v 0.40761781 -0.13124057 -0.49527850
v 0.37894533 -0.10533049 -0.37840691
v 0.37275579 -0.10601406 -0.35237512
v 0.40219605 -0.12504162 -0.46934969
v 0.39691475 -0.11269992 -0.44256876
v 0.39628735 -0.09333524 -0.42354122
v 0.39342198 -0.07972942 -0.40203220
v 0.34908371 -0.13994905 -0.22286223
v 0.35479566 -0.12453596 -0.24091596
v 0.35675272 -0.12597800 -0.29074157
v 0.35982413 -0.11083649 -0.25755572
v 0.37140734 -0.09894426 -0.33428396
v 0.36652875 -0.09990876 -0.30246524
v 0.34457026 -0.23560187 -0.03974067
v 0.33335218 -0.25792554 -0.03055460
v 0.35695876 -0.19764038 -0.05963908
v 0.36017998 -0.20546865 -0.04426348
v 0.35443045 -0.16561565 -0.10999843
v 0.36575154 -0.15512801 -0.09091467
v 0.36213704 -0.17678685 -0.07296396
v 0.35407467 -0.13587572 -0.18097725
v 0.35729589 -0.14288933 -0.14187334
v 0.44997094 -0.05053260 -0.78970946
v 0.45131933 -0.05125362 -0.77057889
v 0.45091668 -0.05342606 -0.77950270
v 0.45151600 -0.06668543 -0.75872409
v 0.44819184 -0.08266034 -0.73428417
v 0.43256333 -0.12456405 -0.71660503
v 0.44142170 -0.10227784 -0.71316845
v 0.44504549 -0.03081211 -0.75451031
v 0.43362145 -0.01625115 -0.73271100
v 0.45358545 -0.05008312 -0.66397956
v 0.45423156 -0.05798630 -0.65063594
v 0.45317344 -0.05300468 -0.63543823
v 0.44914694 -0.04023224 -0.62281560
v 0.44882852 -0.05103826 -0.58800978
v 0.45097291 -0.05184355 -0.60714034
v 0.44850082 -0.03429550 -0.67981403
v 0.44915630 -0.03688930 -0.70165077
v 0.44874429 -0.03730132 -0.73351632
v 0.38326210 -0.02119532 -0.29436543
v 0.38251296 -0.00990238 -0.27136754
v 0.38341191 0.00549195 -0.28186449
v 0.38232572 0.00068827 -0.24299476
v 0.38205417 0.01091370 -0.22531560
v 0.37265278 0.04365944 -0.18779419
v 0.38372097 0.01004283 -0.19875000
v 0.38386142 0.01531477 -0.18397372
v 0.38378648 -0.00301050 -0.20731803
v 0.40981827 -0.03659902 -0.42443077
v 0.39111850 -0.05510222 -0.37225481
v 0.40259870 -0.06720981 -0.42028253
v 0.38315908 -0.04875344 -0.32826292
v 0.43766667 -0.04689002 -0.52487800
v 0.43114008 -0.07299673 -0.51087886
v 0.42627078 -0.05292042 -0.48009950
v 0.42065242 -0.04563524 -0.45947071
v 0.41294590 -0.05005503 -0.43918841
v 0.43964253 -0.04692747 -0.53520642
v 0.44240488 -0.04747059 -0.54973930
v 0.44431508 -0.04743313 -0.56065764
v 0.44643138 -0.05020486 -0.57238134
v 0.34271621 -0.26438667 0.00441043
v 0.34555343 -0.26803863 0.02763301
v 0.33592729 -0.27643809 0.03678164
v 0.34312822 -0.27558596 0.06271977
v 0.33902677 -0.27661600 0.05091181
v 0.34639623 -0.27493050 0.07862912
v 0.34193900 -0.27833896 0.08690688
v 0.33495347 -0.28269322 0.10128995
v 0.31967145 -0.28695382 0.13181640
v 0.33845560 -0.28109196 0.12405373
v 0.30654325 -0.28799320 0.15287595
v 0.30869692 -0.28764674 0.17230620
v 0.20517836 -0.28192536 0.27147049
v 0.26512643 -0.28752503 0.26242494
v 0.23572360 -0.28559605 0.26540262
v 0.32207803 -0.28319886 0.20136254
v 0.28627956 -0.28715045 0.23533496
v 0.30739533 -0.28561478 0.22014668
v 0.18028899 -0.28106388 0.30816783
v 0.07888666 -0.26678385 0.33831979
v 0.03817218 -0.25908667 0.35321788
v 0.12143648 -0.27375064 0.33342248
v 0.15422905 -0.28043651 0.34600759
v 0.04554160 -0.26286972 0.38926903
v 0.01382586 -0.25552837 0.41472972
v -0.09111602 -0.21824109 0.44538734
v -0.06758439 -0.22848526 0.42498327
v -0.04387484 -0.23734357 0.42058219
v -0.00989305 -0.25006919 0.43888875
v -0.02858350 -0.24509692 0.44399209
v -0.15671054 -0.19885771 0.45142699
v -0.16983882 -0.18297641 0.44235337
v -0.12992964 -0.20324939 0.44861792
v -0.11460083 -0.22196795 0.45724203
v -0.19874534 -0.17823826 0.44520945
v 0.26034143 0.12676457 -0.08469699
v 0.26020098 0.12690506 -0.06031327
v 0.30278830 0.10000240 -0.16076043
v 0.28243102 0.11178225 -0.10818182
v 0.30650575 0.09732431 -0.12723751
v 0.29753507 0.10217482 -0.11472721
v 0.29251596 0.10531177 -0.10927738
v 0.27307642 0.11814039 -0.10124315
v 0.27014554 0.12079040 -0.09044651
v 0.30400559 0.09932821 -0.15299776
v 0.31394072 0.09308245 -0.16150020
v 0.31885681 0.08944923 -0.14379297
v 0.23333575 0.14466848 -0.03306412
v 0.24406688 0.13725223 -0.01640564
v 0.22830735 0.14666302 -0.01739825
v 0.22967445 0.14649445 -0.00149827
v 0.21543191 0.15564305 0.01576889
v 0.20931724 0.15878933 0.01738889
v 0.21800701 0.15401372 0.00845565
v 0.23751214 0.14030488 -0.03974067
v 0.24446016 0.13717732 -0.05484472
v 0.24088310 0.13926548 -0.05089316
v 0.33695733 0.07872749 -0.17098590
v 0.35249210 0.06798700 -0.15989899
v 0.36743699 0.05285487 -0.17185677
v 0.32182520 0.08864390 -0.17433821
v 0.32052361 0.08933685 -0.18382390
v 0.22049781 0.15252485 0.03512420
v 0.21188292 0.15750645 0.03106026
v 0.21122744 0.15847095 0.06196128
v 0.17951178 0.17802290 0.09436993
v 0.16774125 0.18513014 0.10714242
v 0.16452939 0.18687184 0.11700261
v 0.16995114 0.18384727 0.12194678
v 0.16409867 0.18753668 0.13051481
v 0.15778740 0.19112307 0.13471928
v 0.14672856 0.19710663 0.14006609
v 0.15119515 0.19540240 0.14800672
v 0.16530660 0.18739622 0.14632121
v 0.19618897 0.16774125 0.08650424
v 0.20452289 0.16270345 0.08817103
v 0.10463755 0.22198669 0.24011060
v 0.09864462 0.22589145 0.26156343
v 0.08313789 0.23261476 0.26627349
v 0.12853435 0.20915807 0.21338583
v 0.13581015 0.20434496 0.19764502
v 0.12905873 0.20969181 0.23446409
v 0.14996843 0.19611406 0.16685637
v 0.15282444 0.19506531 0.15594735
v 0.14087606 0.20143280 0.18834664
v 0.15782483 0.19367942 0.18226941
v 0.14965945 0.19757483 0.18844966
v -0.09245505 0.28657926 0.34705635
v -0.06514038 0.28257151 0.34287074
v -0.04198332 0.27676583 0.32384306
v -0.19369817 0.28512786 0.40331511
v -0.16827502 0.29347113 0.38970925
v -0.15094232 0.29473529 0.38944706
v -0.11110806 0.29058705 0.37253575
v -0.13291671 0.29511921 0.38722781
v 0.00732727 0.26267306 0.31373011
v -0.02285276 0.27314200 0.34306735
v 0.00193363 0.26676515 0.34899469
v 0.02953860 0.25632432 0.32109014
v 0.08488895 0.23415982 0.29958108
v 0.05185290 0.24824323 0.31778469
v 0.07403612 0.24051796 0.32694261
v -0.28030542 -0.06966316 0.46506099
v -0.26853493 -0.09308243 0.46319752
v -0.29967008 -0.04775149 0.45397401
v -0.30150542 -0.02105487 0.45797244
v -0.24411373 -0.13237359 0.46017298
v -0.25260683 -0.09877571 0.47815176
v -0.24050858 -0.12195150 0.47421892
v -0.21987043 -0.16555011 0.44143563
v -0.24354254 -0.14513667 0.44782192
v -0.23732485 -0.14836725 0.45406775
v -0.22650012 -0.16212289 0.45333733
v -0.23286761 -0.15173826 0.45637116
v -0.22793280 0.26918101 0.40489753
v -0.21706125 0.27104445 0.41079687
v -0.30103722 0.00265469 0.45879645
v -0.27085718 -0.01820822 0.48301163
v -0.24449763 -0.00174638 0.50883753
v -0.24211919 0.03043754 0.50942749
v -0.23088245 0.06264019 0.51550458
v -0.21851267 0.07076810 0.52728454
v -0.21190171 0.09450574 0.52545850
v -0.20677027 0.12995771 0.51140327
v -0.19174110 0.21262273 0.47290797
v -0.18425930 0.13935911 0.52744371
v -0.17729252 0.16482908 0.51520495
v -0.16569058 0.19281794 0.50320038
v -0.16923016 0.21035664 0.48773104
v -0.19517767 0.23895418 0.45461084
v -0.20011248 0.26031335 0.43479673
v -0.19070170 0.25972343 0.44093940
v -0.20993528 0.26944323 0.41801645
v -0.20259394 0.26801051 0.42449632
v 0.43513844 -0.11881458 -0.65600147
v 0.44104706 -0.10468438 -0.67145202
v 0.44432451 -0.09602270 -0.69075111
v 0.42220684 -0.14902272 -0.63457674
v 0.43100898 -0.12723278 -0.63379015
v 0.43485753 -0.11224108 -0.60318874
v 0.43338741 -0.10094816 -0.56147232
v 0.42094269 -0.10891688 -0.51483981
v 0.43312522 -0.08933685 -0.53961685
v 0.41360130 -0.11418879 -0.49475412
v 0.38457305 -0.08260415 -0.37446471
v 0.40797358 -0.10345769 -0.46459280
v 0.40561388 -0.08820381 -0.44419813
v 0.36197780 -0.10458136 -0.22020283
v 0.36700627 -0.08821317 -0.26863327
v 0.36798951 -0.08165839 -0.24316329
v 0.37416969 -0.08119956 -0.32055640
v 0.37615490 -0.06058012 -0.29550778
v 0.35118115 -0.23794287 -0.02313835
v 0.36796144 -0.20814674 -0.02561979
v 0.35774533 -0.24719445 0.00742561
v 0.37418841 -0.17918402 -0.04469420
v 0.36512414 -0.14219640 -0.11072885
v 0.38067764 -0.14892908 -0.06010724
v 0.38322466 -0.12512588 -0.07576382
v 0.36608860 -0.10539604 -0.17151028
v 0.36864499 -0.10947872 -0.14685494
v 0.37217519 -0.11953560 -0.11597264
v 0.45191865 -0.05270504 -0.76075605
v 0.45306107 -0.05819232 -0.74549280
v 0.45292997 -0.06304285 -0.72585661
v 0.45012075 -0.07818438 -0.70665111
v 0.45476530 -0.05648807 -0.68203328
v 0.45485896 -0.05667536 -0.66911101
v 0.45032679 -0.07919568 -0.66045870
v 0.45063578 -0.07490699 -0.63587831
v 0.45257412 -0.05557977 -0.62230994
v 0.44464285 -0.08184567 -0.59168043
v 0.45070136 -0.06485010 -0.61020235
v 0.44392186 -0.06630150 -0.56266153
v 0.45416605 -0.05523331 -0.69637883
v 0.45317344 -0.05182483 -0.71636154
v 0.45311722 -0.05381935 -0.73157799
v 0.37659498 -0.04921229 -0.27468235
v 0.37985363 -0.02439779 -0.25869806
v 0.38101477 -0.01960345 -0.22844316
v 0.37932925 0.03360257 -0.16397229
v 0.38340255 -0.01826441 -0.19519172
v 0.38696090 0.00040732 -0.17704434
v 0.38629600 0.01247748 -0.16538625
v 0.41460327 -0.06406351 -0.45127725
v 0.43953015 -0.06496246 -0.53867107
v 0.41906985 -0.09703401 -0.49319970
v 0.41935076 -0.07958897 -0.47652251
v 0.35241723 -0.26705540 0.04921693
v 0.36517094 -0.24958226 0.03724980
v 0.36092911 -0.26440541 0.08040829
v 0.34869971 -0.27428439 0.09028727
v 0.35469271 -0.27093208 0.09906134
v 0.35269814 -0.27281422 0.11036357
v 0.33111421 -0.28362025 0.14937382
v 0.35059126 -0.27420946 0.12579540
v 0.33485981 -0.27976231 0.18643637
v 0.33883016 -0.27965930 0.16415018
v 0.22848524 -0.28640133 0.29697790
v 0.25411439 -0.28738456 0.28306313
v 0.27696247 -0.28572714 0.28940248
v 0.28793700 -0.28613915 0.26573039
v 0.32179712 -0.27994022 0.23451096
v 0.34078723 -0.27276741 0.21840494
v 0.34418633 -0.27218684 0.20710263
v 0.30497004 -0.28363898 0.25399737
v 0.18842623 -0.28446300 0.33717744
v 0.21143348 -0.28592378 0.31859926
v 0.06764055 -0.26552907 0.35356437
v 0.07927059 -0.26942449 0.37553215
v 0.11917975 -0.27526761 0.35378912
v 0.10613578 -0.27461212 0.37786385
v 0.13476139 -0.27948139 0.37400587
v 0.15352678 -0.28267449 0.38969053
v 0.18861355 -0.28508103 0.35735676
v 0.17238579 -0.28362025 0.37695554
v 0.08490767 -0.27302024 0.40574969
v 0.03735749 -0.26307572 0.42613504
v 0.06223755 -0.26860983 0.41595637
v 0.01311420 -0.26020099 0.43729689
v -0.07969198 -0.23155664 0.45396473
v -0.05763987 -0.23209038 0.44091125
v -0.09832624 -0.23804586 0.46438673
v -0.00089427 -0.26929340 0.45250389
v -0.01942554 -0.26631566 0.45931154
v -0.04514835 -0.25061229 0.45403017
v -0.15692590 -0.21119938 0.47077302
v -0.17665577 -0.19945698 0.46206446
v -0.14213085 -0.21562854 0.46026657
v -0.13132485 -0.22487077 0.46850690
v -0.12014428 -0.22916883 0.48066135
v -0.10063915 -0.23871070 0.47940656
v -0.20594623 -0.17847237 0.45833765
v -0.19018668 -0.18889444 0.46808554
v 0.26934954 0.12056564 -0.07857296
v 0.24485345 0.13709302 -0.04469420
v 0.25768210 0.12844073 -0.04295246
v 0.27775840 0.11360822 -0.05997614
v 0.27831085 0.11301829 -0.06811345
v 0.27189656 0.11835575 -0.04224083
v 0.26497661 0.12327184 -0.04303676
v 0.29513793 0.10348577 -0.09570902
v 0.28101705 0.11244708 -0.09458532
v 0.31271407 0.09267041 -0.12227455
v 0.31877251 0.08912149 -0.13084258
v 0.31067270 0.09483347 -0.10438007
v 0.30261034 0.09985259 -0.10625284
v 0.30068135 0.10047995 -0.10193606
v 0.27542677 0.11564019 -0.08936025
v 0.32183456 0.08845662 -0.16742762
v 0.32263984 0.08797907 -0.16307334
v 0.31989621 0.08917764 -0.15393414
v 0.32749971 0.08377464 -0.13059911
v 0.33361437 0.08019761 -0.14591856
v 0.24235329 0.13893774 -0.03113520
v 0.23276457 0.14453739 -0.00778146
v 0.23889796 0.14033296 0.00202258
v 0.25800980 0.12855310 -0.02755814
v 0.26310378 0.12418014 -0.02084415
v 0.26603473 0.12204516 -0.00957935
v 0.25562201 0.12956443 0.00387669
v 0.23335454 0.14426584 0.01817546
v 0.22546070 0.14862008 0.00985090
v 0.22735218 0.14744019 0.01651802
v 0.25149249 0.13209267 -0.04230634
v 0.37042409 0.05047641 -0.14680815
v 0.34841880 0.06914814 -0.12750906
v 0.22696825 0.14803951 0.02575089
v 0.23348563 0.14474339 0.03645387
v 0.22441194 0.14972503 0.05195121
v 0.23482466 0.14250538 0.06426484
v 0.21966438 0.15296493 0.09104576
v 0.21280058 0.15698207 0.09471642
v 0.17439901 0.18121601 0.11373460
v 0.18527995 0.17449270 0.11031678
v 0.20241601 0.16422040 0.10269456
v 0.18884759 0.17266670 0.10379011
v 0.17882816 0.17928702 0.13449452
v 0.16291881 0.18925963 0.16403780
v 0.17970838 0.17922148 0.14789434
v 0.16854653 0.18583244 0.16052632
v 0.17714264 0.18154375 0.16380369
v 0.17554143 0.18189020 0.15181783
v 0.13251403 0.20914868 0.25595443
v 0.11720397 0.21736090 0.26530903
v 0.10710963 0.22329763 0.28569439
v 0.14521158 0.20150771 0.22409824
v 0.14514600 0.20117997 0.21034257
v 0.15141990 0.19718154 0.19512614
v 0.15089552 0.19810860 0.23081223
v 0.14959393 0.19961619 0.24122494
v 0.16125202 0.19108563 0.18492882
v 0.15946355 0.19178790 0.19890917
v -0.08477661 0.28621405 0.36467006
v -0.04938086 0.28057697 0.36661770
v -0.03337785 0.27675647 0.35596151
v -0.16944552 0.28685081 0.41086246
v -0.18469942 0.27287978 0.42902842
v -0.14509924 0.28854568 0.41639645
v -0.12123051 0.29506299 0.40116130
v -0.10576125 0.29530646 0.41119952
v -0.08908402 0.28903263 0.39313643
v 0.02805908 0.25840312 0.34670986
v -0.01056724 0.27145649 0.36662713
v 0.00595078 0.26770153 0.39276180
v 0.02580236 0.26151196 0.38552350
v 0.04352835 0.25312185 0.34302048
v 0.11409513 0.22173385 0.30950693
v 0.10422551 0.22776425 0.32677401
v 0.05968116 0.24728810 0.34188742
v 0.09931881 0.23117272 0.34495883
v 0.07515982 0.24231585 0.35949171
v -0.28244979 -0.04272306 0.47118495
v -0.26398404 -0.06756564 0.48153222
v -0.23144429 -0.14164391 0.46798252
v -0.22863511 -0.13679338 0.47608239
v -0.23167838 -0.09865398 0.49984807
v -0.24666072 -0.07114267 0.49589650
v -0.22438386 -0.13050081 0.48612990
v -0.22157467 -0.12399286 0.49453869
v -0.21380260 -0.16843420 0.46422756
v -0.21720171 -0.15359233 0.47440624
v -0.25310312 -0.03721704 0.49686096
v -0.22939358 -0.01438771 0.52532733
v -0.22680912 0.02087694 0.52777134
v -0.21535700 0.04203011 0.53799688
v -0.20053387 0.07093667 0.54763231
v -0.18565454 0.09376600 0.55438381
v -0.19792132 0.11684816 0.52823028
v -0.16869640 0.22900965 0.47523024
v -0.17761090 0.23385080 0.46728025
v -0.16400506 0.14670045 0.54152708
v -0.16753526 0.11732571 0.55846654
v -0.14830170 0.17476425 0.53250947
v -0.15363916 0.18827645 0.51604782
v -0.14896654 0.21472960 0.49687968
v -0.15615805 0.22569481 0.48410725
v -0.17820081 0.25428299 0.45268178
v -0.16978261 0.23879497 0.46811368
v -0.19352962 0.26786070 0.43025506
v -0.17718015 0.26897501 0.43783999
v 0.43859377 -0.10872024 -0.63476404
v 0.44264835 -0.09959038 -0.64714316
v 0.45272393 -0.06847394 -0.69028292
v 0.44581334 -0.08781052 -0.62039033
v 0.36685645 -0.08816635 -0.21632621
v 0.37408546 -0.05611352 -0.24915622
v 0.37490011 -0.05563596 -0.22038079
v 0.36848582 -0.22392501 -0.00242529
v 0.37976933 -0.19812732 -0.01135846
v 0.37163209 -0.23292378 0.02228619
v 0.38664249 -0.16982006 -0.02819489
v 0.39729868 -0.15539958 -0.01922422
v 0.39736426 -0.12687695 -0.04244687
v 0.38621177 -0.09912219 -0.09188856
v 0.40413440 -0.10221229 -0.04526537
v 0.37453490 -0.07449497 -0.17526523
v 0.37531211 -0.08259479 -0.15645302
v 0.37951650 -0.08602201 -0.13049617
v 0.45410982 -0.05739638 -0.70740026
v 0.37754072 -0.03859355 -0.25236808
v 0.37958208 -0.04277925 -0.19169895
v 0.38744777 0.01912588 -0.14063733
v 0.38356172 -0.03025026 -0.17819611
v 0.38758823 -0.01978135 -0.16236171
v 0.39046303 -0.00564179 -0.15075971
v 0.38903970 0.00595081 -0.15384984
v 0.36715608 -0.25463880 0.06353442
v 0.37547128 -0.23677237 0.04506869
v 0.37800895 -0.24101423 0.07146569
v 0.37302727 -0.25267237 0.09731960
v 0.37333633 -0.25328102 0.11652510
v 0.36709057 -0.26121230 0.12694717
v 0.35452411 -0.27155946 0.13939190
v 0.35311014 -0.27155011 0.15893446
v 0.35442109 -0.26959303 0.17637014
v 0.34995451 -0.27074480 0.19091239
v 0.34755736 -0.27089462 0.20078201
v 0.26074407 -0.28596124 0.31101448
v 0.23663191 -0.28695382 0.31797187
v 0.28656054 -0.28032414 0.30617333
v 0.30341562 -0.27758987 0.28871893
v 0.33978526 -0.27123174 0.22970724
v 0.32531796 -0.27332924 0.25962509
v 0.34005681 -0.26769216 0.24506413
v 0.33673257 -0.26659658 0.25814561
v 0.35300712 -0.26473314 0.21493089
v 0.32425042 -0.27111938 0.27141434
v 0.22228635 -0.28670098 0.33272950
v 0.20854003 -0.28593316 0.35513750
v 0.10195007 -0.27942520 0.40879294
v 0.12689567 -0.28229056 0.39975676
v 0.13665291 -0.27800188 0.42002967
v 0.17120594 -0.27947201 0.40481323
v 0.19504655 -0.28134480 0.38896940
v 0.08624673 -0.28150401 0.42475851
v 0.04655292 -0.27682202 0.43718444
v 0.02551209 -0.27339479 0.44411382
v 0.06949459 -0.28018367 0.43453440
v 0.02648595 -0.27537997 0.45808489
v -0.06343615 -0.24119216 0.45468571
v -0.07757571 -0.24835558 0.46883467
v -0.00349745 -0.26680258 0.47326375
v -0.01867644 -0.25914285 0.48409797
v -0.03639304 -0.26243897 0.46832901
v -0.05889463 -0.25547219 0.47008946
v -0.16133633 -0.20248156 0.48259970
v -0.13812306 -0.22080681 0.47580148
v -0.14216832 -0.21632149 0.48079238
v -0.14903208 -0.20880221 0.48530590
v -0.18048563 -0.18698419 0.48177569
v -0.12942397 -0.21775416 0.49000659
v -0.09979640 -0.22798897 0.49644903
v -0.07292185 -0.24462873 0.48818998
v -0.20463528 -0.17343455 0.46978041
v -0.19817415 -0.17710521 0.47346050
v -0.18983085 -0.17805098 0.48127932
v 0.27252396 0.11700733 -0.03306412
v 0.25723259 0.12875911 -0.03497439
v 0.28623277 0.10849552 -0.04838357
v 0.29115822 0.10550842 -0.07949063
v 0.28140098 0.11117361 -0.07282351
v 0.28250589 0.11106123 -0.08601736
v 0.30762009 0.09700593 -0.08995957
v 0.29906142 0.10034885 -0.08458468
v 0.32737797 0.08341883 -0.11348184
v 0.33209746 0.07937361 -0.09731967
v 0.31824813 0.08884055 -0.08161629
v 0.24173525 0.13877854 0.01694874
v 0.24955415 0.13414339 0.02083479
v 0.28092339 0.11139833 -0.01876535
v 0.27150328 0.11817782 -0.00430741
v 0.27081037 0.11861794 0.01769788
v 0.26362816 0.12454532 0.03126623
v 0.23733418 0.14217764 0.02018868
v 0.24835557 0.13500486 0.02646251
v 0.37762502 0.04191777 -0.12277086
v 0.36188421 0.05869798 -0.11984934
v 0.35711793 0.06105769 -0.08572703
v 0.25257869 0.13253278 0.03909448
v 0.23185627 0.14472467 0.05441393
v 0.24359865 0.13690574 0.07352578
v 0.24912343 0.13383437 0.05202615
v 0.23562059 0.14243048 0.09644873
v 0.22410296 0.15062394 0.09867741
v 0.21884973 0.15385452 0.11302297
v 0.18468999 0.17489535 0.11865069
v 0.18037322 0.17732996 0.11204908
v 0.19331424 0.17003544 0.12064519
v 0.20368945 0.16425787 0.13435407
v 0.19287409 0.17108420 0.14736061
v 0.18913793 0.17309745 0.15053496
v 0.17345327 0.18341655 0.17520901
v 0.16825627 0.18624444 0.18582776
v 0.18601037 0.17631864 0.16831714
v 0.18142198 0.17844427 0.17779347
v 0.19165680 0.17275100 0.16400036
v 0.14620411 0.20230363 0.25858569
v 0.12801933 0.21285680 0.28101234
v 0.14642887 0.20272500 0.26912014
v 0.14421901 0.20471017 0.28029135
v 0.13389992 0.21124623 0.29930953
v 0.15801208 0.19392289 0.22780633
v 0.15771246 0.19307077 0.21348885
v 0.15342376 0.19530878 0.20315107
v 0.15929495 0.19397908 0.24484873
v 0.16400501 0.18915664 0.20164344
v -0.06898897 0.28441619 0.37936197
v -0.03104622 0.27713104 0.38449346
v -0.04790134 0.28138226 0.40174183
v -0.16577486 0.27712168 0.43190322
v -0.12653985 0.28280558 0.43634172
v -0.14611992 0.27473386 0.44416055
v -0.10402890 0.28436000 0.44110800
v -0.08536653 0.29512857 0.41721116
v -0.06708809 0.28764673 0.40907385
v 0.05629141 0.25043437 0.37319116
v -0.01140064 0.27254268 0.39467214
v 0.01246808 0.26661530 0.41793215
v -0.01688791 0.27472450 0.41889661
v 0.03908048 0.25812221 0.41639645
v 0.04419318 0.25546281 0.39435379
v 0.13078172 0.21462659 0.32588442
v 0.12641812 0.21849392 0.34776804
v 0.11374867 0.22591953 0.36805967
v 0.08773560 0.23789606 0.37321930
v -0.22440258 -0.07872747 0.51466185
v -0.20973864 -0.11071476 0.51472744
v -0.23181883 -0.05283613 0.51519566
v -0.20078668 -0.15351742 0.49275951
v -0.21250101 -0.12833773 0.50076580
v -0.20100206 -0.16715134 0.48000595
v -0.21442060 -0.04557907 0.53721031
v -0.21059076 -0.00590398 0.54773533
v -0.20711673 0.02194446 0.55070372
v -0.19745313 0.04709602 0.55725846
v -0.18369747 0.06632024 0.56593887
v -0.17031637 0.07588084 0.57265293
v -0.16338704 0.09204301 0.57233444
v -0.14911635 0.23783048 0.47871358
v -0.14402237 0.14668174 0.55941228
v -0.15210345 0.13021990 0.56336384
v -0.15354550 0.11028402 0.57186621
v -0.13541690 0.16792853 0.54892455
v -0.13324444 0.18545788 0.53438238
v -0.13537007 0.20371760 0.51537355
v -0.14231813 0.22838226 0.48954765
v -0.13677464 0.22380330 0.49643017
v -0.13227998 0.21530081 0.50661813
v -0.15957591 0.26875029 0.44650154
v -0.15465984 0.26049128 0.45793501
v -0.16456689 0.24723191 0.46478937
v 0.37413225 -0.06613296 -0.19713943
v 0.38839359 -0.19923225 0.01436428
v 0.39566939 -0.17581299 0.00044944
v 0.38215719 -0.22208031 0.03757757
v 0.40652218 -0.13059445 -0.01918678
v 0.40678437 -0.15726300 0.00803429
v 0.41407889 -0.13355346 0.00424183
v 0.41617641 -0.10862660 -0.01303461
v 0.39690539 -0.09000168 -0.07025776
v 0.39133383 -0.06800575 -0.10354664
v 0.40804853 -0.06505610 -0.05920829
v 0.41919159 -0.07234126 -0.02885973
v 0.38147356 -0.05150645 -0.16525516
v 0.38392693 -0.05833278 -0.14338097
v 0.39158666 0.00316035 -0.13976646
v 0.39313172 0.01313295 -0.11494260
v 0.39124017 -0.02111104 -0.14204187
v 0.39040680 -0.21703314 0.06315049
v 0.38526596 -0.23095735 0.08588620
v 0.38327146 -0.23801778 0.12234014
v 0.37964760 -0.24349568 0.15273549
v 0.36686581 -0.26057555 0.15677136
v 0.36109764 -0.26071601 0.19832864
v 0.37844902 -0.23996548 0.19124945
v 0.24715700 -0.28449111 0.33630657
v 0.27570767 -0.27763669 0.33101591
v 0.29332132 -0.27107252 0.32551921
v 0.31463370 -0.26639992 0.30416940
v 0.30212339 -0.26787007 0.32022870
v 0.32504641 -0.26740188 0.28235143
v 0.32323916 -0.26478934 0.29375675
v 0.35103134 -0.26212060 0.23384613
v 0.35757680 -0.25175469 0.24601930
v 0.34352150 -0.25531300 0.27430778
v 0.36928174 -0.24806529 0.21301133
v 0.22557308 -0.28411654 0.35681366
v 0.21184548 -0.27908808 0.38567339
v 0.11773771 -0.28050205 0.42276401
v 0.10446898 -0.27774905 0.43516180
v 0.13361897 -0.27016423 0.43990936
v 0.16510063 -0.26945257 0.43168789
v 0.18719958 -0.27160628 0.41722045
v 0.20508470 -0.26679322 0.41689282
v 0.08761386 -0.27494923 0.44752229
v 0.06041158 -0.27649429 0.45211068
v 0.05234921 -0.26665276 0.46905942
v 0.01501511 -0.26693367 0.47388186
v 0.02743169 -0.25816901 0.48568039
v 0.00095978 -0.25579993 0.48975369
v -0.04580382 -0.25274728 0.48684146
v -0.04883772 -0.23660381 0.50739541
v -0.00645647 -0.23406618 0.51840738
v -0.16908968 -0.19086089 0.48829300
v -0.15253421 -0.19906371 0.49400502
v -0.12985469 -0.20555292 0.50406182
v -0.17908102 -0.17516689 0.49490390
v -0.17703033 -0.17849109 0.49345249
v -0.10023651 -0.20987909 0.51748979
v -0.08053474 -0.22394375 0.51074773
v -0.18253634 -0.16587783 0.49987621
v 0.28544620 0.10891688 -0.02813874
v 0.29827485 0.10035821 -0.07022969
v 0.30102784 0.09862590 -0.04799964
v 0.28975361 0.10661336 -0.03409416
v 0.29607431 0.10379479 -0.03283008
v 0.31021384 0.09471177 -0.07738375
v 0.33880209 0.07408295 -0.08058625
v 0.32562695 0.08334392 -0.06594099
v 0.28801194 0.10702537 -0.01402722
v 0.27799251 0.11349584 0.00594606
v 0.27622269 0.11483490 -0.00368944
v 0.28521209 0.10847677 0.01751056
v 0.28889217 0.10651970 0.03614488
v 0.27450910 0.11644551 0.04331767
v 0.25144570 0.13339425 0.03127559
v 0.26099690 0.12458279 0.05334646
v 0.38318723 0.03612149 -0.09999772
v 0.37079873 0.05000822 -0.09688888
v 0.37092039 0.04880965 -0.06036943
v 0.35107821 0.06419461 -0.05297189
v 0.26164302 0.12471388 0.07696239
v 0.25171725 0.13187731 0.09922987
v 0.24417926 0.13670910 0.09619590
v 0.24357994 0.13759868 0.10402422
v 0.23529281 0.14359161 0.12130067
v 0.22681844 0.15009020 0.14387720
v 0.19893260 0.16748845 0.14214489
v 0.21465470 0.15827431 0.15835386
v 0.19861419 0.16784426 0.15140583
v 0.18483987 0.17691796 0.19156786
v 0.18170288 0.17903419 0.19723301
v 0.17967095 0.18036389 0.20199929
v 0.20265005 0.16598086 0.18211960
v 0.20087095 0.16713260 0.16106941
v 0.15965080 0.19391353 0.25153464
v 0.15665434 0.19623580 0.25634772
v 0.15859268 0.19612342 0.27119894
v 0.16094303 0.19391353 0.26183498
v 0.15854582 0.19682573 0.27959837
v 0.15257161 0.20113314 0.29069471
v 0.14643823 0.20559976 0.30849560
v 0.15374210 0.20119869 0.30083588
v 0.15180383 0.20337115 0.31673579
v 0.16191685 0.19122608 0.22080208
v 0.17453010 0.18418436 0.22438851
v 0.16658947 0.18930646 0.24119687
v 0.17247002 0.18612271 0.24090653
v 0.17323787 0.18641301 0.25190921
v 0.17344391 0.18388474 0.20539840
v 0.16864955 0.18682501 0.21193443
v -0.03778825 0.28559605 0.42432772
v -0.11733510 0.27183102 0.45817848
v -0.13592253 0.26566956 0.45970475
v -0.14697204 0.26728949 0.45340291
v -0.08561001 0.28634518 0.44375790
v -0.09384094 0.27262698 0.46483624
v -0.06270577 0.29458547 0.43101363
v 0.06718171 0.24693225 0.39275251
v -0.00291688 0.27444359 0.43201552
v 0.01865769 0.27114747 0.43952543
v 0.03673010 0.26110932 0.43870143
v -0.02013720 0.29024056 0.44181027
v 0.07219143 0.24591160 0.41859698
v 0.06137607 0.25038754 0.43722188
v 0.15863948 0.20104887 0.33379698
v 0.15470663 0.20405470 0.34729039
v 0.13245787 0.21722976 0.37203938
v 0.15152285 0.20686388 0.36487596
v 0.10995625 0.22907520 0.39673222
v 0.09372853 0.23610753 0.39448482
v -0.19369817 -0.11431988 0.52872651
v -0.19408209 -0.08085310 0.54675216
v -0.20088033 -0.13130611 0.51071972
v -0.19035525 -0.03988578 0.56499313
v -0.19410081 -0.01943490 0.56456248
v -0.18659093 -0.00828241 0.57174462
v -0.19381990 0.01405998 0.56557366
v -0.18192767 0.02835874 0.57349565
v -0.18529870 0.04615964 0.56878552
v -0.17284464 0.05160947 0.57620185
v -0.16230083 0.07056210 0.58146436
v -0.15614869 0.08392449 0.58124903
v -0.15087681 0.09413121 0.57980692
v -0.14116636 0.25404888 0.46982727
v -0.12680204 0.24986320 0.47973433
v -0.13376886 0.12738261 0.57623928
v -0.12607166 0.13900329 0.57504064
v -0.11917979 0.14990292 0.57264350
v -0.12492928 0.16045609 0.56290490
v -0.13967748 0.11865541 0.57650147
v -0.13440558 0.12216689 0.57784985
v -0.14626037 0.10376671 0.58151122
v -0.13770170 0.11928277 0.58386150
v -0.11847748 0.18110363 0.54972054
v -0.11667023 0.19867977 0.53313701
v -0.12211070 0.21363402 0.51419363
v -0.11774710 0.23837361 0.49340563
v 0.39448017 -0.20261265 0.04401993
v 0.40197130 -0.17722696 0.02302597
v 0.41430364 -0.15578349 0.03316714
v 0.42041831 -0.13499550 0.02623783
v 0.42844317 -0.10053614 0.01760422
v 0.42899570 -0.08268843 0.00477564
v 0.39920895 -0.04352836 -0.09588691
v 0.41099812 -0.03243206 -0.06423676
v 0.42292783 -0.04674956 -0.02793270
v 0.42960430 -0.05379125 -0.00599293
v 0.39363738 -0.03400522 -0.12215282
v 0.39638101 -0.00344126 -0.11826684
v 0.39802909 -0.00176510 -0.10797579
v 0.39459248 0.01918207 -0.08436928
v 0.40056669 -0.00360043 -0.09589634
v 0.39846917 -0.01611068 -0.11117829
v 0.40557644 -0.19144144 0.08317064
v 0.39755151 -0.20840894 0.09008123
v 0.39260734 -0.21995470 0.11795778
v 0.39476108 -0.21451424 0.14947684
v 0.39109035 -0.22078809 0.17320508
v 0.39850661 -0.20110505 0.20200865
v 0.38252240 -0.22207096 0.22649538
v 0.24713829 -0.27840451 0.35964159
v 0.26539798 -0.27402220 0.35245002
v 0.27875100 -0.26649357 0.35453811
v 0.28810560 -0.26448032 0.34733725
v 0.29198222 -0.26691494 0.33725231
v 0.30397744 -0.26105311 0.33283252
v 0.32537412 -0.25120223 0.31817790
v 0.33538419 -0.25586548 0.29104120
v 0.36840152 -0.23099479 0.25595443
v 0.36464656 -0.22186494 0.28019769
v 0.23084495 -0.27614783 0.38006424
v 0.21922430 -0.26617520 0.40882109
v 0.10508702 -0.26549163 0.45782256
v 0.13165255 -0.25932078 0.45986392
v 0.16922073 -0.26099693 0.44371118
v 0.15185998 -0.25492909 0.45872158
v 0.18362251 -0.26176476 0.43589221
v 0.18473685 -0.25480734 0.44476923
v 0.19470942 -0.26176476 0.43049868
v 0.21279129 -0.26146512 0.42011397
v 0.07448559 -0.26522008 0.46672772
v 0.05151581 -0.25010664 0.49398630
v 0.01689723 -0.24314922 0.50674001
v 0.04339725 -0.23658508 0.51306057
v -0.05487748 -0.21805381 0.52830515
v -0.03559711 -0.21928049 0.53208825
v 0.03242268 -0.22371901 0.53003746
v 0.00474285 -0.21698633 0.54008497
v -0.16029693 -0.18995257 0.49671122
v -0.16716071 -0.18174037 0.49924882
v -0.13983669 -0.19213437 0.51108479
v -0.12712978 -0.18390346 0.52899813
v -0.10392592 -0.18613208 0.54178927
v -0.07744462 -0.21081548 0.52802424
v -0.16569058 -0.14080117 0.53701356
v -0.16187943 -0.17471741 0.51056984
v -0.15499693 -0.16951105 0.52166611
v 0.29547499 0.10398207 -0.02380318
v 0.31178698 0.09429974 -0.06892810
v 0.30400559 0.09735239 -0.06507955
v 0.31056969 0.09442147 -0.05854346
v 0.30987678 0.09405626 -0.04773746
v 0.30797587 0.09487095 -0.03901025
v 0.30202980 0.09857907 -0.03099475
v 0.32969089 0.07984180 -0.05113656
v 0.29604624 0.10334532 -0.01263197
v 0.29064320 0.10595789 0.00013109
v 0.28400416 0.10930081 0.00680757
v 0.29198222 0.10447838 0.01043143
v 0.29304977 0.10408509 0.01775403
v 0.29635522 0.10241829 0.02429012
v 0.29390185 0.10320486 0.05484465
v 0.30182377 0.09808277 0.03756821
v 0.30070950 0.09910345 0.02966501
v 0.27786142 0.11394532 0.07293588
v 0.38100541 0.03936139 -0.08067048
v 0.38981691 0.02921086 -0.06488287
v 0.38226956 0.03763844 -0.04054596
v 0.36330753 0.05425008 -0.03794278
v 0.33756601 0.07363347 -0.02808252
v 0.27912557 0.11382358 0.09455725
v 0.26730824 0.12196089 0.10432385
v 0.25689553 0.12928348 0.12175017
v 0.24970396 0.13511724 0.14442965
v 0.22881301 0.14965009 0.16943141
v 0.25636179 0.13008877 0.16378497
v 0.21516036 0.15766566 0.18294368
v 0.19575818 0.17093439 0.19997672
v 0.18946563 0.17495150 0.20404066
v 0.17609388 0.18279851 0.21312364
v 0.18609460 0.17788245 0.22400458
v 0.20642373 0.16440769 0.19510742
v 0.19999072 0.16827502 0.19590335
v 0.16766638 0.19005559 0.26024313
v 0.16317164 0.19289285 0.26638587
v 0.16668313 0.19142273 0.27578726
v 0.17287273 0.18741494 0.26698519
v 0.16273157 0.19516832 0.28944927
v 0.15422905 0.20105823 0.30725024
v 0.16658947 0.19452217 0.30714722
v 0.17191756 0.19290224 0.32314079
v 0.16072764 0.19921355 0.32447045
v 0.17880008 0.18167484 0.21871392
v 0.17872521 0.18235839 0.23526009
v 0.18129088 0.18187148 0.24832278
v 0.18390342 0.18086956 0.25668485
v -0.03781636 0.29290932 0.44209118
v -0.12406777 0.26410574 0.46606289
v -0.11180100 0.26224234 0.47292669
v -0.06143226 0.28364834 0.45604353
v -0.09992749 0.26125909 0.47842338
v -0.07822183 0.26794497 0.47605424
v 0.08917764 0.23881373 0.40998216
v 0.00599761 0.28539005 0.44800923
v 0.04320061 0.27586688 0.45463885
v 0.02920150 0.28102645 0.46688689
v 0.06358596 0.26860044 0.45510707
v -0.00964958 0.28638262 0.46209261
v -0.03181408 0.28413525 0.46113744
v 0.08754832 0.23983437 0.43896362
v 0.16812517 0.19701301 0.34723424
v 0.17054110 0.19432553 0.33237372
v 0.17029763 0.19671335 0.36018469
v 0.16264727 0.20162008 0.37207682
v 0.14545505 0.21135857 0.38812668
v 0.12874975 0.22044162 0.40626464
v 0.16541897 0.20070238 0.38467135
v 0.11472253 0.22769871 0.42397194
v -0.17893121 -0.12084657 0.53890518
v -0.17433351 -0.10342960 0.55476773
v -0.17293828 -0.08221086 0.56738098
v -0.17781690 -0.05428755 0.57201610
v -0.17571001 -0.03005362 0.57671680
v -0.17158988 -0.02046492 0.58283146
v -0.17368740 -0.01004283 0.58439531
v -0.17349074 -0.00177446 0.58352444
v -0.17754534 0.00476156 0.57710072
v -0.17305064 0.01280522 0.58079009
v -0.17228281 0.02565258 0.58236323
v -0.17139322 0.03479179 0.58194187
v -0.17121531 0.04210506 0.58333712
v -0.17171160 0.04834142 0.58528475
v -0.16883685 0.06126369 0.58614634
v -0.16633669 0.07511299 0.58846861
v -0.16022201 0.09253931 0.59114666
v -0.12495735 0.13118436 0.58039688
v -0.11536864 0.14066070 0.57940428
v -0.10959111 0.14744019 0.57789672
v -0.11875843 0.16007220 0.56701578
v -0.11027466 0.16083066 0.57096734
v -0.11078032 0.17275100 0.56213705
v -0.15562433 0.10541476 0.59607211
v -0.14860133 0.11287784 0.59131526
v -0.14288934 0.12318754 0.59493905
v -0.13533260 0.13223312 0.59499520
v -0.10689427 0.19121673 0.54725782
v -0.10727820 0.20504727 0.53253762
v -0.09945930 0.22959022 0.51039195
v 0.40529553 -0.18071972 0.04312099
v 0.42022163 -0.15289938 0.05747598
v 0.42805924 -0.13301035 0.06193320
v 0.43115880 -0.11115487 0.03981554
v 0.43807875 -0.07621794 0.03479643
v 0.43522274 -0.05808930 0.01665848
v 0.40464942 -0.01532411 -0.08628891
v 0.41537112 -0.02413560 -0.04706326
v 0.41209375 -0.01891988 -0.05700783
v 0.40860098 -0.01177517 -0.06678379
v 0.40409689 -0.00530470 -0.08069863
v 0.41826456 -0.02572747 -0.03741840
v 0.42160752 -0.02390150 -0.02264204
v 0.42476315 -0.03347146 -0.01770723
v 0.42775969 -0.03695487 -0.00694810
v 0.43403345 -0.03932393 0.02100332
v 0.43007253 -0.03695487 0.00384854
v 0.40347885 0.00543579 -0.06417125
v 0.39869393 0.01908845 -0.04621118
v 0.41038952 -0.17681493 0.06323479
v 0.40811404 -0.18449339 0.11587898
v 0.41845188 -0.16398632 0.08303955
v 0.40957487 -0.18153437 0.17821483
v 0.41061420 -0.17861283 0.14714521
v 0.40668135 -0.17631864 0.22550285
v 0.39367482 -0.19745311 0.23630885
v 0.41723452 -0.16401441 0.19935868
v 0.38201673 -0.20823101 0.25571096
v 0.26591300 -0.26580064 0.36981084
v 0.25690489 -0.26716778 0.37637487
v 0.27252396 -0.26547289 0.36347142
v 0.28447238 -0.25312183 0.36963281
v 0.30215154 -0.25328102 0.34886367
v 0.31898790 -0.24054605 0.34067949
v 0.34194836 -0.23913208 0.30457204
v 0.33859605 -0.22757696 0.32413339
v 0.38026563 -0.19348279 0.28248253
v 0.35737076 -0.21764180 0.30107935
v 0.23408488 -0.26286035 0.40307149
v 0.24020890 -0.26539798 0.39430693
v 0.22872871 -0.26205505 0.40835287
v 0.09900043 -0.25713897 0.47310457
v 0.12669902 -0.25317802 0.46980856
v 0.14210274 -0.25184834 0.46588500
v 0.16834057 -0.25203561 0.45548171
v 0.14801137 -0.24278403 0.47287982
v 0.16658011 -0.22019815 0.48184113
v 0.21750135 -0.24645469 0.43459998
v 0.18537361 -0.23267094 0.46375005
v 0.20777218 -0.22734287 0.45491975
v 0.08743594 -0.24460064 0.49314344
v 0.07003772 -0.23769939 0.50601888
v 0.05822976 -0.23045170 0.51689054
v 0.05614160 -0.21869056 0.53132969
v -0.05178739 -0.20370823 0.54634951
v -0.01886369 -0.20335240 0.55450554
v 0.03912727 -0.20581513 0.55046968
v 0.01126951 -0.20401723 0.55569475
v -0.14508988 -0.16307802 0.53550601
v -0.12358086 -0.16952042 0.54554423
v -0.10485294 -0.16885557 0.55881288
v -0.07425151 -0.19057060 0.55275437
v -0.08472042 -0.17284462 0.56631337
v -0.13455543 -0.14472465 0.56075123
v -0.16292821 -0.11072412 0.56099470
v -0.13888156 -0.12622147 0.57122953
v 0.30464234 0.09606952 -0.01497296
v 0.31679673 0.09005787 -0.03857953
v 0.31148735 0.09251124 -0.03174381
v 0.30552250 0.09551706 -0.02796078
v 0.30582220 0.09543280 0.00528123
v 0.30917451 0.09342890 0.02266076
v 0.31337890 0.08975821 0.05115528
v 0.30829428 0.09385026 0.04477843
v 0.31145927 0.09124708 0.06008852
v 0.29467906 0.10276475 0.07815160
v 0.32052361 0.08425223 0.03968445
v 0.37412289 0.04401529 -0.01450481
v 0.39099677 0.02857410 -0.01931788
v 0.35429935 0.06049584 -0.01205144
v 0.32466249 0.08296936 -0.00857739
v 0.34037522 0.07102094 -0.00021540
v 0.28879851 0.10777446 0.11099097
v 0.28519337 0.11074285 0.12606695
v 0.27415325 0.11848684 0.14791306
v 0.24571496 0.13818861 0.17850510
v 0.23589213 0.14470592 0.18535018
v 0.22683723 0.15084869 0.18830921
v 0.25645538 0.13114692 0.17325195
v 0.28648560 0.11094885 0.16885087
v 0.26811353 0.12316882 0.17759679
v 0.21369017 0.15959461 0.19407738
v 0.20744441 0.16448259 0.21208431
v 0.19498104 0.17272289 0.22389220
v 0.19153507 0.17541973 0.23822848
v 0.17794800 0.18601973 0.28178019
v 0.18175911 0.18305134 0.26928867
v 0.18240522 0.18395964 0.28922459
v 0.17531667 0.18808913 0.29531110
v 0.18429670 0.18472749 0.31309328
v 0.17785434 0.18902555 0.31699812
v 0.17615011 0.19151635 0.33595065
v 0.19536497 0.17392146 0.24968060
v 0.19955064 0.17194568 0.26341748
v 0.19123544 0.17797607 0.26760323
v -0.04380929 0.27490239 0.47389114
v -0.08509498 0.25835629 0.48686032
v -0.06950399 0.25771017 0.49209468
v 0.00938736 0.27943455 0.47288925
v 0.05046705 0.27010807 0.48060506
v 0.04027905 0.26941512 0.48309593
v 0.01591402 0.27008935 0.48548379
v 0.02764708 0.26804798 0.48715051
v 0.08099354 0.26071600 0.45553787
v 0.07904583 0.26653103 0.47099777
v 0.06169441 0.26697115 0.48159781
v -0.01042679 0.27307645 0.48111072
v 0.11165116 0.23267095 0.44558394
v 0.10233399 0.24749410 0.45313129
v 0.18351949 0.18827645 0.34717808
v 0.18643173 0.18819215 0.36640237
v 0.17243258 0.19640437 0.37801359
v 0.16290945 0.20263137 0.39329561
v 0.14390999 0.21316582 0.41349364
v 0.16361172 0.20283737 0.40658312
v 0.13134357 0.22346616 0.44503142
v 0.16985748 0.19825841 0.38579512
v -0.16419234 -0.09921581 0.56663185
v -0.16127079 -0.07637712 0.57730676
v -0.16977327 -0.06863313 0.57396373
v -0.15963208 -0.09099427 0.57381399
v -0.16526920 -0.08248243 0.57303685
v -0.16139251 -0.05946582 0.58298134
v -0.16888368 -0.05123490 0.58993873
v -0.16727307 -0.04023224 0.58329969
v -0.17043809 -0.03131775 0.58474180
v -0.18114110 -0.01724372 0.60037945
v -0.17723634 -0.03544726 0.59817891
v -0.17831319 0.00109091 0.59030394
v -0.18264870 0.01793667 0.60104443
v -0.18001742 0.03614956 0.59584736
v -0.17541037 0.06387623 0.61856427
v -0.17190824 0.07205098 0.59919038
v -0.16421106 0.09034814 0.61299285
v -0.11973228 0.14753385 0.59345964
v -0.10209991 0.15760947 0.58782249
v -0.10282097 0.15338633 0.57785929
v -0.09363490 0.17125273 0.57188508
v -0.09411249 0.15938861 0.57868329
v -0.09717450 0.18766777 0.55681838
v -0.15073632 0.11470381 0.61316130
v -0.13703687 0.13215821 0.61018363
v -0.12884341 0.14048277 0.60034216
v -0.09390645 0.20628331 0.53908307
v -0.06887662 0.21998279 0.53573076
v -0.07005648 0.24253121 0.50924946
v 0.42965117 -0.13678402 0.08951942
v 0.43468900 -0.11989143 0.07836693
v 0.43668350 -0.10607023 0.06141818
v 0.44216140 -0.08123701 0.06041622
v 0.43993279 -0.06129179 0.04128566
v 0.44285431 -0.05936282 0.06120279
v 0.43719852 -0.04780768 0.03187491
v 0.41190643 -0.00846969 -0.04515299
v 0.42045574 -0.01212163 -0.00809045
v 0.42561531 -0.01570804 0.02299789
v 0.43896833 -0.04703047 0.04500318
v 0.43147714 -0.02495964 0.04058339
v 0.40504270 0.01199993 -0.02437443
v 0.42499727 -0.14894780 0.10791027
v 0.42207575 -0.15456618 0.13051481
v 0.42521266 -0.14798331 0.16865427
v 0.39555701 -0.18373491 0.25443745
v 0.41471565 -0.15698207 0.23025970
v 0.42436051 -0.14819868 0.19060333
v 0.42779712 -0.13197095 0.20864770
v 0.26758915 -0.25524745 0.38424070
v 0.25321544 -0.26187714 0.38867921
v 0.30871564 -0.23456247 0.36084009
v 0.28773104 -0.23987183 0.38051375
v 0.32434408 -0.21943032 0.35385456
v 0.34218240 -0.20213508 0.34420041
v 0.37257783 -0.18982148 0.30327053
v 0.40226156 -0.16278774 0.26445688
v 0.39280402 -0.15356423 0.29831700
v 0.36375697 -0.18484922 0.32488253
v 0.24551828 -0.25024710 0.41002902
v 0.11833699 -0.25006919 0.47655048
v 0.10431917 -0.24561194 0.48669172
v 0.12854371 -0.24158543 0.48200045
v 0.13709302 -0.22105029 0.49563431
v 0.20014053 -0.20860557 0.47072615
v 0.15564301 -0.19532749 0.50683360
v 0.19280858 -0.18375364 0.49030622
v 0.23167838 -0.21697696 0.44604274
v 0.23609817 -0.23174392 0.43321416
v 0.08526351 -0.22997414 0.50966153
v 0.10739054 -0.23131317 0.49995108
v 0.06991599 -0.22513296 0.51995251
v 0.08571299 -0.20166689 0.54060006
v 0.05948452 -0.20529074 0.54600302
v -0.04954939 -0.18351017 0.56923503
v -0.02877078 -0.19356706 0.56419713
v -0.00190559 -0.18837007 0.57248433
v 0.05216192 -0.19747184 0.55703385
v 0.03734814 -0.19276177 0.56515230
v 0.00918135 -0.18596352 0.57443196
v 0.01877939 -0.18363190 0.57558374
v 0.03470748 -0.18684374 0.57182892
v -0.13206459 -0.16112096 0.54743571
v -0.12516336 -0.15510929 0.55799831
v -0.11698861 -0.15819940 0.56102285
v -0.09782997 -0.16204798 0.56945964
v -0.10767148 -0.15714126 0.56812069
v -0.06449427 -0.17778879 0.56993730
v -0.07276264 -0.15643896 0.58306564
v -0.06297732 -0.16096177 0.58300006
v -0.11148263 -0.14370399 0.57557445
v -0.11846812 -0.12302837 0.58277531
v -0.14717804 -0.10401953 0.57662321
v -0.13101583 -0.10959107 0.58366489
v 0.31438087 0.09050734 -0.01977668
v 0.31539212 0.08928066 -0.00982283
v 0.33413882 0.07546884 0.01413960
v 0.32478423 0.08179886 0.02735210
v 0.31776119 0.08634039 0.06495775
v 0.31144991 0.09102236 0.07151256
v 0.31394072 0.08952413 0.07736503
v 0.31495204 0.08919640 0.09463219
v 0.30409924 0.09706212 0.10702069
v 0.33109550 0.07687341 0.06089381
v 0.34294090 0.06792149 0.05423604
v 0.34762288 0.06422272 0.03685651
v 0.37257783 0.04417446 0.00926094
v 0.38453561 0.03379922 0.00178853
v 0.40242073 0.01633542 0.00164801
v 0.35366267 0.05962501 0.01752935
v 0.30661812 0.09583544 0.15155564
v 0.31413739 0.08993614 0.13851167
v 0.29411725 0.10480611 0.15007616
v 0.25584677 0.13193349 0.18021876
v 0.24474107 0.13872235 0.18334625
v 0.23464670 0.14628845 0.19838479
v 0.24059283 0.14182183 0.19172703
v 0.21816618 0.15747838 0.20644716
v 0.31248931 0.09198686 0.17403851
v 0.29908949 0.10182837 0.18485387
v 0.28346106 0.11292467 0.18752264
v 0.26293525 0.12703615 0.19113714
v 0.20117993 0.16876193 0.22533425
v 0.21322201 0.16162662 0.22791871
v 0.21927109 0.15749710 0.22527809
v 0.20857747 0.16509127 0.23661783
v 0.20981355 0.16498825 0.24396850
v 0.18700290 0.18074778 0.27502884
v 0.19282730 0.17789181 0.28472050
v 0.18692803 0.18206813 0.29794236
v 0.19485930 0.17752660 0.29929081
v 0.20340855 0.17276972 0.30079844
v 0.20249088 0.17419304 0.31519080
v 0.19511206 0.17991442 0.32933975
v 0.18920344 0.18354764 0.33189607
v 0.21001015 0.16489463 0.25292053
v 0.21163952 0.16456689 0.26274329
v 0.20871792 0.16714196 0.26916693
v 0.20659233 0.16916457 0.27909278
v 0.20235979 0.17152432 0.28210796
v -0.05570152 0.25687677 0.49693583
v -0.03281600 0.26292593 0.49304056
v 0.03994196 0.26168049 0.49391129
v 0.04247023 0.25300012 0.50485782
v 0.07352110 0.25167981 0.49789100
v 0.01479036 0.25815965 0.50187071
v 0.09861651 0.26007928 0.46817912
v 0.06972870 0.26206442 0.48480952
v 0.07927995 0.25919905 0.48537134
v -0.00048226 0.24270910 0.52282717
v 0.12862801 0.24543405 0.46209261
v 0.12421758 0.24657643 0.47676594
v 0.19410081 0.18147820 0.33961202
v 0.20243473 0.17858472 0.36628992
v 0.18531739 0.18962483 0.38282674
v 0.17814460 0.19434428 0.39810875
v 0.14606366 0.21576900 0.44260627
v 0.16782555 0.20112378 0.41558187
v 0.16552199 0.20351160 0.43577048
v 0.17666513 0.19587059 0.40875551
v 0.15123258 0.23351371 0.45992951
v 0.14127870 0.23985313 0.46584756
v -0.15553067 -0.07252854 0.58377720
v -0.14979058 -0.08251052 0.58304678
v -0.15983810 -0.06797766 0.58717638
v -0.16462308 -0.06668543 0.59353451
v -0.17109358 -0.05728402 0.61544614
v -0.16337768 -0.07509425 0.60537991
v -0.17801355 -0.03330291 0.63146786
v -0.18043882 -0.01530539 0.63075616
v -0.18258315 0.00362854 0.61592366
v -0.18212432 0.03534428 0.62667358
v -0.18052308 0.05210574 0.64189001
v -0.17082201 0.07766937 0.63343435
v -0.16230083 0.09398136 0.63910894
v -0.12393667 0.14569852 0.61223428
v -0.10680065 0.16091496 0.61690697
v -0.09184641 0.17010099 0.59717702
v -0.08106848 0.18018597 0.57038681
v -0.08371849 0.16528792 0.57956345
v -0.06506548 0.20429817 0.55552615
v -0.15168209 0.11392660 0.63991423
v -0.14090417 0.12939586 0.62732898
v -0.12980790 0.14107273 0.62281560
v -0.12519143 0.14507113 0.61897634
v -0.04041018 0.22145291 0.54354973
v -0.04770470 0.23275522 0.52766846
v -0.04766723 0.24741919 0.51019520
v 0.43303156 -0.12903065 0.09881786
v 0.43585013 -0.12244780 0.10446430
v 0.44262963 -0.09587287 0.08539925
v 0.44458669 -0.06038348 0.07718707
v 0.44138419 -0.05388489 0.05471363
v 0.44074744 -0.04255451 0.07745862
v 0.41584870 0.00094110 0.01799750
v 0.41564267 0.00143736 0.04601450
v 0.43183299 -0.02310556 0.05960157
v 0.42927660 -0.13790770 0.14054367
v 0.43522274 -0.12424567 0.11967137
v 0.43289111 -0.12974232 0.15449595
v 0.43732961 -0.11646423 0.17092967
v 0.43290982 -0.12423632 0.19076250
v 0.41325488 -0.14802076 0.24911871
v 0.42191657 -0.13090345 0.23841573
v 0.42844317 -0.11706352 0.22873343
v 0.43614040 -0.10464692 0.20816075
v 0.26952750 -0.24290575 0.39617026
v 0.28012746 -0.23450629 0.39271507
v 0.26015418 -0.24343950 0.40407353
v 0.30950221 -0.21501053 0.37673079
v 0.29217890 -0.22675293 0.38667528
v 0.32690046 -0.19415698 0.37239530
v 0.35026356 -0.17569126 0.35432279
v 0.37889853 -0.16358367 0.31628642
v 0.40613826 -0.13123119 0.28591907
v 0.38521916 -0.14305787 0.32219505
v 0.39942434 -0.12067802 0.30893568
v 0.36275508 -0.17072836 0.33870371
v 0.37456297 -0.15432271 0.33235501
v 0.25382412 -0.22808261 0.42217405
v 0.12253206 -0.19966299 0.52351086
v 0.22470221 -0.18632872 0.46824471
v 0.14513664 -0.17836936 0.52924146
v 0.18611331 -0.17016653 0.50445517
v 0.21683652 -0.15633598 0.48970697
v 0.24697904 -0.20799693 0.44063978
v 0.24786863 -0.19347342 0.44884267
v 0.09807341 -0.21820363 0.51686239
v 0.11650167 -0.18683437 0.54051576
v 0.07451367 -0.18734939 0.56121017
v -0.04146830 -0.18372554 0.57109851
v -0.04521390 -0.16565310 0.58381463
v -0.03658968 -0.17985822 0.57518109
v -0.02664515 -0.18580433 0.57210969
v -0.01574549 -0.18822023 0.57142614
v -0.02480982 -0.17119657 0.58268172
v -0.01108227 -0.17227342 0.58342142
v 0.00023876 -0.17426795 0.58748543
v 0.05645998 -0.17756405 0.57465671
v 0.01138189 -0.17296635 0.58268172
v 0.03603719 -0.17233897 0.58127704
v 0.02616757 -0.17141194 0.58357131
v -0.09607891 -0.15439761 0.57585536
v -0.05628209 -0.16244127 0.58335584
v -0.08116210 -0.14991228 0.58409568
v -0.05531759 -0.17083137 0.59891876
v -0.08827873 -0.15602696 0.59841310
v -0.07274392 -0.16455751 0.62688890
v -0.09216478 -0.14423773 0.58317795
v -0.10767148 -0.13314142 0.58403010
v -0.09744605 -0.14064196 0.58480724
v -0.10729691 -0.14417218 0.59934941
v -0.12682079 -0.12411458 0.59418063
v -0.14093228 -0.09690292 0.58362746
v -0.13699004 -0.10413190 0.58663328
v -0.14563298 -0.09204303 0.58564996
v 0.32557072 0.08041301 0.08082965
v 0.33417626 0.07445751 0.09630827
v 0.32293018 0.08286634 0.11604751
v 0.34685502 0.06404480 0.08597986
v 0.36892590 0.04585998 0.05082758
v 0.35614411 0.05640379 0.06292581
v 0.37145413 0.04429620 0.03184683
v 0.39800102 0.01953788 0.02942154
v 0.32797730 0.08000097 0.16289538
v 0.33246267 0.07618050 0.14174225
v 0.25146442 0.13547305 0.18956393
v 0.25093068 0.13566970 0.19631535
v 0.24148242 0.14228066 0.20798286
v 0.23212782 0.14870435 0.21187827
v 0.22444002 0.15384516 0.21634486
v 0.32495276 0.08311917 0.19393693
v 0.30825677 0.09605080 0.19750463
v 0.29500684 0.10555521 0.20313228
v 0.30118701 0.10115417 0.20101605
v 0.26934018 0.12359958 0.20227084
v 0.27670964 0.11857111 0.21088567
v 0.28649496 0.11164180 0.20135318
v 0.25199815 0.13507041 0.20945298
v 0.26288846 0.12842201 0.20999615
v 0.21944905 0.15800276 0.23392100
v 0.22893475 0.15131688 0.22486609
v 0.21863434 0.15917325 0.24477386
v 0.22404673 0.15612060 0.25303284
v 0.21929924 0.15970699 0.25876358
v 0.20731331 0.16910842 0.29051682
v 0.22307292 0.15996918 0.29819526
v 0.22618168 0.15938861 0.31561216
v 0.22005766 0.16496954 0.33280437
v 0.21028170 0.17247941 0.34798337
v 0.22061955 0.15911706 0.26464420
v 0.21936475 0.16099922 0.27891489
v 0.20975732 0.16740415 0.28100305
v -0.03066230 0.24504073 0.51696541
v 0.03523186 0.24136072 0.52171297
v 0.05155324 0.24899233 0.50831315
v 0.09620997 0.23046106 0.51502706
v 0.11316811 0.23857961 0.49521295
v 0.09540468 0.25331850 0.48558680
v 0.05935342 0.23772750 0.52098255
v 0.02023083 0.23996547 0.52561767
v 0.10747480 0.24883316 0.48518416
v 0.11378615 0.24900169 0.48021184
v -0.02436971 0.23739040 0.52745300
v -0.00966830 0.23131317 0.53651733
v 0.01075449 0.23374782 0.53397973
v 0.00907834 0.22463666 0.54559095
v 0.13960254 0.23847663 0.47624156
v 0.14380697 0.22966513 0.48639209
v 0.20368009 0.17973650 0.39860498
v 0.22526402 0.16374285 0.35999737
v 0.21881230 0.16953914 0.38413768
v 0.18630063 0.18969974 0.39460655
v 0.19500912 0.18597290 0.41686467
v 0.16550328 0.22031053 0.45126782
v 0.17668384 0.19686316 0.42665942
v 0.18041072 0.20407341 0.44262499
v 0.16013775 0.22974003 0.46359088
v 0.15539954 0.23095736 0.47463099
v -0.16083067 -0.07522536 0.59393716
v -0.16518491 -0.07375521 0.63010076
v -0.17542910 -0.04911865 0.63779785
v -0.15030560 -0.09589161 0.59749536
v -0.14832042 -0.10089197 0.61935098
v -0.15499693 -0.08731422 0.59573505
v -0.17919340 -0.03992324 0.66262185
v -0.18327607 0.00629727 0.63344364
v -0.18284534 -0.02044621 0.67021592
v -0.18510206 0.00758014 0.65690040
v -0.18399710 0.03457643 0.65585164
v -0.17805098 0.06219072 0.65549572
v -0.17092503 0.08129320 0.66190072
v -0.15803085 0.10588295 0.66176970
v -0.11455400 0.15771246 0.64080367
v -0.08674303 0.17304126 0.63190794
v -0.07052467 0.17780751 0.58920831
v -0.07250045 0.18022344 0.60659713
v -0.06510295 0.18776143 0.57024635
v -0.06882044 0.17294764 0.57974134
v -0.04923101 0.19122608 0.57181949
v -0.03087766 0.20168563 0.56819556
v -0.14004269 0.13276689 0.64676859
v -0.14688774 0.12447977 0.66779063
v -0.13272006 0.13961194 0.63510108
v -0.12797254 0.14495875 0.63945529
v -0.02528737 0.22856018 0.53809047
v -0.01821761 0.21837218 0.55190236
v 0.43836901 -0.11568702 0.11284508
v 0.44364088 -0.09871953 0.11248924
v 0.44685274 -0.07766935 0.09953885
v 0.44566353 -0.06095469 0.09169188
v 0.44129061 -0.04024162 0.10297546
v 0.42714165 -0.01398507 0.08626076
v 0.41608282 -0.00022004 0.06321608
v 0.38853404 0.02791863 0.05149241
v 0.40082888 0.01556757 0.06449895
v 0.43586885 -0.12260699 0.13312735
v 0.44041974 -0.11049002 0.14233214
v 0.44023249 -0.11026528 0.15213625
v 0.44317273 -0.09909409 0.15830706
v 0.44230186 -0.09532978 0.18033107
v 0.41671950 -0.12732642 0.26000901
v 0.42398594 -0.10884198 0.25395057
v 0.43782592 -0.09046051 0.21847052
v 0.43212325 -0.08966459 0.24295725
v 0.27705613 -0.22249233 0.40530018
v 0.28703805 -0.22399993 0.39423192
v 0.29793772 -0.20915806 0.39441923
v 0.30449246 -0.19865169 0.39511222
v 0.31438087 -0.19253703 0.38860434
v 0.29436072 -0.21421459 0.39450354
v 0.34679887 -0.16132696 0.36967039
v 0.32705027 -0.17683367 0.38454033
v 0.36266142 -0.14191547 0.36070907
v 0.41040823 -0.11396405 0.28835372
v 0.37994729 -0.12699868 0.34224334
v 0.40671886 -0.09403755 0.30926345
v 0.39252304 -0.10359815 0.33245802
v 0.26535118 -0.21382130 0.42226764
v 0.24738176 -0.16853721 0.46214876
v 0.13215821 -0.15421971 0.56123817
v 0.16075571 -0.15721619 0.53587121
v 0.20211632 -0.14565169 0.50791036
v 0.17530731 -0.15347059 0.52627321
v 0.24971332 -0.13929356 0.47373197
v 0.23849531 -0.12959249 0.48638266
v 0.22527338 -0.12220433 0.50126203
v 0.27157815 -0.19033650 0.43229643
v 0.26258876 -0.17562572 0.44770018
v 0.10991881 -0.17249816 0.55868186
v 0.07662994 -0.16838739 0.57602381
v 0.10288648 -0.16137377 0.57210040
v -0.03283472 -0.17686177 0.60300135
v -0.03219800 -0.17028826 0.58673630
v -0.01826441 -0.17620629 0.59379670
v -0.01339514 -0.17891246 0.61517452
v 0.00765501 -0.17980204 0.60676573
v 0.02963222 -0.17645911 0.59559460
v 0.04828523 -0.16730117 0.58438588
v 0.05850131 -0.16565310 0.58634294
v 0.06313649 -0.16306865 0.58515373
v -0.05028916 -0.17183332 0.62505357
v -0.10176282 -0.14842342 0.62215077
v -0.09543280 -0.15355487 0.64171198
v -0.07219147 -0.16590594 0.64824800
v -0.12147395 -0.13190538 0.61179420
v -0.13711178 -0.11525628 0.60066050
v -0.13028545 -0.12289727 0.60913487
v -0.14280504 -0.10662271 0.59672751
v 0.33918601 0.07030927 0.12013017
v 0.36768982 0.04602854 0.07836693
v 0.36752129 0.04611281 0.11376275
v 0.35596615 0.05626334 0.11773303
v 0.39278523 0.02298382 0.08293660
v 0.35151829 0.06054267 0.17472206
v 0.33835258 0.07222890 0.18961080
v 0.35561030 0.05674092 0.14299697
v 0.24555572 0.14005205 0.22470692
v 0.35079730 0.06217200 0.22031521
v 0.32865156 0.08090927 0.22196322
v 0.31584163 0.09041368 0.21663512
v 0.29867749 0.10403826 0.22542791
v 0.27674707 0.11938579 0.22946377
v 0.25880573 0.13181176 0.23128974
v 0.22950592 0.15166334 0.24112192
v 0.24333646 0.14284251 0.23992328
v 0.23153793 0.15103598 0.25268642
v 0.22880365 0.15377025 0.26769681
v 0.21362466 0.16502573 0.28381219
v 0.22931867 0.15478154 0.28343763
v 0.23877622 0.14944409 0.28937440
v 0.24197872 0.14827359 0.30758730
v 0.24800908 0.14576407 0.32952707
v 0.23682852 0.15656071 0.37087832
v 0.03125219 0.22267960 0.54611547
v 0.13654989 0.21929921 0.50383721
v 0.09268913 0.21608738 0.53388600
v 0.12493860 0.20086159 0.53258448
v 0.06080486 0.22363473 0.53788443
v -0.00346937 0.22366284 0.54652740
v 0.00532342 0.20790328 0.56613548
v 0.16353685 0.21953332 0.48271200
v 0.16352749 0.20796882 0.49557816
v 0.21880294 0.17227341 0.41847525
v 0.23211846 0.16557818 0.42096612
v 0.24155736 0.15540894 0.39675094
v 0.19067356 0.18954057 0.42768946
v 0.20364266 0.18203066 0.42640652
v 0.19032714 0.21233243 0.46176483
v 0.16840608 0.22484270 0.46256083
v 0.18009231 0.21773543 0.46082852
v 0.19596422 0.19612342 0.44011540
v 0.19662905 0.20660169 0.45339348
v 0.17216104 0.22169638 0.47052011
v -0.15164462 -0.09897236 0.63918381
v -0.16446389 -0.07805328 0.65343578
v -0.13165259 -0.12114621 0.61893891
v -0.14137236 -0.10931017 0.63570047
v -0.16807838 -0.07057146 0.67814720
v -0.17305064 -0.05551422 0.68973984
v -0.17847238 -0.03636492 0.69052627
v -0.17963351 -0.01828312 0.69576077
v -0.18500842 -0.00309480 0.68479567
v -0.18444657 0.02844301 0.68236095
v -0.18139392 0.04690874 0.68855991
v -0.17477361 0.07242554 0.67681753
v -0.16688915 0.08467359 0.69331676
v -0.16209481 0.09913153 0.68813855
v -0.15445384 0.11316811 0.68023529
v -0.12995771 0.14400365 0.65480289
v -0.10419747 0.16586848 0.65805218
v -0.12676461 0.14735593 0.66802482
v -0.06860504 0.18406266 0.66008411
v -0.06141354 0.18553278 0.63910894
v -0.05450295 0.17931510 0.57981621
v -0.05139411 0.18878208 0.60310451
v -0.04365012 0.18244269 0.58062164
v -0.03666458 0.18526123 0.57917009
v -0.02284340 0.18762094 0.58210104
v -0.01210291 0.19004619 0.57899220
v -0.00507994 0.19149763 0.57807461
v -0.13578207 0.13835718 0.68055377
v 0.44740520 -0.06727536 0.12102912
v 0.44697448 -0.08463614 0.13352999
v 0.44666549 -0.06393242 0.10583140
v 0.44635644 -0.05965310 0.11467098
v 0.43024113 -0.01866705 0.11211467
v 0.43902449 -0.03484797 0.12678800
v 0.44494254 -0.05182483 0.13373603
v 0.41280538 0.00264533 0.08545548
v 0.41166303 0.00315096 0.11333196
v 0.44266707 -0.10169727 0.15380297
v 0.44680595 -0.08197677 0.15181783
v 0.44493311 -0.08823190 0.16559222
v 0.44284496 -0.07854019 0.19858147
v 0.44535455 -0.07838102 0.17625777
v 0.44478330 -0.07289373 0.18545320
v 0.41962238 -0.09130327 0.28028199
v 0.43870614 -0.06275257 0.22606466
v 0.44078487 -0.06383880 0.21268356
v 0.42880838 -0.07328702 0.26386699
v 0.43332183 -0.06075805 0.25099154
v 0.43635572 -0.06026175 0.23642116
v 0.28259019 -0.20374568 0.41365281
v 0.29746956 -0.19707855 0.40368960
v 0.31385649 -0.18319178 0.39565531
v 0.34904620 -0.13913437 0.38108500
v 0.33843688 -0.15152289 0.38658169
v 0.31873507 -0.17121530 0.39803374
v 0.32507449 -0.15437890 0.40069307
v 0.35606917 -0.12537872 0.37929653
v 0.37475029 -0.11275610 0.35794672
v 0.36474022 -0.12079038 0.36911786
v 0.40694361 -0.07971068 0.31580876
v 0.41767467 -0.06391370 0.29836379
v 0.39906849 -0.08422413 0.32945220
v 0.39136197 -0.07558120 0.34666313
v 0.37850525 -0.09844798 0.35846167
v 0.38495697 -0.08378402 0.35454754
v 0.26711157 -0.15591460 0.45382427
v 0.12447977 -0.13928420 0.57513423
v 0.15577411 -0.13631583 0.55717430
v 0.13826352 -0.12980786 0.57337391
v 0.17865963 -0.12826282 0.54228550
v 0.18807038 -0.13865680 0.52571126
v 0.19841758 -0.11471317 0.53194766
v 0.26556651 -0.12927413 0.46603488
v 0.25033136 -0.11624885 0.48259027
v 0.23679108 -0.10147254 0.50044732
v 0.21891532 -0.10708154 0.51527053
v 0.29237551 -0.17861283 0.42078823
v 0.28526831 -0.13471458 0.44883324
v 0.07360540 -0.15878933 0.58310308
v 0.08662129 -0.15533403 0.58797223
v 0.08659318 -0.15283385 0.58285018
v 0.09797975 -0.14699074 0.58230708
v 0.10506827 -0.14169074 0.58253183
v 0.11215678 -0.13750504 0.58113658
v -0.03089638 -0.17606583 0.62823728
v 0.01052038 -0.18038260 0.62320881
v -0.02410752 -0.17668384 0.64351930
v -0.00362854 -0.18101935 0.64732112
v 0.03767587 -0.17705840 0.61980035
v 0.05723719 -0.17066281 0.59551029
v 0.05482129 -0.17274162 0.60979970
v 0.06976618 -0.16645840 0.59570690
v -0.04478314 -0.17394020 0.65146929
v -0.12106194 -0.13140910 0.63707686
v -0.11591177 -0.13707430 0.64008268
v -0.11367377 -0.14016441 0.64925004
v -0.10979711 -0.14458420 0.67121796
v -0.08306301 -0.16109284 0.67375556
v -0.06748137 -0.16775999 0.66727568
v -0.04760168 -0.17446459 0.66949494
v -0.12670842 -0.12600611 0.62500671
v 0.37837415 0.03629002 0.09755371
v 0.38889918 0.02635485 0.11421219
v 0.37355172 0.04057871 0.14103991
v 0.37446003 0.04025098 0.18180119
v 0.38063084 0.03436103 0.15881272
v 0.35993650 0.05360397 0.20577297
v 0.25248510 0.13627838 0.24297597
v 0.36871986 0.04672149 0.23672085
v 0.34549728 0.06767802 0.24640323
v 0.33160116 0.07982308 0.24879101
v 0.31913772 0.08917764 0.24194593
v 0.29748828 0.10533985 0.24226427
v 0.31061655 0.09637854 0.25643195
v 0.28589571 0.11434796 0.25083237
v 0.27877908 0.11946069 0.25624470
v 0.26610024 0.12775718 0.24806995
v 0.23857025 0.14669109 0.24708670
v 0.23490896 0.14889163 0.24812618
v 0.25427363 0.13581954 0.25811746
v 0.24647338 0.14213085 0.26846467
v 0.23717501 0.14895718 0.27398001
v 0.23354179 0.15173828 0.27867135
v 0.24688545 0.14340433 0.29174347
v 0.25464813 0.13894710 0.30372932
v 0.27158758 0.12855310 0.31270935
v 0.26792621 0.13251406 0.33304784
v 0.25446088 0.14279568 0.34696276
v 0.25578119 0.14376018 0.37119666
v 0.04563522 0.20986034 0.55911251
v 0.14175628 0.20563719 0.51527053
v 0.15629849 0.20105823 0.50882810
v 0.07374585 0.20868049 0.55123753
v 0.10429109 0.19520576 0.55166818
v 0.14710306 0.19251832 0.52528061
v 0.11464762 0.18142201 0.56009583
v 0.13675593 0.18262994 0.54324067
v 0.00500504 0.19160065 0.58567811
v 0.01591402 0.19028031 0.57856155
v 0.02656085 0.20121740 0.57063957
v 0.17639358 0.21060012 0.48171011
v 0.16997922 0.19640437 0.50216105
v 0.22014196 0.17830381 0.43012404
v 0.25358065 0.15966016 0.42451504
v 0.24287767 0.15672924 0.41158344
v 0.24387963 0.16865895 0.43088260
v 0.23680980 0.17556018 0.43776498
v 0.22958086 0.18071971 0.43823320
v 0.25616511 0.14505241 0.39189093
v 0.25300012 0.15089552 0.41092790
v 0.21592821 0.19036461 0.44132333
v 0.19899819 0.19937272 0.47140041
v 0.21201401 0.19465330 0.44633308
v 0.21093718 0.19773403 0.45327175
v -0.13681212 -0.11441353 0.64173084
v -0.15060522 -0.10076087 0.65241503
v -0.15795593 -0.09040433 0.67076845
v -0.16328404 -0.07624603 0.69250219
v -0.16446389 -0.05680645 0.70190358
v -0.16971706 -0.04203013 0.70176313
v -0.16724498 -0.02934196 0.70545250
v -0.16417361 -0.01650398 0.70643568
v -0.17245136 -0.00886298 0.70401982
v -0.17195505 0.00351616 0.70393552
v -0.18127220 0.01711263 0.69734334
v -0.17190824 0.02538100 0.70349544
v -0.17076584 0.04060679 0.70318638
v -0.16891176 0.05564533 0.70255899
v -0.17532608 0.06475646 0.69102264
v -0.16354621 0.07536582 0.70114502
v -0.15606443 0.08432713 0.70350473
v -0.15514675 0.09612571 0.70019928
v -0.14954710 0.10990945 0.69839210
v -0.14243987 0.12115557 0.69709987
v -0.11792503 0.15546513 0.68329740
v -0.09372856 0.17219851 0.68258570
v -0.07836228 0.18093510 0.67981392
v -0.10604215 0.16383651 0.68527318
v -0.12575328 0.14784287 0.68364375
v -0.04703987 0.19296779 0.66217234
v -0.06055207 0.18781758 0.68576942
v -0.03382733 0.19573950 0.63963318
v -0.03978278 0.19261194 0.62117688
v -0.03223544 0.19350153 0.59862842
v -0.01046423 0.19484055 0.59220470
v -0.12079976 0.14735593 0.69511466
v -0.12964869 0.13423701 0.69926297
v 0.44718987 -0.06637643 0.13011217
v 0.44729289 -0.06699445 0.14107734
v 0.42303084 -0.00957464 0.13241572
v 0.43717980 -0.03170168 0.15227670
v 0.44611297 -0.05878225 0.15080651
v 0.40453704 0.01105415 0.12997171
v 0.44589764 -0.07000963 0.17246538
v 0.44605681 -0.06376387 0.16188413
v 0.44376269 -0.06954144 0.19396500
v 0.44434322 -0.05516776 0.17058325
v 0.42284360 -0.06182553 0.28588163
v 0.43720788 -0.04397784 0.21671942
v 0.43177676 -0.03447341 0.23567209
v 0.42823720 -0.05861370 0.26971010
v 0.42528761 -0.05274249 0.27953286
v 0.42873351 -0.04942765 0.26622669
v 0.35019798 -0.12803808 0.38575754
v 0.33884888 -0.12804744 0.39973804
v 0.31623491 -0.14148472 0.41739848
v 0.35776404 -0.11229727 0.38272372
v 0.35157451 -0.10784939 0.39267764
v 0.36901955 -0.11173542 0.36704849
v 0.36805503 -0.10177218 0.37279794
v 0.40653154 -0.05976546 0.32392736
v 0.41306757 -0.05158137 0.31265320
v 0.40201809 -0.05834214 0.33315086
v 0.42202888 -0.04939956 0.28984263
v 0.41727203 -0.04571952 0.30335483
v 0.39768260 -0.06367023 0.33956515
v 0.39630614 -0.05953137 0.34343256
v 0.37916072 -0.07312783 0.36717022
v 0.38770068 -0.05412836 0.35917337
v 0.37876744 -0.09170592 0.36092439
v 0.12134285 -0.12895575 0.58234451
v 0.16892110 -0.11137961 0.56293305
v 0.15102662 -0.11015292 0.57491890
v 0.12698932 -0.12360894 0.58356188
v 0.13518279 -0.11539674 0.58265357
v 0.18476493 -0.09837307 0.55607868
v 0.21111514 -0.09117218 0.53204139
v 0.27122237 -0.11447907 0.46726153
v 0.25541598 -0.10138825 0.48451918
v 0.25800044 -0.07866193 0.49015648
v 0.22864441 -0.07915821 0.51922210
v 0.30256354 -0.11742872 0.44137948
v 0.28371389 -0.10022712 0.46303835
v 0.08632163 -0.16060594 0.60420942
v 0.10985326 -0.14581088 0.59567875
v 0.02815274 -0.18013916 0.64793909
v -0.02240329 -0.17904357 0.66889569
v 0.00229884 -0.18157183 0.66840874
v 0.02519371 -0.18051370 0.66662957
v 0.05485873 -0.17311617 0.62522217
v 0.04739564 -0.17629057 0.63564418
v 0.06606741 -0.16867766 0.60333855
v 0.07513171 -0.16504445 0.62064321
v -0.12218561 -0.13096900 0.65429722
v -0.12697061 -0.12525698 0.63829422
v -0.12707359 -0.12756052 0.66753787
v -0.13044462 -0.12528507 0.68620021
v -0.11549977 -0.13949020 0.68892512
v -0.08786669 -0.15826493 0.68724897
v -0.06900768 -0.16280646 0.69721217
v -0.05322008 -0.17328473 0.68747372
v -0.02045558 -0.17966158 0.68883153
v -0.02968845 -0.17411813 0.69880403
v 0.39053790 0.02479107 0.13742547
v 0.39149307 0.02402322 0.17724101
v 0.38354301 0.03241333 0.21385405
v 0.39297255 0.02291827 0.19758886
v 0.40330096 0.01197182 0.16555478
v 0.39866585 0.01701900 0.22384541
v 0.38225078 0.03397714 0.24709613
v 0.36934726 0.04701175 0.25889474
v 0.34756672 0.06705998 0.26815568
v 0.33567446 0.07827802 0.28518865
v 0.29554993 0.10828013 0.26198479
v 0.31589778 0.09417800 0.28313800
v 0.29731968 0.10784001 0.28437401
v 0.26803859 0.12717661 0.25908199
v 0.26333789 0.13051953 0.26700390
v 0.27964052 0.12020983 0.27867135
v 0.25594036 0.13537007 0.26514043
v 0.25709213 0.13519215 0.27266906
v 0.25606209 0.13668102 0.28510442
v 0.25223227 0.13942465 0.29014225
v 0.25962980 0.13563226 0.29761466
v 0.27168117 0.12725151 0.29473993
v 0.29285309 0.11350524 0.31331803
v 0.28492182 0.12082783 0.33347864
v 0.27068863 0.13259833 0.36126145
v 0.27042644 0.13486441 0.38764917
v 0.06373578 0.19065487 0.57172576
v 0.04435239 0.19261194 0.57449754
v 0.15544641 0.19412889 0.51689054
v 0.08696775 0.18924091 0.56683775
v 0.15188806 0.18223669 0.53181663
v 0.15888295 0.18124409 0.52703164
v 0.10843930 0.16824691 0.57298999
v 0.13246723 0.16161722 0.56634151
v 0.13963065 0.16819072 0.55482388
v 0.14726230 0.17394021 0.54337170
v 0.01626987 0.19443791 0.59072530
v 0.00080061 0.19715346 0.60643796
v 0.02736614 0.18872589 0.57967575
v 0.18630063 0.19574886 0.48819927
v 0.17620626 0.18196514 0.51108479
v 0.24908599 0.16420169 0.44568696
v 0.26269178 0.15142926 0.41925253
v 0.26703670 0.14887291 0.43279280
v 0.23017075 0.18027023 0.45381484
v 0.26543541 0.14034232 0.40056205
v 0.25912414 0.14581087 0.40620848
v 0.21516036 0.18334164 0.46958380
v 0.19693810 0.18360383 0.48925746
v -0.12968616 -0.12237289 0.65139442
v -0.14674728 -0.10566759 0.65826750
v -0.13224251 -0.12008807 0.65811776
v -0.14158775 -0.11219425 0.66626436
v -0.15089552 -0.09988066 0.68944950
v -0.15296496 -0.08454249 0.70050833
v -0.15566177 -0.07281883 0.70334570
v -0.15881744 -0.06570222 0.70346729
v -0.15187873 -0.06058012 0.70642639
v -0.14432203 -0.04761104 0.70689462
v -0.14374146 -0.02633613 0.70622979
v -0.15008084 0.00625980 0.70662300
v -0.17108420 0.01395699 0.70407597
v -0.15667307 0.02686987 0.70764361
v -0.15868633 0.04559779 0.70656685
v -0.14825487 0.06107641 0.70653870
v -0.16628988 0.06498118 0.70210962
v -0.13457414 0.07909266 0.70583643
v -0.14575471 0.09595717 0.70470337
v -0.13038843 0.11744744 0.70486254
v -0.10724073 0.15489392 0.69816735
v -0.08192996 0.17103737 0.69820478
v -0.09342890 0.16627113 0.69625715
v -0.07573103 0.17527927 0.69720289
v -0.03114921 0.19695682 0.67218242
v -0.02545594 0.19797750 0.65523368
v -0.04135592 0.19364198 0.68653727
v -0.05496178 0.18282662 0.69826093
v -0.03718896 0.18413757 0.70210019
v -0.01099796 0.19869853 0.63533512
v -0.02179464 0.19554286 0.61807747
v -0.11299958 0.14345116 0.70263400
v -0.10678189 0.12721404 0.70500299
v 0.41158809 0.00280450 0.15378425
v 0.42614904 -0.01404126 0.15976782
v 0.43759180 -0.03537235 0.17863619
v 0.42541870 -0.01352624 0.17841151
v 0.44060698 -0.04768596 0.19581905
v 0.43084038 -0.02346140 0.20399386
v 0.42734762 -0.03217925 0.25912878
v 0.42266564 -0.01189691 0.22488481
v 0.41992200 -0.02768453 0.28665884
v 0.32856726 -0.11364567 0.41752951
v 0.34304392 -0.10527430 0.40428885
v 0.36018933 -0.09141563 0.38779891
v 0.34632129 -0.09682801 0.40343670
v 0.41084831 -0.04478312 0.31919866
v 0.40745856 -0.04585062 0.32592200
v 0.40386285 -0.04585998 0.33310414
v 0.39411497 -0.03921158 0.35239387
v 0.37013383 -0.06809938 0.38164681
v 0.37192236 -0.04341599 0.38490554
v 0.38493826 -0.02788118 0.36918344
v 0.13100644 -0.12768225 0.59407761
v 0.16415489 -0.08839109 0.57521853
v 0.14375078 -0.10791494 0.58611819
v 0.15061454 -0.09694975 0.58248497
v 0.14106334 -0.11753172 0.59398402
v 0.20644252 -0.06493437 0.55089104
v 0.18466191 -0.07381140 0.56787722
v 0.27472450 -0.06968189 0.47788957
v 0.26196143 -0.05159071 0.49297498
v 0.23898226 -0.06058012 0.51424049
v 0.24950735 -0.04444603 0.50701149
v 0.23069513 -0.06092660 0.52355759
v 0.21992657 -0.05664726 0.53811862
v 0.31918451 -0.09665946 0.43294254
v 0.29529710 -0.08070327 0.45881517
v 0.09554514 -0.15519356 0.62461349
v 0.12267252 -0.13812306 0.61375127
v 0.05656296 -0.17423985 0.65559874
v 0.01330148 -0.18177784 0.68403711
v 0.03676757 -0.17894993 0.68068479
v 0.07676103 -0.16435151 0.64006397
v 0.05675960 -0.17366865 0.64107529
v -0.13568845 -0.11957307 0.67610583
v -0.11898314 -0.12374003 0.70456292
v -0.12891831 -0.12009745 0.69966561
v -0.13878793 -0.11338348 0.69398174
v -0.08924323 -0.15135434 0.69788644
v -0.09447766 -0.14128808 0.70458163
v -0.11050877 -0.13630645 0.69947829
v -0.07898968 -0.15577413 0.69881346
v -0.05759304 -0.16654268 0.69784900
v -0.06205030 -0.15996918 0.70331755
v -0.07009391 -0.14376954 0.70543379
v -0.04758296 -0.16787237 0.70025558
v -0.00286069 -0.17821954 0.69665979
v -0.01394763 -0.17217041 0.70271830
v -0.03697360 -0.16775999 0.70350473
v -0.02051177 -0.15509056 0.70796209
v 0.40230843 0.01302993 0.18603373
v 0.41174726 0.00276707 0.19479844
v 0.41198137 0.00193367 0.23284416
v 0.39677430 0.01965026 0.24888460
v 0.38947042 0.02769391 0.27064648
v 0.37906706 0.03846248 0.28031007
v 0.36411282 0.05191845 0.28021641
v 0.35000137 0.06600186 0.30442230
v 0.33064599 0.08321283 0.30022720
v 0.31266720 0.09812024 0.30402895
v 0.26522009 0.13049145 0.27996358
v 0.30133682 0.10922590 0.33523909
v 0.28762802 0.11993824 0.35366738
v 0.29026863 0.11956371 0.37654347
v 0.28610167 0.12499479 0.39108564
v 0.28392929 0.12957379 0.40065563
v 0.27135347 0.13606298 0.39759366
v 0.04635628 0.18557025 0.58156738
v 0.07152660 0.17957732 0.57813076
v 0.06573028 0.17979268 0.58042489
v 0.05678771 0.18249885 0.58034059
v 0.08387766 0.17223598 0.57964775
v 0.15769374 0.16036246 0.54741699
v 0.17388399 0.16309674 0.53056184
v 0.12050945 0.14925680 0.57897348
v 0.10207180 0.16171088 0.58041560
v 0.09707148 0.16584037 0.57927325
v 0.11082712 0.15608313 0.57964775
v 0.14591385 0.14722483 0.56767118
v 0.13074425 0.14037043 0.57903907
v 0.14316086 0.15876121 0.56034859
v 0.02595221 0.19080469 0.58652083
v 0.02398578 0.19586123 0.60278602
v 0.00744901 0.19786513 0.62186986
v 0.02867712 0.19352960 0.59101563
v 0.19608595 0.14947220 0.52019599
v 0.19910113 0.16743226 0.50213290
v 0.22695890 0.16330274 0.47508979
v 0.25257869 0.14368527 0.46118430
v 0.28429442 0.13260769 0.41739848
v 0.27026720 0.14353542 0.41273522
v 0.28184105 0.12346848 0.43651018
v 0.27646617 0.13788895 0.40855876
v 0.20839958 0.17282590 0.48730968
v -0.14466848 -0.09884126 0.70018056
v -0.14296425 -0.07499125 0.70683832
v -0.12440486 -0.08672429 0.70691319
v -0.12064058 -0.05511158 0.70555552
v -0.12512592 -0.02396705 0.70665100
v -0.12471388 -0.00272024 0.70806497
v -0.12932096 0.02203808 0.70613605
v -0.12683951 0.03741368 0.70599560
v -0.12133349 0.05970927 0.70548065
v -0.10932892 0.07718243 0.70652941
v -0.12214817 0.09635046 0.70539635
v -0.08839111 0.15402308 0.70510601
v -0.06933546 0.16514746 0.70393552
v -0.05282679 0.16759143 0.70487197
v -0.00854463 0.19992521 0.66163853
v -0.01132574 0.19907309 0.68529190
v -0.02718825 0.19283669 0.69456227
v -0.03308755 0.15254357 0.70438503
v -0.01522111 0.18557025 0.70255899
v -0.01178457 0.16796600 0.70417899
v 0.00239246 0.20048702 0.67409262
v 0.01994053 0.19875468 0.65281767
v 0.02208487 0.19673207 0.63247918
v -0.10359818 0.10238082 0.70475952
v -0.08590963 0.11122976 0.70584586
v -0.07076814 0.13087538 0.70456292
v 0.41820841 -0.00867569 0.25779912
v 0.40868528 -0.02501581 0.32133361
v 0.41158809 -0.01374162 0.30203445
v 0.41397594 -0.00639089 0.27736040
v 0.33854918 -0.08605946 0.41572233
v 0.35669657 -0.06452235 0.40034672
v 0.34899941 -0.08596582 0.40368960
v 0.40231779 -0.03293772 0.33807631
v 0.39624992 -0.01087623 0.34515544
v 0.35350343 -0.04498914 0.40812811
v 0.37319587 -0.01570804 0.38734954
v 0.38374904 -0.00524851 0.36873393
v 0.15689781 -0.08702394 0.58148308
v 0.16596207 -0.07581527 0.58513501
v 0.15921065 -0.09831688 0.60140949
v 0.15022126 -0.11074285 0.61739378
v 0.21533825 -0.04295715 0.54752001
v 0.19103877 -0.05201211 0.57004032
v 0.17077515 -0.06148843 0.58066836
v 0.28916372 -0.05386617 0.46920916
v 0.27718722 -0.03621511 0.48167268
v 0.26797308 -0.02916405 0.49085875
v 0.25879637 -0.03599037 0.49882745
v 0.23632285 -0.04767659 0.52083267
v 0.24141691 -0.02648596 0.51931583
v 0.31802337 -0.07055274 0.44097684
v 0.31043859 -0.05075733 0.45146457
v 0.09687480 -0.15552130 0.65115095
v 0.11513453 -0.14568913 0.63741407
v 0.13595060 -0.12908684 0.64639395
v 0.06500925 -0.17170222 0.66887683
v 0.05571084 -0.17458632 0.67300642
v 0.00769248 -0.17748914 0.69835466
v 0.01567058 -0.17852855 0.69570462
v 0.03030645 -0.17312554 0.70111701
v 0.02141068 -0.17495151 0.69997453
v 0.03667394 -0.17637482 0.69446854
v 0.04193649 -0.17326599 0.69773655
v 0.05216192 -0.17541035 0.68561025
v 0.08119954 -0.16593401 0.67509451
v -0.12651178 -0.10466564 0.70658556
v -0.10219357 -0.10103242 0.70710051
v -0.09394392 -0.12149268 0.70836474
v -0.13805755 -0.10727818 0.70076109
v -0.07020629 -0.12977979 0.71237245
v -0.04139339 -0.15484709 0.70728783
v -0.03749798 -0.13525769 0.70776535
v 0.00065079 -0.16633667 0.70581771
v 0.00688719 -0.15322714 0.70686647
v -0.00626919 -0.12734514 0.70662300
v 0.40268292 0.01188755 0.27503813
v 0.38625856 0.03101811 0.29541412
v 0.36756808 0.05042961 0.30147263
v 0.36449675 0.05405344 0.32704563
v 0.35669657 0.06200343 0.34162523
v 0.33584306 0.07958897 0.32432071
v 0.31802337 0.09500204 0.32742955
v 0.31069142 0.10200629 0.34738412
v 0.30335011 0.11185716 0.38337912
v 0.29599001 0.12094021 0.40105828
v 0.03921158 0.19371689 0.59671822
v 0.05499918 0.19057061 0.60352587
v 0.06888595 0.18493350 0.59358124
v 0.07959832 0.17888438 0.58973269
v 0.09221158 0.17428667 0.59308500
v 0.18336968 0.14019250 0.53973848
v 0.15748770 0.13860061 0.56480581
v 0.12462958 0.15098915 0.59020092
v 0.10888877 0.16603701 0.60136277
v 0.14060451 0.13007005 0.57917009
v 0.15386384 0.13071617 0.57202553
v 0.14480894 0.13092217 0.59022892
v 0.04388416 0.19265877 0.61532441
v 0.21184548 0.12515400 0.52058920
v 0.21444866 0.15042730 0.50070022
v 0.19707856 0.12255082 0.53787514
v 0.23115400 0.14768366 0.48402295
v 0.26053811 0.12630574 0.46613776
v 0.23706263 0.13250470 0.48943535
v 0.30587835 0.10610770 0.41122752
v 0.30370589 0.09595717 0.43136012
v 0.28525895 0.10478736 0.45113679
v -0.10596725 -0.06828666 0.70693205
v -0.09642537 -0.05446546 0.71645518
v -0.10739057 -0.03224480 0.71735406
v -0.09788616 -0.04320999 0.72525733
v -0.10895435 -0.02467871 0.71863700
v -0.11471317 0.00724301 0.71704515
v -0.11265312 -0.00875063 0.71814077
v -0.11300893 0.02523119 0.71763497
v -0.11124851 0.03692677 0.71731662
v -0.11026530 0.04814478 0.71475088
v -0.10619197 0.05777093 0.71515352
v -0.10229659 0.06416653 0.71603382
v -0.09231460 0.08646212 0.71184807
v -0.09337271 0.07390506 0.72050976
v -0.05434374 0.14420026 0.70431016
v -0.01107291 0.19494357 0.69478703
v 0.00630663 0.19918543 0.68966483
v -0.00924694 0.14788967 0.70485325
v -0.02649534 0.13102519 0.71077117
v 0.00242993 0.18491478 0.70327069
v 0.00762693 0.16379904 0.70452548
v 0.02669195 0.19861423 0.66628308
v 0.01713135 0.19735947 0.69268951
v 0.03361193 0.19560840 0.65137570
v 0.04473631 0.19267749 0.62935163
v 0.03554088 0.19463455 0.64140306
v -0.08549763 0.09073206 0.71417035
v -0.07364287 0.10294267 0.71420778
v -0.06519657 0.11159497 0.71182007
v -0.05374446 0.11685752 0.71427336
v -0.03846248 0.12607166 0.71202596
v 0.40247696 -0.00484583 0.32309407
v 0.39934004 0.01241193 0.30571453
v 0.33849303 -0.07308102 0.41915880
v 0.34091832 -0.05659109 0.42021699
v 0.39113722 0.01496828 0.33497690
v 0.38004088 0.02146687 0.35905163
v 0.33519694 -0.03002552 0.43033008
v 0.35913122 -0.01507130 0.40530961
v 0.37543384 0.01552077 0.37516694
v 0.36302663 0.00903154 0.39935412
v 0.17083137 -0.07909266 0.61295541
v 0.18137518 -0.05491493 0.60237409
v 0.16026884 -0.09620061 0.62908944
v 0.15271213 -0.11051812 0.64177756
v 0.20703241 -0.03306882 0.55883160
v 0.22560115 -0.00519232 0.54158323
v 0.17376225 -0.05494303 0.58252240
v 0.17690860 -0.04472695 0.58171712
v 0.19316443 -0.02754408 0.57218470
v 0.29540012 -0.01971581 0.46760802
v 0.27312321 -0.01129763 0.48747828
v 0.26407767 -0.02006228 0.49568118
v 0.25138947 -0.00889109 0.51012976
v 0.33073029 -0.04608471 0.43288639
v 0.31601016 -0.02421052 0.44964796
v 0.09933753 -0.15621422 0.67543157
v 0.11770027 -0.14479020 0.66933577
v 0.15641087 -0.10717518 0.67597481
v 0.14268331 -0.12298154 0.68145265
v 0.04535432 -0.15612996 0.70649197
v 0.04949320 -0.16834055 0.70052705
v 0.05623522 -0.16987624 0.69682825
v 0.07016882 -0.15964144 0.70252155
v 0.07844655 -0.15835859 0.70062064
v 0.09337271 -0.15789038 0.69108822
v -0.07642397 -0.09970274 0.70872995
v -0.08372785 -0.08413985 0.71214770
v -0.06885787 -0.11329922 0.70713809
v -0.04541054 -0.11861794 0.70815870
v -0.02042747 -0.10968473 0.71692341
v 0.02385465 -0.13641881 0.70638881
v -0.00653138 -0.11137961 0.71329948
v 0.00368469 -0.10973155 0.71584650
v 0.02554017 -0.11712906 0.70975056
v 0.38023756 0.03633685 0.32378690
v 0.37210025 0.04143083 0.34879809
v 0.36317644 0.04502658 0.37325674
v 0.34435486 0.07391442 0.35487531
v 0.32950364 0.08716439 0.35480044
v 0.31788299 0.09852288 0.37739562
v 0.06986916 0.18611335 0.61741249
v 0.09584476 0.17496089 0.62177613
v 0.16823755 0.12550981 0.56454362
v 0.18462448 0.11594921 0.55507664
v 0.14225255 0.13699004 0.60759917
v 0.12836582 0.15181319 0.63467972
v 0.14628841 0.12240097 0.57981621
v 0.15950099 0.10497464 0.58000353
v 0.17108420 0.11300893 0.56890726
v 0.15396686 0.11307448 0.58351501
v 0.15920129 0.11608030 0.59970533
v 0.05324815 0.19085152 0.63087804
v 0.21822233 0.09894428 0.52798681
v 0.24381405 0.11198825 0.49492261
v 0.20120801 0.10218418 0.54522588
v 0.26801987 0.09765205 0.47743078
v 0.32079516 0.08499197 0.41325017
v 0.30073757 0.07757571 0.45180163
v 0.31066335 0.08143365 0.43589221
v 0.28624213 0.08507623 0.46419013
v -0.08594710 -0.06978489 0.71681096
v -0.08909341 -0.05998084 0.71820621
v -0.10593914 -0.01909779 0.72832859
v -0.09791424 -0.03015664 0.75330234
v -0.08204233 -0.06339868 0.73000475
v -0.08669624 -0.04959620 0.74536163
v -0.10649163 -0.00839479 0.73755209
v -0.10767148 0.02250627 0.73512695
v -0.10010542 0.05221811 0.73331962
v -0.07044976 0.09446830 0.73575420
v -0.07966391 0.09231460 0.71931112
v 0.02112038 0.18248949 0.70357974
v -0.01413492 0.13358154 0.71074316
v -0.00192431 0.13301033 0.71291555
v 0.01357303 0.13559479 0.71034981
v 0.02804037 0.15744091 0.70412284
v -0.02019339 0.12207323 0.72704579
v 0.03654285 0.19594550 0.65969076
v 0.04112181 0.19668527 0.67630258
v 0.02533417 0.19589870 0.69335420
v 0.03330291 0.19726584 0.68543236
v 0.04129038 0.19356707 0.64519546
v 0.04980222 0.19427874 0.66311808
v 0.04929656 0.19197518 0.64008268
v -0.05151584 0.11061176 0.72600632
v -0.04321000 0.12089338 0.71576220
v -0.04613156 0.11496600 0.72287890
v -0.03604658 0.11447909 0.74080139
v 0.34847503 -0.00451809 0.41833479
v 0.32525238 -0.01896669 0.44142634
v 0.36346671 0.02541847 0.39156330
v 0.35221120 0.03764780 0.40402666
v 0.34491668 0.01936935 0.42126574
v 0.17049424 -0.07814690 0.64612248
v 0.17548527 -0.06823049 0.62931419
v 0.18572003 -0.04718030 0.63208597
v 0.18543912 -0.03449214 0.59183021
v 0.18987763 -0.02472552 0.61305829
v 0.16332146 -0.09526423 0.65927883
v 0.20659233 -0.02333029 0.56099470
v 0.23414111 0.02933260 0.53046825
v 0.22226756 0.01824569 0.54574083
v 0.20140469 -0.00895664 0.56824242
v 0.20452289 0.00123136 0.56571412
v 0.20481315 0.01495892 0.56567668
v 0.18143133 -0.02871458 0.58156738
v 0.18334160 -0.01945362 0.58139877
v 0.18542976 -0.00777678 0.58048118
v 0.28951957 0.00120329 0.47365710
v 0.30671171 0.00892852 0.45925539
v 0.26087517 0.01660697 0.50041931
v 0.27680330 0.01161600 0.48492197
v 0.24761580 0.03272234 0.51387529
v 0.32212482 -0.00109091 0.44528432
v 0.11216614 -0.14710310 0.68885954
v 0.12622147 -0.13440558 0.69338235
v 0.17253560 -0.08133065 0.67066543
v 0.14626034 -0.11026528 0.69739949
v 0.15690717 -0.09520804 0.69848569
v 0.17124337 -0.08149922 0.68914045
v 0.13225187 -0.12738261 0.69572334
v 0.14123187 -0.11696989 0.69687511
v 0.06301476 -0.16378967 0.70151023
v 0.06780908 -0.13826354 0.70667915
v 0.04307887 -0.13605362 0.70599560
v 0.08638718 -0.15096105 0.70330812
v 0.09611635 -0.14473403 0.70356102
v 0.10849549 -0.14093224 0.70024615
v 0.10170663 -0.14515541 0.70048019
v -0.06135735 -0.08685539 0.72404940
v -0.04792942 -0.10039568 0.71786915
v -0.05642254 -0.09539532 0.71813134
v -0.07963580 -0.07164832 0.72327211
v -0.07264090 -0.08148984 0.71996667
v -0.03510081 -0.10536795 0.71781300
v -0.02131706 -0.10118225 0.73327276
v -0.00612874 -0.10267112 0.73181207
v 0.00816067 -0.10829886 0.71915195
v 0.01366669 -0.10275539 0.73406876
v 0.01828312 -0.10999374 0.71753195
v 0.05852006 -0.11898313 0.70583643
v 0.03389284 -0.11066795 0.71364597
v 0.34637751 0.06281811 0.38818283
v 0.33671393 0.07900840 0.37814476
v 0.33049617 0.08002908 0.39817419
v 0.07736032 0.18494285 0.63571905
v 0.06463472 0.18944691 0.63962389
v 0.10251192 0.17324727 0.64392194
v 0.18060733 0.09519868 0.56910386
v 0.17774196 0.10808348 0.56611676
v 0.15233757 0.12554728 0.62760989
v 0.13498611 0.14784287 0.65962532
v 0.12182976 0.16078386 0.66555266
v 0.14170010 0.13797325 0.64777049
v 0.16562501 0.09537661 0.57987250
v 0.16843416 0.09851352 0.59319731
v 0.16947356 0.09996493 0.61359210
v 0.21851267 0.06851142 0.54053448
v 0.23932875 0.08380275 0.51070086
v 0.26657783 0.07617111 0.48603631
v 0.18917536 0.08487023 0.56632280
v 0.33433543 0.05903508 0.41832550
v 0.32084195 0.05784587 0.43829879
v 0.30444566 0.05123490 0.45794430
v 0.28468771 0.05868863 0.47380699
v -0.10361690 -0.00289816 0.75766597
v -0.09543280 -0.02197253 0.77858499
v -0.08777307 -0.04151511 0.76632766
v -0.07179815 -0.07397995 0.73575420
v -0.07968263 -0.06254655 0.74216863
v -0.07897096 -0.05858561 0.75723518
v -0.07894285 -0.05475574 0.76679575
v -0.10517132 0.01728119 0.75129855
v -0.10091070 0.03693613 0.75737563
v -0.09155610 0.06292113 0.75524068
v -0.04928720 0.10707220 0.74937878
v -0.05012995 0.10877643 0.73883504
v -0.07952342 0.07714496 0.76775092
v -0.06117007 0.09546087 0.76478253
v 0.04448348 0.17957732 0.70303664
v 0.03967041 0.19122608 0.69633202
v 0.00264529 0.12526634 0.72876881
v 0.00533277 0.13296353 0.71360853
v 0.02772199 0.13253278 0.71170762
v 0.02924830 0.12402094 0.72371219
v 0.04018543 0.14290806 0.70476895
v 0.05450291 0.15385452 0.70420714
v -0.01346069 0.11990081 0.74831130
v 0.06058946 0.19107624 0.68826958
v 0.06015875 0.19161937 0.65116967
v 0.06091720 0.19188156 0.66707894
v -0.03913667 0.10895432 0.76379935
v -0.02685115 0.11278422 0.76835960
v 0.33629249 0.00135310 0.43156601
v 0.33982270 0.03845308 0.42211790
v 0.32475615 0.02521247 0.44271858
v 0.18310749 -0.05712483 0.65425036
v 0.18996193 -0.03821899 0.66812784
v 0.19349213 -0.01730927 0.64980256
v 0.18860419 -0.01181265 0.59075345
v 0.19412889 -0.00307605 0.63319088
v 0.19286473 -0.00470538 0.62126118
v 0.19179726 -0.00490202 0.60712151
v 0.24832750 0.05835149 0.50830372
v 0.21537568 0.03809727 0.55195852
v 0.18591671 0.00561368 0.57943228
v 0.19931653 0.02445397 0.56991858
v 0.18939076 -0.00003276 0.59016348
v 0.28710364 0.02749727 0.47519280
v 0.31645967 0.01484654 0.45062170
v 0.30318151 0.03218861 0.46139963
v 0.31376283 0.03113049 0.45236344
v 0.27271121 0.03330291 0.48752515
v 0.32602023 0.00689655 0.44178212
v 0.11476936 -0.13581017 0.70063007
v 0.11943258 -0.12885275 0.70281189
v 0.18183398 -0.06202219 0.67871844
v 0.13392799 -0.11186652 0.70401982
v 0.14885416 -0.10191263 0.70079853
v 0.13884409 -0.08608756 0.70551809
v 0.15765630 -0.08607820 0.70178185
v 0.16282515 -0.08052537 0.70028358
v 0.16897732 -0.07576846 0.69713730
v 0.17261990 -0.06534639 0.69856056
v 0.13236421 -0.12156759 0.70004954
v 0.08855024 -0.11181035 0.70585515
v 0.10085451 -0.12909620 0.70598631
v -0.04474571 -0.09469302 0.72928376
v -0.05483065 -0.08418666 0.74814284
v -0.03045630 -0.09517996 0.75436981
v -0.01112909 -0.09778313 0.76029730
v 0.01499636 -0.09954355 0.74905115
v 0.03245080 -0.10129461 0.73133441
v 0.04882836 -0.10651970 0.71329019
v 0.06428823 -0.10144444 0.71133313
v 0.05151581 -0.09630363 0.72571612
v 0.08075007 0.18481176 0.65699399
v 0.09882251 0.17636547 0.66825886
v 0.17205802 0.07892413 0.58037816
v 0.17875328 0.07164833 0.57704457
v 0.16866827 0.08674303 0.58136134
v 0.16840608 0.10659461 0.63905264
v 0.15475343 0.12700804 0.65799603
v 0.14364780 0.14130681 0.68013241
v 0.10931017 0.16790981 0.68776392
v 0.12827216 0.15358297 0.68934648
v 0.17327538 0.08549763 0.59006046
v 0.17734868 0.08076882 0.59988322
v 0.18005487 0.07548755 0.60844189
v 0.18065412 0.07608684 0.61805861
v 0.17567252 0.08927130 0.62790022
v 0.19404459 0.05316389 0.57030251
v 0.19632942 0.06211581 0.56665057
v 0.19402587 0.07198543 0.56617305
v 0.29281566 0.04541050 0.46879723
v 0.28654182 0.04581318 0.47394730
v -0.10185648 0.01045487 0.77258264
v -0.09792360 0.00313224 0.79011205
v -0.08984251 -0.02015592 0.80798782
v -0.08481408 -0.03865910 0.78426887
v -0.08010399 -0.05132854 0.77153402
v -0.08087184 -0.04792942 0.77700257
v -0.07147041 -0.06987853 0.75474445
v -0.06857696 -0.06711617 0.77288240
v -0.09739922 0.03128030 0.78188115
v -0.09333528 0.04874410 0.77528883
v -0.04647802 0.10573314 0.76241353
v -0.08776371 0.05106634 0.79709759
v -0.07528155 0.07602129 0.78708751
v -0.05891334 0.09031070 0.79500007
v -0.04512960 0.10256811 0.77924983
v 0.06113260 0.18102873 0.70071437
v 0.05208702 0.18780822 0.69678153
v 0.02334903 0.11961990 0.75279667
v 0.04438982 0.12980786 0.71012505
v 0.05203083 0.12214814 0.71495692
v 0.05837021 0.11026530 0.73681239
v 0.04433363 0.11567766 0.74173784
v 0.05732145 0.12811299 0.70776535
v 0.07466351 0.14125062 0.70382321
v 0.07500997 0.17634675 0.70051776
v 0.00075378 0.11669834 0.77319146
v 0.07522533 0.18704041 0.67841882
v -0.04196460 0.10160365 0.79061772
v -0.01827376 0.11103315 0.79057085
v 0.18328545 -0.05108507 0.69116309
v 0.18460576 -0.04079409 0.69404718
v 0.18593542 -0.03041881 0.69710930
v 0.19375432 -0.01860150 0.67662093
v 0.19484052 -0.00152163 0.64468036
v 0.19484052 -0.00490202 0.66246254
v 0.19543048 0.00173702 0.65216213
v 0.19239658 0.01100732 0.61904193
v 0.19162873 0.02897678 0.64483953
v 0.19593614 0.03334974 0.57170704
v 0.19612339 0.04299461 0.57057398
v 0.18572003 0.02178525 0.58076209
v 0.19053310 0.01775874 0.59258877
v 0.11624884 -0.11449779 0.70590201
v 0.17800415 -0.05740574 0.69599496
v 0.11738189 -0.08420540 0.70577085
v 0.13772978 -0.05957818 0.70550866
v 0.15339568 -0.06519656 0.70532134
v 0.17022269 -0.05657235 0.70268072
v 0.07648948 -0.09489904 0.71041539
v 0.10003047 -0.08761388 0.70647311
v -0.05012995 -0.08119956 0.77146844
v -0.03592485 -0.08302554 0.78942850
v -0.01449073 -0.09223031 0.78525219
v 0.00081932 -0.09358807 0.78417528
v 0.01420043 -0.09524549 0.76848133
v 0.03324672 -0.09685610 0.75479117
v 0.06710681 -0.08669620 0.72994859
v 0.05190909 -0.08973949 0.75715088
v 0.09047923 0.17593475 0.69408462
v 0.17701155 0.06596439 0.58079009
v 0.17312549 0.08084373 0.58572498
v 0.18059797 0.05220875 0.57990994
v 0.16781619 0.10928209 0.66259371
v 0.17853789 0.08750152 0.64572912
v 0.17920272 0.08737979 0.66025272
v 0.16100854 0.11907677 0.68030087
v 0.14354478 0.13204587 0.69680024
v 0.14138172 0.13997714 0.69090090
v 0.15101719 0.12926477 0.68943078
v 0.13137164 0.14367591 0.69746508
v 0.09736175 0.16944552 0.69663164
v 0.10271792 0.16298440 0.69902878
v 0.11601476 0.15728174 0.69674409
v 0.12075293 0.14670981 0.70136049
v 0.17989570 0.07320275 0.59421806
v 0.18290153 0.06772485 0.60715909
v 0.18640365 0.05950327 0.62657984
v 0.18139390 0.07635839 0.62856506
v 0.18164673 0.07874621 0.63751694
v 0.18351013 0.03624319 0.58138006
v -0.09411249 0.01053913 0.81179893
v -0.08947730 0.00189620 0.82859793
v -0.08549763 -0.01733736 0.83053627
v -0.08082501 -0.04734885 0.79566490
v -0.07738843 -0.03906174 0.82309194
v -0.07615239 -0.04792006 0.81305372
v -0.07839039 -0.05068243 0.78627280
v -0.06548684 -0.06530893 0.79141357
v -0.08798843 0.04155256 0.81346580
v -0.07830613 0.06029920 0.81677124
v -0.06739711 0.07676107 0.81353138
v -0.04500786 0.09314796 0.82247383
v -0.04630009 0.09731495 0.80189187
v 0.05014867 0.10933828 0.76249769
v 0.02857410 0.11187591 0.78211520
v 0.07026244 0.11087395 0.71718546
v 0.06669477 0.11797182 0.71207283
v 0.07131120 0.10714710 0.72177385
v 0.07633028 0.10024587 0.73160603
v 0.07205098 0.09815771 0.75309630
v 0.06959761 0.10254003 0.74141007
v 0.07277200 0.12462022 0.70591130
v 0.08633099 0.16560629 0.70260585
v 0.09175275 0.11779390 0.70457235
v 0.10182833 0.14389127 0.70411341
v 0.01391016 0.11341158 0.79816506
v -0.03555028 0.09938436 0.81655592
v -0.01158793 0.10796175 0.81384029
v 0.17854725 -0.04093454 0.70077052
v 0.19188156 -0.01960345 0.68859735
v 0.17328474 -0.02172906 0.70424457
v 0.18463384 -0.02245008 0.69911309
v 0.19543048 -0.00396564 0.67673323
v 0.19304269 -0.00827305 0.68873780
v 0.19562708 0.01423790 0.66945750
v 0.19066420 0.03213242 0.62281560
v 0.19268685 0.03658032 0.66281846
v 0.18886631 0.05960629 0.65900735
v 0.18883823 0.03938014 0.59401203
v 0.12009745 -0.06245292 0.70612677
v 0.12883401 -0.03969850 0.70667915
v 0.15687909 -0.03941758 0.70554623
v 0.08673367 -0.08470168 0.71211026
v 0.08075007 -0.07923313 0.72199860
v 0.09626616 -0.07337130 0.71320589
v 0.11036828 -0.05947518 0.71134241
v -0.02455699 -0.08501070 0.80709823
v -0.04709605 -0.07255662 0.80487898
v -0.00522979 -0.09656582 0.80625551
v 0.01660697 -0.09043242 0.79172263
v 0.03017535 -0.09285769 0.77873488
v 0.07370838 -0.07761317 0.75030580
v 0.04300397 -0.08574108 0.79143243
v 0.06077675 -0.08221086 0.77001704
v 0.18498968 0.05442801 0.59137141
v 0.17603773 0.09395328 0.67714530
v 0.16716071 0.10656653 0.68875652
v 0.18330417 0.07710752 0.66868965
v 0.15824619 0.11789692 0.69157517
v 0.12098700 0.12097768 0.70408540
v 0.14695325 0.12142712 0.70026486
v 0.13299161 0.13434939 0.70163196
v -0.08737979 0.01721565 0.83967548
v -0.08546955 0.03641175 0.83166933
v -0.08534782 0.00429337 0.85069687
v -0.08105912 -0.01367605 0.85683969
v -0.07422344 -0.03908984 0.83563961
v -0.07647077 -0.03099938 0.84556539
v -0.07833421 -0.06051458 0.80215406
v -0.06975682 -0.04871599 0.82609777
v -0.06190045 -0.05975610 0.81746422
v -0.06230309 0.07482272 0.83785887
v -0.07221954 0.05962501 0.84499414
v -0.02220664 0.10042376 0.83751238
v -0.04237660 0.09133138 0.83662279
v 0.06780908 0.09852288 0.76544736
v 0.05683454 0.10194074 0.78090727
v 0.04501722 0.10680997 0.78458735
v 0.02745044 0.12020983 0.80477596
v 0.05007377 0.11744744 0.79782786
v 0.08392445 0.10121036 0.71668922
v 0.08167712 0.11100504 0.71010648
v 0.08053471 0.09314796 0.74567069
v 0.09760522 0.08235132 0.72108101
v 0.08091863 0.08780115 0.76619650
v 0.09481476 0.09869145 0.71095849
v 0.10763401 0.10253067 0.70475024
v 0.01432217 0.10686616 0.82341957
v 0.18297640 -0.01276776 0.70168826
v 0.14974375 -0.02103613 0.70490012
v 0.17365930 0.00000468 0.70426329
v 0.15359229 -0.00230820 0.70466593
v 0.19576761 0.00534213 0.68334413
v 0.19500912 0.00622236 0.68800753
v 0.18657218 -0.00585715 0.69975920
v 0.19300519 0.01324533 0.69377570
v 0.19410081 0.03609338 0.68238910
v 0.18931581 0.05404408 0.68908429
v 0.18442787 0.07404551 0.67806290
v 0.11655785 -0.04735821 0.71157660
v 0.12095893 -0.03414567 0.71276581
v 0.12522887 -0.02278720 0.71214770
v 0.09435592 -0.06178807 0.72979885
v 0.10505891 -0.04747994 0.72543522
v -0.04093456 -0.07235062 0.82789566
v -0.02642979 -0.07741652 0.83629516
v 0.00070698 -0.08556318 0.82528305
v 0.02258118 -0.08764196 0.81056299
v 0.09447762 -0.05693754 0.74884511
v 0.08091863 -0.06741581 0.76622464
v 0.06175996 -0.07684531 0.79003718
v 0.05059814 -0.07628348 0.82031088
v 0.18139390 0.08041301 0.68625636
v 0.17366866 0.09560133 0.68741757
v 0.15642958 0.10844869 0.69952516
v 0.16811581 0.09415928 0.69739021
v 0.13788895 0.10369181 0.70436631
v -0.07905523 0.04117800 0.85586580
v -0.08196743 0.02230027 0.86425587
v -0.07986051 0.01369480 0.88030573
v -0.06960700 -0.03152376 0.87358239
v -0.07201354 -0.01213099 0.88790924
v -0.07086176 -0.04087836 0.84538750
v -0.06925115 -0.03901493 0.85759811
v -0.06089852 -0.05310770 0.84547180
v -0.04624394 -0.06437253 0.85020050
v -0.04124358 0.08853156 0.85272881
v -0.06229373 0.06837093 0.86052906
v -0.01561440 0.09827005 0.85729848
v 0.00507994 0.10253067 0.84911431
v 0.06382940 0.09730556 0.78266772
v 0.04238593 0.11457271 0.81259493
v 0.03464194 0.10230592 0.82665029
v 0.07148913 0.10790556 0.80078696
v 0.06139479 0.11214746 0.80701393
v 0.05148770 0.11460079 0.80957982
v 0.10129459 0.06864251 0.74837688
v 0.10968470 0.06355785 0.72241068
v 0.11885201 0.06779975 0.70974113
v 0.11433860 0.07798772 0.70838346
v 0.10860786 0.08468295 0.70965697
v 0.09733364 0.06529956 0.77239546
v 0.08258543 0.08128384 0.78260214
v 0.07414849 0.09178082 0.79146044
v 0.12197021 0.08797907 0.70416027
v 0.02644847 0.09916900 0.85544444
v 0.18433421 0.00110963 0.70230623
v 0.13192410 -0.01380716 0.70872052
v 0.16336825 0.01023011 0.70458163
v 0.17433350 0.01128827 0.70419771
v 0.18528931 0.01498703 0.70097656
v 0.13449920 0.00335699 0.70828972
v 0.15636407 0.02039939 0.70460035
v 0.18457761 0.02847112 0.70105143
v 0.18436229 0.03986705 0.69999339
v 0.17844423 0.05028913 0.70209076
v 0.18374425 0.06278068 0.69493677
v 0.11747552 -0.02082075 0.72421786
v 0.12728895 -0.01481847 0.71199796
v 0.12210131 -0.01467800 0.71805647
v 0.10836439 -0.03308755 0.74604518
v -0.02588670 -0.07280945 0.86070695
v -0.00655946 -0.08080627 0.84573399
v 0.03231034 -0.08092801 0.83053627
v 0.01928505 -0.08016017 0.85067816
v 0.09462747 -0.05161883 0.76405211
v 0.09483347 -0.04477377 0.78460607
v 0.07897093 -0.06388561 0.78525219
v 0.06761243 -0.06700381 0.81445840
v 0.05995274 -0.06514038 0.84459164
v 0.17182390 0.08119957 0.69908494
v 0.17705841 0.06836157 0.69886961
v 0.15178504 0.08795099 0.70446933
v -0.07242554 0.04209566 0.88239382
v -0.06339868 0.05923172 0.88186016
v -0.06875489 0.00141865 0.89261922
v -0.06788402 0.01650398 0.89318118
v -0.06709745 0.02836810 0.89242261
v -0.06711620 -0.03847182 0.86794524
v -0.06498121 -0.02325539 0.88947294
v -0.06651688 -0.02852729 0.88377035
v -0.05788330 -0.04217059 0.88466937
v -0.05683454 -0.01355433 0.89575621
v -0.05499922 -0.05278930 0.87023951
v -0.05038278 0.07594639 0.87774942
v -0.03635557 0.08809145 0.86636282
v -0.02013720 0.09192131 0.88043676
v 0.00600697 0.09831688 0.87474346
v 0.06693824 0.09643472 0.78973742
v 0.05476510 0.10117289 0.81876574
v 0.04845380 0.09551706 0.83202511
v 0.06558046 0.10383226 0.81178964
v 0.08460804 0.09429038 0.80247240
v 0.11490045 0.02975399 0.75098935
v 0.11760661 0.03867784 0.72440517
v 0.10701597 0.04593488 0.76961439
v 0.12463894 0.05333242 0.71002218
v 0.13875978 0.06306159 0.70406668
v 0.09926262 0.05322004 0.79255606
v 0.08984248 0.06597378 0.80469180
v 0.08444883 0.08249181 0.79473788
v 0.05319197 0.08860647 0.85417092
v 0.04185219 0.09061972 0.87359168
v 0.12294407 -0.00394692 0.71899278
v 0.12984530 -0.00458364 0.71114581
v 0.17658083 0.03216989 0.70409469
v 0.14240240 0.02152306 0.70553680
v 0.13066934 0.01147555 0.71114581
v 0.14619476 0.03809727 0.70410412
v 0.15906084 0.05106634 0.70437560
v 0.16533475 0.07243490 0.70334570
v 0.11870220 -0.01078260 0.72830987
v 0.11568702 -0.01551140 0.73807647
v 0.11269056 -0.01796474 0.75253448
v 0.10922587 -0.01534285 0.77263893
v -0.03559711 -0.06455044 0.87730920
v 0.00026687 -0.07782854 0.86758003
v -0.01947237 -0.06492501 0.88972585
v 0.04519514 -0.06885787 0.86301050
v 0.02803101 -0.06972870 0.88477225
v 0.10667888 -0.01067023 0.79024308
v 0.08825062 -0.04190840 0.81977707
v 0.10021776 -0.02342393 0.80557196
v 0.07695767 -0.05267694 0.83082661
v 0.07029055 -0.05079479 0.86207405
v -0.06082361 0.03702040 0.89408005
v -0.05980293 0.04843508 0.89188895
v -0.04921229 0.06124497 0.89235703
v -0.05129109 0.00907837 0.89545658
v -0.06075807 0.02564319 0.89525998
v -0.05347291 -0.03274108 0.89287212
v -0.04416514 -0.04723649 0.89247877
v -0.03861229 -0.01565185 0.89419250
v -0.03997007 0.06810874 0.89355567
v -0.03592485 0.08599393 0.87537085
v -0.03858421 0.07542201 0.88911717
v -0.03191706 0.08337200 0.88535292
v -0.01955664 0.07728545 0.89439854
v 0.00213027 0.08677111 0.89195453
v 0.02001543 0.08820379 0.89116796
v 0.06199407 0.09222094 0.82311995
v 0.06095467 0.08715503 0.83645433
v 0.08050663 0.08475785 0.81193952
v 0.12234478 0.01669127 0.72227951
v 0.11718525 0.00555753 0.74548337
v 0.11269056 0.01395699 0.77189923
v 0.13143719 0.02645787 0.71017192
v 0.12876846 0.04327555 0.70920746
v 0.10488098 0.03219797 0.79956031
v 0.09694035 0.04284480 0.82401897
v 0.08235132 0.06639514 0.83435681
v 0.07119886 0.08481404 0.82312938
v 0.06970063 0.07736035 0.84624894
v 0.05542058 0.08514178 0.86287005
v 0.03792870 0.08310045 0.88934192
v 0.05657235 0.08165841 0.87415364
v 0.05071988 0.08014142 0.88516560
v 0.04649673 0.08397128 0.88316167
v 0.11448841 -0.00931245 0.75198196
v 0.11326173 -0.00389073 0.76329369
v 0.10905734 -0.00821686 0.78098228
v -0.03278793 -0.05352906 0.89287212
v 0.00436828 -0.07267836 0.88447262
v -0.00275771 -0.06359532 0.89275039
v -0.01156917 -0.05752747 0.89509138
v -0.01666319 -0.04614090 0.89616828
v 0.05251774 -0.06175998 0.87788973
v 0.01603576 -0.06174126 0.89419250
v 0.02707587 -0.05832342 0.89400518
v 0.03599036 -0.05615098 0.89329348
v 0.10405698 -0.00932181 0.80577799
v 0.10754975 0.00823561 0.79877374
v 0.09336332 -0.02513754 0.83312074
v 0.10260558 -0.00567923 0.81603154
v 0.08534778 -0.03087766 0.85904951
v 0.07806262 -0.03812535 0.87229016
v -0.04294781 0.04694621 0.89578436
v -0.01994056 -0.00078189 0.88166355
v -0.03005365 0.02348948 0.88625180
v -0.02901425 -0.03016600 0.89511009
v -0.01832059 0.06058014 0.89430481
v 0.00766437 0.07080558 0.89484790
v 0.03590609 0.07059957 0.89491349
v 0.10131335 0.01028630 0.83013363
v 0.09785805 0.02688862 0.84153895
v 0.09023576 0.04908120 0.84353345
v 0.08344690 0.05560786 0.86242054
v 0.06378261 0.07788473 0.86762690
v 0.07377393 0.06265894 0.87980950
v 0.05955007 0.07030927 0.88887369
v 0.05133788 0.07091795 0.89209484
v 0.00466791 -0.06033667 0.89479175
v -0.00065079 -0.04354708 0.89481990
v -0.00921883 -0.02341458 0.88622379
v 0.06508416 -0.04583188 0.88659829
v 0.04595360 -0.04983967 0.89365869
v 0.02812463 -0.04709604 0.89581250
v 0.01760890 -0.03299391 0.89075589
v 0.09811085 -0.00843226 0.83448784
v 0.10074214 -0.00671863 0.82346644
v 0.09326034 -0.01534285 0.84874910
v 0.08857836 -0.01456564 0.87432209
v 0.08257607 -0.01574549 0.88750659
v 0.06832410 -0.03365874 0.89199196
v -0.02119532 0.04290098 0.88773135
v -0.00392820 0.02152306 0.87803962
v 0.01018328 -0.00659689 0.87851727
v 0.00405926 0.04330363 0.88263729
v 0.02125147 0.04944637 0.88748787
v 0.04473631 0.05552360 0.89481990
v 0.09635042 -0.00705572 0.84454478
v 0.09638789 0.00049162 0.85294428
v 0.09369106 0.02656085 0.86341315
v 0.08617182 0.03989516 0.87989366
v 0.06252781 0.06011192 0.89209484
v 0.07009391 0.05348227 0.89045626
v 0.05518646 -0.04284480 0.89353696
v 0.04048505 -0.02955733 0.89445469
v 0.02503454 -0.01082004 0.88200990
v 0.09318543 -0.00491141 0.86371277
v 0.09313860 0.00436828 0.87126941
v 0.08709884 -0.00730856 0.88363933
v 0.07238807 -0.02274974 0.89323733
v 0.07904583 -0.00146548 0.89243204
v 0.06177871 -0.00110027 0.89530670
v 0.05487748 -0.01954726 0.89540972
v 0.02421986 0.01613878 0.87885419
v 0.04056935 0.02855539 0.88618621
v 0.04963365 0.03838754 0.89273167
v 0.06820236 0.04834142 0.89300315
v 0.08990802 0.01157853 0.88355503
v 0.07422340 0.03935203 0.89242261
v 0.08077818 0.02564319 0.89137400
v 0.04477375 0.00324462 0.88618621
v 0.07620858 0.01395699 0.89516639
v 0.06846459 0.02677625 0.89574692
f 1 2 3
f 3 4 1
f 3 2 5
f 3 6 4
f 6 3 5
f 1 7 8
f 2 1 8
f 4 7 1
f 2 9 10
f 5 2 11
f 2 10 11
f 2 8 9
f 7 4 12
f 13 12 4
f 13 4 6
f 5 11 14
f 14 15 5
f 16 5 15
f 17 5 16
f 5 17 18
f 5 18 6
f 6 18 19
f 19 13 6
f 8 7 20
f 7 21 20
f 7 22 21
f 7 12 22
f 8 23 9
f 8 20 24
f 8 24 23
f 23 25 9
f 10 9 25
f 25 11 10
f 14 11 25
f 13 26 12
f 22 12 27
f 28 27 12
f 28 12 26
f 29 13 19
f 29 26 13
f 14 25 30
f 15 14 30
f 30 31 15
f 15 31 16
f 31 32 16
f 32 33 16
f 17 16 33
f 34 17 33
f 34 18 17
f 19 18 34
f 34 35 19
f 36 19 35
f 36 29 19
f 20 21 37
f 20 37 38
f 24 20 38
f 21 39 40
f 37 21 40
f 41 39 21
f 22 41 21
f 41 22 42
f 22 43 42
f 27 43 22
f 23 44 45
f 25 23 45
f 23 24 44
f 38 44 24
f 25 45 46
f 25 46 30
f 47 28 26
f 48 47 26
f 49 26 29
f 26 49 48
f 50 43 27
f 51 50 27
f 27 28 51
f 28 52 51
f 53 52 28
f 53 28 47
f 54 49 29
f 55 29 36
f 29 55 54
f 30 32 31
f 30 46 56
f 57 30 56
f 57 32 30
f 32 57 33
f 57 58 33
f 33 58 59
f 33 60 34
f 59 60 33
f 35 34 60
f 60 61 35
f 62 35 61
f 62 36 35
f 63 55 36
f 36 62 63
f 37 40 64
f 38 37 64
f 45 38 64
f 44 38 45
f 41 65 39
f 39 66 67
f 39 68 66
f 68 39 65
f 40 39 67
f 40 67 64
f 65 41 42
f 69 65 42
f 43 69 42
f 43 70 69
f 70 43 71
f 43 72 71
f 72 43 50
f 73 45 74
f 75 45 73
f 45 64 74
f 45 75 46
f 75 76 46
f 76 56 46
f 77 47 48
f 77 53 47
f 78 77 48
f 49 78 48
f 49 54 78
f 79 72 50
f 80 79 50
f 51 80 50
f 81 80 51
f 52 81 51
f 52 53 82
f 82 83 52
f 52 83 81
f 77 82 53
f 84 54 55
f 85 78 54
f 54 84 85
f 86 55 63
f 86 84 55
f 56 76 87
f 88 56 87
f 56 89 57
f 90 56 88
f 89 56 90
f 58 57 89
f 89 91 58
f 58 91 59
f 92 61 59
f 61 60 59
f 93 59 91
f 92 59 93
f 94 61 92
f 61 94 62
f 63 62 95
f 96 62 94
f 96 95 62
f 63 95 86
f 74 64 97
f 64 67 97
f 98 99 65
f 65 69 98
f 65 99 100
f 68 65 100
f 66 68 101
f 66 101 67
f 67 101 97
f 68 100 102
f 101 68 102
f 69 103 98
f 103 69 70
f 70 104 103
f 104 70 71
f 71 105 104
f 71 106 105
f 72 106 71
f 106 72 107
f 79 107 72
f 74 108 73
f 109 73 108
f 75 73 109
f 74 97 110
f 111 74 110
f 108 74 111
f 75 109 76
f 76 109 112
f 76 112 113
f 114 76 113
f 87 76 114
f 115 82 77
f 116 77 117
f 116 115 77
f 77 78 117
f 85 117 78
f 79 118 107
f 119 118 79
f 120 79 80
f 120 119 79
f 81 120 80
f 83 120 81
f 82 115 121
f 121 83 82
f 121 120 83
f 122 85 84
f 84 123 122
f 123 84 86
f 124 116 85
f 116 117 85
f 122 124 85
f 86 125 123
f 86 95 125
f 126 87 114
f 87 126 88
f 90 88 126
f 127 89 90
f 89 93 91
f 127 93 89
f 128 90 126
f 127 90 128
f 129 92 93
f 94 92 129
f 93 127 130
f 131 93 130
f 129 93 131
f 132 94 129
f 132 96 94
f 133 95 134
f 125 95 133
f 95 96 134
f 135 96 132
f 135 136 96
f 96 136 134
f 97 137 138
f 97 138 110
f 97 101 137
f 98 139 99
f 98 140 139
f 103 140 98
f 99 139 141
f 99 141 142
f 100 99 142
f 102 100 142
f 101 102 137
f 102 143 137
f 102 144 143
f 102 142 144
f 103 145 140
f 104 145 103
f 104 146 145
f 105 146 104
f 105 147 146
f 148 147 105
f 106 148 105
f 149 148 106
f 107 149 106
f 107 150 149
f 118 150 107
f 111 151 108
f 108 151 112
f 109 108 112
f 110 138 152
f 153 110 152
f 111 110 153
f 154 111 153
f 151 111 154
f 112 154 155
f 151 154 112
f 112 155 156
f 156 113 112
f 113 156 157
f 113 157 158
f 114 113 158
f 158 159 114
f 114 159 126
f 160 121 115
f 161 115 116
f 160 115 161
f 162 161 116
f 124 162 116
f 118 163 150
f 164 163 118
f 119 164 118
f 165 164 119
f 119 166 165
f 166 119 120
f 120 121 167
f 167 166 120
f 160 168 121
f 169 121 168
f 169 167 121
f 122 123 170
f 124 122 162
f 171 162 122
f 171 122 170
f 172 123 125
f 123 172 170
f 133 172 125
f 126 159 173
f 126 173 128
f 127 128 174
f 174 175 127
f 130 127 175
f 174 128 173
f 176 129 177
f 129 131 177
f 178 129 176
f 179 129 178
f 132 129 179
f 180 130 175
f 131 130 177
f 177 130 180
f 132 179 135
f 134 181 133
f 133 181 182
f 183 172 133
f 184 133 182
f 184 183 133
f 181 134 185
f 185 134 136
f 135 179 178
f 186 135 178
f 186 136 135
f 187 136 186
f 187 188 136
f 188 185 136
f 138 137 189
f 137 143 189
f 138 189 190
f 190 191 138
f 138 191 152
f 192 139 193
f 141 139 192
f 139 140 193
f 140 194 193
f 140 195 194
f 196 195 140
f 145 196 140
f 141 192 144
f 142 141 144
f 197 143 198
f 144 198 143
f 197 199 143
f 189 143 199
f 144 200 198
f 192 200 144
f 196 145 201
f 201 145 202
f 146 202 145
f 203 202 146
f 147 203 146
f 203 147 204
f 204 147 148
f 148 205 204
f 148 206 205
f 149 206 148
f 149 150 206
f 206 150 163
f 152 191 207
f 153 152 207
f 208 153 207
f 154 153 208
f 155 154 208
f 155 208 209
f 155 209 156
f 209 210 156
f 157 156 210
f 157 210 211
f 211 212 157
f 158 157 212
f 158 212 213
f 159 158 213
f 213 214 159
f 159 214 215
f 159 215 173
f 160 161 216
f 216 168 160
f 217 216 161
f 218 161 162
f 218 217 161
f 171 218 162
f 163 219 206
f 163 220 219
f 163 221 220
f 221 163 222
f 164 222 163
f 222 164 223
f 164 224 223
f 225 224 164
f 165 225 164
f 165 226 225
f 165 166 226
f 166 227 226
f 166 167 228
f 228 227 166
f 169 228 167
f 229 169 168
f 229 168 216
f 229 230 169
f 231 169 230
f 228 169 231
f 232 170 172
f 232 233 170
f 233 234 170
f 171 170 234
f 235 218 171
f 236 235 171
f 171 234 236
f 232 172 183
f 173 215 237
f 173 237 174
f 237 238 174
f 175 174 238
f 180 175 238
f 176 180 239
f 177 180 176
f 239 178 176
f 240 178 239
f 186 178 240
f 241 239 180
f 238 242 180
f 242 241 180
f 182 181 185
f 243 182 185
f 243 244 182
f 244 184 182
f 232 183 245
f 246 183 184
f 246 245 183
f 184 247 246
f 247 184 244
f 248 185 188
f 248 243 185
f 240 249 186
f 250 186 249
f 187 186 250
f 187 250 251
f 252 188 187
f 251 252 187
f 188 252 248
f 189 199 253
f 190 189 253
f 254 190 253
f 190 254 255
f 191 190 255
f 191 255 256
f 207 191 256
f 192 257 200
f 257 192 193
f 258 257 193
f 258 193 259
f 194 259 193
f 260 259 194
f 260 194 261
f 195 261 194
f 195 262 261
f 195 196 262
f 201 262 196
f 197 263 264
f 197 264 265
f 266 197 265
f 267 268 197
f 198 267 197
f 197 268 263
f 266 199 197
f 200 267 198
f 266 269 199
f 269 254 199
f 253 199 254
f 200 257 267
f 202 262 201
f 202 270 262
f 270 202 203
f 203 271 270
f 204 271 203
f 271 204 205
f 272 271 205
f 219 272 205
f 206 219 205
f 207 256 273
f 207 273 209
f 209 208 207
f 209 273 274
f 209 274 275
f 210 209 275
f 211 210 275
f 211 276 277
f 276 211 275
f 278 211 277
f 211 278 279
f 211 279 212
f 214 213 212
f 212 279 280
f 280 281 212
f 214 212 281
f 282 214 281
f 282 283 214
f 214 283 215
f 237 215 283
f 229 216 284
f 285 216 217
f 285 284 216
f 286 217 218
f 217 286 285
f 218 235 286
f 272 219 287
f 220 287 219
f 287 220 221
f 221 288 287
f 289 288 221
f 222 289 221
f 223 289 222
f 290 289 223
f 224 290 223
f 224 291 290
f 225 291 224
f 225 292 291
f 293 292 225
f 294 293 225
f 294 225 226
f 295 294 226
f 227 295 226
f 296 295 227
f 297 227 228
f 297 296 227
f 228 231 297
f 284 230 229
f 230 298 231
f 299 298 230
f 230 300 299
f 300 230 284
f 298 301 231
f 301 297 231
f 232 245 233
f 234 233 236
f 302 236 233
f 233 245 302
f 303 235 236
f 235 303 286
f 304 303 236
f 236 305 304
f 302 305 236
f 306 237 283
f 238 237 307
f 306 307 237
f 242 238 307
f 308 239 241
f 240 239 308
f 309 240 308
f 240 309 310
f 310 249 240
f 309 308 241
f 311 241 242
f 241 312 309
f 312 241 311
f 313 242 307
f 311 242 313
f 314 243 248
f 243 314 244
f 315 247 244
f 315 244 314
f 316 302 245
f 317 316 245
f 245 246 317
f 318 246 247
f 317 246 318
f 319 318 247
f 247 320 319
f 320 247 315
f 321 248 252
f 322 248 321
f 248 322 314
f 249 310 323
f 324 249 323
f 250 249 324
f 325 250 324
f 325 251 250
f 326 251 327
f 251 326 321
f 321 252 251
f 327 251 325
f 254 269 328
f 254 328 255
f 329 330 255
f 255 328 329
f 256 255 330
f 256 330 274
f 273 256 274
f 257 258 331
f 257 331 267
f 332 258 333
f 259 333 258
f 258 332 331
f 259 334 333
f 260 334 259
f 260 335 334
f 335 260 261
f 336 335 261
f 262 336 261
f 262 337 336
f 270 337 262
f 264 263 338
f 268 339 263
f 263 340 338
f 263 339 340
f 264 338 341
f 264 342 265
f 264 341 342
f 266 265 342
f 269 266 342
f 331 343 267
f 343 268 267
f 268 344 339
f 345 344 268
f 268 343 345
f 269 342 346
f 346 347 269
f 347 328 269
f 348 337 270
f 271 348 270
f 272 348 271
f 348 272 349
f 350 349 272
f 350 272 351
f 287 351 272
f 352 274 330
f 353 274 352
f 275 274 353
f 275 353 276
f 276 354 355
f 277 276 355
f 276 356 354
f 353 356 276
f 277 355 357
f 278 277 357
f 357 358 278
f 279 278 358
f 279 358 280
f 358 359 280
f 281 280 359
f 282 281 359
f 283 282 360
f 361 282 359
f 360 282 361
f 360 362 283
f 306 283 362
f 363 284 285
f 364 300 284
f 363 364 284
f 363 285 365
f 286 366 285
f 367 285 366
f 285 367 365
f 368 366 286
f 286 303 368
f 288 351 287
f 369 351 288
f 288 370 369
f 289 371 288
f 288 371 370
f 289 372 371
f 289 373 372
f 290 373 289
f 291 373 290
f 291 374 373
f 292 374 291
f 375 374 292
f 292 376 375
f 293 376 292
f 293 377 376
f 378 377 293
f 294 378 293
f 379 378 294
f 295 379 294
f 380 379 295
f 296 380 295
f 296 381 380
f 382 381 296
f 297 382 296
f 383 297 301
f 297 383 382
f 298 384 301
f 298 385 384
f 386 385 298
f 299 386 298
f 386 299 300
f 300 387 386
f 364 387 300
f 384 383 301
f 305 302 388
f 316 388 302
f 389 368 303
f 390 389 303
f 304 390 303
f 390 304 391
f 392 391 304
f 388 304 305
f 392 304 388
f 393 307 306
f 306 362 394
f 393 306 394
f 313 307 393
f 310 309 312
f 395 310 312
f 323 310 395
f 311 396 397
f 398 311 397
f 311 313 396
f 311 399 312
f 399 311 398
f 395 312 399
f 393 396 313
f 322 400 314
f 314 400 315
f 400 401 315
f 402 315 401
f 402 320 315
f 403 388 316
f 316 317 404
f 404 403 316
f 317 318 404
f 319 404 318
f 319 320 405
f 319 405 404
f 402 406 320
f 407 320 406
f 320 407 405
f 321 326 322
f 408 322 326
f 408 400 322
f 409 323 395
f 410 323 409
f 411 323 410
f 324 323 411
f 411 412 324
f 412 325 324
f 325 413 327
f 412 413 325
f 326 327 414
f 415 326 414
f 408 326 415
f 413 414 327
f 329 328 416
f 328 347 416
f 330 329 416
f 352 330 416
f 343 331 332
f 332 417 343
f 334 417 332
f 333 334 332
f 418 417 334
f 418 334 335
f 335 419 418
f 419 335 420
f 420 335 336
f 420 336 421
f 421 336 337
f 348 421 337
f 341 338 422
f 338 340 422
f 339 423 424
f 344 423 339
f 339 424 340
f 340 424 422
f 342 341 425
f 341 426 425
f 422 426 341
f 342 425 427
f 427 346 342
f 343 417 345
f 344 417 423
f 344 345 417
f 346 427 428
f 347 346 428
f 416 347 428
f 421 348 349
f 421 349 429
f 350 430 349
f 429 349 431
f 430 431 349
f 369 430 350
f 369 350 351
f 352 416 432
f 356 353 352
f 352 432 356
f 354 433 434
f 354 434 435
f 354 435 436
f 355 354 436
f 356 437 354
f 437 433 354
f 438 355 436
f 357 355 438
f 432 437 356
f 438 439 357
f 439 358 357
f 358 439 440
f 359 358 440
f 441 359 440
f 441 361 359
f 361 442 360
f 443 360 442
f 362 360 443
f 361 441 442
f 362 443 444
f 394 362 444
f 363 445 364
f 365 445 363
f 445 387 364
f 365 446 445
f 367 446 365
f 447 367 366
f 448 447 366
f 368 448 366
f 447 446 367
f 389 448 368
f 449 430 369
f 449 369 370
f 370 450 449
f 451 370 371
f 450 370 451
f 372 451 371
f 372 452 451
f 372 453 452
f 453 372 373
f 374 453 373
f 374 454 453
f 375 454 374
f 376 454 375
f 455 454 376
f 377 456 376
f 456 455 376
f 457 456 377
f 457 377 458
f 458 377 378
f 459 458 378
f 378 379 459
f 380 459 379
f 381 459 380
f 460 459 381
f 461 460 381
f 382 462 381
f 462 461 381
f 462 382 383
f 385 462 383
f 383 384 385
f 463 385 386
f 463 462 385
f 387 463 386
f 464 463 387
f 465 466 387
f 445 465 387
f 387 466 464
f 467 392 388
f 468 467 388
f 388 469 468
f 469 388 403
f 389 470 448
f 471 470 389
f 390 471 389
f 472 471 390
f 472 390 391
f 473 472 391
f 473 391 392
f 467 473 392
f 393 394 474
f 396 393 474
f 474 394 475
f 444 475 394
f 395 399 409
f 396 476 397
f 476 396 474
f 477 398 397
f 397 478 477
f 478 397 476
f 399 398 409
f 409 398 410
f 410 398 479
f 480 398 477
f 480 479 398
f 481 400 408
f 401 400 481
f 401 481 482
f 483 402 401
f 401 482 483
f 406 402 483
f 484 403 404
f 403 484 485
f 486 469 403
f 485 486 403
f 487 484 404
f 404 405 487
f 405 488 487
f 489 488 405
f 489 405 407
f 407 406 490
f 491 406 483
f 491 492 406
f 406 492 490
f 490 489 407
f 493 408 415
f 481 408 493
f 411 410 479
f 479 494 411
f 495 411 494
f 495 412 411
f 413 412 496
f 412 495 496
f 497 413 496
f 413 497 414
f 497 498 414
f 415 414 498
f 415 498 499
f 415 499 493
f 428 500 416
f 500 432 416
f 417 418 423
f 418 501 423
f 501 418 419
f 502 501 419
f 420 503 419
f 502 419 503
f 504 503 420
f 420 421 504
f 421 429 504
f 426 422 505
f 505 422 424
f 423 501 424
f 506 505 424
f 424 507 506
f 507 424 508
f 424 501 508
f 509 425 426
f 510 425 509
f 427 425 510
f 426 505 509
f 427 510 428
f 428 510 511
f 511 500 428
f 429 512 504
f 431 512 429
f 430 513 431
f 513 430 449
f 513 512 431
f 432 514 437
f 432 500 514
f 515 516 433
f 433 517 515
f 433 516 434
f 433 518 517
f 514 518 433
f 437 514 433
f 519 520 434
f 516 519 434
f 435 434 520
f 436 435 520
f 521 438 436
f 436 520 521
f 521 522 438
f 438 522 439
f 523 439 522
f 440 439 523
f 524 440 523
f 441 440 524
f 442 441 524
f 525 442 524
f 442 525 443
f 443 525 526
f 527 443 526
f 444 443 527
f 527 475 444
f 528 465 445
f 446 528 445
f 529 528 446
f 529 446 530
f 530 446 447
f 470 447 448
f 470 530 447
f 513 449 531
f 531 449 532
f 449 450 532
f 533 450 451
f 450 534 532
f 450 533 534
f 452 533 451
f 535 452 453
f 535 536 452
f 533 452 536
f 535 453 537
f 453 454 537
f 455 537 454
f 538 537 455
f 455 539 538
f 540 539 455
f 455 456 540
f 540 456 541
f 542 541 456
f 458 456 457
f 458 542 456
f 459 542 458
f 543 542 459
f 460 543 459
f 460 544 543
f 545 544 460
f 461 545 460
f 546 461 462
f 461 547 545
f 546 547 461
f 463 546 462
f 463 464 546
f 546 464 548
f 548 464 549
f 464 466 549
f 550 466 465
f 551 550 465
f 551 465 528
f 550 549 466
f 468 473 467
f 469 486 468
f 486 473 468
f 470 552 530
f 471 552 470
f 553 552 471
f 472 553 471
f 554 553 472
f 472 473 555
f 555 554 472
f 555 473 556
f 486 556 473
f 474 475 557
f 558 474 557
f 558 476 474
f 475 527 559
f 557 475 559
f 476 558 560
f 478 476 560
f 561 480 477
f 561 477 478
f 560 562 478
f 478 563 561
f 564 563 478
f 478 562 564
f 494 479 480
f 480 565 566
f 567 480 563
f 480 567 565
f 566 494 480
f 563 480 561
f 568 481 493
f 482 481 568
f 569 570 482
f 568 569 482
f 571 483 482
f 570 571 482
f 571 491 483
f 572 485 484
f 573 572 484
f 573 484 487
f 574 486 485
f 572 574 485
f 486 574 556
f 575 573 487
f 487 576 575
f 488 576 487
f 577 488 489
f 578 576 488
f 579 578 488
f 577 579 488
f 577 489 490
f 580 577 490
f 492 580 490
f 581 491 571
f 491 581 582
f 582 492 491
f 492 582 583
f 580 492 583
f 493 499 568
f 494 566 495
f 495 566 565
f 567 495 565
f 584 495 567
f 584 496 495
f 585 496 584
f 497 496 585
f 585 586 497
f 586 498 497
f 498 586 587
f 498 588 499
f 498 587 588
f 568 499 569
f 569 499 588
f 500 511 514
f 502 508 501
f 502 589 508
f 503 589 502
f 503 504 590
f 503 591 589
f 592 591 503
f 503 590 592
f 504 593 590
f 512 593 504
f 505 506 509
f 594 506 595
f 596 506 594
f 509 506 596
f 597 595 506
f 597 506 507
f 507 508 598
f 598 597 507
f 589 598 508
f 509 596 594
f 509 594 510
f 511 510 599
f 510 594 600
f 510 600 599
f 599 514 511
f 593 512 601
f 601 512 602
f 512 513 602
f 602 513 531
f 514 599 518
f 515 517 603
f 515 603 604
f 515 519 516
f 604 519 515
f 517 605 603
f 517 606 605
f 518 606 517
f 606 518 599
f 519 604 607
f 520 519 607
f 608 520 607
f 521 520 608
f 608 609 521
f 521 609 610
f 610 611 521
f 522 521 611
f 612 522 611
f 523 522 612
f 524 523 613
f 613 523 612
f 525 524 614
f 524 613 614
f 614 615 525
f 616 525 615
f 616 526 525
f 617 526 616
f 527 526 617
f 618 527 617
f 559 527 618
f 529 619 528
f 619 551 528
f 552 529 530
f 529 552 619
f 602 531 620
f 532 620 531
f 534 620 532
f 621 534 533
f 622 621 533
f 622 533 536
f 534 623 620
f 534 624 623
f 621 624 534
f 535 625 536
f 626 625 535
f 538 535 537
f 626 535 538
f 536 625 622
f 538 627 626
f 628 629 538
f 629 627 538
f 538 539 628
f 628 539 540
f 630 540 631
f 630 628 540
f 631 540 541
f 541 542 631
f 543 631 542
f 630 631 543
f 543 632 630
f 632 543 544
f 632 544 633
f 634 633 544
f 545 634 544
f 547 634 545
f 546 635 547
f 548 635 546
f 636 634 547
f 635 636 547
f 637 635 548
f 549 637 548
f 549 638 637
f 639 638 549
f 639 549 550
f 640 639 550
f 551 641 550
f 641 640 550
f 619 641 551
f 642 619 552
f 552 553 642
f 553 643 642
f 554 643 553
f 554 644 643
f 644 554 645
f 555 645 554
f 556 645 555
f 556 646 645
f 574 646 556
f 557 647 558
f 557 559 647
f 648 558 649
f 558 648 560
f 558 647 649
f 618 650 559
f 650 647 559
f 562 560 648
f 562 651 652
f 652 653 562
f 653 564 562
f 562 648 651
f 563 564 654
f 655 567 563
f 563 654 655
f 564 653 656
f 564 657 658
f 656 657 564
f 658 654 564
f 584 567 655
f 588 659 569
f 659 660 569
f 660 570 569
f 660 661 570
f 571 570 661
f 581 571 661
f 573 574 572
f 662 574 573
f 575 662 573
f 663 574 662
f 574 663 646
f 575 664 662
f 576 664 575
f 576 665 664
f 578 665 576
f 666 667 577
f 667 579 577
f 580 666 577
f 578 579 665
f 579 667 665
f 668 666 580
f 669 668 580
f 669 580 583
f 670 581 661
f 582 581 671
f 670 671 581
f 672 582 671
f 673 583 582
f 672 673 582
f 674 669 583
f 675 674 583
f 676 583 673
f 676 675 583
f 677 584 655
f 585 584 677
f 678 586 585
f 585 677 678
f 679 586 678
f 679 587 586
f 680 587 679
f 681 587 680
f 588 587 681
f 588 681 682
f 588 682 659
f 598 589 591
f 592 590 683
f 683 590 684
f 684 590 593
f 685 598 591
f 686 685 591
f 592 686 591
f 686 592 683
f 684 593 687
f 593 601 687
f 594 688 600
f 594 595 688
f 688 595 689
f 595 690 689
f 691 690 595
f 691 595 597
f 597 598 692
f 691 597 692
f 692 598 685
f 693 606 599
f 599 600 693
f 600 688 693
f 602 687 601
f 687 602 694
f 694 602 620
f 603 695 696
f 696 604 603
f 695 603 605
f 604 696 697
f 607 604 697
f 605 698 699
f 605 700 695
f 605 699 700
f 606 698 605
f 606 701 698
f 606 693 701
f 607 697 702
f 703 607 702
f 608 607 703
f 609 608 703
f 609 703 704
f 705 609 704
f 609 705 610
f 705 706 610
f 611 610 706
f 706 707 611
f 611 707 612
f 612 707 708
f 708 613 612
f 613 708 614
f 614 708 709
f 710 614 709
f 615 614 710
f 710 711 615
f 616 615 711
f 712 616 711
f 616 712 617
f 712 713 617
f 617 713 618
f 714 618 713
f 714 650 618
f 619 642 641
f 620 623 694
f 621 715 716
f 716 717 621
f 622 715 621
f 717 624 621
f 718 715 622
f 718 622 625
f 623 719 694
f 623 624 720
f 623 721 719
f 623 722 721
f 722 623 720
f 717 720 624
f 626 723 625
f 723 718 625
f 724 723 626
f 725 724 626
f 726 626 627
f 726 725 626
f 727 627 629
f 727 726 627
f 628 727 629
f 630 727 628
f 630 728 727
f 728 630 632
f 633 728 632
f 729 728 633
f 634 729 633
f 634 730 729
f 636 730 634
f 635 731 636
f 637 731 635
f 732 636 731
f 732 730 636
f 637 732 731
f 637 733 732
f 638 733 637
f 638 734 733
f 639 735 638
f 638 735 734
f 639 640 735
f 735 640 736
f 737 736 640
f 641 737 640
f 737 641 738
f 738 641 642
f 643 738 642
f 643 644 738
f 739 644 645
f 644 739 740
f 738 644 741
f 644 742 741
f 742 644 740
f 645 646 743
f 743 739 645
f 744 646 663
f 743 646 744
f 647 650 745
f 649 647 746
f 745 746 647
f 648 747 748
f 651 648 748
f 747 648 649
f 746 747 649
f 650 749 745
f 714 749 650
f 750 651 748
f 652 651 750
f 652 751 653
f 751 652 750
f 656 653 751
f 752 655 654
f 654 753 752
f 658 753 654
f 677 655 752
f 656 751 754
f 755 656 754
f 656 755 657
f 756 657 755
f 757 658 657
f 756 757 657
f 757 758 658
f 758 753 658
f 759 660 659
f 759 659 682
f 760 660 759
f 760 661 660
f 670 661 760
f 761 663 662
f 761 662 664
f 761 744 663
f 762 761 664
f 762 664 665
f 763 665 667
f 763 762 665
f 668 667 666
f 763 667 668
f 764 763 668
f 764 668 669
f 764 669 674
f 765 671 670
f 670 760 766
f 670 766 767
f 768 670 767
f 670 768 765
f 765 672 671
f 765 769 672
f 769 673 672
f 676 673 769
f 770 674 675
f 770 764 674
f 676 771 675
f 771 770 675
f 772 771 676
f 773 772 676
f 769 774 676
f 773 676 774
f 678 677 775
f 776 677 752
f 775 677 776
f 777 679 678
f 678 775 777
f 778 679 777
f 680 679 778
f 779 780 680
f 680 778 779
f 680 780 681
f 781 681 780
f 681 781 682
f 782 682 781
f 782 759 682
f 686 683 783
f 784 783 683
f 683 785 784
f 683 684 785
f 785 684 786
f 787 684 687
f 786 684 787
f 685 788 789
f 685 789 692
f 686 788 685
f 783 788 686
f 787 687 790
f 719 687 694
f 687 719 790
f 688 689 693
f 791 689 690
f 693 689 791
f 792 690 793
f 690 792 794
f 794 791 690
f 690 691 793
f 691 789 793
f 789 691 692
f 693 791 701
f 695 795 696
f 695 700 795
f 796 696 795
f 697 696 796
f 702 697 796
f 701 794 698
f 698 794 699
f 699 797 700
f 797 699 798
f 794 798 699
f 799 700 797
f 700 799 795
f 791 794 701
f 702 796 800
f 801 702 800
f 703 702 801
f 703 801 704
f 802 803 704
f 804 704 803
f 704 804 705
f 704 801 802
f 805 705 804
f 805 706 705
f 806 706 805
f 707 706 806
f 707 806 807
f 707 807 808
f 707 808 708
f 709 708 808
f 709 808 809
f 809 710 709
f 710 809 810
f 711 710 810
f 811 711 810
f 711 811 712
f 812 712 811
f 713 712 812
f 812 813 713
f 813 749 713
f 713 749 714
f 715 718 716
f 717 716 814
f 716 815 814
f 718 815 716
f 816 717 814
f 817 720 717
f 817 717 816
f 815 718 818
f 718 723 818
f 719 721 790
f 720 819 722
f 819 720 817
f 721 820 790
f 820 721 722
f 821 820 722
f 821 722 822
f 722 823 822
f 722 819 823
f 824 818 723
f 825 824 723
f 825 723 724
f 826 827 724
f 826 724 725
f 827 825 724
f 725 726 828
f 828 826 725
f 828 726 727
f 728 828 727
f 728 829 828
f 830 829 728
f 728 729 830
f 729 831 830
f 832 831 729
f 832 729 730
f 730 833 832
f 834 833 730
f 834 730 732
f 835 834 732
f 835 732 733
f 733 836 835
f 733 734 836
f 736 734 735
f 837 836 734
f 736 837 734
f 838 837 736
f 736 737 838
f 737 839 838
f 737 840 839
f 840 737 738
f 738 741 840
f 740 739 841
f 739 743 841
f 841 842 740
f 740 843 742
f 843 740 842
f 742 840 741
f 844 742 843
f 844 840 742
f 841 743 845
f 744 845 743
f 744 846 845
f 761 846 744
f 745 749 847
f 847 848 745
f 745 849 746
f 745 848 849
f 850 746 849
f 746 850 747
f 748 747 850
f 850 851 748
f 748 851 750
f 847 749 852
f 813 852 749
f 750 853 754
f 851 853 750
f 754 751 750
f 752 753 776
f 776 753 854
f 753 758 854
f 855 754 853
f 755 754 855
f 856 755 855
f 755 857 756
f 857 755 856
f 857 858 756
f 858 757 756
f 859 860 757
f 859 757 858
f 860 758 757
f 861 862 758
f 862 854 758
f 861 758 860
f 863 759 782
f 766 760 759
f 863 766 759
f 846 761 762
f 864 846 762
f 762 865 864
f 763 865 762
f 865 763 866
f 764 866 763
f 770 867 764
f 868 764 867
f 764 868 866
f 765 768 869
f 869 769 765
f 766 863 870
f 870 871 766
f 871 767 766
f 768 767 872
f 871 872 767
f 873 768 872
f 873 869 768
f 874 769 869
f 769 875 774
f 769 874 875
f 867 770 876
f 771 876 770
f 877 876 771
f 772 877 771
f 772 876 877
f 773 876 772
f 878 876 773
f 878 773 774
f 879 878 774
f 774 875 879
f 775 880 881
f 881 777 775
f 776 880 775
f 880 776 854
f 882 777 881
f 777 882 778
f 779 778 882
f 883 779 882
f 779 883 884
f 779 885 780
f 885 779 884
f 886 781 780
f 887 780 885
f 887 886 780
f 888 781 886
f 888 889 781
f 782 781 889
f 889 863 782
f 890 788 783
f 891 890 783
f 784 891 783
f 892 891 784
f 892 784 893
f 784 786 893
f 784 785 786
f 893 786 894
f 787 894 786
f 895 894 787
f 790 895 787
f 896 789 788
f 890 896 788
f 897 793 789
f 789 896 898
f 789 898 897
f 895 790 820
f 897 792 793
f 798 794 792
f 792 899 798
f 792 897 899
f 795 900 901
f 795 799 900
f 901 796 795
f 796 902 800
f 901 902 796
f 797 903 799
f 797 798 903
f 903 798 899
f 904 799 905
f 799 904 900
f 903 905 799
f 800 902 906
f 800 906 907
f 907 801 800
f 801 907 802
f 802 908 909
f 802 909 910
f 803 802 910
f 908 802 907
f 911 803 910
f 911 912 803
f 912 804 803
f 805 804 912
f 805 912 913
f 913 914 805
f 805 915 806
f 914 915 805
f 915 807 806
f 915 916 807
f 808 807 809
f 809 807 917
f 916 917 807
f 810 809 917
f 810 917 918
f 919 811 810
f 918 919 810
f 919 920 811
f 920 812 811
f 920 921 812
f 921 813 812
f 813 921 922
f 852 813 922
f 923 814 815
f 814 924 925
f 816 814 925
f 924 814 923
f 923 815 818
f 925 926 816
f 926 817 816
f 819 817 926
f 818 927 923
f 927 818 824
f 928 823 819
f 926 928 819
f 929 895 820
f 820 930 929
f 930 820 821
f 930 821 931
f 822 931 821
f 932 931 822
f 933 932 822
f 822 823 933
f 928 933 823
f 934 927 824
f 935 824 825
f 824 936 934
f 936 824 935
f 935 825 827
f 827 826 828
f 828 935 827
f 829 935 828
f 937 935 829
f 937 829 830
f 830 831 937
f 831 938 937
f 939 938 831
f 832 939 831
f 939 832 940
f 940 832 833
f 940 833 941
f 941 833 834
f 835 941 834
f 942 941 835
f 835 836 942
f 836 943 942
f 837 944 836
f 944 943 836
f 838 944 837
f 945 944 838
f 839 945 838
f 840 946 839
f 946 945 839
f 947 946 840
f 844 947 840
f 845 842 841
f 845 948 842
f 843 842 949
f 842 948 949
f 843 950 844
f 843 949 950
f 947 844 951
f 952 844 950
f 952 951 844
f 846 953 845
f 953 954 845
f 954 948 845
f 955 953 846
f 864 955 846
f 852 956 847
f 847 956 848
f 849 848 957
f 848 956 958
f 958 957 848
f 850 849 959
f 959 849 957
f 851 850 959
f 960 851 959
f 851 960 961
f 961 853 851
f 852 922 962
f 963 852 962
f 956 852 963
f 964 853 961
f 964 855 853
f 880 854 862
f 855 965 856
f 855 964 966
f 965 855 966
f 967 857 856
f 965 968 856
f 968 969 856
f 969 967 856
f 970 857 967
f 858 857 970
f 858 971 859
f 971 858 972
f 972 858 970
f 973 860 859
f 974 973 859
f 971 974 859
f 860 973 861
f 862 861 880
f 973 880 861
f 870 863 889
f 955 864 975
f 975 864 865
f 865 866 975
f 976 975 866
f 976 866 977
f 868 977 866
f 876 868 867
f 876 978 868
f 979 977 868
f 980 979 868
f 978 980 868
f 869 873 981
f 874 869 981
f 982 870 889
f 871 870 983
f 982 983 870
f 871 984 872
f 871 983 984
f 872 984 985
f 873 872 985
f 985 986 873
f 986 981 873
f 987 874 988
f 981 988 874
f 987 875 874
f 989 879 875
f 990 989 875
f 875 987 990
f 978 876 878
f 991 878 879
f 991 992 878
f 878 992 978
f 989 991 879
f 881 880 973
f 993 881 973
f 994 881 993
f 881 994 882
f 883 882 994
f 995 883 994
f 883 995 996
f 997 883 996
f 998 883 997
f 883 998 884
f 885 884 998
f 885 998 999
f 887 885 999
f 886 887 1000
f 886 1000 888
f 887 999 1001
f 887 1001 1000
f 1002 888 1000
f 982 889 888
f 1002 1003 888
f 888 1003 982
f 1004 898 890
f 890 898 896
f 1005 1004 890
f 1005 890 891
f 1005 891 1006
f 1006 891 892
f 1006 892 1007
f 1008 1007 892
f 893 1008 892
f 1008 893 1009
f 893 894 1009
f 1009 894 929
f 895 929 894
f 1010 899 897
f 1010 897 1011
f 1011 897 898
f 1004 1011 898
f 1010 1012 899
f 1012 903 899
f 900 1013 901
f 900 1014 1013
f 900 904 1014
f 901 1013 1015
f 1015 902 901
f 902 1015 1016
f 902 1016 1017
f 1017 906 902
f 1012 905 903
f 904 905 1014
f 1018 1019 905
f 1014 905 1019
f 1012 1018 905
f 906 1017 908
f 907 906 908
f 1020 909 908
f 908 1017 1020
f 910 909 1021
f 909 1020 1022
f 909 1022 1021
f 910 1021 1023
f 911 910 1023
f 1024 911 1023
f 1024 1025 911
f 1025 912 911
f 1025 913 912
f 913 1025 1026
f 1026 1027 913
f 914 913 1027
f 1028 914 1027
f 1028 915 914
f 1028 916 915
f 917 916 1029
f 916 1028 1030
f 1030 1029 916
f 1029 918 917
f 1031 1032 918
f 1032 1033 918
f 918 1029 1031
f 919 918 1033
f 919 1033 1034
f 919 1034 920
f 1034 1035 920
f 921 920 1035
f 1035 922 921
f 922 1035 1036
f 962 922 1036
f 923 927 1037
f 924 923 1038
f 1037 1038 923
f 924 1038 1039
f 925 924 1040
f 1040 924 1041
f 924 1039 1041
f 926 925 1042
f 1042 925 1040
f 1042 1043 926
f 926 1043 928
f 1037 927 1044
f 1044 927 934
f 928 1045 933
f 1045 928 1043
f 1008 1009 929
f 929 1046 1008
f 930 1046 929
f 1046 930 1047
f 931 1047 930
f 1047 931 1048
f 932 1048 931
f 932 1049 1048
f 932 1050 1049
f 1050 932 1051
f 932 933 1051
f 933 1045 1051
f 934 936 1044
f 1052 936 935
f 1052 935 937
f 936 1053 1044
f 1052 1053 936
f 937 938 1052
f 938 1054 1052
f 1054 938 1055
f 939 1055 938
f 1056 1055 939
f 939 940 1056
f 1057 940 941
f 940 1058 1056
f 1058 940 1057
f 1057 941 1059
f 942 1059 941
f 1059 942 1060
f 943 1060 942
f 1060 943 1061
f 944 1061 943
f 944 1062 1061
f 944 945 1062
f 1062 945 1063
f 946 1063 945
f 946 1064 1063
f 1064 946 947
f 947 951 1064
f 948 954 1065
f 949 948 1065
f 950 949 1066
f 1065 1066 949
f 952 950 1067
f 950 1066 1067
f 1064 951 1068
f 1068 951 1069
f 1070 1069 951
f 951 952 1070
f 952 1067 1070
f 954 953 1071
f 953 955 1071
f 1065 954 1072
f 1073 954 1071
f 954 1073 1072
f 1074 955 975
f 1071 955 1074
f 956 963 1075
f 958 956 1075
f 959 957 1076
f 1076 957 958
f 1077 958 1075
f 1077 1076 958
f 960 959 1076
f 1078 960 1076
f 960 1078 961
f 1079 961 1078
f 1079 964 961
f 963 962 1080
f 1080 962 1036
f 1075 963 1080
f 1079 966 964
f 965 966 968
f 1081 966 1079
f 1081 968 966
f 967 969 970
f 968 1081 1082
f 968 1082 1083
f 968 1084 969
f 1084 968 1083
f 969 1085 970
f 969 1086 1085
f 1086 969 1084
f 1087 970 1085
f 970 1087 972
f 974 971 1088
f 971 972 1088
f 1089 1088 972
f 972 1087 1090
f 972 1090 1089
f 993 973 974
f 1088 993 974
f 1074 975 976
f 1091 976 977
f 1074 976 1092
f 1091 1092 976
f 977 979 1091
f 1093 980 978
f 992 1093 978
f 1094 979 1095
f 1091 979 1094
f 1095 979 980
f 1093 1096 980
f 1096 1095 980
f 1097 988 981
f 1097 981 986
f 1098 982 1003
f 1099 983 982
f 1098 1099 982
f 983 1099 1100
f 1100 984 983
f 1101 984 1100
f 1101 985 984
f 985 1101 986
f 1101 1097 986
f 987 1102 990
f 1097 987 988
f 1102 987 1103
f 1104 987 1097
f 1104 1103 987
f 990 991 989
f 990 1105 991
f 1102 1106 990
f 1106 1105 990
f 1107 992 991
f 991 1105 1107
f 1093 992 1108
f 1107 1108 992
f 1088 1109 993
f 995 993 1109
f 994 993 995
f 1109 1110 995
f 1110 1111 995
f 996 995 1111
f 1112 996 1111
f 996 1113 1114
f 1113 996 1112
f 1114 997 996
f 1114 998 997
f 999 998 1114
f 1114 1115 999
f 1116 999 1115
f 1116 1001 999
f 1117 1000 1001
f 1000 1117 1002
f 1118 1001 1116
f 1117 1001 1118
f 1119 1002 1117
f 1120 1003 1002
f 1119 1120 1002
f 1098 1003 1120
f 1011 1004 1121
f 1004 1005 1121
f 1005 1122 1121
f 1122 1005 1123
f 1124 1123 1005
f 1005 1125 1124
f 1006 1125 1005
f 1125 1006 1126
f 1006 1007 1126
f 1007 1008 1046
f 1126 1007 1127
f 1046 1127 1007
f 1010 1128 1012
f 1010 1129 1128
f 1011 1129 1010
f 1011 1121 1129
f 1012 1128 1018
f 1014 1019 1013
f 1013 1130 1015
f 1130 1013 1019
f 1016 1015 1131
f 1015 1132 1131
f 1132 1015 1130
f 1131 1133 1016
f 1016 1133 1134
f 1017 1016 1134
f 1134 1135 1017
f 1135 1136 1017
f 1020 1017 1136
f 1018 1130 1019
f 1137 1130 1018
f 1018 1128 1137
f 1138 1020 1136
f 1138 1022 1020
f 1023 1021 1139
f 1022 1140 1021
f 1139 1021 1140
f 1022 1138 1141
f 1022 1141 1140
f 1023 1139 1142
f 1143 1023 1142
f 1024 1023 1143
f 1026 1025 1024
f 1144 1024 1143
f 1024 1144 1145
f 1026 1024 1145
f 1027 1026 1146
f 1146 1026 1145
f 1028 1027 1146
f 1146 1147 1028
f 1030 1028 1147
f 1148 1029 1030
f 1148 1031 1029
f 1030 1147 1149
f 1149 1150 1030
f 1148 1030 1150
f 1031 1148 1151
f 1152 1031 1151
f 1031 1152 1032
f 1032 1153 1033
f 1032 1152 1153
f 1153 1034 1033
f 1153 1154 1034
f 1035 1034 1155
f 1155 1034 1154
f 1155 1036 1035
f 1155 1156 1036
f 1080 1036 1157
f 1036 1156 1158
f 1158 1157 1036
f 1159 1037 1044
f 1159 1038 1037
f 1038 1160 1039
f 1159 1161 1038
f 1038 1161 1160
f 1162 1041 1039
f 1163 1039 1160
f 1039 1163 1162
f 1042 1040 1041
f 1041 1164 1165
f 1042 1041 1166
f 1165 1166 1041
f 1041 1162 1164
f 1166 1043 1042
f 1045 1043 1167
f 1166 1167 1043
f 1053 1159 1044
f 1168 1045 1167
f 1045 1169 1051
f 1168 1169 1045
f 1046 1170 1127
f 1171 1170 1046
f 1171 1046 1047
f 1171 1047 1172
f 1173 1172 1047
f 1047 1048 1173
f 1048 1049 1173
f 1049 1174 1173
f 1050 1174 1049
f 1174 1050 1175
f 1176 1175 1050
f 1050 1169 1176
f 1050 1051 1169
f 1054 1053 1052
f 1053 1177 1159
f 1178 1053 1054
f 1178 1177 1053
f 1055 1178 1054
f 1055 1179 1178
f 1055 1180 1179
f 1180 1055 1181
f 1056 1181 1055
f 1058 1181 1056
f 1057 1182 1058
f 1057 1183 1182
f 1183 1057 1059
f 1058 1184 1181
f 1184 1058 1182
f 1183 1059 1060
f 1060 1061 1185
f 1183 1060 1185
f 1186 1187 1061
f 1062 1186 1061
f 1185 1061 1187
f 1186 1062 1188
f 1062 1063 1188
f 1063 1189 1188
f 1063 1190 1189
f 1191 1063 1064
f 1190 1063 1191
f 1068 1191 1064
f 1066 1065 1072
f 1072 1192 1066
f 1192 1067 1066
f 1193 1070 1067
f 1067 1192 1193
f 1191 1068 1194
f 1195 1194 1068
f 1069 1195 1068
f 1195 1069 1196
f 1196 1069 1197
f 1198 1069 1070
f 1069 1198 1197
f 1070 1193 1198
f 1071 1074 1073
f 1192 1072 1199
f 1199 1072 1073
f 1073 1074 1200
f 1200 1199 1073
f 1200 1074 1092
f 1075 1080 1157
f 1075 1157 1201
f 1201 1202 1075
f 1202 1077 1075
f 1078 1076 1203
f 1076 1077 1203
f 1204 1077 1202
f 1203 1077 1204
f 1078 1203 1205
f 1206 1078 1205
f 1079 1078 1206
f 1206 1207 1079
f 1081 1079 1207
f 1082 1081 1207
f 1208 1082 1207
f 1083 1082 1208
f 1083 1208 1209
f 1210 1083 1209
f 1210 1084 1083
f 1210 1086 1084
f 1211 1087 1085
f 1085 1086 1211
f 1212 1086 1210
f 1213 1086 1212
f 1214 1211 1086
f 1213 1214 1086
f 1090 1087 1211
f 1110 1109 1088
f 1088 1089 1110
f 1111 1110 1089
f 1215 1111 1089
f 1215 1089 1090
f 1216 1090 1211
f 1216 1217 1090
f 1217 1215 1090
f 1092 1091 1218
f 1094 1218 1091
f 1200 1092 1219
f 1219 1092 1218
f 1093 1108 1096
f 1094 1220 1218
f 1094 1095 1220
f 1096 1220 1095
f 1221 1220 1096
f 1222 1096 1108
f 1222 1221 1096
f 1097 1101 1223
f 1104 1097 1223
f 1099 1098 1224
f 1225 1098 1120
f 1226 1098 1225
f 1224 1098 1226
f 1100 1099 1224
f 1227 1101 1100
f 1228 1100 1224
f 1228 1227 1100
f 1229 1101 1227
f 1229 1223 1101
f 1102 1103 1106
f 1230 1103 1104
f 1231 1106 1103
f 1231 1103 1230
f 1104 1232 1230
f 1233 1232 1104
f 1223 1233 1104
f 1234 1107 1105
f 1106 1234 1105
f 1106 1235 1234
f 1236 1235 1106
f 1231 1236 1106
f 1107 1234 1108
f 1108 1234 1222
f 1215 1237 1111
f 1112 1111 1237
f 1112 1237 1238
f 1238 1239 1112
f 1113 1112 1239
f 1113 1239 1240
f 1113 1240 1241
f 1242 1113 1241
f 1114 1113 1243
f 1244 1113 1242
f 1243 1113 1244
f 1115 1114 1243
f 1245 1115 1243
f 1115 1245 1246
f 1246 1116 1115
f 1247 1116 1246
f 1247 1248 1116
f 1248 1118 1116
f 1117 1118 1119
f 1249 1119 1118
f 1249 1118 1248
f 1119 1249 1250
f 1120 1119 1225
f 1225 1119 1250
f 1122 1129 1121
f 1129 1122 1128
f 1128 1122 1251
f 1122 1252 1251
f 1122 1123 1252
f 1253 1252 1123
f 1123 1124 1254
f 1123 1254 1253
f 1170 1254 1124
f 1124 1125 1170
f 1125 1126 1170
f 1127 1170 1126
f 1251 1137 1128
f 1137 1255 1130
f 1255 1132 1130
f 1133 1131 1132
f 1256 1257 1132
f 1132 1255 1256
f 1257 1133 1132
f 1134 1133 1257
f 1134 1257 1135
f 1135 1258 1259
f 1135 1257 1258
f 1135 1259 1136
f 1136 1260 1138
f 1261 1136 1259
f 1136 1261 1260
f 1255 1137 1251
f 1138 1260 1262
f 1138 1262 1263
f 1138 1263 1141
f 1139 1264 1265
f 1139 1140 1264
f 1265 1142 1139
f 1140 1141 1264
f 1264 1141 1263
f 1142 1266 1143
f 1142 1265 1267
f 1267 1266 1142
f 1266 1268 1143
f 1144 1143 1268
f 1269 1145 1144
f 1268 1269 1144
f 1145 1270 1146
f 1269 1270 1145
f 1146 1270 1271
f 1147 1146 1271
f 1271 1149 1147
f 1148 1150 1151
f 1271 1272 1149
f 1150 1149 1272
f 1272 1273 1150
f 1151 1150 1273
f 1152 1151 1274
f 1273 1274 1151
f 1152 1275 1153
f 1274 1275 1152
f 1275 1276 1153
f 1276 1154 1153
f 1276 1277 1154
f 1277 1155 1154
f 1277 1156 1155
f 1277 1278 1156
f 1156 1278 1158
f 1201 1157 1279
f 1157 1158 1280
f 1279 1157 1280
f 1158 1278 1281
f 1158 1281 1280
f 1177 1161 1159
f 1161 1177 1160
f 1177 1163 1160
f 1282 1164 1162
f 1163 1283 1162
f 1283 1282 1162
f 1177 1284 1163
f 1163 1284 1283
f 1165 1164 1285
f 1164 1286 1285
f 1286 1164 1282
f 1166 1165 1287
f 1287 1165 1285
f 1287 1167 1166
f 1288 1168 1167
f 1287 1288 1167
f 1288 1169 1168
f 1169 1289 1176
f 1288 1289 1169
f 1254 1170 1290
f 1290 1170 1171
f 1171 1172 1291
f 1171 1292 1290
f 1292 1171 1291
f 1291 1172 1293
f 1174 1293 1172
f 1174 1172 1173
f 1294 1293 1174
f 1294 1174 1175
f 1175 1176 1295
f 1175 1295 1294
f 1296 1295 1176
f 1176 1289 1296
f 1177 1178 1284
f 1178 1179 1284
f 1179 1297 1284
f 1298 1297 1179
f 1180 1298 1179
f 1180 1299 1298
f 1184 1180 1181
f 1184 1299 1180
f 1182 1300 1184
f 1300 1182 1301
f 1302 1301 1182
f 1185 1182 1183
f 1182 1185 1303
f 1303 1302 1182
f 1304 1299 1184
f 1300 1304 1184
f 1187 1303 1185
f 1187 1186 1188
f 1188 1305 1187
f 1187 1305 1303
f 1305 1188 1189
f 1189 1306 1305
f 1189 1190 1307
f 1189 1307 1306
f 1194 1190 1191
f 1194 1307 1190
f 1308 1192 1199
f 1192 1308 1193
f 1193 1309 1198
f 1308 1309 1193
f 1194 1310 1307
f 1311 1194 1195
f 1310 1194 1311
f 1312 1311 1195
f 1312 1195 1196
f 1312 1196 1313
f 1313 1196 1314
f 1196 1197 1314
f 1314 1197 1315
f 1198 1316 1197
f 1316 1315 1197
f 1309 1317 1198
f 1317 1316 1198
f 1199 1318 1308
f 1199 1200 1219
f 1219 1318 1199
f 1279 1280 1201
f 1280 1319 1201
f 1319 1202 1201
f 1319 1320 1202
f 1204 1202 1320
f 1204 1205 1203
f 1321 1205 1204
f 1321 1204 1320
f 1206 1205 1322
f 1205 1321 1322
f 1323 1206 1322
f 1207 1206 1323
f 1207 1323 1324
f 1208 1207 1324
f 1208 1324 1325
f 1208 1325 1326
f 1327 1208 1326
f 1208 1327 1209
f 1209 1328 1210
f 1328 1209 1327
f 1328 1329 1210
f 1329 1212 1210
f 1330 1216 1211
f 1211 1214 1330
f 1331 1212 1329
f 1213 1212 1331
f 1332 1213 1331
f 1213 1333 1214
f 1333 1213 1332
f 1214 1333 1330
f 1215 1238 1237
f 1238 1215 1217
f 1330 1334 1216
f 1216 1334 1217
f 1335 1238 1217
f 1336 1335 1217
f 1217 1334 1336
f 1219 1218 1337
f 1337 1218 1220
f 1338 1318 1219
f 1337 1338 1219
f 1339 1337 1220
f 1340 1339 1220
f 1340 1220 1221
f 1340 1221 1341
f 1342 1341 1221
f 1342 1221 1222
f 1235 1222 1234
f 1235 1343 1222
f 1222 1344 1342
f 1343 1344 1222
f 1229 1345 1223
f 1233 1223 1346
f 1346 1223 1345
f 1347 1224 1226
f 1224 1347 1228
f 1348 1225 1250
f 1348 1226 1225
f 1349 1226 1348
f 1350 1226 1349
f 1347 1226 1350
f 1351 1227 1228
f 1352 1229 1227
f 1227 1351 1352
f 1351 1228 1347
f 1353 1229 1352
f 1354 1229 1353
f 1345 1229 1354
f 1232 1231 1230
f 1232 1355 1231
f 1356 1231 1355
f 1356 1236 1231
f 1233 1355 1232
f 1355 1233 1346
f 1235 1236 1357
f 1235 1357 1343
f 1356 1357 1236
f 1239 1238 1335
f 1240 1239 1335
f 1335 1241 1240
f 1358 1241 1335
f 1358 1242 1241
f 1242 1359 1244
f 1242 1360 1359
f 1242 1358 1360
f 1244 1245 1243
f 1361 1245 1244
f 1359 1361 1244
f 1245 1361 1362
f 1362 1246 1245
f 1363 1246 1362
f 1247 1246 1363
f 1247 1363 1364
f 1364 1248 1247
f 1365 1249 1248
f 1248 1364 1365
f 1365 1250 1249
f 1366 1348 1250
f 1366 1250 1365
f 1251 1367 1255
f 1367 1251 1368
f 1252 1368 1251
f 1369 1368 1252
f 1252 1253 1369
f 1369 1253 1370
f 1371 1253 1254
f 1371 1370 1253
f 1290 1371 1254
f 1367 1256 1255
f 1257 1256 1258
f 1256 1372 1258
f 1373 1372 1256
f 1367 1373 1256
f 1374 1375 1258
f 1372 1374 1258
f 1258 1375 1259
f 1259 1375 1261
f 1375 1374 1260
f 1260 1376 1262
f 1376 1260 1374
f 1260 1261 1375
f 1262 1376 1377
f 1263 1262 1377
f 1263 1377 1378
f 1263 1378 1264
f 1264 1379 1380
f 1264 1378 1379
f 1265 1264 1380
f 1265 1380 1267
f 1381 1382 1266
f 1268 1266 1382
f 1381 1266 1267
f 1267 1380 1383
f 1383 1384 1267
f 1381 1267 1385
f 1384 1385 1267
f 1386 1268 1382
f 1268 1386 1269
f 1386 1387 1269
f 1269 1387 1270
f 1271 1270 1387
f 1272 1271 1388
f 1388 1271 1387
f 1272 1388 1389
f 1273 1272 1389
f 1389 1390 1273
f 1274 1273 1390
f 1390 1391 1274
f 1392 1274 1391
f 1275 1274 1392
f 1392 1393 1275
f 1276 1275 1394
f 1394 1275 1393
f 1277 1276 1395
f 1394 1396 1276
f 1395 1276 1396
f 1278 1277 1395
f 1278 1395 1396
f 1396 1397 1278
f 1281 1278 1397
f 1280 1281 1398
f 1398 1399 1280
f 1319 1280 1399
f 1281 1397 1400
f 1400 1401 1281
f 1401 1398 1281
f 1297 1282 1283
f 1402 1282 1297
f 1402 1286 1282
f 1283 1284 1297
f 1287 1285 1403
f 1285 1286 1404
f 1285 1404 1403
f 1405 1404 1286
f 1402 1405 1286
f 1288 1287 1406
f 1406 1287 1407
f 1403 1407 1287
f 1406 1408 1288
f 1408 1289 1288
f 1409 1296 1289
f 1289 1408 1409
f 1290 1410 1371
f 1410 1290 1292
f 1411 1292 1291
f 1291 1293 1411
f 1410 1292 1412
f 1412 1292 1413
f 1292 1411 1413
f 1293 1294 1411
f 1294 1295 1414
f 1294 1415 1416
f 1294 1416 1411
f 1414 1415 1294
f 1414 1295 1417
f 1295 1296 1417
f 1418 1417 1296
f 1418 1296 1409
f 1419 1402 1297
f 1297 1298 1419
f 1299 1419 1298
f 1299 1420 1419
f 1304 1420 1299
f 1301 1304 1300
f 1301 1421 1304
f 1301 1302 1422
f 1421 1301 1423
f 1422 1423 1301
f 1303 1424 1302
f 1424 1425 1302
f 1422 1302 1425
f 1305 1424 1303
f 1426 1420 1304
f 1421 1426 1304
f 1424 1305 1306
f 1306 1427 1428
f 1306 1428 1424
f 1307 1427 1306
f 1307 1429 1427
f 1310 1429 1307
f 1318 1309 1308
f 1309 1318 1430
f 1309 1430 1317
f 1310 1431 1429
f 1432 1431 1310
f 1433 1432 1310
f 1310 1311 1433
f 1312 1433 1311
f 1313 1433 1312
f 1433 1313 1434
f 1313 1314 1435
f 1434 1313 1435
f 1315 1436 1314
f 1314 1437 1435
f 1436 1437 1314
f 1316 1436 1315
f 1316 1438 1436
f 1317 1438 1316
f 1439 1317 1430
f 1440 1438 1317
f 1439 1440 1317
f 1318 1338 1441
f 1430 1318 1441
f 1442 1319 1399
f 1320 1319 1443
f 1443 1319 1442
f 1321 1320 1444
f 1320 1443 1445
f 1445 1446 1320
f 1444 1320 1446
f 1322 1321 1447
f 1444 1447 1321
f 1448 1322 1447
f 1322 1448 1323
f 1448 1325 1323
f 1324 1323 1325
f 1449 1325 1448
f 1449 1450 1325
f 1450 1326 1325
f 1451 1326 1450
f 1327 1326 1451
f 1327 1451 1452
f 1328 1327 1452
f 1453 1328 1452
f 1329 1328 1453
f 1453 1454 1329
f 1454 1331 1329
f 1455 1456 1330
f 1456 1334 1330
f 1333 1455 1330
f 1332 1331 1457
f 1458 1331 1454
f 1457 1331 1458
f 1459 1333 1332
f 1332 1457 1459
f 1333 1460 1455
f 1333 1459 1461
f 1460 1333 1461
f 1336 1334 1462
f 1462 1334 1456
f 1358 1335 1336
f 1358 1336 1462
f 1337 1463 1338
f 1463 1337 1464
f 1339 1464 1337
f 1338 1463 1441
f 1465 1466 1339
f 1464 1339 1466
f 1339 1340 1465
f 1467 1465 1340
f 1341 1467 1340
f 1341 1468 1469
f 1341 1342 1468
f 1467 1341 1470
f 1470 1341 1469
f 1468 1342 1471
f 1472 1471 1342
f 1472 1342 1344
f 1473 1344 1343
f 1473 1343 1357
f 1472 1344 1474
f 1344 1473 1474
f 1354 1475 1345
f 1345 1476 1346
f 1475 1476 1345
f 1346 1477 1355
f 1476 1477 1346
f 1347 1350 1351
f 1349 1348 1366
f 1366 1478 1349
f 1478 1350 1349
f 1350 1479 1351
f 1479 1350 1480
f 1480 1350 1478
f 1481 1351 1479
f 1481 1352 1351
f 1352 1481 1353
f 1482 1353 1481
f 1354 1353 1483
f 1353 1484 1485
f 1483 1353 1485
f 1484 1353 1482
f 1483 1486 1354
f 1486 1475 1354
f 1477 1356 1355
f 1487 1356 1477
f 1488 1356 1487
f 1488 1357 1356
f 1488 1489 1357
f 1473 1357 1489
f 1490 1358 1462
f 1358 1490 1491
f 1358 1491 1360
f 1492 1359 1491
f 1493 1361 1359
f 1494 1359 1495
f 1359 1494 1493
f 1360 1491 1359
f 1495 1359 1492
f 1362 1361 1493
f 1496 1362 1493
f 1362 1496 1363
f 1363 1496 1497
f 1364 1363 1497
f 1497 1498 1364
f 1499 1364 1498
f 1500 1364 1499
f 1364 1500 1365
f 1500 1366 1365
f 1501 1366 1500
f 1502 1366 1501
f 1478 1366 1502
f 1367 1368 1373
f 1369 1373 1368
f 1369 1503 1373
f 1504 1503 1369
f 1505 1504 1369
f 1369 1370 1505
f 1506 1505 1370
f 1506 1370 1507
f 1371 1507 1370
f 1371 1410 1507
f 1372 1508 1374
f 1508 1372 1509
f 1509 1372 1510
f 1373 1510 1372
f 1373 1503 1510
f 1508 1376 1374
f 1377 1376 1511
f 1508 1512 1376
f 1512 1511 1376
f 1377 1511 1378
f 1378 1513 1514
f 1379 1378 1514
f 1515 1378 1511
f 1378 1515 1513
f 1379 1514 1516
f 1516 1517 1379
f 1379 1517 1380
f 1517 1383 1380
f 1518 1381 1385
f 1382 1381 1518
f 1386 1382 1518
f 1519 1383 1517
f 1383 1519 1520
f 1383 1520 1521
f 1521 1384 1383
f 1521 1522 1384
f 1523 1384 1522
f 1384 1523 1385
f 1518 1385 1523
f 1386 1524 1387
f 1386 1518 1525
f 1524 1386 1525
f 1388 1387 1524
f 1526 1527 1388
f 1527 1389 1388
f 1524 1526 1388
f 1389 1527 1528
f 1390 1389 1528
f 1390 1528 1529
f 1529 1391 1390
f 1391 1529 1530
f 1391 1531 1392
f 1391 1530 1531
f 1392 1532 1393
f 1532 1392 1531
f 1532 1533 1393
f 1394 1393 1533
f 1534 1394 1533
f 1534 1396 1394
f 1396 1534 1397
f 1534 1535 1397
f 1535 1536 1397
f 1400 1397 1536
f 1398 1537 1399
f 1401 1537 1398
f 1399 1537 1538
f 1399 1538 1539
f 1399 1539 1442
f 1401 1400 1540
f 1400 1536 1540
f 1540 1537 1401
f 1405 1402 1541
f 1542 1541 1402
f 1542 1402 1419
f 1404 1543 1403
f 1544 1407 1403
f 1545 1544 1403
f 1545 1403 1543
f 1405 1543 1404
f 1405 1545 1543
f 1541 1545 1405
f 1546 1547 1406
f 1407 1546 1406
f 1547 1408 1406
f 1544 1546 1407
f 1408 1548 1409
f 1548 1408 1547
f 1409 1548 1549
f 1418 1409 1549
f 1507 1410 1550
f 1412 1550 1410
f 1413 1411 1416
f 1412 1551 1550
f 1551 1412 1413
f 1551 1413 1552
f 1413 1416 1552
f 1415 1414 1417
f 1415 1553 1554
f 1416 1415 1554
f 1553 1415 1555
f 1417 1556 1415
f 1556 1555 1415
f 1554 1552 1416
f 1418 1557 1417
f 1556 1417 1558
f 1558 1417 1557
f 1559 1418 1560
f 1560 1418 1549
f 1559 1557 1418
f 1420 1542 1419
f 1420 1561 1542
f 1426 1561 1420
f 1421 1562 1426
f 1562 1421 1423
f 1422 1563 1423
f 1422 1425 1563
f 1562 1423 1564
f 1563 1564 1423
f 1424 1565 1425
f 1428 1565 1424
f 1565 1563 1425
f 1426 1566 1561
f 1566 1426 1562
f 1428 1427 1567
f 1567 1427 1429
f 1428 1568 1565
f 1567 1568 1428
f 1429 1569 1567
f 1570 1569 1429
f 1429 1431 1570
f 1430 1441 1439
f 1571 1570 1431
f 1432 1571 1431
f 1572 1573 1432
f 1573 1571 1432
f 1434 1432 1433
f 1434 1572 1432
f 1435 1574 1434
f 1574 1572 1434
f 1437 1574 1435
f 1437 1436 1575
f 1576 1436 1438
f 1575 1436 1576
f 1574 1437 1577
f 1577 1437 1578
f 1575 1578 1437
f 1579 1576 1438
f 1438 1440 1579
f 1441 1580 1439
f 1581 1440 1439
f 1582 1581 1439
f 1439 1580 1582
f 1440 1581 1583
f 1579 1440 1584
f 1440 1583 1584
f 1580 1441 1463
f 1443 1442 1445
f 1445 1442 1539
f 1585 1444 1446
f 1447 1444 1585
f 1445 1539 1586
f 1587 1445 1586
f 1446 1445 1587
f 1587 1585 1446
f 1447 1449 1448
f 1585 1588 1447
f 1588 1449 1447
f 1449 1588 1589
f 1450 1449 1589
f 1589 1590 1450
f 1451 1450 1590
f 1591 1592 1451
f 1451 1592 1452
f 1591 1451 1590
f 1593 1452 1594
f 1452 1592 1594
f 1453 1452 1593
f 1454 1453 1595
f 1595 1453 1593
f 1595 1458 1454
f 1456 1455 1460
f 1596 1462 1456
f 1460 1596 1456
f 1459 1457 1458
f 1458 1595 1597
f 1598 1458 1597
f 1459 1458 1598
f 1459 1599 1461
f 1599 1459 1598
f 1600 1460 1461
f 1600 1596 1460
f 1601 1600 1461
f 1599 1601 1461
f 1602 1490 1462
f 1602 1462 1596
f 1464 1466 1463
f 1463 1466 1580
f 1465 1603 1466
f 1467 1603 1465
f 1580 1466 1604
f 1603 1604 1466
f 1603 1467 1605
f 1470 1605 1467
f 1471 1469 1468
f 1470 1469 1606
f 1469 1607 1606
f 1469 1471 1607
f 1608 1605 1470
f 1470 1609 1608
f 1610 1609 1470
f 1470 1606 1610
f 1611 1471 1472
f 1611 1607 1471
f 1474 1611 1472
f 1489 1612 1473
f 1473 1612 1474
f 1611 1474 1613
f 1613 1474 1612
f 1475 1477 1476
f 1614 1477 1475
f 1614 1475 1486
f 1615 1487 1477
f 1616 1477 1614
f 1477 1616 1615
f 1617 1480 1478
f 1617 1478 1502
f 1618 1479 1480
f 1618 1481 1479
f 1617 1618 1480
f 1618 1482 1481
f 1482 1619 1620
f 1620 1621 1482
f 1619 1482 1618
f 1622 1484 1482
f 1482 1621 1622
f 1485 1623 1483
f 1483 1614 1486
f 1614 1483 1623
f 1623 1485 1484
f 1623 1484 1624
f 1624 1484 1622
f 1625 1488 1487
f 1626 1625 1487
f 1487 1615 1626
f 1625 1489 1488
f 1627 1612 1489
f 1489 1628 1627
f 1628 1489 1625
f 1490 1629 1492
f 1629 1490 1602
f 1492 1491 1490
f 1492 1629 1495
f 1494 1630 1493
f 1496 1493 1630
f 1630 1494 1631
f 1494 1495 1631
f 1631 1495 1629
f 1632 1496 1630
f 1632 1497 1496
f 1632 1633 1497
f 1498 1497 1633
f 1498 1633 1634
f 1498 1634 1635
f 1498 1635 1499
f 1636 1500 1499
f 1499 1635 1636
f 1500 1636 1501
f 1637 1502 1501
f 1638 1501 1636
f 1637 1501 1638
f 1639 1617 1502
f 1639 1502 1637
f 1510 1503 1640
f 1641 1640 1503
f 1503 1504 1641
f 1504 1505 1506
f 1642 1504 1506
f 1641 1504 1642
f 1643 1642 1506
f 1644 1643 1506
f 1644 1506 1507
f 1507 1550 1644
f 1512 1508 1645
f 1508 1509 1645
f 1509 1510 1640
f 1646 1509 1640
f 1509 1646 1645
f 1515 1511 1512
f 1515 1512 1647
f 1647 1512 1645
f 1513 1515 1648
f 1648 1514 1513
f 1648 1516 1514
f 1515 1647 1649
f 1649 1648 1515
f 1516 1648 1650
f 1516 1651 1652
f 1652 1653 1516
f 1651 1516 1650
f 1516 1653 1519
f 1519 1517 1516
f 1523 1654 1518
f 1654 1525 1518
f 1655 1520 1519
f 1519 1653 1655
f 1520 1655 1656
f 1520 1656 1657
f 1521 1520 1657
f 1658 1521 1657
f 1522 1521 1658
f 1659 1522 1658
f 1522 1660 1523
f 1660 1522 1659
f 1654 1523 1660
f 1525 1526 1524
f 1525 1654 1661
f 1661 1526 1525
f 1527 1526 1661
f 1527 1661 1662
f 1527 1662 1528
f 1662 1663 1528
f 1663 1529 1528
f 1530 1529 1663
f 1663 1664 1530
f 1664 1665 1530
f 1530 1665 1531
f 1532 1531 1666
f 1667 1531 1665
f 1666 1531 1667
f 1533 1532 1666
f 1534 1533 1668
f 1668 1533 1666
f 1668 1535 1534
f 1535 1668 1669
f 1536 1535 1669
f 1670 1536 1669
f 1536 1670 1540
f 1671 1537 1540
f 1538 1537 1671
f 1538 1671 1672
f 1673 1538 1672
f 1673 1539 1538
f 1674 1586 1539
f 1539 1673 1675
f 1674 1539 1675
f 1671 1540 1670
f 1541 1676 1545
f 1677 1676 1541
f 1541 1561 1677
f 1541 1542 1561
f 1678 1546 1544
f 1544 1545 1676
f 1544 1676 1678
f 1679 1547 1546
f 1546 1680 1679
f 1546 1678 1681
f 1546 1681 1680
f 1548 1547 1682
f 1682 1547 1683
f 1683 1547 1679
f 1682 1549 1548
f 1549 1682 1684
f 1549 1684 1560
f 1550 1551 1644
f 1685 1644 1551
f 1685 1551 1686
f 1552 1686 1551
f 1686 1552 1554
f 1553 1687 1688
f 1553 1688 1554
f 1553 1689 1687
f 1553 1555 1689
f 1686 1554 1688
f 1689 1555 1690
f 1691 1690 1555
f 1691 1555 1556
f 1558 1692 1556
f 1556 1692 1691
f 1693 1557 1559
f 1558 1557 1693
f 1693 1692 1558
f 1694 1695 1559
f 1694 1559 1560
f 1559 1695 1693
f 1696 1560 1684
f 1694 1560 1696
f 1561 1697 1677
f 1697 1561 1566
f 1562 1698 1566
f 1564 1698 1562
f 1563 1699 1564
f 1700 1699 1563
f 1565 1700 1563
f 1564 1701 1698
f 1699 1701 1564
f 1702 1700 1565
f 1702 1565 1568
f 1566 1703 1697
f 1703 1566 1698
f 1569 1568 1567
f 1569 1704 1568
f 1704 1702 1568
f 1570 1704 1569
f 1570 1705 1706
f 1571 1705 1570
f 1570 1706 1704
f 1573 1705 1571
f 1573 1572 1707
f 1708 1707 1572
f 1574 1708 1572
f 1709 1705 1573
f 1707 1709 1573
f 1574 1710 1708
f 1574 1577 1710
f 1711 1578 1575
f 1576 1711 1575
f 1712 1711 1576
f 1713 1712 1576
f 1713 1576 1579
f 1578 1710 1577
f 1714 1710 1578
f 1711 1714 1578
f 1579 1584 1713
f 1715 1582 1580
f 1580 1604 1715
f 1716 1583 1581
f 1582 1717 1581
f 1717 1716 1581
f 1582 1715 1717
f 1583 1718 1584
f 1583 1719 1718
f 1719 1583 1716
f 1718 1720 1584
f 1584 1720 1713
f 1588 1585 1721
f 1585 1587 1722
f 1585 1722 1723
f 1721 1585 1723
f 1587 1586 1674
f 1722 1587 1724
f 1674 1724 1587
f 1588 1721 1725
f 1725 1589 1588
f 1590 1589 1725
f 1591 1590 1726
f 1590 1725 1727
f 1726 1590 1727
f 1728 1591 1726
f 1728 1592 1591
f 1728 1729 1592
f 1594 1592 1729
f 1593 1594 1730
f 1593 1730 1595
f 1594 1729 1731
f 1732 1594 1731
f 1730 1594 1732
f 1595 1733 1597
f 1595 1730 1733
f 1596 1734 1602
f 1600 1735 1596
f 1734 1596 1735
f 1733 1736 1597
f 1737 1597 1736
f 1737 1598 1597
f 1599 1598 1737
f 1737 1738 1599
f 1601 1599 1738
f 1600 1739 1735
f 1739 1600 1601
f 1601 1740 1739
f 1738 1741 1601
f 1740 1601 1741
f 1602 1742 1629
f 1734 1742 1602
f 1603 1743 1604
f 1605 1743 1603
f 1715 1604 1744
f 1743 1744 1604
f 1608 1743 1605
f 1745 1610 1606
f 1606 1607 1746
f 1745 1606 1746
f 1607 1611 1746
f 1608 1747 1743
f 1609 1747 1608
f 1747 1609 1748
f 1610 1749 1609
f 1748 1609 1749
f 1745 1749 1610
f 1746 1611 1750
f 1751 1750 1611
f 1611 1613 1752
f 1611 1752 1751
f 1627 1613 1612
f 1752 1613 1753
f 1754 1613 1627
f 1754 1753 1613
f 1755 1616 1614
f 1614 1623 1755
f 1756 1615 1616
f 1756 1626 1615
f 1757 1616 1755
f 1758 1756 1616
f 1757 1758 1616
f 1759 1618 1617
f 1760 1617 1639
f 1617 1760 1759
f 1619 1618 1759
f 1620 1619 1759
f 1621 1620 1761
f 1762 1620 1759
f 1620 1762 1763
f 1763 1761 1620
f 1761 1622 1621
f 1761 1624 1622
f 1624 1755 1623
f 1761 1764 1624
f 1764 1755 1624
f 1626 1628 1625
f 1765 1628 1626
f 1756 1765 1626
f 1766 1754 1627
f 1766 1627 1628
f 1628 1765 1766
f 1767 1631 1629
f 1767 1629 1742
f 1630 1768 1632
f 1631 1769 1630
f 1770 1630 1769
f 1770 1768 1630
f 1769 1631 1767
f 1632 1771 1772
f 1632 1772 1633
f 1768 1771 1632
f 1633 1772 1773
f 1773 1634 1633
f 1774 1634 1773
f 1635 1634 1774
f 1775 1635 1774
f 1636 1635 1776
f 1776 1635 1775
f 1776 1638 1636
f 1638 1777 1637
f 1637 1777 1778
f 1637 1778 1639
f 1779 1638 1776
f 1780 1638 1779
f 1638 1780 1781
f 1638 1781 1777
f 1639 1778 1782
f 1639 1782 1760
f 1641 1646 1640
f 1783 1646 1641
f 1641 1784 1783
f 1641 1642 1784
f 1784 1642 1643
f 1643 1785 1784
f 1786 1785 1643
f 1644 1787 1643
f 1643 1787 1786
f 1787 1644 1685
f 1646 1783 1645
f 1645 1788 1647
f 1645 1783 1788
f 1649 1647 1789
f 1788 1789 1647
f 1650 1648 1649
f 1790 1651 1649
f 1649 1651 1650
f 1790 1649 1789
f 1790 1652 1651
f 1652 1790 1791
f 1653 1652 1791
f 1653 1791 1792
f 1655 1653 1792
f 1660 1793 1654
f 1794 1654 1793
f 1795 1654 1794
f 1654 1795 1661
f 1792 1796 1655
f 1796 1797 1655
f 1798 1656 1655
f 1797 1798 1655
f 1798 1799 1656
f 1657 1656 1799
f 1800 1657 1799
f 1801 1657 1800
f 1658 1657 1801
f 1658 1801 1659
f 1659 1801 1802
f 1802 1660 1659
f 1660 1802 1803
f 1793 1660 1803
f 1662 1661 1795
f 1804 1662 1805
f 1663 1662 1804
f 1662 1795 1806
f 1805 1662 1806
f 1664 1663 1804
f 1664 1804 1807
f 1808 1664 1807
f 1664 1808 1809
f 1664 1810 1665
f 1810 1664 1809
f 1665 1810 1667
f 1666 1667 1811
f 1668 1666 1812
f 1812 1666 1811
f 1811 1667 1810
f 1669 1668 1813
f 1812 1813 1668
f 1813 1814 1669
f 1670 1669 1814
f 1670 1814 1815
f 1815 1671 1670
f 1672 1671 1815
f 1815 1816 1672
f 1673 1672 1817
f 1817 1672 1816
f 1673 1817 1675
f 1674 1675 1818
f 1674 1818 1724
f 1675 1819 1820
f 1819 1675 1817
f 1818 1675 1820
f 1676 1821 1678
f 1676 1677 1821
f 1822 1821 1677
f 1697 1822 1677
f 1678 1821 1681
f 1680 1823 1679
f 1823 1683 1679
f 1824 1823 1680
f 1680 1681 1824
f 1825 1681 1821
f 1681 1825 1824
f 1682 1683 1684
f 1683 1696 1684
f 1683 1823 1826
f 1826 1696 1683
f 1787 1685 1827
f 1828 1685 1686
f 1827 1685 1828
f 1688 1828 1686
f 1828 1688 1687
f 1687 1829 1828
f 1829 1687 1830
f 1830 1687 1831
f 1831 1687 1689
f 1690 1831 1689
f 1690 1832 1831
f 1833 1832 1690
f 1691 1833 1690
f 1834 1691 1692
f 1834 1833 1691
f 1692 1835 1834
f 1693 1835 1692
f 1836 1835 1693
f 1836 1693 1695
f 1695 1694 1837
f 1838 1837 1694
f 1694 1696 1838
f 1836 1695 1837
f 1696 1826 1838
f 1703 1822 1697
f 1703 1698 1839
f 1839 1698 1701
f 1701 1699 1840
f 1699 1700 1841
f 1841 1840 1699
f 1841 1700 1842
f 1702 1842 1700
f 1701 1843 1839
f 1840 1843 1701
f 1844 1842 1702
f 1844 1702 1704
f 1845 1822 1703
f 1845 1703 1839
f 1844 1704 1706
f 1705 1846 1706
f 1846 1705 1709
f 1706 1847 1844
f 1846 1847 1706
f 1709 1707 1848
f 1707 1849 1848
f 1850 1707 1708
f 1850 1849 1707
f 1851 1850 1708
f 1851 1708 1710
f 1709 1852 1853
f 1709 1853 1846
f 1848 1852 1709
f 1710 1854 1851
f 1714 1854 1710
f 1712 1855 1711
f 1711 1856 1714
f 1857 1856 1711
f 1857 1711 1855
f 1713 1855 1712
f 1720 1858 1713
f 1858 1855 1713
f 1856 1854 1714
f 1859 1717 1715
f 1859 1715 1744
f 1860 1716 1717
f 1861 1716 1860
f 1861 1719 1716
f 1859 1860 1717
f 1720 1718 1862
f 1719 1862 1718
f 1861 1862 1719
f 1862 1858 1720
f 1723 1863 1721
f 1725 1721 1863
f 1724 1864 1722
f 1722 1864 1723
f 1864 1865 1723
f 1866 1863 1723
f 1866 1723 1865
f 1818 1864 1724
f 1725 1863 1727
f 1726 1727 1867
f 1726 1867 1868
f 1726 1868 1869
f 1870 1726 1869
f 1728 1726 1870
f 1863 1866 1727
f 1867 1727 1866
f 1729 1728 1870
f 1870 1871 1729
f 1731 1729 1871
f 1733 1730 1732
f 1871 1872 1731
f 1873 1732 1731
f 1873 1731 1872
f 1874 1732 1875
f 1874 1733 1732
f 1873 1875 1732
f 1876 1736 1733
f 1733 1874 1876
f 1877 1742 1734
f 1878 1734 1735
f 1877 1734 1878
f 1735 1879 1880
f 1739 1879 1735
f 1880 1878 1735
f 1876 1881 1736
f 1736 1881 1737
f 1738 1737 1881
f 1882 1738 1881
f 1738 1882 1741
f 1883 1739 1740
f 1879 1739 1883
f 1883 1740 1884
f 1884 1740 1741
f 1741 1882 1885
f 1886 1884 1741
f 1886 1741 1885
f 1877 1767 1742
f 1744 1743 1887
f 1887 1743 1747
f 1888 1859 1744
f 1887 1888 1744
f 1889 1749 1745
f 1890 1745 1746
f 1745 1890 1889
f 1890 1746 1891
f 1750 1891 1746
f 1887 1747 1748
f 1748 1892 1887
f 1748 1893 1892
f 1748 1894 1893
f 1748 1749 1895
f 1895 1894 1748
f 1896 1895 1749
f 1889 1896 1749
f 1897 1891 1750
f 1750 1751 1898
f 1898 1899 1750
f 1899 1897 1750
f 1898 1751 1752
f 1900 1752 1753
f 1752 1901 1898
f 1900 1901 1752
f 1753 1754 1902
f 1753 1902 1900
f 1903 1754 1766
f 1903 1902 1754
f 1757 1755 1904
f 1904 1755 1764
f 1758 1765 1756
f 1905 1906 1757
f 1907 1757 1904
f 1905 1757 1907
f 1757 1906 1758
f 1908 1765 1758
f 1906 1908 1758
f 1760 1762 1759
f 1760 1782 1909
f 1910 1760 1909
f 1911 1762 1760
f 1912 1911 1760
f 1912 1760 1910
f 1913 1764 1761
f 1914 1913 1761
f 1914 1761 1763
f 1762 1911 1763
f 1915 1763 1911
f 1915 1914 1763
f 1916 1904 1764
f 1913 1917 1764
f 1916 1764 1917
f 1765 1908 1766
f 1766 1908 1903
f 1770 1769 1767
f 1918 1770 1767
f 1918 1767 1877
f 1768 1770 1918
f 1918 1771 1768
f 1919 1771 1918
f 1920 1771 1919
f 1771 1920 1772
f 1921 1772 1920
f 1921 1773 1772
f 1922 1774 1773
f 1922 1773 1921
f 1923 1774 1922
f 1775 1774 1923
f 1923 1924 1775
f 1779 1776 1775
f 1775 1924 1925
f 1779 1775 1925
f 1926 1777 1781
f 1926 1778 1777
f 1909 1782 1778
f 1927 1778 1926
f 1927 1909 1778
f 1928 1779 1925
f 1779 1928 1780
f 1781 1780 1929
f 1780 1928 1929
f 1929 1926 1781
f 1788 1783 1930
f 1783 1784 1930
f 1930 1784 1785
f 1931 1930 1785
f 1932 1931 1785
f 1785 1786 1932
f 1933 1786 1787
f 1932 1786 1934
f 1786 1933 1935
f 1786 1935 1934
f 1827 1933 1787
f 1789 1788 1936
f 1930 1936 1788
f 1790 1789 1937
f 1789 1936 1937
f 1937 1791 1790
f 1937 1938 1791
f 1939 1791 1938
f 1792 1791 1939
f 1939 1796 1792
f 1793 1803 1794
f 1794 1940 1795
f 1794 1803 1941
f 1942 1794 1941
f 1940 1794 1942
f 1806 1795 1940
f 1943 1797 1796
f 1938 1943 1796
f 1796 1939 1938
f 1944 1797 1943
f 1945 1946 1797
f 1798 1797 1946
f 1797 1944 1945
f 1946 1799 1798
f 1799 1946 1947
f 1800 1799 1947
f 1800 1948 1801
f 1949 1800 1947
f 1950 1800 1949
f 1948 1800 1950
f 1802 1801 1948
f 1802 1948 1951
f 1803 1802 1951
f 1803 1951 1941
f 1804 1805 1952
f 1804 1952 1807
f 1805 1953 1952
f 1805 1806 1953
f 1806 1940 1954
f 1955 1806 1954
f 1953 1806 1955
f 1952 1956 1807
f 1808 1807 1957
f 1957 1807 1956
f 1809 1808 1957
f 1809 1958 1810
f 1809 1957 1959
f 1959 1960 1809
f 1958 1809 1960
f 1811 1810 1958
f 1812 1811 1961
f 1961 1811 1958
f 1961 1813 1812
f 1813 1961 1962
f 1962 1814 1813
f 1814 1962 1963
f 1963 1815 1814
f 1815 1963 1964
f 1816 1815 1964
f 1965 1816 1966
f 1966 1816 1964
f 1817 1816 1965
f 1965 1967 1817
f 1819 1817 1967
f 1968 1864 1818
f 1820 1969 1818
f 1968 1818 1969
f 1970 1819 1967
f 1971 1819 1970
f 1820 1819 1971
f 1971 1972 1820
f 1969 1820 1972
f 1822 1825 1821
f 1825 1822 1845
f 1823 1973 1826
f 1974 1973 1823
f 1974 1823 1824
f 1824 1825 1974
f 1975 1974 1825
f 1845 1975 1825
f 1973 1976 1826
f 1838 1826 1977
f 1826 1978 1977
f 1826 1976 1978
f 1933 1827 1979
f 1829 1979 1827
f 1827 1828 1829
f 1979 1829 1980
f 1830 1980 1829
f 1980 1830 1981
f 1982 1981 1830
f 1830 1831 1982
f 1831 1983 1982
f 1831 1832 1983
f 1983 1832 1984
f 1833 1985 1832
f 1985 1984 1832
f 1834 1986 1833
f 1987 1985 1833
f 1833 1986 1987
f 1834 1835 1986
f 1835 1836 1988
f 1986 1835 1989
f 1835 1988 1989
f 1990 1988 1836
f 1990 1836 1837
f 1837 1838 1991
f 1991 1990 1837
f 1838 1992 1991
f 1993 1994 1838
f 1838 1977 1993
f 1838 1994 1992
f 1995 1996 1839
f 1839 1996 1845
f 1843 1995 1839
f 1997 1843 1840
f 1998 1997 1840
f 1998 1840 1841
f 1842 1998 1841
f 1999 1998 1842
f 2000 1999 1842
f 2000 1842 1844
f 1843 2001 2002
f 1843 2002 1995
f 1997 2001 1843
f 2003 2000 1844
f 1844 1847 2003
f 1975 1845 1996
f 1847 1846 1853
f 2003 1847 2004
f 1853 2004 1847
f 1852 1848 2005
f 1848 2006 2005
f 1849 2006 1848
f 2007 2006 1849
f 1850 2007 1849
f 2008 2007 1850
f 1851 2008 1850
f 1851 2009 2008
f 2010 2009 1851
f 2010 1851 1854
f 2005 2011 1852
f 1852 2012 1853
f 2013 2012 1852
f 1852 2011 2013
f 1853 2012 2004
f 2014 2010 1854
f 1856 2014 1854
f 1857 1855 2015
f 1855 2016 2015
f 1858 2016 1855
f 2017 2014 1856
f 1857 2017 1856
f 2015 2017 1857
f 1862 2018 1858
f 2018 2016 1858
f 1860 1859 1888
f 1860 2019 1861
f 1888 2019 1860
f 1861 2020 1862
f 2021 2020 1861
f 2019 2021 1861
f 2018 1862 2020
f 1865 1864 1968
f 2022 1866 1865
f 1865 2023 2022
f 1968 2024 1865
f 1865 2024 2023
f 2022 1867 1866
f 1868 1867 2022
f 2022 2025 1868
f 1868 2025 2026
f 2026 2027 1868
f 2027 1869 1868
f 2028 1870 1869
f 2027 2029 1869
f 2028 1869 2029
f 2030 1870 2028
f 2030 1871 1870
f 1871 2030 2031
f 1872 1871 2031
f 1873 1872 2032
f 1872 2031 2032
f 2033 2034 1873
f 2035 1875 1873
f 1873 2036 2035
f 2034 2036 1873
f 2033 1873 2032
f 1875 2037 1874
f 2038 1876 1874
f 2038 1874 2037
f 1875 2035 2037
f 1876 2038 1881
f 1877 2039 1918
f 1877 1878 2040
f 2039 1877 2040
f 2040 1878 1880
f 1883 2041 1879
f 1880 1879 2041
f 2041 2042 1880
f 2040 1880 2043
f 2043 1880 2042
f 1882 1881 2044
f 2044 1881 2038
f 2044 2045 1882
f 1882 2045 1885
f 1884 2041 1883
f 2041 1884 2046
f 2046 1884 1886
f 2047 1886 1885
f 2047 1885 2048
f 1885 2045 2048
f 2046 1886 2047
f 1888 1887 1892
f 2019 1888 1892
f 1896 1889 2049
f 2050 2049 1889
f 1889 1890 2051
f 1889 2051 2050
f 1890 1891 2051
f 1891 1897 2051
f 2052 2019 1892
f 1893 2052 1892
f 2053 2052 1893
f 1893 1894 2053
f 2054 2053 1894
f 2054 1894 1895
f 2055 2054 1895
f 1896 2055 1895
f 1896 2049 2055
f 2051 1897 2056
f 1899 2056 1897
f 1899 1898 2057
f 1898 1901 2057
f 2058 1899 2057
f 1899 2059 2056
f 2058 2059 1899
f 1902 2060 1900
f 1901 1900 2060
f 2060 2061 1901
f 2061 2057 1901
f 2062 1902 1903
f 1902 2062 2060
f 2063 2062 1903
f 1903 2064 2063
f 1903 1908 2064
f 1907 1904 1916
f 1905 1907 2065
f 1905 2066 2067
f 2066 1905 2065
f 2068 1905 2067
f 2068 1906 1905
f 1908 1906 2068
f 2069 1907 1916
f 2069 2065 1907
f 1908 2068 2064
f 1909 1927 2070
f 2070 1910 1909
f 1912 1910 2071
f 2072 1910 2070
f 1910 2072 2071
f 1915 1911 1912
f 2071 1915 1912
f 2073 1913 1914
f 1917 1913 2073
f 2074 1914 1915
f 1914 2074 2073
f 2075 1915 2071
f 1915 2075 2074
f 2069 1916 1917
f 2076 1917 2073
f 2077 2069 1917
f 1917 2076 2077
f 1919 1918 2039
f 1919 2078 1920
f 2079 1919 2039
f 2078 1919 2079
f 2080 1920 2081
f 1921 1920 2080
f 2081 1920 2078
f 1921 2080 2082
f 2083 1921 2082
f 2084 1921 2083
f 2084 1922 1921
f 1923 1922 2084
f 2085 1923 2084
f 1923 2085 1924
f 1924 2085 2086
f 2086 2087 1924
f 1924 2087 1925
f 1925 2087 2088
f 2088 1928 1925
f 2089 1926 1929
f 2090 1926 2089
f 2091 1926 2090
f 2091 1927 1926
f 2092 1927 2091
f 2092 2070 1927
f 2089 1929 1928
f 2093 1928 2088
f 2093 2089 1928
f 2094 1936 1930
f 1931 2094 1930
f 2094 1931 2095
f 1931 1932 2095
f 2095 1932 2096
f 2096 1932 2097
f 1932 1934 2097
f 1979 1935 1933
f 2097 1934 2098
f 1934 2099 2098
f 2099 1934 1935
f 1935 2100 2099
f 1979 2101 1935
f 2101 2100 1935
f 1937 1936 2102
f 2094 2103 1936
f 1936 2103 2102
f 1937 2102 1938
f 1944 1943 1938
f 1938 2104 1944
f 1938 2102 2104
f 1940 1942 2105
f 2105 1954 1940
f 2106 1941 2107
f 1942 1941 2106
f 1941 1951 2107
f 1942 2106 2108
f 2105 1942 2108
f 2109 2110 1944
f 2110 1945 1944
f 1944 2104 2109
f 1945 2110 2111
f 2111 1946 1945
f 1947 1946 2111
f 1947 2111 2112
f 1947 2112 2113
f 1949 1947 2113
f 1950 1951 1948
f 2114 1949 2113
f 1950 1949 2114
f 1950 2114 2115
f 1951 1950 2115
f 1951 2115 2116
f 2116 2107 1951
f 1953 2117 1952
f 1952 2117 1956
f 1953 1955 2117
f 1954 2105 2118
f 2118 2119 1954
f 1955 1954 2119
f 1955 2119 2120
f 2117 1955 2120
f 2117 2121 1956
f 1957 1956 2122
f 2122 1956 2121
f 1957 2122 2123
f 1959 1957 2123
f 2124 1961 1958
f 2125 1958 1960
f 2125 2124 1958
f 1959 2123 2126
f 2127 1959 2126
f 1960 1959 2127
f 2127 2125 1960
f 1962 1961 2124
f 1963 1962 2124
f 1963 2124 2128
f 1963 2128 1964
f 1966 1964 2128
f 1965 1966 2129
f 1965 2129 2130
f 2131 1965 2132
f 1965 2131 1967
f 1965 2130 2132
f 1966 2128 2129
f 1970 1967 2131
f 2133 2024 1968
f 1969 2133 1968
f 1969 1972 2133
f 2131 2134 1970
f 1970 2134 2135
f 1971 1970 2135
f 2135 1972 1971
f 1972 2135 2136
f 2136 2137 1972
f 2133 1972 2137
f 2138 1976 1973
f 2139 2138 1973
f 1974 1975 1973
f 1975 2139 1973
f 2139 1975 1996
f 2138 1978 1976
f 1977 1978 2140
f 2140 1993 1977
f 1978 2138 2140
f 1980 2101 1979
f 2101 1980 2141
f 2141 1980 1981
f 2142 2141 1981
f 1981 1982 2143
f 2143 2142 1981
f 1982 1983 2143
f 1983 2144 2143
f 1984 2145 1983
f 2145 2144 1983
f 2145 1984 1985
f 2146 2145 1985
f 1987 2146 1985
f 1989 2147 1986
f 2147 1987 1986
f 1987 2148 2146
f 1987 2147 2148
f 1988 2149 1989
f 2149 1988 1990
f 2149 2150 1989
f 2147 1989 2150
f 2149 1990 2151
f 1990 2152 2151
f 1991 2153 1990
f 1990 2153 2152
f 2153 1991 1992
f 2154 2153 1992
f 1992 1994 2154
f 2140 2155 1993
f 1994 1993 2156
f 1993 2155 2156
f 2157 1994 2156
f 2158 1994 2157
f 1994 2158 2154
f 1995 2159 1996
f 1995 2002 2159
f 1996 2159 2139
f 2160 2001 1997
f 1997 1998 2160
f 1998 1999 2161
f 1998 2161 2160
f 1999 2162 2161
f 2163 1999 2000
f 2163 2162 1999
f 2003 2163 2000
f 2001 2164 2002
f 2160 2164 2001
f 2002 2165 2159
f 2165 2002 2164
f 2163 2003 2004
f 2004 2166 2163
f 2004 2012 2166
f 2167 2011 2005
f 2168 2167 2005
f 2169 2168 2005
f 2006 2169 2005
f 2007 2169 2006
f 2170 2169 2007
f 2008 2170 2007
f 2008 2009 2171
f 2008 2171 2170
f 2010 2172 2009
f 2172 2171 2009
f 2173 2172 2010
f 2014 2173 2010
f 2011 2174 2013
f 2011 2167 2174
f 2013 2175 2012
f 2166 2012 2175
f 2176 2175 2013
f 2174 2176 2013
f 2177 2173 2014
f 2017 2177 2014
f 2178 2017 2015
f 2179 2178 2015
f 2015 2016 2179
f 2018 2179 2016
f 2180 2177 2017
f 2181 2180 2017
f 2178 2181 2017
f 2179 2018 2182
f 2182 2018 2183
f 2183 2018 2020
f 2052 2021 2019
f 2184 2183 2020
f 2021 2184 2020
f 2185 2021 2052
f 2184 2021 2186
f 2185 2186 2021
f 2023 2025 2022
f 2023 2026 2025
f 2026 2023 2187
f 2188 2189 2023
f 2189 2187 2023
f 2024 2188 2023
f 2024 2133 2188
f 2187 2190 2026
f 2026 2190 2027
f 2029 2027 2190
f 2191 2028 2029
f 2030 2028 2191
f 2029 2190 2192
f 2193 2029 2192
f 2191 2029 2193
f 2194 2030 2191
f 2031 2030 2194
f 2194 2032 2031
f 2032 2194 2195
f 2196 2032 2195
f 2197 2032 2196
f 2033 2032 2197
f 2197 2198 2033
f 2199 2033 2198
f 2034 2033 2199
f 2200 2036 2034
f 2200 2034 2199
f 2201 2035 2036
f 2202 2037 2035
f 2035 2201 2202
f 2201 2036 2200
f 2037 2202 2038
f 2202 2203 2038
f 2204 2038 2203
f 2038 2204 2044
f 2040 2205 2039
f 2079 2039 2205
f 2043 2205 2040
f 2206 2041 2046
f 2042 2041 2206
f 2207 2042 2206
f 2208 2042 2207
f 2043 2042 2208
f 2043 2209 2210
f 2209 2043 2211
f 2211 2043 2208
f 2210 2205 2043
f 2204 2045 2044
f 2204 2212 2045
f 2212 2048 2045
f 2206 2046 2213
f 2047 2213 2046
f 2214 2047 2048
f 2047 2214 2213
f 2048 2212 2214
f 2049 2215 2055
f 2216 2215 2049
f 2050 2216 2049
f 2217 2050 2051
f 2218 2216 2050
f 2218 2050 2217
f 2056 2217 2051
f 2219 2185 2052
f 2053 2219 2052
f 2054 2220 2053
f 2220 2219 2053
f 2054 2055 2221
f 2221 2220 2054
f 2215 2221 2055
f 2222 2217 2056
f 2059 2222 2056
f 2223 2224 2057
f 2058 2057 2224
f 2223 2057 2061
f 2225 2226 2058
f 2058 2224 2225
f 2226 2059 2058
f 2226 2222 2059
f 2227 2060 2062
f 2228 2061 2060
f 2060 2227 2228
f 2228 2229 2061
f 2223 2061 2229
f 2063 2227 2062
f 2230 2227 2063
f 2230 2063 2064
f 2231 2230 2064
f 2231 2064 2068
f 2232 2065 2069
f 2066 2065 2232
f 2233 2067 2066
f 2066 2232 2234
f 2233 2066 2234
f 2067 2235 2231
f 2067 2233 2235
f 2067 2231 2068
f 2069 2077 2232
f 2236 2070 2092
f 2070 2237 2072
f 2237 2070 2236
f 2238 2071 2072
f 2075 2071 2238
f 2239 2238 2072
f 2240 2239 2072
f 2237 2240 2072
f 2241 2073 2074
f 2076 2073 2241
f 2242 2074 2075
f 2242 2241 2074
f 2243 2075 2238
f 2244 2075 2243
f 2242 2075 2244
f 2245 2076 2241
f 2077 2076 2245
f 2245 2246 2077
f 2077 2247 2232
f 2246 2247 2077
f 2081 2078 2079
f 2248 2079 2210
f 2249 2250 2079
f 2081 2079 2250
f 2248 2249 2079
f 2079 2205 2210
f 2082 2080 2081
f 2082 2081 2250
f 2251 2083 2082
f 2082 2250 2252
f 2251 2082 2253
f 2082 2252 2253
f 2251 2254 2083
f 2254 2084 2083
f 2255 2084 2254
f 2256 2084 2255
f 2085 2084 2256
f 2086 2085 2256
f 2086 2256 2257
f 2257 2258 2086
f 2086 2258 2087
f 2088 2087 2259
f 2087 2260 2259
f 2260 2087 2258
f 2093 2088 2259
f 2089 2093 2090
f 2090 2093 2261
f 2262 2091 2090
f 2261 2262 2090
f 2263 2091 2262
f 2264 2092 2091
f 2263 2264 2091
f 2264 2236 2092
f 2259 2265 2093
f 2093 2265 2261
f 2094 2266 2103
f 2266 2094 2095
f 2266 2095 2096
f 2096 2267 2266
f 2267 2096 2268
f 2269 2268 2096
f 2096 2097 2269
f 2098 2269 2097
f 2099 2270 2098
f 2269 2098 2270
f 2099 2271 2270
f 2271 2099 2100
f 2272 2271 2100
f 2141 2272 2100
f 2101 2141 2100
f 2266 2104 2102
f 2102 2103 2266
f 2267 2109 2104
f 2267 2104 2266
f 2118 2105 2108
f 2106 2116 2273
f 2107 2116 2106
f 2106 2273 2274
f 2108 2106 2275
f 2274 2275 2106
f 2276 2108 2275
f 2118 2108 2276
f 2277 2278 2109
f 2109 2279 2277
f 2109 2278 2110
f 2109 2267 2279
f 2280 2111 2110
f 2110 2278 2280
f 2111 2280 2281
f 2111 2281 2112
f 2112 2282 2283
f 2282 2112 2281
f 2113 2112 2284
f 2285 2284 2112
f 2112 2283 2285
f 2114 2113 2284
f 2284 2286 2114
f 2115 2114 2287
f 2114 2286 2287
f 2116 2115 2288
f 2287 2288 2115
f 2288 2273 2116
f 2121 2117 2120
f 2118 2276 2289
f 2289 2119 2118
f 2119 2289 2290
f 2120 2119 2291
f 2291 2119 2290
f 2121 2120 2292
f 2292 2120 2291
f 2122 2121 2292
f 2123 2122 2292
f 2126 2123 2293
f 2123 2292 2294
f 2294 2293 2123
f 2124 2125 2295
f 2128 2124 2295
f 2125 2127 2296
f 2295 2125 2296
f 2293 2297 2126
f 2296 2127 2126
f 2297 2296 2126
f 2128 2295 2298
f 2128 2298 2299
f 2129 2128 2299
f 2300 2129 2299
f 2130 2129 2300
f 2301 2130 2300
f 2302 2132 2130
f 2302 2130 2303
f 2301 2303 2130
f 2132 2134 2131
f 2134 2132 2302
f 2304 2133 2137
f 2304 2188 2133
f 2302 2305 2134
f 2305 2135 2134
f 2136 2135 2305
f 2305 2306 2136
f 2137 2136 2307
f 2306 2307 2136
f 2137 2308 2304
f 2307 2308 2137
f 2139 2140 2138
f 2159 2140 2139
f 2309 2140 2159
f 2155 2140 2309
f 2310 2272 2141
f 2141 2142 2311
f 2141 2311 2310
f 2312 2142 2143
f 2311 2142 2313
f 2313 2142 2312
f 2143 2144 2312
f 2312 2144 2314
f 2144 2145 2315
f 2314 2144 2315
f 2145 2146 2315
f 2316 2146 2317
f 2146 2148 2318
f 2317 2146 2318
f 2316 2315 2146
f 2319 2148 2147
f 2147 2150 2319
f 2148 2319 2318
f 2150 2149 2151
f 2150 2320 2321
f 2319 2150 2321
f 2151 2320 2150
f 2151 2322 2320
f 2152 2322 2151
f 2323 2322 2152
f 2152 2153 2323
f 2324 2153 2154
f 2323 2153 2325
f 2153 2324 2325
f 2324 2154 2326
f 2154 2158 2326
f 2156 2155 2157
f 2327 2157 2155
f 2155 2309 2327
f 2157 2327 2328
f 2328 2158 2157
f 2158 2329 2326
f 2328 2329 2158
f 2309 2159 2165
f 2330 2164 2160
f 2160 2331 2330
f 2331 2160 2161
f 2162 2331 2161
f 2332 2331 2162
f 2163 2332 2162
f 2166 2332 2163
f 2333 2165 2164
f 2333 2164 2330
f 2309 2165 2334
f 2334 2165 2333
f 2332 2166 2175
f 2167 2335 2174
f 2167 2336 2335
f 2167 2337 2336
f 2338 2337 2167
f 2167 2339 2338
f 2168 2339 2167
f 2340 2168 2169
f 2341 2339 2168
f 2168 2340 2341
f 2340 2169 2170
f 2171 2340 2170
f 2342 2343 2171
f 2172 2342 2171
f 2340 2171 2343
f 2344 2172 2173
f 2172 2345 2342
f 2344 2345 2172
f 2177 2344 2173
f 2335 2346 2174
f 2174 2346 2176
f 2332 2175 2347
f 2175 2348 2347
f 2176 2348 2175
f 2176 2349 2348
f 2176 2350 2349
f 2176 2346 2350
f 2177 2351 2344
f 2352 2351 2177
f 2177 2353 2352
f 2354 2353 2177
f 2180 2354 2177
f 2179 2355 2178
f 2355 2181 2178
f 2356 2355 2179
f 2182 2356 2179
f 2357 2354 2180
f 2357 2180 2358
f 2181 2358 2180
f 2181 2355 2358
f 2359 2356 2182
f 2360 2359 2182
f 2361 2182 2183
f 2361 2360 2182
f 2361 2183 2184
f 2186 2361 2184
f 2362 2186 2185
f 2219 2362 2185
f 2363 2186 2362
f 2363 2361 2186
f 2189 2364 2187
f 2190 2187 2364
f 2188 2365 2189
f 2304 2365 2188
f 2366 2189 2367
f 2364 2189 2366
f 2189 2365 2367
f 2364 2368 2190
f 2190 2368 2192
f 2369 2191 2193
f 2195 2191 2369
f 2194 2191 2195
f 2368 2370 2192
f 2370 2371 2192
f 2193 2192 2371
f 2369 2193 2372
f 2372 2193 2371
f 2195 2369 2372
f 2373 2195 2372
f 2196 2195 2373
f 2373 2374 2196
f 2197 2196 2374
f 2375 2197 2374
f 2198 2197 2375
f 2375 2376 2198
f 2199 2198 2377
f 2377 2198 2376
f 2199 2377 2200
f 2378 2200 2377
f 2201 2200 2379
f 2379 2200 2378
f 2380 2202 2201
f 2380 2201 2381
f 2201 2382 2381
f 2379 2382 2201
f 2202 2380 2203
f 2204 2203 2380
f 2383 2204 2380
f 2212 2204 2383
f 2384 2206 2213
f 2206 2384 2207
f 2384 2385 2207
f 2207 2385 2208
f 2386 2387 2208
f 2211 2208 2387
f 2386 2208 2385
f 2211 2388 2209
f 2389 2248 2209
f 2389 2209 2388
f 2248 2210 2209
f 2388 2211 2387
f 2383 2390 2212
f 2390 2391 2212
f 2212 2391 2214
f 2392 2384 2213
f 2214 2392 2213
f 2391 2392 2214
f 2215 2393 2221
f 2394 2393 2215
f 2395 2394 2215
f 2396 2215 2216
f 2395 2215 2396
f 2218 2396 2216
f 2397 2218 2217
f 2398 2397 2217
f 2222 2398 2217
f 2397 2396 2218
f 2219 2399 2362
f 2400 2399 2219
f 2220 2400 2219
f 2393 2220 2221
f 2393 2401 2220
f 2220 2401 2400
f 2402 2398 2222
f 2222 2403 2402
f 2226 2403 2222
f 2404 2223 2229
f 2404 2405 2223
f 2223 2405 2224
f 2405 2225 2224
f 2406 2407 2225
f 2408 2406 2225
f 2408 2225 2405
f 2225 2407 2226
f 2409 2403 2226
f 2407 2409 2226
f 2410 2228 2227
f 2227 2230 2410
f 2411 2229 2228
f 2410 2411 2228
f 2411 2404 2229
f 2410 2230 2412
f 2413 2230 2235
f 2235 2230 2231
f 2230 2413 2412
f 2232 2247 2234
f 2233 2234 2414
f 2415 2235 2233
f 2414 2415 2233
f 2247 2246 2234
f 2416 2234 2246
f 2417 2414 2234
f 2234 2416 2418
f 2417 2234 2418
f 2235 2419 2413
f 2419 2235 2415
f 2420 2421 2236
f 2421 2237 2236
f 2422 2236 2264
f 2422 2420 2236
f 2237 2423 2240
f 2237 2421 2423
f 2243 2238 2239
f 2243 2239 2240
f 2243 2240 2424
f 2423 2424 2240
f 2425 2241 2242
f 2425 2245 2241
f 2426 2425 2242
f 2244 2427 2242
f 2426 2242 2427
f 2424 2244 2243
f 2428 2244 2424
f 2428 2427 2244
f 2426 2245 2425
f 2429 2245 2426
f 2429 2246 2245
f 2429 2416 2246
f 2389 2249 2248
f 2430 2249 2389
f 2250 2249 2252
f 2431 2252 2249
f 2249 2430 2431
f 2432 2251 2253
f 2255 2254 2251
f 2251 2432 2255
f 2433 2253 2252
f 2433 2252 2434
f 2434 2252 2431
f 2435 2432 2253
f 2253 2436 2435
f 2433 2436 2253
f 2255 2436 2256
f 2435 2255 2432
f 2436 2255 2435
f 2436 2257 2256
f 2437 2258 2257
f 2257 2436 2438
f 2437 2257 2438
f 2439 2258 2437
f 2258 2439 2260
f 2440 2259 2260
f 2259 2440 2265
f 2260 2439 2441
f 2440 2260 2442
f 2260 2441 2442
f 2443 2261 2265
f 2444 2261 2443
f 2444 2262 2261
f 2444 2263 2262
f 2445 2263 2444
f 2446 2264 2263
f 2445 2446 2263
f 2422 2264 2446
f 2447 2265 2440
f 2443 2265 2447
f 2268 2279 2267
f 2268 2448 2279
f 2269 2448 2268
f 2269 2449 2448
f 2269 2450 2449
f 2270 2450 2269
f 2450 2270 2271
f 2272 2451 2271
f 2450 2271 2451
f 2452 2451 2272
f 2272 2310 2453
f 2452 2272 2453
f 2273 2288 2454
f 2454 2274 2273
f 2274 2454 2455
f 2274 2455 2456
f 2275 2274 2456
f 2275 2456 2457
f 2289 2276 2275
f 2275 2457 2289
f 2277 2458 2278
f 2458 2277 2459
f 2277 2279 2459
f 2458 2280 2278
f 2460 2459 2279
f 2448 2460 2279
f 2458 2281 2280
f 2281 2458 2282
f 2458 2283 2282
f 2285 2283 2461
f 2461 2283 2458
f 2284 2285 2462
f 2463 2284 2462
f 2284 2463 2286
f 2285 2461 2464
f 2285 2464 2462
f 2286 2463 2465
f 2287 2286 2465
f 2287 2465 2466
f 2287 2466 2288
f 2454 2288 2466
f 2467 2290 2289
f 2289 2457 2467
f 2468 2290 2467
f 2291 2290 2468
f 2469 2291 2468
f 2292 2291 2470
f 2291 2469 2470
f 2470 2294 2292
f 2471 2293 2294
f 2471 2297 2293
f 2471 2294 2470
f 2295 2296 2298
f 2296 2297 2472
f 2472 2473 2296
f 2473 2298 2296
f 2297 2471 2472
f 2298 2473 2474
f 2299 2298 2474
f 2299 2474 2475
f 2299 2475 2300
f 2301 2300 2475
f 2301 2475 2476
f 2477 2301 2476
f 2301 2477 2303
f 2306 2302 2303
f 2305 2302 2306
f 2303 2477 2478
f 2306 2303 2478
f 2304 2308 2365
f 2307 2306 2479
f 2306 2478 2479
f 2307 2479 2480
f 2307 2481 2308
f 2481 2307 2482
f 2480 2482 2307
f 2367 2365 2308
f 2481 2483 2308
f 2367 2308 2483
f 2334 2327 2309
f 2453 2310 2484
f 2485 2310 2311
f 2310 2485 2484
f 2313 2485 2311
f 2312 2486 2313
f 2312 2314 2486
f 2485 2313 2486
f 2487 2486 2314
f 2314 2488 2487
f 2314 2315 2488
f 2316 2489 2315
f 2489 2488 2315
f 2317 2490 2316
f 2316 2491 2489
f 2492 2491 2316
f 2490 2492 2316
f 2490 2317 2493
f 2493 2317 2318
f 2319 2494 2318
f 2318 2494 2495
f 2495 2493 2318
f 2321 2494 2319
f 2321 2320 2496
f 2496 2320 2322
f 2321 2495 2494
f 2495 2321 2496
f 2497 2322 2323
f 2497 2496 2322
f 2498 2323 2325
f 2497 2323 2499
f 2499 2323 2498
f 2326 2325 2324
f 2498 2325 2500
f 2325 2326 2500
f 2326 2329 2501
f 2501 2500 2326
f 2334 2328 2327
f 2329 2328 2334
f 2502 2501 2329
f 2503 2329 2334
f 2503 2504 2329
f 2504 2502 2329
f 2505 2333 2330
f 2505 2330 2506
f 2330 2331 2507
f 2507 2506 2330
f 2331 2347 2507
f 2331 2332 2347
f 2334 2333 2503
f 2333 2504 2503
f 2505 2504 2333
f 2335 2508 2346
f 2509 2508 2335
f 2336 2509 2335
f 2336 2337 2509
f 2510 2337 2511
f 2338 2511 2337
f 2337 2510 2509
f 2339 2511 2338
f 2512 2511 2339
f 2512 2339 2341
f 2513 2341 2340
f 2343 2514 2340
f 2514 2513 2340
f 2513 2515 2341
f 2515 2512 2341
f 2516 2343 2342
f 2345 2516 2342
f 2343 2517 2514
f 2518 2517 2343
f 2516 2518 2343
f 2345 2344 2519
f 2520 2519 2344
f 2351 2520 2344
f 2521 2516 2345
f 2519 2521 2345
f 2508 2522 2346
f 2346 2523 2350
f 2346 2522 2523
f 2348 2507 2347
f 2348 2524 2507
f 2348 2349 2524
f 2524 2349 2350
f 2350 2525 2526
f 2350 2526 2524
f 2527 2525 2350
f 2528 2527 2350
f 2350 2523 2528
f 2352 2520 2351
f 2352 2529 2520
f 2353 2529 2352
f 2530 2529 2353
f 2531 2530 2353
f 2353 2354 2531
f 2357 2532 2354
f 2532 2531 2354
f 2533 2358 2355
f 2534 2533 2355
f 2356 2534 2355
f 2359 2535 2356
f 2356 2535 2534
f 2358 2536 2357
f 2537 2532 2357
f 2536 2537 2357
f 2533 2536 2358
f 2538 2535 2359
f 2360 2538 2359
f 2539 2360 2361
f 2539 2538 2360
f 2363 2539 2361
f 2362 2399 2363
f 2540 2539 2363
f 2540 2363 2399
f 2366 2541 2364
f 2368 2364 2541
f 2483 2366 2367
f 2366 2483 2542
f 2543 2366 2542
f 2366 2543 2541
f 2541 2370 2368
f 2544 2370 2543
f 2370 2541 2543
f 2371 2370 2544
f 2545 2371 2544
f 2545 2372 2371
f 2373 2372 2545
f 2545 2546 2373
f 2373 2547 2374
f 2546 2547 2373
f 2374 2547 2548
f 2374 2548 2375
f 2549 2376 2375
f 2549 2375 2548
f 2550 2376 2551
f 2378 2377 2376
f 2549 2551 2376
f 2550 2378 2376
f 2552 2379 2378
f 2378 2550 2552
f 2382 2379 2552
f 2383 2380 2381
f 2553 2383 2381
f 2553 2381 2554
f 2554 2381 2382
f 2555 2382 2552
f 2554 2382 2555
f 2383 2553 2390
f 2384 2392 2556
f 2556 2385 2384
f 2385 2557 2386
f 2557 2385 2556
f 2387 2386 2558
f 2559 2386 2557
f 2558 2386 2559
f 2388 2387 2560
f 2560 2387 2558
f 2561 2389 2388
f 2561 2388 2560
f 2389 2561 2430
f 2390 2553 2562
f 2563 2391 2390
f 2562 2563 2390
f 2392 2391 2564
f 2391 2563 2564
f 2556 2392 2564
f 2393 2565 2401
f 2393 2394 2565
f 2395 2565 2394
f 2395 2566 2565
f 2567 2566 2395
f 2396 2567 2395
f 2567 2396 2568
f 2397 2568 2396
f 2398 2568 2397
f 2402 2568 2398
f 2540 2399 2569
f 2569 2399 2400
f 2400 2570 2569
f 2401 2570 2400
f 2571 2401 2565
f 2571 2572 2401
f 2401 2572 2570
f 2402 2573 2568
f 2574 2573 2402
f 2403 2574 2402
f 2409 2575 2403
f 2575 2574 2403
f 2576 2404 2411
f 2405 2404 2577
f 2404 2576 2577
f 2577 2408 2405
f 2578 2407 2406
f 2579 2578 2406
f 2580 2406 2408
f 2580 2579 2406
f 2575 2409 2407
f 2578 2581 2407
f 2581 2575 2407
f 2582 2408 2577
f 2583 2408 2582
f 2583 2580 2408
f 2412 2584 2410
f 2584 2411 2410
f 2411 2584 2576
f 2412 2585 2584
f 2586 2412 2413
f 2585 2412 2586
f 2413 2419 2586
f 2417 2587 2414
f 2415 2414 2587
f 2415 2587 2419
f 2429 2588 2416
f 2589 2416 2588
f 2589 2418 2416
f 2590 2587 2417
f 2417 2418 2590
f 2418 2589 2591
f 2591 2590 2418
f 2419 2587 2592
f 2593 2586 2419
f 2592 2593 2419
f 2420 2594 2421
f 2594 2420 2595
f 2596 2595 2420
f 2597 2420 2422
f 2420 2597 2596
f 2421 2594 2423
f 2422 2446 2598
f 2599 2422 2598
f 2422 2599 2597
f 2423 2594 2424
f 2424 2594 2428
f 2600 2426 2427
f 2426 2600 2429
f 2601 2427 2428
f 2602 2427 2601
f 2602 2600 2427
f 2428 2594 2595
f 2595 2596 2428
f 2596 2601 2428
f 2600 2588 2429
f 2603 2431 2430
f 2603 2430 2604
f 2604 2430 2561
f 2434 2431 2603
f 2438 2436 2433
f 2433 2605 2438
f 2605 2433 2434
f 2606 2434 2603
f 2606 2605 2434
f 2437 2438 2607
f 2607 2608 2437
f 2609 2437 2608
f 2439 2437 2609
f 2438 2605 2607
f 2609 2610 2439
f 2610 2441 2439
f 2440 2442 2447
f 2611 2442 2441
f 2612 2441 2610
f 2612 2611 2441
f 2613 2442 2611
f 2613 2447 2442
f 2614 2443 2447
f 2615 2443 2614
f 2615 2444 2443
f 2616 2444 2615
f 2616 2617 2444
f 2444 2617 2445
f 2598 2446 2445
f 2618 2598 2445
f 2618 2445 2617
f 2447 2613 2619
f 2447 2619 2614
f 2460 2448 2449
f 2449 2620 2460
f 2620 2449 2621
f 2622 2449 2450
f 2449 2622 2621
f 2450 2451 2622
f 2622 2451 2452
f 2452 2623 2622
f 2452 2624 2623
f 2625 2624 2452
f 2625 2452 2453
f 2626 2625 2453
f 2484 2626 2453
f 2454 2466 2627
f 2454 2627 2455
f 2628 2456 2455
f 2455 2627 2629
f 2628 2455 2629
f 2456 2628 2630
f 2457 2456 2630
f 2630 2631 2457
f 2467 2457 2631
f 2458 2459 2632
f 2632 2461 2458
f 2632 2459 2460
f 2632 2460 2620
f 2633 2461 2632
f 2633 2464 2461
f 2462 2464 2634
f 2634 2463 2462
f 2463 2635 2636
f 2463 2634 2635
f 2465 2463 2636
f 2464 2633 2634
f 2637 2465 2636
f 2637 2466 2465
f 2466 2637 2627
f 2467 2631 2638
f 2468 2467 2639
f 2640 2467 2638
f 2639 2467 2640
f 2468 2639 2469
f 2470 2469 2641
f 2469 2639 2642
f 2641 2469 2642
f 2471 2470 2643
f 2470 2641 2643
f 2472 2471 2643
f 2644 2472 2645
f 2473 2472 2644
f 2472 2643 2645
f 2473 2644 2646
f 2474 2473 2646
f 2475 2474 2647
f 2474 2646 2647
f 2475 2647 2476
f 2648 2476 2647
f 2476 2649 2477
f 2649 2476 2650
f 2476 2648 2650
f 2651 2477 2649
f 2478 2477 2651
f 2478 2652 2479
f 2478 2651 2652
f 2653 2479 2652
f 2479 2653 2480
f 2654 2480 2653
f 2480 2654 2482
f 2655 2481 2482
f 2483 2481 2655
f 2655 2482 2656
f 2654 2656 2482
f 2542 2483 2655
f 2484 2657 2626
f 2658 2657 2484
f 2659 2484 2485
f 2484 2659 2658
f 2659 2485 2486
f 2487 2659 2486
f 2487 2488 2660
f 2659 2487 2661
f 2487 2660 2661
f 2488 2491 2660
f 2491 2488 2489
f 2662 2490 2493
f 2663 2492 2490
f 2663 2490 2664
f 2490 2662 2664
f 2660 2491 2492
f 2492 2665 2660
f 2666 2665 2492
f 2663 2667 2492
f 2666 2492 2667
f 2668 2662 2493
f 2668 2493 2495
f 2669 2495 2496
f 2670 2668 2495
f 2671 2495 2669
f 2495 2671 2670
f 2496 2497 2672
f 2496 2672 2669
f 2497 2499 2673
f 2497 2673 2672
f 2673 2499 2498
f 2500 2673 2498
f 2673 2500 2674
f 2674 2500 2675
f 2675 2500 2501
f 2676 2675 2501
f 2502 2676 2501
f 2677 2676 2502
f 2502 2504 2677
f 2506 2504 2505
f 2678 2677 2504
f 2506 2678 2504
f 2506 2679 2678
f 2679 2506 2507
f 2507 2524 2679
f 2508 2680 2522
f 2508 2681 2680
f 2510 2681 2508
f 2509 2510 2508
f 2682 2681 2510
f 2683 2510 2511
f 2683 2682 2510
f 2683 2511 2512
f 2684 2683 2512
f 2684 2512 2515
f 2513 2685 2515
f 2514 2685 2513
f 2686 2685 2514
f 2517 2686 2514
f 2685 2684 2515
f 2516 2687 2518
f 2521 2687 2516
f 2517 2688 2686
f 2518 2687 2517
f 2689 2688 2517
f 2687 2689 2517
f 2690 2521 2519
f 2529 2519 2520
f 2529 2690 2519
f 2521 2691 2687
f 2690 2691 2521
f 2680 2528 2522
f 2523 2522 2528
f 2524 2526 2679
f 2525 2692 2693
f 2525 2693 2526
f 2694 2692 2525
f 2527 2694 2525
f 2526 2695 2679
f 2526 2696 2695
f 2697 2696 2526
f 2693 2697 2526
f 2527 2698 2694
f 2528 2698 2527
f 2680 2698 2528
f 2529 2699 2690
f 2700 2699 2529
f 2701 2700 2529
f 2530 2701 2529
f 2701 2530 2531
f 2532 2702 2531
f 2702 2701 2531
f 2537 2702 2532
f 2536 2533 2703
f 2704 2703 2533
f 2533 2534 2704
f 2534 2705 2704
f 2706 2705 2534
f 2706 2534 2535
f 2707 2706 2535
f 2708 2707 2535
f 2535 2538 2708
f 2709 2537 2536
f 2703 2709 2536
f 2537 2709 2702
f 2710 2538 2539
f 2711 2708 2538
f 2710 2711 2538
f 2539 2540 2710
f 2712 2711 2540
f 2711 2710 2540
f 2712 2540 2570
f 2569 2570 2540
f 2542 2655 2713
f 2713 2714 2542
f 2543 2542 2714
f 2714 2715 2543
f 2544 2543 2715
f 2715 2716 2544
f 2717 2544 2716
f 2545 2544 2718
f 2717 2718 2544
f 2546 2545 2718
f 2718 2719 2546
f 2720 2546 2719
f 2721 2546 2720
f 2721 2547 2546
f 2722 2547 2721
f 2548 2547 2722
f 2723 2548 2722
f 2549 2548 2723
f 2549 2723 2724
f 2551 2549 2724
f 2552 2550 2725
f 2725 2550 2726
f 2551 2726 2550
f 2727 2551 2724
f 2726 2551 2727
f 2555 2552 2725
f 2562 2553 2728
f 2728 2553 2554
f 2554 2729 2728
f 2729 2554 2555
f 2729 2555 2730
f 2731 2555 2725
f 2555 2731 2730
f 2732 2556 2564
f 2733 2556 2732
f 2556 2733 2557
f 2734 2557 2733
f 2559 2557 2734
f 2735 2560 2558
f 2736 2558 2559
f 2735 2558 2736
f 2559 2734 2737
f 2736 2559 2737
f 2738 2560 2735
f 2560 2738 2561
f 2561 2739 2604
f 2739 2561 2738
f 2563 2562 2740
f 2562 2728 2741
f 2562 2741 2740
f 2742 2564 2563
f 2563 2740 2742
f 2732 2564 2743
f 2743 2564 2742
f 2571 2565 2744
f 2744 2565 2566
f 2566 2745 2744
f 2746 2745 2566
f 2567 2746 2566
f 2568 2573 2567
f 2747 2746 2567
f 2567 2573 2747
f 2570 2748 2712
f 2748 2570 2572
f 2571 2749 2572
f 2750 2749 2571
f 2744 2750 2571
f 2749 2748 2572
f 2751 2573 2574
f 2751 2747 2573
f 2752 2751 2574
f 2574 2575 2752
f 2753 2752 2575
f 2581 2753 2575
f 2754 2576 2584
f 2582 2577 2576
f 2754 2582 2576
f 2579 2755 2578
f 2581 2578 2755
f 2756 2755 2579
f 2757 2756 2579
f 2758 2579 2580
f 2757 2579 2758
f 2580 2583 2758
f 2753 2581 2759
f 2581 2755 2759
f 2760 2582 2754
f 2760 2583 2582
f 2761 2583 2760
f 2761 2758 2583
f 2584 2585 2762
f 2762 2754 2584
f 2585 2763 2762
f 2764 2763 2585
f 2764 2585 2586
f 2593 2764 2586
f 2590 2765 2587
f 2592 2587 2765
f 2589 2588 2766
f 2767 2588 2600
f 2768 2588 2767
f 2768 2766 2588
f 2769 2589 2766
f 2591 2589 2769
f 2591 2770 2590
f 2770 2765 2590
f 2769 2770 2591
f 2592 2765 2771
f 2771 2593 2592
f 2772 2593 2771
f 2772 2764 2593
f 2596 2597 2773
f 2596 2773 2601
f 2774 2597 2599
f 2774 2773 2597
f 2618 2775 2598
f 2775 2599 2598
f 2774 2599 2776
f 2776 2599 2775
f 2767 2600 2602
f 2602 2601 2777
f 2777 2601 2773
f 2777 2778 2602
f 2602 2778 2767
f 2779 2606 2603
f 2780 2603 2604
f 2779 2603 2780
f 2781 2604 2739
f 2780 2604 2781
f 2608 2607 2605
f 2782 2605 2783
f 2608 2605 2782
f 2783 2605 2606
f 2779 2783 2606
f 2608 2782 2609
f 2784 2609 2785
f 2610 2609 2784
f 2609 2782 2785
f 2610 2784 2786
f 2612 2610 2786
f 2787 2611 2612
f 2788 2611 2787
f 2788 2613 2611
f 2789 2612 2786
f 2789 2790 2612
f 2787 2612 2790
f 2791 2613 2788
f 2791 2619 2613
f 2792 2614 2619
f 2616 2615 2614
f 2792 2616 2614
f 2793 2616 2792
f 2794 2616 2793
f 2794 2617 2616
f 2617 2794 2795
f 2617 2795 2618
f 2796 2618 2795
f 2796 2775 2618
f 2791 2797 2619
f 2619 2798 2792
f 2798 2619 2797
f 2632 2620 2799
f 2799 2620 2800
f 2621 2800 2620
f 2800 2621 2801
f 2622 2623 2621
f 2802 2801 2621
f 2623 2802 2621
f 2624 2802 2623
f 2802 2624 2803
f 2804 2803 2624
f 2805 2804 2624
f 2625 2805 2624
f 2806 2805 2625
f 2806 2625 2807
f 2626 2807 2625
f 2807 2626 2657
f 2627 2637 2808
f 2808 2809 2627
f 2627 2809 2629
f 2628 2629 2810
f 2630 2628 2810
f 2629 2809 2811
f 2811 2812 2629
f 2812 2810 2629
f 2630 2810 2631
f 2631 2810 2813
f 2631 2813 2638
f 2633 2632 2799
f 2633 2814 2634
f 2814 2633 2815
f 2799 2815 2633
f 2816 2634 2814
f 2816 2635 2634
f 2817 2636 2635
f 2635 2816 2817
f 2818 2636 2817
f 2818 2819 2636
f 2637 2636 2808
f 2808 2636 2819
f 2638 2813 2820
f 2640 2638 2820
f 2639 2640 2642
f 2640 2820 2821
f 2642 2640 2822
f 2640 2821 2823
f 2822 2640 2823
f 2641 2642 2824
f 2643 2641 2824
f 2824 2642 2825
f 2825 2642 2822
f 2645 2643 2826
f 2643 2824 2826
f 2644 2645 2827
f 2827 2646 2644
f 2827 2645 2828
f 2645 2826 2828
f 2647 2646 2827
f 2647 2827 2829
f 2829 2830 2647
f 2648 2647 2830
f 2830 2650 2648
f 2649 2650 2831
f 2649 2831 2651
f 2831 2650 2832
f 2830 2832 2650
f 2831 2833 2651
f 2651 2833 2652
f 2833 2653 2652
f 2653 2833 2834
f 2654 2653 2835
f 2835 2653 2834
f 2835 2836 2654
f 2654 2836 2656
f 2656 2713 2655
f 2656 2836 2837
f 2713 2656 2837
f 2657 2838 2807
f 2838 2657 2839
f 2658 2839 2657
f 2839 2658 2840
f 2661 2658 2659
f 2840 2658 2661
f 2660 2665 2661
f 2840 2661 2841
f 2842 2841 2661
f 2661 2665 2842
f 2662 2668 2843
f 2843 2844 2662
f 2662 2844 2664
f 2663 2845 2667
f 2846 2845 2663
f 2663 2664 2846
f 2664 2847 2846
f 2844 2847 2664
f 2665 2848 2842
f 2848 2665 2666
f 2849 2848 2666
f 2667 2849 2666
f 2849 2667 2845
f 2850 2843 2668
f 2668 2670 2851
f 2852 2668 2851
f 2668 2852 2850
f 2853 2671 2669
f 2669 2672 2853
f 2854 2670 2671
f 2854 2851 2670
f 2853 2854 2671
f 2673 2853 2672
f 2853 2673 2674
f 2855 2853 2674
f 2674 2675 2855
f 2855 2675 2856
f 2857 2675 2676
f 2857 2856 2675
f 2858 2676 2677
f 2858 2857 2676
f 2859 2858 2677
f 2678 2859 2677
f 2695 2678 2679
f 2859 2678 2860
f 2695 2860 2678
f 2680 2861 2698
f 2862 2861 2680
f 2681 2862 2680
f 2681 2863 2862
f 2682 2863 2681
f 2864 2865 2682
f 2682 2865 2863
f 2682 2866 2864
f 2867 2682 2683
f 2867 2866 2682
f 2867 2683 2684
f 2686 2684 2685
f 2686 2867 2684
f 2688 2868 2686
f 2868 2867 2686
f 2691 2689 2687
f 2688 2869 2868
f 2689 2870 2688
f 2870 2869 2688
f 2699 2689 2691
f 2689 2699 2870
f 2699 2691 2690
f 2693 2692 2871
f 2872 2871 2692
f 2698 2692 2694
f 2698 2872 2692
f 2693 2873 2697
f 2693 2871 2873
f 2874 2860 2695
f 2696 2874 2695
f 2875 2874 2696
f 2697 2875 2696
f 2697 2873 2875
f 2872 2698 2861
f 2699 2876 2870
f 2700 2876 2699
f 2701 2876 2700
f 2877 2876 2701
f 2701 2702 2877
f 2878 2879 2702
f 2879 2880 2702
f 2878 2702 2709
f 2702 2880 2877
f 2703 2878 2709
f 2881 2878 2703
f 2881 2703 2704
f 2882 2881 2704
f 2705 2882 2704
f 2883 2882 2705
f 2884 2705 2706
f 2884 2883 2705
f 2885 2884 2706
f 2707 2885 2706
f 2886 2707 2887
f 2886 2885 2707
f 2708 2887 2707
f 2888 2887 2708
f 2711 2888 2708
f 2889 2888 2711
f 2890 2889 2711
f 2891 2711 2712
f 2891 2890 2711
f 2748 2891 2712
f 2837 2892 2713
f 2892 2893 2713
f 2714 2713 2893
f 2714 2893 2894
f 2714 2894 2715
f 2715 2894 2716
f 2894 2895 2716
f 2896 2716 2895
f 2717 2716 2719
f 2719 2716 2896
f 2718 2717 2719
f 2897 2719 2896
f 2898 2719 2897
f 2720 2719 2898
f 2899 2721 2720
f 2900 2720 2898
f 2899 2720 2900
f 2722 2721 2899
f 2901 2722 2899
f 2723 2722 2901
f 2724 2723 2901
f 2901 2902 2724
f 2724 2902 2903
f 2903 2727 2724
f 2726 2731 2725
f 2731 2726 2904
f 2904 2726 2727
f 2904 2727 2903
f 2728 2729 2905
f 2728 2905 2741
f 2905 2729 2730
f 2730 2906 2905
f 2731 2906 2730
f 2731 2904 2907
f 2908 2731 2907
f 2908 2906 2731
f 2733 2732 2743
f 2909 2733 2743
f 2910 2733 2909
f 2910 2734 2733
f 2910 2737 2734
f 2911 2738 2735
f 2736 2912 2735
f 2735 2912 2911
f 2913 2736 2737
f 2913 2912 2736
f 2737 2910 2914
f 2914 2913 2737
f 2739 2738 2911
f 2915 2739 2911
f 2781 2739 2915
f 2916 2740 2741
f 2740 2917 2742
f 2740 2916 2917
f 2918 2741 2905
f 2918 2916 2741
f 2742 2917 2743
f 2919 2743 2917
f 2909 2743 2919
f 2920 2750 2744
f 2745 2920 2744
f 2745 2921 2920
f 2746 2922 2745
f 2922 2921 2745
f 2923 2746 2747
f 2924 2746 2923
f 2924 2922 2746
f 2923 2747 2751
f 2748 2925 2891
f 2749 2925 2748
f 2750 2925 2749
f 2920 2926 2750
f 2750 2926 2925
f 2927 2751 2752
f 2928 2923 2751
f 2927 2928 2751
f 2753 2929 2752
f 2929 2927 2752
f 2759 2930 2753
f 2753 2930 2929
f 2754 2762 2760
f 2756 2931 2755
f 2755 2931 2759
f 2932 2931 2756
f 2756 2757 2932
f 2933 2757 2758
f 2757 2933 2932
f 2934 2758 2761
f 2758 2934 2933
f 2931 2935 2759
f 2930 2759 2935
f 2762 2763 2760
f 2936 2761 2760
f 2936 2760 2763
f 2937 2761 2936
f 2934 2761 2937
f 2763 2764 2938
f 2936 2763 2938
f 2764 2772 2938
f 2939 2765 2770
f 2765 2939 2940
f 2765 2940 2771
f 2941 2769 2766
f 2941 2766 2768
f 2942 2768 2767
f 2778 2942 2767
f 2943 2768 2942
f 2943 2941 2768
f 2769 2941 2944
f 2945 2770 2769
f 2945 2769 2944
f 2945 2939 2770
f 2940 2772 2771
f 2946 2938 2772
f 2772 2947 2946
f 2772 2940 2947
f 2774 2948 2773
f 2949 2777 2773
f 2948 2950 2773
f 2773 2950 2949
f 2948 2774 2776
f 2796 2776 2775
f 2951 2776 2796
f 2952 2948 2776
f 2952 2776 2951
f 2953 2777 2949
f 2777 2953 2778
f 2954 2942 2778
f 2955 2778 2953
f 2955 2954 2778
f 2779 2780 2956
f 2957 2779 2956
f 2958 2783 2779
f 2958 2779 2957
f 2956 2780 2781
f 2959 2956 2781
f 2915 2960 2781
f 2961 2781 2960
f 2959 2781 2961
f 2785 2782 2783
f 2958 2785 2783
f 2784 2785 2958
f 2784 2958 2962
f 2963 2784 2962
f 2786 2784 2963
f 2963 2789 2786
f 2787 2790 2964
f 2964 2788 2787
f 2791 2788 2797
f 2964 2797 2788
f 2963 2965 2789
f 2965 2966 2789
f 2967 2789 2966
f 2789 2967 2790
f 2968 2790 2967
f 2790 2968 2964
f 2969 2792 2798
f 2969 2793 2792
f 2793 2969 2970
f 2793 2970 2794
f 2971 2794 2970
f 2795 2794 2972
f 2971 2972 2794
f 2796 2795 2972
f 2972 2973 2796
f 2973 2951 2796
f 2974 2797 2964
f 2797 2974 2798
f 2798 2974 2975
f 2975 2969 2798
f 2976 2815 2799
f 2801 2976 2799
f 2799 2800 2801
f 2977 2976 2801
f 2801 2802 2977
f 2978 2977 2802
f 2978 2802 2803
f 2978 2803 2979
f 2980 2979 2803
f 2803 2804 2980
f 2981 2804 2805
f 2982 2980 2804
f 2981 2982 2804
f 2981 2805 2806
f 2806 2807 2983
f 2983 2981 2806
f 2983 2807 2838
f 2819 2984 2808
f 2984 2809 2808
f 2809 2984 2985
f 2811 2809 2985
f 2813 2810 2986
f 2986 2810 2812
f 2985 2987 2811
f 2812 2811 2987
f 2986 2812 2987
f 2813 2986 2988
f 2820 2813 2988
f 2976 2814 2815
f 2989 2816 2814
f 2814 2976 2989
f 2816 2989 2990
f 2817 2816 2990
f 2817 2990 2991
f 2991 2992 2817
f 2993 2817 2992
f 2817 2993 2818
f 2994 2819 2818
f 2818 2993 2995
f 2994 2818 2995
f 2819 2994 2996
f 2819 2996 2984
f 2820 2988 2997
f 2821 2820 2997
f 2821 2997 2823
f 2825 2822 2998
f 2998 2822 2823
f 2823 2997 2999
f 3000 2823 2999
f 2998 2823 3001
f 3001 2823 3000
f 2824 2825 3002
f 3003 2824 3002
f 3003 2826 2824
f 2825 2998 3001
f 2825 3001 3002
f 3003 2828 2826
f 2827 2828 3004
f 2829 2827 3004
f 2828 3005 3004
f 2828 3003 3006
f 3005 2828 3006
f 3007 2829 3004
f 2830 2829 3007
f 3007 3008 2830
f 2832 2830 3008
f 2831 2832 3009
f 3009 2833 2831
f 2832 3010 3009
f 3010 2832 3008
f 2833 3009 3011
f 2833 3012 2834
f 3012 2833 3011
f 3012 3013 2834
f 3014 2835 2834
f 3013 3014 2834
f 2836 2835 3014
f 2836 3014 2837
f 3014 3015 2837
f 2892 2837 3015
f 2983 2838 3016
f 2839 3016 2838
f 2840 3017 2839
f 3018 3016 2839
f 3017 3018 2839
f 3019 3017 2840
f 3019 2840 2841
f 3019 2841 3020
f 2841 3021 3020
f 3021 2841 2842
f 2848 3022 2842
f 3022 3021 2842
f 2844 2843 3023
f 3024 3023 2843
f 2843 2850 3024
f 2847 2844 3023
f 2845 3025 2849
f 3025 2845 3026
f 2845 2846 3027
f 3026 2845 3027
f 2846 2847 3028
f 3028 3027 2846
f 2847 3029 3030
f 2847 3031 3028
f 3031 2847 3030
f 2847 3023 3029
f 2849 3025 2848
f 3025 3032 2848
f 3032 3022 2848
f 3033 2850 2852
f 3024 2850 3034
f 3033 3034 2850
f 2852 2851 3033
f 3035 2851 2854
f 2851 3035 3033
f 2853 3036 2854
f 2853 2855 3036
f 3035 2854 3037
f 3038 3037 2854
f 3038 2854 3036
f 3039 3036 2855
f 3040 3039 2855
f 2856 3040 2855
f 2856 3041 3040
f 3042 3041 2856
f 3043 2856 2857
f 3043 3042 2856
f 3044 2857 2858
f 3044 3043 2857
f 3045 2858 2859
f 3045 3044 2858
f 2860 3045 2859
f 3046 3045 2860
f 2874 3046 2860
f 2861 2871 2872
f 2861 3047 2871
f 2862 3047 2861
f 3048 3049 2862
f 2862 3049 3047
f 2862 3050 3048
f 2863 3050 2862
f 2865 3050 2863
f 3051 3052 2864
f 3051 2864 2866
f 2864 3052 2865
f 3053 3050 2865
f 3052 3053 2865
f 2867 2869 2866
f 3051 2866 2869
f 2869 2867 2868
f 3054 3055 2869
f 2869 2870 3054
f 3055 3051 2869
f 2877 2870 2876
f 2870 2877 3054
f 3047 3056 2871
f 2871 3056 2873
f 2873 3057 2875
f 2873 3056 3057
f 2875 3046 2874
f 2875 3057 3046
f 2880 3058 2877
f 2877 3058 3054
f 3059 2879 2878
f 3060 2878 2881
f 2878 3060 3059
f 3061 2880 2879
f 3062 3061 2879
f 3063 3062 2879
f 3064 2879 3059
f 3064 3063 2879
f 3058 2880 3065
f 3065 2880 3066
f 3061 3066 2880
f 3060 2881 2882
f 3059 3060 2882
f 2883 3059 2882
f 3067 3059 2883
f 3068 3067 2883
f 2884 3068 2883
f 2885 3068 2884
f 2885 2886 3068
f 2886 3069 3068
f 3070 2886 2887
f 3070 3069 2886
f 3071 3070 2887
f 3072 3071 2887
f 3073 2887 2888
f 3073 3072 2887
f 2888 2889 3073
f 3074 3075 2889
f 3076 3074 2889
f 2889 3075 3073
f 3077 3076 2889
f 3077 2889 2890
f 2891 3077 2890
f 2925 3077 2891
f 3015 3078 2892
f 2893 2892 3079
f 2892 3078 3079
f 2893 3079 3080
f 2894 2893 3080
f 3080 2895 2894
f 3081 2895 3080
f 2895 3081 3082
f 2896 2895 3082
f 2896 3083 2897
f 3083 2896 3082
f 2898 2897 3084
f 2897 3085 3084
f 3085 2897 3083
f 3086 2898 3084
f 2900 2898 3086
f 2899 2900 3087
f 2899 3088 2901
f 2899 3087 3089
f 2899 3089 3088
f 3087 2900 3086
f 2902 2901 3088
f 3088 3090 2902
f 3091 2903 2902
f 3091 2902 3090
f 3092 2904 2903
f 3092 2903 3091
f 3093 2904 3092
f 2904 3093 2907
f 2918 2905 2906
f 2918 2906 2908
f 2908 2907 3094
f 3093 3094 2907
f 2908 3095 3096
f 3094 3095 2908
f 3096 2918 2908
f 3097 2909 3098
f 2910 2909 3097
f 2919 3098 2909
f 2914 2910 3097
f 2915 2911 3099
f 3099 2911 3100
f 2911 2912 3100
f 3100 2912 2913
f 2913 3101 3100
f 2914 3102 2913
f 3101 2913 3102
f 3102 2914 3097
f 2960 2915 3099
f 2916 3103 2917
f 2918 3096 2916
f 3103 2916 3096
f 2919 2917 3103
f 3103 3104 2919
f 3098 2919 3105
f 3105 2919 3104
f 3106 2926 2920
f 2921 3106 2920
f 3107 3106 2921
f 3108 3107 2921
f 3109 2921 2922
f 3109 3108 2921
f 2924 3110 2922
f 2922 3110 3109
f 3111 2924 2923
f 3111 2923 2928
f 3112 3110 2924
f 3111 3112 2924
f 2925 3113 3077
f 2926 3113 2925
f 3106 3114 2926
f 2926 3115 3113
f 3114 3115 2926
f 3116 2928 2927
f 2929 3116 2927
f 3116 3111 2928
f 3117 2929 2930
f 3117 3116 2929
f 2935 3118 2930
f 3118 3117 2930
f 3119 2935 2931
f 3119 2931 3120
f 3120 2931 2932
f 3121 2932 2933
f 3121 3120 2932
f 3122 2933 2934
f 3122 3121 2933
f 3123 2934 2937
f 2934 3123 3122
f 3119 3118 2935
f 3124 3125 2936
f 3125 2937 2936
f 2936 2938 3124
f 3125 3123 2937
f 3126 3124 2938
f 2938 2946 3126
f 2939 3127 2940
f 2939 3128 3127
f 2939 2945 3128
f 3127 2947 2940
f 2941 2943 3129
f 3129 2944 2941
f 3130 2942 2954
f 3130 2943 2942
f 3131 3129 2943
f 3131 2943 3130
f 3129 2945 2944
f 3132 2945 3129
f 3132 3128 2945
f 2946 2947 3133
f 2946 3133 3134
f 3134 3126 2946
f 3135 3133 2947
f 3127 3135 2947
f 2950 2948 2952
f 2949 2955 2953
f 2949 2950 2955
f 2950 2952 3136
f 3136 3137 2950
f 2955 2950 3137
f 3138 2951 2973
f 2951 3139 2952
f 3138 3139 2951
f 3136 2952 3139
f 2955 3140 2954
f 2954 3140 3141
f 3141 3130 2954
f 3137 3140 2955
f 2957 2956 2959
f 3142 2958 2957
f 3142 2957 2959
f 3143 2958 3142
f 2958 3143 2962
f 2959 3144 3142
f 2959 3145 3144
f 3145 2959 2961
f 2960 3146 3145
f 3145 2961 2960
f 2960 3099 3147
f 3147 3146 2960
f 2962 3148 2965
f 2965 2963 2962
f 3148 2962 3143
f 3149 2964 2968
f 2974 2964 3149
f 3150 2966 2965
f 3150 2965 3148
f 2966 3150 3151
f 2966 3151 3152
f 3152 3153 2966
f 2967 2966 3153
f 3154 2967 3153
f 3154 2968 2967
f 3149 2968 3154
f 3155 2969 2975
f 3156 2969 3155
f 3156 2970 2969
f 2970 3156 2971
f 3157 2972 2971
f 3158 2971 3156
f 3158 3157 2971
f 3138 2973 2972
f 2972 3157 3138
f 3159 2974 3149
f 3160 2974 3159
f 3161 2975 2974
f 2974 3160 3161
f 3155 2975 3161
f 2976 2990 2989
f 3162 2990 2976
f 2977 3162 2976
f 2977 3163 3162
f 2978 3163 2977
f 3163 2978 2979
f 3163 2979 3164
f 3164 2979 3165
f 2980 3165 2979
f 2982 3165 2980
f 2981 3166 2982
f 3167 3166 2981
f 2981 2983 3167
f 2982 3168 3165
f 3166 3168 2982
f 2983 3169 3167
f 2983 3016 3169
f 3170 3171 2984
f 2985 2984 3171
f 2984 2996 3170
f 2985 3171 3172
f 2987 2985 3172
f 2986 2987 3173
f 2988 2986 3173
f 2987 3172 3174
f 3174 3173 2987
f 2988 3173 3175
f 2997 2988 3175
f 3162 2991 2990
f 3176 2991 3162
f 3176 2992 2991
f 2992 3177 2993
f 2992 3176 3177
f 3176 2993 3177
f 3176 3178 2993
f 3179 2993 3178
f 3179 2995 2993
f 2995 2996 2994
f 2996 2995 3179
f 3180 2996 3179
f 3170 2996 3180
f 2999 2997 3175
f 2999 3175 3181
f 2999 3181 3000
f 3000 3181 3182
f 3000 3182 3183
f 3001 3000 3184
f 3185 3184 3000
f 3000 3183 3185
f 3002 3001 3184
f 3002 3184 3186
f 3003 3002 3186
f 3006 3003 3187
f 3186 3187 3003
f 3004 3005 3188
f 3007 3004 3188
f 3188 3005 3189
f 3005 3006 3190
f 3189 3005 3190
f 3006 3187 3190
f 3188 3191 3007
f 3191 3192 3007
f 3192 3008 3007
f 3008 3192 3193
f 3010 3008 3193
f 3194 3009 3010
f 3011 3009 3194
f 3010 3193 3195
f 3196 3010 3195
f 3194 3010 3196
f 3197 3011 3194
f 3011 3197 3012
f 3197 3198 3012
f 3198 3013 3012
f 3198 3199 3013
f 3200 3013 3199
f 3013 3201 3014
f 3201 3013 3200
f 3015 3014 3201
f 3201 3078 3015
f 3018 3169 3016
f 3019 3018 3017
f 3018 3019 3202
f 3203 3169 3018
f 3202 3203 3018
f 3020 3202 3019
f 3020 3204 3202
f 3205 3204 3020
f 3205 3020 3021
f 3206 3021 3022
f 3205 3021 3206
f 3022 3207 3206
f 3208 3022 3032
f 3207 3022 3208
f 3034 3023 3024
f 3029 3023 3034
f 3209 3032 3025
f 3026 3209 3025
f 3210 3209 3026
f 3211 3026 3027
f 3026 3211 3212
f 3212 3210 3026
f 3027 3028 3213
f 3027 3213 3211
f 3031 3214 3028
f 3214 3215 3028
f 3215 3213 3028
f 3029 3034 3216
f 3030 3029 3217
f 3216 3217 3029
f 3217 3031 3030
f 3031 3217 3214
f 3209 3208 3032
f 3033 3035 3218
f 3033 3218 3034
f 3219 3034 3218
f 3220 3216 3034
f 3220 3034 3219
f 3221 3218 3035
f 3037 3221 3035
f 3039 3038 3036
f 3222 3221 3037
f 3223 3222 3037
f 3223 3037 3038
f 3224 3038 3039
f 3224 3223 3038
f 3040 3224 3039
f 3041 3224 3040
f 3041 3223 3224
f 3225 3223 3041
f 3226 3041 3042
f 3226 3225 3041
f 3042 3227 3226
f 3228 3227 3042
f 3228 3042 3043
f 3044 3228 3043
f 3229 3228 3044
f 3045 3230 3044
f 3230 3229 3044
f 3057 3230 3045
f 3057 3045 3046
f 3231 3232 3047
f 3056 3047 3232
f 3047 3049 3231
f 3233 3049 3048
f 3050 3233 3048
f 3233 3234 3049
f 3234 3231 3049
f 3050 3235 3233
f 3050 3053 3235
f 3051 3236 3052
f 3237 3236 3051
f 3238 3237 3051
f 3055 3238 3051
f 3053 3052 3239
f 3052 3240 3239
f 3236 3240 3052
f 3239 3241 3053
f 3053 3241 3235
f 3054 3238 3055
f 3242 3238 3054
f 3054 3058 3242
f 3056 3230 3057
f 3056 3243 3230
f 3232 3243 3056
f 3242 3058 3065
f 3067 3064 3059
f 3062 3066 3061
f 3244 3062 3063
f 3245 3062 3244
f 3062 3246 3066
f 3245 3246 3062
f 3247 3244 3063
f 3063 3064 3248
f 3249 3247 3063
f 3248 3249 3063
f 3064 3067 3250
f 3248 3064 3250
f 3065 3251 3242
f 3065 3066 3251
f 3251 3066 3252
f 3253 3252 3066
f 3066 3246 3253
f 3068 3250 3067
f 3068 3248 3250
f 3069 3248 3068
f 3254 3248 3069
f 3069 3070 3255
f 3069 3255 3254
f 3071 3255 3070
f 3072 3256 3071
f 3256 3255 3071
f 3072 3257 3256
f 3258 3257 3072
f 3258 3072 3073
f 3075 3258 3073
f 3074 3259 3075
f 3074 3260 3259
f 3076 3260 3074
f 3075 3259 3258
f 3261 3260 3076
f 3262 3076 3263
f 3263 3076 3077
f 3262 3264 3076
f 3261 3076 3264
f 3113 3263 3077
f 3201 3265 3078
f 3266 3078 3265
f 3079 3078 3266
f 3266 3267 3079
f 3079 3267 3080
f 3267 3081 3080
f 3267 3268 3081
f 3082 3081 3268
f 3082 3268 3269
f 3083 3082 3269
f 3269 3270 3083
f 3270 3085 3083
f 3086 3084 3085
f 3086 3085 3271
f 3271 3085 3270
f 3087 3086 3272
f 3273 3086 3271
f 3272 3086 3273
f 3087 3272 3089
f 3090 3088 3089
f 3090 3089 3274
f 3272 3275 3089
f 3275 3274 3089
f 3090 3274 3091
f 3276 3091 3274
f 3276 3092 3091
f 3093 3092 3277
f 3276 3277 3092
f 3278 3093 3279
f 3093 3277 3279
f 3278 3094 3093
f 3095 3094 3280
f 3280 3094 3278
f 3281 3096 3095
f 3282 3281 3095
f 3283 3095 3280
f 3095 3283 3282
f 3104 3103 3096
f 3096 3281 3104
f 3097 3098 3284
f 3097 3284 3102
f 3285 3098 3105
f 3284 3098 3285
f 3286 3099 3100
f 3147 3099 3286
f 3286 3100 3101
f 3102 3287 3101
f 3287 3288 3101
f 3101 3288 3286
f 3287 3102 3284
f 3105 3104 3281
f 3289 3285 3105
f 3289 3105 3290
f 3281 3290 3105
f 3114 3106 3291
f 3107 3291 3106
f 3107 3292 3291
f 3292 3107 3293
f 3293 3107 3108
f 3294 3293 3108
f 3295 3294 3108
f 3296 3108 3109
f 3108 3296 3297
f 3297 3295 3108
f 3296 3109 3110
f 3298 3296 3110
f 3299 3110 3112
f 3110 3299 3298
f 3300 3112 3111
f 3301 3300 3111
f 3302 3111 3116
f 3302 3301 3111
f 3303 3299 3112
f 3300 3303 3112
f 3115 3304 3113
f 3113 3305 3263
f 3113 3306 3305
f 3113 3304 3306
f 3307 3308 3114
f 3114 3309 3307
f 3291 3309 3114
f 3308 3115 3114
f 3310 3304 3115
f 3311 3310 3115
f 3312 3311 3115
f 3308 3312 3115
f 3313 3302 3116
f 3117 3314 3116
f 3314 3313 3116
f 3315 3314 3117
f 3118 3315 3117
f 3119 3315 3118
f 3316 3317 3119
f 3317 3315 3119
f 3120 3316 3119
f 3318 3316 3120
f 3318 3120 3121
f 3319 3121 3122
f 3121 3319 3318
f 3320 3122 3123
f 3320 3319 3122
f 3321 3123 3125
f 3321 3322 3123
f 3320 3123 3322
f 3126 3323 3124
f 3124 3323 3125
f 3323 3321 3125
f 3126 3134 3323
f 3127 3324 3325
f 3325 3135 3127
f 3127 3326 3324
f 3326 3127 3128
f 3128 3132 3326
f 3327 3132 3129
f 3129 3131 3327
f 3131 3130 3141
f 3141 3328 3131
f 3328 3329 3131
f 3329 3327 3131
f 3330 3132 3327
f 3326 3132 3330
f 3331 3134 3133
f 3133 3135 3331
f 3323 3134 3332
f 3333 3332 3134
f 3333 3134 3331
f 3334 3331 3135
f 3135 3325 3334
f 3335 3136 3139
f 3336 3136 3335
f 3137 3136 3336
f 3140 3137 3337
f 3338 3137 3336
f 3338 3339 3137
f 3339 3337 3137
f 3335 3138 3340
f 3335 3139 3138
f 3341 3138 3157
f 3341 3340 3138
f 3140 3342 3141
f 3140 3337 3342
f 3342 3343 3141
f 3328 3141 3343
f 3148 3143 3142
f 3344 3142 3144
f 3148 3142 3344
f 3345 3144 3145
f 3345 3344 3144
f 3346 3345 3145
f 3347 3145 3146
f 3346 3145 3347
f 3348 3146 3147
f 3146 3348 3349
f 3347 3146 3349
f 3286 3348 3147
f 3350 3150 3148
f 3350 3148 3344
f 3351 3149 3154
f 3159 3149 3351
f 3151 3150 3350
f 3152 3151 3350
f 3152 3350 3352
f 3353 3152 3352
f 3354 3152 3353
f 3354 3153 3152
f 3355 3154 3153
f 3355 3153 3354
f 3355 3351 3154
f 3155 3161 3356
f 3357 3155 3356
f 3357 3156 3155
f 3357 3158 3156
f 3358 3157 3158
f 3358 3341 3157
f 3359 3158 3357
f 3358 3158 3359
f 3351 3360 3159
f 3160 3159 3360
f 3160 3361 3362
f 3362 3161 3160
f 3160 3360 3361
f 3363 3161 3362
f 3363 3356 3161
f 3163 3176 3162
f 3364 3176 3163
f 3164 3364 3163
f 3365 3366 3164
f 3164 3366 3364
f 3165 3365 3164
f 3165 3367 3365
f 3165 3168 3367
f 3166 3368 3168
f 3368 3166 3369
f 3370 3369 3166
f 3370 3166 3371
f 3167 3371 3166
f 3169 3371 3167
f 3168 3372 3367
f 3368 3372 3168
f 3371 3169 3203
f 3171 3170 3373
f 3373 3170 3374
f 3170 3180 3375
f 3375 3374 3170
f 3376 3171 3373
f 3376 3172 3171
f 3172 3376 3377
f 3174 3172 3377
f 3173 3174 3378
f 3379 3173 3378
f 3181 3173 3379
f 3175 3173 3181
f 3174 3377 3378
f 3364 3178 3176
f 3178 3364 3366
f 3179 3178 3366
f 3179 3366 3380
f 3180 3179 3380
f 3180 3380 3381
f 3180 3381 3375
f 3181 3379 3382
f 3181 3382 3182
f 3383 3182 3382
f 3182 3383 3384
f 3183 3182 3384
f 3384 3385 3183
f 3386 3183 3385
f 3185 3183 3386
f 3184 3387 3186
f 3184 3185 3387
f 3388 3185 3386
f 3387 3185 3388
f 3186 3387 3389
f 3187 3186 3390
f 3186 3389 3390
f 3190 3187 3391
f 3391 3187 3390
f 3191 3188 3392
f 3188 3189 3393
f 3392 3188 3393
f 3394 3189 3190
f 3393 3189 3394
f 3190 3391 3395
f 3394 3190 3395
f 3191 3392 3396
f 3192 3191 3396
f 3192 3396 3397
f 3193 3192 3397
f 3195 3193 3398
f 3398 3193 3397
f 3197 3194 3196
f 3399 3195 3398
f 3399 3196 3195
f 3197 3196 3400
f 3400 3196 3401
f 3401 3196 3399
f 3198 3197 3400
f 3198 3400 3402
f 3199 3198 3402
f 3199 3402 3403
f 3404 3199 3403
f 3405 3199 3406
f 3406 3199 3404
f 3200 3199 3405
f 3200 3265 3201
f 3265 3200 3405
f 3202 3407 3203
f 3407 3202 3204
f 3203 3408 3371
f 3203 3409 3408
f 3203 3407 3409
f 3407 3204 3410
f 3410 3204 3411
f 3205 3411 3204
f 3205 3206 3411
f 3206 3412 3411
f 3206 3207 3412
f 3207 3413 3412
f 3413 3207 3208
f 3208 3209 3414
f 3413 3208 3414
f 3415 3414 3209
f 3210 3415 3209
f 3416 3415 3210
f 3416 3210 3417
f 3210 3212 3417
f 3418 3211 3213
f 3419 3212 3211
f 3418 3419 3211
f 3420 3212 3419
f 3417 3212 3421
f 3421 3212 3420
f 3213 3215 3422
f 3422 3418 3213
f 3214 3217 3423
f 3424 3214 3423
f 3424 3425 3214
f 3425 3215 3214
f 3426 3422 3215
f 3426 3215 3425
f 3216 3427 3428
f 3427 3216 3220
f 3429 3217 3216
f 3428 3429 3216
f 3429 3423 3217
f 3218 3222 3219
f 3222 3218 3221
f 3222 3220 3219
f 3427 3220 3430
f 3222 3430 3220
f 3223 3431 3222
f 3431 3430 3222
f 3225 3431 3223
f 3432 3225 3226
f 3431 3225 3433
f 3225 3434 3433
f 3435 3434 3225
f 3432 3435 3225
f 3227 3432 3226
f 3436 3227 3228
f 3432 3227 3437
f 3438 3227 3436
f 3438 3437 3227
f 3229 3436 3228
f 3243 3229 3230
f 3243 3436 3229
f 3231 3438 3243
f 3439 3438 3231
f 3232 3231 3243
f 3234 3439 3231
f 3234 3233 3440
f 3441 3440 3233
f 3235 3441 3233
f 3440 3439 3234
f 3235 3241 3441
f 3442 3240 3236
f 3442 3236 3443
f 3236 3237 3443
f 3238 3443 3237
f 3444 3443 3238
f 3242 3444 3238
f 3239 3445 3241
f 3240 3445 3239
f 3240 3446 3445
f 3447 3446 3240
f 3442 3447 3240
f 3448 3241 3449
f 3450 3441 3241
f 3448 3450 3241
f 3449 3241 3445
f 3451 3444 3242
f 3251 3451 3242
f 3243 3438 3436
f 3452 3245 3244
f 3452 3244 3453
f 3454 3244 3247
f 3453 3244 3454
f 3453 3245 3452
f 3245 3455 3246
f 3456 3455 3245
f 3456 3245 3457
f 3453 3457 3245
f 3253 3246 3458
f 3455 3458 3246
f 3459 3247 3249
f 3459 3454 3247
f 3248 3254 3249
f 3254 3459 3249
f 3460 3451 3251
f 3252 3460 3251
f 3252 3461 3460
f 3462 3461 3252
f 3252 3463 3462
f 3463 3252 3253
f 3463 3253 3458
f 3255 3464 3254
f 3464 3459 3254
f 3464 3255 3465
f 3256 3465 3255
f 3257 3465 3256
f 3257 3466 3467
f 3467 3468 3257
f 3257 3468 3465
f 3466 3257 3258
f 3259 3466 3258
f 3469 3466 3259
f 3259 3260 3469
f 3260 3470 3471
f 3471 3469 3260
f 3472 3260 3261
f 3473 3260 3472
f 3473 3470 3260
f 3264 3472 3261
f 3264 3262 3474
f 3305 3262 3263
f 3305 3474 3262
f 3473 3264 3475
f 3474 3475 3264
f 3264 3473 3472
f 3405 3476 3265
f 3476 3266 3265
f 3477 3266 3476
f 3478 3266 3477
f 3267 3266 3478
f 3268 3267 3478
f 3478 3479 3268
f 3269 3268 3479
f 3480 3269 3479
f 3481 3269 3480
f 3481 3270 3269
f 3271 3270 3482
f 3481 3482 3270
f 3271 3482 3483
f 3484 3271 3483
f 3271 3484 3273
f 3272 3273 3485
f 3275 3272 3485
f 3273 3484 3485
f 3276 3274 3486
f 3275 3486 3274
f 3487 3275 3485
f 3275 3487 3488
f 3275 3488 3489
f 3486 3275 3489
f 3490 3276 3486
f 3276 3491 3277
f 3491 3276 3490
f 3277 3491 3492
f 3277 3492 3279
f 3278 3493 3494
f 3279 3493 3278
f 3494 3280 3278
f 3492 3495 3279
f 3495 3493 3279
f 3283 3280 3494
f 3290 3281 3282
f 3496 3290 3282
f 3496 3282 3283
f 3496 3283 3497
f 3494 3497 3283
f 3284 3285 3498
f 3499 3284 3498
f 3287 3284 3499
f 3498 3285 3289
f 3500 3286 3288
f 3286 3500 3348
f 3501 3288 3287
f 3502 3287 3499
f 3287 3503 3501
f 3503 3287 3502
f 3500 3288 3501
f 3499 3498 3289
f 3499 3289 3504
f 3289 3290 3505
f 3504 3289 3505
f 3505 3290 3496
f 3291 3506 3309
f 3507 3506 3291
f 3292 3507 3291
f 3508 3292 3293
f 3508 3509 3292
f 3509 3507 3292
f 3294 3508 3293
f 3510 3508 3294
f 3511 3510 3294
f 3295 3511 3294
f 3512 3295 3297
f 3512 3511 3295
f 3512 3297 3296
f 3298 3512 3296
f 3513 3512 3298
f 3514 3513 3298
f 3514 3298 3299
f 3514 3299 3515
f 3303 3515 3299
f 3516 3303 3300
f 3517 3300 3301
f 3516 3300 3517
f 3518 3517 3301
f 3519 3518 3301
f 3519 3301 3302
f 3520 3521 3302
f 3520 3302 3313
f 3519 3302 3521
f 3303 3522 3515
f 3523 3522 3303
f 3523 3303 3516
f 3524 3306 3304
f 3304 3310 3524
f 3525 3474 3305
f 3306 3525 3305
f 3524 3525 3306
f 3526 3307 3309
f 3526 3308 3307
f 3308 3527 3312
f 3528 3527 3308
f 3528 3308 3526
f 3506 3526 3309
f 3310 3529 3524
f 3310 3530 3529
f 3530 3310 3311
f 3312 3530 3311
f 3531 3530 3312
f 3312 3527 3531
f 3314 3520 3313
f 3532 3520 3314
f 3533 3532 3314
f 3315 3533 3314
f 3317 3534 3315
f 3534 3533 3315
f 3535 3316 3318
f 3316 3536 3317
f 3536 3316 3537
f 3535 3537 3316
f 3536 3534 3317
f 3535 3318 3319
f 3538 3535 3319
f 3539 3319 3540
f 3540 3319 3320
f 3539 3538 3319
f 3541 3320 3322
f 3542 3540 3320
f 3542 3320 3541
f 3322 3321 3541
f 3321 3543 3541
f 3543 3321 3323
f 3332 3543 3323
f 3324 3544 3325
f 3544 3324 3326
f 3544 3334 3325
f 3545 3326 3330
f 3545 3544 3326
f 3327 3329 3330
f 3343 3329 3328
f 3329 3343 3546
f 3546 3330 3329
f 3545 3330 3547
f 3330 3546 3547
f 3331 3334 3548
f 3548 3333 3331
f 3332 3549 3543
f 3549 3332 3333
f 3333 3550 3549
f 3333 3548 3550
f 3334 3544 3548
f 3551 3335 3340
f 3335 3552 3336
f 3552 3335 3551
f 3338 3336 3552
f 3342 3337 3553
f 3554 3337 3339
f 3554 3553 3337
f 3339 3338 3555
f 3555 3338 3552
f 3555 3554 3339
f 3341 3551 3340
f 3556 3551 3341
f 3358 3556 3341
f 3342 3553 3343
f 3557 3343 3553
f 3557 3546 3343
f 3558 3344 3345
f 3559 3344 3558
f 3352 3350 3344
f 3559 3352 3344
f 3345 3346 3558
f 3560 3346 3561
f 3560 3558 3346
f 3347 3561 3346
f 3561 3347 3562
f 3562 3347 3563
f 3347 3349 3563
f 3349 3348 3500
f 3564 3349 3500
f 3349 3564 3563
f 3351 3355 3565
f 3566 3351 3565
f 3351 3566 3360
f 3353 3352 3559
f 3567 3353 3559
f 3354 3353 3567
f 3567 3568 3354
f 3569 3354 3568
f 3355 3354 3569
f 3565 3355 3569
f 3570 3356 3363
f 3570 3357 3356
f 3357 3570 3359
f 3358 3359 3571
f 3571 3572 3358
f 3572 3556 3358
f 3573 3359 3570
f 3574 3571 3359
f 3359 3573 3574
f 3361 3360 3566
f 3362 3361 3575
f 3361 3576 3577
f 3575 3361 3577
f 3566 3576 3361
f 3362 3575 3363
f 3363 3575 3578
f 3579 3363 3578
f 3363 3579 3570
f 3580 3366 3365
f 3365 3581 3580
f 3581 3365 3582
f 3367 3582 3365
f 3366 3580 3583
f 3366 3583 3380
f 3582 3367 3584
f 3372 3584 3367
f 3368 3585 3372
f 3586 3585 3368
f 3369 3586 3368
f 3586 3369 3587
f 3370 3587 3369
f 3408 3370 3371
f 3370 3588 3587
f 3408 3588 3370
f 3585 3584 3372
f 3373 3374 3589
f 3376 3373 3589
f 3375 3590 3374
f 3589 3374 3591
f 3374 3590 3591
f 3592 3375 3381
f 3375 3592 3593
f 3590 3375 3593
f 3377 3376 3594
f 3594 3376 3589
f 3378 3377 3595
f 3595 3377 3594
f 3379 3378 3596
f 3378 3595 3596
f 3596 3382 3379
f 3381 3380 3583
f 3580 3581 3381
f 3597 3381 3581
f 3583 3580 3381
f 3381 3597 3598
f 3592 3381 3598
f 3383 3382 3596
f 3384 3383 3599
f 3596 3600 3383
f 3599 3383 3600
f 3601 3384 3599
f 3384 3601 3602
f 3385 3384 3602
f 3603 3385 3602
f 3385 3603 3604
f 3386 3385 3604
f 3388 3386 3604
f 3605 3389 3387
f 3387 3388 3605
f 3604 3605 3388
f 3389 3605 3606
f 3390 3389 3607
f 3607 3389 3606
f 3391 3390 3607
f 3395 3391 3607
f 3608 3392 3393
f 3392 3608 3396
f 3609 3393 3394
f 3393 3609 3608
f 3395 3610 3394
f 3394 3610 3611
f 3609 3394 3611
f 3607 3612 3395
f 3610 3395 3612
f 3396 3608 3613
f 3397 3396 3614
f 3614 3396 3613
f 3398 3397 3615
f 3616 3615 3397
f 3616 3397 3614
f 3398 3615 3617
f 3398 3617 3618
f 3399 3398 3618
f 3619 3399 3618
f 3401 3399 3619
f 3620 3621 3400
f 3622 3400 3621
f 3402 3400 3622
f 3620 3400 3401
f 3401 3619 3623
f 3620 3401 3623
f 3403 3402 3622
f 3403 3622 3621
f 3621 3624 3403
f 3404 3403 3624
f 3625 3404 3624
f 3626 3404 3625
f 3405 3406 3404
f 3405 3404 3627
f 3626 3627 3404
f 3476 3405 3628
f 3405 3627 3628
f 3410 3409 3407
f 3409 3588 3408
f 3409 3629 3588
f 3630 3629 3409
f 3630 3409 3631
f 3631 3409 3410
f 3632 3631 3410
f 3410 3411 3632
f 3633 3632 3411
f 3634 3633 3411
f 3411 3412 3634
f 3634 3412 3635
f 3413 3635 3412
f 3636 3413 3414
f 3413 3636 3635
f 3637 3636 3414
f 3638 3414 3415
f 3414 3638 3637
f 3638 3415 3639
f 3415 3416 3639
f 3639 3416 3640
f 3416 3417 3640
f 3640 3417 3641
f 3642 3641 3417
f 3421 3642 3417
f 3643 3419 3418
f 3643 3418 3422
f 3643 3420 3419
f 3420 3642 3421
f 3644 3642 3420
f 3644 3420 3643
f 3643 3422 3426
f 3645 3423 3429
f 3645 3424 3423
f 3424 3645 3425
f 3645 3426 3425
f 3646 3643 3426
f 3647 3646 3426
f 3647 3426 3645
f 3428 3427 3430
f 3648 3429 3428
f 3433 3428 3431
f 3433 3648 3428
f 3431 3428 3430
f 3429 3648 3645
f 3437 3649 3432
f 3649 3435 3432
f 3434 3648 3433
f 3650 3648 3434
f 3435 3651 3434
f 3651 3650 3434
f 3651 3435 3649
f 3652 3649 3437
f 3439 3437 3438
f 3437 3439 3652
f 3440 3652 3439
f 3652 3440 3653
f 3441 3653 3440
f 3441 3450 3653
f 3654 3655 3442
f 3656 3654 3442
f 3443 3656 3442
f 3442 3655 3447
f 3656 3443 3444
f 3451 3656 3444
f 3445 3657 3449
f 3446 3657 3445
f 3658 3657 3446
f 3658 3446 3659
f 3659 3446 3447
f 3659 3447 3655
f 3660 3661 3448
f 3449 3660 3448
f 3661 3450 3448
f 3657 3660 3449
f 3450 3662 3653
f 3661 3662 3450
f 3663 3656 3451
f 3460 3663 3451
f 3454 3664 3453
f 3665 3457 3453
f 3666 3665 3453
f 3667 3453 3664
f 3666 3453 3667
f 3454 3459 3664
f 3668 3455 3456
f 3669 3458 3455
f 3670 3669 3455
f 3668 3670 3455
f 3665 3668 3456
f 3457 3665 3456
f 3671 3463 3458
f 3669 3671 3458
f 3672 3459 3464
f 3672 3664 3459
f 3663 3460 3461
f 3461 3673 3674
f 3663 3461 3674
f 3462 3673 3461
f 3675 3673 3462
f 3462 3676 3675
f 3676 3462 3463
f 3671 3676 3463
f 3672 3464 3465
f 3465 3468 3672
f 3471 3466 3469
f 3466 3677 3467
f 3678 3677 3466
f 3471 3678 3466
f 3679 3680 3467
f 3467 3680 3468
f 3677 3679 3467
f 3468 3667 3664
f 3468 3664 3672
f 3680 3667 3468
f 3681 3471 3470
f 3473 3681 3470
f 3681 3678 3471
f 3473 3682 3681
f 3475 3683 3473
f 3473 3684 3682
f 3684 3473 3683
f 3474 3685 3475
f 3525 3685 3474
f 3685 3683 3475
f 3476 3628 3686
f 3477 3476 3686
f 3687 3477 3688
f 3477 3687 3478
f 3686 3688 3477
f 3479 3478 3687
f 3479 3687 3689
f 3479 3689 3690
f 3691 3479 3690
f 3691 3480 3479
f 3692 3480 3691
f 3692 3481 3480
f 3481 3483 3482
f 3483 3481 3692
f 3693 3484 3483
f 3693 3483 3692
f 3487 3484 3693
f 3485 3484 3487
f 3694 3695 3486
f 3486 3695 3490
f 3694 3486 3489
f 3487 3693 3696
f 3487 3696 3697
f 3697 3488 3487
f 3488 3697 3698
f 3489 3488 3699
f 3699 3488 3698
f 3694 3489 3700
f 3701 3700 3489
f 3701 3489 3699
f 3490 3702 3491
f 3702 3490 3695
f 3492 3491 3703
f 3702 3703 3491
f 3703 3704 3492
f 3492 3704 3495
f 3494 3493 3705
f 3705 3493 3495
f 3706 3494 3705
f 3497 3494 3706
f 3707 3705 3495
f 3707 3495 3708
f 3704 3708 3495
f 3709 3496 3497
f 3709 3505 3496
f 3497 3706 3710
f 3497 3711 3709
f 3711 3497 3710
f 3712 3499 3504
f 3499 3712 3502
f 3713 3500 3501
f 3713 3564 3500
f 3713 3501 3714
f 3501 3503 3714
f 3502 3712 3503
f 3712 3715 3503
f 3714 3503 3715
f 3716 3715 3504
f 3715 3712 3504
f 3504 3505 3717
f 3716 3504 3717
f 3718 3505 3709
f 3718 3717 3505
f 3509 3719 3506
f 3526 3506 3720
f 3509 3506 3507
f 3506 3719 3720
f 3721 3509 3508
f 3721 3508 3722
f 3510 3722 3508
f 3509 3723 3719
f 3724 3723 3509
f 3724 3509 3725
f 3721 3725 3509
f 3510 3511 3726
f 3727 3722 3510
f 3728 3727 3510
f 3726 3728 3510
f 3726 3511 3512
f 3729 3726 3512
f 3513 3729 3512
f 3730 3729 3513
f 3514 3730 3513
f 3515 3730 3514
f 3731 3515 3522
f 3731 3730 3515
f 3732 3523 3516
f 3733 3732 3516
f 3733 3516 3517
f 3518 3733 3517
f 3734 3733 3518
f 3734 3518 3519
f 3519 3521 3734
f 3735 3736 3520
f 3520 3532 3735
f 3520 3736 3521
f 3737 3521 3736
f 3521 3738 3734
f 3737 3738 3521
f 3739 3522 3523
f 3740 3731 3522
f 3522 3741 3740
f 3739 3741 3522
f 3742 3739 3523
f 3732 3742 3523
f 3524 3685 3525
f 3524 3743 3685
f 3524 3744 3743
f 3524 3529 3744
f 3526 3720 3528
f 3528 3531 3527
f 3528 3745 3531
f 3720 3745 3528
f 3530 3744 3529
f 3530 3746 3744
f 3530 3747 3746
f 3748 3747 3530
f 3749 3748 3530
f 3531 3749 3530
f 3750 3749 3531
f 3751 3750 3531
f 3745 3751 3531
f 3533 3752 3532
f 3753 3735 3532
f 3752 3753 3532
f 3533 3753 3752
f 3754 3753 3533
f 3533 3534 3754
f 3536 3755 3534
f 3755 3754 3534
f 3756 3535 3538
f 3756 3537 3535
f 3537 3755 3536
f 3537 3757 3755
f 3758 3757 3537
f 3756 3758 3537
f 3759 3756 3538
f 3760 3538 3539
f 3760 3759 3538
f 3760 3539 3540
f 3761 3540 3542
f 3761 3760 3540
f 3541 3762 3542
f 3763 3541 3543
f 3763 3762 3541
f 3761 3542 3762
f 3549 3763 3543
f 3544 3545 3764
f 3764 3765 3544
f 3765 3548 3544
f 3764 3545 3766
f 3545 3547 3766
f 3767 3546 3768
f 3546 3557 3769
f 3769 3768 3546
f 3767 3547 3546
f 3767 3766 3547
f 3548 3765 3770
f 3771 3548 3770
f 3548 3771 3550
f 3772 3763 3549
f 3550 3772 3549
f 3771 3773 3550
f 3774 3772 3550
f 3773 3774 3550
f 3556 3552 3551
f 3552 3556 3572
f 3775 3552 3572
f 3775 3555 3552
f 3554 3776 3553
f 3557 3553 3776
f 3554 3555 3777
f 3777 3776 3554
f 3777 3555 3775
f 3557 3776 3778
f 3557 3778 3769
f 3559 3558 3560
f 3559 3779 3567
f 3779 3559 3560
f 3780 3560 3561
f 3780 3779 3560
f 3561 3781 3780
f 3781 3561 3562
f 3562 3563 3782
f 3781 3562 3782
f 3563 3564 3783
f 3563 3784 3782
f 3784 3563 3783
f 3713 3785 3564
f 3783 3564 3785
f 3576 3566 3565
f 3786 3565 3569
f 3787 3565 3786
f 3576 3565 3787
f 3779 3788 3567
f 3568 3567 3788
f 3568 3788 3789
f 3789 3790 3568
f 3786 3569 3568
f 3791 3568 3790
f 3786 3568 3791
f 3570 3579 3792
f 3570 3792 3573
f 3574 3793 3571
f 3794 3572 3571
f 3795 3794 3571
f 3796 3795 3571
f 3793 3796 3571
f 3775 3572 3794
f 3573 3792 3797
f 3798 3574 3573
f 3798 3573 3797
f 3799 3574 3798
f 3799 3793 3574
f 3575 3577 3800
f 3575 3800 3801
f 3575 3801 3578
f 3577 3576 3787
f 3577 3787 3802
f 3800 3577 3802
f 3801 3579 3578
f 3803 3579 3801
f 3804 3792 3579
f 3579 3803 3804
f 3581 3582 3597
f 3597 3582 3805
f 3806 3805 3582
f 3584 3806 3582
f 3585 3806 3584
f 3585 3807 3806
f 3808 3807 3585
f 3586 3808 3585
f 3809 3808 3586
f 3810 3809 3586
f 3586 3587 3810
f 3810 3587 3811
f 3812 3811 3587
f 3588 3812 3587
f 3629 3812 3588
f 3591 3813 3589
f 3814 3589 3813
f 3814 3594 3589
f 3590 3593 3815
f 3816 3590 3817
f 3590 3815 3817
f 3591 3590 3813
f 3813 3590 3816
f 3592 3598 3818
f 3592 3818 3819
f 3592 3819 3815
f 3593 3592 3815
f 3595 3594 3814
f 3820 3595 3814
f 3596 3595 3820
f 3600 3596 3820
f 3805 3598 3597
f 3821 3598 3805
f 3598 3821 3822
f 3822 3818 3598
f 3599 3600 3823
f 3599 3823 3824
f 3599 3824 3601
f 3600 3820 3823
f 3601 3824 3825
f 3826 3601 3825
f 3827 3601 3826
f 3827 3602 3601
f 3603 3602 3827
f 3604 3603 3828
f 3827 3829 3603
f 3603 3829 3830
f 3831 3603 3830
f 3603 3831 3828
f 3605 3604 3832
f 3832 3604 3828
f 3606 3605 3832
f 3833 3606 3832
f 3834 3606 3833
f 3607 3606 3834
f 3612 3607 3834
f 3835 3608 3609
f 3608 3835 3836
f 3608 3836 3837
f 3837 3613 3608
f 3609 3611 3835
f 3611 3610 3838
f 3839 3610 3612
f 3610 3839 3840
f 3838 3610 3840
f 3835 3611 3838
f 3612 3834 3841
f 3842 3612 3841
f 3842 3839 3612
f 3843 3614 3613
f 3843 3613 3844
f 3613 3837 3845
f 3613 3845 3844
f 3614 3843 3846
f 3846 3616 3614
f 3847 3615 3616
f 3617 3615 3847
f 3616 3846 3847
f 3618 3617 3847
f 3619 3618 3847
f 3848 3619 3847
f 3849 3619 3848
f 3623 3619 3849
f 3850 3621 3620
f 3850 3620 3623
f 3850 3851 3621
f 3621 3851 3852
f 3852 3624 3621
f 3850 3623 3853
f 3849 3853 3623
f 3625 3624 3852
f 3854 3625 3855
f 3856 3625 3854
f 3856 3626 3625
f 3625 3852 3855
f 3627 3626 3857
f 3858 3626 3856
f 3859 3626 3858
f 3626 3860 3857
f 3859 3860 3626
f 3627 3861 3628
f 3861 3627 3857
f 3686 3628 3861
f 3629 3862 3812
f 3863 3862 3629
f 3630 3863 3629
f 3630 3631 3863
f 3864 3863 3631
f 3864 3631 3632
f 3632 3633 3865
f 3865 3864 3632
f 3634 3866 3633
f 3866 3865 3633
f 3867 3634 3635
f 3867 3866 3634
f 3868 3867 3635
f 3869 3868 3635
f 3636 3869 3635
f 3637 3870 3636
f 3636 3870 3871
f 3636 3871 3869
f 3637 3638 3872
f 3637 3872 3870
f 3640 3638 3639
f 3638 3640 3872
f 3873 3872 3640
f 3873 3640 3874
f 3640 3641 3874
f 3642 3644 3641
f 3644 3874 3641
f 3875 3644 3643
f 3643 3646 3875
f 3875 3876 3644
f 3876 3874 3644
f 3650 3647 3645
f 3645 3648 3650
f 3875 3646 3877
f 3878 3646 3647
f 3878 3877 3646
f 3647 3879 3878
f 3879 3647 3650
f 3880 3649 3652
f 3649 3881 3651
f 3649 3880 3882
f 3882 3881 3649
f 3651 3879 3650
f 3881 3879 3651
f 3653 3880 3652
f 3653 3662 3880
f 3883 3655 3654
f 3884 3883 3654
f 3884 3654 3656
f 3655 3885 3659
f 3655 3883 3885
f 3663 3884 3656
f 3657 3886 3660
f 3887 3657 3658
f 3886 3657 3887
f 3658 3659 3887
f 3659 3888 3887
f 3659 3889 3888
f 3885 3889 3659
f 3660 3890 3661
f 3886 3891 3660
f 3660 3891 3890
f 3661 3892 3893
f 3662 3661 3893
f 3890 3892 3661
f 3662 3893 3880
f 3674 3884 3663
f 3666 3668 3665
f 3894 3666 3667
f 3668 3666 3894
f 3894 3667 3680
f 3895 3670 3668
f 3895 3668 3894
f 3669 3896 3897
f 3896 3669 3670
f 3897 3671 3669
f 3670 3895 3896
f 3898 3899 3671
f 3671 3897 3898
f 3900 3676 3671
f 3671 3899 3900
f 3673 3901 3674
f 3673 3902 3901
f 3675 3902 3673
f 3884 3674 3903
f 3903 3674 3901
f 3904 3902 3675
f 3900 3904 3675
f 3900 3675 3676
f 3677 3905 3679
f 3678 3905 3677
f 3681 3682 3678
f 3678 3906 3905
f 3907 3906 3678
f 3682 3907 3678
f 3679 3894 3680
f 3908 3679 3905
f 3908 3894 3679
f 3684 3907 3682
f 3685 3909 3683
f 3909 3684 3683
f 3909 3910 3684
f 3910 3911 3684
f 3911 3907 3684
f 3743 3909 3685
f 3686 3861 3688
f 3687 3688 3912
f 3689 3687 3912
f 3688 3861 3913
f 3912 3688 3914
f 3688 3913 3914
f 3689 3912 3915
f 3690 3689 3916
f 3916 3689 3915
f 3690 3916 3691
f 3917 3691 3916
f 3692 3691 3917
f 3692 3918 3696
f 3918 3692 3917
f 3693 3692 3696
f 3919 3694 3700
f 3695 3694 3919
f 3702 3695 3920
f 3920 3695 3919
f 3696 3918 3921
f 3696 3921 3922
f 3697 3696 3922
f 3698 3697 3923
f 3923 3697 3922
f 3923 3924 3698
f 3925 3699 3698
f 3925 3698 3924
f 3701 3699 3925
f 3701 3926 3700
f 3919 3700 3927
f 3927 3700 3926
f 3926 3701 3928
f 3928 3701 3925
f 3920 3703 3702
f 3929 3703 3920
f 3704 3703 3930
f 3930 3703 3929
f 3704 3931 3708
f 3931 3704 3930
f 3706 3705 3707
f 3707 3710 3706
f 3708 3932 3707
f 3710 3707 3932
f 3933 3708 3931
f 3932 3708 3933
f 3709 3711 3718
f 3934 3710 3932
f 3935 3711 3710
f 3710 3934 3935
f 3936 3711 3935
f 3936 3718 3711
f 3785 3713 3937
f 3937 3713 3714
f 3937 3714 3715
f 3938 3715 3716
f 3939 3715 3938
f 3937 3715 3939
f 3716 3717 3940
f 3941 3716 3940
f 3942 3938 3716
f 3941 3942 3716
f 3718 3940 3717
f 3718 3943 3940
f 3718 3936 3943
f 3944 3720 3719
f 3719 3723 3944
f 3944 3745 3720
f 3945 3725 3721
f 3722 3945 3721
f 3946 3945 3722
f 3727 3946 3722
f 3947 3944 3723
f 3948 3723 3725
f 3725 3723 3724
f 3948 3947 3723
f 3725 3945 3948
f 3728 3726 3949
f 3729 3949 3726
f 3950 3946 3727
f 3951 3727 3728
f 3951 3950 3727
f 3951 3728 3952
f 3952 3728 3949
f 3953 3949 3729
f 3729 3954 3953
f 3955 3729 3730
f 3954 3729 3955
f 3730 3731 3955
f 3954 3955 3731
f 3954 3731 3956
f 3740 3956 3731
f 3734 3732 3733
f 3734 3742 3732
f 3957 3742 3734
f 3738 3958 3734
f 3734 3958 3957
f 3735 3737 3736
f 3959 3737 3735
f 3959 3735 3753
f 3737 3960 3738
f 3737 3961 3960
f 3961 3737 3959
f 3738 3962 3958
f 3963 3738 3960
f 3738 3963 3962
f 3742 3741 3739
f 3740 3964 3956
f 3965 3740 3741
f 3965 3964 3740
f 3965 3741 3742
f 3957 3965 3742
f 3743 3910 3909
f 3746 3966 3743
f 3744 3746 3743
f 3966 3910 3743
f 3967 3751 3745
f 3947 3745 3944
f 3967 3745 3947
f 3966 3746 3968
f 3747 3968 3746
f 3747 3969 3968
f 3747 3748 3969
f 3748 3970 3969
f 3970 3748 3971
f 3972 3971 3748
f 3973 3748 3749
f 3748 3973 3974
f 3975 3748 3974
f 3975 3972 3748
f 3973 3749 3750
f 3976 3750 3751
f 3976 3973 3750
f 3967 3976 3751
f 3977 3959 3753
f 3978 3977 3753
f 3979 3753 3754
f 3753 3980 3978
f 3979 3980 3753
f 3981 3754 3755
f 3979 3754 3981
f 3982 3983 3755
f 3983 3981 3755
f 3757 3982 3755
f 3984 3756 3759
f 3758 3756 3984
f 3757 3985 3982
f 3986 3987 3757
f 3758 3986 3757
f 3985 3757 3988
f 3987 3988 3757
f 3989 3758 3984
f 3758 3989 3986
f 3990 3759 3991
f 3991 3759 3760
f 3992 3984 3759
f 3990 3992 3759
f 3993 3760 3761
f 3993 3991 3760
f 3994 3761 3762
f 3993 3761 3994
f 3995 3762 3763
f 3996 3762 3995
f 3762 3996 3994
f 3772 3995 3763
f 3764 3766 3997
f 3998 3765 3764
f 3764 3997 3998
f 3999 3770 3765
f 3999 3765 3998
f 3767 3997 3766
f 4000 3997 3767
f 3767 3768 4001
f 4001 4000 3767
f 3768 3769 4001
f 3769 3778 4002
f 4001 3769 4002
f 3770 4003 3771
f 3770 4004 4003
f 3770 3999 4004
f 4003 3773 3771
f 3774 3995 3772
f 4005 3774 3773
f 4005 3773 4003
f 3774 3996 3995
f 4006 3996 3774
f 3774 4005 4006
f 3795 3775 3794
f 4007 3775 3795
f 4008 3775 4007
f 4008 3777 3775
f 4009 3778 3776
f 4009 3776 3777
f 4009 3777 4008
f 4010 4002 3778
f 4011 3778 4009
f 3778 4011 4010
f 4012 3779 3780
f 3779 4012 3789
f 3779 3789 3788
f 4012 3780 3781
f 4013 3781 3782
f 4012 3781 4013
f 4014 3782 3784
f 3782 4015 4013
f 3782 4014 4015
f 4016 3783 3785
f 4017 3783 4016
f 3783 4017 3784
f 3784 4017 4014
f 3937 3939 3785
f 3785 3939 4018
f 4016 3785 4018
f 3791 4019 3786
f 4019 4020 3786
f 4020 3787 3786
f 3802 3787 4020
f 3789 4021 3790
f 4012 4021 3789
f 3790 4021 4022
f 4023 3790 4022
f 3791 3790 4023
f 4019 3791 4024
f 3791 4023 4024
f 3792 3804 4025
f 4025 3797 3792
f 3793 4026 3796
f 4027 3793 3799
f 4026 3793 4027
f 3795 3796 4007
f 3796 4026 4007
f 3797 4028 3798
f 4028 3797 4025
f 3798 4028 4029
f 3798 4029 3799
f 4027 3799 4030
f 4031 4030 3799
f 4029 4031 3799
f 4032 4033 3800
f 4033 3801 3800
f 3802 4032 3800
f 3803 3801 4033
f 3802 4020 4034
f 3802 4034 4032
f 4033 4035 3803
f 4036 3804 3803
f 4037 3803 4035
f 4037 4036 3803
f 4025 3804 4036
f 3805 3806 3821
f 3806 3807 4038
f 4038 3821 3806
f 4039 4038 3807
f 4040 4039 3807
f 4040 3807 4041
f 3808 4041 3807
f 4042 4041 3808
f 3808 3809 4042
f 4043 4042 3809
f 4043 3809 4044
f 3809 4045 4044
f 3810 4045 3809
f 4046 4045 3810
f 4047 4046 3810
f 3810 3811 4047
f 4048 3811 3812
f 4048 4049 3811
f 4050 4047 3811
f 4050 3811 4049
f 4048 3812 3862
f 4051 3813 3816
f 3814 3813 4051
f 3820 3814 4052
f 4052 3814 4051
f 3815 3819 4053
f 3815 4053 4054
f 3817 3815 4054
f 3816 3817 4055
f 3816 4055 4056
f 4057 3816 4056
f 4057 4051 3816
f 3817 4054 4058
f 3817 4058 4055
f 3818 4059 3819
f 3818 3822 4059
f 3819 4059 4060
f 3819 4060 4053
f 3823 3820 4052
f 3822 3821 4038
f 3822 4038 4059
f 3823 4052 4061
f 3823 4061 4062
f 4062 4063 3823
f 4064 3824 3823
f 4064 3823 4063
f 4065 3824 4064
f 3824 4065 3825
f 3825 4065 4066
f 4067 3825 4066
f 3826 3825 4067
f 4068 3826 4067
f 4068 3827 3826
f 3829 3827 4068
f 4069 3832 3828
f 4070 4069 3828
f 3828 3831 4071
f 4070 3828 4071
f 4072 3829 4068
f 3830 3829 4072
f 3831 3830 4072
f 3831 4072 4073
f 4071 3831 4073
f 3833 3832 4074
f 3832 4069 4074
f 3833 4074 4075
f 3833 4075 3834
f 4076 3834 4075
f 4077 3834 4076
f 3841 3834 4077
f 4078 3835 3838
f 3836 3835 4078
f 3836 4078 4079
f 3836 4079 3837
f 4079 3845 3837
f 3838 3840 4080
f 4080 4078 3838
f 3839 3842 4081
f 4081 4080 3839
f 4080 3840 3839
f 3841 4077 4082
f 3842 3841 4082
f 4082 4081 3842
f 3846 3843 3844
f 4083 3844 3845
f 3846 3844 4083
f 4079 4084 3845
f 4083 3845 4084
f 3847 3846 4085
f 4083 4085 3846
f 3848 3847 4086
f 4086 3847 4085
f 3849 3848 4087
f 4086 4088 3848
f 4087 3848 4088
f 4089 3849 4087
f 3849 4089 3853
f 3851 3850 4090
f 4090 3850 3853
f 3852 3851 3855
f 3855 3851 4091
f 4091 3851 4090
f 4092 4090 3853
f 4092 3853 4089
f 3855 4091 3854
f 3854 4091 4093
f 3856 3854 4093
f 3856 4093 3858
f 3861 3857 3860
f 3858 4093 4094
f 3859 3858 4095
f 4095 3858 4094
f 3859 4095 3860
f 3861 3860 3913
f 4096 3913 3860
f 4096 3860 4097
f 4098 3860 4095
f 4097 3860 4098
f 4099 4048 3862
f 3862 4100 4099
f 3863 4100 3862
f 3863 4101 4100
f 4101 3863 4102
f 3863 3864 4102
f 4103 4102 3864
f 4104 4103 3864
f 4104 3864 4105
f 3865 4105 3864
f 4105 3865 4106
f 3865 4107 4106
f 3865 3866 4107
f 4108 4107 3866
f 4109 3866 3867
f 4110 4108 3866
f 4110 3866 4109
f 3867 3868 4109
f 4111 3868 3869
f 4112 3868 4111
f 4112 4109 3868
f 3871 4111 3869
f 3871 3870 4113
f 3872 4113 3870
f 4113 4114 3871
f 4111 3871 4114
f 3873 4113 3872
f 3873 4114 4113
f 4115 4114 3873
f 4116 4115 3873
f 4116 3873 3874
f 3874 3876 4116
f 3877 3876 3875
f 4117 4116 3876
f 3876 3877 4117
f 4118 3877 3878
f 4119 4117 3877
f 4118 4119 3877
f 4118 3878 4120
f 4120 3878 4121
f 4121 3878 3879
f 3879 4122 4121
f 3879 3881 4122
f 3882 3880 3893
f 3882 4122 3881
f 4123 4122 3882
f 3893 3892 3882
f 4123 3882 3892
f 3883 4124 3885
f 4125 4124 3883
f 3884 4125 3883
f 4125 3884 3903
f 4126 3889 3885
f 3885 4124 4126
f 3887 3891 3886
f 3888 3891 3887
f 3888 4127 4128
f 3888 4128 3891
f 3888 4129 4127
f 4129 3888 4130
f 3889 4130 3888
f 4126 4130 3889
f 3892 3890 3891
f 4131 3892 3891
f 3891 4128 4131
f 3892 4131 4123
f 3895 3894 3908
f 3906 3895 3908
f 4132 3896 3895
f 4132 3895 4133
f 4133 3895 3906
f 4134 3897 3896
f 3896 4132 4134
f 3897 4135 3898
f 3897 4136 4135
f 4136 3897 4134
f 4137 3899 3898
f 4138 4137 3898
f 3898 4135 4138
f 4139 4140 3899
f 4139 3899 4137
f 4140 3900 3899
f 3900 4140 3904
f 3903 3901 4141
f 4142 4141 3901
f 3902 4142 3901
f 3902 4143 4142
f 3904 4143 3902
f 4144 4145 3903
f 4145 4125 3903
f 4144 3903 4141
f 4140 4146 3904
f 4143 3904 4146
f 3906 3908 3905
f 4133 3906 3907
f 3911 4133 3907
f 3968 3910 3966
f 3968 4147 3910
f 4147 3911 3910
f 3911 4148 4133
f 4147 4148 3911
f 3914 4149 3912
f 3912 4149 4150
f 3915 3912 4150
f 3913 4096 4151
f 3914 3913 4151
f 3914 4151 4152
f 4149 3914 4152
f 3916 3915 4153
f 3915 4150 4154
f 4153 3915 4154
f 4155 3916 4153
f 3917 3916 4156
f 4157 4156 3916
f 4157 3916 4155
f 4156 3918 3917
f 3918 4156 3921
f 3920 3919 3929
f 3929 3919 3927
f 3921 4156 4158
f 3921 4158 4159
f 3922 3921 4159
f 3923 3922 4160
f 4160 3922 4159
f 3924 3923 4160
f 3924 4160 4161
f 3924 4162 3925
f 4161 4163 3924
f 4162 3924 4163
f 3928 3925 4162
f 3926 3928 4164
f 4165 3927 3926
f 4165 3926 4164
f 4166 3929 3927
f 4166 3927 4165
f 4164 3928 4162
f 4167 3929 4166
f 3929 4168 3930
f 4168 3929 4167
f 3931 3930 4168
f 4169 3933 3931
f 4169 3931 4168
f 3934 3932 3933
f 4170 3933 4169
f 3933 4170 3934
f 3934 4171 3935
f 3934 4172 4171
f 3934 4170 4172
f 4171 3936 3935
f 3943 3936 4173
f 3936 4174 4173
f 4174 3936 4171
f 3939 3938 3942
f 3939 3942 4175
f 4018 3939 4175
f 4176 3941 3940
f 3940 3943 4176
f 4176 3942 3941
f 4175 3942 4176
f 4177 3943 4173
f 4176 3943 4177
f 3945 4178 3948
f 4179 4178 3945
f 3946 4179 3945
f 3946 3950 4179
f 4180 3967 3947
f 4181 4180 3947
f 4178 4181 3947
f 3948 4178 3947
f 3953 3952 3949
f 3950 4182 4179
f 4183 4184 3950
f 3950 4185 4182
f 3951 4183 3950
f 4184 4185 3950
f 3951 4186 4183
f 4186 3951 3952
f 4186 3952 3953
f 3954 4186 3953
f 3956 4187 3954
f 4188 4186 3954
f 3954 4187 4188
f 4187 3956 3964
f 4189 3965 3957
f 3962 4189 3957
f 3958 3962 3957
f 3959 4190 3961
f 3977 4190 3959
f 3960 4191 3963
f 4192 4191 3960
f 4192 3960 3961
f 4190 4192 3961
f 4189 3962 4193
f 3963 4193 3962
f 4194 4193 3963
f 4195 4194 3963
f 4195 3963 4191
f 4196 4187 3964
f 3964 3965 4197
f 3964 4198 4196
f 4197 4198 3964
f 4189 4197 3965
f 4180 3976 3967
f 3968 3969 4147
f 3969 4199 4147
f 4199 3969 3970
f 3971 4200 3970
f 3970 4201 4199
f 3970 4200 4201
f 3971 4202 4200
f 4202 3971 4203
f 4204 3971 3972
f 4204 4205 3971
f 4203 3971 4205
f 4206 3972 3975
f 4207 4204 3972
f 4206 4207 3972
f 4208 3973 3976
f 3974 3973 4208
f 4206 3975 3974
f 4208 4206 3974
f 4209 4208 3976
f 4180 4209 3976
f 4210 4190 3977
f 3977 3978 4210
f 3978 4211 4210
f 3978 4212 4211
f 3979 3978 3980
f 4213 3978 3979
f 4213 4212 3978
f 3981 4213 3979
f 3983 4214 3981
f 3981 4214 4213
f 3982 4214 3983
f 4215 4214 3982
f 3985 4215 3982
f 3992 4216 3984
f 3989 3984 4216
f 3988 4215 3985
f 3986 4217 3987
f 3989 4217 3986
f 4218 3988 3987
f 4217 4218 3987
f 4219 4215 3988
f 4218 4219 3988
f 4220 4217 3989
f 4221 4220 3989
f 4216 4221 3989
f 3990 3991 3993
f 4222 3990 3993
f 4223 3992 3990
f 4224 4223 3990
f 4222 4224 3990
f 4223 4216 3992
f 3994 4225 3993
f 4225 4222 3993
f 3994 3996 4225
f 4006 4225 3996
f 4000 4226 3997
f 3998 3997 4226
f 3999 3998 4226
f 4226 4227 3999
f 4227 4004 3999
f 4226 4000 4228
f 4229 4000 4001
f 4229 4228 4000
f 4230 4001 4002
f 4230 4229 4001
f 4231 4002 4010
f 4002 4231 4232
f 4232 4230 4002
f 4233 4005 4003
f 4233 4003 4004
f 4234 4233 4004
f 4227 4234 4004
f 4005 4235 4006
f 4236 4235 4005
f 4233 4236 4005
f 4237 4225 4006
f 4235 4237 4006
f 4238 4007 4026
f 4007 4238 4008
f 4008 4238 4009
f 4239 4009 4238
f 4011 4009 4239
f 4231 4010 4011
f 4011 4239 4231
f 4240 4012 4241
f 4012 4240 4022
f 4022 4021 4012
f 4012 4013 4241
f 4241 4013 4015
f 4015 4014 4242
f 4243 4242 4014
f 4014 4017 4243
f 4015 4244 4245
f 4246 4015 4242
f 4015 4246 4244
f 4245 4241 4015
f 4247 4016 4018
f 4017 4016 4247
f 4017 4247 4248
f 4017 4248 4243
f 4018 4249 4247
f 4249 4018 4175
f 4034 4020 4019
f 4019 4250 4034
f 4250 4019 4024
f 4023 4022 4240
f 4251 4023 4240
f 4251 4252 4023
f 4252 4024 4023
f 4250 4024 4252
f 4025 4036 4253
f 4028 4025 4253
f 4254 4026 4027
f 4238 4026 4254
f 4254 4027 4030
f 4255 4029 4028
f 4253 4255 4028
f 4031 4029 4255
f 4256 4030 4031
f 4030 4256 4254
f 4257 4031 4255
f 4031 4257 4256
f 4032 4034 4258
f 4032 4258 4259
f 4032 4259 4033
f 4033 4259 4035
f 4250 4260 4034
f 4258 4034 4260
f 4035 4259 4261
f 4262 4035 4261
f 4262 4037 4035
f 4037 4263 4036
f 4253 4036 4264
f 4036 4263 4264
f 4262 4263 4037
f 4059 4038 4060
f 4039 4060 4038
f 4265 4060 4039
f 4265 4039 4266
f 4040 4266 4039
f 4266 4040 4041
f 4043 4266 4041
f 4042 4043 4041
f 4043 4267 4266
f 4043 4268 4267
f 4268 4043 4044
f 4268 4044 4045
f 4268 4045 4046
f 4268 4046 4269
f 4046 4047 4269
f 4269 4047 4050
f 4270 4049 4048
f 4099 4270 4048
f 4271 4049 4270
f 4049 4271 4050
f 4050 4272 4269
f 4050 4271 4272
f 4273 4051 4057
f 4052 4051 4274
f 4051 4273 4274
f 4275 4052 4274
f 4052 4275 4061
f 4053 4060 4265
f 4054 4053 4265
f 4265 4058 4054
f 4055 4058 4276
f 4056 4055 4276
f 4056 4277 4057
f 4056 4276 4278
f 4277 4056 4278
f 4279 4057 4277
f 4273 4057 4279
f 4058 4265 4276
f 4061 4275 4062
f 4275 4280 4062
f 4063 4062 4064
f 4281 4062 4280
f 4064 4062 4281
f 4066 4064 4281
f 4065 4064 4066
f 4066 4281 4282
f 4067 4066 4282
f 4282 4283 4067
f 4067 4283 4068
f 4068 4284 4072
f 4284 4068 4283
f 4069 4070 4285
f 4074 4069 4286
f 4285 4286 4069
f 4285 4070 4071
f 4285 4071 4073
f 4287 4073 4072
f 4287 4072 4284
f 4073 4288 4285
f 4289 4288 4073
f 4289 4073 4287
f 4074 4286 4290
f 4074 4290 4075
f 4082 4076 4075
f 4290 4082 4075
f 4076 4082 4077
f 4080 4291 4078
f 4292 4078 4291
f 4078 4292 4079
f 4079 4292 4293
f 4079 4293 4084
f 4294 4080 4081
f 4291 4080 4294
f 4081 4082 4295
f 4295 4296 4081
f 4296 4294 4081
f 4082 4290 4297
f 4295 4082 4297
f 4084 4298 4083
f 4085 4083 4298
f 4084 4293 4299
f 4084 4299 4300
f 4298 4084 4300
f 4298 4301 4085
f 4086 4085 4301
f 4088 4086 4301
f 4088 4302 4087
f 4303 4089 4087
f 4303 4087 4302
f 4088 4304 4302
f 4088 4301 4304
f 4303 4305 4089
f 4092 4089 4305
f 4091 4090 4093
f 4093 4090 4092
f 4306 4093 4092
f 4307 4092 4305
f 4092 4307 4306
f 4306 4094 4093
f 4095 4094 4308
f 4308 4094 4306
f 4309 4095 4308
f 4309 4098 4095
f 4096 4097 4310
f 4151 4096 4311
f 4310 4311 4096
f 4097 4309 4310
f 4097 4098 4309
f 4271 4270 4099
f 4099 4312 4271
f 4100 4313 4099
f 4312 4099 4313
f 4100 4101 4313
f 4313 4101 4102
f 4313 4102 4314
f 4314 4102 4315
f 4103 4315 4102
f 4103 4104 4315
f 4105 4315 4104
f 4105 4106 4315
f 4106 4107 4316
f 4315 4106 4316
f 4108 4316 4107
f 4317 4108 4110
f 4317 4318 4108
f 4318 4316 4108
f 4319 4110 4109
f 4109 4112 4319
f 4110 4320 4317
f 4110 4321 4320
f 4110 4319 4321
f 4114 4112 4111
f 4115 4112 4114
f 4322 4323 4112
f 4115 4322 4112
f 4323 4319 4112
f 4116 4324 4115
f 4322 4115 4325
f 4325 4115 4324
f 4117 4326 4116
f 4116 4326 4324
f 4119 4326 4117
f 4118 4327 4119
f 4328 4327 4118
f 4118 4329 4328
f 4118 4120 4329
f 4119 4330 4326
f 4119 4327 4330
f 4120 4123 4329
f 4121 4122 4120
f 4120 4122 4123
f 4131 4329 4123
f 4126 4124 4331
f 4125 4331 4124
f 4145 4331 4125
f 4332 4126 4333
f 4331 4333 4126
f 4130 4126 4332
f 4127 4334 4335
f 4128 4127 4335
f 4334 4127 4129
f 4336 4128 4335
f 4128 4336 4131
f 4334 4129 4337
f 4337 4129 4338
f 4332 4338 4129
f 4129 4130 4332
f 4131 4339 4329
f 4336 4339 4131
f 4200 4134 4132
f 4133 4148 4132
f 4340 4132 4148
f 4340 4200 4132
f 4134 4341 4136
f 4341 4134 4200
f 4342 4138 4135
f 4135 4343 4342
f 4343 4135 4136
f 4344 4343 4136
f 4344 4136 4341
f 4345 4139 4137
f 4137 4138 4346
f 4346 4345 4137
f 4342 4346 4138
f 4139 4347 4140
f 4347 4139 4348
f 4349 4348 4139
f 4349 4139 4345
f 4146 4140 4347
f 4350 4141 4351
f 4142 4351 4141
f 4144 4141 4350
f 4143 4351 4142
f 4352 4143 4353
f 4351 4143 4352
f 4347 4353 4143
f 4143 4146 4347
f 4354 4144 4350
f 4354 4355 4144
f 4144 4355 4145
f 4356 4145 4355
f 4331 4145 4356
f 4147 4340 4148
f 4201 4340 4147
f 4199 4201 4147
f 4149 4152 4150
f 4150 4357 4154
f 4357 4150 4152
f 4358 4151 4311
f 4357 4151 4359
f 4151 4357 4152
f 4151 4358 4359
f 4153 4154 4360
f 4360 4361 4153
f 4153 4361 4155
f 4154 4357 4362
f 4362 4363 4154
f 4363 4360 4154
f 4155 4361 4364
f 4155 4364 4157
f 4156 4157 4365
f 4158 4156 4365
f 4366 4157 4364
f 4365 4157 4366
f 4367 4158 4365
f 4158 4367 4368
f 4368 4159 4158
f 4368 4369 4159
f 4160 4159 4369
f 4161 4160 4369
f 4370 4161 4369
f 4371 4161 4370
f 4163 4161 4371
f 4164 4162 4372
f 4373 4162 4163
f 4372 4162 4373
f 4373 4163 4371
f 4165 4164 4374
f 4372 4375 4164
f 4374 4164 4375
f 4166 4165 4376
f 4165 4374 4377
f 4376 4165 4377
f 4376 4167 4166
f 4378 4168 4167
f 4378 4167 4379
f 4379 4167 4376
f 4169 4168 4378
f 4169 4380 4170
f 4169 4381 4380
f 4381 4169 4378
f 4382 4172 4170
f 4382 4170 4380
f 4174 4171 4383
f 4172 4383 4171
f 4382 4384 4172
f 4172 4385 4383
f 4384 4385 4172
f 4386 4173 4174
f 4386 4177 4173
f 4386 4174 4387
f 4388 4174 4383
f 4387 4174 4388
f 4175 4176 4389
f 4249 4175 4389
f 4390 4389 4176
f 4390 4176 4177
f 4177 4386 4390
f 4185 4181 4178
f 4182 4178 4179
f 4182 4185 4178
f 4209 4180 4391
f 4181 4391 4180
f 4392 4391 4181
f 4181 4185 4392
f 4393 4184 4183
f 4394 4183 4395
f 4395 4183 4186
f 4393 4183 4394
f 4184 4396 4185
f 4397 4396 4184
f 4184 4393 4397
f 4185 4396 4392
f 4395 4186 4188
f 4187 4196 4188
f 4196 4395 4188
f 4189 4398 4197
f 4193 4398 4189
f 4210 4399 4190
f 4192 4190 4399
f 4400 4195 4191
f 4192 4400 4191
f 4401 4192 4399
f 4192 4401 4400
f 4194 4398 4193
f 4402 4398 4194
f 4195 4402 4194
f 4195 4400 4403
f 4195 4403 4404
f 4402 4195 4404
f 4405 4196 4406
f 4198 4406 4196
f 4405 4395 4196
f 4197 4405 4198
f 4407 4408 4197
f 4398 4407 4197
f 4408 4405 4197
f 4405 4406 4198
f 4202 4341 4200
f 4201 4200 4340
f 4344 4341 4202
f 4409 4344 4202
f 4203 4409 4202
f 4409 4203 4410
f 4410 4203 4205
f 4411 4205 4204
f 4412 4204 4413
f 4413 4204 4414
f 4414 4204 4207
f 4412 4411 4204
f 4415 4205 4411
f 4415 4410 4205
f 4208 4207 4206
f 4414 4207 4416
f 4208 4416 4207
f 4209 4416 4208
f 4391 4417 4209
f 4417 4416 4209
f 4210 4418 4399
f 4211 4418 4210
f 4211 4419 4418
f 4420 4419 4211
f 4211 4212 4420
f 4421 4420 4212
f 4421 4212 4213
f 4422 4421 4213
f 4423 4422 4213
f 4423 4213 4214
f 4424 4423 4214
f 4215 4424 4214
f 4219 4424 4215
f 4216 4425 4221
f 4426 4216 4223
f 4425 4216 4426
f 4427 4218 4217
f 4220 4427 4217
f 4428 4219 4218
f 4218 4429 4428
f 4430 4429 4218
f 4431 4430 4218
f 4427 4431 4218
f 4424 4219 4428
f 4432 4427 4220
f 4433 4220 4221
f 4432 4220 4433
f 4425 4433 4221
f 4222 4225 4237
f 4434 4222 4237
f 4434 4224 4222
f 4426 4223 4435
f 4435 4223 4224
f 4436 4435 4224
f 4434 4436 4224
f 4227 4226 4437
f 4226 4228 4437
f 4437 4438 4227
f 4227 4438 4439
f 4234 4227 4439
f 4440 4437 4228
f 4229 4441 4228
f 4228 4441 4442
f 4440 4228 4442
f 4230 4441 4229
f 4441 4230 4443
f 4443 4230 4232
f 4231 4444 4232
f 4231 4239 4444
f 4445 4232 4444
f 4443 4232 4446
f 4232 4445 4446
f 4447 4236 4233
f 4233 4448 4447
f 4233 4234 4448
f 4449 4448 4234
f 4439 4449 4234
f 4450 4235 4236
f 4451 4452 4235
f 4451 4235 4450
f 4237 4235 4452
f 4236 4453 4450
f 4453 4236 4447
f 4452 4434 4237
f 4454 4238 4254
f 4239 4238 4454
f 4455 4239 4454
f 4455 4444 4239
f 4251 4240 4456
f 4241 4456 4240
f 4241 4245 4456
f 4246 4242 4243
f 4243 4248 4457
f 4243 4458 4246
f 4457 4458 4243
f 4459 4245 4244
f 4244 4460 4459
f 4244 4461 4460
f 4244 4462 4461
f 4462 4244 4246
f 4456 4245 4459
f 4462 4246 4458
f 4247 4249 4463
f 4247 4463 4248
f 4464 4457 4248
f 4465 4248 4463
f 4464 4248 4465
f 4390 4249 4389
f 4466 4249 4390
f 4466 4463 4249
f 4260 4250 4252
f 4467 4251 4456
f 4468 4251 4467
f 4468 4469 4251
f 4469 4252 4251
f 4469 4260 4252
f 4253 4470 4255
f 4253 4264 4471
f 4470 4253 4471
f 4472 4254 4256
f 4472 4454 4254
f 4470 4257 4255
f 4473 4472 4256
f 4473 4256 4257
f 4470 4474 4257
f 4474 4473 4257
f 4260 4475 4258
f 4258 4475 4476
f 4258 4476 4259
f 4261 4259 4476
f 4475 4260 4469
f 4261 4476 4477
f 4478 4261 4477
f 4262 4261 4478
f 4262 4478 4479
f 4262 4480 4263
f 4479 4480 4262
f 4481 4264 4263
f 4263 4480 4481
f 4264 4481 4471
f 4276 4265 4267
f 4266 4267 4265
f 4276 4267 4278
f 4268 4482 4267
f 4278 4267 4482
f 4482 4268 4269
f 4482 4269 4483
f 4269 4484 4483
f 4484 4269 4272
f 4272 4271 4312
f 4485 4484 4272
f 4312 4486 4272
f 4485 4272 4486
f 4274 4273 4279
f 4280 4275 4274
f 4280 4274 4279
f 4487 4279 4277
f 4278 4488 4277
f 4487 4277 4489
f 4489 4277 4488
f 4482 4488 4278
f 4490 4280 4279
f 4487 4490 4279
f 4281 4280 4490
f 4281 4491 4282
f 4281 4490 4491
f 4282 4491 4492
f 4492 4283 4282
f 4493 4283 4492
f 4284 4283 4493
f 4284 4494 4287
f 4494 4284 4493
f 4286 4285 4290
f 4290 4285 4288
f 4289 4287 4495
f 4495 4287 4494
f 4297 4290 4288
f 4297 4288 4496
f 4289 4496 4288
f 4495 4497 4289
f 4496 4289 4497
f 4498 4292 4291
f 4291 4294 4499
f 4499 4498 4291
f 4293 4292 4498
f 4498 4299 4293
f 4296 4500 4294
f 4499 4294 4500
f 4295 4297 4501
f 4501 4296 4295
f 4296 4501 4502
f 4500 4296 4503
f 4503 4296 4502
f 4297 4496 4501
f 4504 4505 4298
f 4301 4298 4505
f 4298 4300 4504
f 4299 4498 4506
f 4506 4507 4299
f 4507 4300 4299
f 4507 4508 4300
f 4504 4300 4508
f 4505 4304 4301
f 4509 4302 4304
f 4303 4302 4510
f 4510 4302 4509
f 4511 4305 4303
f 4511 4303 4510
f 4304 4505 4512
f 4509 4304 4512
f 4307 4305 4511
f 4306 4513 4308
f 4514 4306 4307
f 4514 4513 4306
f 4511 4514 4307
f 4513 4309 4308
f 4309 4515 4310
f 4515 4309 4516
f 4309 4513 4517
f 4309 4517 4516
f 4515 4311 4310
f 4358 4311 4515
f 4313 4486 4312
f 4313 4314 4486
f 4486 4314 4518
f 4519 4314 4315
f 4518 4314 4519
f 4519 4315 4520
f 4520 4315 4316
f 4521 4316 4318
f 4316 4522 4520
f 4521 4523 4316
f 4522 4316 4523
f 4521 4318 4317
f 4524 4521 4317
f 4524 4317 4320
f 4323 4321 4319
f 4524 4320 4525
f 4525 4320 4321
f 4323 4525 4321
f 4323 4322 4526
f 4325 4526 4322
f 4526 4525 4323
f 4325 4324 4326
f 4330 4325 4326
f 4527 4526 4325
f 4325 4330 4528
f 4325 4528 4527
f 4528 4330 4327
f 4529 4528 4327
f 4529 4327 4328
f 4339 4328 4329
f 4328 4339 4530
f 4530 4529 4328
f 4356 4333 4331
f 4332 4531 4532
f 4531 4332 4333
f 4332 4532 4338
f 4533 4333 4356
f 4333 4533 4531
f 4534 4335 4334
f 4334 4535 4534
f 4337 4535 4334
f 4335 4530 4339
f 4339 4336 4335
f 4335 4534 4530
f 4535 4337 4536
f 4537 4536 4337
f 4338 4537 4337
f 4532 4537 4338
f 4346 4342 4538
f 4539 4538 4342
f 4540 4539 4342
f 4540 4342 4343
f 4540 4343 4541
f 4541 4343 4344
f 4409 4541 4344
f 4538 4349 4345
f 4346 4538 4345
f 4353 4347 4542
f 4543 4542 4347
f 4348 4543 4347
f 4543 4348 4544
f 4348 4349 4544
f 4544 4349 4545
f 4545 4349 4538
f 4350 4546 4354
f 4546 4350 4547
f 4547 4350 4352
f 4352 4350 4351
f 4548 4547 4352
f 4549 4548 4352
f 4353 4549 4352
f 4542 4549 4353
f 4546 4550 4354
f 4354 4550 4355
f 4356 4355 4550
f 4533 4356 4551
f 4550 4551 4356
f 4362 4357 4552
f 4552 4357 4359
f 4359 4358 4515
f 4359 4515 4553
f 4552 4359 4553
f 4360 4363 4554
f 4361 4360 4554
f 4364 4361 4554
f 4362 4552 4555
f 4363 4362 4555
f 4556 4363 4555
f 4557 4363 4556
f 4554 4363 4557
f 4364 4554 4558
f 4366 4364 4558
f 4365 4366 4559
f 4367 4365 4559
f 4559 4366 4560
f 4366 4558 4560
f 4367 4559 4561
f 4368 4367 4561
f 4369 4368 4561
f 4561 4562 4369
f 4369 4562 4370
f 4370 4562 4563
f 4564 4370 4563
f 4371 4370 4564
f 4371 4565 4373
f 4566 4371 4564
f 4566 4565 4371
f 4375 4372 4373
f 4375 4373 4565
f 4374 4375 4567
f 4568 4374 4567
f 4569 4374 4568
f 4377 4374 4569
f 4567 4375 4565
f 4570 4379 4376
f 4571 4376 4377
f 4570 4376 4572
f 4572 4376 4571
f 4573 4571 4377
f 4573 4377 4569
f 4574 4378 4379
f 4381 4378 4574
f 4574 4379 4570
f 4380 4575 4382
f 4576 4380 4381
f 4575 4380 4576
f 4577 4381 4574
f 4577 4576 4381
f 4384 4382 4578
f 4578 4382 4575
f 4383 4385 4388
f 4578 4579 4384
f 4580 4385 4384
f 4579 4580 4384
f 4581 4388 4385
f 4580 4581 4385
f 4386 4582 4390
f 4582 4386 4387
f 4388 4581 4387
f 4581 4583 4387
f 4387 4584 4582
f 4583 4584 4387
f 4466 4390 4582
f 4392 4417 4391
f 4396 4585 4392
f 4392 4586 4417
f 4392 4585 4586
f 4587 4397 4393
f 4588 4393 4394
f 4588 4587 4393
f 4395 4588 4394
f 4395 4405 4588
f 4396 4589 4585
f 4396 4590 4589
f 4397 4591 4396
f 4591 4592 4396
f 4592 4590 4396
f 4587 4593 4397
f 4397 4593 4591
f 4594 4407 4398
f 4402 4594 4398
f 4418 4401 4399
f 4401 4403 4400
f 4595 4403 4401
f 4596 4595 4401
f 4597 4401 4418
f 4597 4596 4401
f 4402 4598 4594
f 4599 4598 4402
f 4402 4404 4599
f 4600 4601 4403
f 4403 4601 4404
f 4595 4600 4403
f 4602 4599 4404
f 4601 4602 4404
f 4603 4588 4405
f 4408 4603 4405
f 4407 4604 4408
f 4605 4604 4407
f 4598 4605 4407
f 4598 4407 4594
f 4604 4603 4408
f 4409 4606 4541
f 4410 4606 4409
f 4607 4606 4410
f 4608 4607 4410
f 4609 4410 4415
f 4609 4608 4410
f 4412 4610 4411
f 4611 4411 4610
f 4611 4415 4411
f 4412 4413 4612
f 4610 4412 4612
f 4613 4413 4414
f 4613 4612 4413
f 4613 4414 4416
f 4611 4609 4415
f 4613 4416 4614
f 4417 4614 4416
f 4417 4586 4614
f 4419 4597 4418
f 4597 4419 4420
f 4615 4597 4420
f 4421 4615 4420
f 4421 4616 4615
f 4617 4616 4421
f 4618 4421 4422
f 4421 4618 4617
f 4619 4422 4423
f 4619 4618 4422
f 4619 4423 4620
f 4424 4620 4423
f 4424 4428 4620
f 4621 4622 4425
f 4425 4622 4433
f 4623 4425 4426
f 4623 4621 4425
f 4426 4624 4623
f 4625 4426 4435
f 4426 4625 4624
f 4432 4431 4427
f 4428 4619 4620
f 4619 4428 4626
f 4429 4626 4428
f 4429 4627 4626
f 4628 4627 4429
f 4628 4429 4430
f 4629 4430 4431
f 4630 4430 4629
f 4630 4628 4430
f 4432 4631 4431
f 4631 4629 4431
f 4631 4432 4433
f 4622 4631 4433
f 4632 4434 4452
f 4632 4633 4434
f 4634 4436 4434
f 4434 4633 4634
f 4635 4625 4435
f 4436 4635 4435
f 4636 4635 4436
f 4634 4636 4436
f 4437 4440 4438
f 4637 4438 4440
f 4438 4637 4439
f 4638 4449 4439
f 4639 4638 4439
f 4439 4637 4639
f 4440 4442 4637
f 4441 4443 4640
f 4441 4640 4442
f 4641 4637 4442
f 4640 4641 4442
f 4446 4640 4443
f 4455 4642 4444
f 4444 4642 4643
f 4644 4445 4444
f 4643 4644 4444
f 4645 4446 4445
f 4646 4645 4445
f 4445 4644 4646
f 4640 4446 4647
f 4446 4645 4647
f 4447 4648 4649
f 4648 4447 4448
f 4453 4447 4649
f 4448 4449 4648
f 4650 4648 4449
f 4650 4449 4638
f 4651 4451 4450
f 4453 4651 4450
f 4451 4632 4452
f 4651 4632 4451
f 4652 4453 4649
f 4653 4651 4453
f 4652 4653 4453
f 4472 4654 4454
f 4455 4454 4654
f 4654 4655 4455
f 4642 4455 4655
f 4467 4456 4459
f 4656 4458 4457
f 4657 4656 4457
f 4657 4457 4464
f 4656 4462 4458
f 4460 4467 4459
f 4460 4658 4467
f 4658 4460 4461
f 4659 4658 4461
f 4660 4659 4461
f 4660 4461 4462
f 4661 4462 4656
f 4462 4661 4662
f 4660 4462 4662
f 4463 4466 4465
f 4464 4465 4663
f 4657 4464 4663
f 4465 4466 4664
f 4665 4663 4465
f 4665 4465 4664
f 4466 4666 4664
f 4667 4466 4582
f 4666 4466 4667
f 4468 4467 4658
f 4668 4468 4658
f 4669 4468 4668
f 4469 4468 4669
f 4669 4475 4469
f 4470 4471 4670
f 4670 4474 4470
f 4671 4471 4481
f 4672 4471 4671
f 4670 4471 4672
f 4673 4654 4472
f 4473 4673 4472
f 4673 4473 4474
f 4474 4674 4675
f 4474 4675 4673
f 4670 4674 4474
f 4676 4475 4669
f 4475 4676 4476
f 4476 4676 4677
f 4477 4476 4677
f 4677 4678 4477
f 4477 4678 4478
f 4679 4478 4678
f 4478 4679 4680
f 4478 4681 4479
f 4680 4681 4478
f 4479 4682 4480
f 4479 4681 4682
f 4682 4481 4480
f 4481 4682 4683
f 4683 4671 4481
f 4482 4483 4488
f 4483 4684 4488
f 4483 4685 4684
f 4686 4483 4484
f 4483 4686 4685
f 4484 4485 4686
f 4687 4686 4485
f 4486 4688 4485
f 4687 4485 4688
f 4688 4486 4518
f 4490 4487 4489
f 4489 4488 4684
f 4489 4684 4685
f 4689 4490 4489
f 4489 4690 4689
f 4690 4489 4685
f 4490 4689 4491
f 4689 4691 4491
f 4491 4692 4492
f 4692 4491 4691
f 4492 4693 4493
f 4693 4492 4692
f 4694 4493 4695
f 4694 4494 4493
f 4693 4696 4493
f 4696 4695 4493
f 4494 4697 4495
f 4697 4494 4694
f 4495 4697 4497
f 4497 4698 4496
f 4501 4496 4698
f 4497 4699 4698
f 4697 4700 4497
f 4701 4497 4700
f 4699 4497 4701
f 4498 4499 4506
f 4499 4500 4702
f 4702 4703 4499
f 4499 4703 4506
f 4503 4702 4500
f 4501 4698 4502
f 4502 4698 4699
f 4502 4704 4503
f 4502 4699 4705
f 4705 4704 4502
f 4503 4706 4702
f 4503 4704 4706
f 4504 4707 4505
f 4707 4504 4708
f 4708 4504 4709
f 4504 4508 4709
f 4512 4505 4707
f 4710 4506 4703
f 4507 4506 4710
f 4710 4508 4507
f 4710 4711 4508
f 4508 4711 4712
f 4712 4713 4508
f 4713 4709 4508
f 4509 4512 4714
f 4715 4509 4714
f 4715 4510 4509
f 4511 4510 4716
f 4715 4717 4510
f 4717 4716 4510
f 4718 4514 4511
f 4718 4511 4716
f 4719 4512 4707
f 4720 4512 4719
f 4512 4720 4714
f 4514 4721 4513
f 4513 4721 4517
f 4721 4514 4722
f 4718 4722 4514
f 4553 4515 4516
f 4516 4723 4553
f 4724 4516 4517
f 4724 4723 4516
f 4517 4721 4725
f 4517 4725 4726
f 4724 4517 4726
f 4518 4519 4727
f 4518 4728 4688
f 4728 4518 4727
f 4727 4519 4729
f 4729 4519 4520
f 4520 4522 4730
f 4731 4520 4730
f 4731 4729 4520
f 4523 4521 4524
f 4522 4523 4730
f 4524 4730 4523
f 4730 4524 4732
f 4732 4524 4525
f 4525 4526 4732
f 4733 4732 4526
f 4526 4527 4733
f 4733 4527 4734
f 4527 4528 4734
f 4735 4734 4528
f 4528 4529 4735
f 4530 4736 4529
f 4736 4735 4529
f 4534 4736 4530
f 4737 4738 4531
f 4531 4738 4532
f 4531 4533 4737
f 4532 4739 4537
f 4532 4738 4739
f 4551 4737 4533
f 4534 4740 4736
f 4535 4740 4534
f 4535 4536 4740
f 4536 4741 4740
f 4741 4536 4739
f 4536 4537 4739
f 4742 4545 4538
f 4539 4742 4538
f 4742 4539 4743
f 4744 4743 4539
f 4539 4745 4744
f 4745 4539 4540
f 4746 4540 4541
f 4745 4540 4746
f 4606 4746 4541
f 4747 4542 4748
f 4749 4748 4542
f 4543 4749 4542
f 4549 4542 4747
f 4749 4543 4750
f 4750 4543 4751
f 4752 4751 4543
f 4752 4543 4544
f 4753 4752 4544
f 4545 4753 4544
f 4754 4753 4545
f 4545 4755 4754
f 4742 4755 4545
f 4756 4546 4547
f 4546 4756 4550
f 4757 4547 4758
f 4547 4757 4756
f 4758 4547 4759
f 4548 4759 4547
f 4760 4759 4548
f 4747 4760 4548
f 4549 4747 4548
f 4761 4551 4550
f 4756 4761 4550
f 4551 4762 4763
f 4551 4763 4737
f 4761 4762 4551
f 4764 4552 4553
f 4764 4555 4552
f 4764 4553 4723
f 4554 4557 4765
f 4554 4765 4766
f 4554 4766 4558
f 4555 4764 4556
f 4556 4764 4767
f 4557 4556 4768
f 4768 4556 4767
f 4557 4768 4765
f 4560 4558 4769
f 4558 4766 4770
f 4769 4558 4770
f 4560 4771 4559
f 4561 4559 4772
f 4772 4559 4771
f 4773 4560 4769
f 4771 4560 4773
f 4561 4772 4562
f 4562 4772 4774
f 4562 4775 4563
f 4775 4562 4774
f 4563 4775 4776
f 4564 4563 4776
f 4777 4566 4564
f 4564 4776 4777
f 4567 4565 4778
f 4778 4565 4779
f 4565 4566 4779
f 4777 4780 4566
f 4779 4566 4780
f 4568 4567 4778
f 4568 4778 4781
f 4782 4568 4781
f 4569 4568 4782
f 4573 4569 4782
f 4783 4574 4570
f 4783 4570 4572
f 4573 4784 4571
f 4572 4571 4784
f 4572 4785 4783
f 4785 4572 4784
f 4786 4573 4782
f 4786 4784 4573
f 4574 4783 4577
f 4576 4787 4575
f 4788 4575 4787
f 4578 4575 4788
f 4576 4577 4787
f 4789 4577 4783
f 4787 4577 4789
f 4788 4579 4578
f 4790 4579 4788
f 4791 4579 4790
f 4791 4580 4579
f 4581 4580 4792
f 4792 4580 4791
f 4793 4581 4792
f 4793 4583 4581
f 4667 4582 4794
f 4794 4582 4584
f 4583 4795 4584
f 4793 4796 4583
f 4583 4796 4795
f 4584 4795 4797
f 4797 4794 4584
f 4614 4586 4585
f 4585 4613 4614
f 4589 4613 4585
f 4798 4593 4587
f 4798 4587 4588
f 4799 4588 4603
f 4800 4588 4799
f 4800 4798 4588
f 4589 4801 4613
f 4801 4589 4802
f 4590 4802 4589
f 4803 4802 4590
f 4803 4590 4592
f 4591 4804 4592
f 4805 4591 4593
f 4805 4806 4591
f 4806 4804 4591
f 4807 4803 4592
f 4804 4807 4592
f 4798 4805 4593
f 4596 4600 4595
f 4600 4596 4808
f 4597 4809 4596
f 4596 4810 4808
f 4809 4810 4596
f 4616 4809 4597
f 4616 4597 4615
f 4599 4605 4598
f 4599 4811 4605
f 4599 4812 4811
f 4813 4812 4599
f 4602 4813 4599
f 4600 4814 4601
f 4815 4814 4600
f 4808 4815 4600
f 4814 4602 4601
f 4602 4816 4813
f 4602 4814 4816
f 4604 4799 4603
f 4604 4605 4811
f 4817 4799 4604
f 4811 4817 4604
f 4818 4746 4606
f 4819 4818 4606
f 4820 4819 4606
f 4821 4606 4607
f 4821 4820 4606
f 4822 4821 4607
f 4822 4607 4608
f 4823 4822 4608
f 4823 4608 4609
f 4823 4609 4611
f 4824 4610 4612
f 4824 4611 4610
f 4825 4826 4611
f 4823 4611 4827
f 4826 4827 4611
f 4611 4824 4825
f 4824 4612 4613
f 4801 4824 4613
f 4828 4809 4616
f 4829 4828 4616
f 4617 4829 4616
f 4829 4617 4830
f 4830 4617 4618
f 4626 4618 4619
f 4626 4627 4618
f 4627 4830 4618
f 4623 4622 4621
f 4622 4831 4631
f 4832 4831 4622
f 4833 4832 4622
f 4623 4833 4622
f 4833 4623 4834
f 4623 4624 4834
f 4835 4624 4625
f 4835 4836 4624
f 4836 4834 4624
f 4635 4837 4625
f 4837 4835 4625
f 4838 4830 4627
f 4627 4628 4838
f 4839 4838 4628
f 4630 4839 4628
f 4840 4630 4629
f 4841 4629 4631
f 4841 4840 4629
f 4840 4842 4630
f 4839 4630 4842
f 4831 4841 4631
f 4651 4843 4632
f 4843 4633 4632
f 4844 4845 4633
f 4844 4633 4843
f 4845 4634 4633
f 4634 4845 4846
f 4846 4636 4634
f 4635 4847 4837
f 4848 4635 4636
f 4849 4847 4635
f 4635 4850 4849
f 4848 4850 4635
f 4851 4848 4636
f 4846 4851 4636
f 4852 4639 4637
f 4641 4852 4637
f 4853 4638 4639
f 4854 4650 4638
f 4853 4854 4638
f 4639 4852 4853
f 4647 4641 4640
f 4641 4647 4855
f 4855 4852 4641
f 4655 4856 4642
f 4643 4642 4856
f 4857 4643 4856
f 4643 4646 4644
f 4858 4646 4643
f 4858 4643 4857
f 4859 4645 4646
f 4859 4860 4645
f 4860 4647 4645
f 4859 4646 4858
f 4647 4860 4861
f 4647 4861 4855
f 4650 4649 4648
f 4862 4652 4649
f 4649 4650 4862
f 4863 4862 4650
f 4650 4854 4863
f 4864 4843 4651
f 4865 4864 4651
f 4651 4653 4865
f 4866 4653 4652
f 4652 4862 4866
f 4867 4865 4653
f 4866 4867 4653
f 4654 4673 4655
f 4675 4655 4673
f 4675 4868 4655
f 4655 4868 4856
f 4869 4661 4656
f 4657 4870 4656
f 4869 4656 4870
f 4871 4657 4663
f 4872 4657 4871
f 4873 4657 4872
f 4870 4657 4874
f 4874 4657 4873
f 4668 4658 4659
f 4659 4875 4668
f 4875 4659 4876
f 4660 4662 4659
f 4659 4662 4876
f 4877 4661 4869
f 4877 4876 4661
f 4662 4661 4876
f 4663 4878 4871
f 4665 4878 4663
f 4879 4664 4666
f 4665 4664 4879
f 4880 4665 4881
f 4878 4665 4880
f 4665 4879 4881
f 4882 4666 4883
f 4882 4879 4666
f 4883 4666 4667
f 4794 4884 4667
f 4883 4667 4884
f 4885 4668 4875
f 4668 4885 4669
f 4676 4669 4885
f 4670 4886 4674
f 4886 4670 4672
f 4672 4671 4683
f 4672 4683 4887
f 4888 4886 4672
f 4672 4887 4889
f 4888 4672 4889
f 4890 4675 4674
f 4890 4674 4891
f 4674 4886 4891
f 4890 4868 4675
f 4885 4892 4676
f 4676 4892 4893
f 4894 4676 4893
f 4676 4894 4677
f 4894 4678 4677
f 4678 4894 4895
f 4896 4678 4895
f 4678 4896 4679
f 4679 4896 4897
f 4680 4679 4897
f 4898 4680 4897
f 4680 4898 4899
f 4900 4681 4680
f 4900 4680 4899
f 4900 4682 4681
f 4682 4900 4901
f 4901 4683 4682
f 4683 4901 4902
f 4683 4902 4887
f 4686 4903 4685
f 4685 4903 4690
f 4903 4686 4687
f 4904 4903 4687
f 4905 4687 4688
f 4904 4687 4905
f 4688 4728 4905
f 4690 4691 4689
f 4691 4690 4903
f 4692 4691 4906
f 4903 4906 4691
f 4692 4906 4693
f 4906 4907 4693
f 4907 4908 4693
f 4693 4908 4696
f 4909 4694 4695
f 4697 4694 4910
f 4909 4910 4694
f 4695 4696 4911
f 4695 4911 4909
f 4908 4911 4696
f 4700 4697 4910
f 4701 4912 4699
f 4912 4705 4699
f 4700 4910 4913
f 4913 4914 4700
f 4700 4914 4701
f 4912 4701 4915
f 4915 4701 4914
f 4703 4702 4706
f 4703 4706 4916
f 4917 4703 4916
f 4710 4703 4917
f 4912 4918 4704
f 4704 4918 4706
f 4704 4705 4912
f 4918 4919 4706
f 4916 4706 4919
f 4707 4708 4719
f 4709 4920 4708
f 4719 4708 4920
f 4713 4921 4709
f 4709 4921 4922
f 4920 4709 4922
f 4917 4711 4710
f 4917 4923 4711
f 4923 4924 4711
f 4711 4925 4712
f 4925 4711 4924
f 4712 4921 4713
f 4712 4925 4926
f 4921 4712 4926
f 4927 4714 4720
f 4715 4714 4927
f 4715 4927 4717
f 4928 4716 4717
f 4718 4716 4928
f 4928 4717 4929
f 4930 4717 4927
f 4717 4930 4929
f 4718 4928 4931
f 4722 4718 4931
f 4920 4932 4719
f 4932 4933 4719
f 4719 4933 4720
f 4927 4720 4934
f 4934 4720 4933
f 4721 4722 4725
f 4725 4722 4931
f 4767 4764 4723
f 4723 4935 4767
f 4935 4723 4936
f 4937 4723 4724
f 4937 4936 4723
f 4938 4937 4724
f 4726 4938 4724
f 4725 4939 4726
f 4725 4931 4940
f 4939 4725 4940
f 4941 4726 4939
f 4938 4726 4941
f 4942 4727 4729
f 4727 4943 4728
f 4943 4727 4942
f 4944 4905 4728
f 4728 4945 4944
f 4945 4728 4943
f 4729 4731 4946
f 4947 4729 4946
f 4942 4729 4947
f 4730 4946 4731
f 4730 4732 4946
f 4948 4732 4733
f 4948 4946 4732
f 4734 4949 4733
f 4950 4948 4733
f 4949 4950 4733
f 4951 4949 4734
f 4734 4735 4951
f 4740 4951 4735
f 4740 4735 4736
f 4763 4738 4737
f 4738 4952 4739
f 4953 4952 4738
f 4763 4953 4738
f 4739 4954 4955
f 4954 4739 4952
f 4741 4739 4955
f 4740 4956 4951
f 4741 4956 4740
f 4741 4955 4956
f 4755 4742 4957
f 4958 4957 4742
f 4743 4958 4742
f 4959 4958 4743
f 4960 4959 4743
f 4961 4960 4743
f 4743 4744 4961
f 4962 4744 4745
f 4963 4744 4962
f 4964 4961 4744
f 4964 4744 4963
f 4746 4818 4745
f 4819 4962 4745
f 4745 4818 4819
f 4965 4760 4747
f 4747 4966 4965
f 4967 4966 4747
f 4748 4967 4747
f 4968 4969 4748
f 4970 4968 4748
f 4748 4969 4967
f 4970 4748 4749
f 4750 4970 4749
f 4970 4750 4968
f 4971 4968 4750
f 4751 4971 4750
f 4752 4971 4751
f 4972 4971 4752
f 4753 4972 4752
f 4754 4972 4753
f 4755 4972 4754
f 4972 4755 4957
f 4756 4973 4761
f 4973 4756 4757
f 4974 4757 4975
f 4976 4975 4757
f 4758 4976 4757
f 4757 4974 4973
f 4977 4976 4758
f 4978 4977 4758
f 4758 4760 4978
f 4758 4759 4760
f 4979 4978 4760
f 4965 4979 4760
f 4980 4981 4761
f 4762 4761 4981
f 4973 4980 4761
f 4762 4982 4763
f 4982 4762 4981
f 4982 4953 4763
f 4983 4765 4768
f 4766 4765 4983
f 4983 4770 4766
f 4935 4768 4767
f 4983 4768 4935
f 4769 4770 4984
f 4985 4769 4984
f 4986 4769 4985
f 4987 4769 4986
f 4773 4769 4987
f 4988 4770 4983
f 4984 4770 4988
f 4989 4771 4773
f 4772 4771 4989
f 4774 4772 4989
f 4990 4773 4991
f 4991 4773 4987
f 4989 4773 4990
f 4774 4989 4992
f 4775 4774 4993
f 4993 4774 4992
f 4993 4994 4775
f 4994 4776 4775
f 4994 4995 4776
f 4777 4776 4995
f 4777 4995 4996
f 4780 4777 4996
f 4778 4779 4997
f 4997 4781 4778
f 4779 4780 4997
f 4998 4997 4780
f 4780 4996 4999
f 4780 4999 5000
f 4998 4780 5000
f 5001 4782 4781
f 5001 4781 4997
f 4786 4782 5001
f 5002 4783 4785
f 5003 4783 5002
f 4789 4783 5003
f 4785 4784 4786
f 4785 5004 5002
f 4786 5004 4785
f 5005 4786 5001
f 5004 4786 5005
f 4787 4789 5006
f 4790 4788 4787
f 4787 5006 4790
f 4789 5003 5006
f 4791 4790 5007
f 5007 4790 5006
f 5008 4792 4791
f 4791 5009 5008
f 5007 5010 4791
f 5009 4791 5010
f 4792 5008 4793
f 4793 5008 4796
f 4884 4794 4797
f 4795 5011 4797
f 4796 5012 4795
f 5013 4795 5012
f 5011 4795 5013
f 5012 4796 5008
f 5014 4797 5011
f 4797 5014 4884
f 4798 5015 4805
f 5016 5015 4798
f 4798 4800 5016
f 4817 5017 4799
f 4799 5016 4800
f 4799 5017 5016
f 5018 5019 4801
f 4802 5018 4801
f 4801 5019 4824
f 5020 5018 4802
f 5021 5020 4802
f 4807 5021 4802
f 4807 4802 4803
f 5022 4807 4804
f 5023 5024 4804
f 5024 5022 4804
f 5025 4804 4806
f 5025 5023 4804
f 4805 5015 4806
f 5025 4806 5026
f 5027 4806 5015
f 5026 4806 5027
f 4807 5028 5021
f 4807 5029 5028
f 5030 5029 4807
f 5022 5030 4807
f 4808 4816 4815
f 4808 5031 4816
f 5032 5031 4808
f 4810 5032 4808
f 4828 4810 4809
f 5033 4810 4828
f 5034 4810 5033
f 5034 5032 4810
f 4811 4812 5035
f 4811 5017 4817
f 4811 5036 5017
f 5037 5036 4811
f 5035 5037 4811
f 4813 5035 4812
f 4816 5035 4813
f 4815 4816 4814
f 4816 5038 5035
f 5031 5038 4816
f 5039 4962 4819
f 4820 5039 4819
f 5040 5039 4820
f 4822 4820 4821
f 4822 5041 4820
f 5042 4820 5041
f 4820 5042 5040
f 5043 4822 4827
f 4822 5043 5041
f 4822 4823 4827
f 5019 4825 4824
f 5018 4826 4825
f 5019 5018 4825
f 5043 4827 4826
f 5044 5043 4826
f 4826 5045 5044
f 5045 4826 5046
f 5046 4826 5018
f 5047 4828 4829
f 5047 5033 4828
f 5047 4829 5048
f 5048 4829 5049
f 4830 5049 4829
f 4830 5050 5049
f 5051 5050 4830
f 4838 5051 4830
f 4831 5052 4841
f 5053 5052 4831
f 4831 4832 5053
f 4832 5054 5053
f 5055 5054 4832
f 5055 4832 4833
f 4836 4833 4834
f 4833 4836 5055
f 5056 4836 4835
f 4835 5057 5056
f 5058 5057 4835
f 4837 5058 4835
f 4836 5059 5055
f 5056 5059 4836
f 4837 5060 5058
f 4847 5060 4837
f 4839 5051 4838
f 4839 5061 5051
f 4839 5062 5061
f 4839 4842 5062
f 5063 4842 4840
f 4840 4841 5064
f 5064 5063 4840
f 4841 5052 5053
f 5053 5064 4841
f 4842 5063 5065
f 5065 5062 4842
f 4844 4843 4864
f 5066 4845 4844
f 5067 5066 4844
f 5067 4844 4864
f 4846 4845 5068
f 4845 5069 5068
f 5069 4845 5066
f 5068 4851 4846
f 5070 5060 4847
f 5071 5070 4847
f 4849 5071 4847
f 5072 4850 4848
f 5073 4848 4851
f 5073 5072 4848
f 5074 5071 4849
f 4849 4850 5074
f 5072 5074 4850
f 5068 5073 4851
f 5075 4852 4855
f 4853 4852 5076
f 4852 5075 5076
f 4854 4853 5077
f 5076 5078 4853
f 4853 5078 5077
f 5077 4863 4854
f 5075 4855 4861
f 4856 4868 5079
f 4856 5079 5080
f 4857 4856 5080
f 5080 5081 4857
f 5081 5082 4857
f 4858 4857 5082
f 5083 4859 4858
f 4858 5082 5083
f 5084 4860 4859
f 5083 5084 4859
f 4861 4860 5085
f 5084 5085 4860
f 4861 5085 5075
f 5086 4862 4863
f 5086 4866 4862
f 4863 5077 5087
f 5087 5086 4863
f 4864 4865 5088
f 4864 5088 5067
f 4865 4867 5088
f 5086 5089 4866
f 5089 4867 4866
f 5090 5088 4867
f 5091 5090 4867
f 5092 4867 5089
f 5091 4867 5092
f 4891 4868 4890
f 5079 4868 4891
f 4877 4869 4870
f 4874 4877 4870
f 4878 5093 4871
f 4871 5093 4872
f 4872 5094 4873
f 4872 5095 5094
f 4872 5093 5095
f 4873 5094 4874
f 4877 4874 5094
f 5096 4885 4875
f 5097 4875 4876
f 5097 5096 4875
f 5097 4876 4877
f 5097 4877 5094
f 5098 5093 4878
f 5098 4878 4880
f 4881 4879 4882
f 4880 4881 5099
f 5099 5098 4880
f 5100 4881 4882
f 5099 4881 5100
f 5101 5102 4882
f 5100 4882 5103
f 5103 4882 5102
f 5101 4882 4883
f 4883 4884 5014
f 5014 5101 4883
f 5096 4892 4885
f 4891 4886 5079
f 5079 4886 4888
f 4887 4902 5104
f 4889 4887 5104
f 5105 4888 4889
f 5106 4888 5105
f 5079 4888 5106
f 5105 4889 5107
f 5104 5107 4889
f 4892 5096 5108
f 4892 5108 4893
f 5108 5109 4893
f 5109 4894 4893
f 4894 5109 4895
f 5110 4895 5109
f 5111 4895 5110
f 5111 4896 4895
f 5111 5112 4896
f 4896 5112 4897
f 5112 5113 4897
f 4897 5114 4898
f 4897 5113 5114
f 4898 5115 4899
f 4898 5114 5115
f 5116 4900 4899
f 5117 5116 4899
f 4899 5115 5118
f 5119 5117 4899
f 5118 5119 4899
f 5120 4901 4900
f 5116 5120 4900
f 4901 5120 4902
f 4902 5120 5121
f 5121 5122 4902
f 5123 5104 4902
f 5123 4902 5122
f 4906 4903 4904
f 4906 4904 4907
f 4904 4905 5124
f 4907 4904 5125
f 4904 5124 5125
f 4905 4944 5124
f 5126 4907 5125
f 4907 5126 4908
f 5127 4908 5128
f 4908 5126 5128
f 5127 4911 4908
f 5129 4913 4909
f 4909 4911 5129
f 4909 4913 4910
f 5129 4911 5127
f 4912 5130 4918
f 5130 4912 5131
f 4912 4915 5131
f 5129 5132 4913
f 5132 5133 4913
f 5133 4914 4913
f 4914 5134 4915
f 5135 5134 4914
f 5135 4914 5133
f 4915 5134 5131
f 4916 4923 4917
f 4923 4916 4919
f 5130 4919 4918
f 5130 5136 4919
f 4923 4919 5136
f 4932 4920 4922
f 4926 5137 4921
f 5137 4922 4921
f 5137 5138 4922
f 4922 5138 4932
f 4923 5136 5139
f 4924 4923 5139
f 4924 5139 5140
f 4925 4924 5140
f 4926 4925 5140
f 4926 5140 5141
f 5141 5142 4926
f 5137 4926 5142
f 4934 4930 4927
f 4928 4929 4931
f 4940 4931 4929
f 4930 5143 4929
f 4929 5143 4940
f 4930 5144 5143
f 4930 4934 5145
f 5146 4930 5145
f 4930 5146 5144
f 4932 5147 4933
f 5138 5147 4932
f 5148 4933 5147
f 4934 4933 5145
f 4933 5148 5145
f 5149 4935 4936
f 4983 4935 5150
f 4935 5149 5150
f 4937 5151 4936
f 5151 5152 4936
f 5149 4936 5152
f 4938 5153 4937
f 5154 4937 5153
f 5155 4937 5154
f 4937 5155 5151
f 4941 5153 4938
f 5156 4939 4940
f 4939 5157 4941
f 5156 5157 4939
f 5143 5156 4940
f 4941 5157 5153
f 4942 4947 5158
f 5159 4942 5160
f 4942 5158 5160
f 4942 5161 4943
f 5161 4942 5159
f 5162 4945 4943
f 5162 4943 5161
f 4944 5163 5124
f 4944 4945 5163
f 5164 5163 4945
f 5162 5164 4945
f 4948 4947 4946
f 4947 4948 5158
f 4950 5158 4948
f 4950 4949 5165
f 5166 5165 4949
f 5166 4949 4951
f 4950 5160 5158
f 5160 4950 5159
f 5165 5159 4950
f 4956 5166 4951
f 5167 4952 5168
f 5169 5168 4952
f 5170 5169 4952
f 4952 5167 4954
f 4953 5170 4952
f 5171 5172 4953
f 4953 5172 5170
f 5171 4953 4982
f 5173 4954 5167
f 4954 5173 4955
f 4955 5173 4956
f 5173 5174 4956
f 4956 5174 5175
f 4956 5175 5166
f 5176 4972 4957
f 5177 5176 4957
f 5178 5177 4957
f 4957 4958 5178
f 4959 5178 4958
f 4959 5177 5178
f 5179 5177 4959
f 4960 5179 4959
f 4960 5180 5179
f 5180 4960 4961
f 4964 5180 4961
f 5039 5181 4962
f 5181 4963 4962
f 4963 5182 4964
f 5183 5182 4963
f 4963 5181 5183
f 5180 4964 5184
f 5184 4964 5182
f 4979 4965 5185
f 4966 5185 4965
f 4967 5185 4966
f 5185 4967 4969
f 4969 4968 5186
f 4971 5186 4968
f 5187 4969 5142
f 4969 5187 5185
f 4969 5186 5142
f 5188 5186 4971
f 5188 4971 4972
f 5176 5188 4972
f 4980 4973 4974
f 4975 5189 4974
f 4974 5189 4980
f 4975 5190 5189
f 5191 5190 4975
f 4976 5191 4975
f 4976 4977 5191
f 5192 5191 4977
f 4978 5192 4977
f 4979 5192 4978
f 5192 4979 5193
f 5185 5193 4979
f 4980 5194 5195
f 5194 4980 5189
f 4980 5195 4981
f 5196 4982 4981
f 5196 4981 5195
f 5197 5171 4982
f 5196 5197 4982
f 4988 4983 5150
f 4984 4988 5198
f 5198 4985 4984
f 4985 4987 4986
f 4987 4985 5198
f 5199 4987 5198
f 4991 4987 5199
f 5150 5198 4988
f 4989 4990 4992
f 5200 4990 4991
f 4992 4990 5201
f 5202 4990 5200
f 4990 5202 5201
f 5200 4991 5199
f 4992 5203 5204
f 4993 4992 5205
f 5204 5205 4992
f 5203 4992 5201
f 5206 4994 4993
f 5206 4993 5207
f 5207 4993 5205
f 5208 4994 5206
f 5208 4995 4994
f 5209 4995 5208
f 4996 4995 5209
f 4996 5209 4999
f 4997 5210 5001
f 5210 4997 4998
f 5000 5211 4998
f 5212 4998 5211
f 5210 4998 5212
f 4999 5209 5213
f 5000 4999 5214
f 5213 5215 4999
f 5214 4999 5215
f 5214 5211 5000
f 5001 5216 5005
f 5210 5216 5001
f 5002 5004 5217
f 5003 5002 5217
f 5218 5006 5003
f 5217 5218 5003
f 5004 5005 5219
f 5004 5219 5217
f 5220 5005 5216
f 5220 5219 5005
f 5218 5007 5006
f 5007 5218 5221
f 5007 5221 5222
f 5222 5010 5007
f 5008 5223 5012
f 5223 5008 5224
f 5224 5008 5009
f 5224 5009 5225
f 5009 5010 5225
f 5222 5226 5010
f 5010 5227 5225
f 5010 5226 5227
f 5011 5228 5229
f 5229 5014 5011
f 5228 5011 5013
f 5230 5013 5012
f 5231 5012 5223
f 5012 5231 5230
f 5013 5230 5228
f 5101 5014 5232
f 5232 5014 5229
f 5016 5027 5015
f 5016 5233 5027
f 5016 5036 5234
f 5016 5017 5036
f 5234 5233 5016
f 5018 5020 5046
f 5021 5046 5020
f 5028 5235 5021
f 5021 5235 5046
f 5236 5022 5024
f 5022 5237 5030
f 5237 5022 5238
f 5238 5022 5239
f 5236 5239 5022
f 5240 5024 5023
f 5023 5026 5241
f 5026 5023 5025
f 5241 5240 5023
f 5240 5236 5024
f 5233 5241 5026
f 5027 5233 5026
f 5028 5242 5235
f 5028 5029 5242
f 5029 5243 5242
f 5029 5244 5243
f 5237 5244 5029
f 5237 5029 5030
f 5031 5245 5038
f 5246 5245 5031
f 5247 5246 5031
f 5032 5247 5031
f 5034 5248 5032
f 5032 5248 5247
f 5047 5034 5033
f 5249 5034 5250
f 5249 5251 5034
f 5251 5248 5034
f 5034 5047 5250
f 5252 5035 5038
f 5035 5252 5037
f 5253 5234 5036
f 5253 5036 5037
f 5254 5253 5037
f 5252 5254 5037
f 5245 5252 5038
f 5040 5255 5039
f 5255 5256 5039
f 5257 5181 5039
f 5257 5039 5256
f 5040 5258 5255
f 5259 5040 5042
f 5259 5258 5040
f 5044 5042 5041
f 5044 5041 5043
f 5259 5042 5044
f 5045 5259 5044
f 5243 5258 5045
f 5046 5243 5045
f 5258 5259 5045
f 5235 5243 5046
f 5250 5047 5048
f 5050 5250 5048
f 5049 5050 5048
f 5050 5260 5250
f 5051 5261 5050
f 5261 5260 5050
f 5051 5260 5261
f 5262 5260 5051
f 5061 5262 5051
f 5053 5263 5064
f 5054 5264 5053
f 5264 5263 5053
f 5264 5054 5055
f 5055 5265 5264
f 5055 5266 5265
f 5267 5055 5059
f 5267 5266 5055
f 5056 5268 5059
f 5057 5268 5056
f 5269 5057 5058
f 5270 5057 5269
f 5270 5271 5057
f 5057 5271 5268
f 5060 5269 5058
f 5268 5267 5059
f 5270 5269 5060
f 5070 5270 5060
f 5061 5062 5262
f 5272 5062 5065
f 5272 5273 5062
f 5273 5262 5062
f 5263 5065 5063
f 5064 5263 5063
f 5263 5272 5065
f 5274 5069 5066
f 5067 5274 5066
f 5275 5274 5067
f 5067 5088 5276
f 5275 5067 5276
f 5069 5277 5068
f 5278 5073 5068
f 5277 5278 5068
f 5279 5277 5069
f 5274 5279 5069
f 5280 5070 5071
f 5281 5270 5070
f 5280 5281 5070
f 5074 5280 5071
f 5073 5282 5072
f 5282 5074 5072
f 5278 5282 5073
f 5283 5280 5074
f 5284 5283 5074
f 5282 5284 5074
f 5075 5085 5285
f 5076 5075 5285
f 5286 5078 5076
f 5285 5286 5076
f 5287 5077 5078
f 5077 5287 5087
f 5286 5287 5078
f 5106 5080 5079
f 5106 5081 5080
f 5081 5106 5288
f 5082 5081 5288
f 5288 5289 5082
f 5289 5083 5082
f 5083 5289 5290
f 5290 5084 5083
f 5084 5291 5085
f 5290 5292 5084
f 5084 5292 5291
f 5285 5085 5291
f 5086 5087 5293
f 5293 5089 5086
f 5294 5087 5287
f 5295 5293 5087
f 5087 5294 5295
f 5090 5276 5088
f 5296 5089 5293
f 5296 5092 5089
f 5090 5297 5276
f 5091 5297 5090
f 5298 5091 5092
f 5299 5091 5298
f 5299 5297 5091
f 5092 5296 5298
f 5095 5093 5300
f 5093 5098 5301
f 5300 5093 5301
f 5095 5302 5094
f 5302 5097 5094
f 5300 5302 5095
f 5096 5097 5303
f 5303 5108 5096
f 5097 5302 5303
f 5099 5301 5098
f 5304 5099 5100
f 5099 5305 5301
f 5099 5304 5306
f 5306 5305 5099
f 5100 5103 5304
f 5307 5102 5101
f 5307 5101 5232
f 5308 5103 5102
f 5102 5309 5308
f 5307 5310 5102
f 5102 5311 5309
f 5311 5102 5310
f 5304 5103 5308
f 5312 5107 5104
f 5104 5123 5312
f 5105 5107 5106
f 5106 5107 5312
f 5313 5106 5312
f 5313 5288 5106
f 5303 5314 5108
f 5108 5314 5109
f 5109 5314 5110
f 5110 5314 5303
f 5110 5303 5315
f 5110 5315 5111
f 5111 5315 5316
f 5111 5316 5317
f 5112 5111 5317
f 5317 5318 5112
f 5113 5112 5318
f 5319 5113 5318
f 5319 5320 5113
f 5320 5114 5113
f 5114 5320 5321
f 5321 5115 5114
f 5321 5118 5115
f 5120 5116 5121
f 5121 5116 5117
f 5322 5117 5119
f 5117 5322 5121
f 5321 5323 5118
f 5118 5323 5324
f 5119 5118 5325
f 5325 5118 5324
f 5119 5325 5326
f 5119 5326 5322
f 5327 5121 5322
f 5122 5121 5327
f 5123 5122 5328
f 5328 5122 5329
f 5327 5329 5122
f 5123 5330 5312
f 5123 5331 5330
f 5328 5331 5123
f 5125 5124 5163
f 5126 5125 5163
f 5332 5128 5126
f 5332 5126 5333
f 5163 5334 5126
f 5334 5333 5126
f 5335 5127 5128
f 5335 5129 5127
f 5128 5336 5335
f 5336 5128 5332
f 5132 5129 5335
f 5130 5131 5136
f 5136 5131 5134
f 5132 5335 5336
f 5336 5337 5132
f 5133 5132 5337
f 5338 5133 5337
f 5338 5135 5133
f 5136 5134 5339
f 5339 5134 5135
f 5135 5338 5340
f 5339 5135 5340
f 5136 5339 5341
f 5136 5341 5139
f 5342 5138 5137
f 5137 5142 5342
f 5342 5147 5138
f 5341 5343 5139
f 5140 5139 5343
f 5344 5140 5343
f 5141 5140 5344
f 5187 5141 5344
f 5142 5141 5187
f 5342 5142 5186
f 5345 5156 5143
f 5144 5345 5143
f 5144 5146 5345
f 5148 5346 5145
f 5346 5146 5145
f 5347 5146 5346
f 5345 5146 5347
f 5147 5348 5148
f 5147 5342 5186
f 5348 5147 5188
f 5188 5147 5186
f 5346 5148 5349
f 5349 5148 5348
f 5149 5350 5150
f 5149 5152 5351
f 5350 5149 5351
f 5352 5150 5350
f 5198 5150 5352
f 5152 5151 5353
f 5353 5151 5155
f 5351 5152 5353
f 5153 5157 5354
f 5354 5154 5153
f 5154 5355 5155
f 5154 5356 5355
f 5356 5154 5354
f 5353 5155 5355
f 5156 5357 5157
f 5345 5357 5156
f 5157 5357 5358
f 5354 5157 5359
f 5359 5157 5358
f 5159 5360 5161
f 5159 5165 5360
f 5361 5161 5360
f 5162 5161 5361
f 5362 5162 5361
f 5162 5363 5164
f 5363 5162 5362
f 5334 5163 5164
f 5334 5164 5363
f 5175 5360 5165
f 5175 5165 5166
f 5167 5364 5173
f 5365 5364 5167
f 5168 5365 5167
f 5168 5366 5365
f 5367 5366 5168
f 5367 5168 5169
f 5368 5367 5169
f 5368 5169 5170
f 5172 5368 5170
f 5171 5369 5370
f 5171 5370 5172
f 5371 5369 5171
f 5371 5171 5197
f 5172 5370 5368
f 5173 5372 5174
f 5364 5372 5173
f 5174 5373 5175
f 5373 5174 5372
f 5175 5361 5360
f 5361 5175 5374
f 5374 5175 5373
f 5188 5176 5349
f 5375 5349 5176
f 5376 5375 5176
f 5376 5176 5177
f 5177 5179 5376
f 5377 5376 5179
f 5180 5377 5179
f 5180 5184 5377
f 5183 5181 5378
f 5378 5181 5257
f 5379 5184 5182
f 5182 5380 5379
f 5182 5183 5380
f 5183 5381 5380
f 5183 5378 5381
f 5379 5377 5184
f 5193 5185 5187
f 5382 5187 5344
f 5187 5382 5193
f 5349 5348 5188
f 5190 5383 5189
f 5189 5383 5194
f 5340 5190 5339
f 5190 5340 5383
f 5339 5190 5384
f 5385 5384 5190
f 5190 5191 5385
f 5191 5382 5385
f 5192 5382 5191
f 5193 5382 5192
f 5195 5194 5383
f 5383 5196 5195
f 5371 5197 5196
f 5383 5371 5196
f 5198 5352 5199
f 5200 5199 5386
f 5386 5199 5387
f 5352 5387 5199
f 5202 5200 5386
f 5202 5386 5201
f 5203 5201 5388
f 5388 5201 5386
f 5204 5203 5389
f 5389 5203 5388
f 5204 5389 5390
f 5205 5204 5390
f 5391 5207 5205
f 5391 5205 5390
f 5208 5206 5392
f 5392 5206 5207
f 5393 5207 5391
f 5392 5207 5393
f 5209 5208 5392
f 5213 5209 5394
f 5392 5395 5209
f 5209 5395 5394
f 5396 5210 5212
f 5216 5210 5396
f 5212 5211 5397
f 5211 5398 5397
f 5211 5399 5398
f 5211 5214 5399
f 5396 5212 5397
f 5213 5400 5215
f 5400 5213 5401
f 5394 5402 5213
f 5402 5401 5213
f 5214 5215 5403
f 5399 5214 5403
f 5403 5215 5400
f 5404 5220 5216
f 5216 5396 5405
f 5216 5405 5404
f 5217 5406 5218
f 5407 5406 5217
f 5217 5219 5408
f 5409 5217 5408
f 5409 5407 5217
f 5406 5221 5218
f 5408 5219 5220
f 5220 5410 5408
f 5411 5410 5220
f 5404 5412 5220
f 5412 5413 5220
f 5413 5411 5220
f 5221 5406 5407
f 5414 5221 5407
f 5415 5222 5221
f 5414 5416 5221
f 5415 5221 5416
f 5226 5222 5417
f 5417 5222 5415
f 5418 5223 5419
f 5223 5224 5419
f 5223 5420 5231
f 5223 5418 5420
f 5225 5419 5224
f 5419 5225 5227
f 5421 5226 5417
f 5421 5422 5226
f 5227 5226 5422
f 5422 5423 5227
f 5419 5227 5423
f 5424 5425 5228
f 5229 5228 5425
f 5228 5230 5426
f 5424 5228 5426
f 5232 5229 5425
f 5230 5231 5426
f 5426 5231 5427
f 5428 5427 5231
f 5429 5428 5231
f 5231 5420 5429
f 5430 5307 5232
f 5430 5232 5431
f 5431 5232 5425
f 5233 5432 5241
f 5234 5432 5233
f 5433 5234 5253
f 5434 5234 5433
f 5435 5436 5234
f 5234 5437 5435
f 5432 5234 5436
f 5438 5437 5234
f 5434 5438 5234
f 5242 5243 5235
f 5439 5239 5236
f 5440 5236 5240
f 5439 5236 5440
f 5441 5442 5237
f 5442 5244 5237
f 5238 5441 5237
f 5443 5441 5238
f 5239 5444 5238
f 5444 5443 5238
f 5445 5444 5239
f 5439 5445 5239
f 5446 5240 5241
f 5440 5240 5446
f 5432 5446 5241
f 5243 5447 5258
f 5448 5447 5243
f 5243 5449 5448
f 5244 5449 5243
f 5450 5451 5244
f 5244 5451 5449
f 5450 5244 5442
f 5452 5252 5245
f 5246 5452 5245
f 5247 5453 5246
f 5453 5454 5246
f 5452 5246 5455
f 5246 5456 5455
f 5457 5456 5246
f 5458 5457 5246
f 5454 5458 5246
f 5248 5453 5247
f 5454 5453 5248
f 5459 5454 5248
f 5251 5460 5248
f 5461 5248 5460
f 5461 5459 5248
f 5249 5460 5251
f 5260 5460 5249
f 5249 5250 5260
f 5252 5433 5254
f 5433 5252 5462
f 5452 5462 5252
f 5433 5253 5254
f 5447 5255 5258
f 5447 5448 5255
f 5255 5451 5256
f 5448 5449 5255
f 5451 5255 5449
f 5463 5257 5256
f 5256 5451 5464
f 5463 5256 5464
f 5463 5378 5257
f 5465 5460 5260
f 5466 5465 5260
f 5467 5466 5260
f 5467 5260 5262
f 5468 5262 5469
f 5262 5273 5470
f 5469 5262 5470
f 5262 5468 5467
f 5471 5472 5263
f 5264 5471 5263
f 5473 5272 5263
f 5472 5474 5263
f 5474 5473 5263
f 5265 5471 5264
f 5266 5471 5265
f 5475 5266 5267
f 5475 5471 5266
f 5271 5267 5268
f 5271 5475 5267
f 5476 5271 5270
f 5476 5270 5281
f 5271 5477 5475
f 5271 5476 5478
f 5479 5480 5271
f 5478 5479 5271
f 5480 5477 5271
f 5473 5273 5272
f 5470 5273 5473
f 5481 5279 5274
f 5482 5274 5275
f 5482 5481 5274
f 5483 5482 5275
f 5276 5483 5275
f 5297 5483 5276
f 5484 5485 5277
f 5279 5484 5277
f 5277 5485 5278
f 5278 5486 5282
f 5485 5486 5278
f 5487 5484 5279
f 5488 5487 5279
f 5481 5488 5279
f 5281 5280 5476
f 5283 5476 5280
f 5486 5284 5282
f 5489 5476 5283
f 5490 5489 5283
f 5486 5283 5284
f 5486 5490 5283
f 5286 5285 5491
f 5291 5491 5285
f 5491 5492 5286
f 5287 5286 5493
f 5493 5286 5492
f 5287 5493 5294
f 5330 5288 5313
f 5288 5494 5289
f 5330 5331 5288
f 5495 5288 5331
f 5495 5494 5288
f 5494 5290 5289
f 5290 5496 5292
f 5494 5496 5290
f 5292 5497 5291
f 5498 5499 5291
f 5291 5499 5491
f 5498 5291 5497
f 5496 5497 5292
f 5500 5296 5293
f 5295 5500 5293
f 5501 5295 5294
f 5294 5493 5501
f 5501 5502 5295
f 5500 5295 5503
f 5502 5503 5295
f 5504 5298 5296
f 5500 5504 5296
f 5505 5483 5297
f 5506 5505 5297
f 5506 5297 5299
f 5298 5504 5507
f 5507 5299 5298
f 5299 5508 5506
f 5507 5509 5299
f 5509 5508 5299
f 5510 5302 5300
f 5301 5511 5300
f 5510 5300 5511
f 5511 5301 5305
f 5303 5302 5510
f 5510 5315 5303
f 5304 5308 5309
f 5512 5304 5309
f 5512 5513 5304
f 5306 5304 5513
f 5305 5306 5514
f 5515 5305 5514
f 5305 5515 5511
f 5516 5306 5513
f 5516 5517 5306
f 5514 5306 5517
f 5310 5307 5518
f 5518 5307 5430
f 5309 5311 5512
f 5311 5310 5518
f 5518 5519 5311
f 5519 5512 5311
f 5313 5312 5330
f 5510 5520 5315
f 5520 5316 5315
f 5316 5520 5521
f 5521 5522 5316
f 5522 5317 5316
f 5522 5318 5317
f 5522 5523 5318
f 5319 5318 5523
f 5319 5523 5524
f 5320 5319 5524
f 5525 5320 5524
f 5525 5526 5320
f 5321 5320 5526
f 5321 5526 5323
f 5322 5326 5527
f 5528 5322 5527
f 5528 5327 5322
f 5323 5529 5324
f 5526 5530 5323
f 5530 5529 5323
f 5324 5529 5531
f 5532 5325 5324
f 5532 5324 5531
f 5326 5325 5533
f 5533 5325 5532
f 5527 5326 5534
f 5326 5533 5534
f 5327 5535 5329
f 5535 5327 5536
f 5528 5536 5327
f 5537 5331 5328
f 5329 5537 5328
f 5537 5329 5495
f 5329 5535 5538
f 5495 5329 5538
f 5495 5331 5537
f 5336 5332 5539
f 5333 5540 5332
f 5539 5332 5540
f 5366 5333 5334
f 5333 5366 5540
f 5366 5334 5541
f 5334 5363 5541
f 5337 5336 5539
f 5338 5337 5369
f 5337 5539 5542
f 5369 5337 5542
f 5338 5369 5371
f 5340 5338 5371
f 5384 5341 5339
f 5371 5383 5340
f 5343 5341 5384
f 5385 5343 5384
f 5385 5344 5343
f 5344 5385 5382
f 5543 5345 5347
f 5345 5543 5357
f 5347 5346 5544
f 5346 5349 5375
f 5346 5375 5544
f 5543 5347 5545
f 5545 5347 5544
f 5352 5350 5546
f 5546 5350 5351
f 5546 5351 5547
f 5547 5351 5353
f 5546 5548 5352
f 5387 5352 5548
f 5547 5353 5549
f 5549 5353 5355
f 5356 5354 5359
f 5355 5550 5549
f 5355 5551 5550
f 5355 5356 5551
f 5356 5359 5552
f 5553 5356 5552
f 5551 5356 5553
f 5543 5554 5357
f 5555 5358 5357
f 5554 5555 5357
f 5556 5359 5358
f 5556 5358 5555
f 5552 5359 5556
f 5362 5361 5374
f 5373 5362 5374
f 5362 5557 5363
f 5557 5362 5373
f 5541 5363 5557
f 5364 5541 5372
f 5364 5366 5541
f 5365 5366 5364
f 5366 5367 5540
f 5540 5367 5542
f 5370 5542 5367
f 5370 5367 5368
f 5369 5542 5370
f 5541 5557 5372
f 5372 5557 5373
f 5558 5544 5375
f 5558 5375 5376
f 5377 5558 5376
f 5377 5545 5558
f 5545 5377 5559
f 5379 5559 5377
f 5560 5381 5378
f 5378 5463 5560
f 5561 5559 5379
f 5561 5379 5380
f 5562 5561 5380
f 5563 5562 5380
f 5381 5563 5380
f 5564 5563 5381
f 5560 5564 5381
f 5387 5565 5386
f 5388 5386 5565
f 5387 5548 5566
f 5565 5387 5566
f 5388 5565 5567
f 5568 5388 5567
f 5389 5388 5390
f 5390 5388 5568
f 5569 5390 5568
f 5391 5390 5569
f 5570 5391 5569
f 5570 5393 5391
f 5393 5571 5392
f 5392 5571 5572
f 5395 5392 5572
f 5570 5571 5393
f 5573 5394 5395
f 5394 5573 5574
f 5394 5574 5575
f 5402 5394 5575
f 5395 5572 5573
f 5576 5396 5397
f 5577 5396 5576
f 5405 5396 5577
f 5576 5397 5398
f 5576 5398 5578
f 5398 5579 5578
f 5398 5399 5579
f 5399 5403 5579
f 5401 5580 5400
f 5400 5581 5403
f 5582 5400 5580
f 5583 5400 5582
f 5581 5400 5583
f 5401 5402 5584
f 5580 5401 5584
f 5402 5575 5584
f 5403 5581 5585
f 5579 5403 5585
f 5404 5405 5586
f 5586 5587 5404
f 5412 5404 5587
f 5586 5405 5577
f 5414 5407 5588
f 5407 5409 5588
f 5409 5408 5410
f 5589 5409 5410
f 5588 5409 5589
f 5589 5410 5411
f 5590 5589 5411
f 5590 5411 5591
f 5411 5413 5591
f 5592 5412 5587
f 5592 5413 5412
f 5591 5413 5592
f 5414 5593 5416
f 5414 5588 5593
f 5594 5415 5416
f 5595 5417 5415
f 5595 5415 5594
f 5416 5596 5594
f 5596 5416 5593
f 5421 5417 5597
f 5597 5417 5595
f 5598 5599 5418
f 5418 5599 5420
f 5418 5419 5598
f 5419 5423 5598
f 5429 5420 5599
f 5422 5421 5600
f 5597 5600 5421
f 5601 5602 5422
f 5423 5422 5602
f 5601 5422 5600
f 5603 5598 5423
f 5603 5423 5602
f 5425 5424 5604
f 5605 5424 5426
f 5606 5424 5605
f 5424 5607 5604
f 5607 5424 5606
f 5608 5425 5604
f 5608 5431 5425
f 5426 5427 5605
f 5605 5427 5428
f 5605 5428 5609
f 5429 5610 5428
f 5610 5609 5428
f 5429 5599 5611
f 5610 5429 5611
f 5612 5518 5430
f 5613 5430 5431
f 5612 5430 5613
f 5613 5431 5614
f 5614 5431 5608
f 5432 5436 5446
f 5462 5434 5433
f 5615 5438 5434
f 5434 5616 5615
f 5616 5434 5462
f 5436 5435 5617
f 5617 5435 5437
f 5436 5618 5619
f 5617 5618 5436
f 5436 5620 5446
f 5619 5620 5436
f 5437 5438 5615
f 5615 5617 5437
f 5621 5445 5439
f 5439 5622 5621
f 5440 5618 5439
f 5618 5622 5439
f 5620 5440 5446
f 5620 5618 5440
f 5623 5442 5441
f 5441 5443 5623
f 5623 5450 5442
f 5445 5443 5444
f 5443 5624 5623
f 5621 5625 5443
f 5625 5624 5443
f 5621 5443 5445
f 5464 5451 5450
f 5464 5450 5623
f 5452 5455 5462
f 5626 5454 5459
f 5627 5458 5454
f 5626 5627 5454
f 5615 5616 5455
f 5615 5455 5456
f 5462 5455 5616
f 5456 5628 5615
f 5457 5628 5456
f 5629 5628 5457
f 5629 5457 5458
f 5630 5629 5458
f 5631 5630 5458
f 5627 5631 5458
f 5459 5461 5465
f 5632 5626 5459
f 5459 5633 5632
f 5466 5633 5459
f 5466 5459 5465
f 5461 5460 5465
f 5634 5560 5463
f 5635 5463 5464
f 5463 5635 5634
f 5624 5464 5623
f 5636 5635 5464
f 5464 5624 5636
f 5637 5633 5466
f 5638 5466 5467
f 5638 5637 5466
f 5638 5467 5468
f 5639 5640 5468
f 5641 5468 5469
f 5641 5639 5468
f 5468 5640 5638
f 5642 5641 5469
f 5643 5469 5470
f 5643 5642 5469
f 5643 5470 5473
f 5475 5644 5471
f 5645 5472 5471
f 5645 5471 5644
f 5646 5474 5472
f 5644 5646 5472
f 5644 5472 5645
f 5646 5643 5473
f 5646 5473 5474
f 5475 5646 5644
f 5475 5647 5646
f 5648 5647 5475
f 5475 5477 5649
f 5649 5648 5475
f 5476 5650 5478
f 5651 5650 5476
f 5476 5489 5651
f 5480 5649 5477
f 5650 5479 5478
f 5652 5480 5479
f 5653 5652 5479
f 5653 5479 5650
f 5654 5649 5480
f 5652 5654 5480
f 5655 5488 5481
f 5656 5481 5482
f 5655 5481 5657
f 5658 5657 5481
f 5658 5481 5656
f 5656 5482 5483
f 5659 5483 5505
f 5659 5656 5483
f 5660 5661 5484
f 5487 5660 5484
f 5661 5485 5484
f 5662 5486 5485
f 5661 5662 5485
f 5662 5490 5486
f 5660 5487 5663
f 5488 5663 5487
f 5655 5663 5488
f 5651 5489 5490
f 5490 5664 5651
f 5661 5664 5490
f 5661 5490 5662
f 5491 5665 5492
f 5499 5665 5491
f 5666 5493 5492
f 5667 5492 5665
f 5492 5667 5666
f 5666 5501 5493
f 5668 5494 5495
f 5668 5496 5494
f 5538 5668 5495
f 5498 5497 5496
f 5669 5498 5496
f 5496 5668 5670
f 5496 5670 5669
f 5669 5671 5498
f 5672 5499 5498
f 5671 5672 5498
f 5665 5499 5673
f 5672 5673 5499
f 5500 5674 5504
f 5503 5674 5500
f 5675 5501 5666
f 5675 5502 5501
f 5502 5676 5503
f 5677 5502 5675
f 5677 5676 5502
f 5678 5679 5503
f 5679 5674 5503
f 5503 5676 5678
f 5674 5507 5504
f 5505 5680 5659
f 5506 5680 5505
f 5681 5680 5506
f 5508 5681 5506
f 5674 5509 5507
f 5682 5681 5508
f 5683 5508 5509
f 5683 5682 5508
f 5674 5683 5509
f 5511 5520 5510
f 5515 5520 5511
f 5519 5513 5512
f 5519 5516 5513
f 5514 5684 5515
f 5514 5517 5685
f 5684 5514 5685
f 5686 5515 5684
f 5686 5520 5515
f 5516 5519 5687
f 5517 5516 5687
f 5517 5687 5688
f 5688 5685 5517
f 5519 5518 5689
f 5518 5612 5689
f 5689 5687 5519
f 5521 5520 5686
f 5521 5686 5690
f 5521 5690 5691
f 5691 5522 5521
f 5522 5691 5692
f 5522 5692 5523
f 5693 5523 5692
f 5523 5693 5524
f 5693 5694 5524
f 5525 5524 5694
f 5694 5695 5525
f 5696 5525 5695
f 5696 5530 5525
f 5530 5526 5525
f 5697 5527 5534
f 5536 5528 5527
f 5697 5536 5527
f 5698 5531 5529
f 5530 5699 5529
f 5699 5698 5529
f 5696 5700 5530
f 5700 5699 5530
f 5701 5702 5531
f 5702 5532 5531
f 5701 5531 5698
f 5532 5702 5703
f 5703 5533 5532
f 5533 5704 5534
f 5533 5705 5704
f 5706 5533 5703
f 5533 5706 5705
f 5534 5704 5697
f 5538 5535 5707
f 5708 5707 5535
f 5708 5535 5709
f 5536 5709 5535
f 5709 5536 5697
f 5668 5538 5707
f 5542 5539 5540
f 5710 5543 5545
f 5554 5543 5710
f 5544 5558 5545
f 5559 5710 5545
f 5711 5548 5546
f 5547 5711 5546
f 5547 5549 5712
f 5711 5547 5712
f 5713 5566 5548
f 5713 5548 5711
f 5550 5712 5549
f 5551 5714 5550
f 5550 5715 5712
f 5715 5550 5716
f 5716 5550 5714
f 5551 5717 5714
f 5717 5551 5553
f 5553 5552 5718
f 5719 5552 5556
f 5552 5719 5718
f 5553 5718 5720
f 5717 5553 5721
f 5721 5553 5720
f 5710 5559 5554
f 5722 5554 5559
f 5554 5722 5555
f 5723 5556 5555
f 5723 5555 5722
f 5719 5556 5723
f 5561 5722 5559
f 5564 5560 5724
f 5725 5724 5560
f 5634 5725 5560
f 5562 5722 5561
f 5726 5722 5562
f 5562 5563 5726
f 5724 5726 5563
f 5724 5563 5564
f 5566 5567 5565
f 5566 5713 5727
f 5567 5566 5727
f 5728 5567 5727
f 5568 5567 5728
f 5568 5729 5569
f 5568 5728 5729
f 5730 5570 5569
f 5569 5729 5730
f 5731 5571 5570
f 5730 5731 5570
f 5571 5731 5572
f 5573 5572 5731
f 5732 5574 5573
f 5573 5731 5733
f 5732 5573 5733
f 5575 5574 5732
f 5575 5732 5584
f 5734 5577 5576
f 5578 5735 5576
f 5735 5734 5576
f 5586 5577 5734
f 5736 5735 5578
f 5578 5579 5737
f 5736 5578 5738
f 5578 5737 5738
f 5585 5739 5579
f 5740 5579 5739
f 5737 5579 5740
f 5741 5580 5584
f 5582 5580 5741
f 5585 5581 5583
f 5582 5741 5742
f 5583 5582 5742
f 5743 5583 5742
f 5585 5583 5743
f 5584 5732 5744
f 5741 5584 5744
f 5739 5585 5743
f 5745 5587 5586
f 5586 5734 5745
f 5746 5587 5745
f 5592 5587 5746
f 5747 5588 5589
f 5593 5588 5748
f 5748 5588 5747
f 5747 5589 5590
f 5749 5747 5590
f 5750 5590 5591
f 5749 5590 5750
f 5592 5751 5591
f 5750 5591 5751
f 5592 5746 5752
f 5751 5592 5752
f 5753 5596 5593
f 5753 5593 5748
f 5597 5595 5594
f 5597 5594 5754
f 5754 5594 5596
f 5754 5596 5753
f 5597 5754 5755
f 5600 5597 5756
f 5757 5756 5597
f 5757 5597 5755
f 5599 5598 5603
f 5603 5611 5599
f 5601 5600 5758
f 5756 5758 5600
f 5759 5602 5601
f 5760 5759 5601
f 5761 5601 5758
f 5760 5601 5761
f 5759 5603 5602
f 5611 5603 5759
f 5604 5762 5608
f 5763 5762 5604
f 5763 5604 5607
f 5605 5609 5606
f 5609 5607 5606
f 5609 5764 5607
f 5763 5607 5764
f 5765 5614 5608
f 5766 5608 5762
f 5765 5608 5766
f 5609 5610 5764
f 5610 5767 5764
f 5768 5610 5611
f 5767 5610 5768
f 5768 5611 5760
f 5759 5760 5611
f 5613 5689 5612
f 5614 5689 5613
f 5765 5769 5614
f 5769 5689 5614
f 5770 5617 5615
f 5770 5615 5628
f 5618 5617 5771
f 5772 5771 5617
f 5770 5773 5617
f 5774 5772 5617
f 5773 5774 5617
f 5619 5618 5620
f 5618 5771 5622
f 5775 5621 5622
f 5775 5625 5621
f 5771 5775 5622
f 5776 5636 5624
f 5624 5625 5776
f 5777 5776 5625
f 5775 5777 5625
f 5633 5627 5626
f 5633 5626 5632
f 5633 5631 5627
f 5778 5770 5628
f 5778 5628 5779
f 5780 5628 5629
f 5628 5780 5779
f 5779 5629 5630
f 5629 5779 5780
f 5630 5781 5779
f 5782 5781 5630
f 5631 5783 5630
f 5783 5782 5630
f 5631 5633 5784
f 5637 5631 5784
f 5785 5631 5637
f 5785 5783 5631
f 5784 5633 5637
f 5786 5725 5634
f 5787 5786 5634
f 5635 5787 5634
f 5636 5787 5635
f 5788 5636 5789
f 5788 5787 5636
f 5776 5789 5636
f 5640 5785 5637
f 5640 5637 5638
f 5639 5785 5640
f 5790 5785 5639
f 5791 5639 5792
f 5639 5641 5792
f 5791 5790 5639
f 5641 5793 5792
f 5794 5793 5641
f 5643 5641 5642
f 5794 5641 5643
f 5795 5794 5643
f 5643 5646 5647
f 5795 5643 5647
f 5648 5796 5647
f 5647 5797 5795
f 5798 5797 5647
f 5798 5647 5796
f 5798 5796 5648
f 5798 5648 5649
f 5654 5798 5649
f 5799 5653 5650
f 5800 5799 5650
f 5800 5650 5651
f 5801 5800 5651
f 5651 5664 5801
f 5653 5654 5652
f 5802 5654 5653
f 5799 5802 5653
f 5654 5803 5798
f 5803 5654 5802
f 5655 5804 5663
f 5805 5804 5655
f 5657 5805 5655
f 5659 5658 5656
f 5806 5807 5657
f 5807 5805 5657
f 5808 5806 5657
f 5658 5808 5657
f 5809 5808 5658
f 5659 5809 5658
f 5810 5811 5659
f 5659 5811 5809
f 5812 5810 5659
f 5680 5812 5659
f 5813 5660 5814
f 5660 5815 5814
f 5815 5660 5663
f 5813 5661 5660
f 5813 5664 5661
f 5815 5663 5816
f 5816 5663 5817
f 5804 5817 5663
f 5818 5801 5664
f 5819 5818 5664
f 5813 5819 5664
f 5665 5673 5667
f 5677 5675 5666
f 5677 5666 5667
f 5820 5667 5673
f 5820 5677 5667
f 5707 5670 5668
f 5821 5671 5669
f 5669 5670 5822
f 5669 5822 5821
f 5670 5707 5823
f 5822 5670 5823
f 5824 5672 5671
f 5824 5671 5825
f 5671 5821 5825
f 5826 5673 5672
f 5826 5672 5824
f 5673 5826 5820
f 5827 5674 5679
f 5827 5683 5674
f 5828 5676 5677
f 5829 5676 5828
f 5676 5830 5678
f 5829 5830 5676
f 5820 5831 5677
f 5677 5831 5828
f 5832 5679 5678
f 5833 5832 5678
f 5830 5833 5678
f 5827 5679 5832
f 5834 5812 5680
f 5835 5834 5680
f 5680 5681 5835
f 5682 5836 5681
f 5837 5835 5681
f 5681 5836 5837
f 5838 5682 5839
f 5838 5836 5682
f 5839 5682 5683
f 5827 5839 5683
f 5685 5840 5684
f 5841 5684 5840
f 5690 5686 5684
f 5841 5690 5684
f 5688 5842 5685
f 5685 5842 5840
f 5687 5689 5769
f 5688 5687 5842
f 5842 5687 5769
f 5843 5690 5841
f 5844 5690 5843
f 5690 5844 5691
f 5691 5844 5845
f 5691 5845 5846
f 5691 5846 5692
f 5692 5846 5693
f 5846 5847 5693
f 5847 5848 5693
f 5848 5694 5693
f 5848 5849 5694
f 5695 5694 5849
f 5849 5850 5695
f 5695 5850 5851
f 5696 5695 5851
f 5852 5696 5851
f 5700 5696 5852
f 5697 5853 5709
f 5854 5853 5697
f 5704 5854 5697
f 5698 5699 5855
f 5856 5698 5855
f 5698 5856 5857
f 5858 5701 5698
f 5858 5698 5857
f 5700 5859 5699
f 5699 5859 5860
f 5860 5855 5699
f 5700 5852 5861
f 5861 5862 5700
f 5859 5700 5862
f 5863 5701 5858
f 5702 5701 5863
f 5864 5702 5863
f 5703 5702 5864
f 5865 5703 5864
f 5706 5703 5865
f 5866 5704 5705
f 5854 5704 5866
f 5705 5706 5866
f 5865 5866 5706
f 5823 5707 5708
f 5708 5709 5853
f 5853 5822 5708
f 5823 5708 5822
f 5711 5867 5713
f 5868 5711 5712
f 5868 5867 5711
f 5868 5712 5715
f 5867 5727 5713
f 5716 5714 5717
f 5715 5869 5868
f 5716 5870 5715
f 5715 5870 5869
f 5871 5716 5717
f 5870 5716 5871
f 5871 5717 5872
f 5872 5717 5721
f 5720 5718 5719
f 5719 5723 5873
f 5720 5719 5873
f 5873 5874 5720
f 5720 5875 5721
f 5875 5720 5874
f 5875 5876 5721
f 5876 5872 5721
f 5726 5723 5722
f 5873 5723 5877
f 5723 5726 5877
f 5878 5726 5724
f 5878 5724 5725
f 5879 5878 5725
f 5725 5786 5880
f 5879 5725 5881
f 5881 5725 5880
f 5877 5726 5882
f 5878 5882 5726
f 5867 5883 5727
f 5884 5728 5727
f 5884 5727 5883
f 5729 5728 5885
f 5885 5728 5884
f 5886 5729 5885
f 5729 5886 5730
f 5887 5730 5886
f 5733 5731 5730
f 5730 5887 5733
f 5732 5733 5744
f 5888 5733 5887
f 5744 5733 5889
f 5888 5889 5733
f 5890 5745 5734
f 5891 5734 5735
f 5891 5890 5734
f 5735 5892 5891
f 5892 5735 5893
f 5894 5735 5736
f 5893 5735 5894
f 5894 5736 5895
f 5738 5895 5736
f 5737 5740 5896
f 5896 5738 5737
f 5895 5738 5896
f 5897 5739 5743
f 5740 5739 5897
f 5896 5740 5897
f 5744 5742 5741
f 5742 5898 5743
f 5898 5742 5744
f 5899 5743 5898
f 5743 5899 5897
f 5744 5889 5898
f 5900 5745 5890
f 5746 5745 5900
f 5752 5746 5901
f 5746 5900 5901
f 5748 5747 5749
f 5753 5748 5902
f 5902 5748 5903
f 5903 5748 5749
f 5749 5750 5904
f 5905 5749 5904
f 5903 5749 5905
f 5750 5751 5906
f 5750 5906 5907
f 5904 5750 5907
f 5908 5751 5752
f 5908 5906 5751
f 5909 5752 5901
f 5908 5752 5909
f 5910 5754 5753
f 5910 5753 5902
f 5755 5754 5910
f 5757 5755 5911
f 5755 5910 5911
f 5756 5757 5758
f 5912 5758 5757
f 5757 5911 5913
f 5912 5757 5913
f 5761 5758 5912
f 5760 5914 5768
f 5915 5914 5760
f 5915 5760 5761
f 5761 5912 5916
f 5915 5761 5917
f 5916 5917 5761
f 5918 5919 5762
f 5919 5766 5762
f 5918 5762 5763
f 5920 5918 5763
f 5763 5764 5920
f 5767 5921 5764
f 5921 5920 5764
f 5765 5766 5919
f 5769 5765 5919
f 5767 5922 5921
f 5923 5767 5768
f 5922 5767 5923
f 5768 5914 5923
f 5924 5842 5769
f 5769 5919 5925
f 5926 5769 5925
f 5924 5769 5926
f 5927 5773 5770
f 5778 5927 5770
f 5928 5775 5771
f 5929 5928 5771
f 5772 5929 5771
f 5772 5930 5929
f 5930 5772 5931
f 5932 5931 5772
f 5933 5772 5774
f 5933 5932 5772
f 5927 5774 5773
f 5927 5933 5774
f 5928 5777 5775
f 5789 5776 5934
f 5776 5777 5934
f 5930 5777 5928
f 5777 5930 5934
f 5935 5927 5778
f 5936 5778 5779
f 5936 5935 5778
f 5937 5936 5779
f 5781 5937 5779
f 5781 5938 5937
f 5939 5938 5781
f 5940 5939 5781
f 5940 5781 5782
f 5941 5942 5782
f 5782 5943 5940
f 5943 5782 5942
f 5941 5782 5783
f 5944 5783 5785
f 5783 5944 5941
f 5944 5785 5790
f 5786 5945 5880
f 5945 5786 5787
f 5787 5788 5945
f 5945 5788 5946
f 5947 5946 5788
f 5788 5948 5947
f 5948 5788 5789
f 5949 5789 5934
f 5949 5948 5789
f 5950 5944 5790
f 5791 5951 5790
f 5951 5950 5790
f 5952 5951 5791
f 5952 5791 5793
f 5793 5791 5792
f 5794 5952 5793
f 5953 5952 5794
f 5795 5953 5794
f 5797 5954 5795
f 5955 5795 5954
f 5795 5955 5953
f 5803 5797 5798
f 5956 5954 5797
f 5803 5802 5797
f 5956 5797 5802
f 5799 5957 5802
f 5958 5957 5799
f 5799 5800 5958
f 5801 5958 5800
f 5959 5801 5818
f 5960 5958 5801
f 5959 5960 5801
f 5956 5802 5961
f 5962 5802 5957
f 5962 5961 5802
f 5807 5804 5805
f 5807 5963 5804
f 5963 5817 5804
f 5964 5807 5806
f 5964 5806 5965
f 5808 5965 5806
f 5807 5966 5963
f 5964 5966 5807
f 5967 5808 5809
f 5967 5965 5808
f 5811 5967 5809
f 5811 5810 5968
f 5812 5968 5810
f 5967 5811 5969
f 5968 5969 5811
f 5812 5970 5968
f 5812 5971 5970
f 5834 5971 5812
f 5819 5813 5814
f 5815 5816 5814
f 5814 5959 5819
f 5814 5972 5959
f 5973 5972 5814
f 5816 5973 5814
f 5816 5974 5973
f 5817 5974 5816
f 5966 5975 5817
f 5975 5974 5817
f 5817 5963 5966
f 5959 5818 5819
f 5820 5826 5976
f 5831 5820 5976
f 5821 5822 5977
f 5821 5977 5978
f 5978 5825 5821
f 5853 5977 5822
f 5979 5824 5825
f 5826 5824 5979
f 5978 5980 5825
f 5981 5979 5825
f 5980 5981 5825
f 5979 5976 5826
f 5982 5839 5827
f 5832 5982 5827
f 5983 5828 5831
f 5829 5828 5983
f 5830 5829 5984
f 5985 5984 5829
f 5985 5829 5983
f 5984 5986 5830
f 5830 5986 5833
f 5983 5831 5987
f 5988 5831 5976
f 5987 5831 5988
f 5989 5982 5832
f 5989 5832 5833
f 5833 5986 5989
f 5990 5991 5834
f 5991 5971 5834
f 5835 5990 5834
f 5992 5990 5835
f 5993 5835 5837
f 5835 5993 5992
f 5994 5837 5836
f 5994 5836 5995
f 5995 5836 5838
f 5994 5996 5837
f 5996 5993 5837
f 5997 5995 5838
f 5839 5982 5838
f 5997 5838 5982
f 5840 5842 5998
f 5999 5840 5998
f 5840 5999 5841
f 6000 5841 5999
f 6001 5841 6000
f 5843 5841 6001
f 5842 5924 5998
f 5844 5843 6002
f 6001 6002 5843
f 6002 5845 5844
f 5845 6002 6003
f 6003 6004 5845
f 6004 6005 5845
f 5845 6006 5846
f 6006 5845 6005
f 5846 6006 5847
f 6006 6007 5847
f 5847 6007 6008
f 5849 5848 5847
f 6009 5847 6008
f 5849 5847 6009
f 6010 5849 6009
f 6010 6011 5849
f 5849 6011 6012
f 5849 6012 5850
f 6013 5850 6012
f 6013 5851 5850
f 6014 5851 6013
f 6014 5852 5851
f 5852 6014 5861
f 5977 5853 5854
f 5854 5978 5977
f 5866 5980 5854
f 5978 5854 5980
f 6015 5855 5860
f 5856 5855 6015
f 6015 6016 5856
f 5857 5856 6016
f 6017 5857 6016
f 6018 5858 5857
f 6019 6018 5857
f 6019 5857 6017
f 5863 5858 6020
f 6019 6020 5858
f 5858 6018 6019
f 5860 5859 5862
f 5862 6015 5860
f 5861 6014 6021
f 6021 6022 5861
f 6022 5862 5861
f 6023 5862 6022
f 5862 6023 6024
f 6024 6015 5862
f 6020 6025 5863
f 5864 5863 6025
f 5865 5864 6026
f 6025 6026 5864
f 6026 6027 5865
f 6027 5866 5865
f 5866 6027 5980
f 6028 5883 5867
f 5868 6028 5867
f 5868 5869 6028
f 5869 6029 6028
f 6029 5869 5870
f 5870 6030 6029
f 5870 6031 6030
f 6031 5870 5871
f 6032 6031 5871
f 5872 6032 5871
f 6032 5872 6033
f 5876 6033 5872
f 5882 5873 5877
f 6034 5873 5882
f 5874 5873 6034
f 6035 5874 6036
f 5875 5874 6035
f 6036 5874 6037
f 5874 6034 6038
f 5874 6038 6037
f 6039 5875 6035
f 6040 5875 6039
f 6041 5875 6040
f 6041 5876 5875
f 6042 5876 6041
f 6033 5876 6043
f 6044 5876 6042
f 6044 6043 5876
f 5879 5882 5878
f 5881 5882 5879
f 5946 5880 5945
f 5880 6038 5881
f 6045 6038 5880
f 6046 5880 5946
f 6046 6045 5880
f 6034 5882 5881
f 6034 5881 6038
f 5883 6028 6047
f 6048 5884 5883
f 5883 6047 6049
f 6048 5883 6049
f 5884 6048 5885
f 6048 5886 5885
f 5886 6050 5887
f 5886 6048 6051
f 6050 5886 6051
f 6050 5888 5887
f 5888 6052 6053
f 5888 6050 6054
f 6052 5888 6054
f 5888 6053 5889
f 6055 5898 5889
f 5889 6053 6055
f 5890 6056 6057
f 6056 5890 5891
f 5900 5890 6057
f 5891 6058 6056
f 5892 6058 5891
f 5893 6059 5892
f 6058 5892 6059
f 5894 5895 5893
f 6060 5893 5895
f 6059 5893 6060
f 5896 6061 5895
f 6060 5895 6061
f 5896 5897 6062
f 5896 6062 6063
f 6061 5896 6063
f 6062 5897 5899
f 6055 5899 5898
f 5899 6055 6064
f 6065 5899 6064
f 6062 5899 6065
f 5900 6066 5901
f 6067 5900 6057
f 6066 5900 6067
f 6068 5901 6066
f 5901 6068 5909
f 5910 5902 6069
f 6070 5902 5903
f 6069 5902 6070
f 6070 5903 6071
f 5903 5905 6071
f 5905 5904 6072
f 6072 5904 5907
f 6071 5905 6073
f 5905 6072 6074
f 6073 5905 6074
f 5906 5908 5907
f 5907 5908 6075
f 5907 6076 6072
f 6077 5907 6075
f 5907 6077 6076
f 5908 5909 6075
f 6068 6075 5909
f 6078 5910 6069
f 5911 5910 6078
f 6079 5911 6078
f 5913 5911 6079
f 5913 5916 5912
f 6080 5913 6079
f 5913 6080 6081
f 5916 5913 6081
f 5914 6082 5923
f 6082 5914 5915
f 6083 5915 5917
f 6082 5915 6083
f 6084 5917 5916
f 6084 5916 6081
f 6085 5917 6084
f 6083 5917 6085
f 5925 5919 5918
f 5926 5918 5920
f 5925 5918 5926
f 5920 5921 5926
f 6086 5926 5921
f 6087 6086 5921
f 6087 5921 5922
f 5922 6088 6087
f 6089 5922 5923
f 6089 6090 5922
f 5922 6090 6088
f 5923 6082 6089
f 5926 6086 5924
f 5924 6086 6091
f 5924 6092 5998
f 6092 5924 6093
f 6093 5924 6091
f 6094 5933 5927
f 5935 6094 5927
f 5930 5928 5929
f 5930 5931 5934
f 5931 6095 5934
f 5932 6095 5931
f 5932 6096 6095
f 6097 5932 5933
f 6097 6096 5932
f 6097 5933 6094
f 6095 5949 5934
f 6098 6094 5935
f 5936 6098 5935
f 5936 5937 5938
f 5936 5938 6098
f 5939 6098 5938
f 6099 5939 5940
f 5939 6099 6098
f 6099 5940 5943
f 6100 6101 5941
f 5941 6102 6100
f 5941 6101 5942
f 5941 5944 6103
f 6102 5941 6103
f 5943 5942 6099
f 6099 5942 6104
f 6101 6104 5942
f 5950 6103 5944
f 6046 5946 5947
f 6105 5947 5948
f 5947 6106 6046
f 5947 6105 6106
f 6107 6105 5948
f 6107 5948 5949
f 6108 5949 6095
f 6109 6107 5949
f 6108 6109 5949
f 6110 6103 5950
f 6111 6110 5950
f 6111 5950 5951
f 6111 5951 5952
f 5952 6112 6111
f 6112 5952 5953
f 5955 6112 5953
f 5955 5954 6113
f 6113 5954 6114
f 6115 5954 5956
f 6114 5954 6115
f 6113 6116 5955
f 5955 6117 6112
f 6118 6117 5955
f 5955 6116 6118
f 6119 6115 5956
f 6119 5956 5961
f 5957 5961 5962
f 6120 5957 5958
f 6120 5961 5957
f 6121 5958 5960
f 6121 6120 5958
f 5960 5959 5972
f 5973 5960 5972
f 6122 6121 5960
f 6122 5960 5973
f 6120 6119 5961
f 5965 5966 5964
f 6123 5966 5965
f 5967 6123 5965
f 5975 5966 6124
f 6123 6124 5966
f 5967 6125 6123
f 5969 6126 5967
f 6126 6125 5967
f 5970 5969 5968
f 5969 6127 6126
f 6128 5969 5970
f 6128 6127 5969
f 5970 6129 6128
f 6129 5970 5991
f 5991 5970 5971
f 5974 6122 5973
f 6130 6122 5974
f 5975 6130 5974
f 6131 6130 5975
f 6132 6131 5975
f 6124 6132 5975
f 5976 5979 5988
f 5979 6133 5988
f 5979 5981 6133
f 5981 5980 6134
f 6134 5980 6027
f 5981 6134 6135
f 6135 6133 5981
f 5997 5982 5989
f 6136 5985 5983
f 5983 5987 6136
f 6137 5986 5984
f 5984 5985 6137
f 5985 6138 6137
f 6139 5985 6136
f 6139 6140 5985
f 5985 6140 6138
f 6141 5989 5986
f 6142 6141 5986
f 6143 6142 5986
f 6137 6143 5986
f 6144 5987 5988
f 6144 6136 5987
f 5988 6133 6144
f 6145 5997 5989
f 6141 6146 5989
f 6146 6145 5989
f 6147 6129 5990
f 5991 5990 6129
f 5992 6147 5990
f 6148 6147 5992
f 6149 6148 5992
f 6149 5992 5993
f 5996 6149 5993
f 6150 5996 5994
f 5995 6151 5994
f 6152 6150 5994
f 5994 6151 6152
f 6153 5995 5997
f 6153 6151 5995
f 6154 6149 5996
f 6150 6154 5996
f 6145 6153 5997
f 5998 6092 5999
f 6000 5999 6155
f 5999 6092 6155
f 6000 6156 6157
f 6001 6000 6157
f 6000 6155 6158
f 6159 6000 6158
f 6000 6159 6156
f 6157 6160 6001
f 6160 6161 6001
f 6002 6001 6162
f 6162 6001 6161
f 6163 6002 6162
f 6003 6002 6163
f 6164 6004 6003
f 6165 6003 6163
f 6165 6164 6003
f 6166 6004 6164
f 6004 6166 6005
f 6166 6006 6005
f 6007 6006 6166
f 6167 6007 6166
f 6008 6007 6167
f 6168 6008 6167
f 6168 6009 6008
f 6010 6009 6168
f 6010 6168 6011
f 6169 6011 6168
f 6169 6170 6011
f 6170 6012 6011
f 6170 6013 6012
f 6170 6014 6013
f 6171 6014 6170
f 6021 6014 6171
f 6172 6016 6015
f 6024 6172 6015
f 6172 6017 6016
f 6173 6174 6017
f 6017 6174 6019
f 6173 6017 6172
f 6020 6019 6175
f 6176 6019 6174
f 6176 6175 6019
f 6020 6177 6025
f 6175 6177 6020
f 6171 6178 6021
f 6178 6022 6021
f 6023 6022 6178
f 6179 6023 6178
f 6179 6024 6023
f 6180 6024 6179
f 6180 6172 6024
f 6177 6181 6025
f 6026 6025 6181
f 6181 6027 6026
f 6181 6182 6027
f 6134 6027 6183
f 6183 6027 6182
f 6047 6028 6029
f 6049 6047 6029
f 6049 6029 6030
f 6184 6049 6030
f 6030 6185 6184
f 6030 6031 6186
f 6185 6030 6186
f 6187 6031 6032
f 6186 6031 6187
f 6188 6032 6033
f 6189 6032 6188
f 6187 6032 6189
f 6190 6033 6043
f 6188 6033 6190
f 6035 6036 6191
f 6039 6035 6191
f 6037 6191 6036
f 6037 6038 6045
f 6191 6037 6045
f 6040 6039 6191
f 6040 6192 6041
f 6192 6040 6191
f 6041 6192 6042
f 6044 6042 6192
f 6044 6193 6043
f 6190 6043 6194
f 6194 6043 6195
f 6043 6193 6195
f 6193 6044 6192
f 6045 6046 6191
f 6196 6191 6046
f 6106 6196 6046
f 6048 6049 6197
f 6198 6048 6197
f 6051 6048 6198
f 6197 6049 6184
f 6199 6050 6051
f 6199 6054 6050
f 6198 6199 6051
f 6053 6052 6200
f 6201 6052 6054
f 6052 6201 6200
f 6053 6200 6055
f 6202 6054 6199
f 6202 6203 6054
f 6054 6203 6201
f 6055 6200 6064
f 6057 6056 6204
f 6059 6056 6058
f 6204 6056 6059
f 6067 6057 6205
f 6205 6057 6204
f 6206 6059 6060
f 6059 6206 6207
f 6204 6059 6207
f 6206 6060 6061
f 6061 6208 6206
f 6208 6061 6063
f 6063 6062 6065
f 6065 6209 6063
f 6063 6209 6208
f 6210 6065 6064
f 6064 6200 6211
f 6211 6212 6064
f 6210 6064 6212
f 6213 6065 6210
f 6209 6065 6213
f 6066 6067 6214
f 6066 6214 6068
f 6214 6067 6205
f 6075 6068 6214
f 6069 6070 6215
f 6078 6069 6216
f 6215 6216 6069
f 6070 6071 6217
f 6215 6070 6217
f 6073 6217 6071
f 6072 6076 6074
f 6217 6073 6218
f 6218 6073 6074
f 6074 6076 6219
f 6218 6074 6220
f 6220 6074 6221
f 6074 6219 6221
f 6222 6077 6075
f 6214 6223 6075
f 6222 6075 6223
f 6076 6077 6219
f 6219 6077 6222
f 6224 6079 6078
f 6078 6216 6225
f 6224 6078 6225
f 6226 6079 6224
f 6226 6080 6079
f 6081 6080 6226
f 6227 6081 6226
f 6228 6084 6081
f 6228 6081 6227
f 6082 6229 6089
f 6229 6082 6230
f 6082 6083 6230
f 6231 6083 6085
f 6230 6083 6231
f 6232 6084 6228
f 6233 6085 6084
f 6084 6232 6233
f 6234 6231 6085
f 6235 6234 6085
f 6235 6085 6236
f 6236 6085 6233
f 6237 6086 6087
f 6091 6086 6237
f 6237 6087 6238
f 6087 6239 6238
f 6239 6087 6088
f 6090 6240 6088
f 6241 6239 6088
f 6088 6240 6241
f 6242 6090 6089
f 6242 6089 6229
f 6240 6090 6243
f 6242 6244 6090
f 6243 6090 6244
f 6238 6091 6237
f 6091 6238 6239
f 6091 6239 6245
f 6091 6246 6093
f 6246 6091 6245
f 6093 6247 6092
f 6155 6092 6247
f 6093 6248 6247
f 6246 6248 6093
f 6249 6097 6094
f 6250 6249 6094
f 6098 6250 6094
f 6249 6095 6096
f 6108 6095 6249
f 6249 6096 6097
f 6098 6108 6250
f 6251 6108 6098
f 6252 6251 6098
f 6252 6098 6099
f 6104 6252 6099
f 6253 6104 6100
f 6253 6100 6102
f 6101 6100 6104
f 6254 6253 6102
f 6254 6102 6103
f 6255 6254 6103
f 6256 6255 6103
f 6257 6256 6103
f 6103 6110 6257
f 6104 6253 6258
f 6104 6258 6259
f 6104 6260 6252
f 6260 6104 6259
f 6105 6107 6261
f 6262 6106 6105
f 6261 6262 6105
f 6196 6106 6263
f 6262 6263 6106
f 6107 6109 6251
f 6264 6261 6107
f 6251 6264 6107
f 6250 6108 6249
f 6251 6109 6108
f 6111 6257 6110
f 6265 6266 6111
f 6111 6266 6257
f 6267 6265 6111
f 6267 6111 6112
f 6117 6267 6112
f 6113 6268 6116
f 6269 6113 6114
f 6269 6268 6113
f 6270 6114 6115
f 6271 6114 6270
f 6271 6269 6114
f 6270 6115 6272
f 6272 6115 6119
f 6268 6118 6116
f 6273 6265 6117
f 6117 6265 6267
f 6273 6117 6274
f 6118 6275 6117
f 6274 6117 6275
f 6276 6275 6118
f 6276 6118 6268
f 6119 6120 6272
f 6277 6120 6121
f 6278 6120 6277
f 6272 6120 6279
f 6278 6279 6120
f 6122 6277 6121
f 6122 6280 6277
f 6281 6280 6122
f 6130 6281 6122
f 6123 6282 6124
f 6282 6123 6125
f 6282 6132 6124
f 6125 6283 6282
f 6284 6283 6125
f 6125 6126 6284
f 6127 6284 6126
f 6285 6284 6127
f 6127 6286 6285
f 6286 6127 6287
f 6129 6127 6128
f 6288 6287 6127
f 6289 6127 6129
f 6127 6289 6288
f 6147 6289 6129
f 6131 6281 6130
f 6283 6131 6132
f 6290 6281 6131
f 6291 6290 6131
f 6292 6291 6131
f 6293 6292 6131
f 6294 6131 6283
f 6294 6293 6131
f 6282 6283 6132
f 6295 6133 6135
f 6133 6295 6296
f 6296 6144 6133
f 6183 6135 6134
f 6135 6183 6295
f 6136 6144 6139
f 6137 6297 6298
f 6137 6298 6299
f 6138 6297 6137
f 6299 6143 6137
f 6140 6297 6138
f 6300 6140 6139
f 6300 6139 6144
f 6140 6300 6297
f 6301 6146 6141
f 6141 6142 6301
f 6302 6142 6143
f 6142 6303 6301
f 6303 6142 6302
f 6299 6302 6143
f 6304 6144 6296
f 6144 6304 6300
f 6145 6305 6153
f 6305 6145 6146
f 6306 6305 6146
f 6146 6301 6306
f 6289 6147 6307
f 6308 6307 6147
f 6147 6148 6308
f 6149 6309 6148
f 6309 6308 6148
f 6154 6309 6149
f 6150 6310 6154
f 6152 6310 6150
f 6311 6151 6153
f 6151 6312 6152
f 6313 6312 6151
f 6311 6313 6151
f 6152 6314 6310
f 6152 6312 6314
f 6315 6311 6153
f 6316 6315 6153
f 6305 6316 6153
f 6310 6309 6154
f 6155 6247 6158
f 6158 6156 6159
f 6317 6157 6156
f 6158 6317 6156
f 6317 6160 6157
f 6247 6318 6158
f 6317 6158 6318
f 6160 6317 6319
f 6320 6160 6319
f 6161 6160 6320
f 6321 6165 6161
f 6161 6320 6322
f 6321 6161 6322
f 6165 6162 6161
f 6163 6162 6165
f 6164 6165 6323
f 6324 6164 6323
f 6325 6166 6164
f 6325 6164 6324
f 6323 6165 6321
f 6166 6325 6167
f 6325 6326 6167
f 6326 6168 6167
f 6326 6169 6168
f 6326 6327 6169
f 6169 6327 6328
f 6170 6169 6171
f 6328 6171 6169
f 6329 6171 6328
f 6329 6178 6171
f 6330 6172 6180
f 6331 6172 6330
f 6331 6173 6172
f 6176 6174 6173
f 6332 6176 6173
f 6332 6173 6331
f 6333 6177 6175
f 6176 6334 6175
f 6333 6175 6334
f 6332 6334 6176
f 6177 6333 6335
f 6335 6181 6177
f 6329 6336 6178
f 6337 6178 6336
f 6337 6179 6178
f 6338 6339 6179
f 6337 6338 6179
f 6330 6180 6179
f 6339 6330 6179
f 6182 6181 6335
f 6335 6340 6182
f 6340 6341 6182
f 6341 6183 6182
f 6295 6183 6342
f 6342 6183 6341
f 6343 6184 6185
f 6197 6184 6343
f 6185 6344 6343
f 6185 6186 6345
f 6344 6185 6345
f 6345 6186 6187
f 6187 6346 6345
f 6346 6187 6189
f 6188 6190 6194
f 6347 6189 6188
f 6347 6188 6194
f 6189 6347 6348
f 6346 6189 6348
f 6192 6191 6196
f 6192 6349 6193
f 6263 6349 6192
f 6192 6196 6263
f 6193 6349 6350
f 6195 6193 6350
f 6194 6348 6347
f 6348 6194 6351
f 6194 6195 6351
f 6351 6195 6350
f 6197 6352 6198
f 6352 6197 6353
f 6343 6344 6197
f 6353 6197 6344
f 6198 6352 6199
f 6199 6352 6354
f 6354 6355 6199
f 6355 6356 6199
f 6199 6356 6202
f 6211 6200 6201
f 6201 6357 6211
f 6203 6358 6201
f 6357 6201 6358
f 6203 6202 6356
f 6203 6359 6358
f 6203 6356 6360
f 6360 6359 6203
f 6204 6361 6205
f 6207 6362 6204
f 6362 6361 6204
f 6363 6214 6205
f 6363 6205 6361
f 6364 6206 6208
f 6365 6207 6206
f 6206 6364 6365
f 6362 6207 6365
f 6208 6209 6366
f 6366 6364 6208
f 6367 6209 6213
f 6366 6209 6367
f 6213 6210 6368
f 6368 6210 6212
f 6211 6357 6369
f 6369 6212 6211
f 6370 6368 6212
f 6212 6369 6371
f 6370 6212 6371
f 6213 6372 6367
f 6368 6373 6213
f 6372 6213 6373
f 6374 6214 6363
f 6223 6214 6374
f 6216 6215 6217
f 6217 6225 6216
f 6225 6217 6218
f 6375 6225 6218
f 6375 6218 6220
f 6376 6219 6222
f 6221 6219 6376
f 6377 6375 6220
f 6221 6378 6220
f 6377 6220 6378
f 6378 6221 6379
f 6379 6221 6376
f 6222 6223 6380
f 6381 6222 6380
f 6376 6222 6381
f 6223 6374 6380
f 6224 6225 6382
f 6382 6226 6224
f 6225 6375 6382
f 6382 6227 6226
f 6227 6382 6375
f 6383 6227 6375
f 6228 6227 6384
f 6384 6227 6383
f 6384 6232 6228
f 6230 6385 6229
f 6386 6242 6229
f 6385 6387 6229
f 6387 6386 6229
f 6385 6230 6387
f 6387 6230 6388
f 6389 6388 6230
f 6389 6230 6231
f 6390 6389 6231
f 6391 6231 6392
f 6234 6392 6231
f 6390 6231 6391
f 6233 6232 6393
f 6393 6232 6384
f 6393 6236 6233
f 6392 6234 6394
f 6235 6394 6234
f 6395 6235 6236
f 6394 6235 6396
f 6396 6235 6395
f 6395 6236 6393
f 6245 6239 6241
f 6240 6397 6241
f 6397 6240 6243
f 6245 6241 6397
f 6398 6244 6242
f 6398 6242 6386
f 6397 6243 6399
f 6244 6400 6243
f 6401 6399 6243
f 6402 6401 6243
f 6402 6243 6400
f 6400 6244 6398
f 6397 6403 6245
f 6246 6245 6404
f 6245 6405 6404
f 6403 6405 6245
f 6246 6404 6406
f 6246 6406 6407
f 6248 6246 6407
f 6408 6247 6409
f 6409 6247 6248
f 6410 6318 6247
f 6410 6247 6408
f 6409 6248 6407
f 6264 6251 6260
f 6252 6260 6251
f 6253 6411 6258
f 6255 6253 6254
f 6255 6411 6253
f 6255 6256 6411
f 6411 6256 6412
f 6256 6413 6412
f 6413 6256 6257
f 6257 6266 6413
f 6414 6259 6258
f 6411 6414 6258
f 6259 6415 6260
f 6416 6415 6259
f 6414 6416 6259
f 6415 6417 6260
f 6264 6260 6417
f 6262 6261 6418
f 6417 6418 6261
f 6264 6417 6261
f 6418 6263 6262
f 6263 6418 6349
f 6265 6419 6266
f 6273 6419 6265
f 6266 6420 6413
f 6419 6420 6266
f 6268 6269 6421
f 6421 6276 6268
f 6422 6421 6269
f 6422 6269 6271
f 6270 6422 6271
f 6270 6423 6422
f 6424 6270 6272
f 6270 6424 6423
f 6425 6424 6272
f 6279 6425 6272
f 6426 6419 6273
f 6427 6273 6274
f 6427 6426 6273
f 6428 6274 6275
f 6274 6428 6429
f 6429 6427 6274
f 6430 6275 6276
f 6430 6431 6275
f 6275 6431 6432
f 6432 6428 6275
f 6421 6422 6276
f 6433 6276 6422
f 6434 6276 6433
f 6276 6434 6430
f 6280 6278 6277
f 6435 6279 6278
f 6435 6278 6280
f 6436 6425 6279
f 6435 6436 6279
f 6437 6435 6280
f 6281 6437 6280
f 6438 6437 6281
f 6290 6439 6281
f 6439 6438 6281
f 6283 6440 6294
f 6285 6440 6283
f 6284 6285 6283
f 6440 6285 6286
f 6440 6286 6441
f 6287 6441 6286
f 6287 6442 6441
f 6442 6287 6443
f 6288 6443 6287
f 6307 6288 6289
f 6444 6443 6288
f 6307 6444 6288
f 6439 6290 6291
f 6291 6445 6439
f 6446 6445 6291
f 6291 6292 6446
f 6446 6292 6293
f 6447 6446 6293
f 6440 6293 6294
f 6440 6447 6293
f 6342 6296 6295
f 6304 6296 6448
f 6296 6342 6448
f 6297 6300 6298
f 6449 6298 6300
f 6298 6449 6450
f 6450 6299 6298
f 6451 6452 6299
f 6303 6299 6453
f 6453 6299 6452
f 6454 6299 6450
f 6451 6299 6454
f 6302 6299 6303
f 6300 6455 6449
f 6455 6300 6304
f 6456 6457 6301
f 6457 6306 6301
f 6453 6456 6301
f 6303 6453 6301
f 6458 6304 6448
f 6459 6304 6458
f 6455 6304 6460
f 6304 6459 6461
f 6304 6461 6460
f 6462 6316 6305
f 6305 6306 6462
f 6452 6306 6457
f 6463 6462 6306
f 6452 6463 6306
f 6308 6444 6307
f 6464 6308 6309
f 6465 6444 6308
f 6466 6465 6308
f 6308 6464 6466
f 6310 6467 6309
f 6467 6464 6309
f 6314 6468 6310
f 6468 6467 6310
f 6469 6313 6311
f 6315 6469 6311
f 6314 6312 6470
f 6470 6312 6313
f 6471 6470 6313
f 6469 6471 6313
f 6314 6470 6468
f 6472 6469 6315
f 6473 6472 6315
f 6462 6315 6316
f 6462 6473 6315
f 6317 6318 6474
f 6474 6319 6317
f 6474 6318 6410
f 6320 6319 6474
f 6320 6474 6322
f 6322 6475 6321
f 6321 6475 6476
f 6476 6323 6321
f 6477 6478 6322
f 6475 6322 6478
f 6322 6474 6479
f 6322 6479 6477
f 6480 6323 6476
f 6480 6324 6323
f 6481 6325 6324
f 6482 6324 6480
f 6483 6481 6324
f 6483 6324 6482
f 6326 6325 6481
f 6326 6481 6484
f 6484 6327 6326
f 6485 6328 6327
f 6484 6485 6327
f 6486 6328 6485
f 6329 6328 6486
f 6487 6336 6329
f 6487 6329 6486
f 6331 6330 6339
f 6331 6488 6489
f 6488 6331 6339
f 6331 6489 6332
f 6332 6490 6334
f 6491 6490 6332
f 6332 6489 6491
f 6492 6333 6493
f 6333 6334 6493
f 6333 6492 6335
f 6490 6493 6334
f 6335 6492 6494
f 6335 6494 6495
f 6340 6335 6495
f 6336 6496 6337
f 6336 6497 6496
f 6497 6336 6487
f 6496 6498 6337
f 6338 6337 6498
f 6338 6499 6339
f 6499 6338 6498
f 6488 6339 6499
f 6458 6341 6340
f 6500 6340 6501
f 6495 6501 6340
f 6458 6340 6500
f 6448 6341 6458
f 6342 6341 6448
f 6344 6502 6353
f 6344 6503 6502
f 6344 6345 6503
f 6345 6504 6503
f 6504 6345 6346
f 6505 6504 6346
f 6348 6505 6346
f 6505 6348 6506
f 6351 6507 6348
f 6507 6506 6348
f 6350 6349 6418
f 6508 6351 6350
f 6418 6509 6350
f 6510 6350 6509
f 6350 6510 6508
f 6508 6507 6351
f 6354 6352 6511
f 6353 6511 6352
f 6511 6353 6502
f 6354 6511 6512
f 6512 6513 6354
f 6354 6513 6355
f 6355 6513 6514
f 6355 6514 6515
f 6356 6355 6515
f 6360 6356 6515
f 6357 6358 6516
f 6516 6369 6357
f 6358 6359 6517
f 6358 6517 6516
f 6359 6360 6518
f 6518 6519 6359
f 6359 6519 6517
f 6515 6518 6360
f 6520 6361 6362
f 6363 6361 6520
f 6521 6362 6365
f 6520 6362 6521
f 6363 6520 6374
f 6522 6365 6364
f 6522 6364 6523
f 6524 6364 6366
f 6523 6364 6524
f 6525 6521 6365
f 6525 6365 6522
f 6526 6527 6366
f 6367 6526 6366
f 6524 6366 6527
f 6528 6367 6372
f 6526 6367 6528
f 6368 6370 6373
f 6516 6529 6369
f 6529 6371 6369
f 6371 6530 6370
f 6370 6530 6373
f 6529 6531 6371
f 6530 6371 6532
f 6532 6371 6531
f 6528 6372 6373
f 6528 6373 6530
f 6520 6533 6374
f 6374 6533 6380
f 6383 6375 6377
f 6379 6376 6534
f 6376 6381 6534
f 6535 6383 6377
f 6378 6536 6377
f 6377 6536 6535
f 6379 6537 6378
f 6536 6378 6538
f 6537 6538 6378
f 6379 6539 6540
f 6541 6379 6540
f 6537 6379 6541
f 6539 6379 6534
f 6381 6380 6542
f 6380 6533 6542
f 6381 6543 6534
f 6381 6542 6543
f 6544 6383 6535
f 6544 6384 6383
f 6545 6384 6546
f 6546 6384 6544
f 6545 6393 6384
f 6400 6398 6386
f 6547 6386 6548
f 6386 6547 6400
f 6386 6387 6548
f 6387 6388 6390
f 6548 6387 6390
f 6390 6388 6389
f 6548 6390 6549
f 6391 6549 6390
f 6549 6391 6392
f 6550 6549 6392
f 6550 6392 6551
f 6392 6394 6552
f 6551 6392 6552
f 6553 6395 6393
f 6553 6393 6554
f 6554 6393 6555
f 6555 6393 6545
f 6552 6394 6396
f 6396 6395 6552
f 6553 6552 6395
f 6403 6397 6399
f 6401 6403 6399
f 6400 6556 6402
f 6556 6400 6547
f 6557 6406 6401
f 6401 6402 6557
f 6405 6403 6401
f 6401 6406 6405
f 6558 6557 6402
f 6402 6556 6559
f 6402 6559 6558
f 6404 6405 6406
f 6560 6406 6557
f 6560 6407 6406
f 6561 6407 6562
f 6560 6562 6407
f 6407 6561 6409
f 6409 6410 6408
f 6563 6410 6409
f 6563 6409 6561
f 6563 6477 6410
f 6477 6479 6410
f 6479 6474 6410
f 6412 6414 6411
f 6564 6414 6412
f 6413 6564 6412
f 6413 6420 6564
f 6414 6565 6416
f 6566 6565 6414
f 6567 6566 6414
f 6564 6567 6414
f 6509 6415 6568
f 6417 6415 6509
f 6565 6415 6416
f 6565 6568 6415
f 6509 6418 6417
f 6419 6569 6420
f 6570 6569 6419
f 6426 6570 6419
f 6571 6564 6420
f 6569 6571 6420
f 6433 6422 6423
f 6572 6433 6423
f 6423 6424 6572
f 6436 6572 6424
f 6436 6424 6425
f 6573 6570 6426
f 6574 6573 6426
f 6426 6427 6575
f 6574 6426 6575
f 6575 6427 6429
f 6576 6428 6432
f 6576 6429 6428
f 6576 6575 6429
f 6431 6430 6434
f 6577 6431 6434
f 6432 6431 6576
f 6577 6576 6431
f 6433 6572 6578
f 6578 6434 6433
f 6434 6578 6577
f 6435 6579 6436
f 6437 6579 6435
f 6436 6580 6572
f 6579 6580 6436
f 6438 6579 6437
f 6438 6581 6579
f 6439 6581 6438
f 6582 6581 6439
f 6439 6445 6582
f 6440 6583 6447
f 6583 6440 6441
f 6441 6584 6446
f 6446 6583 6441
f 6585 6441 6586
f 6441 6585 6584
f 6442 6586 6441
f 6587 6586 6442
f 6442 6443 6587
f 6587 6443 6588
f 6465 6588 6443
f 6465 6443 6444
f 6446 6582 6445
f 6446 6584 6582
f 6583 6446 6447
f 6450 6449 6454
f 6449 6589 6454
f 6589 6449 6455
f 6590 6452 6451
f 6454 6591 6451
f 6592 6590 6451
f 6451 6591 6592
f 6590 6463 6452
f 6456 6453 6452
f 6457 6456 6452
f 6454 6593 6591
f 6454 6589 6593
f 6455 6460 6589
f 6500 6459 6458
f 6459 6500 6501
f 6594 6459 6501
f 6594 6461 6459
f 6460 6461 6589
f 6595 6461 6594
f 6461 6595 6589
f 6463 6473 6462
f 6463 6596 6473
f 6597 6596 6463
f 6590 6597 6463
f 6468 6464 6467
f 6466 6464 6598
f 6598 6464 6468
f 6466 6588 6465
f 6598 6599 6466
f 6466 6600 6588
f 6599 6600 6466
f 6601 6468 6470
f 6602 6468 6601
f 6602 6598 6468
f 6603 6471 6469
f 6472 6604 6469
f 6605 6603 6469
f 6604 6605 6469
f 6470 6471 6606
f 6606 6601 6470
f 6607 6606 6471
f 6603 6607 6471
f 6473 6608 6472
f 6608 6604 6472
f 6596 6608 6473
f 6609 6475 6478
f 6609 6610 6475
f 6476 6475 6610
f 6480 6476 6610
f 6477 6563 6478
f 6561 6611 6478
f 6478 6563 6561
f 6612 6478 6611
f 6609 6478 6612
f 6613 6480 6610
f 6614 6480 6613
f 6615 6480 6614
f 6482 6480 6615
f 6483 6484 6481
f 6616 6617 6482
f 6616 6482 6615
f 6483 6482 6617
f 6617 6618 6483
f 6618 6484 6483
f 6619 6485 6484
f 6484 6618 6619
f 6619 6620 6485
f 6620 6486 6485
f 6486 6620 6621
f 6622 6487 6486
f 6621 6622 6486
f 6623 6487 6622
f 6497 6487 6623
f 6499 6624 6488
f 6489 6488 6625
f 6626 6488 6624
f 6488 6626 6625
f 6627 6628 6489
f 6625 6627 6489
f 6489 6628 6491
f 6490 6629 6493
f 6629 6490 6630
f 6630 6490 6491
f 6628 6630 6491
f 6493 6629 6492
f 6494 6492 6629
f 6631 6494 6629
f 6495 6494 6632
f 6494 6631 6632
f 6495 6632 6633
f 6634 6635 6495
f 6634 6495 6633
f 6595 6501 6495
f 6595 6495 6635
f 6499 6498 6496
f 6499 6496 6624
f 6496 6497 6624
f 6624 6497 6636
f 6497 6623 6636
f 6595 6594 6501
f 6511 6502 6503
f 6512 6511 6503
f 6637 6503 6504
f 6512 6503 6638
f 6503 6637 6638
f 6637 6504 6639
f 6639 6504 6505
f 6505 6506 6639
f 6639 6506 6640
f 6506 6641 6642
f 6642 6643 6506
f 6506 6643 6640
f 6507 6641 6506
f 6508 6644 6507
f 6645 6507 6644
f 6641 6507 6645
f 6508 6510 6644
f 6510 6509 6568
f 6510 6568 6644
f 6512 6646 6513
f 6638 6647 6512
f 6646 6512 6647
f 6514 6513 6646
f 6514 6646 6647
f 6648 6514 6647
f 6515 6514 6648
f 6518 6515 6649
f 6650 6515 6648
f 6649 6515 6651
f 6651 6515 6650
f 6529 6516 6517
f 6652 6529 6517
f 6517 6519 6652
f 6519 6518 6653
f 6649 6654 6518
f 6653 6518 6654
f 6519 6655 6652
f 6655 6519 6656
f 6519 6653 6657
f 6656 6519 6657
f 6533 6520 6658
f 6520 6521 6525
f 6520 6525 6658
f 6659 6525 6522
f 6659 6522 6523
f 6523 6660 6659
f 6660 6523 6524
f 6660 6524 6527
f 6658 6525 6659
f 6661 6526 6528
f 6662 6527 6526
f 6662 6526 6661
f 6663 6527 6664
f 6527 6662 6664
f 6663 6660 6527
f 6528 6665 6661
f 6666 6528 6530
f 6667 6528 6666
f 6665 6528 6667
f 6531 6529 6652
f 6666 6530 6532
f 6668 6531 6669
f 6531 6652 6669
f 6531 6670 6532
f 6670 6531 6668
f 6670 6671 6532
f 6672 6666 6532
f 6673 6672 6532
f 6671 6673 6532
f 6542 6533 6658
f 6534 6674 6539
f 6534 6543 6674
f 6546 6544 6535
f 6546 6535 6675
f 6535 6536 6676
f 6676 6677 6535
f 6675 6535 6677
f 6678 6536 6538
f 6536 6678 6676
f 6679 6538 6537
f 6679 6537 6680
f 6537 6541 6680
f 6678 6538 6679
f 6539 6674 6681
f 6682 6539 6681
f 6540 6539 6682
f 6541 6540 6683
f 6683 6540 6682
f 6541 6684 6680
f 6684 6541 6683
f 6542 6658 6685
f 6543 6542 6685
f 6543 6685 6686
f 6686 6674 6543
f 6555 6545 6687
f 6687 6545 6688
f 6689 6545 6546
f 6688 6545 6689
f 6690 6689 6546
f 6690 6546 6691
f 6691 6546 6692
f 6692 6546 6675
f 6547 6548 6549
f 6547 6549 6550
f 6556 6547 6693
f 6550 6693 6547
f 6550 6551 6694
f 6695 6693 6550
f 6695 6550 6696
f 6696 6550 6694
f 6697 6551 6552
f 6697 6694 6551
f 6552 6553 6698
f 6697 6552 6699
f 6699 6552 6698
f 6698 6553 6554
f 6554 6555 6700
f 6698 6554 6700
f 6700 6555 6687
f 6556 6701 6559
f 6701 6556 6693
f 6702 6560 6557
f 6703 6702 6557
f 6557 6704 6703
f 6558 6704 6557
f 6704 6558 6705
f 6558 6706 6705
f 6706 6558 6559
f 6706 6559 6707
f 6708 6559 6701
f 6707 6559 6708
f 6562 6560 6611
f 6709 6611 6560
f 6709 6560 6702
f 6611 6561 6562
f 6564 6571 6567
f 6710 6568 6565
f 6565 6566 6710
f 6571 6566 6567
f 6711 6710 6566
f 6566 6712 6711
f 6712 6566 6571
f 6645 6644 6568
f 6711 6645 6568
f 6710 6711 6568
f 6713 6714 6569
f 6569 6714 6571
f 6713 6569 6715
f 6569 6570 6715
f 6573 6715 6570
f 6714 6712 6571
f 6716 6578 6572
f 6572 6580 6716
f 6717 6715 6573
f 6718 6573 6719
f 6573 6718 6717
f 6719 6573 6574
f 6720 6574 6575
f 6720 6719 6574
f 6720 6575 6576
f 6576 6721 6722
f 6721 6576 6577
f 6722 6720 6576
f 6723 6721 6577
f 6724 6723 6577
f 6725 6577 6578
f 6725 6724 6577
f 6725 6578 6716
f 6726 6580 6579
f 6727 6726 6579
f 6581 6727 6579
f 6726 6716 6580
f 6581 6726 6727
f 6582 6726 6581
f 6582 6728 6726
f 6729 6728 6582
f 6730 6729 6582
f 6731 6730 6582
f 6731 6582 6584
f 6731 6584 6585
f 6585 6732 6730
f 6585 6730 6731
f 6585 6586 6732
f 6586 6733 6732
f 6587 6733 6586
f 6587 6734 6733
f 6735 6734 6587
f 6736 6735 6587
f 6588 6736 6587
f 6588 6737 6736
f 6600 6737 6588
f 6589 6595 6738
f 6738 6593 6589
f 6739 6740 6590
f 6590 6592 6739
f 6740 6597 6590
f 6591 6593 6741
f 6742 6591 6741
f 6592 6591 6742
f 6592 6743 6739
f 6744 6592 6742
f 6744 6745 6592
f 6745 6743 6592
f 6738 6741 6593
f 6746 6747 6595
f 6746 6595 6635
f 6748 6738 6595
f 6748 6595 6747
f 6597 6749 6596
f 6749 6608 6596
f 6597 6740 6750
f 6750 6749 6597
f 6751 6598 6602
f 6751 6599 6598
f 6752 6753 6599
f 6754 6752 6599
f 6755 6754 6599
f 6756 6599 6751
f 6756 6755 6599
f 6753 6600 6599
f 6737 6600 6757
f 6758 6757 6600
f 6600 6753 6758
f 6606 6602 6601
f 6606 6759 6602
f 6759 6751 6602
f 6603 6605 6608
f 6608 6749 6603
f 6603 6749 6760
f 6603 6760 6607
f 6608 6605 6604
f 6759 6606 6761
f 6762 6761 6606
f 6762 6606 6607
f 6760 6762 6607
f 6612 6763 6609
f 6764 6609 6763
f 6610 6609 6764
f 6610 6764 6765
f 6613 6610 6765
f 6709 6763 6611
f 6611 6763 6612
f 6766 6614 6613
f 6766 6613 6765
f 6614 6766 6767
f 6768 6615 6614
f 6767 6768 6614
f 6768 6769 6615
f 6616 6615 6769
f 6616 6769 6770
f 6616 6770 6771
f 6771 6617 6616
f 6617 6772 6773
f 6773 6618 6617
f 6772 6617 6771
f 6619 6618 6773
f 6773 6774 6619
f 6775 6619 6774
f 6776 6619 6775
f 6776 6777 6619
f 6620 6619 6777
f 6621 6620 6777
f 6621 6777 6778
f 6621 6778 6779
f 6780 6621 6779
f 6780 6622 6621
f 6781 6623 6622
f 6781 6622 6780
f 6782 6623 6781
f 6782 6636 6623
f 6624 6636 6626
f 6626 6783 6625
f 6784 6785 6625
f 6786 6625 6783
f 6786 6784 6625
f 6785 6627 6625
f 6787 6626 6636
f 6783 6626 6787
f 6788 6628 6627
f 6789 6788 6627
f 6789 6627 6785
f 6788 6790 6628
f 6791 6630 6628
f 6790 6791 6628
f 6630 6631 6629
f 6792 6631 6630
f 6791 6792 6630
f 6792 6632 6631
f 6792 6633 6632
f 6793 6634 6633
f 6792 6793 6633
f 6634 6793 6635
f 6635 6793 6746
f 6636 6794 6787
f 6795 6636 6782
f 6636 6795 6794
f 6796 6638 6637
f 6637 6639 6640
f 6643 6637 6640
f 6796 6637 6643
f 6797 6638 6796
f 6797 6647 6638
f 6798 6641 6645
f 6798 6642 6641
f 6642 6798 6799
f 6642 6799 6643
f 6796 6643 6797
f 6800 6797 6643
f 6799 6800 6643
f 6801 6645 6711
f 6798 6645 6801
f 6647 6797 6800
f 6802 6648 6647
f 6802 6647 6803
f 6803 6647 6800
f 6648 6802 6650
f 6649 6651 6804
f 6654 6649 6804
f 6651 6650 6802
f 6802 6805 6651
f 6804 6651 6805
f 6806 6652 6655
f 6669 6652 6806
f 6807 6653 6654
f 6807 6808 6653
f 6657 6653 6808
f 6804 6807 6654
f 6809 6655 6656
f 6809 6810 6655
f 6806 6655 6810
f 6656 6811 6809
f 6657 6808 6656
f 6811 6656 6808
f 6685 6658 6659
f 6659 6660 6685
f 6685 6660 6663
f 6661 6665 6812
f 6813 6662 6661
f 6812 6813 6661
f 6664 6662 6813
f 6814 6663 6664
f 6685 6663 6814
f 6814 6664 6813
f 6815 6665 6667
f 6665 6815 6816
f 6813 6812 6665
f 6813 6665 6816
f 6817 6666 6672
f 6817 6667 6666
f 6815 6667 6818
f 6818 6667 6817
f 6819 6668 6820
f 6668 6669 6820
f 6670 6668 6821
f 6821 6668 6819
f 6669 6806 6822
f 6669 6823 6820
f 6822 6823 6669
f 6821 6824 6670
f 6825 6670 6824
f 6671 6670 6825
f 6671 6826 6673
f 6827 6671 6825
f 6826 6671 6827
f 6818 6817 6672
f 6828 6672 6673
f 6828 6818 6672
f 6826 6828 6673
f 6681 6674 6686
f 6829 6692 6675
f 6677 6829 6675
f 6830 6676 6678
f 6831 6677 6676
f 6831 6676 6830
f 6832 6829 6677
f 6832 6677 6833
f 6831 6833 6677
f 6680 6678 6679
f 6678 6834 6830
f 6678 6680 6834
f 6835 6680 6684
f 6834 6680 6835
f 6686 6836 6681
f 6836 6837 6681
f 6682 6681 6837
f 6683 6682 6837
f 6683 6837 6838
f 6839 6684 6683
f 6683 6838 6839
f 6835 6684 6839
f 6686 6685 6814
f 6840 6686 6814
f 6841 6836 6686
f 6841 6686 6840
f 6688 6700 6687
f 6842 6700 6688
f 6690 6688 6689
f 6690 6843 6688
f 6842 6688 6843
f 6843 6690 6691
f 6692 6843 6691
f 6843 6692 6829
f 6701 6693 6695
f 6694 6844 6696
f 6697 6844 6694
f 6845 6701 6695
f 6845 6695 6696
f 6846 6696 6847
f 6845 6696 6846
f 6696 6844 6847
f 6848 6849 6697
f 6697 6699 6848
f 6844 6697 6849
f 6700 6850 6698
f 6850 6699 6698
f 6851 6848 6699
f 6699 6850 6851
f 6842 6850 6700
f 6708 6701 6845
f 6852 6853 6702
f 6702 6703 6704
f 6852 6702 6704
f 6853 6709 6702
f 6705 6852 6704
f 6854 6852 6705
f 6854 6705 6855
f 6705 6856 6855
f 6857 6705 6706
f 6856 6705 6857
f 6706 6858 6857
f 6706 6707 6859
f 6858 6706 6859
f 6707 6708 6859
f 6845 6860 6708
f 6861 6708 6860
f 6859 6708 6861
f 6763 6709 6853
f 6862 6801 6711
f 6862 6711 6712
f 6714 6862 6712
f 6863 6714 6713
f 6713 6864 6865
f 6715 6864 6713
f 6713 6865 6863
f 6714 6866 6862
f 6863 6866 6714
f 6715 6717 6864
f 6728 6716 6726
f 6728 6725 6716
f 6717 6867 6864
f 6868 6867 6717
f 6869 6868 6717
f 6869 6717 6718
f 6718 6870 6869
f 6870 6718 6719
f 6871 6870 6719
f 6722 6719 6720
f 6722 6871 6719
f 6872 6722 6721
f 6721 6723 6872
f 6873 6871 6722
f 6874 6722 6872
f 6722 6874 6873
f 6724 6872 6723
f 6875 6724 6725
f 6876 6877 6724
f 6877 6872 6724
f 6876 6724 6875
f 6875 6725 6728
f 6876 6875 6728
f 6878 6728 6729
f 6878 6876 6728
f 6729 6879 6878
f 6729 6730 6879
f 6880 6879 6730
f 6881 6730 6732
f 6881 6880 6730
f 6733 6881 6732
f 6733 6882 6881
f 6882 6733 6734
f 6734 6883 6882
f 6734 6884 6883
f 6885 6884 6734
f 6885 6734 6735
f 6885 6735 6886
f 6886 6735 6736
f 6737 6886 6736
f 6887 6886 6737
f 6887 6737 6757
f 6888 6741 6738
f 6748 6889 6738
f 6889 6888 6738
f 6890 6740 6739
f 6743 6890 6739
f 6890 6750 6740
f 6891 6742 6741
f 6888 6891 6741
f 6891 6744 6742
f 6892 6893 6743
f 6743 6893 6890
f 6743 6745 6892
f 6744 6894 6895
f 6896 6744 6895
f 6896 6745 6744
f 6894 6744 6891
f 6896 6897 6745
f 6897 6892 6745
f 6898 6747 6746
f 6899 6746 6793
f 6898 6746 6899
f 6900 6748 6747
f 6747 6898 6900
f 6900 6889 6748
f 6901 6760 6749
f 6749 6750 6901
f 6902 6901 6750
f 6890 6902 6750
f 6751 6759 6756
f 6758 6753 6752
f 6752 6754 6903
f 6752 6904 6758
f 6905 6904 6752
f 6903 6905 6752
f 6754 6755 6903
f 6755 6756 6906
f 6755 6906 6903
f 6906 6756 6759
f 6887 6757 6907
f 6908 6907 6757
f 6757 6758 6908
f 6904 6908 6758
f 6762 6759 6761
f 6762 6906 6759
f 6760 6909 6762
f 6910 6909 6760
f 6901 6910 6760
f 6909 6906 6762
f 6911 6763 6853
f 6912 6764 6763
f 6763 6911 6913
f 6914 6912 6763
f 6763 6913 6914
f 6765 6764 6912
f 6912 6914 6765
f 6765 6914 6915
f 6766 6765 6915
f 6766 6915 6916
f 6916 6917 6766
f 6918 6766 6917
f 6767 6766 6918
f 6918 6919 6767
f 6920 6767 6919
f 6767 6920 6768
f 6769 6768 6920
f 6769 6920 6921
f 6770 6769 6921
f 6922 6770 6921
f 6771 6770 6922
f 6772 6771 6922
f 6923 6773 6772
f 6922 6923 6772
f 6923 6774 6773
f 6774 6923 6924
f 6775 6774 6924
f 6924 6925 6775
f 6775 6925 6776
f 6776 6925 6926
f 6927 6777 6776
f 6776 6926 6927
f 6777 6927 6778
f 6927 6926 6778
f 6778 6926 6779
f 6779 6926 6928
f 6779 6929 6780
f 6928 6929 6779
f 6780 6929 6781
f 6781 6929 6930
f 6930 6782 6781
f 6795 6782 6930
f 6794 6783 6787
f 6783 6794 6931
f 6786 6783 6931
f 6932 6785 6784
f 6933 6784 6786
f 6932 6784 6933
f 6932 6934 6785
f 6785 6934 6789
f 6786 6931 6933
f 6935 6936 6788
f 6937 6935 6788
f 6936 6790 6788
f 6937 6788 6789
f 6789 6934 6938
f 6937 6789 6939
f 6938 6939 6789
f 6936 6940 6790
f 6940 6941 6790
f 6790 6941 6791
f 6941 6792 6791
f 6941 6793 6792
f 6899 6793 6941
f 6794 6795 6942
f 6794 6942 6931
f 6795 6930 6943
f 6795 6943 6942
f 6798 6944 6945
f 6801 6944 6798
f 6798 6945 6799
f 6805 6800 6799
f 6799 6946 6805
f 6947 6799 6945
f 6946 6799 6947
f 6803 6800 6805
f 6944 6801 6862
f 6802 6803 6805
f 6805 6948 6804
f 6807 6804 6948
f 6948 6805 6946
f 6822 6806 6810
f 6807 6948 6949
f 6808 6807 6949
f 6811 6808 6950
f 6808 6949 6951
f 6950 6808 6951
f 6810 6809 6811
f 6822 6810 6952
f 6811 6952 6810
f 6952 6811 6950
f 6814 6813 6953
f 6813 6816 6954
f 6954 6953 6813
f 6840 6814 6953
f 6955 6815 6818
f 6815 6955 6816
f 6954 6816 6956
f 6956 6816 6955
f 6826 6818 6828
f 6955 6818 6826
f 6819 6820 6957
f 6958 6819 6957
f 6821 6819 6959
f 6959 6819 6958
f 6957 6820 6823
f 6825 6824 6821
f 6825 6821 6959
f 6823 6822 6952
f 6957 6823 6952
f 6960 6825 6959
f 6827 6825 6960
f 6826 6961 6955
f 6827 6962 6826
f 6826 6962 6961
f 6960 6963 6827
f 6962 6827 6963
f 6964 6843 6829
f 6829 6832 6964
f 6965 6830 6834
f 6831 6830 6965
f 6966 6833 6831
f 6966 6831 6967
f 6965 6967 6831
f 6968 6832 6833
f 6964 6832 6968
f 6833 6966 6968
f 6969 6834 6835
f 6969 6970 6834
f 6965 6834 6970
f 6969 6835 6839
f 6837 6836 6841
f 6841 6838 6837
f 6838 6841 6971
f 6971 6972 6838
f 6838 6973 6839
f 6973 6838 6974
f 6974 6838 6972
f 6973 6975 6839
f 6976 6839 6975
f 6969 6839 6976
f 6840 6953 6977
f 6840 6977 6978
f 6841 6840 6978
f 6978 6971 6841
f 6851 6850 6842
f 6851 6842 6979
f 6979 6842 6843
f 6980 6979 6843
f 6843 6964 6980
f 6844 6849 6981
f 6847 6844 6981
f 6860 6845 6846
f 6860 6846 6982
f 6982 6846 6847
f 6982 6847 6983
f 6983 6847 6981
f 6984 6848 6851
f 6848 6985 6849
f 6984 6985 6848
f 6981 6849 6985
f 6984 6851 6979
f 6911 6853 6852
f 6911 6852 6913
f 6913 6852 6854
f 6986 6913 6854
f 6855 6986 6854
f 6855 6856 6987
f 6988 6855 6987
f 6989 6986 6855
f 6988 6989 6855
f 6857 6990 6856
f 6991 6992 6856
f 6991 6856 6990
f 6987 6856 6992
f 6857 6993 6990
f 6993 6857 6858
f 6858 6859 6994
f 6995 6858 6994
f 6858 6996 6993
f 6858 6995 6996
f 6859 6997 6994
f 6997 6859 6861
f 6998 6860 6982
f 6999 6861 6860
f 6999 6860 6998
f 7000 6997 6861
f 7001 7000 6861
f 6999 7001 6861
f 6866 6944 6862
f 6863 6865 7002
f 6866 6863 7002
f 6865 6864 6867
f 6865 7003 7002
f 7003 6865 6867
f 6947 6944 6866
f 7003 6947 6866
f 7002 7003 6866
f 6867 6951 7003
f 6867 7004 6951
f 7005 7004 6867
f 6868 7005 6867
f 7006 7005 6868
f 6868 6869 7006
f 7006 6869 7007
f 6869 7008 7007
f 7008 6869 6870
f 6871 7009 6870
f 7009 7008 6870
f 7010 6871 6873
f 7010 7009 6871
f 6872 6877 6874
f 7011 7010 6873
f 6873 6874 7011
f 6884 7011 6874
f 6884 6874 6877
f 6879 6876 6878
f 7012 6876 6879
f 7012 6877 6876
f 6883 6877 7012
f 6883 6884 6877
f 6879 6880 7012
f 6883 7012 6880
f 6882 6883 6880
f 6881 6882 6880
f 7013 6884 6885
f 7013 7011 6884
f 7014 7013 6885
f 7014 6885 6886
f 6886 7015 7014
f 7016 7015 6886
f 6886 6887 7016
f 7016 6887 7017
f 7018 7017 6887
f 7018 6887 6907
f 6889 7019 6888
f 6888 7020 6891
f 7020 6888 7021
f 7021 6888 7022
f 6888 7019 7022
f 6889 6900 7019
f 6893 6902 6890
f 7023 6891 7020
f 6894 6891 7023
f 6897 7024 6892
f 6892 7024 6893
f 6893 7024 7025
f 6893 7025 6902
f 7026 6895 6894
f 7027 6894 7028
f 6894 7027 7029
f 7026 6894 7029
f 7028 6894 7023
f 7030 6895 7031
f 6895 7026 7031
f 6896 6895 7032
f 6895 7030 7032
f 7032 6897 6896
f 7032 7024 6897
f 7033 6900 6898
f 7034 7033 6898
f 6899 7034 6898
f 7035 7034 6899
f 6940 6899 6941
f 6899 6940 7035
f 7036 6900 7033
f 7019 6900 7036
f 6901 6902 6910
f 6902 7037 7038
f 7038 6910 6902
f 7025 7037 6902
f 7039 6903 6906
f 7040 6905 6903
f 7039 7040 6903
f 6904 6905 7041
f 6904 7042 6908
f 6904 7041 7042
f 7041 6905 7043
f 7040 7043 6905
f 6909 7039 6906
f 7044 7018 6907
f 7044 6907 7042
f 7042 6907 6908
f 7045 6909 6910
f 7045 7039 6909
f 7038 7045 6910
f 6913 6986 6914
f 6915 6914 6986
f 6989 6915 6986
f 6915 6989 7046
f 6916 6915 7046
f 7047 6916 7048
f 6916 7046 7048
f 6916 7047 6917
f 6918 6917 6919
f 6919 6917 7047
f 6920 6919 7047
f 7049 6920 7047
f 7049 6921 6920
f 6922 6921 7050
f 7049 7050 6921
f 6922 7050 7051
f 6924 6922 7052
f 6922 7051 7052
f 6924 6923 6922
f 6924 7052 7053
f 6925 6924 6926
f 6926 6924 7053
f 6926 7053 7054
f 6926 7054 6928
f 7055 6928 7054
f 7056 6928 7055
f 6929 6928 7056
f 7056 6930 6929
f 6930 7056 6943
f 6931 6942 7057
f 6933 6931 7057
f 6933 7057 6932
f 6932 7057 7058
f 6934 6932 7058
f 6934 7058 7059
f 6938 6934 7059
f 7060 6936 6935
f 7061 7060 6935
f 7062 7061 6935
f 6937 7062 6935
f 6936 7060 6940
f 6937 6939 7062
f 6939 6938 7059
f 6939 7059 7063
f 7064 7062 6939
f 7065 6939 7063
f 7064 6939 7065
f 7066 7067 6940
f 6940 7060 7066
f 7035 6940 7068
f 6940 7067 7068
f 6943 7057 6942
f 6943 7056 7069
f 6943 7069 7070
f 6943 7070 7071
f 7057 6943 7071
f 6947 6945 6944
f 6949 6948 6946
f 6946 6947 6949
f 7003 6949 6947
f 6951 6949 7003
f 6950 7072 6952
f 6951 7072 6950
f 7072 6951 7004
f 7073 6957 6952
f 7073 6952 7074
f 6952 7072 7075
f 7074 6952 7075
f 6954 7076 6953
f 6977 6953 7076
f 6956 7076 6954
f 7077 6955 6961
f 7078 6956 6955
f 6955 7077 7078
f 7078 7076 6956
f 6958 6957 7073
f 7079 6958 7073
f 6958 7079 6959
f 7079 6960 6959
f 6960 7079 7080
f 6963 6960 7080
f 6961 6962 7077
f 7081 7077 6962
f 7082 6962 6963
f 6962 7082 7081
f 7083 6963 7080
f 6963 7083 7082
f 6980 6964 6968
f 6965 7084 6967
f 7084 6965 7085
f 6970 7085 6965
f 6966 6967 7086
f 6968 6966 7086
f 7086 6967 7084
f 6980 6968 7087
f 7086 7087 6968
f 7088 6969 6976
f 6970 6969 7089
f 7089 6969 7088
f 7090 6970 7089
f 7085 6970 7090
f 6971 6978 7091
f 6971 7091 7092
f 6971 7092 6972
f 7093 6972 7092
f 7094 6972 7093
f 6972 7094 6974
f 7095 6975 6973
f 7095 6973 6974
f 7095 6974 7096
f 7096 6974 7094
f 6976 6975 7095
f 7095 7088 6976
f 6977 7076 7097
f 6978 6977 7097
f 7091 6978 7098
f 6978 7097 7098
f 6984 6979 7099
f 6980 7100 6979
f 7100 7099 6979
f 7100 6980 7101
f 7101 6980 7087
f 6981 6985 6984
f 7102 6981 6984
f 6983 6981 7103
f 7103 6981 7102
f 6998 6982 7104
f 7104 6982 7105
f 7106 6982 6983
f 7105 6982 7107
f 7107 6982 7106
f 7106 6983 7108
f 7108 6983 7109
f 7109 6983 7110
f 6983 7103 7110
f 7111 6984 7099
f 7111 7102 6984
f 7112 6988 6987
f 6987 7113 7112
f 6987 6992 7114
f 6987 7114 7113
f 6988 7115 6989
f 6988 7112 7115
f 7046 6989 7115
f 6991 6990 6996
f 6993 6996 6990
f 7114 6992 6991
f 7116 6991 6996
f 7116 7114 6991
f 6995 6994 6997
f 6997 7117 6995
f 6996 6995 7117
f 7116 6996 7118
f 6996 7117 7118
f 7117 6997 7000
f 7119 6999 6998
f 7119 6998 7104
f 7001 6999 7119
f 7001 7117 7000
f 7001 7119 7120
f 7118 7117 7001
f 7118 7001 7121
f 7121 7001 7120
f 7004 7005 7072
f 7122 7072 7005
f 7006 7122 7005
f 7123 7122 7006
f 7123 7006 7007
f 7124 7007 7008
f 7007 7124 7123
f 7008 7009 7124
f 7125 7009 7126
f 7009 7127 7126
f 7009 7010 7127
f 7125 7124 7009
f 7010 7011 7127
f 7011 7013 7128
f 7128 7127 7011
f 7013 7129 7128
f 7014 7129 7013
f 7129 7014 7015
f 7130 7129 7015
f 7131 7130 7015
f 7015 7016 7131
f 7017 7131 7016
f 7131 7017 7041
f 7044 7017 7018
f 7017 7044 7041
f 7132 7019 7036
f 7132 7133 7019
f 7133 7022 7019
f 7134 7020 7021
f 7135 7023 7020
f 7134 7135 7020
f 7134 7021 7022
f 7134 7022 7133
f 7135 7136 7023
f 7136 7028 7023
f 7137 7025 7024
f 7138 7137 7024
f 7032 7030 7024
f 7030 7138 7024
f 7137 7037 7025
f 7029 7139 7026
f 7139 7031 7026
f 7027 7028 7136
f 7140 7029 7027
f 7140 7027 7136
f 7140 7139 7029
f 7031 7141 7030
f 7142 7030 7141
f 7030 7142 7138
f 7143 7141 7031
f 7139 7143 7031
f 7033 7034 7036
f 7034 7132 7036
f 7132 7034 7144
f 7034 7035 7068
f 7068 7144 7034
f 7037 7145 7146
f 7037 7146 7038
f 7147 7145 7037
f 7137 7147 7037
f 7038 7146 7045
f 7146 7148 7039
f 7146 7039 7045
f 7148 7040 7039
f 7149 7043 7040
f 7149 7040 7150
f 7150 7040 7148
f 7044 7042 7041
f 7151 7131 7041
f 7043 7151 7041
f 7151 7043 7152
f 7153 7152 7043
f 7153 7043 7149
f 7048 7046 7115
f 7049 7047 7048
f 7048 7112 7113
f 7048 7115 7112
f 7048 7154 7049
f 7113 7154 7048
f 7049 7154 7155
f 7050 7049 7156
f 7157 7049 7155
f 7156 7049 7157
f 7156 7158 7050
f 7050 7158 7051
f 7052 7051 7159
f 7160 7051 7158
f 7160 7159 7051
f 7161 7052 7159
f 7161 7053 7052
f 7162 7053 7161
f 7053 7162 7163
f 7163 7054 7053
f 7163 7164 7054
f 7055 7054 7165
f 7165 7054 7164
f 7069 7056 7055
f 7069 7055 7166
f 7167 7055 7165
f 7055 7167 7166
f 7057 7168 7058
f 7168 7057 7071
f 7058 7168 7059
f 7059 7168 7063
f 7061 7066 7060
f 7061 7062 7169
f 7061 7170 7066
f 7169 7170 7061
f 7169 7062 7064
f 7171 7063 7172
f 7063 7168 7172
f 7065 7063 7171
f 7064 7065 7173
f 7064 7173 7169
f 7174 7065 7171
f 7173 7065 7174
f 7067 7066 7175
f 7176 7066 7170
f 7175 7066 7176
f 7175 7177 7067
f 7068 7067 7177
f 7178 7144 7068
f 7179 7178 7068
f 7068 7177 7179
f 7069 7180 7070
f 7069 7166 7180
f 7070 7180 7181
f 7182 7070 7181
f 7071 7070 7182
f 7071 7182 7183
f 7184 7071 7183
f 7071 7184 7168
f 7122 7075 7072
f 7185 7073 7074
f 7079 7073 7080
f 7080 7073 7185
f 7074 7075 7186
f 7185 7074 7186
f 7186 7075 7122
f 7097 7076 7187
f 7078 7077 7076
f 7187 7076 7077
f 7188 7077 7081
f 7077 7188 7187
f 7189 7190 7080
f 7083 7080 7190
f 7080 7185 7189
f 7081 7191 7188
f 7082 7192 7081
f 7191 7081 7192
f 7083 7193 7082
f 7192 7082 7194
f 7194 7082 7193
f 7193 7083 7190
f 7084 7085 7086
f 7195 7086 7085
f 7090 7196 7085
f 7195 7085 7196
f 7197 7087 7086
f 7197 7086 7195
f 7101 7087 7198
f 7197 7198 7087
f 7199 7089 7088
f 7095 7096 7088
f 7096 7200 7088
f 7199 7088 7200
f 7201 7090 7089
f 7201 7089 7202
f 7202 7089 7203
f 7089 7199 7203
f 7196 7090 7201
f 7204 7091 7098
f 7092 7091 7204
f 7092 7204 7205
f 7092 7205 7093
f 7094 7093 7206
f 7205 7206 7093
f 7096 7094 7207
f 7207 7094 7206
f 7200 7096 7207
f 7208 7097 7188
f 7187 7188 7097
f 7208 7098 7097
f 7209 7204 7098
f 7208 7209 7098
f 7210 7111 7099
f 7211 7099 7100
f 7210 7099 7211
f 7211 7100 7101
f 7101 7198 7212
f 7213 7101 7212
f 7211 7101 7213
f 7110 7103 7102
f 7102 7111 7110
f 7107 7104 7105
f 7104 7107 7119
f 7109 7106 7108
f 7120 7107 7106
f 7106 7109 7214
f 7120 7106 7214
f 7120 7119 7107
f 7215 7109 7110
f 7214 7109 7215
f 7216 7110 7111
f 7110 7216 7215
f 7217 7216 7111
f 7217 7111 7218
f 7219 7111 7210
f 7219 7218 7111
f 7113 7114 7220
f 7221 7113 7220
f 7154 7113 7221
f 7220 7114 7222
f 7114 7116 7222
f 7116 7118 7223
f 7222 7116 7223
f 7118 7121 7224
f 7118 7224 7223
f 7225 7120 7214
f 7225 7121 7120
f 7224 7121 7226
f 7121 7227 7226
f 7225 7228 7121
f 7121 7228 7227
f 7122 7123 7186
f 7186 7123 7229
f 7123 7124 7229
f 7125 7229 7124
f 7230 7229 7125
f 7125 7126 7230
f 7126 7231 7230
f 7127 7232 7126
f 7126 7232 7231
f 7233 7127 7128
f 7127 7233 7232
f 7128 7129 7233
f 7233 7129 7234
f 7234 7129 7130
f 7151 7234 7130
f 7151 7130 7131
f 7144 7133 7132
f 7133 7144 7235
f 7235 7134 7133
f 7235 7135 7134
f 7235 7136 7135
f 7236 7136 7235
f 7236 7140 7136
f 7237 7238 7137
f 7238 7147 7137
f 7237 7137 7138
f 7138 7142 7237
f 7239 7143 7139
f 7140 7239 7139
f 7240 7239 7140
f 7240 7140 7236
f 7142 7141 7241
f 7143 7241 7141
f 7241 7242 7142
f 7142 7242 7243
f 7142 7243 7237
f 7143 7244 7241
f 7245 7244 7143
f 7239 7245 7143
f 7246 7235 7144
f 7144 7178 7246
f 7147 7247 7145
f 7247 7248 7145
f 7145 7248 7150
f 7145 7150 7146
f 7146 7150 7148
f 7249 7147 7238
f 7249 7247 7147
f 7153 7149 7250
f 7149 7248 7250
f 7248 7149 7150
f 7251 7234 7151
f 7251 7151 7152
f 7152 7252 7253
f 7153 7252 7152
f 7253 7251 7152
f 7254 7252 7153
f 7250 7254 7153
f 7221 7255 7154
f 7155 7154 7255
f 7155 7255 7256
f 7256 7157 7155
f 7257 7158 7156
f 7157 7257 7156
f 7257 7157 7258
f 7256 7259 7157
f 7157 7259 7260
f 7260 7258 7157
f 7160 7158 7257
f 7261 7159 7160
f 7261 7262 7159
f 7161 7159 7262
f 7261 7160 7257
f 7262 7162 7161
f 7263 7163 7162
f 7262 7263 7162
f 7163 7263 7164
f 7164 7263 7165
f 7165 7263 7167
f 7166 7167 7180
f 7263 7264 7167
f 7180 7167 7265
f 7265 7167 7264
f 7168 7184 7172
f 7170 7169 7173
f 7176 7170 7266
f 7170 7173 7266
f 7171 7172 7267
f 7268 7171 7267
f 7269 7270 7171
f 7268 7269 7171
f 7174 7171 7270
f 7271 7172 7184
f 7172 7271 7267
f 7173 7174 7266
f 7174 7270 7266
f 7272 7177 7175
f 7175 7273 7272
f 7274 7275 7175
f 7274 7175 7176
f 7273 7175 7275
f 7176 7266 7274
f 7276 7177 7277
f 7177 7276 7179
f 7272 7277 7177
f 7178 7179 7278
f 7278 7246 7178
f 7276 7278 7179
f 7180 7265 7181
f 7265 7264 7181
f 7181 7264 7182
f 7279 7183 7182
f 7182 7264 7279
f 7184 7183 7280
f 7280 7183 7281
f 7279 7281 7183
f 7282 7184 7280
f 7282 7271 7184
f 7186 7189 7185
f 7189 7186 7229
f 7208 7188 7191
f 7190 7189 7230
f 7230 7189 7229
f 7231 7193 7190
f 7190 7230 7231
f 7191 7192 7283
f 7284 7208 7191
f 7284 7191 7283
f 7283 7192 7194
f 7194 7193 7285
f 7285 7193 7231
f 7194 7285 7286
f 7194 7287 7283
f 7287 7194 7286
f 7288 7197 7195
f 7288 7195 7289
f 7289 7195 7196
f 7290 7289 7196
f 7196 7201 7202
f 7202 7291 7196
f 7196 7291 7292
f 7290 7196 7292
f 7197 7293 7198
f 7197 7288 7293
f 7198 7293 7212
f 7199 7294 7203
f 7294 7199 7200
f 7207 7295 7200
f 7296 7200 7295
f 7297 7294 7200
f 7297 7200 7298
f 7200 7299 7298
f 7299 7200 7296
f 7202 7203 7300
f 7291 7202 7300
f 7300 7203 7301
f 7294 7297 7203
f 7203 7302 7301
f 7297 7302 7203
f 7205 7204 7303
f 7304 7204 7209
f 7303 7204 7304
f 7207 7206 7205
f 7305 7207 7205
f 7303 7306 7205
f 7305 7205 7306
f 7305 7307 7207
f 7207 7307 7295
f 7209 7208 7284
f 7284 7308 7209
f 7304 7209 7308
f 7219 7210 7309
f 7309 7210 7211
f 7211 7213 7310
f 7309 7211 7310
f 7293 7311 7212
f 7213 7212 7312
f 7212 7313 7312
f 7311 7314 7212
f 7212 7314 7313
f 7315 7213 7316
f 7213 7312 7316
f 7315 7310 7213
f 7214 7215 7216
f 7214 7216 7317
f 7214 7217 7318
f 7214 7319 7225
f 7318 7319 7214
f 7217 7214 7317
f 7317 7216 7217
f 7217 7218 7318
f 7318 7218 7320
f 7320 7218 7219
f 7321 7320 7219
f 7309 7322 7219
f 7321 7219 7323
f 7323 7219 7322
f 7324 7221 7220
f 7325 7220 7222
f 7325 7326 7220
f 7324 7220 7326
f 7255 7221 7327
f 7327 7221 7328
f 7328 7221 7324
f 7325 7222 7223
f 7223 7224 7329
f 7223 7329 7325
f 7329 7224 7330
f 7331 7224 7226
f 7330 7224 7331
f 7228 7225 7319
f 7227 7331 7226
f 7332 7333 7227
f 7331 7227 7333
f 7334 7227 7228
f 7332 7227 7334
f 7335 7228 7319
f 7336 7228 7335
f 7334 7228 7336
f 7337 7231 7232
f 7337 7286 7231
f 7286 7285 7231
f 7232 7338 7337
f 7338 7232 7233
f 7338 7233 7234
f 7251 7339 7234
f 7338 7234 7339
f 7236 7235 7340
f 7235 7246 7341
f 7235 7341 7340
f 7236 7340 7342
f 7342 7240 7236
f 7237 7243 7238
f 7343 7249 7238
f 7238 7344 7343
f 7344 7238 7243
f 7240 7345 7239
f 7345 7245 7239
f 7346 7240 7347
f 7346 7348 7240
f 7347 7240 7342
f 7348 7345 7240
f 7242 7241 7244
f 7243 7242 7349
f 7242 7350 7349
f 7245 7350 7242
f 7244 7245 7242
f 7349 7343 7243
f 7343 7344 7243
f 7351 7350 7245
f 7345 7351 7245
f 7278 7341 7246
f 7352 7353 7247
f 7352 7247 7249
f 7353 7248 7247
f 7248 7353 7354
f 7354 7250 7248
f 7343 7355 7249
f 7355 7352 7249
f 7250 7354 7254
f 7251 7356 7339
f 7253 7357 7251
f 7357 7356 7251
f 7252 7358 7357
f 7252 7359 7358
f 7253 7252 7357
f 7359 7252 7254
f 7359 7254 7354
f 7327 7256 7255
f 7259 7256 7327
f 7261 7257 7258
f 7360 7261 7258
f 7360 7258 7361
f 7260 7362 7258
f 7361 7258 7362
f 7259 7327 7363
f 7364 7259 7363
f 7260 7259 7364
f 7364 7365 7260
f 7366 7260 7365
f 7362 7260 7366
f 7367 7261 7360
f 7367 7262 7261
f 7263 7262 7368
f 7368 7262 7367
f 7263 7368 7369
f 7369 7264 7263
f 7264 7370 7371
f 7372 7264 7369
f 7373 7264 7372
f 7264 7373 7370
f 7371 7279 7264
f 7374 7266 7270
f 7266 7375 7274
f 7375 7266 7374
f 7271 7268 7267
f 7271 7376 7268
f 7377 7268 7376
f 7377 7269 7268
f 7270 7269 7378
f 7376 7379 7269
f 7378 7269 7379
f 7377 7376 7269
f 7380 7270 7378
f 7381 7270 7380
f 7374 7270 7381
f 7382 7271 7282
f 7382 7376 7271
f 7272 7273 7277
f 7383 7277 7273
f 7273 7275 7375
f 7273 7375 7383
f 7375 7275 7274
f 7276 7277 7278
f 7384 7278 7277
f 7384 7277 7385
f 7383 7385 7277
f 7384 7341 7278
f 7279 7282 7281
f 7371 7282 7279
f 7282 7280 7281
f 7282 7371 7370
f 7386 7282 7370
f 7382 7282 7387
f 7386 7387 7282
f 7388 7284 7283
f 7283 7287 7388
f 7308 7284 7388
f 7389 7287 7286
f 7286 7356 7389
f 7356 7286 7337
f 7390 7388 7287
f 7287 7389 7390
f 7293 7288 7311
f 7311 7288 7391
f 7288 7289 7391
f 7391 7289 7290
f 7392 7391 7290
f 7393 7290 7292
f 7392 7290 7393
f 7301 7291 7300
f 7291 7301 7394
f 7292 7291 7394
f 7395 7292 7396
f 7393 7292 7395
f 7396 7292 7397
f 7292 7394 7397
f 7295 7307 7398
f 7399 7296 7295
f 7352 7399 7295
f 7352 7295 7398
f 7299 7296 7399
f 7298 7299 7297
f 7297 7400 7302
f 7400 7297 7299
f 7299 7401 7400
f 7299 7399 7401
f 7394 7301 7302
f 7402 7394 7302
f 7400 7402 7302
f 7304 7403 7303
f 7306 7303 7403
f 7304 7308 7404
f 7403 7304 7405
f 7406 7405 7304
f 7404 7406 7304
f 7305 7306 7407
f 7407 7307 7305
f 7403 7407 7306
f 7407 7398 7307
f 7408 7390 7308
f 7388 7408 7308
f 7404 7308 7390
f 7409 7322 7309
f 7409 7309 7310
f 7310 7410 7409
f 7410 7310 7315
f 7314 7311 7411
f 7391 7411 7311
f 7412 7316 7312
f 7412 7312 7413
f 7413 7312 7313
f 7414 7413 7313
f 7414 7313 7415
f 7415 7313 7314
f 7415 7314 7416
f 7416 7314 7417
f 7417 7314 7418
f 7418 7314 7411
f 7419 7315 7316
f 7419 7410 7315
f 7412 7419 7316
f 7319 7318 7335
f 7335 7318 7420
f 7318 7321 7421
f 7320 7321 7318
f 7421 7420 7318
f 7321 7323 7322
f 7321 7322 7421
f 7421 7322 7409
f 7363 7328 7324
f 7324 7326 7422
f 7422 7423 7324
f 7423 7363 7324
f 7329 7422 7325
f 7326 7325 7422
f 7328 7363 7327
f 7329 7330 7422
f 7424 7422 7330
f 7425 7330 7331
f 7425 7424 7330
f 7426 7331 7333
f 7425 7331 7426
f 7334 7333 7332
f 7333 7334 7427
f 7426 7333 7427
f 7427 7334 7336
f 7336 7335 7428
f 7420 7429 7335
f 7429 7428 7335
f 7336 7428 7430
f 7427 7336 7430
f 7339 7337 7338
f 7356 7337 7339
f 7340 7341 7431
f 7431 7342 7340
f 7431 7341 7384
f 7342 7431 7432
f 7432 7347 7342
f 7433 7434 7343
f 7435 7433 7343
f 7343 7349 7435
f 7355 7343 7434
f 7351 7345 7436
f 7437 7436 7345
f 7345 7348 7437
f 7437 7348 7346
f 7346 7438 7437
f 7438 7346 7347
f 7439 7440 7347
f 7439 7347 7432
f 7440 7438 7347
f 7350 7435 7349
f 7441 7435 7350
f 7442 7441 7350
f 7351 7442 7350
f 7442 7351 7443
f 7443 7351 7444
f 7445 7444 7351
f 7436 7445 7351
f 7446 7399 7352
f 7352 7398 7353
f 7447 7446 7352
f 7448 7447 7352
f 7448 7352 7355
f 7354 7353 7398
f 7359 7354 7398
f 7448 7355 7434
f 7357 7389 7356
f 7390 7389 7357
f 7406 7390 7357
f 7357 7358 7406
f 7406 7358 7405
f 7358 7449 7405
f 7449 7358 7359
f 7407 7450 7359
f 7407 7359 7398
f 7449 7359 7450
f 7451 7367 7360
f 7361 7451 7360
f 7452 7451 7361
f 7453 7452 7361
f 7454 7361 7362
f 7361 7454 7453
f 7455 7362 7366
f 7455 7456 7362
f 7454 7362 7456
f 7457 7363 7423
f 7457 7364 7363
f 7365 7364 7457
f 7457 7458 7365
f 7365 7458 7366
f 7455 7366 7458
f 7451 7368 7367
f 7459 7368 7451
f 7368 7459 7460
f 7460 7369 7368
f 7369 7460 7372
f 7461 7370 7373
f 7461 7386 7370
f 7462 7372 7460
f 7462 7463 7372
f 7463 7373 7372
f 7464 7373 7463
f 7464 7465 7373
f 7465 7461 7373
f 7381 7466 7374
f 7374 7467 7375
f 7374 7466 7467
f 7467 7383 7375
f 7376 7382 7468
f 7468 7379 7376
f 7378 7469 7380
f 7378 7379 7469
f 7379 7470 7469
f 7471 7470 7379
f 7472 7471 7379
f 7468 7472 7379
f 7469 7473 7380
f 7381 7380 7473
f 7381 7473 7474
f 7466 7381 7475
f 7474 7475 7381
f 7476 7382 7387
f 7382 7476 7468
f 7385 7383 7477
f 7383 7466 7475
f 7466 7383 7467
f 7475 7477 7383
f 7385 7431 7384
f 7477 7431 7385
f 7465 7386 7461
f 7465 7387 7386
f 7387 7465 7478
f 7478 7479 7387
f 7476 7387 7479
f 7408 7388 7390
f 7406 7404 7390
f 7392 7411 7391
f 7392 7480 7411
f 7481 7480 7392
f 7392 7482 7481
f 7482 7392 7483
f 7393 7483 7392
f 7393 7395 7484
f 7485 7393 7486
f 7486 7393 7484
f 7483 7393 7485
f 7397 7394 7402
f 7395 7396 7487
f 7484 7395 7486
f 7488 7395 7487
f 7486 7395 7488
f 7396 7397 7487
f 7487 7397 7402
f 7401 7399 7489
f 7490 7489 7399
f 7490 7399 7446
f 7491 7492 7400
f 7492 7402 7400
f 7401 7491 7400
f 7491 7401 7489
f 7487 7402 7492
f 7403 7405 7449
f 7403 7450 7407
f 7450 7403 7449
f 7421 7409 7410
f 7410 7493 7421
f 7419 7493 7410
f 7418 7411 7494
f 7494 7411 7480
f 7493 7419 7412
f 7413 7414 7412
f 7412 7495 7493
f 7414 7495 7412
f 7414 7496 7495
f 7414 7415 7497
f 7496 7414 7497
f 7497 7415 7416
f 7497 7416 7417
f 7418 7498 7417
f 7417 7498 7497
f 7494 7498 7418
f 7499 7420 7500
f 7500 7420 7493
f 7429 7420 7499
f 7421 7493 7420
f 7423 7422 7424
f 7501 7423 7424
f 7423 7501 7457
f 7424 7502 7501
f 7503 7424 7425
f 7502 7424 7503
f 7503 7425 7504
f 7505 7425 7426
f 7505 7504 7425
f 7426 7427 7506
f 7505 7426 7506
f 7506 7427 7430
f 7430 7428 7429
f 7429 7499 7430
f 7499 7507 7430
f 7508 7430 7507
f 7508 7506 7430
f 7509 7431 7477
f 7509 7432 7431
f 7509 7439 7432
f 7433 7510 7434
f 7511 7510 7433
f 7511 7433 7435
f 7512 7446 7434
f 7510 7512 7434
f 7434 7446 7448
f 7441 7511 7435
f 7513 7436 7437
f 7514 7445 7436
f 7515 7514 7436
f 7513 7515 7436
f 7437 7438 7516
f 7516 7513 7437
f 7517 7438 7518
f 7519 7516 7438
f 7517 7519 7438
f 7520 7518 7438
f 7520 7438 7440
f 7521 7439 7509
f 7521 7522 7439
f 7522 7523 7439
f 7523 7440 7439
f 7440 7524 7520
f 7523 7524 7440
f 7441 7525 7511
f 7442 7525 7441
f 7443 7525 7442
f 7525 7443 7526
f 7526 7443 7444
f 7527 7526 7444
f 7444 7528 7527
f 7445 7528 7444
f 7445 7529 7528
f 7445 7514 7529
f 7512 7530 7446
f 7530 7490 7446
f 7448 7446 7447
f 7451 7452 7459
f 7531 7452 7453
f 7531 7459 7452
f 7532 7453 7533
f 7532 7531 7453
f 7454 7534 7453
f 7535 7533 7453
f 7453 7534 7536
f 7535 7453 7536
f 7456 7537 7454
f 7537 7534 7454
f 7537 7456 7455
f 7455 7458 7538
f 7537 7455 7538
f 7501 7458 7457
f 7538 7458 7501
f 7462 7460 7459
f 7539 7459 7531
f 7459 7539 7462
f 7540 7462 7539
f 7540 7463 7462
f 7541 7463 7540
f 7541 7464 7463
f 7541 7542 7464
f 7543 7478 7464
f 7478 7465 7464
f 7464 7542 7543
f 7544 7472 7468
f 7468 7476 7545
f 7545 7544 7468
f 7469 7470 7473
f 7546 7547 7470
f 7546 7470 7471
f 7473 7470 7547
f 7471 7548 7546
f 7549 7548 7471
f 7544 7550 7471
f 7550 7551 7471
f 7544 7471 7472
f 7551 7549 7471
f 7552 7474 7473
f 7473 7547 7552
f 7475 7474 7553
f 7474 7552 7554
f 7474 7554 7555
f 7553 7474 7555
f 7553 7509 7475
f 7475 7509 7477
f 7476 7479 7556
f 7545 7476 7556
f 7543 7479 7478
f 7557 7558 7479
f 7543 7557 7479
f 7558 7556 7479
f 7494 7480 7559
f 7559 7480 7481
f 7559 7481 7482
f 7560 7482 7483
f 7561 7559 7482
f 7561 7482 7562
f 7562 7482 7560
f 7483 7485 7563
f 7560 7483 7564
f 7564 7483 7563
f 7563 7485 7565
f 7485 7486 7565
f 7488 7565 7486
f 7566 7487 7492
f 7488 7487 7566
f 7567 7565 7488
f 7527 7488 7566
f 7527 7568 7488
f 7488 7568 7567
f 7530 7491 7489
f 7530 7489 7490
f 7492 7491 7569
f 7569 7491 7530
f 7569 7566 7492
f 7495 7500 7493
f 7498 7494 7559
f 7500 7495 7570
f 7496 7570 7495
f 7496 7571 7570
f 7572 7571 7496
f 7496 7497 7572
f 7497 7498 7572
f 7559 7572 7498
f 7500 7573 7499
f 7507 7499 7574
f 7574 7499 7573
f 7573 7500 7575
f 7575 7500 7576
f 7576 7500 7570
f 7538 7501 7502
f 7577 7502 7503
f 7502 7577 7578
f 7538 7502 7578
f 7577 7503 7579
f 7504 7579 7503
f 7580 7504 7505
f 7579 7504 7580
f 7505 7506 7581
f 7580 7505 7581
f 7581 7506 7508
f 7582 7507 7574
f 7582 7508 7507
f 7508 7583 7581
f 7583 7508 7584
f 7584 7508 7582
f 7553 7521 7509
f 7525 7510 7511
f 7525 7585 7510
f 7585 7512 7510
f 7585 7530 7512
f 7515 7513 7586
f 7587 7586 7513
f 7587 7513 7516
f 7515 7529 7514
f 7529 7515 7568
f 7588 7568 7515
f 7515 7586 7588
f 7589 7516 7519
f 7589 7587 7516
f 7590 7591 7517
f 7592 7590 7517
f 7591 7519 7517
f 7518 7592 7517
f 7520 7592 7518
f 7591 7589 7519
f 7520 7524 7592
f 7521 7553 7522
f 7553 7555 7522
f 7555 7523 7522
f 7523 7555 7524
f 7590 7524 7555
f 7592 7524 7590
f 7525 7526 7585
f 7527 7585 7526
f 7569 7527 7566
f 7585 7527 7569
f 7568 7527 7529
f 7529 7527 7528
f 7569 7530 7585
f 7532 7593 7531
f 7594 7531 7593
f 7539 7531 7594
f 7595 7532 7533
f 7595 7593 7532
f 7595 7533 7596
f 7535 7597 7533
f 7598 7533 7597
f 7596 7533 7598
f 7534 7537 7538
f 7599 7534 7538
f 7536 7534 7599
f 7535 7536 7600
f 7597 7535 7600
f 7536 7599 7601
f 7536 7601 7600
f 7599 7538 7578
f 7540 7539 7594
f 7541 7540 7602
f 7603 7540 7594
f 7603 7602 7540
f 7602 7542 7541
f 7557 7543 7542
f 7604 7557 7542
f 7605 7542 7602
f 7605 7604 7542
f 7544 7606 7550
f 7544 7607 7606
f 7544 7545 7608
f 7607 7544 7608
f 7609 7545 7556
f 7609 7610 7545
f 7545 7610 7608
f 7548 7611 7546
f 7546 7611 7612
f 7547 7546 7612
f 7552 7547 7612
f 7549 7611 7548
f 7613 7614 7549
f 7549 7614 7611
f 7613 7549 7551
f 7551 7550 7613
f 7615 7613 7550
f 7606 7615 7550
f 7552 7612 7554
f 7554 7612 7616
f 7617 7554 7616
f 7590 7554 7617
f 7555 7554 7590
f 7556 7558 7618
f 7618 7609 7556
f 7557 7604 7558
f 7604 7618 7558
f 7572 7559 7561
f 7560 7619 7562
f 7619 7560 7564
f 7561 7620 7572
f 7561 7562 7619
f 7561 7619 7621
f 7561 7622 7620
f 7561 7621 7622
f 7565 7623 7563
f 7564 7563 7624
f 7624 7563 7623
f 7564 7625 7619
f 7564 7626 7625
f 7564 7624 7626
f 7567 7627 7565
f 7624 7623 7565
f 7565 7626 7624
f 7626 7565 7627
f 7567 7568 7627
f 7568 7628 7627
f 7568 7629 7628
f 7629 7568 7588
f 7576 7570 7630
f 7630 7570 7571
f 7630 7571 7631
f 7632 7631 7571
f 7620 7632 7571
f 7571 7572 7620
f 7573 7575 7574
f 7575 7633 7574
f 7582 7574 7633
f 7576 7633 7575
f 7634 7633 7576
f 7634 7576 7630
f 7635 7578 7577
f 7577 7636 7635
f 7577 7579 7637
f 7636 7577 7637
f 7635 7601 7578
f 7601 7599 7578
f 7579 7580 7638
f 7637 7579 7638
f 7583 7580 7581
f 7638 7580 7583
f 7582 7633 7639
f 7582 7639 7640
f 7584 7582 7640
f 7583 7584 7641
f 7583 7642 7638
f 7641 7642 7583
f 7641 7584 7640
f 7629 7588 7586
f 7643 7629 7586
f 7586 7644 7643
f 7586 7587 7644
f 7645 7646 7587
f 7645 7587 7589
f 7587 7646 7644
f 7589 7591 7645
f 7590 7617 7647
f 7591 7590 7647
f 7647 7645 7591
f 7648 7593 7649
f 7648 7594 7593
f 7595 7649 7593
f 7648 7603 7594
f 7650 7595 7596
f 7650 7649 7595
f 7598 7651 7596
f 7652 7596 7651
f 7650 7596 7652
f 7653 7597 7600
f 7597 7653 7598
f 7598 7653 7654
f 7651 7598 7654
f 7601 7655 7600
f 7653 7600 7655
f 7601 7635 7656
f 7655 7601 7656
f 7657 7605 7602
f 7603 7658 7602
f 7602 7658 7657
f 7648 7658 7603
f 7604 7605 7657
f 7657 7659 7604
f 7660 7618 7604
f 7659 7660 7604
f 7607 7661 7606
f 7661 7615 7606
f 7610 7607 7608
f 7610 7661 7607
f 7662 7609 7663
f 7609 7618 7663
f 7610 7609 7662
f 7661 7610 7664
f 7665 7664 7610
f 7662 7666 7610
f 7610 7666 7665
f 7611 7614 7616
f 7612 7611 7616
f 7613 7667 7614
f 7615 7667 7613
f 7614 7668 7669
f 7614 7669 7670
f 7670 7671 7614
f 7667 7668 7614
f 7614 7671 7616
f 7667 7615 7672
f 7673 7672 7615
f 7674 7615 7661
f 7674 7673 7615
f 7616 7671 7617
f 7675 7617 7671
f 7617 7675 7647
f 7676 7663 7618
f 7676 7618 7660
f 7619 7625 7677
f 7619 7677 7621
f 7632 7620 7678
f 7678 7620 7622
f 7622 7621 7679
f 7679 7621 7680
f 7621 7681 7680
f 7621 7677 7681
f 7678 7622 7682
f 7682 7622 7683
f 7683 7622 7679
f 7626 7677 7625
f 7626 7681 7677
f 7684 7681 7626
f 7684 7626 7627
f 7685 7627 7628
f 7627 7685 7684
f 7685 7628 7686
f 7687 7628 7629
f 7628 7687 7686
f 7687 7629 7643
f 7634 7630 7631
f 7688 7631 7632
f 7634 7631 7688
f 7678 7689 7632
f 7690 7632 7689
f 7688 7632 7690
f 7639 7633 7634
f 7634 7688 7691
f 7639 7634 7691
f 7656 7635 7636
f 7692 7656 7636
f 7636 7637 7693
f 7692 7636 7693
f 7637 7638 7694
f 7693 7637 7695
f 7695 7637 7694
f 7642 7694 7638
f 7640 7639 7696
f 7696 7639 7691
f 7696 7697 7640
f 7641 7640 7698
f 7640 7697 7698
f 7699 7642 7641
f 7699 7641 7698
f 7642 7699 7700
f 7700 7694 7642
f 7646 7643 7644
f 7701 7702 7643
f 7701 7643 7646
f 7687 7643 7702
f 7703 7646 7645
f 7703 7645 7647
f 7646 7703 7701
f 7647 7675 7703
f 7648 7649 7704
f 7648 7704 7705
f 7648 7705 7658
f 7650 7704 7649
f 7650 7652 7706
f 7706 7707 7650
f 7708 7650 7707
f 7704 7650 7708
f 7709 7651 7654
f 7710 7651 7711
f 7651 7710 7652
f 7651 7709 7712
f 7711 7651 7712
f 7710 7713 7652
f 7713 7706 7652
f 7655 7654 7653
f 7654 7655 7714
f 7709 7654 7714
f 7714 7655 7656
f 7714 7656 7692
f 7715 7657 7658
f 7716 7659 7657
f 7715 7716 7657
f 7715 7658 7705
f 7717 7659 7716
f 7660 7659 7718
f 7718 7659 7717
f 7718 7676 7660
f 7719 7674 7661
f 7661 7664 7719
f 7720 7666 7662
f 7662 7663 7720
f 7676 7721 7663
f 7721 7720 7663
f 7719 7664 7674
f 7722 7664 7665
f 7722 7723 7664
f 7723 7674 7664
f 7666 7722 7665
f 7720 7722 7666
f 7724 7725 7667
f 7726 7724 7667
f 7725 7668 7667
f 7672 7726 7667
f 7725 7727 7668
f 7727 7669 7668
f 7669 7727 7728
f 7669 7728 7670
f 7675 7671 7670
f 7670 7728 7675
f 7729 7726 7672
f 7729 7672 7673
f 7673 7730 7729
f 7731 7730 7673
f 7731 7673 7674
f 7723 7731 7674
f 7703 7675 7728
f 7732 7721 7676
f 7733 7732 7676
f 7718 7733 7676
f 7689 7678 7734
f 7678 7735 7734
f 7735 7678 7682
f 7683 7679 7680
f 7684 7680 7681
f 7736 7683 7680
f 7680 7684 7736
f 7737 7738 7682
f 7683 7737 7682
f 7682 7738 7735
f 7683 7739 7737
f 7739 7683 7736
f 7736 7684 7685
f 7686 7736 7685
f 7740 7736 7686
f 7702 7686 7687
f 7741 7686 7702
f 7741 7740 7686
f 7742 7688 7690
f 7688 7743 7691
f 7743 7688 7742
f 7689 7734 7690
f 7742 7690 7734
f 7743 7744 7691
f 7691 7697 7696
f 7745 7691 7744
f 7745 7697 7691
f 7692 7746 7714
f 7692 7693 7747
f 7748 7692 7747
f 7746 7692 7748
f 7693 7695 7747
f 7700 7695 7694
f 7700 7749 7695
f 7750 7747 7695
f 7750 7695 7749
f 7745 7751 7697
f 7752 7698 7697
f 7752 7697 7753
f 7753 7697 7751
f 7699 7698 7752
f 7700 7699 7754
f 7754 7699 7752
f 7755 7700 7754
f 7749 7700 7755
f 7702 7701 7741
f 7703 7741 7701
f 7741 7703 7728
f 7756 7704 7708
f 7757 7704 7756
f 7704 7757 7705
f 7705 7757 7758
f 7705 7758 7715
f 7759 7707 7706
f 7759 7706 7713
f 7760 7707 7759
f 7708 7707 7760
f 7756 7708 7760
f 7712 7709 7714
f 7710 7711 7712
f 7710 7712 7761
f 7710 7761 7713
f 7712 7714 7762
f 7712 7762 7761
f 7763 7713 7761
f 7713 7763 7759
f 7746 7762 7714
f 7758 7764 7715
f 7765 7716 7715
f 7766 7715 7764
f 7715 7766 7767
f 7765 7715 7767
f 7716 7765 7717
f 7767 7717 7765
f 7768 7717 7767
f 7717 7768 7769
f 7718 7717 7769
f 7718 7770 7733
f 7769 7770 7718
f 7771 7722 7720
f 7721 7771 7720
f 7772 7771 7721
f 7732 7772 7721
f 7722 7773 7723
f 7771 7773 7722
f 7773 7731 7723
f 7774 7724 7775
f 7724 7774 7725
f 7776 7775 7724
f 7726 7776 7724
f 7774 7777 7725
f 7725 7777 7778
f 7725 7778 7727
f 7726 7779 7776
f 7726 7729 7779
f 7727 7778 7728
f 7739 7728 7778
f 7728 7739 7740
f 7741 7728 7740
f 7780 7779 7729
f 7780 7729 7730
f 7781 7780 7730
f 7782 7730 7773
f 7782 7781 7730
f 7773 7730 7731
f 7732 7783 7772
f 7732 7784 7783
f 7733 7784 7732
f 7785 7733 7770
f 7786 7784 7733
f 7787 7786 7733
f 7788 7787 7733
f 7733 7785 7788
f 7775 7742 7734
f 7775 7734 7774
f 7735 7738 7734
f 7774 7734 7738
f 7736 7740 7739
f 7737 7777 7738
f 7739 7777 7737
f 7774 7738 7777
f 7739 7778 7777
f 7775 7743 7742
f 7744 7743 7789
f 7789 7743 7775
f 7744 7790 7745
f 7790 7744 7789
f 7745 7790 7776
f 7791 7745 7776
f 7751 7745 7791
f 7746 7792 7762
f 7792 7746 7748
f 7748 7747 7793
f 7747 7750 7793
f 7748 7793 7794
f 7748 7794 7795
f 7748 7796 7792
f 7795 7796 7748
f 7797 7750 7749
f 7797 7749 7755
f 7798 7793 7750
f 7798 7750 7799
f 7800 7799 7750
f 7800 7750 7797
f 7753 7751 7801
f 7802 7751 7791
f 7801 7751 7802
f 7803 7752 7753
f 7803 7754 7752
f 7753 7804 7803
f 7804 7753 7801
f 7803 7805 7754
f 7755 7754 7805
f 7806 7755 7805
f 7806 7797 7755
f 7756 7760 7807
f 7757 7756 7807
f 7758 7757 7807
f 7758 7807 7764
f 7759 7763 7808
f 7808 7809 7759
f 7759 7809 7807
f 7807 7760 7759
f 7762 7810 7761
f 7763 7761 7810
f 7792 7810 7762
f 7808 7763 7810
f 7811 7764 7807
f 7768 7764 7811
f 7764 7768 7766
f 7768 7767 7766
f 7812 7768 7811
f 7769 7768 7812
f 7769 7812 7770
f 7813 7785 7770
f 7813 7770 7812
f 7782 7773 7771
f 7771 7772 7782
f 7782 7772 7783
f 7790 7789 7775
f 7776 7790 7775
f 7802 7791 7776
f 7802 7776 7779
f 7802 7779 7814
f 7780 7814 7779
f 7815 7814 7780
f 7815 7780 7816
f 7816 7780 7781
f 7816 7781 7817
f 7781 7783 7817
f 7783 7781 7782
f 7783 7818 7817
f 7818 7783 7784
f 7786 7818 7784
f 7787 7785 7813
f 7785 7787 7788
f 7819 7818 7786
f 7786 7820 7819
f 7820 7786 7787
f 7821 7820 7787
f 7813 7821 7787
f 7810 7792 7796
f 7822 7794 7793
f 7798 7822 7793
f 7794 7823 7795
f 7823 7794 7822
f 7795 7823 7796
f 7823 7824 7796
f 7824 7810 7796
f 7825 7797 7806
f 7800 7797 7826
f 7826 7797 7825
f 7799 7827 7798
f 7798 7823 7822
f 7828 7823 7798
f 7828 7798 7827
f 7827 7799 7800
f 7827 7800 7826
f 7804 7801 7802
f 7802 7814 7804
f 7829 7803 7830
f 7803 7804 7830
f 7831 7803 7829
f 7803 7831 7805
f 7804 7814 7830
f 7832 7806 7805
f 7832 7805 7831
f 7806 7832 7833
f 7806 7833 7834
f 7834 7825 7806
f 7807 7809 7835
f 7811 7807 7835
f 7836 7809 7808
f 7808 7810 7824
f 7808 7824 7837
f 7836 7808 7837
f 7836 7835 7809
f 7835 7838 7811
f 7812 7811 7838
f 7812 7838 7839
f 7812 7839 7813
f 7839 7840 7813
f 7813 7840 7821
f 7830 7814 7829
f 7841 7829 7814
f 7814 7842 7841
f 7842 7814 7815
f 7843 7842 7815
f 7843 7815 7817
f 7817 7815 7816
f 7819 7817 7818
f 7844 7843 7817
f 7819 7844 7817
f 7820 7845 7819
f 7844 7819 7846
f 7846 7819 7845
f 7845 7820 7840
f 7821 7840 7820
f 7823 7828 7824
f 7824 7828 7837
f 7847 7826 7825
f 7847 7825 7834
f 7827 7826 7848
f 7847 7848 7826
f 7848 7828 7827
f 7828 7849 7837
f 7828 7848 7849
f 7831 7829 7841
f 7831 7841 7842
f 7831 7850 7832
f 7842 7850 7831
f 7851 7832 7850
f 7833 7832 7852
f 7852 7832 7851
f 7853 7834 7833
f 7854 7833 7852
f 7853 7833 7855
f 7855 7833 7854
f 7848 7847 7834
f 7848 7834 7856
f 7853 7856 7834
f 7835 7836 7838
f 7857 7836 7837
f 7857 7838 7836
f 7849 7857 7837
f 7858 7838 7857
f 7839 7838 7858
f 7858 7859 7839
f 7859 7840 7839
f 7840 7859 7860
f 7840 7860 7845
f 7842 7851 7850
f 7851 7842 7843
f 7843 7861 7851
f 7861 7843 7844
f 7862 7863 7844
f 7863 7861 7844
f 7846 7862 7844
f 7846 7845 7860
f 7860 7862 7846
f 7849 7848 7864
f 7864 7848 7856
f 7857 7849 7864
f 7851 7861 7852
f 7861 7854 7852
f 7855 7856 7853
f 7865 7854 7861
f 7855 7854 7865
f 7856 7855 7864
f 7855 7865 7864
f 7857 7864 7858
f 7864 7866 7858
f 7859 7858 7866
f 7862 7859 7866
f 7859 7862 7860
f 7861 7863 7865
f 7863 7862 7866
f 7863 7866 7865
f 7865 7866 7864

