# https://github.com/mikedh/trimesh

o banana.stl
v 16.78500175 113.62200165 33.91199875
v 16.11000061 113.95100403 33.44299698
v 15.94800091 111.79499817 33.74399948
v 14.90200138 111.76899719 33.03599930
v 16.10600281 110.17199707 34.05099869
v 15.01300144 109.04000092 33.67099762
v 16.28900146 109.61100006 34.19799805
v 15.58700180 107.87799835 34.11699677
v 16.66000175 108.22499847 34.50400162
v 16.37899971 106.39299774 34.53099823
v 18.06400108 106.78199768 35.10599899
v 17.43000221 105.02600098 35.02299881
v 19.33100128 105.50399780 35.50999832
v 18.42700195 103.76599884 35.36999893
v 19.95400238 103.21400452 35.73099899
v 18.88100052 101.93499756 35.53499985
v 21.01500130 101.88300323 35.94199753
v 20.38400078 100.86100006 35.84000015
v 22.43500137 100.60400391 36.10400009
v 21.42500114 99.29000092 35.98199844
v 22.76100159 98.08599854 36.09700012
v 20.77100182 97.44899750 35.86199951
v 22.64600182 96.59700012 36.04399872
v 22.05100060 95.28500366 35.96799850
v 23.66800117 94.56800079 36.06399918
v 21.97800064 92.52500153 35.90399933
v 24.25400162 92.53600311 36.04499817
v 23.74600220 90.66400146 35.96400070
v 25.62700081 91.00900269 36.02799988
v 25.13100052 89.27200317 35.96400070
v 27.31300163 90.22299957 35.93099976
v 27.54200172 88.53500366 35.87300110
v 29.18900108 89.26799774 35.52099991
v 29.58600044 87.55699921 35.06700134
v 30.88100052 87.86700439 34.34700012
v 30.01100159 85.09999847 34.39500046
v 31.68800163 86.20200348 33.49099731
v 31.60400200 83.98799896 33.13999939
v 32.74800110 85.54399872 32.55299759
v 33.08000183 83.82700348 31.88499832
v 33.43300247 84.56700134 31.73399925
v 34.19600296 84.13200378 30.91199875
v 33.66600037 85.46099854 31.72500038
v 34.84200287 86.10200500 30.74099922
v 33.91500092 86.59200287 31.77400017
v 34.77500153 87.74400330 31.24300003
v 33.84900284 87.29599762 32.00199890
v 33.45199966 88.14500427 32.55500031
v 32.34000015 87.46700287 33.28599930
v 32.62500000 89.13200378 33.42199707
v 31.50000191 90.26200104 34.38599777
v 29.31800079 90.51799774 35.59600067
v 28.58600044 92.00900269 35.90799713
v 26.30700111 92.14500427 36.04199982
v 25.98000145 93.59100342 36.09700012
v 25.29800034 94.98000336 36.15699768
v 25.10300064 96.51399994 36.18999863
v 27.09900093 95.86499786 36.15900040
v 25.76400185 97.87599945 36.25199890
v 27.51000214 98.46199799 36.24700165
v 26.51900101 99.94100189 36.32499695
v 28.77600098 101.27200317 36.29999924
v 26.87400055 101.80400085 36.36899948
v 28.20300102 103.50000000 36.41600037
v 26.05000114 103.38800049 36.39300156
v 27.10600090 105.04100037 36.44099808
v 25.55800056 104.91999817 36.40100098
v 26.43500137 106.87300110 36.44699860
v 24.61600113 106.23699951 36.35099792
v 25.06800079 108.43700409 36.36700058
v 23.40800095 107.80500031 36.18199921
v 24.03100204 109.54800415 36.21699905
v 21.92100143 109.25499725 35.89299774
v 22.99000168 110.83000183 36.01099777
v 21.56200027 111.46800232 35.67200089
v 23.54800224 113.24900055 35.97200012
v 21.83200073 113.64500427 35.61899948
v 22.73900223 114.82299805 35.72499847
v 20.72300148 115.68700409 35.15900040
v 23.30600166 116.02999878 35.75000000
v 21.70800209 117.23000336 35.29800034
v 24.05900192 117.84899902 35.81999969
v 22.04800034 118.42600250 35.29599762
v 22.94700050 119.97100067 35.39699936
v 20.96100235 119.58900452 34.85900116
v 22.85400200 121.48500061 35.22800064
v 20.61800194 120.77999878 34.56799698
v 20.68500137 121.52200317 34.50099945
v 20.14000130 120.91600037 34.34600067
v 19.65000153 121.69699860 34.00299835
v 18.43000221 121.35299683 33.30099869
v 19.56000137 122.23400116 33.84000015
v 18.40300179 122.54299927 32.84999847
v 19.47300148 123.59100342 33.45899963
v 17.97600174 123.44599915 31.96399879
v 18.54400063 124.83399963 32.01099777
v 17.34700012 125.44699860 30.08299828
v 18.81800079 126.13200378 31.73099899
v 18.21100235 127.33000183 30.16099930
v 19.22300148 128.03199768 31.16799927
v 18.75300217 129.25799561 29.73899841
v 20.18500137 129.70199585 31.45099831
v 19.52300072 130.81700134 29.81699944
v 20.66800117 132.08100891 30.64099884
v 19.29500198 132.20199585 28.54199982
v 20.43700218 133.75799561 29.12199974
v 19.96500015 134.49200439 27.79099846
v 21.53100014 135.45599365 29.48999977
v 21.03900146 136.77000427 27.60899925
v 22.11400032 137.13400269 29.03899956
v 22.29800034 138.68699646 28.04100037
v 23.36700058 138.13900757 30.13099861
v 23.72300148 139.37200928 29.69199944
v 24.91200066 138.76400757 31.75899887
v 25.20000076 140.25700378 30.99600029
v 25.28600121 139.44100952 31.71299934
v 25.53700066 140.52799988 31.18199921
v 25.47800064 139.88499451 31.60899925
v 25.95400238 140.81799316 31.45799828
v 26.06400108 140.18600464 32.03799820
v 27.42300034 141.53300476 32.59700012
v 27.06400108 140.57899475 32.83099747
v 27.72800064 141.15200806 33.07899857
v 27.76700020 140.45800781 33.40399933
v 28.52400208 141.82200623 33.35499954
v 28.79700089 140.50999451 33.94599915
v 29.29500198 141.33599854 33.91099930
v 30.26900101 140.94099426 34.39699936
v 29.33700180 142.15400696 33.68999863
v 30.05500031 143.09800720 33.75499725
v 28.87700081 143.46299744 32.82499695
v 29.39800072 144.48199463 32.71500015
v 28.61700058 144.43299866 31.95999908
v 29.18800163 145.80400085 31.54399872
v 28.23000145 144.64700317 31.31599998
v 28.28700066 145.32200623 30.82799911
v 27.14500046 144.18699646 30.23399925
v 28.17100143 145.77099609 30.30900002
v 27.58400154 145.62600708 29.66099930
v 27.60100174 146.41300964 28.96399879
v 26.99800110 145.31100464 29.11099815
v 26.85500145 146.02999878 28.25000000
v 26.38800049 145.13900757 28.35799980
v 26.51800156 146.12600708 27.60700035
v 25.75000191 145.41999817 27.03400040
v 26.38300133 146.83700562 26.51799965
v 25.15200233 146.32099915 24.45199966
v 26.63000107 148.14999390 25.16899872
v 25.85100174 147.99600220 23.39799881
v 27.34300041 149.88800049 23.79699898
v 27.01700020 150.10899353 22.35599899
v 28.44600105 151.21900940 24.04099846
v 28.17800140 151.69700623 22.22599983
v 29.60800171 152.79899597 23.87899971
v 28.99600029 153.00099182 21.68400002
v 29.96400070 153.83000183 22.34899902
v 29.82300186 154.19799805 20.61499977
v 30.85100174 155.13400269 21.18899918
v 29.89200211 154.51000977 19.47999954
v 31.28600121 155.97999573 19.51299858
v 30.61100006 155.38999939 18.41399956
v 31.19200134 156.03599548 18.64499855
v 31.42100143 156.24000549 17.18199921
v 31.72700119 156.63400269 18.57199860
v 32.42900085 157.35600281 17.11299896
v 32.39200211 157.35600281 18.35400009
v 33.05900192 157.97300720 18.74799919
v 33.04700089 157.89399719 19.45799828
v 33.79500198 158.76400757 19.13099861
v 33.28400040 158.03500366 20.42999840
v 34.27799988 159.00100708 20.62799835
v 33.85900116 158.32901001 21.94799995
v 34.53499985 158.93899536 22.46699905
v 33.69499969 157.92100525 22.91499901
v 34.03499985 158.05200195 23.59099960
v 33.22100067 157.48300171 22.64999962
v 33.84300232 157.48800659 24.51299858
v 32.36500168 155.95399475 24.19699860
v 33.63500214 156.43699646 26.18299866
v 32.72900009 155.15699768 26.46100044
v 34.12500000 155.75199890 28.07799911
v 32.70700073 154.18699646 27.85099983
v 33.56800079 153.29800415 30.17399979
v 32.16500092 152.87500000 28.77700043
v 31.96400070 151.51800537 30.00399971
v 30.91400146 151.95500183 28.08099937
v 30.26800156 150.59399414 28.58499908
v 29.46700096 151.65200806 25.71399879
v 29.11200142 149.61399841 27.91300011
v 28.37000084 150.17799377 25.72399902
v 17.26300049 113.03400421 34.24000168
v 17.14700127 115.85600281 33.70999908
v 18.02000046 114.54599762 34.35300064
v 17.90200233 115.32299805 34.19899750
v 18.39900208 115.46299744 34.39199829
v 18.87199974 116.46199799 34.47499847
v 17.44500160 117.51599884 33.58499908
v 19.06599998 117.43299866 34.46699905
v 18.18700218 118.68399811 33.80299759
v 19.47599983 118.83599854 34.42899704
v 18.90700150 119.67800140 33.99300003
v 19.50300026 120.25399780 34.18199921
v 31.38100052 136.40400696 1.14799845
v 31.12600136 135.67199707 1.11199915
v 30.85600090 136.15200806 1.26099956
v 29.51700020 135.70100403 1.69399941
v 29.27300072 136.78999329 2.24899960
v 27.68000031 135.20399475 2.84199882
v 27.69600105 136.65100098 3.55399966
v 26.09100151 135.97399902 4.85099936
v 27.03100014 137.20599365 4.52399921
v 26.28100014 138.12600708 5.92999887
v 27.66800117 138.96299744 4.92099953
v 26.86900139 139.93000793 6.46799898
v 27.98400116 140.95700073 5.88299894
v 26.91700172 141.24900818 7.31099939
v 28.40200043 142.66999817 6.61999941
v 27.18700027 142.72000122 8.06799889
v 27.92200089 144.29200745 8.37199974
v 26.53600121 143.88299561 9.83099937
v 28.05500031 146.00900269 9.64899921
v 27.18500137 146.14300537 11.01699924
v 28.63000107 147.43899536 10.20199966
v 28.27000046 148.18600464 11.50399876
v 29.37600136 149.59300232 11.36299896
v 29.20100021 150.55900574 12.73899937
v 30.89300156 151.38999939 11.16399956
v 30.60700035 152.30200195 12.67899990
v 31.89600182 153.33399963 11.97999859
v 30.88400078 153.64300537 13.80599880
v 31.65000153 154.77000427 14.04799938
v 30.75700188 154.65899658 15.40299892
v 32.14599991 156.15499878 15.23899937
v 30.15900040 154.69000244 16.83099937
v 31.46800041 137.09100342 1.19799936
v 33.39900208 135.98100281 0.77299958
v 34.03599930 137.64300537 0.78799951
v 35.08300018 135.67599487 0.65100008
v 36.46200180 136.94200134 0.60799903
v 36.49600220 134.49099731 0.64099956
v 38.53400040 134.65499878 0.73799860
v 36.91699982 132.50999451 0.77599847
v 38.70600128 132.99900818 0.90999901
v 37.76900101 131.62199402 0.95199978
v 40.25699997 131.14199829 1.39099920
v 39.30200195 129.91900635 1.37899911
v 41.12700272 129.49200439 1.78399956
v 39.47999954 128.26600647 1.62899959
v 42.11300278 128.32899475 2.27999973
v 40.98699951 126.11100006 2.32299876
v 42.80599976 127.06700134 2.82499933
v 42.08000183 125.82900238 2.79799938
v 43.87900162 125.57800293 3.63199878
v 42.73600006 124.23999786 3.46299911
v 44.62800217 124.31600189 4.33799887
v 42.82699966 122.08700562 4.03399944
v 44.46100235 122.75700378 4.70899868
v 44.42800140 121.01499939 5.14599943
v 46.10900116 123.31900024 5.44799948
v 46.99200058 122.16300201 6.31999969
v 48.31500244 123.89099884 6.56999922
v 48.57500076 122.46299744 7.39799929
v 48.94700241 123.16699982 7.41299915
v 49.29999924 123.14600372 7.82899952
v 49.53100204 124.05200195 7.48699903
v 50.31700134 123.38500214 9.25899887
v 50.31100082 124.96800232 7.73299932
v 51.38299942 125.86000061 8.59099865
v 50.77700043 126.45100403 7.24999905
v 51.36199951 127.32299805 7.30299950
v 49.82600021 127.53399658 6.10399914
v 51.80800247 128.34300232 6.99899912
v 51.37500000 130.22599792 5.89899921
v 52.53000259 129.16799927 7.11099911
v 52.70500183 130.98199463 6.31699896
v 53.29299927 130.29499817 7.12099934
v 53.69900131 131.07800293 6.85399961
v 53.82400131 129.98300171 8.00199890
v 54.80599976 131.10699463 8.18199921
v 54.89100266 129.89100647 9.87699890
v 55.97999954 130.80400085 10.56099892
v 55.33300018 129.03500366 11.86299896
v 56.94699860 130.47200012 13.12999916
v 55.75000000 128.49099731 13.74799919
v 57.43700027 130.29600525 14.91499901
v 56.01300049 127.98500061 15.73399925
v 57.22500229 129.53199768 16.21299934
v 56.34200287 127.90399933 17.51599884
v 57.21300125 129.15800476 18.09399986
v 56.96800232 128.81900024 19.95699883
v 57.89599991 130.24800110 19.50399971
v 57.53000259 129.97100830 21.32799911
v 57.93099976 130.50999451 21.01599884
v 57.77600098 130.54400635 21.98499870
v 58.28600311 130.97700500 20.70899963
v 58.52099991 131.44099426 21.21799850
v 58.88500214 131.71000671 19.86899948
v 59.38299942 132.39700317 19.85499954
v 59.54299927 132.55599976 19.18799973
v 60.01700211 133.16600037 19.05799866
v 59.18600082 132.03599548 17.83300018
v 60.74800110 134.20700073 18.09700012
v 59.64200211 132.84500122 16.40499878
v 60.62699890 134.14399719 16.42499924
v 60.29800034 134.35400391 14.24499893
v 61.49100113 135.39799500 15.66299915
v 61.67200089 136.36500549 13.54999924
v 62.70700073 137.02099609 15.33699894
v 63.51500320 138.18000793 14.63499928
v 63.84099960 138.39599609 15.95099926
v 64.33200073 138.95401001 16.12999916
v 64.31700134 138.84400940 17.07399940
v 64.71299744 139.38299561 16.38699913
v 65.08200073 139.80599976 16.71899986
v 65.16000366 140.03100586 15.68699932
v 65.46199799 140.36199951 16.12799835
v 65.86000061 140.85200500 15.98499966
v 65.83200073 140.74800110 16.52099991
v 66.56600189 141.60699463 17.25299835
v 65.73600006 140.60000610 16.87699890
v 65.56200409 140.46499634 18.52799988
v 65.26399994 140.03800964 17.36599922
v 65.02400208 139.74200439 18.09899902
v 64.36600494 138.93499756 18.57399940
v 63.96500015 138.44099426 18.62599945
v 63.26500320 137.55099487 16.86299896
v 63.48500061 137.80900574 18.67799950
v 63.00099945 137.16000366 18.67299843
v 63.44400024 137.88999939 19.59700012
v 62.55300140 136.97200012 20.68899918
v 63.85200119 138.60499573 20.27499962
v 63.18700027 138.17599487 21.64299965
v 64.46400452 139.63699341 21.02599907
v 64.40000153 140.31600952 22.70100021
v 65.27300262 140.90200806 21.59899902
v 65.27100372 142.09800720 23.71199989
v 66.43900299 142.80999756 22.37899971
v 65.89600372 143.70800781 24.76399994
v 67.22700500 144.36900330 23.13799858
v 67.39700317 145.31100464 24.29899979
v 68.59200287 145.89500427 22.82499886
v 67.89199829 146.60400391 25.01599884
v 68.66000366 147.70500183 25.02899933
v 67.16300201 147.05299377 26.44999886
v 67.74100494 148.86799622 27.21500015
v 67.21900177 148.40499878 27.43899918
v 67.40000153 149.13900757 27.76199913
v 66.92900085 149.14900208 28.25599861
v 68.11600494 150.65299988 28.07299805
v 66.58399963 150.30500793 29.30499840
v 67.94699860 152.35400391 29.19799995
v 66.39900208 151.95700073 30.25199890
v 66.40299988 153.50199890 30.88699913
v 65.28099823 151.25300598 30.82499886
v 64.67500305 152.77099609 31.74199867
v 63.79700089 150.52000427 31.58999825
v 63.22100067 151.85800171 32.31100082
v 61.76000214 151.19500732 32.85200119
v 61.46500015 152.67700195 32.92399979
v 60.12500000 152.30799866 33.28599930
v 61.58000183 154.16400146 32.80699921
v 59.30900192 154.62600708 33.38700104
v 60.84000015 155.86100769 32.88199997
v 59.23199844 156.31199646 33.24399948
v 61.25100327 157.45500183 32.62699890
v 59.94100189 158.46900940 32.83699799
v 62.75300217 158.69799805 32.09099960
v 61.27000046 160.23800659 32.29599762
v 63.07800293 160.97000122 31.75000000
v 61.12400055 162.08999634 32.05099869
v 61.98900223 163.26800537 31.65799904
v 60.95900345 164.76100159 31.62899971
v 62.74399948 165.44999695 31.06599998
v 61.38100052 166.38500977 31.13199997
v 62.84199905 167.14300537 30.63099861
v 60.64500046 167.91400146 30.81199837
v 61.49200058 168.49499512 30.46500015
v 61.37300110 169.35499573 30.18599892
v 62.25200272 168.69000244 30.27699852
v 63.06299973 170.25799561 29.57199860
v 63.42000198 169.30799866 29.88599968
v 63.67800140 170.20799255 29.49799919
v 64.25499725 169.65699768 29.60899925
v 64.79100037 170.48899841 29.19099998
v 64.35800171 168.53100586 29.93099976
v 65.66799927 170.09300232 29.15699959
v 65.99200439 168.14199829 29.63899994
v 67.37599945 170.02600098 28.74499893
v 67.62100220 168.31800842 29.11499977
v 69.53800201 169.08500671 28.30199814
v 69.18600464 166.94200134 28.92199898
v 70.87000275 168.08300781 28.05900002
v 70.98000336 166.13400269 28.41699982
v 72.40499878 167.68600464 27.52199936
v 72.32800293 165.05700684 28.02099991
v 73.87000275 166.10699463 27.12899971
v 73.34200287 164.01000977 27.71199989
v 74.99700165 164.63600159 26.84799957
v 73.98500061 162.09800720 27.66299820
v 75.54800415 162.79800415 26.79899979
v 74.98699951 161.49600220 27.20999908
v 76.43199921 161.36000061 26.29899979
v 75.92700195 159.98100281 26.29299927
v 77.42700195 160.68099976 25.25699806
v 76.93099976 159.35499573 24.98999977
v 77.87599945 159.74400330 24.22599983
v 77.09500122 158.13999939 23.88299942
v 78.46100616 158.44599915 22.34899902
v 76.92000580 157.06100464 23.14499855
v 77.31600189 156.56900024 22.08399963
v 75.75299835 155.60800171 23.28599930
v 76.27200317 154.95199585 21.80499840
v 74.71800232 153.47099304 22.43499947
v 76.09100342 154.05400085 20.76499939
v 74.59600067 152.31500244 20.92499924
v 75.91999817 153.06399536 19.38500023
v 74.97200012 151.64900208 18.77699852
v 76.34400177 152.88000488 17.96299934
v 75.71900177 151.88600159 17.07999992
v 76.48999786 152.65100098 16.66499901
v 75.64199829 151.68400574 15.78799915
v 76.79499817 152.84600830 15.82899952
v 76.52600098 152.42900085 14.72999954
v 77.57199860 153.57600403 15.03199959
v 77.02999878 152.84600830 13.05099964
v 78.22299957 154.08000183 13.67699909
v 78.28099823 154.16700745 11.88299942
v 79.38700104 155.32099915 13.48999977
v 79.43000031 155.29600525 11.88599968
v 80.47599792 156.41700745 12.16499901
v 79.66300201 155.79200745 10.23599911
v 80.92600250 157.17100525 9.60099888
v 79.97799683 156.56700134 8.13299847
v 81.15299988 157.71099854 7.78299952
v 80.37599945 157.38699341 6.87599945
v 81.11399841 158.18499756 6.45399952
v 79.88199615 157.78100586 5.29599953
v 80.60099792 158.87100220 4.80599880
v 79.75800323 159.11300659 4.13399935
v 80.49100494 160.13700867 3.95999932
v 78.65399933 160.56900024 3.09299946
v 80.68400574 162.24800110 3.18499923
v 78.90700531 162.62199402 2.49599934
v 79.72700500 164.10299683 2.38499880
v 78.31900024 165.20800781 1.79199970
v 80.01499939 165.97000122 2.17799926
v 79.28400421 167.28700256 1.90399957
v 80.88400269 168.35800171 2.22599888
v 78.91999817 169.17999268 1.77899933
v 80.54199982 170.25799561 2.22599888
v 79.68000031 171.40100098 2.61299968
v 81.82199860 171.37100220 2.75199962
v 80.73799896 172.52699280 3.65199900
v 82.41300201 172.88699341 4.08799934
v 80.56700134 173.66699219 4.65099907
v 80.98200226 174.13000488 5.15699959
v 79.68699646 174.27299500 5.15499878
v 79.82099915 175.65100098 6.90199900
v 78.16899872 175.04899597 5.94999933
v 77.46700287 176.08200073 7.30499887
v 76.58899689 175.47900391 6.34899902
v 75.81300354 176.60000610 7.81899881
v 74.43099976 175.85800171 6.66799974
v 73.67600250 176.98600769 8.31899929
v 72.14900208 176.03199768 7.07599878
v 70.94000244 176.74499512 8.36199856
v 70.17400360 175.88900757 7.32799911
v 68.45899963 176.39900208 8.55499840
v 68.72900391 175.08399963 6.70399904
v 66.96200562 175.04800415 7.18699932
v 67.83100128 173.87899780 5.53199911
v 65.74900055 173.40899658 5.70499897
v 66.65599823 172.70700073 4.63899899
v 64.97299957 171.63400269 4.11999893
v 66.59100342 170.77799988 2.82199955
v 65.22100067 170.80900574 3.22199893
v 65.78900146 170.47999573 2.74399948
v 64.70500183 170.30099487 2.93399954
v 64.97900391 169.51600647 2.18799901
v 63.93099976 169.80900574 2.75499940
v 63.18299866 168.22900391 1.75299966
v 62.74700165 169.11799622 2.54499912
v 61.48099899 168.38400269 2.37899923
v 61.94100189 168.95899963 2.70699906
v 61.32100296 169.22799683 3.18199944
v 62.29600143 170.16600037 3.69499898
v 63.79700089 170.61500549 3.54999948
v 86.71600342 167.07299805 17.36899948
v 85.54800415 166.44200134 18.34899902
v 86.10299683 165.42900085 17.12799835
v 84.82099915 164.62300110 18.28599930
v 84.72000122 163.71499634 17.58799934
v 83.79900360 164.07099915 19.38299942
v 83.42700195 162.20600891 18.19199944
v 82.84200287 163.35800171 20.22099876
v 82.22700500 162.04000854 20.09199905
v 81.31200409 162.48500061 21.78800011
v 81.25400543 160.90400696 20.52999878
v 80.24100494 161.56199646 22.61299896
v 79.89800262 159.30500793 21.02599907
v 79.43500519 160.15499878 22.55599976
v 84.88700104 168.34899902 18.33199883
v 86.00199890 168.94200134 17.29599953
v 84.08699799 170.35099792 17.94499969
v 85.74199677 170.78900146 16.41799927
v 83.65499878 172.08599854 17.40899849
v 85.62800598 172.54699707 15.54099941
v 84.69000244 173.62300110 15.67399883
v 86.23000336 173.98699951 14.41399956
v 85.15000153 174.69500732 14.56799889
v 85.87100220 174.80099487 13.91399956
v 85.26499939 175.43400574 12.94199944
v 86.39600372 175.02200317 13.28399944
v 87.11199951 175.14500427 12.87399960
v 87.33599854 174.37699890 13.57199955
v 88.06300354 175.08900452 12.63499928
v 88.93099976 174.01899719 13.38099957
v 89.12599945 175.22399902 12.28899956
v 90.51699829 175.24000549 12.03699875
v 90.07299805 175.70401001 11.04199886
v 91.54600525 175.50300598 11.63199902
v 90.49700165 175.99900818 9.50599957
v 92.75900269 176.01200867 10.48199940
v 91.51999664 176.29400635 8.57499886
v 93.58399963 176.34800720 9.05199909
v 93.27400208 176.70599365 7.44799900
v 95.43900299 176.80000305 7.80899906
v 93.83900452 176.78500366 5.79799891
v 96.65999603 177.16999817 6.46299982
v 95.80599976 176.83900452 4.81199932
v 97.78199768 177.26800537 5.13899899
v 97.31700134 176.17700195 3.66599941
v 98.03900146 176.30200195 3.59599948
v 98.04299927 175.14500427 2.63499928
v 99.57500458 175.37899780 2.49599934
v 98.57800293 173.49400330 1.36699903
v 101.48900604 173.29800415 0.78899974
v 99.95200348 172.18399048 0.80999917
v 101.34400177 170.80400085 1.07399929
v 99.01399994 170.48500061 1.51699972
v 100.30500031 168.96299744 2.02199912
v 97.92299652 169.50700378 2.09199905
v 98.57900238 167.98699951 2.73699975
v 96.87000275 168.45700073 2.68999958
v 97.41100311 167.13900757 3.36899877
v 96.63800049 166.80000305 3.71999955
v 97.82099915 166.80599976 3.78899932
v 96.31600189 166.34100342 5.03199911
v 98.42300415 166.65100098 4.83899927
v 97.47200012 166.85600281 6.64799929
v 99.09700012 166.94500732 5.91599941
v 98.40200806 167.37899780 7.83299923
v 100.14199829 167.46200562 7.21999931
v 100.26800537 167.93499756 8.60399914
v 101.45600128 167.48399353 6.87499905
v 102.38600159 168.27400208 8.93699932
v 103.59999847 167.76499939 7.26899862
v 103.67500305 168.72300720 9.70799923
v 105.69499969 168.30799866 8.44099903
v 105.19899750 169.18200684 10.43799973
v 107.27700043 168.89199829 9.97599888
v 106.59600067 169.73100281 11.43399906
v 107.92700195 170.41900635 11.31999874
v 107.49800110 170.95700073 11.93899918
v 84.57299805 166.14500427 19.32899857
v 85.35300446 175.83099365 7.33799934
v 87.42900085 175.97200012 7.10699892
v 85.95500183 175.15699768 5.93399906
v 87.47599792 175.15400696 5.56099892
v 87.02700043 174.16799927 4.75199890
v 88.02100372 174.39500427 4.73599863
v 88.35500336 173.87001038 4.22899914
v 88.71700287 174.49699402 4.64299870
v 89.58800507 173.45399475 3.49199963
v 89.51799774 174.86199951 4.76999950
v 90.32800293 174.84500122 4.55399895
v 90.75199890 175.66999817 5.19399881
v 90.96900177 174.96200562 4.44599915
v 91.60800171 175.01600647 4.28999949
v 91.18299866 174.45899963 3.94599891
v 92.39499664 173.90899658 3.13899946
v 90.61700439 174.15800476 3.86499882
v 91.03800201 173.14300537 2.91899967
v 90.08399963 171.80200195 2.38099885
v 88.61700439 171.20700073 2.48099947
v 86.50300598 175.77499390 8.47899914
v 85.25199890 175.64999390 9.84199905
v 87.24600220 175.68000793 9.93999958
v 85.70899963 175.52299500 11.42399979
v 88.06600189 175.55300903 11.43199921
v 89.49100494 176.21600342 7.28999901
v 88.50800323 175.92500305 8.86399937
v 88.90000153 175.55799866 5.64999866
v 87.67399597 172.54199219 3.19999933
v 88.11100006 170.01100159 2.66699958
v 85.70400238 171.18099976 2.67699909
v 85.96299744 169.24899292 2.82599974
v 84.02799988 170.29100037 2.57399964
v 84.84500122 168.03300476 2.92599940
v 82.74099731 168.10499573 2.61499929
v 84.20700073 165.79400635 3.20899963
v 82.79299927 166.32499695 2.81199908
v 83.54399872 164.21899414 3.45599937
v 81.50400543 165.75300598 2.59399891
v 81.86599731 164.00199890 3.05699921
v 90.34300232 169.59300232 2.66699958
v 91.50800323 171.23899841 2.13499928
v 90.63300323 168.35499573 14.82799911
v 89.09400177 168.56500244 15.80999947
v 89.36100006 167.06800842 14.49199963
v 87.90699768 166.62699890 15.84899902
v 88.27600098 165.76400757 14.36799908
v 86.82099915 164.85800171 15.32299900
v 88.09700012 164.88499451 12.98299980
v 86.77500153 163.78399658 13.62499905
v 87.76900482 163.99400330 11.63199902
v 86.49200439 162.77900696 11.92799950
v 87.10500336 163.21800232 11.21699905
v 86.72000122 162.72500610 10.02099895
v 87.73500061 163.60600281 10.34999943
v 87.52200317 163.13600159 8.69399929
v 89.34400177 164.62899780 9.28699970
v 88.92099762 164.02499390 7.49199915
v 90.50499725 165.02699280 7.75399876
v 89.48300171 164.35499573 6.05899954
v 91.52899933 165.29100037 5.83799934
v 90.03099823 164.90699768 5.00699902
v 91.12200165 165.35899353 4.87199879
v 90.02200317 165.25599670 4.51099968
v 90.74600220 165.66099548 4.31999922
v 90.06800079 166.85600281 3.58999896
v 91.31900024 167.40499878 3.36899877
v 89.48100281 168.14399719 3.13799930
v 89.70700073 169.80700684 15.19299889
v 90.64400482 170.00999451 14.84899902
v 89.59300232 170.42100525 14.97399902
v 90.93499756 170.76300049 14.48099899
v 89.65799713 172.02699280 14.20699883
v 91.12800598 172.31300354 13.76199913
v 90.42600250 173.66099548 13.25699902
v 92.20300293 172.58500671 13.45799923
v 92.51000214 174.43699646 12.54899979
v 94.19400024 172.50700378 13.19699955
v 93.82900238 174.81199646 12.19599915
v 95.10400391 173.51599121 12.68299866
v 95.69899750 174.68400574 12.11499977
v 97.30300140 173.91600037 12.34999943
v 96.36700439 175.76100159 11.29199982
v 98.59400177 175.23199463 11.66399956
v 97.05400085 176.06300354 10.90599918
v 97.83799744 176.13200378 10.81599903
v 96.62699890 176.51800537 9.44599915
v 98.86700439 176.78700256 9.19299984
v 97.34400177 176.88400269 7.96299887
v 98.83400726 177.17700195 7.09599924
v 87.69499969 168.91999817 16.47099876
v 88.30000305 170.39199829 15.40099907
v 88.90599823 170.52999878 15.13599873
v 88.65499878 171.10099792 14.92899895
v 88.31999969 171.77999878 14.69899940
v 88.09200287 172.37699890 14.47199917
v 87.13700104 171.64300537 15.20999908
v 87.53600311 173.05700684 14.32299900
v 91.87300110 168.50799561 14.07999897
v 90.66999817 167.43400574 13.58299923
v 89.97599792 166.63700867 13.02799892
v 89.53500366 165.92700195 12.33999920
v 90.32399750 166.44999695 12.12399960
v 89.88700104 165.74000549 11.37499905
v 90.38500214 165.78599548 10.65399933
v 89.03400421 164.95600891 11.19399929
v 91.96200562 170.47000122 14.35199928
v 92.92700195 172.05000305 1.92599928
v 93.92800140 170.00300598 2.28599930
v 94.47900391 172.22500610 1.68299949
v 96.36499786 170.97000122 1.65499938
v 95.50600433 172.97000122 1.70499921
v 96.91799927 172.34700012 1.30799878
v 93.17700195 169.44500732 14.06399918
v 92.61799622 168.57600403 13.51699924
v 91.65700531 167.73100281 13.03399944
v 93.16100311 168.50900269 13.04899883
v 93.51900482 167.79800415 11.53899956
v 94.67299652 169.33999634 13.23499966
v 95.76399994 168.76199341 11.99699974
v 96.06400299 170.00300598 13.29899883
v 96.74300385 170.02600098 13.11899948
v 96.66400146 170.85000610 13.32899952
v 97.57599640 170.53100586 13.14599895
v 98.01200104 172.21499634 12.90999889
v 98.38000488 170.57701111 13.01099873
v 99.17299652 170.68099976 12.89899921
v 93.02700043 170.58399963 14.09699917
v 93.47200012 171.60099792 13.64399910
v 94.32600403 170.85900879 13.78199959
v 96.08499908 171.99899292 13.18599892
v 93.94200134 169.54699707 13.72799969
v 95.20700073 170.14300537 13.57499886
v 94.02300262 174.46899414 3.14699960
v 92.10700226 175.09300232 4.19499922
v 96.95500183 174.00299072 2.02899885
v 96.19499969 175.13499451 3.07099891
v 99.47200012 169.67900085 12.10599899
v 97.85900116 169.38099670 12.15999985
v 98.66300201 168.69299316 10.85599899
v 97.21500397 168.27400208 10.60999966
v 98.69999695 168.00599670 9.41899967
v 96.56300354 167.16999817 8.26899910
v 98.96700287 166.90499878 3.72799945
v 100.54499817 166.86300659 4.80999899
v 99.91100311 167.06401062 3.50299954
v 101.30899811 166.94200134 3.54399896
v 102.83799744 167.15800476 5.37099981
v 103.30100250 166.92999268 3.82799935
v 104.78800201 166.98500061 4.29999924
v 104.33600616 167.49200439 2.53299904
v 104.99800110 167.27299500 2.94399905
v 105.62200165 167.48300171 2.22199965
v 106.17500305 166.80000305 3.93899894
v 106.16600037 167.30900574 2.32399917
v 106.96099854 167.51199341 2.42799902
v 106.64499664 168.04598999 1.52099872
v 107.24400330 168.50799561 1.70499921
v 107.07800293 169.05200195 1.16899979
v 107.43200684 169.67999268 1.51099920
v 107.05100250 170.50599670 0.70999932
v 108.20299530 171.41600037 2.71999931
v 107.27600098 171.85800171 0.93199873
v 107.76399994 172.22700500 1.74399936
v 107.10399628 172.80299377 0.81999969
v 107.33600616 173.32200623 1.29499936
v 105.68200684 173.56100464 0.16499870
v 106.96800232 174.29000854 1.26899970
v 106.51800537 175.16700745 1.23499894
v 107.02400208 175.75801086 2.24499965
v 100.01900482 170.41700745 12.61299896
v 99.92500305 171.85800171 12.79499912
v 100.71700287 170.74700928 12.67099953
v 100.73300171 172.82800293 12.48299980
v 101.30599976 171.00900269 12.63999939
v 102.73500061 172.28100586 12.42499924
v 102.08300018 171.20700073 12.56999969
v 102.84000397 171.07299805 12.49599934
v 102.00000000 170.46400452 12.37399960
v 102.96900177 169.43800354 11.28799915
v 100.85399628 169.50799561 11.60599899
v 100.93400574 168.69099426 10.16599941
v 100.52000427 167.54299927 2.81699944
v 102.12800598 177.57800293 5.09599972
v 100.29699707 177.38800049 4.38399887
v 100.14500427 177.46200562 5.81199932
v 98.89199829 177.02101135 4.09899950
v 101.09500122 176.45999146 3.05999899
v 102.21500397 176.96099854 3.39599895
v 102.63700104 176.26600647 2.72499967
v 103.06600189 177.01300049 3.39999890
v 103.91600037 176.87699890 3.29199910
v 103.72000122 177.48699951 4.31699944
v 104.81500244 176.96299744 3.38799882
v 105.40200043 177.66099548 4.03099871
v 106.35099792 177.37399292 3.27799940
v 106.81599426 177.48100281 3.74199915
v 100.20700836 176.62800598 3.42599964
v 101.52899933 175.09700012 1.97099900
v 103.06000519 175.11500549 1.88499963
v 103.37600708 173.61500549 0.80399960
v 104.39800262 175.18600464 1.91199970
v 104.67800140 174.24800110 0.99699944
v 105.10199738 174.94799805 1.31199884
v 101.98600006 167.18000793 3.05999899
v 102.38200378 167.33000183 2.81499887
v 102.31300354 169.06800842 1.70899928
v 103.21399689 167.41799927 2.63399911
v 104.00800323 169.20199585 1.38699913
v 105.40499878 168.83799744 1.06799972
v 106.26399994 171.86500549 0.00000000
v 104.52399445 172.55400085 0.16499870
v 105.11000061 170.71501160 0.35099870
v 102.81800079 171.54400635 0.56899899
v 107.62200165 168.02500916 7.44599962
v 105.44300079 167.54499817 6.32599926
v 108.05500031 168.85200500 8.05399895
v 106.26100159 176.52999878 2.43199897
v 105.78199768 175.80299377 1.67899954
v 105.50599670 176.35899353 2.39999962
v 104.54300690 176.18200684 2.74199891
v 106.74099731 176.76100159 2.96499944
v 107.65200806 176.14300537 4.09299898
v 107.15000153 167.36900330 5.88699913
v 107.74100494 167.97399902 4.51199913
v 107.33799744 167.50500488 3.72699928
v 106.94799805 177.76699829 4.29699945
v 107.25300598 177.78900146 5.02599955
v 105.56900024 177.69999695 5.76299906
v 107.44600677 173.91099548 12.02699947
v 106.95500183 175.30900574 11.53999901
v 105.17400360 173.82499695 11.80399895
v 104.86299896 175.09201050 11.33899879
v 103.25599670 173.90100098 11.91699886
v 103.07199860 175.76300049 11.10799980
v 101.69400024 175.37400818 11.48099899
v 102.52799988 176.37300110 10.55799961
v 101.13800049 176.18400574 10.79499912
v 101.72800446 176.75799561 9.75799942
v 100.27700043 176.33000183 10.59999943
v 100.04900360 176.94300842 8.66999912
v 107.97699738 174.51800537 11.14999962
v 106.85699463 176.41099548 10.63299942
v 107.85900116 175.89500427 10.32699966
v 107.93499756 175.20700073 10.88099957
v 105.54699707 176.24899292 10.63399887
v 105.33800507 176.88699341 9.49899960
v 104.46600342 176.23300171 10.61499882
v 103.35800171 176.52000427 10.33399868
v 108.09899902 168.48899841 6.07999897
v 108.01699829 168.37800598 5.19899940
v 108.72499847 170.17500305 5.84699965
v 108.49900055 170.10299683 4.09599972
v 108.88899994 171.82600403 5.71899939
v 108.48699951 173.45500183 4.56399918
v 108.18199921 173.66900635 3.05699921
v 107.17500305 167.42999268 3.14899898
v 107.80400085 168.68699646 2.80899930
v 107.39199829 177.63700867 7.02099991
v 107.21600342 177.87500000 6.17499924
v 106.48799896 177.54100037 7.71699953
v 104.65900421 177.16099548 7.78099918
v 104.06600189 177.44599915 5.74299860
v 102.84800720 177.31500244 6.83199883
v 101.20999908 177.23100281 7.31699896
v 107.99300385 176.41200256 6.39599943
v 107.49499512 177.43800354 7.76899862
v 107.76300049 177.05999756 8.39299870
v 107.42099762 177.29800415 8.84199905
v 108.22299957 175.93701172 9.28799915
v 107.35299683 177.05500793 9.59499931
v 107.70899963 172.38999939 12.10999870
v 105.67900085 172.53700256 12.18099976
v 108.22399902 173.13999939 11.40999889
v 108.12100220 172.47700500 11.58499908
v 108.42100525 171.72900391 10.85699940
v 106.87300110 171.49899292 12.34499931
v 106.54600525 170.65800476 12.10199928
v 105.75700378 171.60299683 12.28999901
v 104.99199677 171.20700073 12.31199932
v 101.71199799 173.77900696 12.05599880
v 100.23300171 174.56700134 11.91699886
v 108.38700104 174.34300232 10.21299934
v 108.32800293 169.10900879 6.77999926
v 108.18099976 170.19000244 10.66999912
v 108.31900024 169.94900513 9.82999897
v 108.59700012 171.08599854 9.06499958
v 108.13800049 169.30200195 8.89599895
v 108.64099884 170.30900574 7.55599880
v 1.93100047 72.56700134 12.27899933
v 2.46000290 71.65799713 10.85399914
v 1.71300030 70.85100555 12.42499924
v 2.36099958 69.23500061 10.69099903
v 1.59600008 68.68299866 12.34599876
v 2.36200166 67.78199768 10.51499939
v 1.29299986 66.65399933 12.88599968
v 2.47500086 66.49700165 10.17599964
v 1.69499969 65.61399841 11.77399921
v 2.55800033 64.50900269 9.92499924
v 1.84400010 64.38400269 11.40499878
v 1.81300187 62.90700150 11.44999886
v 1.00700188 62.86199951 13.46799946
v 1.41300261 61.38700104 12.44499874
v 0.84200132 61.27700043 14.04999924
v 1.04600191 59.11400223 13.58099937
v 0.61700118 60.03200150 14.83799934
v 0.70400167 57.63000107 14.78699875
v 0.29199943 58.94800186 16.18799973
v 0.31800196 57.56900024 17.13999939
v 0.35800040 59.26600266 18.43599892
v 0.62699986 57.92400360 19.78299904
v 0.66000223 59.98500061 20.79799843
v 0.90000033 59.02999878 21.78599930
v 0.77399981 60.21900177 21.60999870
v 1.28300118 59.66900253 23.11899948
v 0.76200068 61.21400070 21.88099861
v 1.26799941 61.70999908 23.40499878
v 0.61200190 62.10200119 21.40799904
v 0.76600164 63.03499985 22.07599831
v 0.38599968 63.39599991 19.89900017
v 0.63600016 63.82299805 21.54399872
v 0.28800219 65.16400146 19.48799896
v 0.59800220 65.65900421 21.33299828
v 0.43199956 66.35500336 20.28599930
v 0.59000027 67.65100098 21.08999825
v 0.24200231 67.85800171 19.22900009
v 0.43500215 69.34000397 20.03199959
v 0.00000000 68.31500244 17.55599976
v 0.04700199 69.76300049 17.92499924
v 0.44300035 68.98600006 15.64899921
v 0.30300021 70.70899963 16.44599915
v 0.66800046 70.46400452 15.22699928
v 0.98500025 72.76300049 14.79699898
v 1.27699971 71.48999786 13.68599892
v 1.67400014 73.58900452 13.12299919
v 2.65000010 73.23000336 10.79499912
v 3.41800237 73.11499786 9.26299858
v 3.03100061 71.05899811 9.62399960
v 3.89700007 72.22299957 8.21799850
v 3.54400277 69.94000244 8.48499966
v 4.53900194 70.77200317 7.01699972
v 4.12300205 67.82199860 7.34399891
v 5.05200005 68.35200500 6.07199955
v 4.23699999 65.23200226 7.07699919
v 5.26400089 66.45999908 5.67899942
v 5.24600029 64.63200378 5.64799929
v 6.56400061 65.81500244 4.00499916
v 6.41700077 63.06700134 4.18799925
v 7.46400118 63.88800049 3.14299941
v 8.07700157 62.47100067 2.57499886
v 8.28700161 65.37100220 2.37599945
v 9.44800091 64.41699982 1.54199922
v 10.02000046 66.31800079 1.22199953
v 10.64700031 64.22800446 0.84299970
v 11.58100224 65.74200439 0.53599846
v 11.53900146 64.47999573 0.52700007
v 12.79200077 65.18300629 0.27900004
v 11.71000099 63.55300140 0.45999885
v 12.95500088 62.93199921 0.22699870
v 11.89700127 62.24300003 0.37899986
v 12.84300137 60.83200073 0.20899996
v 11.70500183 60.97800446 0.41899830
v 11.56000042 60.14900208 0.44399872
v 10.51400089 61.08400345 0.85299838
v 10.46000004 58.94800186 0.86899847
v 9.04200077 61.37300110 1.78199911
v 8.56800175 59.97299957 2.13999963
v 7.49600124 60.93700409 3.17799950
v 7.34600067 58.89400101 3.31599927
v 6.48600054 60.43299866 4.15499878
v 6.31500053 58.35700226 4.42799950
v 5.08900166 60.11800003 5.94699955
v 5.42300177 58.43700027 5.60799885
v 4.49100113 57.98600388 6.93599892
v 5.46100187 56.95600128 5.59799910
v 4.17299938 56.07800293 7.53499937
v 5.52500057 55.51100159 5.64499950
v 4.64400101 54.91500092 6.90299940
v 5.32500076 53.52000046 6.05299902
v 3.95200038 54.56500244 8.01499939
v 3.86600208 52.90400314 8.33199883
v 2.88800144 54.79400253 9.83899879
v 2.49300146 53.51900101 10.77199936
v 1.96300077 54.95800018 11.69899940
v 1.91500044 52.45200348 12.29299927
v 1.49500000 53.24100113 13.31999874
v 1.70199943 51.15000153 13.19899940
v 1.08800077 51.61000061 14.99399948
v 1.27100205 50.05599976 14.87399960
v 0.91600049 50.91899872 17.06099892
v 1.17400289 48.99600220 16.37799835
v 1.24699998 49.41500092 18.61899948
v 1.34100020 48.30799866 17.88799858
v 1.64899969 48.69100189 20.52499962
v 1.65500116 46.78000259 18.77599907
v 1.79400301 47.62500000 20.39799881
v 1.85900187 46.77600098 20.10299873
v 2.35300136 46.54100037 21.81899834
v 2.05799937 45.74700165 20.30999947
v 2.23200035 44.94499969 20.57499886
v 1.93500149 45.12900162 19.32299995
v 2.34600163 44.11199951 20.54899979
v 2.00200081 43.58399963 18.44999886
v 2.32100105 43.24399948 19.94999886
v 2.30500102 42.19100189 19.05900002
v 2.58300090 42.55600357 20.55999947
v 2.59000063 41.81200409 20.12199974
v 3.10000038 41.05500031 21.63699913
v 2.67200184 41.09299850 20.03100014
v 2.96499944 40.12200165 20.60499954
v 2.75500107 40.46799850 19.99399948
v 2.60100150 40.10000229 18.97099876
v 2.12100148 41.86700439 17.34799957
v 1.99300051 42.91200256 15.67299938
v 1.78800154 44.41099930 17.46199989
v 1.62599981 45.51800156 16.19599915
v 1.47100163 46.94400024 17.33799934
v 0.20899996 60.77999878 16.43899918
v 0.25200099 62.00600052 18.51499939
v 0.12500212 62.81100082 16.84899902
v 0.09199977 64.13800049 17.71699905
v 0.23800135 64.58600616 15.95199966
v 0.04900247 65.95199585 17.92099953
v 0.08999929 66.17199707 16.68400002
v 0.26300177 67.54499817 15.94399929
v 1.00200248 67.97699738 13.81299877
v 1.16100168 69.61199951 13.58899879
v 0.43700263 60.84000015 19.48399925
v 0.86500120 76.21399689 16.02599907
v 0.40300190 74.31200409 17.19699860
v 0.58700144 76.45899963 17.92499924
v 0.51899999 74.13500214 18.86299896
v 0.76000023 75.08699799 19.68499947
v 0.86900222 73.51699829 21.07199860
v 1.03300071 75.35400391 21.20800018
v 1.24600160 74.19000244 22.43699837
v 1.22199953 74.80400085 22.23499870
v 1.35700035 75.39199829 22.50999832
v 1.55200064 75.95600128 22.95199966
v 1.48500133 76.79100037 22.51999855
v 1.70199943 77.01000214 23.15999985
v 1.64600086 77.91699982 22.81299973
v 2.17900062 77.62900543 24.37299919
v 1.65900218 78.77700043 22.66799927
v 2.23100185 79.46900177 24.07899857
v 1.84899938 80.06400299 22.79099846
v 2.24599981 80.88100433 23.67099953
v 2.10100031 81.31200409 23.09399986
v 2.15899944 82.08799744 23.00799942
v 1.58699977 81.68499756 20.82899857
v 2.28400159 83.19799805 22.96099854
v 1.81700289 83.61900330 20.83699989
v 2.48100233 84.51100159 22.99899864
v 2.21000242 85.26100159 21.47900009
v 2.66100097 86.27700043 22.73200035
v 2.54300237 86.46400452 22.14499855
v 2.37500286 86.89700317 21.25000000
v 2.15600061 85.94699860 20.87100029
v 1.99799991 85.33000183 20.61299896
v 2.00800228 86.35199738 19.83599854
v 1.72699988 84.57099915 19.52199936
v 1.78699946 85.61299896 17.80399895
v 1.58800185 84.05300140 18.13399887
v 1.59100068 83.30599976 16.77199936
v 1.27200031 81.78900146 17.81399918
v 1.60900128 81.30999756 15.70299911
v 0.99800158 79.69999695 17.20799828
v 1.75400078 79.91999817 14.79799938
v 0.95600259 78.26499939 16.39999962
v 1.63000083 78.04299927 14.48299885
v 1.46400189 75.53800201 14.16599941
v 0.76600164 74.09500122 15.82299900
v 0.26100129 72.35700226 17.07999992
v 0.23600087 70.96299744 18.72699928
v 1.02300191 64.77300262 13.48299885
v 0.46700239 63.04899979 15.15499878
v 0.57600069 66.01799774 14.90899944
v 0.43899938 72.56900024 19.08399963
v 0.61300027 71.20400238 20.55699921
v 0.70000064 69.40900421 21.47499847
v 0.88700283 68.82600403 22.18299866
v 0.92700124 68.08300018 22.39699936
v 1.25199926 68.86800385 23.31799889
v 1.28399956 67.55500031 23.48799896
v 2.03900051 69.04100037 25.30200005
v 1.80400157 66.93800354 24.93400002
v 2.70099926 67.81700134 26.79099846
v 2.77100134 65.83800507 27.01899910
v 3.69000053 67.20000458 28.60199928
v 3.62000251 65.46199799 28.54299927
v 4.59000111 65.36199951 29.95599937
v 4.18100119 63.62600327 29.32600021
v 5.29900169 64.01799774 30.69099808
v 5.95700169 62.85800171 31.19299889
v 6.95800018 64.39900208 31.86699867
v 8.25899982 64.05400085 32.43700027
v 7.92400169 67.07700348 32.44799805
v 9.44700050 66.16099548 32.98600006
v 8.57800102 68.64600372 32.77500153
v 9.88000107 68.00499725 33.25399780
v 9.76700115 69.05799866 33.25500107
v 11.05600071 69.26499939 33.65900040
v 10.18900013 70.09100342 33.44200134
v 11.85100174 71.99199677 33.96099854
v 9.86100197 70.80500031 33.34099960
v 10.35300064 71.64299774 33.52399826
v 9.00100136 72.42099762 33.04499817
v 9.90500069 72.71600342 33.40499878
v 9.85700035 74.37500000 33.40999985
v 10.10500050 73.59999847 33.48399734
v 11.67200089 73.95700073 33.95599747
v 10.74700069 72.50199890 33.67099762
v 1.90399957 59.97600174 24.86499977
v 1.60299993 57.95800018 23.77599907
v 2.47500086 58.13199997 25.91099930
v 2.32600045 56.09900284 25.28999901
v 2.99600148 56.88100052 26.80900002
v 3.38700032 55.47400284 27.33600044
v 4.18899965 56.50300217 28.68499947
v 4.23400116 54.58300018 28.51099968
v 5.47600174 56.31599808 30.15099907
v 5.21500015 54.12900162 29.67299843
v 6.59800148 55.14899826 30.77399826
v 6.17800093 52.59299850 30.16699982
v 7.29400110 52.88199997 30.80900002
v 7.78800058 51.47800064 30.85700035
v 9.20400047 52.32899857 31.58899879
v 9.10200214 50.00299835 31.23299980
v 10.65700150 51.08600235 31.91399956
v 10.56300068 50.23100281 31.75899887
v 11.99800110 50.72900391 32.19799805
v 10.83300114 49.55200195 31.72599983
v 11.47600079 49.18800354 31.83599854
v 10.88500023 48.37300110 31.53999901
v 12.91300201 47.79200363 31.91699982
v 11.07400131 47.32100296 31.40499878
v 12.07800007 45.85799789 31.40999985
v 10.99600124 46.09500122 31.17999840
v 10.63500118 45.19200134 30.90499878
v 9.91200066 46.72100067 30.93999863
v 9.31900215 44.22800064 30.32399940
v 8.65200138 46.33600235 30.41799927
v 7.40300131 45.22800064 29.63999939
v 6.55900145 47.38000107 29.57299995
v 5.80500078 46.54700089 28.81200027
v 5.32200193 48.83700180 28.81399918
v 4.62300158 48.46599960 27.82099915
v 4.85700178 50.78000259 28.67199898
v 3.98600101 49.54400253 27.10799980
v 3.64699960 52.07800293 27.08099937
v 3.03300095 51.36899948 25.68799973
v 2.87999964 53.96599960 26.07199860
v 2.28400159 51.85200119 24.16799927
v 2.08299971 54.16199875 24.30399895
v 1.63000083 52.52300262 22.60199928
v 1.48599970 54.02600098 22.52599907
v 1.17100024 53.01100159 21.11299896
v 1.11399961 54.13800049 21.42300034
v 1.02899969 53.16400146 20.36599922
v 0.85800141 55.85700226 20.48699951
v 0.75900185 54.95900345 19.28599930
v 0.51300228 56.35400009 18.44999886
v 0.47999993 55.32700348 17.11399841
v 0.67800283 55.93300247 15.30299950
v 1.26600266 55.15399933 13.55899906
v 1.47699940 56.67399979 12.64899921
v 1.98300183 57.37900162 11.38299942
v 3.02900004 56.40100098 9.41499901
v 2.48400116 58.22800064 10.29299927
v 3.05400038 59.18900299 9.17699909
v 2.28299952 59.82899857 10.55999947
v 2.67099953 61.53900146 9.70099926
v 1.73600018 60.48700333 11.69699955
v 0.87200105 57.38000107 21.24599838
v 0.96300244 58.31599808 21.87599945
v 1.00200248 57.74100113 21.97500038
v 1.53600049 56.24699783 23.29399872
v 1.00500131 56.99900055 21.90099907
v 1.10900033 55.84000015 21.91499901
v 0.99500269 69.47000122 22.47099876
v 1.46200132 69.70899963 23.84499931
v 1.00599980 70.27400208 22.42599869
v 1.35000050 71.81700134 23.24199867
v 0.93499947 71.27200317 22.01700020
v 0.92600286 71.88600159 21.89099884
v 2.96100235 39.31400299 20.13099861
v 3.14600015 38.26200104 20.16499901
v 3.47600126 39.12400055 21.76399994
v 3.94500041 37.67300415 22.26499939
v 3.85900211 39.79700089 23.13099861
v 5.01200199 37.63600540 24.77899933
v 4.62600040 39.08200073 24.63399887
v 5.54000044 38.72500229 26.23600006
v 4.47400284 40.39200211 24.89299965
v 5.83100128 40.45399857 27.30299950
v 5.24200106 41.54999924 26.76899910
v 6.17900133 42.39699936 28.23199844
v 4.97600079 42.88600159 26.74899864
v 6.88900042 43.57500076 29.08699989
v 5.46600103 44.87699890 28.04100037
v 4.68300104 46.33200073 27.27799988
v 3.90000272 47.14500046 26.13699913
v 3.42300153 48.47100067 25.59099960
v 2.70999956 50.15399933 24.58599854
v 1.98199975 50.45899963 22.76599884
v 1.39100099 50.72399902 20.73099899
v 1.29200149 51.41200256 20.72399902
v 1.13400078 50.86500168 19.09299850
v 0.90000033 53.10600281 19.09399986
v 0.55900216 54.06700134 16.86999893
v 0.73700023 52.34000015 17.08099937
v 0.94800067 53.64400101 14.85499954
v 1.43799925 80.05000305 20.98499870
v 1.19700289 78.87999725 20.31099892
v 1.16899979 77.35600281 21.02299881
v 0.85500252 78.09100342 19.00499916
v 0.90900064 76.47200012 20.01199913
v 1.15200138 80.60400391 18.95299911
v 0.93600154 66.95700073 22.46299934
v 1.15000081 65.89399719 23.19199944
v 0.90200078 65.56099701 22.45299911
v 0.86000192 64.83999634 22.35999870
v 0.94900280 63.67800140 22.63999939
v 1.84800100 62.37200165 24.97099876
v 2.59600210 59.83200073 26.38299942
v 3.57500100 58.68600082 28.01399994
v 2.79900050 64.44300079 27.06699944
v 2.71100187 62.53600311 26.83399963
v 1.92900002 64.62400055 25.28499985
v 1.37500095 64.68900299 23.88099861
v 1.52300298 58.94499969 12.27399921
v 1.54700136 49.94300079 20.92899895
v 2.37600136 48.25200272 22.85299873
v 2.87900114 48.07099915 24.14200020
v 2.95700121 46.10599899 23.47099876
v 3.71400261 46.03699875 25.26700020
v 3.83200121 44.30500031 24.91599846
v 4.45400190 44.47999954 26.29800034
v 1.08700252 54.87500000 21.56499863
v 1.79700184 71.19799805 24.50699997
v 1.84800100 73.88600159 24.22299957
v 1.34000182 73.46399689 22.86499977
v 1.07499957 72.83599854 22.16299820
v 40.69900131 124.31999969 2.58999872
v 41.56500244 123.12300110 3.21799898
v 40.82800293 121.48000336 3.23999953
v 42.05400085 119.74199677 4.23499966
v 40.15000153 119.74099731 3.30999970
v 40.36400223 118.36199951 3.76899910
v 38.64800262 118.72699738 2.90999937
v 38.54400253 116.77999878 3.27999878
v 37.06700134 117.49700165 2.56499934
v 37.53000259 114.94000244 3.22999907
v 35.95400238 115.16699982 2.54699969
v 35.68099976 113.22299957 2.79399943
v 34.41900253 114.42500305 2.14299941
v 33.68700027 113.27300262 2.06399894
v 32.02899933 113.84300232 1.57899964
v 31.52500153 111.94999695 1.64499879
v 30.31400108 113.53500366 1.24899852
v 29.47900200 112.65200043 1.15799904
v 27.55200195 113.81800079 0.83799845
v 26.96800232 111.70300293 0.86099839
v 26.20500183 113.83300018 0.73299932
v 25.38400078 111.84100342 0.74499846
v 24.52600098 113.45000458 0.71799940
v 23.59800148 112.50099945 0.76299906
v 21.95500183 113.01599884 0.94999933
v 22.81800079 110.74900055 0.80299938
v 20.88400078 110.72399902 0.98899937
v 22.05400085 109.12100220 0.82799977
v 20.37700081 109.07900238 0.99599922
v 21.85900116 107.75800323 0.80999917
v 19.73400116 107.99200439 1.04699838
v 20.05400085 106.91899872 0.95899963
v 18.70600128 107.56700134 1.26999986
v 18.64000130 106.50800323 1.18199921
v 17.60400009 107.05100250 1.61299944
v 18.26900101 105.75299835 1.23499894
v 17.97500038 105.27500153 1.27599943
v 19.11600113 104.86599731 1.01699865
v 17.94200134 104.07600403 1.18199921
v 20.01300049 102.71199799 0.86000001
v 17.98100090 102.94599915 1.10599959
v 18.52700043 101.23200226 0.92699939
v 17.25399971 102.11399841 1.23699939
v 16.93300247 100.97000122 1.22299981
v 15.97700119 102.13400269 1.75399888
v 16.55700111 100.10500336 1.27100015
v 15.24200058 100.30500031 1.87399888
v 15.99100018 98.81600189 1.33899879
v 14.27400112 98.53800201 2.18099904
v 14.65799999 96.90200043 1.69899964
v 12.96000195 97.57700348 3.03199887
v 12.89900208 95.93000031 2.71399879
v 11.93000221 96.76399994 3.82899952
v 11.48300076 95.30599976 3.88099909
v 10.89400101 97.27600098 5.13399935
v 9.99100113 95.46800232 5.66299915
v 9.19600201 96.51300049 7.01299953
v 8.92200089 94.99200439 6.89399910
v 7.64100075 94.88600159 8.66999912
v 8.41500092 93.57400513 7.09699917
v 7.30200100 92.49300385 8.31899929
v 8.32400131 92.10099792 6.73499870
v 7.44400167 90.41300201 7.42099905
v 8.63700199 90.21299744 5.75899887
v 7.14900160 88.77700043 7.37999916
v 8.26800060 87.56500244 5.51699924
v 6.84100199 86.84500122 7.23799896
v 7.51600027 85.19499969 5.82299948
v 6.45100117 84.10900116 7.04499912
v 7.19200087 82.20899963 5.54599905
v 5.66400051 81.77999878 7.61999941
v 5.77800179 80.54199982 7.12499952
v 4.70000124 81.37599945 9.11399937
v 4.79500198 79.28900146 8.31199932
v 4.01100159 80.28900146 10.08899975
v 3.89700007 78.38100433 9.73799896
v 3.20700192 79.01000214 11.26299953
v 2.92400265 76.65499878 11.11599922
v 2.28299952 77.50399780 12.66999912
v 2.06300235 75.38100433 12.63099861
v 1.44800174 82.62799835 19.15699959
v 1.24200058 51.97600174 20.85699844
v 1.66299939 47.32900238 14.65099907
v 1.81400037 48.90299988 13.50199890
v 2.19700122 49.22000122 12.39399910
v 2.44599962 51.21200180 11.26999950
v 2.76499987 49.39700317 10.97199917
v 3.43799973 49.69499969 9.56899929
v 3.53700304 47.88000107 9.73799896
v 4.47500134 48.82400131 7.89499950
v 4.07399988 46.93199921 8.92999935
v 4.83300161 46.52399826 7.71399975
v 3.72300291 45.40900040 9.85999870
v 5.28200150 44.86100006 7.29299879
v 4.12600136 43.82600403 9.43499947
v 4.63500071 42.34899902 8.89899921
v 3.43500090 42.17800140 11.20699978
v 4.42900133 40.04299927 9.89699936
v 3.67300224 40.27199936 11.31199932
v 4.20499945 38.89000320 10.70699978
v 3.38800240 38.98400116 12.46099949
v 4.13900232 37.67100143 11.32899952
v 3.10800219 37.50600052 13.72299957
v 4.08099985 36.50999832 11.82399940
v 3.48900270 35.40400314 13.71999931
v 4.11999989 34.75700378 12.25799942
v 3.70899963 33.46100616 14.29099941
v 4.42299986 32.74000549 12.49599934
v 4.18700266 31.12100029 14.63199902
v 4.96500158 29.35799980 13.29499912
v 4.76000071 28.89300156 15.06699944
v 5.54100037 26.95400238 13.79699898
v 5.39700127 26.82399750 16.17700005
v 6.08500099 24.97500229 14.80399895
v 6.14500046 24.70900154 15.90799904
v 6.75700045 23.17000198 14.46099949
v 6.90000153 22.91200256 16.66199875
v 7.54500198 21.20199776 15.51299953
v 7.43200064 21.60700417 16.44599915
v 7.99900103 20.30700493 16.32799911
v 7.88600206 20.90699959 17.78399849
v 8.67700195 18.97700119 16.90699959
v 9.18700218 19.37700081 19.18899918
v 9.70100021 17.77400017 18.11699867
v 10.50200081 17.53000259 20.12599945
v 10.98500156 15.92300129 18.83300018
v 11.59300137 15.76299953 20.35599899
v 12.23400021 13.89300060 19.47799873
v 12.73600197 15.25799942 21.86499977
v 13.49100113 13.11500359 21.05999947
v 14.26100159 13.87800312 22.42399979
v 14.70300198 11.79599762 21.52499962
v 15.80000114 12.56599998 22.82299995
v 15.97900105 11.25100231 22.29299927
v 17.43800163 11.00400066 23.05399895
v 17.05400085 8.88900471 21.82799911
v 18.59399986 10.04499912 23.13299942
v 19.33100128 7.67700386 22.17799950
v 20.01200104 8.95500183 23.12299919
v 20.96000099 7.55900145 22.64199829
v 21.18400192 8.78900337 23.37399864
v 21.68600082 7.77300453 22.93299866
v 22.51100159 8.98800087 23.72499847
v 22.84000015 7.37400341 22.87699890
v 24.82700157 8.53399944 23.64099884
v 24.65100098 6.46500301 22.55599976
v 26.64300156 7.22900009 22.83799934
v 26.60300064 5.29800367 21.83899879
v 28.63800049 6.71900082 21.80499840
v 28.33400154 4.61900234 20.78899956
v 29.75800133 6.10999775 20.70699883
v 29.82100105 4.70300007 19.83599854
v 30.88000107 6.10700226 19.66699982
v 30.70000076 5.18400240 19.29799843
v 31.72200203 6.73700142 19.12799835
v 31.60600090 5.38299990 18.46399879
v 32.56200027 6.98100042 18.04199982
v 32.03800201 4.86200285 17.19599915
v 33.30300140 6.71700382 16.45999908
v 33.26000214 5.57000208 14.80299950
v 33.82200241 7.49400234 14.97499943
v 33.75600052 7.17400026 13.12799931
v 34.21800232 8.97999859 13.74699879
v 34.10800171 9.00400448 12.33199978
v 34.43400192 10.01700020 13.65899944
v 34.28599930 10.05600357 11.88199902
v 34.51700211 10.61600494 13.24199963
v 34.67100143 11.58100319 12.56099892
v 34.81100082 11.87200069 13.96899891
v 34.85000229 12.37300014 12.96899891
v 35.10000229 13.60499859 13.81699944
v 34.97700119 13.50500393 12.21999931
v 35.11500168 14.69200134 11.91099930
v 34.62300110 12.48499775 10.83299923
v 34.76900101 14.23700142 10.32699966
v 34.21000290 13.28700066 8.95699978
v 34.37800217 15.39000130 8.84399891
v 33.85400009 15.53899765 7.98199892
v 33.90500259 16.36499977 7.92899895
v 32.96599960 15.46800137 6.97499895
v 33.94000244 17.39600372 7.78999901
v 33.02000046 16.85000229 6.91599941
v 33.88100052 17.83300209 7.64299917
v 33.65999985 18.50000000 7.24999905
v 34.66300201 18.78099823 8.65599918
v 34.04600143 19.51900101 7.50999880
v 34.65600204 20.53900146 8.35099888
v 33.81900024 20.69699860 7.04799986
v 34.55200195 22.23200417 7.82599974
v 33.90999985 21.73800087 6.93399906
v 33.89100266 23.20899773 6.62999868
v 33.06100082 21.79800034 6.10399914
v 32.92600250 23.55000305 5.64899969
v 31.54800224 22.48100281 4.98299932
v 31.18700027 23.57700539 4.55699968
v 30.86800194 22.75200272 4.56899977
v 30.18000031 23.52400208 4.06799936
v 30.26900101 22.34200478 4.34599924
v 29.45900154 22.32299805 3.99399924
v 29.13700104 21.02000237 4.03699923
v 28.41200066 21.74799919 3.67199898
v 27.39300156 21.71000099 3.32199979
v 27.42200089 22.90700340 3.14299941
v 25.65900230 21.98100090 2.74899888
v 25.70700073 23.62800407 2.52899909
v 24.33600044 23.99300003 2.14999914
v 26.07500076 24.97100067 2.45099878
v 25.39800072 26.00700378 2.15999961
v 27.04800034 25.98799706 2.59399891
v 27.05400085 27.29000092 2.46099949
v 27.68500137 27.10299873 2.65699911
v 27.29000092 28.77000046 2.39099932
v 29.34000206 27.64999771 3.16399884
v 28.75200081 29.63200188 2.79299927
v 30.42900085 28.86900330 3.53199887
v 30.24800110 31.54100418 3.25099945
v 30.98000145 30.37700081 3.68399906
v 32.17300034 31.64599800 4.27399969
v 32.57200241 29.86500359 4.66599989
v 33.87300110 30.82399750 5.70299959
v 33.43600082 28.84899902 5.43599939
v 34.17399979 30.00800323 6.13799858
v 34.13400269 28.85200119 6.22599936
v 34.82100296 29.57100487 7.25899935
v 34.43700027 28.35600090 6.70299959
v 35.17200089 28.32400131 8.21699905
v 35.02000046 26.59200096 8.02399921
v 35.53200150 27.14200401 9.55099964
v 35.62200165 25.82000160 10.13399982
v 35.93500137 27.54700089 10.98199940
v 36.01499939 26.21500206 11.67499924
v 36.29299927 27.80900192 12.84899902
v 36.24000168 25.42199898 13.32699966
v 36.43500137 26.89800453 14.52699947
v 36.35400009 25.19299889 14.79699898
v 36.41799927 26.00000000 16.30399895
v 36.31500244 24.39299965 16.03399849
v 36.34500122 25.55599785 17.91699982
v 36.18300247 23.49399757 17.69299889
v 36.24900055 24.64699745 18.05499840
v 36.08500290 23.83399773 18.46500015
v 36.11000061 24.88400078 18.85299873
v 35.53100204 23.53400040 19.79500008
v 35.99399948 25.62399864 19.28199959
v 35.19499969 25.50999832 20.88099861
v 35.92399979 26.56999969 19.62599945
v 35.53100204 27.55700111 20.64200020
v 35.92600250 27.67700005 19.82799911
v 35.97400284 28.64300537 19.86299896
v 36.33100128 27.60399818 18.67899895
v 36.44700241 29.58799934 18.57999992
v 36.57100296 29.06200218 16.56999969
v 36.55300140 30.76300049 17.65799904
v 36.61899948 31.75700378 16.03299904
v 36.53800201 32.47699738 18.33199883
v 36.60900116 33.54600143 16.89999962
v 36.44100189 33.42600250 19.12599945
v 36.52300262 35.29000092 18.13199997
v 36.36000061 34.52800369 19.52199936
v 36.34600067 35.67600250 19.71699905
v 35.74000168 35.01900101 21.19299889
v 36.12500000 36.08000183 20.24799919
v 35.70700073 36.66999817 21.33399963
v 36.29000092 36.47600174 19.91699982
v 36.46599960 37.53100204 18.89299965
v 2.83200288 70.06200409 26.83300018
v 3.73800087 69.51900482 28.52099991
v 3.40100002 71.08100128 27.79799843
v 3.91000128 72.41500092 28.49899864
v 3.03200269 72.52500153 26.95399857
v 3.25100136 74.41600037 27.22799873
v 2.51600146 74.22700500 25.76199913
v 2.41399932 76.10300446 25.27699852
v 4.30599976 97.12899780 20.94799995
v 4.53600121 98.62699890 19.93599892
v 3.93500185 96.31100464 18.89299965
v 4.36200190 98.29599762 18.50499916
v 4.22700119 97.61800385 17.40499878
v 4.84500074 99.43499756 16.13899994
v 4.36300039 96.96299744 15.84899902
v 5.29900169 98.98600006 14.75399876
v 5.11600065 96.35900116 13.79499912
v 5.70600128 97.67700195 13.24899960
v 6.33500147 96.94000244 11.70099926
v 6.80000162 98.89700317 11.72499943
v 7.17200136 97.19899750 10.33399868
v 7.82900095 98.49700165 9.80599880
v 7.87900209 96.77500153 9.00299931
v 8.91300106 98.26300049 8.00599861
v 10.10600090 98.53700256 6.50599861
v 11.39600182 98.84700012 5.04599905
v 12.44100189 99.15100098 3.95899916
v 11.46500206 100.99099731 5.68299913
v 12.70100117 101.32900238 4.36499882
v 12.22800064 102.52400208 5.31199932
v 13.61800194 102.77400208 3.82899952
v 13.36600113 104.47599792 4.66199970
v 15.01500034 104.89800262 3.06299877
v 14.76400185 106.63899994 3.88099909
v 16.09099960 105.90399933 2.37899923
v 16.43500137 107.33399963 2.47999930
v 16.89200020 109.31900024 2.59599924
v 18.08500099 109.14500427 1.69799948
v 18.44799995 111.37699890 1.87299955
v 19.55000114 109.58100128 1.17599964
v 19.84900093 110.90900421 1.19699907
v 20.36800194 112.23799896 1.19899964
v 20.59600067 113.17300415 1.23699939
v 21.09100151 114.53099823 1.21899879
v 19.90400124 114.50000000 1.70799899
v 21.46400070 115.96800232 1.24199879
v 20.01500130 116.48600006 2.06899929
v 21.56900215 118.39700317 1.60099936
v 19.96200180 118.26300049 2.65299892
v 20.74600029 120.37300110 2.77499938
v 19.78700066 119.56999969 3.36199903
v 19.06000137 120.31400299 4.40199947
v 18.52900124 118.35500336 4.13999891
v 17.76900101 119.30999756 5.40999889
v 17.07000160 117.27799988 5.31499910
v 16.30100060 118.33200073 6.71799946
v 15.68800068 116.52200317 6.64699936
v 14.87800121 116.77700043 7.81299925
v 14.46500015 115.20700073 7.64899874
v 13.75400066 116.82600403 9.41199875
v 13.16500092 114.38000488 8.99599934
v 12.77300167 115.66200256 10.23999882
v 12.30300045 113.39199829 9.73499966
v 11.82200241 115.35500336 11.54099941
v 10.97600174 113.84899902 12.08399963
v 10.49800014 115.11299896 13.61599922
v 9.75700092 113.70999908 14.06699944
v 9.22300148 114.69999695 15.95699883
v 8.72800159 113.35099792 16.14900017
v 8.27200127 113.20999908 18.09199905
v 7.94500113 111.62000275 16.90199852
v 7.90100193 111.69100189 19.98099899
v 7.41800117 110.42099762 18.58199883
v 7.28300047 109.38300323 20.36100006
v 6.78600168 108.18600464 18.86599922
v 6.58100080 107.14199829 19.91799927
v 6.16200066 105.76899719 17.91699982
v 5.78900051 104.49600220 18.67299843
v 5.60600138 103.41999817 17.25599861
v 5.21800089 101.91999817 19.74499893
v 5.00500202 101.31300354 18.28699875
v 4.86400175 99.79199982 20.78899956
v 4.97200155 98.92500305 22.43099976
v 4.79700041 97.21500397 23.21399879
v 4.27100086 96.26900482 22.00399971
v 4.76200151 96.71199799 23.48799896
v 4.23800182 95.01300049 22.88999939
v 4.78700161 95.93399811 24.15399933
v 4.61000204 95.32600403 23.98399925
v 4.82400131 94.30899811 25.12699890
v 4.36799955 94.16400146 24.02999878
v 4.23000002 92.41300201 24.56299973
v 4.11200142 93.01000214 23.87100029
v 3.82900238 91.95800018 23.64699936
v 3.72900057 93.12699890 22.43499947
v 3.41300297 91.53800201 22.37599945
v 3.36800146 93.38500214 20.11800003
v 3.05300212 91.46800232 20.58399963
v 3.04600215 92.43900299 18.67799950
v 2.66800070 90.24200439 19.46500015
v 2.80700254 91.08300018 17.29999924
v 2.41900229 89.29000092 18.31499863
v 2.39099932 88.75399780 17.04799843
v 2.06699967 87.26000214 18.15499878
v 2.11400175 86.88600159 16.80999947
v 2.13100004 85.10900116 15.82799911
v 2.33799958 83.35400391 14.51199913
v 2.29600072 81.28300476 13.94899940
v 2.26300216 79.04799652 13.20799923
v 2.05799937 45.82099915 13.80699921
v 2.17700005 43.89700317 14.05599880
v 2.81700110 44.56700134 12.03699875
v 2.52700233 41.98700333 13.66199970
v 2.97000265 40.71100235 12.87699890
v 2.66600037 83.17099762 24.08899879
v 2.97700238 81.86399841 25.24300003
v 3.00900269 80.29499817 25.75899887
v 2.96600151 78.30599976 26.11399841
v 2.27400279 40.75299835 15.86099911
v 2.57100153 39.55400085 14.61099911
v 2.64000154 38.12699890 15.63199902
v 3.07299948 35.93400192 15.16199970
v 3.40599942 34.00400162 15.64299965
v 2.92100000 44.48400116 22.70199966
v 3.49200153 43.37600327 23.75499916
v 4.08900166 42.02299881 24.69400024
v 3.21500015 42.34799957 22.56099892
v 2.82800198 46.11299896 11.66699886
v 2.64099979 47.48099899 11.75399876
v 22.97400093 59.72599792 1.15199947
v 23.08500099 57.78400040 1.18299949
v 21.16400146 58.37599945 0.74799919
v 22.89700127 56.26200104 1.10999870
v 20.15900230 56.91800308 0.57099944
v 20.83400154 54.96700287 0.67400002
v 18.71400070 55.46599960 0.38199872
v 19.39700127 53.65500259 0.43699890
v 17.80700111 53.58800125 0.27699953
v 17.04600143 52.06800079 0.20299852
v 16.07800102 53.55000305 0.15500002
v 14.88100147 52.00099945 0.14499947
v 14.28900146 55.11800385 0.09699911
v 13.45000076 52.95300293 0.16499870
v 12.34100246 54.15200043 0.27900004
v 11.78200150 52.92700195 0.44999832
v 10.32800007 53.78300095 1.07599986
v 11.26300144 50.59400177 0.77399981
v 9.75400066 52.30200195 1.55499947
v 10.09800053 50.59900284 1.45899880
v 9.02400208 50.57500076 2.28299952
v 10.10800171 48.55500031 1.61199927
v 8.27300167 48.30599976 3.18999958
v 9.37700081 47.04299927 2.39199948
v 8.17300224 46.61299896 3.55899882
v 8.97200012 44.61600113 3.05199909
v 7.79800129 45.41899872 4.11099958
v 8.27700043 43.67700195 3.90799904
v 7.20300150 43.74499893 5.07699871
v 7.99600029 42.31699753 4.46799946
v 6.01800156 43.52300262 6.56099892
v 5.85000038 42.29200363 7.03299904
v 5.96800089 40.83700180 7.23399973
v 5.01000118 40.42699814 8.74299908
v 6.34400177 39.05599976 7.12699890
v 5.06800032 38.30999756 9.22399902
v 6.37600183 37.21500015 7.37599945
v 5.39600086 36.46500397 9.07599926
v 6.13900089 35.43499756 8.06899929
v 5.86400175 34.37799835 8.76399994
v 7.11800146 34.23600006 6.90999889
v 7.47200108 32.69299698 6.84599972
v 8.46400070 33.81299973 5.36299944
v 8.70600128 32.41799927 5.46099901
v 10.00800133 32.57399750 4.12299967
v 9.96500111 30.07200432 4.86499929
v 11.43900108 31.93099785 3.06799912
v 11.56100082 29.86299896 3.53399944
v 13.29900169 31.15700150 1.95699930
v 12.75900173 29.31599998 2.79199886
v 14.35400200 28.77099800 1.95899880
v 12.65500069 27.80800247 3.29399943
v 14.55300140 27.30500031 2.19799948
v 13.06600094 25.93900299 3.57899904
v 14.76700020 25.92400551 2.42899919
v 13.73200130 24.53800201 3.40499926
v 15.98500061 25.29100418 1.96199954
v 16.24100113 24.18299675 2.10499954
v 17.21500015 25.92799759 1.48399925
v 17.67900085 23.29199791 1.84399915
v 18.63300133 25.50000000 1.44699955
v 19.98700142 23.35599899 1.72999966
v 20.37000084 25.24200058 1.51099920
v 21.81900024 24.09300232 1.75099909
v 21.60100174 25.94999886 1.52999902
v 23.43100166 25.89800262 1.76999903
v 21.98200035 27.64499855 1.42999923
v 23.47300148 27.52000046 1.65299881
v 22.45600128 28.74400520 1.41499937
v 23.00000191 28.96900558 1.47999918
v 23.08700180 29.98500252 1.40999913
v 23.88199997 29.10900116 1.60799921
v 24.33500099 30.16500092 1.60299897
v 24.84000015 29.49500084 1.75299966
v 25.44100189 30.76100349 1.78699946
v 26.53000069 29.91300011 2.09199905
v 27.25200081 31.82499886 2.17299914
v 28.60800171 32.46900558 2.56299877
v 30.01100159 32.93500137 3.08199883
v 31.62000084 34.08200455 3.90099931
v 29.99000168 35.09400177 3.03599882
v 31.16600037 36.69300079 3.65699911
v 29.17400169 37.22999954 2.61299968
v 30.54400063 38.70099640 3.36799955
v 29.83200073 39.78700256 3.02599931
v 31.63200188 40.69099808 4.15599918
v 30.21800041 41.64200211 3.32399917
v 32.48900223 42.34799957 4.79999924
v 30.87600136 43.00300217 3.82199883
v 32.10400009 44.62800217 4.73099947
v 30.78500175 44.84899902 3.88399887
v 32.14599991 46.80300140 4.84299946
v 30.35200119 47.43799973 3.77199888
v 31.28900146 48.98600388 4.42399931
v 28.88200188 48.68100357 3.01099944
v 29.99800110 50.59500122 3.71099925
v 28.71200180 50.08499908 3.01999879
v 29.00700188 52.00500107 3.21999931
v 27.69300079 51.81900024 2.60199881
v 29.44600105 53.77500153 3.51899958
v 27.07300186 53.48100281 2.39599967
v 27.88700104 55.26599884 2.77699900
v 26.12100029 55.50999832 2.06299973
v 26.68000031 57.18500137 2.31799960
v 24.80500031 56.34000015 1.63599944
v 26.53900146 58.69600296 2.29699898
v 24.39000130 58.96000290 1.55699909
v 24.87000084 60.43000031 1.72999966
v 23.06900024 61.67400360 1.19199979
v 21.57600212 59.89500046 0.84099919
v 21.02300072 61.90999985 0.72299874
v 19.68000031 61.53600311 0.51899999
v 19.92200089 63.31600189 0.54599905
v 18.08000183 61.84600449 0.31000003
v 18.09600258 64.31700134 0.32899901
v 15.85400105 62.80700302 0.14599971
v 16.45100021 64.82500458 0.21799840
v 14.80900097 64.15499878 0.16199984
v 15.09200001 66.02100372 0.19199960
v 13.04800034 67.33700562 0.29699877
v 11.50300121 67.04900360 0.57799929
v 9.97200012 68.11000061 1.29699898
v 8.75800133 66.98600006 2.05599880
v 8.07600117 68.30400085 2.61299968
v 7.30600023 67.19000244 3.28799891
v 7.06500196 69.16300201 3.59299970
v 6.06800079 67.75099945 4.64199972
v 6.21100140 69.66600037 4.58699942
v 5.33300066 70.26900482 5.86399889
v 5.40700197 72.52400208 6.04999924
v 4.43800163 73.67600250 7.62699938
v 3.63299990 74.72499847 9.23799896
v 2.73999953 74.62200165 10.94099903
v 3.15200162 51.91600037 9.75399971
v 3.94900131 50.78800201 8.47699928
v 4.99500132 51.51200104 6.71899891
v 5.26800203 49.73899841 6.53399897
v 6.13400173 50.56100082 5.32299948
v 6.28300190 49.01300049 5.33599949
v 7.76300001 50.04100037 3.55099893
v 7.12900066 47.39000320 4.54799938
v 3.38299942 83.30799866 25.74199867
v 3.02400064 84.99700165 24.39599991
v 3.88000154 85.23100281 26.22199821
v 3.46300006 86.52700043 24.95499802
v 4.24700212 88.14299774 26.25699806
v 3.61400104 88.31900024 24.75300026
v 4.01400042 90.61499786 24.86800003
v 3.31000233 88.74400330 23.69999886
v 3.37500119 89.75900269 23.39599991
v 2.99800181 88.46700287 22.79899979
v 2.82200050 89.29700470 21.60700035
v 2.28000069 87.96800232 19.64099884
v 2.33200192 71.49700165 25.70199966
v 5.36900187 62.20300293 5.49599886
v 4.53700113 63.03499985 6.63199949
v 3.74300027 62.94700241 7.86899948
v 3.26400256 64.75900269 8.62699890
v 2.90100288 62.83600235 9.24499893
v 3.37800002 60.86199951 8.52399921
v 4.37200069 61.17600250 7.02399969
v 3.94999981 59.24599838 7.69699907
v 4.30200243 58.24800110 29.03999901
v 3.62000251 60.54999924 28.24199867
v 2.92700148 36.35799789 16.79299927
v 3.46300006 33.86899948 17.25499916
v 3.87800121 31.92900085 16.39099884
v 3.89000034 32.42500305 17.96999931
v 4.20100260 31.31499863 18.22200012
v 4.01100159 32.60800171 18.82199860
v 4.62000084 31.66600227 20.12399864
v 3.79399967 33.52499771 18.82599831
v 3.99300075 34.03100204 20.01599884
v 3.64600134 34.36200333 18.95599937
v 3.37800002 35.37200546 18.72499847
v 3.27200079 35.06200027 17.89399910
v 3.33200026 35.86900330 19.02400017
v 2.93100262 37.47299957 18.51399994
v 2.58900213 38.69900131 17.43299866
v 2.28800249 40.46000290 17.14900017
v 11.60800076 68.26100159 0.59299916
v 12.79500103 69.47100067 0.37299842
v 14.11200142 69.38999939 0.28599983
v 13.03100014 71.16999817 0.38099849
v 14.99000168 70.74900055 0.28499961
v 13.72700214 72.39199829 0.34599936
v 15.67100143 72.31100464 0.32499993
v 14.13500118 73.80500031 0.34999847
v 16.38300133 73.70300293 0.39099902
v 13.86300087 75.38899994 0.41100010
v 15.26600075 76.59700012 0.43499842
v 13.50800133 77.38600159 0.53599846
v 13.80000114 78.60400391 0.55899847
v 12.60300159 78.63200378 0.74799919
v 12.51400089 79.54399872 0.81999969
v 12.12900162 78.06800079 0.84799898
v 11.62100029 80.15000153 1.17299891
v 10.74300194 78.16300201 1.45099962
v 10.38600159 80.81900024 1.91099942
v 9.69600105 78.03099823 2.10199881
v 9.12300110 80.06800079 2.87199950
v 8.49900055 78.25299835 3.26799870
v 7.55500031 79.39400482 4.50599957
v 7.11500072 77.06800079 4.60299921
v 6.18100166 77.65100098 5.90399933
v 5.95300102 76.18399811 5.93399906
v 4.60700130 77.31999969 8.14400005
v 4.79500198 75.58499908 7.44899940
v 3.78100204 76.29199982 9.36999893
v 2.71899986 86.66100311 14.80999947
v 2.78000164 88.89700317 15.60699940
v 3.35400176 87.60400391 13.69499969
v 3.77400208 88.96299744 13.32499886
v 4.50599957 88.68499756 11.80699921
v 4.02799988 90.89600372 13.55399895
v 5.05500078 90.31700134 11.34399891
v 4.99200058 91.78400421 12.02799892
v 5.78000021 91.78800201 10.57099915
v 5.53800154 93.33699799 11.63699913
v 6.54100084 92.68499756 9.60099888
v 6.74800205 95.28500366 10.24899864
v 3.85300064 95.79100037 16.92000008
v 4.43600130 95.10900116 14.62699890
v 3.69200110 94.21400452 16.01399994
v 3.83200121 92.69699860 14.80199909
v 3.17500162 92.41400146 16.65699959
v 3.19899988 91.01599884 15.54999924
v 6.34400177 87.76699829 8.28099918
v 5.55100107 85.25800323 8.78599930
v 5.08600092 86.85900116 10.13899899
v 4.45700073 84.69000244 10.58799934
v 4.29699945 86.53299713 11.47599983
v 3.82300091 84.79299927 11.79099941
v 3.48300123 86.11700439 12.94599915
v 3.12799954 83.96099854 12.93799973
v 2.84299994 85.19800568 13.97999954
v 5.49700117 88.47000122 9.95599937
v 5.45200157 83.17800140 8.32299900
v 4.62800074 83.38999939 9.83199978
v 3.83800268 82.69200134 11.11099911
v 3.14399981 80.34799957 11.75099945
v 2.98000121 81.87200165 12.55899906
v 3.44400120 66.11399841 8.35999966
v 3.21299958 68.00600433 8.89999866
v 2.89599967 86.34600067 23.52999878
v 3.15300012 87.54800415 23.82600021
v 27.25200081 86.84300232 35.83799744
v 28.42500114 85.34600067 35.34499741
v 26.78700066 85.13500214 35.79299927
v 27.15600014 83.54399872 35.63299942
v 25.10200119 84.34200287 35.82399750
v 25.30500031 82.68700409 35.77399826
v 23.22100067 83.63600159 35.76899719
v 23.08900070 81.55500031 35.69400024
v 21.23600197 83.34799957 35.66799927
v 20.46500206 81.85500336 35.53599930
v 19.15500069 83.91899872 35.50399780
v 17.93300247 81.68900299 35.25899887
v 17.05700111 82.97299957 35.21400070
v 14.97900105 81.58599854 34.81800079
v 14.90200138 83.18099976 34.84999847
v 12.78299999 82.65599823 34.36299896
v 13.34100056 84.18199921 34.50799942
v 11.79400063 84.00800323 34.08399963
v 12.08800125 85.36299896 34.17599869
v 11.37900162 84.96400452 33.93299866
v 11.76800060 86.32299805 34.03400040
v 11.28200054 85.87799835 33.85400009
v 10.92900181 86.67400360 33.69299698
v 10.55400085 85.26599884 33.60599899
v 9.26200104 86.67500305 32.96099854
v 8.97100163 85.16300201 32.92599869
v 7.57400131 85.88200378 31.81799889
v 7.73600101 83.50499725 32.28299713
v 6.41400194 84.06700134 30.79500008
v 6.61900091 81.94200134 31.38599968
v 5.20600176 83.03099823 29.26099968
v 5.62000084 80.74900055 30.22299957
v 4.84700108 80.68700409 29.08199883
v 5.38600063 78.28700256 30.27199936
v 4.23200035 79.94200134 28.24600029
v 4.39900160 77.77600098 28.80899811
v 3.64900017 78.66000366 27.38799858
v 3.76199937 76.06700134 28.02799988
v 4.27600002 74.25499725 28.96799850
v 4.90300179 76.16600037 29.81199837
v 5.48300171 75.84200287 30.68899918
v 6.72700071 77.80000305 31.88899994
v 6.52500057 79.71600342 31.51699829
v 7.89400196 79.86900330 32.60300064
v 8.11300087 81.41699982 32.67699814
v 10.03600121 80.61900330 33.50400162
v 9.61800098 81.77200317 33.31900024
v 10.31800175 81.14099884 33.60799789
v 10.32100105 82.23899841 33.59600067
v 10.93100166 81.69200134 33.81900024
v 11.21600151 82.89900208 33.90799713
v 12.10400105 81.63700104 34.15999985
v 13.41200066 80.10800171 34.43400192
v 15.82900047 80.52100372 34.91099930
v 18.06600189 80.06400299 35.20100021
v 19.64400101 80.48100281 35.40999985
v 18.89599991 78.49500275 35.24099731
v 20.64200211 77.90200043 35.39500046
v 18.54600143 77.15499878 35.14400101
v 19.43400192 75.07300568 35.17800140
v 17.87100220 75.05899811 34.96999741
v 19.70100021 72.61499786 35.12899780
v 17.70700073 72.74100494 34.92599869
v 18.52000046 71.03800201 34.96599960
v 16.88800240 70.53500366 34.76099777
v 18.36800194 68.62100220 34.86000061
v 16.42300224 68.53199768 34.65399933
v 18.28000069 66.03399658 34.74499893
v 16.50900078 67.17700195 34.58599854
v 16.24699974 65.72500610 34.49699783
v 14.50800133 66.15399933 34.26900101
v 15.22100163 63.77500153 34.22999954
v 13.07100105 64.04700470 33.89899826
v 13.23200226 62.20500183 33.81299973
v 11.62900066 63.22900391 33.50699997
v 11.09000111 61.42099762 33.23600006
v 10.46700001 62.59899902 33.12599945
v 10.30399990 61.33200073 32.98699951
v 9.44900131 62.47200012 32.77600098
v 9.21100235 60.84899902 32.55200195
v 8.35300064 61.77000046 32.27199936
v 6.81000185 60.16100311 31.42599869
v 6.68200111 61.80199814 31.50999832
v 4.76900101 61.49200058 29.97299957
v 5.33300066 48.23100281 6.70599937
v 6.04800129 47.17700195 5.85499954
v 6.57800007 45.22399902 5.53799868
v 2.68400097 85.44699860 23.24300003
v 3.61499929 36.65900421 20.60400009
v 3.33800173 36.60099792 19.66799927
v 3.21999931 37.14699936 19.57199860
v 3.87000299 81.37400055 27.30999947
v 3.58400130 57.48300171 8.37499905
v 8.12600136 71.37899780 32.65599823
v 7.75100088 71.97399902 32.52099991
v 6.70400095 70.04000092 32.00600052
v 6.25300026 72.58499908 31.68299866
v 5.67200041 70.86700439 31.14899826
v 4.62700033 71.81500244 29.68499947
v 4.77400064 68.95899963 30.10699844
v 3.53700304 62.27100372 28.27400017
v 4.64700174 60.03499985 29.61199951
v 5.50000191 59.46300125 30.47699928
v 5.67000151 58.06400299 30.49899864
v 7.45800114 58.39100266 31.55599976
v 8.65400028 58.62700272 32.10199738
v 8.43300152 56.62700272 31.80299950
v 10.08500195 57.16500092 32.52099991
v 9.66300106 55.37700272 32.18199921
v 10.83200073 56.41400146 32.68000031
v 11.01200104 55.26700211 32.60599899
v 13.19200134 55.68199921 33.18700027
v 11.18500137 54.34299850 32.54599762
v 12.55400085 53.55900192 32.77899933
v 10.84300137 53.21799850 32.28899765
v 11.70000076 52.30700302 32.36800003
v 10.81200123 52.33200455 32.13999939
v 10.71700096 51.66699982 32.01799774
v 4.93600035 93.82600403 12.97199917
v 5.75700045 95.19200134 11.98699951
v 3.74500084 94.30500031 21.49899864
v 3.79500175 95.20200348 20.19099998
v 3.39199972 94.12000275 17.78199959
v 3.55700040 90.40399933 23.66499901
v 3.74799967 90.98000336 23.95999908
v 5.01800156 92.98200226 26.19899940
v 5.69200134 95.00600433 26.76599884
v 5.83800125 97.17500305 26.03699875
v 4.93400192 96.71500397 24.05399895
v 5.53500080 98.17800140 24.82099915
v 5.16300106 98.38500214 23.62299919
v 4.96000051 97.87699890 23.24399948
v 8.35800171 47.76900101 30.54799843
v 6.79700089 48.95800018 29.98499870
v 6.18900156 50.79299927 29.90499878
v 4.84200191 52.30200195 29.00699806
v 8.71500206 81.63700104 3.60399961
v 6.79200125 80.21600342 5.62199974
v 5.94300032 79.06200409 6.55199957
v 3.65500164 34.01499939 18.64199829
v 35.78300095 28.93300438 20.34899902
v 35.90999985 30.32299805 20.27599907
v 35.17700195 29.15900230 21.63199997
v 35.20600128 30.79199791 21.81099892
v 34.47600174 29.70199966 22.91199875
v 34.40000153 31.88399887 23.30099869
v 33.24000168 29.50200462 24.39299965
v 33.17399979 31.49200249 24.73799896
v 32.43199921 30.06700516 25.26000023
v 31.82000160 30.89500237 25.92299843
v 31.40500069 29.94900131 26.13999939
v 30.93100166 30.96700478 26.65999985
v 29.73400116 30.26799774 27.44400024
v 29.58200073 32.12900543 27.77499962
v 27.40900040 31.04200172 29.09000015
v 27.25000191 33.02799988 29.44699860
v 25.64800072 31.20600510 30.05299950
v 24.86000061 32.24100113 30.49699974
v 23.61200142 30.26000404 30.31099892
v 22.88500214 31.38800049 30.53899956
v 22.73000145 28.83200264 30.04800034
v 21.52800179 30.90999985 30.37899971
v 20.96300125 28.64100075 29.89200020
v 19.74600220 30.01300240 30.00899887
v 19.24300194 27.39299774 29.35499954
v 18.19200134 29.33999825 29.66799927
v 17.89500237 27.01099968 29.10099983
v 16.21900177 28.31800270 29.07799911
v 16.42500114 26.67000198 28.69799995
v 15.16200066 26.88199997 28.45899963
v 15.05300045 26.08200073 28.22099876
v 13.23300076 26.83400345 27.89499855
v 14.76500225 25.18700027 27.87699890
v 12.97500134 24.82200432 27.10499954
v 14.33400059 23.31899834 27.06599808
v 12.98200130 22.58600235 26.23099899
v 14.39000130 21.31999969 26.35899925
v 12.97300148 20.62400436 25.42799950
v 13.78200245 18.42600060 24.71599960
v 12.23100185 19.22300529 24.05799866
v 12.37200165 17.41500282 23.01199913
v 11.32600212 18.98500252 22.96099854
v 10.54700089 18.55400276 21.37800026
v 10.47100163 20.16399765 22.75000000
v 9.53800011 20.30999947 21.29799843
v 10.03200150 21.81800461 23.47599983
v 9.02300167 22.22400093 22.10999870
v 9.42500114 23.16000366 23.59099960
v 8.30500221 24.04499817 22.47099876
v 8.68600082 25.33700371 24.09899902
v 7.45200157 25.76900291 22.40499878
v 8.13900089 26.76200104 24.18400002
v 7.01900196 27.63800240 22.87299919
v 6.89300156 28.91000366 23.50199890
v 6.00400209 28.76000023 21.48899841
v 6.07500029 30.64700127 23.12099838
v 5.28300190 30.96800232 21.57299995
v 5.31800079 32.64100266 22.72299957
v 4.78400087 33.20600128 21.78599930
v 5.74900007 34.04399872 24.29399872
v 4.43400049 34.53100586 21.69599915
v 4.96200085 35.97500229 23.77299881
v 4.13700199 36.18600082 21.87699890
v 8.01800156 73.01799774 32.65900040
v 8.33500195 74.07199860 32.81299973
v 7.73300028 73.61700439 32.54299927
v 6.65300131 74.50099945 31.96500015
v 5.56400061 73.97299957 30.91599846
v 13.77000141 109.54399872 32.57999802
v 13.91100121 111.69799805 32.02199936
v 12.75700188 110.70500183 30.96999931
v 12.92400074 112.92300415 30.21299934
v 11.75700092 110.81300354 29.57999802
v 11.31700134 112.71400452 28.03799820
v 10.75600052 110.73500061 28.14799881
v 9.52300072 111.16699982 25.91199875
v 9.93900204 109.71199799 27.41300011
v 8.87900066 109.30400085 25.68999863
v 9.16000080 108.40800476 26.77199936
v 7.91700172 106.82199860 25.17199898
v 8.64100075 106.50199890 26.86099815
v 8.02800083 104.81600189 26.59799957
v 9.05300140 105.00700378 28.22299957
v 8.07500076 102.93299866 27.60499954
v 9.21400070 103.48500061 29.07900047
v 8.66500092 100.46800232 29.46299934
v 9.97900009 101.00000000 30.99399948
v 9.43900108 98.68199921 30.97499847
v 10.79500103 99.36700439 32.38700104
v 10.10000134 97.78199768 31.97799873
v 10.76800156 96.95300293 32.77999878
v 8.91700172 96.61000061 30.96799850
v 10.47000122 95.04199982 32.88100052
v 9.26500225 94.59200287 31.86999893
v 10.31300068 92.78400421 33.04100037
v 8.73900223 93.23600006 31.64999962
v 8.92600060 91.45000458 32.19899750
v 7.89500046 92.43399811 30.85399818
v 7.68700075 90.35199738 31.10999870
v 7.07200146 91.66100311 30.04899979
v 6.69800138 90.16100311 29.92700005
v 5.72500181 90.25099945 28.44899940
v 6.55000114 88.41899872 30.10599899
v 5.49400043 87.82900238 28.68799973
v 6.39900208 85.93600464 30.40499878
v 4.87700081 86.20700073 28.09599876
v 4.99200058 84.85800171 28.60199928
v 4.13399935 83.07900238 27.38199997
v 6.71200085 23.57199860 17.29899979
v 6.24400187 24.81900215 17.40399933
v 6.53800201 24.51500320 18.52099991
v 5.90700102 25.84300232 17.57799911
v 5.68000031 26.78000259 18.40899849
v 4.86600018 28.61600304 16.89399910
v 4.27800035 30.45000076 16.71199989
v 5.31300163 29.50599861 20.33199883
v 5.37100077 28.18299866 19.35099983
v 6.51600027 26.90000153 21.08199883
v 5.72100115 27.07000160 19.15999985
v 6.86500025 25.19799805 20.19399834
v 7.81000042 54.61600113 31.28199959
v 6.94500113 56.64599991 31.12599945
v 7.98800039 70.30300140 2.82399917
v 9.37500000 69.79199982 1.74199879
v 10.55200005 70.32800293 1.07299912
v 11.68100166 69.42399597 0.59399939
v 11.75100136 70.34300232 0.58999842
v 11.74600029 71.19200134 0.63299948
v 11.92700100 72.40700531 0.60999954
v 10.37500095 71.84500122 1.22399998
v 10.94000053 73.90299988 1.03599954
v 9.18100071 73.28600311 2.03899956
v 10.65600109 75.95800018 1.27899921
v 9.22800064 75.45200348 2.18399882
v 8.62300014 76.64700317 2.85799885
v 7.73300028 76.07099915 3.72599912
v 6.71600199 75.11499786 4.78299904
v 5.69900131 74.61800385 6.01699924
v 8.85700035 69.88099670 32.92300034
v 7.79400015 70.30599976 32.51300049
v 6.41700077 68.17700195 31.76700020
v 5.96200132 65.91600037 31.40099907
v 5.02800179 67.26999664 30.53999901
v 8.42199993 52.52300262 2.64299941
v 6.98100042 51.29400253 4.22199917
v 6.01100159 52.80400085 5.20499897
v 8.71000099 89.44400024 32.32500076
v 8.65500069 87.98999786 32.47800064
v 9.94700241 89.46199799 33.09000015
v 10.64200115 87.72800446 33.53899765
v 11.18600178 88.16699982 33.75499725
v 11.20300007 87.47599792 33.76800156
v 11.70800114 88.84000397 33.93600082
v 12.31200027 87.87899780 34.17899704
v 12.31200027 88.99500275 34.14999771
v 12.74900150 89.49300385 34.28199768
v 11.82800198 89.95700073 33.92799759
v 12.04500198 90.75900269 33.96699905
v 11.10600090 89.96299744 33.63100052
v 10.66800022 91.49200439 33.32500076
v 7.63300037 88.71800232 31.36800003
v 5.35300207 27.84100151 18.64199829
v 4.90000105 29.13600159 18.52400017
v 4.63800144 29.90600395 18.40099907
v 4.52300167 30.55600166 18.78599930
v 5.70400047 92.36499786 27.80799866
v 4.68500137 90.41799927 26.48099899
v 5.04300165 88.86800385 27.64499855
v 5.91100216 35.75300598 25.40600014
v 6.43500137 37.01900101 26.80799866
v 7.15300083 35.88399887 27.12599945
v 8.11700153 37.25299835 28.25399971
v 7.90700150 34.95900345 27.51799965
v 9.88000107 36.30100250 28.79799843
v 9.15000057 34.22999954 28.02899933
v 10.98200130 34.91500092 28.98499870
v 11.01200104 33.29399872 28.66899872
v 12.13100147 33.97800064 29.15899849
v 13.13300037 32.70999908 29.25300026
v 13.51100063 33.50099945 29.49199867
v 14.60600090 32.26099777 29.54099846
v 14.66400146 34.22699738 29.90099907
v 16.29800224 33.30100250 30.07999992
v 16.71100044 35.21100616 30.47399902
v 18.30100060 33.66699982 30.51599884
v 18.18100166 35.97500229 30.84699821
v 20.26500130 35.53000259 31.09799957
v 19.91600227 37.06399918 31.27099991
v 21.89200020 38.04199982 31.59799957
v 19.23100090 38.33900452 31.38399887
v 20.87400055 39.63199997 31.77499962
v 19.53500175 40.38000107 31.75899887
v 21.42100143 40.92600250 31.98699951
v 20.90400124 42.47100449 32.16500092
v 22.89000130 41.70400238 32.08300018
v 22.25500107 43.58399963 32.31799698
v 24.41500092 42.32700348 31.95899963
v 24.60800171 44.25000000 32.11800003
v 25.93000221 43.51900101 31.39399910
v 26.42000008 45.11700058 31.31799889
v 27.60600090 44.61400223 30.50599861
v 28.44700050 46.31000137 30.13599968
v 29.74600029 45.40200043 29.05500031
v 29.54800034 48.04500198 29.51599884
v 30.68300056 47.28300095 28.52400017
v 30.44900131 48.24800110 28.82099915
v 31.47800064 47.69100189 27.88099861
v 30.46400070 49.07900238 28.90099907
v 31.12300110 49.87800217 28.42299843
v 30.62700081 50.02700043 28.85799980
v 31.64200020 51.61800385 28.14299965
v 30.40800095 50.51000214 29.09099960
v 30.56100082 51.96400070 29.16899872
v 29.68200111 50.79700089 29.72499847
v 29.44400024 52.07100296 30.08299828
v 28.05900192 51.82900238 31.08299828
v 28.63500214 53.27700043 30.84000015
v 26.96700096 53.86900330 32.10099792
v 28.74300194 55.23800278 31.02199936
v 27.09400177 56.18199921 32.30899811
v 28.90100098 56.67399979 31.05599976
v 27.65800095 58.41800308 32.17200089
v 29.17100143 58.63000107 31.06699944
v 29.14800072 60.46099854 31.27599907
v 30.00900078 59.71200180 30.50299835
v 30.57800102 61.15600204 30.19999886
v 30.50200081 60.43600464 30.17499924
v 31.68700218 60.30699921 29.10999870
v 30.94400024 59.17300415 29.65200043
v 32.27000046 57.94300079 28.23799896
v 31.35100174 57.07600021 29.06299973
v 32.59700012 56.24000168 27.70099831
v 31.42100143 55.20700455 28.76599884
v 32.93700027 54.73000336 27.14299965
v 31.44400024 53.28500366 28.51799965
v 32.54800034 52.78000259 27.33699799
v 32.62900162 50.66100311 27.06199837
v 8.83400059 30.64700127 5.84899902
v 8.60000038 28.96000481 6.71299934
v 7.45500088 31.31099701 7.32499933
v 7.40400124 29.19799805 8.23299980
v 6.63100195 30.84300423 8.74899864
v 6.36600161 29.45600510 9.87999916
v 5.71900034 31.26800156 10.25599957
v 5.26700163 30.08600235 11.85399914
v 5.11100149 32.03199768 11.25999928
v 5.04800129 34.28599930 10.43699932
v 6.05200052 32.72200394 9.05599880
v 7.87400103 49.18099976 30.53399849
v 7.09400129 76.32099915 32.22599792
v 8.19800091 74.55899811 32.75899887
v 8.78800106 75.67700195 33.00699997
v 8.92200089 74.85900116 33.05599976
v 9.51300144 76.14099884 33.29699707
v 9.96900177 75.61000061 33.44499969
v 9.67100048 76.93900299 33.34399796
v 11.44299984 75.72699738 33.87500000
v 10.64500046 77.56500244 33.68899918
v 12.07600117 78.22900391 34.08200073
v 10.41400051 79.16200256 33.61000061
v 11.61500072 80.27000427 33.97599792
v 10.56000042 80.04499817 33.66699982
v 9.97900009 79.55599976 33.45199966
v 9.25900078 79.39400482 33.18199921
v 10.07800198 78.32500458 33.49799728
v 8.76500130 78.36000061 32.94499969
v 9.35500145 77.69699860 33.20899963
v 8.43600178 77.69799805 32.84899902
v 8.85100079 76.73600006 33.03499985
v 4.68700171 99.81200409 17.93099976
v 5.19700146 101.23100281 16.52699852
v 5.93500042 102.24300385 15.06999969
v 6.13700056 103.65299988 15.37999916
v 7.33100080 103.96199799 13.12899876
v 7.29500151 105.94799805 14.22799873
v 8.26500130 106.17099762 12.57499886
v 7.83200169 107.69300079 14.17299938
v 8.49200058 107.86299896 13.00099945
v 8.32100010 109.62599945 14.38699913
v 9.33000088 109.59500122 12.45299911
v 9.11000156 110.77200317 13.51299953
v 10.35200024 111.22000122 11.64799881
v 9.90500069 112.18900299 12.93299866
v 11.25000000 112.40800476 10.81299877
v 34.63800049 11.71600056 11.95799923
v 34.42900085 10.84100437 11.73799896
v 34.27700043 10.96300030 10.49799919
v 34.13299942 9.60700226 11.32999897
v 33.96800232 8.83400440 11.31399918
v 33.85800171 8.26200104 11.41399956
v 33.63700104 7.73999834 10.70499897
v 33.55000305 6.90200186 11.41399956
v 33.26700211 6.76199818 10.04399872
v 33.18700027 6.09599781 10.61999893
v 32.74500275 5.65600395 9.65699959
v 32.37300110 4.42200136 10.38199902
v 31.84400177 4.42399836 9.28499889
v 30.62900162 2.82700348 10.91599941
v 29.93700027 3.36299849 8.59099865
v 29.33200073 2.52199912 9.67199898
v 28.33400154 3.06100392 7.41299915
v 27.54500198 1.69499969 9.62799931
v 26.33800125 2.12299824 7.65199947
v 25.91300011 1.03899837 10.17399883
v 24.88100243 1.67600060 7.84299898
v 24.06300163 1.10000372 9.55999947
v 23.11100197 1.65700173 7.73399878
v 22.01200104 0.95500052 9.80599880
v 21.61700058 2.01900291 8.00499916
v 20.54100037 1.76200271 9.21399975
v 20.53500175 2.77899957 8.02899933
v 19.68500137 2.43099785 9.30199909
v 19.95400238 3.54699802 7.93899965
v 18.47300148 3.56899953 9.57099915
v 19.07200241 4.72000217 7.84399939
v 17.19500160 4.86499834 9.82299900
v 18.07000160 6.17000484 7.84799910
v 16.75100136 6.21999788 9.15499878
v 17.16800117 7.93000317 7.55299902
v 15.55900097 8.66699982 8.73699856
v 16.40800285 9.18699837 7.46899939
v 14.86200142 10.52400494 8.41599846
v 16.14900208 11.33700466 6.78899860
v 14.56300163 11.99299812 7.95799971
v 15.95200062 13.21399975 6.08899927
v 14.36700153 13.94200325 7.42699957
v 14.63300133 15.38699913 6.35599899
v 13.07000065 16.27299881 7.42399883
v 14.41500187 17.66999817 5.54899979
v 13.31500149 17.57500267 6.60499954
v 13.19600105 19.21400452 5.92499876
v 11.93700218 18.14500237 7.70199966
v 12.21400166 19.91900063 6.40399933
v 11.07300091 19.75700188 7.74399948
v 11.01700020 21.45200157 7.03299904
v 9.34400082 22.00400162 8.87399864
v 9.69400024 23.05800438 7.95599890
v 8.82700062 24.22799873 8.58499908
v 8.99700069 25.19000244 7.88999891
v 7.30200100 24.58000183 10.81399918
v 7.64200115 26.08100319 9.36399937
v 6.38400221 26.18499756 11.75399876
v 6.38400221 27.59600449 10.77099895
v 5.68700027 28.01600075 12.20399952
v 8.27600098 74.49100494 2.96099949
v 7.31200171 74.19899750 3.91399956
v 6.40800047 73.45400238 4.91299963
v 6.07700109 90.12200165 9.47899914
v 11.64400196 103.15499878 6.29799891
v 10.16000080 102.04900360 7.79899979
v 10.08699989 100.46199799 7.23299932
v 9.27500057 101.80799866 8.96299934
v 8.74900055 100.05999756 9.00699902
v 8.44700050 101.48999786 10.11399937
v 7.81800032 100.47499847 10.66699886
v 7.86100149 102.36900330 11.46599960
v 6.96500206 100.30999756 12.10799885
v 6.70100212 101.79800415 13.27199936
v 6.11600113 99.57900238 13.31999874
v 5.86500216 100.78700256 14.47099876
v 10.97000217 104.03400421 7.52899885
v 9.99600029 103.72000122 8.73499966
v 9.96500111 105.27899933 9.46099949
v 9.01700211 103.28600311 10.02299881
v 8.36600208 104.65299988 11.68299961
v 6.22100210 105.74300385 20.03699875
v 5.95000219 104.30400085 20.80900002
v 6.37900066 104.99300385 21.92799950
v 6.22800159 103.80200195 22.59099960
v 6.94500113 105.19699860 23.79399872
v 6.72800112 104.32399750 23.85599899
v 7.34200144 104.77899933 25.18099976
v 6.52300215 103.15000153 24.18999863
v 6.57100058 102.66899872 24.64399910
v 6.33000040 102.58399963 23.98999977
v 6.00500011 101.51100159 23.94899940
v 5.78500128 102.18399811 22.48600006
v 5.65400171 101.04100037 23.10099983
v 5.22300053 100.75600433 21.57999992
v 5.64000177 103.14099884 20.81699944
v 23.25300217 32.98800278 30.82999992
v 20.31000137 32.20999908 30.51499939
v 18.39000130 31.74000168 30.15999985
v 17.32600021 32.17899704 30.08399963
v 16.53700066 30.22400284 29.57799911
v 15.60800171 31.45299911 29.61699867
v 14.73500061 30.30399895 29.20699883
v 14.30800152 30.92899895 29.20599937
v 13.54400063 31.02400208 29.02099991
v 13.37100220 31.75099945 29.13699913
v 11.89200020 31.82399940 28.68899918
v 9.36300087 32.23500443 27.70999908
v 7.67200089 31.85299873 26.37899971
v 7.58500004 33.20700073 26.73099899
v 6.28100157 32.16999817 24.37099838
v 6.68800068 34.06999969 25.94499969
v 11.25200081 14.63200188 17.51799965
v 10.09800053 16.36400032 16.44899940
v 10.95000076 14.49700451 15.71799946
v 10.39200115 15.49699879 14.68199921
v 10.87700176 14.44999886 14.57499886
v 10.45900059 15.33199883 13.74999905
v 11.35900021 13.36400223 13.51499939
v 10.94100094 14.56800079 11.84999943
v 11.93400097 12.67400360 11.81999874
v 12.20000172 13.50200176 10.37999916
v 13.26700115 11.57099724 10.01199913
v 12.89500141 13.31300259 9.39899921
v 13.57299995 13.54899979 8.43199921
v 12.94600010 14.94999981 8.23799896
v 11.63600159 15.73800278 9.45199966
v 10.28200054 18.00399971 9.86399937
v 10.05599976 19.58200264 9.12199879
v 8.93300056 19.26399803 11.40599918
v 8.83600140 21.02000237 10.22699928
v 8.11400032 20.70000076 12.21999931
v 8.08400059 22.88699913 10.45199871
v 7.36400127 22.81899834 12.26199913
v 6.33900070 24.98300362 13.07699966
v 5.57400084 99.97499847 23.69499969
v 5.42000103 99.16999817 23.86299896
v 5.28200150 98.50499725 23.94199944
v 6.06300116 100.29199982 24.84299850
v 9.53200054 38.33000183 29.18099976
v 10.91900063 37.42899704 29.46999931
v 10.75400066 38.61700058 29.68099976
v 12.15700054 37.77000427 29.90399933
v 12.19400215 38.76300049 30.11499977
v 13.63300133 38.54600525 30.41599846
v 12.70200157 39.68000031 30.44499969
v 13.46500015 41.14799881 30.90699959
v 11.91900158 39.78700256 30.26599884
v 11.32100105 40.93600082 30.34099960
v 10.79600143 40.20600128 30.04899979
v 10.30800152 41.39400101 30.16599846
v 9.74800110 40.28400040 29.77299881
v 8.47599983 41.84300232 29.56299973
v 8.16700077 39.10500336 28.85400009
v 7.45700121 41.30800247 28.95899963
v 7.04500103 40.19400024 28.44199944
v 6.36400080 38.77600098 27.38599968
v 11.25000000 28.17799950 4.30799913
v 11.43300152 26.68700409 4.65899897
v 10.11400127 27.45800400 5.62699890
v 10.48100185 24.85799789 6.29399920
v 9.32500172 26.87899780 6.72799921
v 8.27600098 27.38700104 7.81399965
v 7.14600086 27.53200340 9.41999912
v 14.52000046 27.40500069 28.44400024
v 14.30100250 27.85199928 28.50699806
v 15.36400032 29.14599991 29.09000015
v 14.55400181 28.68000412 28.77299881
v 14.53700066 29.64299965 29.00199890
v 13.23000145 28.11600304 28.25799942
v 12.65700150 30.02300072 28.55599976
v 11.81700039 28.20900154 27.77699852
v 11.03299999 29.30000496 27.74499893
v 10.05200100 27.84600067 26.75599861
v 8.85300159 29.36799812 26.39699936
v 8.49500084 27.79400253 25.32899857
v 7.72200155 30.09600258 25.53800011
v 6.86700106 30.71299934 24.56699944
v 16.23900032 61.30900192 0.15999936
v 17.25300026 59.51300430 0.22999942
v 14.89500141 59.89700317 0.11999905
v 14.72400093 58.09600449 0.11299923
v 12.94700050 59.32199860 0.15899912
v 12.91000080 57.12800217 0.15799887
v 12.08400154 58.00500107 0.27599931
v 11.40000153 57.19000244 0.48299879
v 10.42300129 55.85300064 0.96100008
v 9.08600140 58.38199997 1.78099895
v 9.18800163 56.09900284 1.75399888
v 8.13500023 57.08300018 2.63399911
v 8.42400074 54.71900177 2.51499939
v 6.95000029 55.41200256 3.89599895
v 6.90500069 54.13600159 4.02799892
v 7.17400217 52.77499771 3.85099936
v 6.30000067 71.17900085 4.71599960
v 7.49200010 72.40800476 3.50099897
v 8.50100040 71.45100403 2.42099905
v 9.23600006 83.30100250 33.13199997
v 6.87400055 56.69900131 3.90399909
v 8.37200165 78.74200439 32.81599808
v 6.46300077 99.17099762 26.41399956
v 6.55100107 96.95300293 27.55599976
v 7.13600016 95.97100067 28.79899979
v 6.58300161 93.75000000 28.75000000
v 7.86900139 94.42200470 30.30499840
v 9.88800049 16.48200226 14.48799896
v 9.18300056 17.79200172 15.34999943
v 9.40100098 17.35600090 13.79599953
v 8.67500114 18.62099838 14.36999893
v 8.59800148 18.88599968 13.27299976
v 7.86600065 20.43100357 14.09899902
v 7.32600117 22.01100349 13.45199966
v 6.48800087 105.13700104 15.58399963
v 6.48900127 106.30699921 16.57399940
v 6.99400139 107.68099976 16.06199837
v 7.59400034 108.84799957 15.42899895
v 8.07700157 110.63400269 15.55399895
v 8.87300110 112.21099854 14.91299915
v 7.24300194 109.51900482 17.38699913
v 10.59400082 54.16500092 32.34899902
v 9.25100040 54.24399948 31.88099861
v 10.97400093 41.81599808 30.43999863
v 12.15900135 41.81500244 30.73499870
v 10.97700214 42.44099808 30.55999947
v 11.35800076 43.33800125 30.81599808
v 9.20700073 42.91500092 30.06499863
v 15.89900112 27.54499817 1.53599954
v 15.72200108 28.70400238 1.40499878
v 16.99800110 28.78300095 1.15899932
v 15.30400085 30.04600143 1.28999913
v 16.96100044 30.93500519 0.91699886
v 15.16300106 31.04300117 1.15299964
v 15.71899986 33.15699768 0.74899942
v 14.59000111 32.05600357 1.17800009
v 14.61200047 33.59700012 0.93099844
v 13.04300117 32.96700287 1.74999893
v 13.86000061 34.32000351 1.12099946
v 12.26600075 34.21100235 2.01599956
v 13.80800056 35.25800323 0.94199926
v 11.56700039 35.40200043 2.28799868
v 12.22900105 37.06900024 1.51799893
v 10.51800156 37.09299850 2.84799933
v 11.04100037 39.10400009 2.06699967
v 10.00500107 39.10100174 2.94599962
v 10.73500156 40.53100204 2.11499906
v 8.84000015 39.53900146 3.97999954
v 9.51700115 42.01300049 2.99399900
v 8.28100204 41.09100342 4.33499908
v 6.96500206 41.19300079 5.87899876
v 7.44100094 35.31099701 6.22799921
v 7.78800058 37.28900146 5.50899935
v 7.55400038 39.62600327 5.36699963
v 8.79700089 20.98800278 20.32099915
v 8.11200047 21.61400032 19.21799850
v 8.18900204 22.73099899 20.97499847
v 7.43000031 22.99799728 19.17199898
v 7.65200138 24.08900070 21.15299988
v 6.97000122 101.83599854 26.10299873
v 7.44900131 100.77000427 27.53199959
v 7.42000151 98.77100372 28.27400017
v 8.16500187 97.44699860 29.78400040
v 7.31000137 22.15299797 17.70599937
v 7.32700157 21.92799759 16.96599960
v 8.53300095 110.41699982 24.22799873
v 8.79200172 111.48799896 24.01000023
v 8.27100086 110.67199707 23.01299858
v 8.21200180 111.42600250 21.87099838
v 7.75100088 109.69200134 22.10599899
v 7.20400190 107.68900299 22.16799927
v 6.80900192 106.33300018 22.15099907
v 9.69800186 30.50000191 27.38899994
v 10.81000042 39.49600220 29.90099907
v 8.12000084 109.45300293 23.84199905
v 7.60800219 108.27400208 23.14699936
v 8.09500217 108.67400360 24.38299942
v 7.73900175 107.88500214 23.93499947
v 7.44200134 107.02799988 23.71199989
v 7.23400164 106.06600189 23.96299934
v 10.22100067 62.66400146 1.03199852
v 10.16400242 74.98500061 33.51599884
v 8.13900089 19.81399918 15.47599888
v 8.40800095 19.18800163 14.91499901
v 15.09000206 36.08100128 30.26299858
v 13.46800137 36.65100098 29.99899864
v 15.50300026 38.10500336 30.70899963
v 14.67500114 39.83100128 30.90799904
v 15.01700115 41.88000107 31.35099983
v 13.05200195 42.97999954 31.14699936
v 15.21400166 43.77700043 31.68699837
v 13.49200153 44.56600189 31.49099922
v 16.02400017 45.31000137 32.05099869
v 13.72600174 46.08700180 31.76999855
v 15.69400215 47.08200073 32.23999786
v 14.99800205 48.74500275 32.39999771
v 13.65900040 49.74900055 32.37400055
v 15.80200195 51.09600067 32.89199829
v 14.31700039 52.15200043 32.86000061
v 15.72000027 53.86900330 33.31100082
v 14.24500179 53.97900009 33.13599777
v 14.95700169 56.08900452 33.48799896
v 14.21800041 57.55099869 33.55299759
v 12.53000069 57.67400360 33.26200104
v 12.48099995 58.95400238 33.38399887
v 11.01500130 57.61400223 32.85599899
v 10.77400112 58.65400314 32.88599777
v 10.13100147 58.21400070 32.64099884
v 9.94100094 59.70800400 32.69999695
v 11.53000069 21.17300034 24.74900055
v 10.54500008 22.84900093 24.83599854
v 10.22200108 24.07000160 25.23799896
v 9.65700150 25.75000381 25.55299950
v 10.13200188 35.14599609 3.46999884
v 9.01700211 35.49999619 4.45999956
v 9.02100086 37.59900665 4.11999893
v 33.22100067 82.83000183 31.53999901
v 31.86200142 82.29299927 32.60899734
v 32.84799957 81.84400177 31.68099976
v 32.22500229 80.22000122 31.88999939
v 33.00300217 80.68499756 31.29699898
v 33.61600113 79.81300354 30.53699875
v 33.83399963 81.61800385 30.72399902
v 34.86400223 81.26599884 29.47999954
v 35.15200043 82.97299957 29.58899879
v 35.90299988 81.70000458 28.31900024
v 36.17100143 84.17600250 28.62099838
v 36.84300232 82.10500336 27.07299995
v 37.49000168 83.85600281 26.62099838
v 37.91800308 83.16200256 25.56900024
v 38.40100098 84.34700012 25.01299858
v 38.47800064 83.48699951 24.44699860
v 38.81100082 84.90900421 24.29699898
v 38.86100006 83.19100189 23.10999870
v 39.38400269 84.45800018 21.92999840
v 39.11600113 82.89700317 21.15999985
v 39.34900284 83.99600220 19.81599998
v 39.17500305 83.27799988 18.57899857
v 39.77099991 86.14199829 19.52499962
v 39.44600296 85.28700256 17.75299835
v 40.07300186 87.79900360 18.78999901
v 39.47299957 86.41000366 16.57799911
v 39.71599960 87.97700500 16.26899910
v 39.16900253 86.58499908 14.92199898
v 39.49600220 88.62899780 14.66899967
v 38.95000076 87.52200317 13.37999916
v 39.30100250 89.37100220 13.30099964
v 38.53400040 87.87200165 11.70099926
v 39.21700287 90.46500397 12.34099960
v 38.75799942 90.41400146 10.95099926
v 38.99800110 92.21800232 10.49199963
v 38.18900299 89.28800201 10.02299881
v 38.11700058 91.18299866 8.83699989
v 37.62800217 89.00600433 8.76299953
v 37.15500259 90.41799927 7.56299973
v 36.85800171 89.44900513 7.44999933
v 35.82500076 91.13500214 6.33799934
v 35.12700272 88.98500061 6.16299915
v 33.69600296 90.25299835 5.19799900
v 33.21100235 88.63899994 5.11599874
v 32.03599930 89.68599701 4.44599915
v 30.84000015 88.46700287 3.98499894
v 30.45300102 90.40100098 3.64099908
v 29.12000084 89.46299744 3.16999936
v 28.43100166 91.81900024 2.73899913
v 27.62600136 90.14500427 2.56299877
v 26.71700096 91.62300110 2.17899966
v 26.33300209 89.57299805 2.16899896
v 24.40200043 91.01499939 1.55999887
v 24.60400200 88.68600464 1.71199906
v 23.03600121 89.88100433 1.29499936
v 22.80100250 87.62699890 1.33099961
v 21.26100159 89.00000000 1.01500010
v 21.38600159 86.32500458 1.09199989
v 19.55300140 86.74500275 0.82999837
v 20.18000031 85.13100433 0.92799962
v 18.78800011 85.13400269 0.77199936
v 19.29400063 83.16999817 0.81599879
v 17.02600098 84.05799866 0.66299921
v 16.49300194 81.88999939 0.61499888
v 15.03600216 82.79199982 0.65799987
v 14.14400196 80.46300507 0.62499940
v 13.28400135 82.34100342 0.80899894
v 12.38000011 81.32400513 0.97599995
v 11.46800041 82.39400482 1.46499932
v 10.30100155 83.18700409 2.35999942
v 9.12400150 83.99900055 3.66299868
v 7.88700008 83.40499878 4.93999958
v 16.34200096 123.03600311 30.00899887
v 16.06400108 124.09500122 29.03499985
v 15.07100105 123.06900024 28.15399933
v 14.99800205 124.76399994 26.90699959
v 14.45200062 123.05300140 27.13999939
v 13.86500168 123.40900421 25.76000023
v 13.15100098 121.11000061 26.12099838
v 12.77200127 121.67700195 24.77199936
v 11.85000134 119.77899933 24.39999962
v 11.71700096 121.04199982 22.44399834
v 11.37300014 120.02999878 22.67099953
v 11.18700027 120.51100159 21.17199898
v 10.65000153 119.03500366 21.29399872
v 10.17300034 118.66699982 19.36199951
v 9.93900204 117.60600281 20.25399971
v 9.11000156 115.76499939 18.60699844
v 9.50500202 116.11100006 20.64999962
v 8.75400162 114.49700165 19.54399872
v 9.42300034 115.26300049 21.66499901
v 8.48300171 113.41000366 20.12500000
v 8.77500153 113.17700195 21.98399925
v 18.30400085 116.68900299 3.69799876
v 16.67000198 116.02500153 5.21699905
v 15.73000145 114.23100281 5.59799910
v 14.88400078 113.94599915 6.53899908
v 13.77800083 113.39700317 7.75299978
v 14.72000027 111.73500061 5.84399891
v 13.21400166 111.38100433 7.60599899
v 13.30400085 109.59000397 6.75499916
v 12.18600178 109.77700043 8.30599976
v 12.06900215 108.05400085 7.70799923
v 10.94100094 108.67900085 9.53299904
v 11.11900043 107.16200256 8.62099838
v 10.16000080 106.88200378 9.86699963
v 9.30600071 106.78300476 11.14699936
v 9.10500050 86.31600189 4.15699911
v 9.58000088 88.07299805 4.14399910
v 9.64200115 89.67099762 4.47999954
v 10.60500145 88.43800354 3.18699884
v 11.48100185 89.36599731 2.58499932
v 11.21500111 87.22900391 2.39199948
v 12.93200111 87.93199921 1.42799878
v 11.91500187 86.13899994 1.71799958
v 13.43300152 86.26799774 1.06999838
v 12.89400101 85.21700287 1.15199947
v 13.34700203 85.26800537 1.01799893
v 13.52100086 84.13400269 0.88099951
v 14.33300018 85.51899719 0.84099919
v 15.19900227 84.57099915 0.71899962
v 15.85400105 86.77500153 0.71999991
v 17.20500183 85.89099884 0.68799967
v 17.20300102 88.53500366 0.69599974
v 19.17700005 88.51699829 0.77399981
v 19.68300247 90.22299957 0.80099887
v 21.29500008 91.18700409 0.94499999
v 18.86400032 91.60500336 0.73999912
v 19.51100159 93.09200287 0.77199936
v 17.25100136 93.16300201 0.79999864
v 18.42200279 94.39600372 0.77500010
v 16.91600037 95.42500305 0.91099924
v 18.50500107 96.72000122 0.82399881
v 16.96700096 97.14299774 0.99699944
v 16.67500114 98.71400452 1.12499857
v 16.30700111 98.01499939 1.18699861
v 15.99200058 97.21600342 1.22399998
v 15.62700081 96.04499817 1.23200011
v 13.93600178 95.10099792 1.83699930
v 15.78000164 94.90799713 1.09899974
v 15.23200035 94.00600433 1.18199921
v 15.31700039 92.82800293 1.05400014
v 16.43900108 91.63200378 0.79199857
v 14.96700191 91.67200470 1.05599868
v 15.28400230 90.51200104 0.87999928
v 13.62900066 91.57199860 1.55599880
v 12.65800190 90.32400513 1.89799905
v 11.73400116 92.16200256 2.96399927
v 10.42000198 91.27999878 4.01199865
v 10.86700153 93.42700195 4.06799936
v 9.56100082 92.49400330 5.31199932
v 9.76700115 94.10200500 5.49699926
v 11.82299995 87.09300232 34.01499939
v 12.55800247 87.29000092 34.28400040
v 14.17000008 87.06100464 34.76300049
v 13.19300175 86.01799774 34.52299881
v 15.07500172 85.00599670 34.92200089
v 10.74600029 31.04200172 28.03099823
v 10.70100021 42.47299957 1.89899933
v 9.93800163 45.31100082 2.11899924
v 11.50300121 44.98299789 1.06199837
v 11.11000061 46.88500214 1.11699843
v 12.57900143 45.41500473 0.56199914
v 12.59800053 46.28600311 0.51999837
v 13.87100124 47.00600052 0.25899893
v 12.31200027 47.43799973 0.53599846
v 12.73400116 48.19000244 0.37499890
v 12.20100212 49.07200241 0.48599952
v 13.63100147 49.85400391 0.21199882
v 12.22200108 50.19000244 0.44299847
v 12.56200123 51.16400146 0.30799955
v 12.00200081 52.14400101 0.42499974
v 10.49900055 83.39900208 33.64599991
v 10.91600037 83.77999878 33.78799820
v 9.33800125 17.60800171 12.81499863
v 9.88000107 16.49799919 13.59199905
v 9.18200016 112.71099854 24.05999947
v 9.46900082 113.81200409 23.75499916
v 9.43500137 113.31999969 24.13899994
v 10.24300003 114.45999908 25.12699890
v 10.00500107 112.70500183 25.85700035
v 10.68500042 114.33699799 26.07799911
v 11.75500107 114.49300385 27.80500031
v 12.79200077 114.33300018 29.41499901
v 12.59000015 115.99700165 28.24899864
v 13.79400158 116.05200195 30.00000000
v 13.80300140 117.76000214 29.16699982
v 15.12900162 117.13000488 31.26700020
v 15.44799995 118.34600067 31.14799881
v 16.27500153 116.80500031 32.76300049
v 16.74300003 118.71299744 32.59600067
v 15.76200104 78.93299866 34.79700089
v 13.87000084 78.16300201 34.43899918
v 15.53200150 76.81400299 34.65599823
v 13.23700142 76.05000305 34.25799942
v 15.25900173 75.19499969 34.57499695
v 14.25800133 73.84799957 34.40800095
v 16.03100014 73.18199921 34.68899918
v 13.80400181 72.00500488 34.34899902
v 15.34000015 70.96099854 34.54700089
v 12.77300167 70.02099609 34.09700012
v 14.20100021 68.68800354 34.31499863
v 12.55500126 67.47100067 33.94099808
v 12.56100082 65.64099884 33.84700012
v 11.49500179 64.85199738 33.54700089
v 10.72800159 63.96500015 33.29699707
v 10.03500080 63.28900146 33.02899933
v 9.79900169 64.21900177 33.02299881
v 10.62000179 110.16899872 10.74299908
v 9.78000069 108.38400269 11.17999935
v 14.36300182 89.69499969 1.07199883
v 13.95600128 88.28099823 1.09399855
v 15.23099995 89.33900452 0.86699986
v 15.26000118 88.22100067 0.80999917
v 22.36900139 143.39500427 17.13899994
v 21.72200012 143.17199707 19.72999954
v 22.81300163 144.82299805 18.98999977
v 22.34100151 144.05000305 19.77599907
v 22.74100113 144.52299500 20.63299942
v 22.41700172 143.94500732 20.55499840
v 22.47500229 143.66299438 21.58099937
v 21.91200066 143.14900208 20.66300011
v 21.54300117 142.54899597 20.64699936
v 21.38200188 142.48100281 20.00199890
v 20.88600159 141.75199890 19.69299889
v 21.33600044 142.13600159 18.06999969
v 22.04199982 142.03399658 15.69999886
v 23.72000122 143.30999756 13.79599953
v 22.45900154 141.49900818 14.15299892
v 22.95500183 141.26699829 12.96899891
v 21.68700027 139.95800781 13.76699924
v 22.20600128 139.43800354 12.35699940
v 20.76500130 138.28399658 13.64299965
v 21.08400154 137.48200989 12.33099937
v 19.72200203 136.36100769 13.51099968
v 20.91400146 135.75000000 11.09499931
v 19.78800011 134.68000793 11.95799923
v 20.72100067 133.83999634 9.91699982
v 19.23100090 133.06100464 11.49799919
v 20.30300140 131.94500732 9.18699932
v 18.94800186 131.57699585 10.79599953
v 19.05600166 130.02299500 9.57599926
v 17.54700089 129.97999573 11.76499939
v 17.77800179 128.80799866 10.59799957
v 16.37300110 129.42199707 13.29199886
v 15.92300129 127.69799805 12.78999901
v 15.36299992 128.58999634 14.44499874
v 15.00100040 126.91200256 13.77899933
v 14.59900093 127.87599945 15.32899952
v 14.11200142 125.90399933 14.63699913
v 13.36900139 125.41699982 15.83599949
v 13.02900124 123.62200165 14.88299942
v 12.55100060 123.94200134 16.51299858
v 12.26500034 122.63600159 15.73499966
v 11.62100029 121.89300537 16.85799980
v 11.52900028 120.17200470 15.09699917
v 10.91400146 120.00000000 16.69999886
v 10.74600029 118.28400421 15.34899902
v 10.20500088 118.22499847 16.85499954
v 10.00199986 116.20999908 15.39499950
v 9.43900108 116.06800079 16.77799988
v 10.96000195 25.96399879 26.61399841
v 9.90400124 107.37699890 28.48699951
v 10.98200130 106.04900360 30.48299980
v 10.27200222 104.83599854 29.98799896
v 11.52700233 104.36499786 31.81199837
v 10.42400074 103.06999969 30.84299850
v 11.31800175 102.20700073 32.23199844
v 11.90799999 100.76100159 33.10200119
v 12.18400192 98.52500153 33.51399994
v 12.31100082 96.66500092 33.70299911
v 11.76300049 94.84300232 33.61499786
v 11.70900059 93.48300171 33.70999908
v 12.65400124 93.81600189 34.05300140
v 12.01400185 92.47599792 33.90000153
v 12.53000069 92.78500366 34.06900024
v 12.81100178 92.33800507 34.19400024
v 13.63700104 93.31300354 34.45000076
v 13.86600208 92.32399750 34.54800034
v 15.81700134 92.54399872 35.04600143
v 14.30600166 90.92700195 34.66199875
v 16.18800163 90.42900085 35.15100098
v 14.24200058 89.17500305 34.73699951
v 16.85700226 88.75099945 35.29899979
v 15.28700066 87.61700439 34.98699951
v 16.93600082 86.41100311 35.30299759
v 17.12100029 84.62599945 35.28199768
v 9.37000084 114.18800354 22.96799850
v 9.88800049 115.04199982 23.80399895
v 10.36200142 116.16100311 24.03999901
v 11.23400021 116.99500275 25.36699867
v 10.97000217 117.79000092 24.07600021
v 11.39800072 119.28300476 23.66399956
v 10.86000156 118.53600311 22.90499878
v 10.15100098 117.24400330 21.95100021
v 13.97500229 93.25199890 1.58499932
v 12.37900162 93.90900421 2.73799896
v 12.76500130 91.45500183 34.20199966
v 12.16600132 91.56400299 33.98699951
v 10.51600075 15.81399918 11.60499954
v 9.85600090 17.29299927 11.40299892
v 11.78800106 24.73900414 5.03099918
v 10.93000221 23.09700012 6.46199942
v 13.01800060 83.07099915 0.93000007
v 12.91300201 83.91699982 1.02599895
v 11.38200092 84.73100281 1.81299913
v 10.02100086 85.51300049 3.07199907
v 20.83300209 141.10499573 17.25399971
v 20.88500023 140.30400085 15.76799965
v 19.87700081 139.69700623 17.63099861
v 19.24700165 138.05099487 16.43299866
v 18.71300125 137.93699646 18.41799927
v 18.32999992 136.67700195 16.98899841
v 17.74000168 136.11300659 19.09999847
v 17.38700104 135.23899841 17.90600014
v 16.74000168 134.07800293 19.36100006
v 16.38400269 133.16900635 17.55799866
v 15.91300011 132.28500366 19.52999878
v 15.64300060 131.68299866 17.68699837
v 14.92400074 130.34599304 18.27299881
v 15.61200047 130.38099670 15.59999943
v 14.53300190 128.96600342 16.98799896
v 13.75600147 126.89600372 16.57199860
v 12.80100060 125.18000031 17.51999855
v 11.64200115 122.64700317 18.31599998
v 10.91600037 120.87999725 18.82899857
v 10.38800144 119.39199829 18.19099998
v 9.67600155 117.33699799 17.97699928
v 15.16200066 107.11499786 34.02000046
v 14.26300049 107.58399963 33.46500015
v 13.22500038 107.21199799 32.74399948
v 12.74100113 109.05899811 31.59399796
v 11.62500095 107.48200226 30.74199867
v 11.17100239 108.82700348 29.64999962
v 31.26900101 28.96600151 26.12499809
v 30.00600052 28.21400070 26.96499825
v 31.07500076 27.17900276 26.00899887
v 29.53900146 26.82000351 27.07499886
v 31.16700172 26.03100204 25.76000023
v 29.34600067 25.46399879 26.97399902
v 30.47500038 24.11399841 25.94099998
v 28.31900024 23.93899918 27.27999878
v 29.79300117 22.77500153 26.08999825
v 27.35300064 22.05099869 27.35499954
v 28.54400063 20.97800446 26.36899948
v 26.97400093 20.03899956 26.92099953
v 27.56500244 18.46300125 26.21299934
v 25.65300179 18.20400429 26.85499954
v 26.32700157 16.29300499 26.17999840
v 24.68100166 16.74400330 26.64999962
v 24.79400063 14.82300472 26.09099960
v 22.95200157 16.49700165 26.58099937
v 23.04200172 14.24399757 25.90499878
v 21.62300110 15.36200237 26.04599953
v 21.12500000 14.11800098 25.51599884
v 20.55800056 14.54100037 25.52799797
v 21.03400230 13.51200008 25.22099876
v 20.47400093 13.28200150 25.00199890
v 20.36000061 12.43799973 24.67299843
v 19.79900169 13.80400372 24.97599983
v 19.02200127 12.55000401 24.31299973
v 17.82900047 14.35000420 24.56999969
v 16.59600067 13.59400177 23.73600006
v 15.76300144 14.56800079 23.89299965
v 13.69800091 15.99600124 23.33599854
v 11.67400169 16.72000504 21.55599976
v 12.07100010 56.21200180 0.28799847
v 11.86600113 55.37899780 0.37099981
v 11.72800159 54.69100189 0.42999908
v 18.36200142 45.20800018 32.36599731
v 17.54600143 47.88400269 32.62099838
v 18.85300064 47.17100143 32.67900085
v 17.37100029 49.29600143 32.80999756
v 20.39400101 49.39700317 33.07500076
v 19.11199951 50.70000076 33.20499802
v 20.57300186 52.17499924 33.44299698
v 18.65400124 52.24600220 33.38299942
v 18.68400192 53.67900085 33.56499863
v 17.13700104 52.90500259 33.33599854
v 17.37100029 55.01800156 33.60899734
v 16.32300186 56.10100174 33.64899826
v 15.83100128 58.03300095 33.79299927
v 15.52800083 59.65900040 33.95499802
v 13.03900051 60.60499954 33.64099884
v 11.17600155 59.99900055 33.13399887
v 10.93700123 116.46600342 13.66999912
v 11.72600174 116.54100037 12.38299942
v 11.27300072 117.63899994 13.81199932
v 12.26200199 118.41799927 12.62899876
v 11.94300175 119.25900269 13.66399956
v 13.37000179 120.91899872 12.34899902
v 12.44800186 121.26000214 14.15899944
v 13.41800213 122.45200348 13.32699966
v 13.77200127 123.84300232 13.69199944
v 14.56500053 125.27700043 13.32799911
v 15.84800148 126.05300140 11.72399902
v 17.02700233 127.00800323 10.50499916
v 18.06000137 127.26599884 9.23499966
v 19.24200249 128.21400452 8.23899937
v 18.10600090 125.80300140 8.29299927
v 19.27900124 126.13300323 6.99299955
v 18.56900215 124.62799835 7.06599951
v 19.45200157 124.13400269 5.75099897
v 17.80400085 123.40799713 7.35099888
v 17.88800049 122.03200531 6.55599976
v 16.39000130 121.35500336 8.10899925
v 16.93000031 120.17099762 6.83499956
v 15.40100193 118.89900208 8.18499947
v 11.75500107 111.01799774 9.44199944
v 10.95700073 44.17399979 30.82600021
v 11.65400028 44.69900131 31.09899902
v 10.45800209 117.35800171 23.01799965
v 9.93600082 115.69799805 23.18999863
v 10.40600014 116.70700073 23.55699921
v 11.17199993 67.49500275 33.60300064
v 10.18400097 67.20099640 33.30599976
v 10.51500034 66.38400269 33.35599899
v 10.24200058 65.80300140 33.23099899
v 10.21800232 64.94699860 33.18500137
v 12.01100063 40.43400192 1.21399951
v 12.57400036 38.79199982 1.07899868
v 13.70600033 37.82399750 0.71099961
v 14.12400055 36.79299927 0.68499893
v 15.30400085 37.01999664 0.46599841
v 14.58200073 36.30799866 0.60599858
v 15.80800152 35.90299988 0.49199909
v 11.83800030 23.61600113 26.12899971
v 21.54800034 3.21700430 6.89799881
v 23.25000191 2.83700228 6.32099915
v 21.87100220 3.50400066 6.45599890
v 22.40200233 3.78800178 5.98599958
v 21.18500137 4.10599995 6.57499933
v 22.03000069 4.39099979 5.86299896
v 21.19300079 4.86700249 6.07799911
v 21.94900131 5.31999779 5.45699883
v 20.88500023 5.71200275 5.88199949
v 21.89900017 6.55700254 5.02299881
v 20.83700180 7.30100250 5.18899870
v 21.40400124 9.17000294 4.24799871
v 20.13200188 8.54600239 4.98699951
v 20.25400162 9.37499809 4.59099913
v 19.47500229 9.47400188 4.91699934
v 19.55500031 10.20800304 4.57799911
v 18.68900108 10.39200306 4.96599913
v 18.56700134 11.07399940 4.81399918
v 18.00600052 10.84800053 5.27099895
v 18.04200172 11.56000042 5.04299927
v 17.24300194 11.51800156 5.67399883
v 17.44900131 12.49900436 5.11599874
v 16.94100189 13.49300194 5.16099930
v 15.79600239 15.15400410 5.48799896
v 17.36300087 14.95800209 4.42599869
v 15.98300076 16.32799911 4.70799971
v 18.12500191 16.46000099 3.51099944
v 16.27200127 17.87699699 4.00599909
v 17.90800095 17.80299759 3.24899888
v 17.21900177 18.97500420 3.18599963
v 18.04800224 19.19499779 2.81099892
v 17.10400200 19.95400429 2.91499972
v 17.91100121 21.22899818 2.27799916
v 16.78600121 20.69099998 2.79899955
v 16.74500084 21.88800240 2.45099878
v 15.73400211 21.19699860 3.16299963
v 14.74000168 22.99299812 3.18199944
v 14.25300121 21.03599930 4.20099974
v 12.96200085 22.65100098 4.68699932
v 12.41600132 21.51899719 5.58799887
v 12.10100174 73.46200562 0.59499967
v 12.17700195 74.25299835 0.61099976
v 12.10400105 75.53400421 0.69599974
v 12.22300148 76.83900452 0.73699838
v 12.03200054 36.16800308 29.50299835
v 12.86800194 34.93799973 29.56199837
v 13.32500172 34.18200302 29.56199837
v 15.82800007 105.22000122 34.45399857
v 16.08700180 103.30000305 34.68999863
v 14.88200188 104.11000061 34.19499969
v 14.33300018 103.19799805 34.09499741
v 13.58300114 103.94699860 33.65599823
v 12.49100113 103.42300415 33.04600143
v 12.91900158 105.22599792 33.00799942
v 12.30400085 106.31999969 32.04100037
v 15.56600094 108.92300415 3.78599954
v 14.26000118 108.02100372 4.92399931
v 13.87000084 106.46400452 4.82399940
v 12.82500076 107.25900269 6.39999914
v 12.44300079 105.16899872 6.08799887
v 11.63400173 105.89600372 7.39499950
v 14.51500130 109.63600159 5.22199917
v 15.87200165 111.06900024 4.18999863
v 17.20500183 111.59799957 3.01799917
v 18.07200241 113.17200470 2.68399906
v 19.63100052 112.75199890 1.51699972
v 11.72500134 122.48899841 20.08399963
v 12.05900097 122.66100311 21.32799911
v 12.72200012 124.59000397 20.81799889
v 12.37700176 122.85200500 22.25000000
v 12.87900066 123.85099792 22.59799957
v 12.66699982 123.12300110 22.83499908
v 13.20400047 124.57499695 22.70899963
v 13.05900097 123.09500122 24.11399841
v 13.65500164 124.60600281 24.06599998
v 14.42600060 125.57099915 25.06899834
v 15.38900089 125.99800110 26.66199875
v 16.87300110 126.58200073 28.66199875
v 16.30900002 127.47499847 27.13299942
v 17.32299995 128.67399597 27.93599892
v 16.72300148 128.94200134 26.65799904
v 17.70000076 130.32800293 27.31200027
v 16.43300056 129.88700867 25.24899864
v 17.34900093 132.17399597 24.84299850
v 16.32900238 130.80000305 23.81699944
v 16.62000084 132.20300293 22.67999840
v 16.19400024 131.27400208 22.69499969
v 16.10300064 131.58000183 21.88499832
v 15.56600094 130.36100769 22.13299942
v 15.36800194 130.83700562 20.43199921
v 14.99700165 129.45800781 21.63499832
v 14.70400047 129.44700623 20.37799835
v 14.45700073 128.05999756 21.93400002
v 13.92800140 127.84100342 19.97399902
v 13.71100140 126.55300140 21.62999916
v 13.27200031 126.15599823 20.33999825
v 12.53200150 124.80100250 18.93699837
v 11.59000015 115.86499786 26.71099854
v 12.26900101 117.21500397 27.04999924
v 33.35499954 43.20299911 5.73499966
v 33.38899994 44.38299942 5.89699936
v 34.01700211 43.52000046 6.83799934
v 34.17600250 44.93100357 7.37399864
v 34.62500000 42.93000031 8.25799942
v 34.97000122 44.57500076 9.68499947
v 35.14800262 41.92800140 9.76299953
v 35.50400162 43.83200073 11.50499916
v 35.67900085 41.79899979 11.90199947
v 35.79299927 43.22299957 12.81099892
v 36.01100159 42.63200378 14.11099911
v 36.05100250 44.42000198 14.98599911
v 36.17300034 42.26200104 15.48599911
v 36.24700165 43.33900452 16.93599892
v 36.31200027 40.93300247 16.59700012
v 36.30800247 42.53699875 18.17700005
v 36.33700180 40.50300217 18.52799988
v 36.22100067 42.12200165 19.45699883
v 35.96800232 40.91799927 20.75399971
v 35.77300262 42.33900070 21.31199837
v 35.52799988 42.07099915 21.86399841
v 35.62700272 42.96100235 21.73499870
v 34.95199966 42.61199951 23.14099884
v 35.51200104 43.72800064 22.01799965
v 34.97900009 44.51200104 23.13999939
v 35.59400177 44.41900253 21.82899857
v 35.56299973 45.14799881 21.98699951
v 36.03200150 45.90399933 20.46799850
v 35.73100281 47.04600143 21.59399986
v 36.14900208 47.42500305 19.62899971
v 35.81999969 49.61199951 21.51699829
v 36.10300064 49.12400055 20.00599861
v 36.13800049 50.50200272 19.91399956
v 36.21100235 48.24200439 18.30499840
v 36.22400284 51.40700150 18.34700012
v 36.14300156 48.83399963 17.13799858
v 36.10499954 51.08900070 16.64799881
v 36.00300217 48.63800049 15.50799942
v 35.91500092 50.08600235 14.90599918
v 35.82300186 47.69100189 13.96399879
v 35.61800003 49.74900055 13.05499935
v 35.28200150 48.57699966 11.48399925
v 35.13899994 50.48200226 11.15299892
v 34.46100235 49.91200256 8.91999912
v 34.60499954 51.67800140 9.50999928
v 34.04100037 52.01900101 7.86899948
v 34.55699921 53.30400085 9.43299961
v 33.55000305 53.22300339 6.81499958
v 34.22299957 54.79999924 8.48799896
v 33.15100098 54.67100143 6.24099922
v 34.02600098 56.14700317 7.88099861
v 33.22500229 55.97800064 6.41599941
v 33.14800262 57.09500122 6.33499956
v 32.50000000 57.46400070 5.58199930
v 33.26499939 57.89599991 6.47099972
v 33.19400024 59.09000015 6.36199951
v 33.52500153 59.62400055 6.80799961
v 32.78700256 60.52100372 5.90099955
v 33.38100052 60.39199829 6.59199905
v 32.69700241 61.77799988 5.81799936
v 33.52400208 61.28700256 6.76699924
v 33.42800140 62.56600189 6.57699919
v 34.50600052 63.17700195 8.61499882
v 33.57900238 63.87300110 6.73799944
v 34.38100052 65.25199890 8.07699966
v 33.56500244 64.96199799 6.70799875
v 33.77000046 66.12000275 6.91699886
v 32.87400055 65.82299805 5.98499918
v 33.85400009 67.33799744 6.92599916
v 33.11400223 68.48500061 6.11699915
v 34.21200180 68.15599823 7.37099886
v 33.95899963 68.90499878 6.97999907
v 34.36000061 69.83100128 7.53999949
v 33.93199921 69.75900269 6.90799952
v 33.42700195 71.51399994 6.29499912
v 32.63600159 70.34400177 5.70499897
v 31.29500198 71.78900146 4.85599899
v 31.54100037 69.17700195 5.01599884
v 29.89200211 70.55100250 4.12799883
v 30.00100136 68.69400024 4.16699886
v 28.82100105 71.01599884 3.60899878
v 28.28200150 68.88700104 3.33199930
v 27.47600174 70.21299744 2.97499919
v 26.84400177 67.75900269 2.66199923
v 26.39700127 70.89500427 2.53899956
v 24.77000046 68.28300476 1.85399973
v 24.94900131 71.33000183 2.00499964
v 23.62900162 69.42000580 1.52399945
v 23.89200211 70.79799652 1.65099931
v 22.44099998 70.44499969 1.22799909
v 23.32300186 73.09300232 1.52599907
v 21.37100220 71.61399841 1.01399982
v 21.06300163 73.10800171 0.98099935
v 19.27800179 71.72600555 0.64699912
v 20.25900078 74.45200348 0.86000001
v 17.98299980 73.18199921 0.52399933
v 17.85099983 74.84100342 0.54699928
v 16.58100128 76.51799774 0.46999937
v 15.88400078 78.45100403 0.48999861
v 12.81800079 80.67900085 0.81799924
v 11.69099998 59.13200378 0.39099902
v 14.06200027 62.07200241 0.14399923
v 17.15000153 124.51300049 8.81199932
v 16.30300140 123.12000275 9.21699905
v 15.94800091 124.80999756 10.74099922
v 15.13800049 122.97200012 10.81899929
v 14.53300190 123.61900330 12.24699974
v 14.38300133 121.66699982 11.18599892
v 13.48900032 119.00700378 10.96199894
v 12.75300026 117.28500366 11.12599945
v 13.22900105 51.60900116 32.60199738
v 11.85200214 42.92800140 1.07099867
v 12.74900150 43.92500305 0.59199893
v 13.11000061 42.69799805 0.54799950
v 13.38100052 43.44300079 0.43599868
v 14.67100143 43.13500214 0.27499908
v 13.55200100 44.70199966 0.34699962
v 15.68000221 45.49600220 0.18499978
v 15.28200150 47.17200089 0.18600002
v 15.66100121 48.78000259 0.16599894
v 17.31700134 46.84999847 0.19299984
v 18.12400055 48.67800140 0.24099834
v 19.50400162 47.37700272 0.34499913
v 21.28400040 48.00400162 0.62099844
v 21.05800247 46.13500214 0.53500009
v 22.78000069 45.62099838 0.82699955
v 21.69000053 44.08200073 0.60699880
v 23.52500153 43.93799973 0.92499888
v 21.93100166 42.17900085 0.61499888
v 23.64599991 41.53400421 0.91799909
v 22.01200104 40.54000092 0.62499940
v 23.32800102 39.41799927 0.84599853
v 20.89300156 39.01900101 0.51099992
v 22.04199982 37.86300278 0.69099849
v 20.36100006 37.10100174 0.53899920
v 21.41800117 36.73400116 0.67599863
v 20.42200089 36.40800095 0.58299863
v 21.40500069 34.65299988 0.82099998
v 20.52300072 35.74500275 0.63399971
v 19.79800034 34.92099762 0.61199999
v 18.90600014 36.40100479 0.45599973
v 17.52100182 34.52200317 0.53999949
v 17.37500191 36.40700150 0.41899830
v 16.50700188 37.09500122 0.39499998
v 15.95000172 37.39199829 0.40699914
v 16.57700157 37.94599915 0.34799987
v 15.47100067 37.79899979 0.41199848
v 14.96000004 38.90100098 0.40599889
v 14.67500114 38.12699890 0.47899967
v 13.88700104 38.57400131 0.59399939
v 13.06900215 41.83699799 0.60899925
v 14.50100136 41.26900101 0.35199896
v 13.22700119 41.18199921 0.60299969
v 13.06700134 40.78100204 0.66199899
v 15.79800034 6.75400352 9.98999882
v 14.97900105 8.30700207 9.81099892
v 14.89800072 7.20100117 11.11499882
v 14.05700111 8.26900482 11.64499950
v 14.77100182 6.72600412 12.94699955
v 14.26500130 7.56099796 13.05499935
v 14.32700062 7.51600409 14.71499920
v 13.89000225 8.17500019 13.19699955
v 13.39400196 9.29800415 15.17599964
v 13.35700035 9.10799980 13.49099922
v 13.19400024 9.54800129 14.14299965
v 12.62100029 10.76000214 13.03499889
v 12.80700016 10.47500229 14.61399937
v 12.43200111 11.32800388 14.51699924
v 12.50900173 11.41100407 15.59999943
v 11.93100071 12.30700302 14.26599884
v 11.75000191 12.87600422 15.73599911
v 11.25900078 13.62799835 14.37899876
v 12.11900043 11.90099907 13.62099934
v 12.04600143 37.24600220 29.76299858
v 16.53000069 23.15600204 2.22099948
v 15.66100121 9.82600403 21.27099991
v 14.28500175 10.87000179 20.33799934
v 13.19300175 11.91200352 19.32299995
v 12.72000217 11.51400089 17.05499840
v 15.78400135 19.68400192 3.59899926
v 14.29100132 19.25700188 4.80099964
v 27.04300117 81.82299805 35.52799988
v 25.43600082 80.56200409 35.67599869
v 27.37400055 80.75299835 35.24300003
v 25.79300117 78.91300201 35.57199860
v 27.92700195 78.65800476 34.64699936
v 26.06300163 77.61399841 35.40399933
v 27.57400131 76.77700043 34.57299805
v 25.74400139 75.84100342 35.31599808
v 27.71200180 74.72900391 34.23099899
v 25.21900177 74.04900360 35.25999832
v 26.21500015 72.52999878 34.76899719
v 24.60800171 72.27999878 35.15299988
v 25.75300026 70.99300385 34.79700089
v 23.61000061 70.65700531 35.10099792
v 24.55000114 68.77700043 34.91600037
v 22.16100121 69.30400085 35.05099869
v 22.40200233 67.90399933 34.96599960
v 20.08300018 67.70400238 34.95399857
v 21.36500168 66.76899719 34.93399811
v 20.01500130 65.49600220 34.80500031
v 23.02500153 65.32600403 34.78499985
v 22.06000137 64.38500214 34.74300003
v 22.39700127 62.56900024 34.56399918
v 20.79300117 63.32100296 34.66299820
v 20.48200035 61.98600006 34.52199936
v 19.28600121 64.01000214 34.67099762
v 18.16600227 62.68900299 34.47999954
v 17.28499985 64.36699677 34.53400040
v 16.39100075 62.64500046 34.31200027
v 14.87900162 61.40800095 34.00600052
v 12.31300068 122.10800171 23.00899887
v 12.56400204 119.15100098 26.36299896
v 13.40900135 118.79900360 27.97799873
v 14.66200161 119.74600220 29.36800003
v 16.08600044 119.70100403 31.36999893
v 17.64600182 120.12999725 32.99699783
v 15.34400177 115.31800079 32.36800003
v 14.06500149 113.91699982 31.30799866
v 19.10800171 86.30100250 35.58199692
v 17.94700050 87.60400391 35.46199799
v 19.37900162 88.85099792 35.62199783
v 18.13300133 90.49900055 35.50299835
v 20.75100136 90.70000458 35.75600052
v 20.13400269 92.27700043 35.72999954
v 20.61800194 94.25199890 35.81100082
v 19.56700134 95.62899780 35.69300079
v 18.96000099 97.84000397 35.60900116
v 19.47000122 99.51300049 35.70299911
v 17.61000061 99.38700104 35.32099915
v 18.21200180 100.84100342 35.40900040
v 16.69600105 100.55999756 35.02999878
v 17.10600090 102.33499908 35.07199860
v 15.18000126 101.10099792 34.53799820
v 14.35800076 102.17800140 34.15699768
v 12.77900124 101.80100250 33.49200058
v 13.99200058 100.60600281 34.13000107
v 14.61300087 101.50700378 34.29199982
v 13.75400066 99.72900391 34.08900070
v 13.07100105 99.04499817 33.85400009
v 13.42500210 97.66200256 34.07500076
v 13.38400173 96.60700226 34.13599777
v 13.05700111 95.56200409 34.08599854
v 14.22500038 95.65299988 34.49399948
v 13.89600182 94.45600128 34.48500061
v 15.33300018 94.30100250 34.89999771
v 13.21500206 9.57600021 12.36399937
v 13.14900112 10.57899761 11.09699917
v 15.00300121 105.94100189 34.07699966
v 15.20300102 106.50000000 34.09899902
v 14.08000088 128.45300293 18.24300003
v 13.38300133 126.81900024 18.32399940
v 13.87100124 8.88000393 16.69799995
v 14.78800201 7.27400208 16.48199844
v 15.25700092 6.15999842 15.34599972
v 16.04900169 5.84400463 17.70199966
v 16.53200150 4.67300415 16.61899948
v 17.55500031 4.76700068 18.96999931
v 17.68700027 3.52500391 17.45800018
v 18.89900208 4.16199875 19.56199837
v 19.88899994 2.63500214 18.84399986
v 20.21600151 4.22099972 20.33499908
v 21.43000221 2.89899850 19.66699982
v 21.55200195 3.58500338 20.26399994
v 22.77500153 2.86000228 19.95299911
v 21.77300072 4.39400244 20.90599823
v 24.84600067 3.67899990 20.88099861
v 23.83800125 4.78900242 21.50399971
v 12.96300030 93.60600281 34.19099808
v 13.36000156 93.74400330 34.33300018
v 13.12800121 94.50000000 34.19099808
v 15.05100155 121.17700195 9.88399982
v 14.66900063 119.15299988 9.30699921
v 14.06800175 121.04399872 27.77499962
v 14.08000088 9.94899845 9.83399963
v 29.01400185 33.97700119 2.65499949
v 26.71900177 33.55699921 1.90599918
v 28.37800026 35.43099594 2.35299945
v 27.19100189 35.41400146 1.94299960
v 27.08200073 37.32600021 1.83299923
v 27.39800072 38.63300323 1.91699898
v 25.18100166 38.68199921 1.26599896
v 26.61600113 40.03199768 1.66299939
v 25.05100060 40.16400146 1.22299981
v 26.28500175 41.52300262 1.59399962
v 24.58400154 42.44400024 1.14999902
v 25.18600082 43.85300064 1.33999908
v 24.82100105 45.41600037 1.29999971
v 26.46500206 45.95199966 1.86099946
v 24.91300011 47.08000183 1.40299928
v 27.00100136 48.76100159 2.19499874
v 25.65200043 48.62699890 1.68999934
v 26.63600159 50.22500229 2.11699963
v 24.64500046 49.48099899 1.42899895
v 24.28300095 51.71799850 1.41299891
v 22.84600067 50.34100342 1.00599980
v 22.47400093 52.63100052 0.96699965
v 21.25600052 50.57899857 0.67299974
v 20.12300110 52.08800125 0.51099992
v 19.93400002 50.10800171 0.45799837
v 18.47400093 50.77600098 0.29399991
v 16.63299942 50.78300095 0.19099936
v 15.24700069 50.08300018 0.16199984
v 19.81100082 40.39899826 0.36199951
v 18.79100037 39.11200333 0.33299997
v 17.84300041 40.68099976 0.25600010
v 16.63200188 39.22299957 0.29199943
v 16.13400078 41.07700348 0.24999864
v 14.58800030 39.35800171 0.41999853
v 13.91400051 39.47100067 0.50999969
v 13.31700230 39.91500473 0.63699853
v 20.55700111 15.21000290 25.80299950
v 20.28100014 16.07999992 26.00499916
v 19.86700058 16.02599716 25.89299965
v 19.38700104 17.02000237 26.12499809
v 18.72000122 16.17400360 25.63099861
v 18.66900253 17.32499886 26.05399895
v 18.22100067 17.09400177 25.86599922
v 17.21200180 18.00800133 25.92299843
v 17.03100014 15.86100483 25.00999832
v 15.55700016 17.35699844 25.05999947
v 15.18300152 16.15299988 24.36399841
v 16.51700020 104.27799988 1.76599896
v 14.80900097 102.59799957 2.63299894
v 13.71800137 100.25800323 2.99399900
v 16.94700050 103.13999939 1.41799915
v 20.08100128 140.50500488 19.27899933
v 19.09700012 138.63999939 19.70399857
v 18.22500038 136.69299316 20.50099945
v 17.45400238 134.98899841 20.92599869
v 16.57900047 133.19300842 20.85599899
v 15.60600090 121.50000000 29.80499840
v 16.63900185 120.96600342 31.45699883
v 17.20000076 122.11299896 31.62899971
v 17.52600098 37.89199829 0.33699906
v 14.12300014 9.85600090 18.88299942
v 14.60400009 8.22100067 17.81399918
v 15.57700157 7.18399906 18.69999886
v 16.60300064 6.79899740 19.86499977
v 18.09100151 5.78100252 20.30099869
v 14.15100098 127.09500122 22.36999893
v 15.05300045 128.28300476 23.49699974
v 14.07700062 126.55999756 22.88599968
v 14.62100029 126.68499756 24.34399986
v 13.90500164 126.13600159 22.88299942
v 13.69400120 125.61199951 22.88799858
v 14.67700100 56.65200043 0.11299923
v 16.71899986 57.03100204 0.19499846
v 18.51700020 58.06100082 0.36499834
v 19.62900162 59.90999985 0.51199830
v 14.63100147 105.14700317 34.00600052
v 14.99400139 113.99600220 32.42099762
v 14.11700058 86.98400116 0.95699912
v 23.44800186 45.04899979 32.42499924
v 21.99300194 45.81700134 32.59299850
v 23.17700005 47.27800369 32.71899796
v 20.83700180 47.59300232 32.82799911
v 22.10900116 48.87900162 32.97200012
v 22.08900070 51.18700027 33.29699707
v 22.27000237 53.91399765 33.64499664
v 20.82100105 55.13199997 33.81999969
v 22.36100006 56.63199997 33.96599960
v 20.38800240 57.23300171 34.03299713
v 20.68800163 58.87800217 34.19899750
v 18.95100021 58.31599808 34.09999847
v 18.78300095 60.69900131 34.33599854
v 17.58500099 59.33700180 34.11199951
v 16.81000137 61.00100327 34.20499802
v 22.32300186 64.19100189 1.02799940
v 20.99600220 64.91600037 0.74099934
v 19.69200134 64.74000549 0.52700007
v 20.33800125 67.02000427 0.66699833
v 18.73600197 66.07800293 0.42299926
v 19.19500160 68.36100006 0.53799897
v 17.39400101 66.57399750 0.30599907
v 16.96200180 68.27200317 0.31999871
v 14.82900047 67.62999725 0.22099912
v 14.44700146 98.70200348 34.41999817
v 14.37000179 97.71800232 34.44599915
v 14.57600117 97.03300476 34.54399872
v 16.12000084 96.50000000 35.00500107
v 17.38700104 94.39099884 35.36000061
v 17.58100128 91.97299957 35.40699768
v 15.26300049 8.62599945 19.94099998
v 15.48400116 127.76100159 25.37599945
v 15.00200081 29.44400215 1.52899885
v 16.10400200 112.46099854 4.47699881
v 18.86100197 14.38300323 24.89200020
v 18.66400146 15.07600403 25.16199875
v 17.67300034 96.97900391 35.36800003
v 16.08800125 98.04800415 34.98099899
v 15.76600075 99.32800293 34.80799866
v 25.73600197 21.84899902 28.00499916
v 25.24200058 19.63400078 27.33199883
v 24.51000023 21.28899765 28.15099907
v 23.43500137 19.95199966 27.72599983
v 22.88900185 22.02700043 28.48799896
v 21.89900017 20.23900223 27.74899864
v 20.55500031 21.47699928 27.96899986
v 20.00600052 20.09800148 27.36299896
v 18.62700081 21.36299706 27.52099991
v 17.94900131 20.03700256 26.91899872
v 16.91400146 21.64400291 27.28899956
v 16.55900192 20.57199860 26.79899979
v 15.52500248 18.96600342 25.75899887
v 20.59600067 70.23200226 0.80299938
v 18.42300034 69.70700073 0.48399901
v 17.02000237 70.85100555 0.37099981
v 15.54800224 69.08900452 0.26299989
v 37.55800247 87.26100159 9.30299950
v 36.95000076 88.37200165 7.80999947
v 36.19900131 88.27500153 7.03399897
v 35.32400131 86.68499756 6.54699945
v 33.12000275 87.37500000 5.14599943
v 33.82800293 86.10600281 5.63999939
v 31.59300041 86.39500427 4.45599937
v 33.40100098 84.36700439 5.50399923
v 31.87000084 84.33300018 4.69699955
v 32.70800018 81.77799988 5.26099920
v 31.24800110 82.33499908 4.47699881
v 30.87700081 80.70700073 4.32399940
v 29.16200066 82.28500366 3.49899936
v 29.19800186 80.57399750 3.56899953
v 27.76300049 81.80200195 2.93399954
v 26.83500099 80.09000397 2.62099886
v 26.02300072 81.68000031 2.29299903
v 24.24100113 79.93700409 1.77899933
v 23.88100052 81.66999817 1.66199911
v 22.76400185 80.93199921 1.40499878
v 22.37000084 82.96800232 1.30299950
v 20.86000061 81.51599884 1.03999865
v 18.43500137 81.33100128 0.70599842
v 17.32299995 79.91699982 0.59399939
v 15.67900181 80.01799774 0.55199862
v 18.30700111 11.75100327 23.74499893
v 20.22800064 11.34999847 24.25099945
v 20.88800049 11.10000134 24.31299973
v 22.01600075 12.44400406 24.99699974
v 22.33500099 10.82400227 24.48999977
v 23.74200058 12.84400368 25.41699982
v 24.76900101 11.33500004 24.84599876
v 25.50500107 13.30599976 25.41899872
v 26.71100044 12.03100395 24.70199966
v 26.93600082 14.46899796 25.42199898
v 28.97600174 13.71999836 24.15899849
v 28.88800049 15.17500019 24.68699837
v 30.87700081 14.90400028 23.30599976
v 30.71100044 16.66100311 23.93199921
v 31.78600121 16.80800247 23.10999870
v 31.90200043 17.66200447 23.20699883
v 32.65500259 16.84400368 22.28299904
v 32.88000107 18.69899750 22.42599869
v 33.74600220 17.08699799 21.03999901
v 34.01900101 18.33800316 20.92799950
v 34.76399994 16.89799881 19.40099907
v 35.21000290 17.92100143 18.68199921
v 35.15500259 16.13300323 18.08399963
v 35.50600052 17.92500114 17.85999870
v 35.55900192 17.03300285 17.13299942
v 35.63899994 18.16900063 17.52199936
v 35.71400070 17.96200180 16.67599869
v 35.79899979 19.19499779 17.06099892
v 35.96500015 20.27500343 15.37599945
v 35.80700302 20.07500076 17.63299942
v 35.95300293 21.49499893 17.64299965
v 35.85800171 20.89899826 17.75599861
v 35.47400284 20.77600288 18.87999916
v 35.61300278 19.18000031 17.90199852
v 35.75099945 19.36200333 17.50399971
v 22.74500084 5.98200417 22.07899857
v 21.15100098 5.39799786 21.36999893
v 19.52800179 6.14300346 21.34399986
v 18.02799988 7.28700304 21.35999870
v 16.79900169 55.02800369 0.19799918
v 15.34200096 5.82399940 12.82999897
v 15.97300148 4.97899961 14.57299900
v 15.84500122 5.11100149 12.64099884
v 16.21700096 4.57200432 12.58899879
v 16.61700249 4.34700394 11.54499912
v 16.73100090 4.03600168 11.93799877
v 17.42800140 3.35000467 11.44699955
v 17.51000023 2.89399910 13.06499958
v 17.80800056 2.85299873 11.65399933
v 18.24300194 2.28799868 12.13799953
v 18.85000038 2.51299882 10.29299927
v 18.82200050 1.75900006 12.00299931
v 19.72000122 1.54399872 10.51599884
v 20.58800125 0.71500242 11.14499950
v 15.78500080 23.35700417 27.55599976
v 17.30200005 22.68000031 27.74799919
v 19.30100060 22.65600204 28.07099915
v 20.98200035 23.04900360 28.49599838
v 23.21800041 24.19199753 29.02699852
v 24.66300201 23.56699944 28.83099937
v 25.44700050 24.96100235 29.02199936
v 26.42400169 23.43100357 28.26699829
v 27.16700172 25.41000366 28.28499985
v 28.41800117 27.61399841 27.92199898
v 28.36500168 29.47900391 28.24499893
v 26.90100098 27.87400055 28.85099983
v 26.18400192 29.38199806 29.49199867
v 25.60600090 27.29599953 29.42199898
v 24.62200165 29.04100037 30.01599884
v 24.07300186 27.11600113 29.71899796
v 22.06400108 27.34199905 29.71800041
v 20.96600151 26.57700348 29.40599823
v 19.78700066 25.13100243 28.85499954
v 18.22200012 24.26800156 28.41499901
v 16.75000000 25.64100266 28.48699951
v 16.43000221 24.48900032 28.08499908
v 15.69400215 25.23899841 28.11499977
v 14.82000160 128.51199341 22.49099922
v 16.36900139 43.22399902 0.20399876
v 17.96400261 44.56800079 0.21099858
v 19.36100006 45.68600464 0.31599963
v 20.04800224 44.28200150 0.37899986
v 18.45200157 42.57900238 0.24199858
v 17.20800018 125.91699982 9.56099987
v 25.57900047 35.01800537 1.51499915
v 24.81700134 33.58500290 1.43999887
v 24.27100182 34.92099762 1.24000013
v 23.90800095 34.40800476 1.20699966
v 23.89100075 35.64099884 1.10999870
v 22.85600090 35.20400238 0.97999907
v 22.36900139 36.14099884 0.84099919
v 22.42600060 34.64899826 0.95899963
v 22.11500168 32.89400101 1.05299985
v 20.04199982 33.34700394 0.77399981
v 21.02300072 31.06400299 1.07199883
v 18.89300156 32.31599808 0.78899974
v 19.64700127 30.29300308 1.02599895
v 18.04700089 30.27000237 0.98999965
v 18.64800072 28.34900475 1.15499830
v 15.91200161 26.32600021 1.78399956
v 17.91500092 131.56100464 12.38799953
v 16.86400223 131.19599915 13.86399937
v 17.40500069 32.61899948 0.71499872
v 20.20500183 46.45300293 32.65900040
v 20.50000191 44.61500168 32.42099762
v 19.01399994 43.05200195 32.11299896
v 17.41800117 43.66400146 32.00999832
v 18.36899948 41.75500107 31.83499908
v 16.79200172 41.74300385 31.61399841
v 17.83500099 39.89000320 31.44899940
v 16.39600182 40.03800201 31.25099945
v 17.17800140 38.57199860 31.10499954
v 17.12500191 37.22000122 30.85399818
v 18.64800072 114.98999786 2.77399921
v 17.04100227 114.41300201 4.15999889
v 15.82100010 5.64000034 11.25199890
v 25.71800041 55.91700363 33.13999939
v 26.05300140 58.01399994 33.16499710
v 24.25500107 57.45000076 33.91400146
v 25.02099991 59.78200150 33.91199875
v 22.65900040 58.82700348 34.18999863
v 22.78100204 60.60900116 34.37400055
v 20.61100197 60.49600220 34.37299728
v 23.91400146 54.45500183 1.37999928
v 22.39800072 54.75300217 0.98899937
v 21.17000198 53.30900192 0.69899857
v 17.39900208 50.78700256 33.05599976
v 18.94400024 1.42300129 13.03599930
v 19.59200287 0.91200322 12.85699940
v 20.16600037 0.47600269 12.99299908
v 21.62700081 0.24499744 12.74399948
v 20.71600151 0.19100308 14.47899914
v 23.08000183 0.18200278 14.59899902
v 22.21500206 0.00000000 15.56099892
v 23.08400154 0.05000085 16.33399963
v 21.55100060 0.27800351 16.43799973
v 21.82900047 0.62499940 17.12599945
v 20.87000084 0.97499788 17.23299980
v 21.24700165 1.27000356 17.85899925
v 19.59500122 1.86300278 17.61699867
v 18.37300110 2.40699959 16.54699898
v 16.95899963 3.55800247 14.15699959
v 17.05600166 78.27000427 34.94300079
v 16.90300179 76.27799988 34.87699890
v 18.17900085 90.16400146 0.72599947
v 17.93100166 3.32000113 10.64199924
v 18.50500107 130.67199707 28.40299988
v 18.40800095 132.41299438 26.79699898
v 19.63300133 135.41999817 26.34599876
v 20.40800095 137.33300781 25.87699890
v 20.97300148 138.62500000 25.63199997
v 19.84400177 137.86399841 23.90599823
v 20.85600090 139.80999756 23.64499855
v 19.89900208 139.03300476 22.13299942
v 20.48000145 140.12100220 22.02099991
v 20.00900078 139.39900208 21.76499939
v 20.01600075 139.84199524 20.71599960
v 19.50600243 138.93000793 20.86299896
v 19.31700134 138.20500183 21.74199867
v 18.82700157 137.27000427 21.74499893
v 19.02000046 137.03900146 22.80499840
v 18.21100235 136.02700806 21.86800003
v 18.50000000 135.44200134 23.60299873
v 17.79200172 135.01199341 22.16499901
v 17.40100098 134.12200928 22.29699898
v 16.98999977 133.45600891 21.92000008
v 16.43400002 132.37500000 21.75099945
v 21.04200172 16.81999779 26.37399864
v 21.14500046 18.57399940 26.99899864
v 19.85300064 17.98100090 26.55399895
v 18.05700111 19.15799904 26.62399864
v 17.57700157 19.97300148 26.80299950
v 18.92600060 56.06400299 33.84599686
v 17.18100166 57.52600098 33.87999725
v 20.62900162 139.21699524 14.93699932
v 19.55100060 137.38099670 14.92899895
v 18.56400108 135.98199463 15.36199951
v 18.80600166 134.48100281 13.38699913
v 18.01200104 133.94999695 14.35999966
v 17.74800110 132.61700439 13.57299900
v 17.17800140 132.98600769 14.95699883
v 16.34600258 132.20700073 16.04799843
v 17.57500076 134.73600769 16.17199898
v 16.76900101 23.52300262 27.88899994
v 30.00300026 12.43299961 23.14299965
v 28.54100037 12.04799843 23.90599823
v 29.01600075 9.76000023 22.90799904
v 27.92500114 10.71199799 23.80399895
v 26.84700203 8.64499855 23.38899994
v 26.12600136 10.01700020 24.12999916
v 24.04200172 9.87099838 24.28199959
v 20.76500130 10.03100014 23.86199951
v 36.65000153 87.22499847 7.71099901
v 36.47500229 86.06400299 7.78699923
v 35.99000168 85.42900085 7.31699896
v 34.83000183 84.62200165 6.40299892
v 35.93600082 84.22700500 7.44699955
v 34.60000229 82.99000549 6.39899921
v 36.00900269 82.88899994 7.85099888
v 35.24900055 82.10400391 7.11599922
v 35.63199997 81.90000153 7.59899902
v 35.28100204 80.94699860 7.31699896
v 36.15500259 80.62999725 8.73799896
v 35.28400040 80.14299774 7.44299984
v 35.42800140 78.52899933 7.89199972
v 34.65999985 79.40699768 6.82599926
v 34.01700211 78.15100098 6.35199881
v 32.96800232 79.95200348 5.47299910
v 31.77800179 78.08699799 4.92599869
v 30.72900009 78.94899750 4.32699919
v 29.28300095 77.95700073 3.69099903
v 29.14600182 79.30200195 3.57599926
v 27.68500137 77.38800049 3.01199961
v 25.68200111 78.65599823 2.24399948
v 23.05100060 78.31500244 1.48699903
v 21.70200157 79.25099945 1.18699861
v 19.75699997 80.06500244 0.85399860
v 19.38600159 78.72299957 0.78099966
v 17.77300072 78.13899994 0.60199946
v 24.29400063 99.85199738 36.24700165
v 24.87700081 101.44400024 36.33399963
v 23.51000023 102.42200470 36.23399734
v 22.21500206 103.40200043 36.10599899
v 20.95800018 104.77000427 35.87300110
v 20.59000015 107.33499908 35.69799805
v 19.20100021 108.03099823 35.33499908
v 20.05800056 110.33200073 35.38700104
v 18.30600166 109.17700195 34.97900009
v 18.49400139 110.91000366 34.87199783
v 17.21100044 110.29700470 34.48299789
v 16.93900108 111.76599884 34.26499939
v 20.25500107 112.63100433 35.29000092
v 18.81600189 112.30799866 34.86499786
v 19.15000153 113.96900177 34.81900024
v 17.91800117 113.16699982 34.45999908
v 17.34400177 112.50499725 34.33100128
v 20.60200119 6.58100080 5.69799900
v 19.48900223 6.04200363 6.60899925
v 19.51700020 6.70100021 6.22599936
v 18.82200050 6.88800240 6.72399902
v 18.89700127 7.30900478 6.40899944
v 18.46199989 8.44000244 6.16799927
v 16.83200073 10.12700081 6.52799940
v 43.09500122 120.48799896 4.57599926
v 43.78600311 119.05300140 5.38299894
v 45.21600342 120.27700043 5.82899904
v 45.41400146 118.27899933 6.66399956
v 46.53200150 118.75500488 7.33199883
v 46.19400024 117.63500214 7.60099936
v 46.95300293 118.02300262 8.34699917
v 45.93900299 116.70800018 7.82499933
v 47.64000320 117.70200348 10.16899967
v 46.37000275 115.96199799 9.19399929
v 47.59200287 116.49300385 11.44599915
v 46.64699936 115.31700134 10.47799969
v 46.60000229 114.28900146 11.45899868
v 45.38700104 113.69200134 9.14099884
v 45.27799988 112.23899841 10.35899925
v 44.65999985 112.08699799 9.06299877
v 44.54100037 110.36000061 10.37699890
v 43.78499985 109.81200409 9.09799957
v 43.59500122 108.36599731 9.95899963
v 42.75000000 107.66699982 8.60199928
v 42.58700180 106.15499878 9.38799953
v 42.02000046 106.94599915 7.90299940
v 41.60300064 106.15100098 7.69599915
v 41.72000122 107.92099762 7.23999929
v 40.65600204 107.71400452 6.51599932
v 41.42300034 109.29399872 6.64999914
v 40.55599976 110.34500122 5.81799936
v 41.89599991 111.50299835 6.37299919
v 39.91600037 112.11800385 5.05999947
v 41.22700119 113.42800140 5.47299910
v 39.75300217 113.95400238 4.53499889
v 39.78100204 115.41000366 4.18399906
v 38.38000107 113.03300476 4.04799938
v 36.85800171 112.34100342 3.47799897
v 35.09900284 111.33799744 2.89399910
v 33.05800247 111.70100403 2.09899902
v 32.15700150 110.22200012 2.00499964
v 30.49700165 110.90000153 1.48899949
v 30.13300133 109.03199768 1.57999897
v 28.77000046 109.35800171 1.25799882
v 28.74800110 107.42400360 1.40599906
v 26.78200150 108.43900299 1.00399923
v 26.81100082 107.12000275 1.07700002
v 24.53300095 107.07500458 0.83499962
v 25.71900177 106.06700134 0.98999965
v 23.63900185 105.63100433 0.80799872
v 24.67100143 103.93000031 0.95999986
v 22.65600204 103.94899750 0.81799924
v 23.70300102 102.30500031 0.91399997
v 21.78900146 102.78300476 0.81799924
v 22.44400215 100.71800232 0.84699875
v 20.46300125 100.98699951 0.82099998
v 20.61500168 99.37799835 0.79599953
v 18.32400131 98.79499817 0.88099951
v 17.50400162 99.93099976 1.03799999
v 19.10600090 93.45999908 35.62299728
v 17.56700134 133.67500305 23.42299843
v 20.27400208 42.33200073 0.39799884
v 20.56000137 123.74200439 4.36799860
v 20.46500206 125.37799835 5.23399925
v 20.51700020 127.11599731 6.08199930
v 20.37900162 128.18200684 6.83199883
v 21.79400063 127.21500397 4.73999882
v 22.34600067 128.65499878 4.85599899
v 23.25800133 126.79600525 3.04499912
v 23.85000229 128.61799622 3.37299895
v 24.36700058 126.99400330 2.16199923
v 25.52600098 129.26699829 2.07899880
v 25.84100151 127.24200439 1.39999950
v 26.61700058 128.51600647 1.34199953
v 26.68500137 127.67900085 1.18999934
v 27.57600212 127.32700348 0.97399950
v 26.44900131 126.23899841 1.07099867
v 29.17000008 124.95700073 0.72399902
v 26.70400047 124.56200409 0.91499835
v 27.98500061 123.32199860 0.74899942
v 26.73600197 122.79599762 0.81099939
v 27.04300117 120.92600250 0.73600000
v 25.34800148 122.06400299 0.94099903
v 25.21500015 120.08800507 0.85200000
v 24.05800056 120.89900208 1.09099972
v 23.19000053 120.31100464 1.25699866
v 23.51399994 121.80599976 1.34499931
v 22.19200134 120.90299988 1.83699930
v 22.11100197 123.29699707 2.62699938
v 21.21500206 122.23200226 3.01399922
v 20.00100136 122.28099823 4.30899954
v 18.82700157 121.67400360 5.29199934
v 22.09100151 75.04299927 1.24399924
v 19.76900101 75.88200378 0.80699849
v 18.45200157 76.91899872 0.63699853
v 19.38900185 136.06599426 25.13399887
v 18.29500198 133.96800232 25.08600044
v 19.46100044 36.96200180 0.45999885
v 18.57100105 37.31299973 0.38499945
v 42.47700119 100.53099823 14.37699890
v 42.76800156 100.11700439 16.06599998
v 42.20400238 98.22299957 16.07699966
v 42.83000183 98.93600464 18.15099907
v 42.41400146 97.72900391 17.86499977
v 43.00000000 99.00099945 19.98600006
v 42.59200287 97.62899780 19.78199959
v 42.68400192 97.75600433 21.65499878
v 42.10600281 95.83100128 20.26999855
v 42.06600189 95.72700500 21.73799896
v 41.54999924 93.84500122 21.85199928
v 41.67300034 95.01300049 23.05699921
v 41.23200226 94.20200348 23.80500031
v 41.21200180 95.13500214 24.59799957
v 41.00300217 95.16500092 25.16899872
v 41.41300201 96.45000458 25.13199997
v 40.78900146 96.71299744 26.57299995
v 41.60300064 97.45200348 25.37699890
v 41.23900223 98.34400177 26.73099899
v 41.87599945 98.38300323 25.46799850
v 41.85300064 99.64700317 26.40399933
v 42.67399979 99.50199890 24.39199829
v 42.69499969 100.76000214 25.37399864
v 43.12000275 100.73899841 24.28100014
v 43.42399979 101.87699890 24.48799896
v 43.36700058 100.87000275 23.63399887
v 43.64200211 101.28099823 23.22399902
v 43.61899948 100.77400208 22.47899818
v 44.11200333 102.27100372 21.79399872
v 43.44100189 100.15800476 21.15199852
v 44.25900269 102.87400055 20.24300003
v 43.45600128 100.71600342 18.94599915
v 43.92399979 102.48000336 18.03299904
v 43.25000000 100.73000336 17.49599838
v 43.57600021 102.72599792 15.92499924
v 43.16699982 102.56100464 14.49599934
v 42.38199997 101.56100464 13.00299931
v 41.77000046 99.64299774 12.90399933
v 41.85100174 101.96800232 11.05899906
v 41.42700195 100.72800446 10.96899891
v 41.03599930 101.55799866 9.27199936
v 40.42700195 99.29499817 9.37199879
v 40.15100098 100.78800201 8.05599880
v 39.76900101 99.96500397 7.87299967
v 39.43000031 101.45100403 7.10499954
v 38.51399994 99.52700043 6.84599972
v 37.76900101 100.98400116 6.04199886
v 36.93000031 99.28800201 5.80799961
v 36.46500015 100.97299957 5.27499914
v 35.42499924 99.50500488 4.93199921
v 34.86800003 101.57500458 4.34999895
v 34.05800247 99.41999817 4.28399897
v 32.85000229 100.15200043 3.63399935
v 32.68099976 98.16000366 3.80899954
v 30.85000038 99.93199921 2.83399963
v 30.97700119 97.43900299 3.16199946
v 29.98000145 98.82800293 2.63299894
v 29.02700043 97.01799774 2.50099874
v 28.14400101 98.63200378 2.05599880
v 26.95000076 96.16300201 1.93799937
v 26.88800049 98.28500366 1.73899901
v 25.99700165 97.20200348 1.58499932
v 25.10000038 98.94699860 1.25999939
v 24.26300049 96.66500092 1.23200011
v 23.18900108 98.35500336 0.98199958
v 22.17000008 96.54599762 0.92899984
v 21.37700081 97.95500183 0.83499962
v 20.04400063 95.65100098 0.78699923
v 19.96800041 97.52300262 0.80999917
v 19.86600113 7.71600008 5.46599913
v 19.15000153 8.25899887 5.72699976
v 19.15200043 9.09999752 5.32499886
v 18.35100174 9.16300011 5.82999945
v 18.44400215 9.56200027 5.54099941
v 17.92500114 111.95100403 34.60799789
v 17.39600182 13.28000450 4.85299921
v 18.45800209 13.69299698 4.08499956
v 18.56299973 15.21299744 3.65599895
v 19.27100182 14.42699909 3.58199883
v 19.65200233 15.74099827 3.16499925
v 20.86200142 14.32199764 3.17399955
v 20.89599991 16.56799698 2.81799960
v 22.67900085 14.77599907 3.05999899
v 22.14900208 17.27100372 2.69999909
v 23.76200104 16.64900017 2.93599916
v 23.36300087 18.67599869 2.68799901
v 25.22400093 18.26000214 3.06099939
v 25.05900192 18.88699913 2.96299911
v 25.76500130 19.17700386 3.11999965
v 26.00200081 19.91200447 3.11299872
v 26.52799988 19.86400032 3.27499962
v 26.29000092 20.92700386 3.07899904
v 26.88900185 21.17799950 3.23099923
v 18.66400146 1.76499784 15.18499947
v 19.64600182 0.82100183 13.95599937
v 20.98700142 0.22400171 15.50599957
v 20.94100189 0.46399981 16.27199936
v 19.94800186 1.04399776 16.41599846
v 21.48700142 68.36900330 0.93599969
v 22.86900139 67.84400177 1.25299954
v 21.10099983 6.31999969 21.93799973
v 20.69400215 3.73600435 7.18699932
v 20.56500053 4.67500114 6.59799957
v 20.11000252 4.39599895 7.12199879
v 20.02400208 5.27600193 6.59499979
v 18.55300140 18.04999924 26.29800034
v 21.49300003 29.07899857 1.27299881
v 20.60600090 27.70099831 1.30799878
v 19.16800117 27.13099861 1.28899884
v 20.08100128 117.16200256 34.84799957
v 19.34000015 19.54200172 2.47999930
v 19.79600143 17.86900330 2.77299905
v 18.21500015 17.19800377 3.29899883
v 17.84000206 37.30400085 0.36699885
v 18.51400185 12.22199917 4.46299934
v 19.50300026 13.27899837 3.74399972
v 22.30000114 11.83400345 3.55299926
v 20.87300110 12.45300484 3.50599933
v 20.34700012 10.81900311 4.04999971
v 19.73500061 11.29999733 4.12999916
v 19.13700104 108.74900055 1.23799968
v 24.12800026 20.27200127 2.61099911
v 22.60300064 20.97999954 2.28299952
v 21.33700180 19.24900055 2.46599960
v 21.01100159 20.71800041 2.21599913
v 19.33300209 21.87000275 1.96999967
v 23.03400040 23.48399925 1.96899939
v 21.63199997 22.18300056 1.98499954
v 20.82600021 77.34300232 1.00499952
v 24.87000084 136.13499451 6.27199936
v 25.55100060 134.41000366 4.49799919
v 23.82100105 133.82200623 6.04699945
v 25.23100090 132.42800903 3.84899879
v 23.86100197 131.86100769 4.93099928
v 24.14900208 130.18400574 3.78899932
v 22.84300232 130.47599792 5.26799917
v 21.47600174 129.95100403 6.56599903
v 20.30200195 130.14100647 8.05999851
v 24.17300034 77.04199982 35.50600052
v 23.48100090 78.52500153 35.59700012
v 22.40999985 76.07600403 35.43599701
v 22.19800186 78.29800415 35.52799988
v 21.55800056 79.83499908 35.55099869
v 24.62500191 86.05300140 35.88599777
v 22.30100060 85.26699829 35.77999878
v 23.07900047 86.95500183 35.87400055
v 20.82400131 85.95500183 35.71699905
v 21.59600067 87.74500275 35.80400085
v 22.40300179 48.69300079 0.85099971
v 23.60200119 26.01300240 29.50599861
v 21.67400169 24.55300140 28.99499893
v 21.77300072 105.98100281 0.80799872
v 20.47900200 104.82600403 0.87499988
v 20.93100166 75.66200256 35.32600021
v 20.98500061 73.47599792 35.25899887
v 21.51100159 71.08799744 35.14500046
v 19.98300171 69.54700470 35.00699997
v 29.23100090 43.78500366 29.26699829
v 30.14800072 44.12000275 28.57299805
v 30.42700005 44.64900208 28.40599823
v 30.90600204 44.65699768 28.00899887
v 30.58400154 42.96400070 28.10799980
v 29.58400154 42.68799973 28.87099838
v 27.73800087 42.44300079 30.18299866
v 29.75600052 41.09700012 28.55099869
v 28.75400162 39.65400314 29.15399933
v 29.86800194 39.56200027 28.30199814
v 29.50700188 37.74700165 28.38299942
v 30.77100182 38.39100266 27.48699951
v 30.57700157 36.48500061 27.46899986
v 31.22900009 37.81700134 27.07199860
v 31.37500191 37.42799759 26.92000008
v 32.53499985 37.68000031 25.91999817
v 31.78500175 36.47799683 26.49899864
v 32.54999924 36.20400238 25.80099869
v 31.66300011 35.70400238 26.53100014
v 31.50300217 35.12500381 26.61699867
v 30.25500107 35.00199890 27.55900002
v 28.96600151 35.70999908 28.55099869
v 29.38700104 33.85499954 28.09000015
v 27.85300064 34.50099945 29.22200012
v 26.24200058 34.81700134 30.24399948
v 24.18600082 34.95100021 31.08099937
v 22.58900070 35.34700012 31.22500038
v 21.60800171 33.68799973 30.92099953
v 20.09100151 33.85900116 30.79999924
v 20.72900009 94.38200378 0.82399881
v 21.62100029 93.30200195 0.94899905
v 23.32100105 92.83000183 1.23599911
v 25.38200188 92.73899841 1.72799921
v 27.23900223 94.30400085 2.15899944
v 29.17600060 93.58499908 2.85999942
v 30.07300186 92.26000214 3.32099938
v 31.01800156 94.27000427 3.53099966
v 32.49000168 92.55300140 4.35199976
v 32.43600082 94.34000397 4.15899897
v 34.03000259 93.83200073 4.97799921
v 33.32300186 95.94100189 4.36899900
v 35.24399948 96.07299805 5.32999897
v 34.66699982 97.59400177 4.80699921
v 36.61100006 97.09600067 5.96999931
v 19.70500183 12.29199791 3.89299917
v 19.65100098 125.15799713 33.08399963
v 20.64600182 124.70800018 33.88199997
v 20.77200127 123.77700043 34.12899780
v 21.81200218 124.57099915 34.48699951
v 21.58000183 122.36699677 34.74100113
v 23.35300064 123.11100006 35.18700027
v 24.95200157 122.77799988 35.63299942
v 24.75300217 120.83100128 35.73199844
v 26.67900085 121.60500336 36.04399872
v 26.81600189 120.04800415 36.16099930
v 28.90600204 121.70100403 36.35899734
v 29.22900200 119.50900269 36.49200058
v 30.67900085 121.27500153 36.54499817
v 31.77300072 119.48799896 36.62300110
v 33.46700287 120.81099701 36.65599823
v 33.82200241 118.72499847 36.60699844
v 35.58100128 119.72000122 36.59199905
v 36.08800125 117.54600525 36.45699692
v 37.15100098 119.24900055 36.44499969
v 37.81400299 116.28300476 36.16199875
v 38.66600037 118.82700348 36.24200058
v 39.22400284 117.56600189 35.95199966
v 40.85600281 119.33799744 35.50600052
v 41.42700195 117.89700317 34.76300049
v 42.65000153 117.82399750 33.85799789
v 42.20600128 116.04100037 33.57799911
v 43.88300323 116.83799744 32.48199844
v 43.27700043 115.12400055 32.31499863
v 44.59799957 116.13700104 31.48299980
v 43.80100250 115.04900360 31.76599884
v 44.63000107 115.18000031 30.97599983
v 43.49500275 114.18600464 31.72099876
v 43.90999985 113.60200500 31.03399849
v 43.10499954 113.09899902 31.65900040
v 43.85200119 112.20999908 30.38899803
v 42.79800034 111.15599823 31.12299919
v 43.30100250 109.74600220 29.77599907
v 41.74900055 109.25299835 31.42399979
v 42.23200226 108.48799896 30.50000000
v 41.05300140 107.56700134 31.47599983
v 41.97100067 107.18000031 30.22099876
v 41.24700165 105.79199982 30.48199844
v 42.36000061 105.53199768 28.87099838
v 41.67499924 103.68700409 28.91799927
v 42.47900009 103.42700195 27.56900024
v 41.43899918 101.27500153 28.00499916
v 42.22500229 101.11199951 26.61100006
v 20.30000114 0.42000413 13.95599937
v 24.21700096 49.74100113 32.90099716
v 23.89400101 51.29100037 33.16699982
v 26.26399994 51.61700058 32.21599960
v 25.12000084 52.63199997 32.93799973
v 25.47200203 54.48799896 33.02799988
v 23.84600067 55.42800140 33.73799896
v 19.87600136 37.31700134 0.47999993
v 60.02000046 168.83399963 30.60099983
v 60.49600220 169.79400635 30.17499924
v 59.47700119 169.13099670 30.56899834
v 59.32600021 171.00100708 29.76799965
v 58.56999969 169.04699707 30.69999886
v 57.40700150 170.51100159 29.97199821
v 57.87800217 168.96699524 30.77599907
v 56.76100159 168.95899963 30.80499840
v 56.62100220 168.14100647 31.14999962
v 55.73700333 168.33399963 31.05500031
v 55.55599976 167.55799866 31.36999893
v 54.46600342 169.50799561 30.19499969
v 54.30500031 167.27999878 31.45899963
v 52.96500015 168.67199707 30.45800018
v 52.81800079 166.83900452 31.50300026
v 51.44500351 167.92900085 30.57499886
v 51.32800293 165.63700867 31.85999870
v 50.15200043 165.43099976 31.76399803
v 51.33000183 164.64599609 32.28400040
v 50.59000015 164.03500366 32.44599915
v 51.62100220 163.69799805 32.65200043
v 50.01600266 163.60299683 32.57199860
v 51.43199921 162.26100159 33.12599945
v 49.22400284 163.04699707 32.66699982
v 49.21800232 161.94400024 33.04700089
v 48.40600204 162.11399841 32.89799881
v 48.16799927 161.73300171 33.01799774
v 47.88800049 163.27301025 32.31100082
v 46.85499954 161.96800232 32.66899872
v 46.37800217 163.55101013 31.90199852
v 46.12300110 161.97299194 32.53499985
v 44.76000214 161.77499390 32.27299881
v 45.60400009 161.24299622 32.70100021
v 44.83000183 160.98300171 32.62599945
v 46.09099960 159.61300659 33.37699890
v 44.69499969 159.27600098 33.24199677
v 45.56999969 158.25300598 33.73400116
v 43.53200150 157.30999756 33.66099930
v 45.13000107 157.11300659 33.99800110
v 44.74200058 155.64599609 34.30799866
v 46.77899933 155.30000305 34.60099792
v 45.35500336 153.94799805 34.73899841
v 47.55400085 154.07000732 34.81699753
v 46.71800232 152.63800049 35.00299835
v 48.64900208 153.16999817 34.91400146
v 48.31400299 151.17199707 35.15100098
v 49.64800262 151.66000366 35.03799820
v 48.74800110 149.49099731 35.30799866
v 49.95500183 148.93200684 35.25699997
v 48.58600235 147.85600281 35.42900085
v 49.74900055 146.61599731 35.39400101
v 48.56000137 145.48800659 35.55899811
v 50.09000015 144.23500061 35.43199921
v 47.66799927 144.15800476 35.68199921
v 48.50300217 142.67799377 35.63699722
v 46.92499924 142.17700195 35.77099991
v 47.61100006 140.75500488 35.73299789
v 45.43400192 142.06199646 35.90900040
v 45.88899994 139.80099487 35.93700027
v 43.66699982 141.27900696 36.00600052
v 44.10499954 140.16299438 36.04999924
v 41.45199966 140.08000183 36.10899734
v 42.45600128 139.00599670 36.14500046
v 40.46900177 138.36900330 36.20800018
v 42.14200211 136.95899963 36.26399994
v 39.61500168 136.39100647 36.30299759
v 40.31999969 135.17900085 36.37500000
v 38.86700058 133.81900024 36.42300034
v 40.57800293 133.28399658 36.46300125
v 38.45100021 132.01699829 36.49900055
v 40.96599960 131.66400146 36.47499847
v 39.63100052 130.75599670 36.52299881
v 40.62200165 129.53199768 36.49300003
v 37.17499924 130.50999451 36.53200150
v 38.36700058 128.29299927 36.57600021
v 36.82800293 128.49900818 36.58899689
v 37.34099960 126.30500031 36.61100006
v 35.38299942 127.39300537 36.60699844
v 35.50000000 125.63100433 36.64299774
v 33.75099945 126.96199799 36.55299759
v 33.90900040 124.75800323 36.63599777
v 32.48400116 125.64800262 36.54199982
v 32.09500122 124.16400146 36.56299973
v 30.29500198 125.91799927 36.28400040
v 29.92000198 123.69000244 36.38600159
v 28.88700104 124.76399994 36.17499924
v 27.37600136 123.09100342 36.07799911
v 27.15200043 124.43900299 35.92199707
v 25.34900093 124.66500092 35.50099945
v 26.54100037 126.40200043 35.56599808
v 24.71500015 126.11199951 35.16999817
v 25.80900192 128.00100708 35.19900131
v 24.06100082 127.83900452 34.78200150
v 25.22700119 129.18899536 34.91699982
v 24.23000145 129.17100525 34.63399887
v 24.26200104 130.27299500 34.43999863
v 23.64000130 130.49900818 34.10699844
v 23.84600067 131.37600708 33.99300003
v 23.25800133 131.10200500 33.73299789
v 22.64600182 132.30000305 32.85699844
v 22.59800148 130.07299805 33.65800095
v 21.44300079 130.65800476 32.45700073
v 21.49900055 128.73600769 33.35199738
v 20.07400131 127.58000183 32.45199966
v 23.45200157 124.65800476 35.00999832
v 22.44099998 126.26900482 34.39500046
v 23.33400154 126.61599731 34.71199799
v 22.43400002 126.89299774 34.28599930
v 22.95000076 127.43099976 34.45399857
v 22.00500107 127.35600281 33.98099899
v 21.24100113 127.15800476 33.63600159
v 20.54400063 125.65399933 33.60099792
v 23.11400223 134.92800903 7.53599977
v 22.83400154 133.12199402 6.77099895
v 21.50600052 133.03399658 8.37199974
v 21.61600113 131.73199463 7.43099976
v 20.57900047 140.84899902 20.69699860
v 21.05900002 141.48300171 21.23299980
v 21.16600227 141.78399658 20.92499924
v 21.24000168 141.46400452 22.09199905
v 21.39400101 141.96900940 21.43400002
v 21.61500168 141.55599976 23.02299881
v 21.72300148 142.47399902 21.56699944
v 22.26600075 143.05400085 22.22699928
v 22.76700020 143.88499451 22.33099937
v 22.95400047 144.43499756 21.68799973
v 23.82300186 145.35900879 22.60899925
v 23.24200058 145.29800415 20.74599838
v 24.29200172 146.41900635 21.71799850
v 23.59200096 146.16400146 19.77999878
v 24.17600250 147.06599426 19.82099915
v 23.70700073 146.30799866 18.85699844
v 24.75900078 147.80200195 17.91599846
v 24.07700157 146.47700500 17.20499992
v 25.25200081 147.25500488 15.52399921
v 23.85700035 145.54800415 16.19899940
v 25.34500122 146.59199524 14.50599957
v 24.07999992 144.84500122 14.83899879
v 25.39700127 145.45700073 13.17899895
v 25.14200020 143.70399475 11.70899868
v 24.20700073 142.29600525 11.85999870
v 25.15300179 142.42100525 10.50399971
v 23.69100189 140.85200500 11.25199890
v 25.12200165 140.84600830 9.23099899
v 24.27600098 139.52999878 9.31899929
v 25.84100151 139.83799744 7.59199905
v 25.06600189 138.30999756 7.46499920
v 32.20199966 63.11999893 5.44499874
v 31.85300064 64.98500061 5.20999908
v 30.64600182 63.89500046 4.45699883
v 30.15800095 65.79499817 4.21599960
v 28.37600136 64.26100159 3.26799870
v 28.26600075 66.30699921 3.27799940
v 26.74500084 64.81200409 2.54999948
v 25.52200127 66.49600220 2.10399914
v 23.78300095 65.80300140 1.48199964
v 21.88600159 66.31100464 0.95999986
v 30.50700188 83.37100220 4.06299925
v 29.49300194 84.42200470 3.58899951
v 27.84200096 83.78299713 2.92499924
v 28.03800201 85.86000061 2.92299962
v 26.52100182 85.30799866 2.38599896
v 26.00900078 87.26000214 2.16399884
v 25.65300179 84.27600098 2.12299919
v 24.12400055 85.83200073 1.67999887
v 24.68800163 83.15399933 1.85199916
v 22.93500137 84.94499969 1.42199922
v 21.33900070 84.22200012 1.11799872
v 21.29200172 7.12899876 22.47200012
v 24.02000046 21.81599998 2.36999893
v 24.92900085 87.80999756 35.92999649
v 23.18200111 88.80300140 35.89999771
v 21.48100090 89.35900116 35.80799866
v 30.37000084 75.12100220 4.28599977
v 29.67300034 76.43299866 3.92599964
v 31.87800026 76.40100098 5.04099941
v 33.11100006 77.05300140 5.76699877
v 33.61199951 75.63700104 6.20999908
v 35.20100021 77.11100006 7.84199953
v 34.85200119 76.07499695 7.48299885
v 35.47800064 75.10500336 8.77899933
v 34.65999985 75.47900391 7.28699923
v 34.45899963 74.39500427 7.12599897
v 33.03800201 73.65799713 5.89599943
v 32.01399994 74.81900024 5.19999933
v 31.76300049 73.23100281 5.09699917
v 30.04200172 72.75299835 4.19299936
v 29.06800079 74.56800079 3.68199968
v 28.17300034 73.78299713 3.28599930
v 27.19700241 75.37799835 2.84499955
v 26.05000114 73.46399689 2.40999937
v 25.76700211 75.94899750 2.29599881
v 24.31599998 74.67500305 1.83399951
v 24.25800133 76.66300201 1.81499958
v 22.83800125 76.56099701 1.44299960
v 20.49700165 123.24800110 34.10699844
v 20.44300079 122.52200317 34.23600006
v 21.78400040 126.54399872 34.04100037
v 21.32800102 125.83499908 33.97700119
v 21.54700089 2.17299914 19.10199928
v 21.95600128 1.12999976 17.93799973
v 22.76800156 0.42200089 17.34599876
v 23.41800117 0.39099902 17.57299995
v 24.69600105 0.38300455 17.18400002
v 24.36800194 0.72699785 18.36199951
v 25.10200119 0.74499846 18.23600006
v 25.86700058 1.03100395 18.46899986
v 26.41700172 0.66900253 17.05599976
v 25.20100212 0.21800399 15.76199913
v 26.25500107 0.42299926 15.69599915
v 25.86900139 0.30600280 15.26399899
v 26.91500092 0.55300444 15.35299873
v 26.96500015 0.84400177 13.61099911
v 27.65700150 0.89300424 14.34399891
v 28.97900200 1.47999823 13.43499947
v 28.64000130 1.08399987 15.29799938
v 29.36300087 1.43200159 14.95199871
v 29.67400169 1.54899812 15.75399971
v 30.40200043 1.95699930 14.45899963
v 31.15700150 2.68699980 16.35599899
v 32.10800171 2.99700356 14.55499935
v 32.15500259 3.96899891 16.09799957
v 32.75600052 4.41700220 14.77299976
v 32.57200241 3.84200358 13.43899918
v 33.27500153 5.51400328 12.50199890
v 32.53400040 4.04400396 11.65699959
v 23.28100204 73.09000397 35.28199768
v 22.96800041 18.57399940 27.26699829
v 24.35000229 18.22900009 27.06799889
v 20.84300041 141.13999939 21.16199875
v 20.86600113 140.77299500 22.10199928
v 29.10500145 95.08100128 2.69199896
v 24.82900047 94.61599731 1.48499942
v 23.02200127 95.10300446 1.10000002
v 21.95700073 107.76499939 35.94799805
v 22.63300133 106.34799957 36.12399673
v 22.78200150 105.11199951 36.16299820
v 24.16100121 104.10099792 36.29899979
v 27.45400047 88.54499817 2.59399891
v 22.55700111 135.88299561 30.55799866
v 22.81300163 134.49900818 31.84099960
v 21.60700226 133.46099854 30.99399948
v 28.30700111 37.67400360 29.22900009
v 27.38500023 36.30699921 29.70799828
v 27.11200142 38.59499741 30.13699913
v 25.79700089 36.44200516 30.70999908
v 25.41400146 39.01100159 31.22299957
v 24.62000084 37.13100433 31.33799934
v 23.43200111 39.47800064 31.81499863
v 23.32900047 37.64200211 31.55599976
v 22.58400154 131.83900452 6.33199883
v 23.82500076 136.96899414 8.02099895
v 21.99800110 134.87600708 8.92699909
v 32.11899948 59.51699829 5.33199978
v 31.08400154 60.69100189 4.64899921
v 29.96400070 58.52500153 3.95099902
v 29.13800049 60.64300156 3.54099917
v 27.77099991 59.98500061 2.86499977
v 27.73200035 62.45000458 2.93599916
v 26.32999992 60.46500015 2.27699900
v 26.20900154 62.72499847 2.28699946
v 24.94100189 62.26100159 1.79199970
v 24.81100082 65.07399750 1.79399920
v 23.65800095 63.34900284 1.39299965
v 23.25400162 10.12299919 3.91199899
v 23.48500061 8.33199883 4.28899956
v 24.93800163 10.43300343 4.00899887
v 25.16700172 8.09399796 4.46899891
v 26.60600090 9.76499939 4.42899942
v 27.19200134 7.54100084 5.03699970
v 27.97800064 9.13400173 5.00699902
v 28.57300186 8.75600433 5.32799959
v 29.12900162 9.54099751 5.45899963
v 29.20600128 8.24999809 5.73299932
v 30.25600052 10.16499805 5.93099928
v 30.76700211 8.96900177 6.49099874
v 31.51400185 11.01499748 6.56299925
v 32.16099930 9.02999973 7.54399872
v 32.57300186 10.89200401 7.45599890
v 33.01499939 9.65499878 8.24999905
v 33.20100021 10.80399704 8.12799931
v 33.87599945 9.94899845 9.71899891
v 33.31000137 11.78099918 7.98499966
v 33.50200272 12.98099709 7.90499878
v 33.69100189 14.34899902 7.86999893
v 33.31999969 13.58100033 7.54599905
v 32.18000031 14.08299828 6.49499893
v 32.62400055 12.32700062 7.15199947
v 31.32700157 12.78199959 6.11299944
v 29.85800171 11.24200249 5.50799894
v 28.69100189 10.28100395 5.11499977
v 23.79600143 80.11699677 35.66999817
v 25.07300186 123.95500183 1.14599991
v 24.61800003 123.30400085 1.19199979
v 23.94400024 122.70100403 1.29799914
v 23.83300018 124.71800232 1.81899965
v 22.47500229 125.13899994 3.10799956
v 21.51400185 125.29000092 4.09999943
v 21.78600121 141.22500610 24.04199982
v 22.11800194 141.42100525 24.55699921
v 21.62400055 139.98100281 25.29299927
v 22.31300163 140.21400452 26.55299950
v 22.78200150 139.88600159 27.72499847
v 23.98400116 140.33799744 29.25599861
v 24.76000214 140.20800781 30.46099854
v 24.95000076 141.10400391 29.94700050
v 25.74600029 141.50100708 30.64099884
v 25.68100166 142.09700012 30.06399918
v 26.32100105 142.58099365 30.48799896
v 26.06100082 143.22999573 29.63299942
v 26.53900146 144.18800354 29.38999939
v 33.61600113 53.37000275 26.17599869
v 33.85000229 55.85300064 26.11899948
v 34.49000168 54.03600311 24.89299965
v 34.93799973 55.24200058 24.21899986
v 35.41600037 54.32300186 23.04099846
v 35.45300293 55.32500076 23.13399887
v 35.76499939 54.63499832 22.27799988
v 35.82200241 56.35499954 22.43299866
v 36.10499954 57.04600143 21.64099884
v 35.64900208 57.22000122 22.98499870
v 35.86100006 58.58600235 22.80299950
v 35.28100204 58.52800369 24.02799988
v 35.88899994 59.95599747 22.94399834
v 35.62800217 60.87700272 23.75000000
v 36.22999954 61.81400299 22.52999878
v 35.91600037 62.18400192 23.41999817
v 36.04000092 62.89400101 23.30099869
v 35.70000076 63.55700302 24.19199944
v 36.15800095 63.82200241 23.23699951
v 36.13899994 64.62300110 23.44999886
v 36.59600067 64.63099670 22.03299904
v 36.25300217 65.54800415 23.41899872
v 36.73200226 66.50299835 22.21399879
v 36.27000046 66.22100067 23.53599930
v 36.36000061 67.03500366 23.53699875
v 35.75500107 65.45899963 24.50799942
v 35.57100296 67.60800171 25.31299973
v 35.01100159 66.06100464 25.97999954
v 34.58300018 67.43600464 26.86999893
v 33.89300156 65.55200195 27.44999886
v 33.45000076 67.69100189 28.25999832
v 31.88700104 65.91300201 29.63499832
v 32.18199921 67.15299988 29.50599861
v 30.72200203 67.27600098 30.83799934
v 31.92300034 68.55000305 29.97099876
v 30.48700142 68.06500244 31.16799927
v 30.82400131 69.50500488 31.07199860
v 30.40000153 69.03200531 31.37299919
v 29.69500160 69.46400452 32.01699829
v 29.64300156 67.85700226 31.83799934
v 27.96800041 67.79199982 33.09799957
v 28.88100052 66.46399689 32.23099899
v 26.88800049 65.44300079 33.51900101
v 28.34200096 64.27700043 32.36499786
v 26.73400116 63.90499878 33.42499924
v 27.03400230 62.11300278 33.00499725
v 25.26900101 62.21600342 34.04600143
v 23.96000099 61.84799957 34.40299988
v 23.97000122 0.16700476 15.72399902
v 24.52900124 0.13899803 15.32199955
v 24.74000168 0.21000206 13.98099899
v 23.20300102 0.39700419 12.58999920
v 23.39100075 0.62599778 11.05899906
v 23.47600174 99.70200348 0.97899884
v 24.93000031 100.52999878 1.15099919
v 27.09900093 100.40000153 1.61599922
v 25.44400024 102.18900299 1.14999902
v 26.73100090 102.79000092 1.33199894
v 26.29400063 104.60500336 1.14999902
v 27.46899986 105.95300293 1.26099956
v 23.35900116 138.28599548 9.58299923
v 22.76900101 136.92199707 9.35999870
v 21.90100098 137.38999939 10.95599937
v 25.52900124 130.57699585 2.61999941
v 27.17500114 130.69300842 1.54699945
v 27.35700035 129.22700500 1.22799909
v 28.14000130 130.32699585 1.16799963
v 28.79600143 128.40600586 0.87899899
v 29.96900177 129.13700867 0.80899894
v 31.39000130 127.87699890 0.71699917
v 31.23200035 129.96200562 0.74400008
v 33.23600006 128.24499512 0.74299985
v 33.05400085 130.21200562 0.69599974
v 34.10300064 129.64900208 0.73499978
v 35.53300095 130.62800598 0.76999891
v 34.61800003 127.97499847 0.87699854
v 36.27300262 128.26400757 1.07599986
v 35.52199936 126.71700287 1.11199915
v 36.81999969 126.06500244 1.39199948
v 34.81400299 125.65399933 1.09399855
v 35.84099960 123.93499756 1.42499900
v 34.24100113 124.12699890 1.14499962
v 34.77700043 122.32299805 1.38699913
v 32.95199966 123.17800140 1.02499866
v 33.69800186 121.50800323 1.27799904
v 32.28300095 120.85199738 1.09399855
v 32.32300186 119.63899994 1.17800009
v 31.19100189 121.96400452 0.89299864
v 29.92400169 120.16200256 0.82099998
v 29.22300148 121.60700226 0.73399955
v 28.51700211 119.39500427 0.74299985
v 26.56600189 118.98500061 0.72100013
v 24.32400131 118.49700165 0.88299996
v 22.86100197 119.07400513 1.20999849
v 28.34800148 11.14400482 4.84799957
v 29.11100197 12.74199772 4.93999958
v 28.07600021 11.57899952 4.67399883
v 27.73600006 11.97700214 4.48499918
v 27.21900177 11.79300213 4.32699919
v 27.24800110 12.77200127 4.22499895
v 26.23600197 11.69600296 4.05999947
v 26.29300117 13.27600288 3.90199947
v 25.03600121 12.62699795 3.68899941
v 25.12200165 14.54400253 3.48199892
v 23.83600044 12.92999840 3.45499897
v 26.36700058 41.65100098 30.96899986
v 24.72200203 40.64100266 31.72299957
v 22.91700172 139.38200378 11.15499878
v 24.00300026 75.25800323 35.39699936
v 25.19200134 32.58900452 1.60099936
v 25.53200150 31.83200264 1.73699951
v 24.39600182 32.40899658 1.45299923
v 24.55400085 31.17900276 1.56899917
v 24.01399994 31.98500061 1.41299891
v 23.91500092 31.25499916 1.44499910
v 23.16900063 31.13700485 1.33599901
v 22.37400055 30.88900375 1.24699998
v 22.23100090 115.29199982 1.00999880
v 21.85300064 116.48500061 1.18799877
v 22.31200218 117.71199799 1.21099877
v 22.97800064 118.19799805 1.10099840
v 23.31700134 116.73400116 0.92799962
v 25.38400078 115.83900452 0.71499872
v 25.92600060 117.20200348 0.71899962
v 27.50000000 115.86599731 0.76899862
v 27.33200073 117.87599945 0.71099961
v 28.96600151 117.28199768 0.85399860
v 30.60800171 118.48999786 1.00499952
v 23.65600204 47.63600159 1.09199989
v 33.85800171 69.76000214 28.18199921
v 34.76900101 69.08799744 26.87999916
v 35.45400238 70.23300171 26.10599899
v 35.94800186 69.20200348 24.95699883
v 36.26800156 68.11699677 24.00499916
v 36.36600113 69.58899689 24.12299919
v 36.61700058 69.46800232 23.47399902
v 36.72000122 71.06500244 23.76299858
v 37.10000229 71.17500305 22.57699966
v 36.83800125 72.38100433 23.81299973
v 37.43000031 73.35700226 22.38299942
v 36.97500229 73.66899872 23.95499992
v 37.13500214 74.17900085 23.69799995
v 36.70500183 73.95600128 24.65599823
v 36.93799973 75.16899872 24.49199867
v 36.17700195 74.13400269 25.80200005
v 36.54299927 76.25000000 25.76799965
v 35.30599976 74.45300293 27.27799988
v 35.88199997 77.42700195 27.17700005
v 34.90500259 75.76499939 28.10099983
v 34.39500046 77.36100006 29.09599876
v 34.15600204 74.83699799 28.80099869
v 33.29700089 75.85300446 29.97799873
v 33.32800293 73.70200348 29.48399925
v 32.11100006 73.81099701 30.67799950
v 32.09799957 71.75600433 30.32999992
v 31.17400169 72.48999786 31.27699852
v 31.30400085 71.64199829 31.02000046
v 30.54000092 71.81200409 31.71799850
v 30.69200134 70.98699951 31.43700027
v 29.50900078 70.99300385 32.39799881
v 28.21100044 69.44599915 33.13800049
v 26.46100235 67.99800110 34.07500076
v 25.68200111 66.69300079 34.37099838
v 23.64800072 66.52500153 34.81800079
v 24.31000137 63.69100189 34.50000000
v 25.21000099 65.18000031 34.42300034
v 32.43600082 6.07000303 8.69099903
v 32.44700241 6.83800125 8.42099953
v 31.54100037 5.30099869 8.07399940
v 31.64200020 7.58100319 7.43699932
v 31.02700043 5.82899904 7.41599989
v 30.50200081 7.40200281 6.65099907
v 30.13700104 6.49099779 6.64799929
v 29.53700066 7.23600388 6.12699890
v 29.52600098 6.12000370 6.38999891
v 28.51800156 7.11300230 5.64899969
v 28.08300209 5.03600407 6.01599932
v 26.78100204 5.18099976 5.50499916
v 26.01600075 6.57200050 4.94099951
v 25.22200012 4.69499826 5.30699921
v 24.51500130 6.31800270 4.78199959
v 23.38000107 4.93399811 5.16199875
v 22.86800003 6.99499989 4.62199926
v 24.70900154 35.63999939 1.27299881
v 25.65999985 36.88999939 1.44099915
v 23.84800148 36.36299896 1.05099940
v 23.70300102 37.88799667 0.96399897
v 21.71800041 37.00800323 0.69699997
v 23.04900169 0.94299763 18.26899910
v 23.84500122 2.13500118 19.55299950
v 22.00400162 1.52099872 18.51799965
v 23.13100052 128.51300049 34.31200027
v 22.66500092 128.64599609 34.06599808
v 23.21800041 129.14500427 34.21799850
v 22.67200089 129.20300293 33.92599869
v 22.83900070 141.14399719 26.55599976
v 23.61500168 141.49600220 27.57899857
v 23.17800140 141.70899963 26.58599854
v 23.71700096 142.65800476 26.51599884
v 23.23400116 142.39900208 25.82699966
v 23.70700073 143.54100037 25.30499840
v 22.76900101 142.08099365 25.22299957
v 22.90800095 143.47700500 23.50300026
v 25.78600121 3.24799871 5.98699856
v 24.35400200 3.25199962 5.74899912
v 22.25200081 141.39199829 24.90099907
v 25.18000031 126.00000000 1.42599916
v 24.03200150 115.01100159 0.77500010
v 28.50400162 111.01499939 1.10699987
v 27.12200165 109.95100403 0.97199905
v 25.10200119 109.95899963 0.77500010
v 23.70800018 108.60800171 0.77099913
v 31.81700134 3.63600254 10.84899902
v 31.66300011 3.10999894 11.99099922
v 30.90300179 2.46000290 12.77599907
v 28.47000122 1.64099789 11.30699921
v 27.85400200 1.41300261 12.22699928
v 27.00300217 1.17300451 12.54799938
v 27.36200142 1.25499821 11.83199883
v 25.58200073 0.52700192 12.62199879
v 25.08500099 0.67000091 11.36499882
v 24.94700050 47.89599991 32.39400101
v 24.87000084 46.44200134 32.26399994
v 26.67300034 47.13300323 31.39099884
v 23.92900085 53.36100388 33.42199707
v 22.80000114 31.73500252 1.24000013
v 23.94200134 33.43299866 1.28599906
v 23.21600151 34.10299683 1.11199915
v 31.42900085 53.15700150 4.65999937
v 30.95800018 54.68999863 4.42999887
v 32.15100098 55.43500137 5.24599934
v 30.61100006 56.06700134 4.23599958
v 31.16100121 57.60200119 4.63299942
v 29.09100151 56.11999893 3.39199877
v 28.31500053 58.17700195 3.07999921
v 22.97600174 144.66900635 17.47099876
v 24.04700089 97.42900085 36.17499924
v 26.12900162 51.66099930 1.98699903
v 24.97400093 53.30800247 1.65099931
v 23.28500175 145.71400452 19.78699875
v 22.96900177 145.19000244 19.86599922
v 23.60900116 136.80900574 31.37599945
v 24.40200043 135.05500793 33.19499969
v 24.88300133 136.89999390 32.78300095
v 25.67600060 135.99699402 33.67599869
v 25.92100143 136.72599792 33.58800125
v 25.90800095 135.60299683 33.91899872
v 26.72500038 137.22300720 33.87500000
v 27.11900139 135.16799927 34.54999924
v 28.24000168 136.26300049 34.66199875
v 28.94200134 134.22200012 35.18000031
v 29.96700096 136.45399475 35.09299850
v 30.54900169 134.50799561 35.47700119
v 31.42800140 135.82499695 35.47000122
v 32.09799957 133.94999695 35.81299973
v 33.29800034 134.58500671 35.93500137
v 34.05100250 131.76800537 36.28499985
v 35.14400101 133.11000061 36.26699829
v 36.52500153 132.28700256 36.41600037
v 36.28000259 134.42599487 36.25099945
v 37.49100113 133.66900635 36.38800049
v 37.47200012 136.00500488 36.21999741
v 26.08700180 138.01600647 33.24900055
v 31.33800125 127.54499817 36.29399872
v 33.06000137 129.18899536 36.37599945
v 30.86300087 128.79299927 36.13999939
v 30.90300179 131.20500183 35.90099716
v 29.47100067 129.61199951 35.80699921
v 29.16200066 131.43899536 35.53899765
v 27.99900055 130.63400269 35.38499832
v 28.01800156 133.02900696 35.11500168
v 26.75700188 131.87199402 34.94099808
v 26.55900002 133.39300537 34.69799805
v 25.43000221 131.10499573 34.72399902
v 24.87000084 133.43499756 34.00600052
v 24.44700241 132.44000244 34.06399918
v 23.72600174 133.49600220 33.31499863
v 28.21800041 126.35600281 35.92499924
v 27.76200104 128.29299927 35.60699844
v 26.77400208 129.41299438 35.25699997
v 24.53300095 131.32800293 34.37400055
v 32.98900223 20.09600449 6.33899975
v 32.58100128 18.58200073 6.27699947
v 31.78400040 17.61499786 5.90699911
v 31.42100143 15.75700188 5.88999987
v 30.16200066 16.98800087 5.08499908
v 30.45500183 14.32700443 5.45899963
v 29.09600067 15.96500015 4.67199945
v 28.81500053 14.20400333 4.69599962
v 27.90200233 15.45400143 4.22699928
v 27.14100075 14.32000065 4.05899906
v 26.78300095 15.43200016 3.84199905
v 26.30000114 14.69100285 3.77399945
v 25.65900230 15.72699833 3.46199894
v 28.82200050 118.23100281 36.48299789
v 26.67000198 117.98500061 36.24799728
v 28.46200180 116.72200012 36.47499847
v 26.65400124 115.80000305 36.31099701
v 26.90100098 114.55100250 36.38299942
v 25.35600090 116.19100189 36.11599731
v 24.99200058 114.20300293 36.17300034
v 24.61000252 112.26399994 36.18799973
v 26.67900085 112.58499908 36.41199875
v 25.38300133 110.81700134 36.33100128
v 27.78300095 111.66200256 36.50099945
v 26.81600189 110.06100464 36.46699905
v 28.54600143 109.84100342 36.49699783
v 26.99100113 108.25800323 36.47700119
v 29.45700073 107.61700439 36.49399948
v 28.52700043 106.64700317 36.49399948
v 30.39000130 105.45500183 36.38100052
v 29.11500168 104.95300293 36.42099762
v 31.14400101 103.49300385 36.21400070
v 30.04600143 102.73000336 36.27299881
v 31.89800072 102.11299896 36.04299927
v 31.04000092 100.28300476 36.04599762
v 33.19000244 100.37500000 35.41399765
v 32.00699997 98.93099976 35.69799805
v 33.27400208 98.48000336 34.94400024
v 31.65700150 97.17200470 35.59299850
v 33.20000076 96.36499786 34.54700089
v 31.17400169 95.35500336 35.50799942
v 32.92600250 94.03600311 34.21400070
v 31.80000114 92.25600433 34.57199860
v 33.86700058 92.52600098 33.24599838
v 33.75500107 90.91600037 32.96299744
v 35.31700134 92.73400116 32.08300018
v 35.08100128 91.75700378 32.02399826
v 35.88700104 92.05000305 31.31999969
v 34.71800232 90.86399841 32.11399841
v 35.39300156 90.10900116 31.24599838
v 34.46700287 89.80300140 32.08499908
v 34.40000153 88.71300507 31.86899948
v 28.53000069 2.88499880 19.37899971
v 26.97200203 3.28300142 20.43299866
v 25.98500252 2.11399794 19.67700005
v 24.55600166 141.63700867 28.94799805
v 24.35600090 142.03500366 28.24300003
v 25.12000084 142.43400574 29.05900002
v 25.36800194 142.97799683 28.91699791
v 26.05700111 144.16000366 28.77399826
v 31.72900200 132.67300415 35.89199829
v 29.84200096 132.98899841 35.50499725
v 25.87700081 134.37199402 34.25699997
v 25.28200150 133.91700745 34.06900024
v 24.66700172 119.31100464 35.84000015
v 25.91400146 144.77900696 11.58099937
v 26.49400139 146.27900696 12.23199940
v 26.63100052 147.72300720 13.62299919
v 26.71100044 148.65000916 14.57599926
v 25.85700226 148.97799683 16.81699944
v 26.03900146 149.77299500 18.55999947
v 25.38899994 148.80999756 19.33099937
v 25.88600159 149.48199463 19.59299850
v 25.79200172 149.10600281 20.32399940
v 26.26700211 149.68699646 20.59700012
v 25.48000145 148.48899841 20.79500008
v 25.25400162 147.86000061 21.68099976
v 24.27700043 144.91600037 24.68299866
v 25.09900093 28.56100273 1.87099910
v 26.36100006 27.71300125 2.22799921
v 25.73100090 27.03499794 2.13099933
v 24.70500183 26.73800278 1.92799890
v 24.67000198 27.35300446 1.87199938
v 24.36000061 28.12799835 1.75999939
v 25.36000061 77.35400391 2.14899898
v 27.14000130 40.17200089 30.34099960
v 25.30300140 144.05099487 27.80500031
v 24.35900116 143.02699280 27.28100014
v 24.02300072 142.15800476 27.56999969
v 24.09200096 143.19200134 26.61100006
v 24.67100143 144.02299500 26.76099968
v 25.95600128 17.37200546 3.34499955
v 27.08300018 18.76600075 3.56299901
v 27.67500114 20.13700485 3.61199951
v 27.51100159 20.78000450 3.48099875
v 31.25100136 19.24800110 5.30799961
v 28.72200203 18.55900192 4.21599960
v 27.82500076 17.37200546 3.99699903
v 26.53800201 16.73500252 3.60799956
v 30.26000214 61.89300156 4.20499945
v 29.38500023 62.94000244 3.75699902
v 25.87200165 125.28900146 1.10299885
v 25.25699997 124.69100189 1.19499862
v 27.22600174 1.17199874 17.91599846
v 27.89900017 0.80600381 15.80799961
v 27.89400101 0.84700435 15.02599907
v 25.22000122 141.97399902 29.58499908
v 24.77700043 141.32600403 29.53199959
v 26.51500130 132.01199341 2.41599894
v 27.60500145 132.22599792 1.70799899
v 28.17000198 131.25000000 1.28899884
v 28.79800224 132.54699707 1.29399920
v 29.90000153 131.49800110 0.95599890
v 29.56200027 133.49299622 1.22599864
v 30.85100174 133.44900513 0.93999875
v 30.01500130 134.46600342 1.23499894
v 30.83100128 134.87199402 1.08500016
v 24.66100121 147.94000244 19.28299904
v 28.39600182 47.92800140 30.35099983
v 28.40900040 49.36700058 30.52799988
v 26.30100060 49.38000107 31.89500046
v 29.95700073 49.75800323 29.38399887
v 27.83699989 50.52199936 31.05699921
v 25.71600151 135.02600098 33.99100113
v 32.12599945 75.59400177 31.00499916
v 31.48500061 75.22000122 31.49899864
v 30.59100151 76.67900085 32.52799988
v 30.59000015 75.10900116 32.23500061
v 29.14800072 75.46700287 33.37500000
v 30.00100136 73.74700165 32.46899796
v 28.74900055 72.32600403 33.16400146
v 27.52500153 72.14700317 33.97200012
v 26.75100136 70.05699921 34.19099808
v 29.57200050 43.71400070 3.13399911
v 28.65100098 42.79899979 2.60299921
v 28.46600151 41.14500046 2.40299940
v 26.87700081 42.59300232 1.84699893
v 34.33200073 27.42499924 22.73499870
v 35.05500031 27.63599968 21.54999924
v 34.81000137 27.09399986 21.89799881
v 34.81299973 26.19200134 21.71099854
v 34.05200195 25.34399986 22.65399933
v 34.53100204 23.96800423 21.64499855
v 33.57500076 25.27000046 23.24799919
v 33.21500015 23.82500458 23.38599968
v 33.28700256 24.64999962 23.46999931
v 33.01200104 24.31800270 23.71500015
v 32.58399963 25.10400200 24.34999847
v 31.95600128 23.98700333 24.69899940
v 31.96200180 23.12099838 24.48299980
v 31.38100052 22.20600128 24.75699997
v 30.08900070 21.24299812 25.47399902
v 29.41500092 18.86300087 25.29100037
v 28.90600204 16.45100021 25.07299995
v 33.55900192 15.18600464 20.70199966
v 32.48400116 14.78300285 21.84599876
v 32.08600235 15.88400459 22.55499840
v 32.02300262 14.73800087 22.27599907
v 31.24300194 13.24600029 22.48399925
v 30.67100143 10.20500088 21.96399879
v 28.99800110 8.38500214 22.36199951
v 27.19000053 3.42500210 6.39099884
v 29.44100189 4.39900160 7.01499939
v 30.47400093 5.65399981 7.07699919
v 25.91600037 139.39199829 32.41999817
v 26.89200020 139.36300659 33.24000168
v 27.50700188 138.38900757 33.94199753
v 27.49300003 139.12200928 33.70600128
v 29.46300125 138.74600220 34.57399750
v 27.98100090 139.79699707 33.75899887
v 27.57100105 10.72400093 4.60299921
v 34.85700226 93.69799805 32.75600052
v 34.62400055 95.52700043 33.38100052
v 34.49600220 96.79100037 33.77000046
v 36.08100128 96.70899963 32.52999878
v 36.26900101 98.05999756 32.74399948
v 37.11600113 98.15599823 32.00899887
v 37.28000259 99.19499969 32.21300125
v 38.06999969 99.75800323 31.59199905
v 37.29000092 100.64800262 32.65800095
v 38.14100266 101.43600464 32.11100006
v 36.56299973 101.93000031 33.64400101
v 37.79199982 103.69000244 33.17399979
v 35.48100281 103.66699982 34.82099915
v 36.77799988 104.91100311 34.32199860
v 34.99500275 105.69000244 35.55899811
v 35.71300125 106.90299988 35.43399811
v 33.43700027 106.06600189 36.11699677
v 33.78800201 107.81700134 36.17300034
v 31.80600166 107.75099945 36.35699844
v 33.87800217 109.38200378 36.25000000
v 32.37300110 109.23300171 36.36100006
v 33.32100296 111.25900269 36.37299728
v 31.15600204 110.01100159 36.47299957
v 31.71200180 111.82700348 36.47599792
v 29.73700142 111.64099884 36.52000046
v 29.83700180 113.28600311 36.53300095
v 28.57900047 114.10900116 36.50499725
v 26.81700134 59.76900101 32.89199829
v 28.21900177 61.04100037 32.05699921
v 28.88400078 62.57300186 31.74399948
v 30.07800102 62.65100098 30.81399918
v 30.04000092 63.45600128 30.93400002
v 30.71000099 63.88700104 30.40599823
v 29.73100090 63.82500076 31.23600006
v 30.83900070 64.65100098 30.39699936
v 30.50200081 65.48400116 30.79899979
v 30.41200066 66.17600250 30.96099854
v 29.88400078 65.99099731 31.37899971
v 29.23400116 97.45100403 36.10099792
v 30.25100136 98.79800415 36.06299973
v 29.18000031 99.57900238 36.20299911
v 29.21100044 100.11299896 2.24599886
v 25.88600159 141.92800903 9.08099937
v 27.76000023 44.20399857 2.26799965
v 28.15500069 46.98800278 2.61199951
v 27.87700081 133.91600037 2.12799954
v 26.43800163 133.55500793 3.20999885
v 27.49700165 139.75799561 33.48899841
v 27.42000198 93.83699799 36.05899811
v 29.03100014 95.44100189 36.02299881
v 28.75500107 93.65900421 35.96299744
v 30.44000053 93.70899963 35.55299759
v 30.61100006 91.71600342 35.14999771
v 28.79400063 114.93499756 0.94199926
v 30.79900169 115.22800446 1.23599911
v 32.32400131 115.66100311 1.48099935
v 33.92600250 116.19100189 1.78399956
v 35.31800079 117.02000427 2.05499959
v 33.81900024 118.27400208 1.56199932
v 34.58200073 119.45000458 1.60199964
v 29.35700035 127.81300354 35.97900009
v 33.18099976 126.78099823 0.81799924
v 32.40100098 125.40800476 0.81299990
v 29.90100098 126.54599762 0.72999859
v 27.36600113 143.32200623 31.21599960
v 26.35900116 141.82400513 31.17099953
v 27.89900017 143.08999634 32.09099960
v 27.21900177 141.94900513 32.08599854
v 27.49900055 24.72100449 2.88299942
v 27.84400177 26.16099930 2.80699873
v 28.83700180 26.47300148 3.09099913
v 30.93900108 26.85400009 3.96499968
v 32.25900269 28.44499779 4.58099890
v 34.16900253 27.63100052 6.39399910
v 34.13899994 26.51200485 6.45799923
v 34.47299957 24.80800438 7.17999887
v 33.96500015 25.27900124 6.33799934
v 33.88700104 24.42499924 6.37299919
v 33.28300095 25.54400253 5.62799931
v 31.77300072 24.65400124 4.67899895
v 30.12500191 24.46599960 3.86599922
v 29.10100174 25.29100418 3.33599925
v 28.67600060 23.43300056 3.47499919
v 29.77700043 154.52000427 18.30499840
v 29.41500092 154.11399841 18.63699913
v 28.81000137 153.33599854 17.64299965
v 28.98900032 152.84700012 16.07099915
v 27.96400070 152.18000793 17.45399857
v 27.40400124 150.55099487 15.83299923
v 26.92400169 150.91499329 17.97399902
v 29.69800186 152.45399475 14.21599960
v 28.47700119 151.23899841 14.73999977
v 27.89100075 149.55599976 13.67499924
v 28.98000145 153.55400085 19.20299911
v 28.27600098 152.73399353 19.15099907
v 27.36900139 151.51499939 19.53199959
v 26.58100128 150.50700378 19.28399849
v 28.28000069 152.34700012 20.61899948
v 27.27099991 151.01199341 20.64899826
v 27.01600075 138.00500488 33.79299927
v 28.43700027 137.55499268 34.50000000
v 31.92600060 138.27999878 35.24700165
v 32.93700027 136.17599487 35.69199753
v 34.61400223 135.05700684 36.06999969
v 28.76900101 2.15700269 18.19599915
v 29.79600143 3.12100363 18.60199928
v 30.18800163 2.62000418 17.68699837
v 30.70500183 3.56099749 18.09000015
v 30.12300110 85.54600525 3.82299900
v 28.99500084 87.48300171 3.23699880
v 27.73700142 72.35500336 3.11799908
v 28.17500114 39.67599869 2.21799970
v 36.39500046 102.84700012 4.91299963
v 33.99700165 102.75800323 3.78499937
v 35.37800217 104.52100372 4.12399864
v 33.53800201 104.28199768 3.32599878
v 34.83200073 106.50900269 3.56499934
v 33.30000305 106.32700348 2.94599962
v 34.09700012 108.00000000 3.02099895
v 32.25500107 107.43900299 2.38999915
v 32.61400223 108.91300201 2.30499911
v 30.73200035 107.94200134 1.83799958
v 30.43800163 106.60500336 1.89099932
v 29.19100189 105.41500092 1.67699909
v 27.70900154 104.06100464 1.44999945
v 27.71900177 147.93600464 27.54299927
v 33.95899963 137.31100464 35.72299957
v 33.28900146 139.69799805 35.30899811
v 31.17200089 139.54000854 34.90099716
v 32.18300247 141.54699707 34.78499985
v 31.61100197 142.73699951 34.41600037
v 30.73600197 143.49000549 33.94099808
v 31.74600029 145.00100708 33.92399979
v 30.68600082 144.24299622 33.65999985
v 30.85100174 144.77600098 33.57400131
v 30.88700104 146.09300232 33.00000000
v 30.33700180 146.95599365 31.97299957
v 29.41400146 147.46099854 30.42899895
v 30.52700043 149.10900879 30.37999916
v 29.08500099 148.52000427 28.99199867
v 27.64100075 148.32000732 12.64899921
v 30.26000214 7.55800295 21.10899925
v 31.43900108 8.73699760 20.57499886
v 31.55700111 9.61000443 20.88499832
v 32.66699982 9.45400429 19.60899925
v 32.31700134 10.97500324 20.64499855
v 33.53900146 11.44300365 19.32499886
v 32.41800308 12.42600346 21.05999947
v 34.02400208 13.02999973 19.30900002
v 32.38500214 13.71600437 21.60400009
v 45.33300018 110.99400330 11.74299908
v 46.03200150 112.28900146 12.20299911
v 45.84300232 110.38300323 13.90099907
v 46.57900238 112.09999847 14.00199890
v 46.39800262 110.45600128 15.91799927
v 47.19499969 112.55500031 15.71699905
v 46.81900024 110.90000153 17.07899857
v 47.50699997 112.31600189 17.66499901
v 46.83800125 110.37699890 18.78399849
v 47.60499954 112.07600403 19.46899986
v 46.92100143 110.16799927 20.53299904
v 47.65200043 111.83000183 21.46999931
v 46.93799973 110.47700500 22.78699875
v 47.95000076 112.74200439 22.45899963
v 47.23000336 111.85600281 23.97699928
v 47.61100006 112.64700317 23.83299828
v 47.63300323 113.12200165 24.40199852
v 48.19599915 113.99500275 23.84000015
v 48.09400177 114.54000092 24.90999985
v 48.79700089 115.11599731 23.59499931
v 48.72999954 115.99900055 25.09899902
v 49.05500031 115.59799957 23.53299904
v 49.27199936 116.46199799 24.22299957
v 49.79199982 117.16500092 23.62799835
v 50.21400070 118.45300293 24.37699890
v 50.54600143 118.40800476 23.24399948
v 50.95899963 119.22100067 23.29199982
v 50.76499939 118.29599762 21.42599869
v 51.58700180 119.87100220 21.53100014
v 51.92900085 120.49600220 20.17999840
v 52.03200150 120.97599792 22.70399857
v 53.04800034 122.50600433 21.22699928
v 52.40100098 121.69000244 22.75999832
v 52.70900345 122.49099731 23.29699898
v 51.81900024 121.71199799 24.70699883
v 52.85200119 123.57500458 24.68699837
v 51.93799973 123.32900238 26.40199852
v 52.92200089 124.70800018 26.01399994
v 51.67600250 124.72499847 28.07199860
v 53.11900330 126.36599731 27.24699974
v 52.42800140 126.40100098 28.33299828
v 52.67500305 127.75399780 29.11999893
v 51.15399933 125.86700439 29.69400024
v 51.45199966 127.66100311 30.55299950
v 50.73800278 126.95300293 30.90199852
v 50.45000076 127.91999817 31.71199989
v 49.63700104 126.69699860 31.82699966
v 49.50200272 128.51199341 32.81100082
v 48.65800095 127.37300110 33.01699829
v 48.83499908 130.00399780 33.93899918
v 47.57800293 128.37500000 34.21599960
v 46.91699982 129.96600342 35.12799835
v 46.03800201 127.87400055 35.02099991
v 45.20300293 129.72200012 35.83799744
v 44.31900024 127.37899780 35.73999786
v 43.34099960 129.25000000 36.18099976
v 42.89500046 128.04899597 36.19499969
v 41.00699997 126.62999725 36.37099838
v 39.46500015 127.13400269 36.52600098
v 39.15700150 125.08399963 36.50799942
v 37.71000290 124.45999908 36.60599899
v 35.97600174 124.10299683 36.66099930
v 37.23600006 121.84300232 36.56499863
v 35.86100006 122.57199860 36.64299774
v 35.24300003 121.32099915 36.63199997
v 33.88299942 122.71900177 36.67100143
v 31.53600121 122.84200287 36.57899857
v 28.83300018 102.09999847 1.89899933
v 29.57500076 103.19400024 2.00099969
v 30.53700066 104.57099915 2.14799953
v 32.32300186 105.35099792 2.68099928
v 34.21800232 81.35099792 6.25599909
v 31.67700195 67.13999939 5.14099932
v 29.31500053 67.32299805 3.80499935
v 29.38300133 45.56399918 3.14399886
v 40.63700104 108.62699890 32.32399750
v 40.84300232 109.45899963 32.45299911
v 39.54700089 108.73300171 33.34499741
v 40.39800262 110.61299896 33.25399780
v 38.87400055 110.30699921 34.30199814
v 39.21500015 111.79800415 34.51299667
v 37.46900177 110.93800354 35.36299896
v 36.47400284 112.51399994 36.09399796
v 35.25900269 110.53700256 36.18000031
v 34.48600006 112.88899994 36.34700012
v 32.93099976 113.04499817 36.47800064
v 32.22500229 114.19900513 36.52099991
v 29.96700096 115.54800415 36.57099915
v 30.99300194 18.75699997 24.14099884
v 30.17900085 18.11200333 24.61499977
v 31.09100151 95.76499939 3.38399959
v 28.75900078 138.28500366 3.43599916
v 28.77100182 140.64199829 4.83699894
v 29.84900093 139.70100403 3.13799930
v 30.12400055 142.27000427 4.51099968
v 31.13200188 140.64999390 2.56999946
v 31.37400055 142.00099182 3.14399886
v 32.38299942 141.35400391 1.96999967
v 33.45000076 142.46200562 1.75399888
v 34.02300262 141.55101013 1.27599943
v 34.77700043 142.25300598 1.21599996
v 35.00699997 140.46800232 0.88799930
v 35.96599960 141.68600464 0.89100003
v 36.88899994 139.85499573 0.65900016
v 37.49600220 141.97700500 0.73600000
v 38.48500061 140.04100037 0.56699848
v 40.03300095 141.84399414 0.55099839
v 40.30300140 139.61900330 0.56699848
v 41.98699951 141.25500488 0.57299995
v 41.38600159 138.53700256 0.69899857
v 43.59500122 140.32800293 0.76799840
v 43.35200119 138.85800171 0.93199873
v 45.10700226 138.31700134 1.30299950
v 43.72299957 136.96499634 1.24999881
v 45.39500046 136.81900024 1.62499952
v 44.62800217 134.91099548 1.78799963
v 46.25500107 134.41400146 2.31299925
v 44.57200241 132.75000000 2.17099953
v 46.98900223 132.65200806 3.08399916
v 45.01300049 131.40200806 2.64499903
v 47.35900116 131.50500488 3.52899909
v 45.90299988 129.84100342 3.38999939
v 48.15200043 130.00999451 4.28299904
v 46.57600021 128.50700378 4.04599953
v 47.75000000 127.48000336 4.96599913
v 45.88899994 126.48899841 4.33899927
v 46.77400208 125.09200287 5.23399925
v 32.07699966 137.59899902 1.13599932
v 31.97500038 138.27600098 1.26099956
v 30.30300140 138.24499512 2.08799911
v 29.31300163 64.31100464 31.63299942
v 28.99200058 82.83900452 34.68099976
v 29.49300194 81.51599884 34.15999985
v 28.85900116 79.51799774 34.24499893
v 29.02400208 77.28299713 33.75799942
v 31.09400177 124.52700043 0.76899862
v 29.80500221 123.09899902 0.73999912
v 31.26800156 21.02199936 5.05299950
v 29.68600082 19.85700417 4.44299936
v 30.39700127 101.60700226 2.46999884
v 32.09400177 101.30899811 3.16599941
v 28.49000168 142.65699768 32.93999863
v 28.13600159 1.29400194 17.42199898
v 28.80100060 1.62500143 17.35799980
v 29.93800163 1.98099756 16.95399857
v 30.75400162 33.30799866 27.03800011
v 31.58400154 34.28900146 26.48499870
v 32.73900223 34.36399841 25.48799896
v 33.59900284 35.20999908 24.60299873
v 33.75900269 37.05400085 24.56200027
v 34.83399963 35.71300125 23.02699852
v 34.82900238 37.22800446 23.09199905
v 35.51800156 37.49500275 21.81200027
v 35.70899963 37.92700195 21.39299965
v 35.33100128 38.58300400 22.24699974
v 35.89800262 38.09799957 20.97999954
v 35.82600021 38.92800140 21.19899940
v 36.13899994 39.19700241 20.28899956
v 35.65700150 39.73699951 21.59299850
v 35.59799957 40.69700241 21.71599960
v 35.01700211 40.39899826 22.89799881
v 34.31299973 41.10900116 24.13099861
v 33.38700104 41.48300171 25.27799988
v 33.36500168 39.14300156 25.13099861
v 32.25200272 40.53600311 26.39900017
v 32.17300034 38.97299957 26.33899879
v 30.96400070 40.39899826 27.53499985
v 30.98000145 39.32500076 27.41300011
v 31.57000160 153.66700745 26.72899818
v 31.30000114 154.32600403 25.06499863
v 30.57800102 153.02099609 25.88199997
v 33.38400269 26.94000244 5.55799913
v 31.94800186 26.20100212 4.60699940
v 30.09500122 25.66400146 3.68499947
v 28.37400055 25.91799927 3.00199914
v 32.02700043 117.42700195 1.28899884
v 30.04300117 116.47200012 1.03599954
v 28.34100151 147.48300171 28.99499893
v 29.48600006 142.82400513 5.54199886
v 29.47600174 144.28500366 6.59299898
v 30.79400063 144.07699585 5.02099943
v 30.55000114 145.41799927 6.25599909
v 32.31500244 145.13699341 4.23799944
v 32.37700272 146.33200073 5.00599957
v 33.82699966 146.58100891 3.73399901
v 34.31600189 148.15499878 4.40499926
v 35.39800262 147.27900696 2.75799918
v 36.36500168 148.53399658 2.78399897
v 37.37800217 147.87100220 1.76999903
v 38.23300171 149.77900696 2.17299914
v 39.23699951 149.22000122 1.45799947
v 39.09799957 151.14900208 2.43799949
v 40.89699936 150.18600464 1.20799994
v 40.41200256 151.79400635 1.98699903
v 41.80000305 151.86300659 1.42299938
v 40.56500244 153.28300476 2.81399965
v 42.92700195 153.59799194 1.64699924
v 41.02200317 154.50300598 3.26799870
v 42.72400284 155.05799866 2.41299915
v 41.45800018 156.31199646 4.40099907
v 42.48699951 156.50799561 3.69699955
v 42.55699921 158.08900452 4.95499945
v 43.74000168 157.71499634 3.65499973
v 44.12300110 158.90800476 4.34499884
v 45.49000168 157.94000244 2.57799959
v 46.34300232 159.43600464 3.05199909
v 46.40700150 157.31799316 1.70999956
v 47.83200073 158.68499756 1.68999934
v 47.99800110 157.22000122 1.15999949
v 48.54600143 157.98800659 1.21799850
v 48.77900314 156.04800415 0.76399928
v 49.78200150 157.99299622 0.93499947
v 51.16100311 157.33799744 0.61199999
v 51.57400131 158.97200012 0.82999837
v 52.98700333 157.85900879 0.49600005
v 53.59400177 159.84500122 0.71999991
v 54.52700043 158.08100891 0.38800016
v 55.64500046 159.78500366 0.45399928
v 56.58399963 157.85600281 0.24099834
v 57.39200211 159.37200928 0.26899949
v 59.06999969 157.12500000 0.19099936
v 59.51100159 158.44900513 0.15399978
v 61.19900131 157.41900635 0.24499930
v 60.43400192 159.84100342 0.14699996
v 62.40399933 159.81100464 0.14099851
v 61.28800201 161.93099976 0.22199936
v 63.49499893 161.46400452 0.15099905
v 62.77799988 163.69400024 0.37599915
v 64.56000519 162.84899902 0.22899918
v 64.69000244 164.47999573 0.43499842
v 66.17600250 163.03700256 0.24499930
v 66.74400330 165.64300537 0.56799877
v 67.90499878 164.20300293 0.39099902
v 68.95400238 166.19999695 0.63099897
v 70.65800476 165.00399780 0.58499908
v 70.02099609 167.37500000 0.79599953
v 72.04399872 167.36099243 0.84599853
v 71.01900482 168.95800781 1.11099887
v 72.69200134 169.05200195 1.11199915
v 71.70800018 171.14700317 2.08699894
v 73.90499878 171.10600281 1.92199922
v 72.75599670 172.42500305 2.96999884
v 74.40599823 172.71099854 3.18299890
v 73.69300079 173.66699219 3.92199969
v 74.18299866 173.95899963 4.26299953
v 72.92300415 173.80999756 4.19799900
v 73.74800110 174.75599670 5.27299929
v 71.94499969 174.75199890 5.51199913
v 73.01900482 175.46400452 6.21899986
v 29.96100044 108.90399933 36.49799728
v 40.01100159 155.59400940 5.14799929
v 39.15700150 152.96800232 3.73799920
v 38.53700256 154.44999695 5.58899879
v 37.88899994 152.62600708 4.62299967
v 36.84700012 152.99000549 5.96999931
v 37.01600266 151.40499878 4.40999937
v 35.98100281 150.77999878 4.90899944
v 36.39800262 149.72700500 3.63599873
v 34.43300247 149.48100281 5.37799931
v 32.92000198 148.58599854 6.18699932
v 31.69400024 147.00100708 6.23099899
v 29.79100037 146.72300720 8.10299873
v 28.95200157 145.53800964 8.11499882
v 32.87800217 130.98300171 36.22200012
v 35.16300201 129.14100647 36.52799988
v 44.65600204 160.25199890 5.12899923
v 43.38999939 159.85900879 5.85599899
v 43.09700012 160.87600708 7.10199976
v 42.18000031 159.19099426 6.32299948
v 41.22200012 159.98600769 8.05299950
v 40.81500244 158.55700684 7.05199957
v 39.28200150 158.27000427 8.32799911
v 39.69900131 157.01199341 6.68199921
v 37.90200043 157.26300049 8.77699947
v 38.22400284 155.76300049 7.00899982
v 36.79500198 156.20199585 8.94099903
v 36.18799973 154.46800232 7.89899921
v 35.38500214 154.79499817 9.09899902
v 34.59200287 152.08700562 7.46199942
v 33.70800018 152.90899658 9.15599918
v 33.65999985 150.68699646 7.19399929
v 32.45700073 151.32200623 9.04999924
v 32.14500046 149.72300720 7.98899937
v 31.09400177 150.10499573 9.53099918
v 30.35300064 147.87300110 8.39299870
v 29.83200073 148.90100098 9.97799873
v 32.30000305 5.27600193 8.97999954
v 30.62300110 4.47200251 8.02899933
v 30.47100067 83.06000519 33.79199982
v 30.49400139 80.56600189 33.32799911
v 30.34200096 78.57800293 33.07799911
v 42.07400131 96.24400330 18.28999901
v 41.49200058 94.36499786 17.85899925
v 41.35700226 94.70899963 16.66199875
v 40.78800201 93.08000183 15.92299938
v 40.86000061 94.20700073 15.04599953
v 40.25500107 93.39400482 13.56399918
v 40.65299988 95.16500092 13.39799976
v 39.74100113 93.88100433 11.51999950
v 40.20000076 95.97800446 11.39499950
v 39.20100021 94.62100220 9.54499912
v 40.03600311 97.23100281 9.94499874
v 38.86700058 96.03600311 8.10499954
v 39.19499969 97.70800018 7.97599936
v 38.86800003 96.77500153 7.86699915
v 38.06500244 97.65699768 6.84199953
v 37.29400253 95.84999847 6.64299917
v 37.55599976 94.20000458 7.18799877
v 35.66600037 94.60099792 5.79199934
v 36.92200089 92.47399902 6.94499922
v 35.46500015 92.75299835 5.89299965
v 34.21599960 91.67200470 5.29799891
v 31.62700081 91.32800293 4.06899977
v 35.93099976 113.90800476 36.24399948
v 34.32699966 114.59600067 36.43899918
v 35.10800171 116.10900116 36.45199966
v 33.71700287 116.25900269 36.54100037
v 32.74600220 117.43800354 36.59199905
v 31.85300064 115.76399994 36.57799911
v 30.81900024 118.12300110 36.58800125
v 30.59700203 4.11599874 18.60099983
v 30.51900101 4.49299812 18.97900009
v 36.43799973 99.90299988 33.15599823
v 34.88600159 99.95500183 34.29899979
v 34.56600189 102.00399780 34.98199844
v 33.15399933 101.88100433 35.73099899
v 33.61800003 103.78800201 35.83599854
v 32.23400116 104.82299805 36.18700027
v 31.51700211 106.36399841 36.33200073
v 30.17800140 57.06800079 30.08399963
v 29.98300171 56.33800125 30.15600014
v 30.44600105 56.35900116 29.76899910
v 30.26600075 55.73699951 29.85099983
v 30.68000031 54.59500122 29.35699844
v 29.87000084 55.39599991 30.14499855
v 29.90600014 54.21300125 29.96999931
v 30.11900139 52.74300385 29.62699890
v 30.29600143 53.61899948 29.57399940
v 30.21000099 57.99699783 30.16599846
v 30.09400177 58.75100327 30.34199905
v 31.68800163 7.90899992 19.89999962
v 31.19600105 7.71699858 20.30999947
v 30.93600082 6.94599724 20.14699936
v 31.38000107 73.56500244 31.28499985
v 30.89600182 72.66699982 31.54699898
v 31.49900055 139.29800415 1.70999956
v 32.81000137 138.81900024 1.10599959
v 34.31500244 139.16000366 0.86699986
v 36.29700089 138.71400452 0.66299921
v 37.05400085 143.32099915 0.89499915
v 35.65600204 143.29899597 1.16899979
v 36.43600082 144.69099426 1.23499894
v 35.08800125 143.69799805 1.42799878
v 35.90200043 145.80000305 1.69099963
v 34.40399933 144.74299622 2.16399884
v 34.13100052 145.71600342 2.87499928
v 32.91799927 143.67300415 2.75999951
v 31.69000053 143.56700134 3.82599878
v 41.79500198 114.29399872 33.30699921
v 40.30800247 114.91899872 34.62999725
v 40.00500107 116.32399750 35.18700027
v 38.61199951 113.94300079 35.41999817
v 37.00500107 114.87599945 36.19599915
v 31.83100128 103.22299957 2.77699900
v 30.80600166 2.25900126 13.70599937
v 31.97500038 3.18000460 12.69399929
v 35.70500183 45.99800110 12.91399956
v 35.33200073 45.92600250 11.23299885
v 34.97100067 48.00500107 10.26899910
v 34.30599976 48.34600067 8.22399902
v 33.89699936 49.82099915 7.37199926
v 33.26499939 48.88800049 6.14699888
v 33.12000275 50.06700134 6.01199913
v 32.75400162 49.35400009 5.50499916
v 32.13999939 50.61999893 5.04699898
v 30.94000053 51.66400146 4.29599905
v 33.28200150 51.04600143 6.29699898
v 32.45199966 52.09199905 5.39499903
v 41.72700119 161.16300964 8.77999878
v 40.24399948 160.43099976 9.56999969
v 41.30599976 162.42199707 10.72399902
v 39.65399933 161.37400818 11.35399914
v 40.28700256 163.05999756 12.71099949
v 38.63199997 161.79400635 13.13899899
v 39.14100266 162.98800659 14.17399883
v 37.45800018 161.89300537 15.08299923
v 38.72400284 163.21699524 15.37299919
v 37.43300247 162.56800842 17.19099998
v 39.11000061 163.98100281 16.38899994
v 38.33200073 163.39700317 17.89799881
v 38.86300278 163.88000488 18.11599922
v 38.27199936 163.10299683 19.89999962
v 39.09900284 163.80599976 20.37599945
v 37.80300140 162.43600464 21.36100006
v 39.13600159 163.42100525 22.86699867
v 38.33700180 162.46000671 23.55099869
v 39.18700027 163.16799927 23.74699974
v 38.84300232 162.60499573 24.30900002
v 40.08399963 163.52099609 24.71999931
v 39.56400299 162.67799377 25.61699867
v 39.94599915 162.61300659 26.46699905
v 38.80800247 161.53700256 26.48199844
v 39.86199951 161.23400879 28.64999962
v 37.79500198 159.54200745 28.21799850
v 38.96000290 159.75599670 29.47199821
v 37.34400177 158.36599731 29.23199844
v 37.98600006 157.99200439 30.42499924
v 36.63700104 156.87300110 30.09099960
v 37.16400146 155.89900208 31.64200020
v 35.85200119 155.83700562 30.31699944
v 35.87400055 153.79200745 32.17300034
v 34.69900131 154.66900635 30.22799873
v 34.96000290 152.88900757 32.08399963
v 33.34700012 151.88200378 31.27499962
v 31.74600029 149.91799927 31.17399979
v 35.10600281 61.51200104 24.96299934
v 34.74100113 63.10700226 25.93400002
v 33.95100021 61.19400406 26.74599838
v 33.78800201 63.54400253 27.30399895
v 32.91200256 61.94900131 28.07199860
v 32.47800064 63.07400131 28.69199944
v 31.19700050 62.20399857 29.79399872
v 30.40500069 62.10499954 30.46599960
v 33.45300293 8.17599869 9.47399902
v 32.85499954 8.52099800 8.32999992
v 32.57200241 7.48199987 8.29599857
v 35.88700104 31.08499908 20.41399956
v 36.33000183 31.22399712 19.36399841
v 35.85200119 32.01699829 20.62099838
v 36.09200287 32.93699646 20.17299843
v 36.15999985 33.81600189 20.10199928
v 35.88299942 34.12000275 20.76700020
v 35.08600235 33.37100220 22.32099915
v 34.34300232 33.95000076 23.59999847
v 33.07600021 32.87000275 24.97599983
v 31.81300163 32.65100098 26.12599945
v 31.73700142 33.37799835 26.26399803
v 31.26400185 32.70699692 26.57899857
v 31.19700050 32.24000168 26.58799934
v 30.83200073 46.43000412 28.31099892
v 31.10700035 45.79000092 28.00899887
v 32.20000076 44.63200378 26.87799835
v 31.49100113 43.32600021 27.37100029
v 32.26200104 42.44099808 26.56900024
v 30.74900055 41.99800110 27.85899925
v 30.38000107 41.67000198 28.12500000
v 32.01200104 156.74499512 20.00399971
v 32.26100159 156.87500000 20.82799911
v 31.47100067 156.08300781 20.20299911
v 31.92900085 156.21499634 21.96999931
v 30.89200020 154.56500244 23.28599930
v 32.83600235 157.28300476 21.91799927
v 36.68600082 72.90000153 24.33999825
v 36.40500259 72.41600037 24.81599808
v 35.70500183 72.16699982 26.16399956
v 34.66699982 72.62699890 27.76099968
v 34.51700211 71.35099792 27.65299988
v 33.26700211 71.39800262 29.09799957
v 32.23200226 69.72200012 29.85400009
v 31.35000038 70.16600037 30.71699905
v 33.01900101 8.49500275 18.52499962
v 33.71800232 9.54399967 17.84799957
v 34.52600098 11.66000175 17.26999855
v 35.08100128 14.21700382 17.10599899
v 34.51300049 14.68499756 18.96499825
v 41.40800095 157.75000000 5.69799900
v 37.46000290 154.49000549 6.67299891
v 35.74100113 152.77299500 6.86399937
v 34.98699951 150.77799988 5.89599943
v 31.30700111 148.08599854 7.49999952
v 33.67399979 140.41900635 1.15799904
v 32.75000000 139.63600159 1.26099956
v 31.64500046 131.56599426 0.76999891
v 32.77500153 132.71099854 0.70899910
v 32.25600052 134.72700500 0.84199941
v 33.83500290 134.27099609 0.68599916
v 34.72600174 67.21199799 8.58199978
v 35.03300095 68.85600281 9.05999947
v 34.54800034 70.76200104 7.67799950
v 34.36400223 72.01900482 7.21699953
v 34.31600189 73.14800262 7.04399967
v 35.13899994 72.71400452 8.59899902
v 36.00900269 74.69200134 10.31499958
v 36.36600113 76.23400116 10.81799889
v 36.52899933 74.21500397 11.97399902
v 36.82800293 76.35900116 12.15399933
v 37.08300018 74.74500275 13.73099899
v 37.40299988 76.51300049 14.13599873
v 37.49700165 75.50099945 15.12399960
v 37.89900208 77.97599792 15.46099949
v 37.90200043 76.25800323 16.95099831
v 38.26300049 78.42500305 17.29799843
v 38.22700119 77.38300323 18.82299995
v 38.59600067 79.70100403 19.39799881
v 38.38000107 78.76899719 21.11999893
v 38.86300278 81.29900360 20.21500015
v 38.58300018 80.28300476 21.72799873
v 38.73500061 81.76399994 22.45499992
v 38.18000031 79.23100281 22.84799957
v 37.89400101 80.48300171 24.40399933
v 37.66099930 79.37699890 24.51199913
v 37.17900085 79.52899933 25.62499809
v 36.88100052 78.09999847 25.67700005
v 36.40800095 79.93099976 27.10400009
v 35.32800293 79.82399750 28.55799866
v 34.16699982 78.95899963 29.77199936
v 32.74500275 77.75299835 30.89299965
v 32.68000031 78.53700256 31.13399887
v 31.86100197 78.30799866 31.79800034
v 32.28200150 78.94499969 31.57999992
v 31.39400101 79.15000153 32.36800003
v 31.81400108 63.99700165 29.44299889
v 36.13700104 22.36100197 16.40099907
v 36.04600143 22.46999741 17.69699860
v 35.79400253 22.18499756 18.67799950
v 34.84000015 21.75100136 20.48499870
v 33.94100189 22.55100060 22.11499977
v 33.05800247 23.16299820 23.37899971
v 32.99399948 22.43800545 23.26099968
v 32.02600098 21.86900330 24.09999847
v 32.79400253 20.70700455 23.02400017
v 31.89900208 20.86000061 23.94099998
v 31.75000191 19.92999840 23.83199883
v 39.36400223 108.52899933 5.53799868
v 39.24399948 106.90499878 5.75699949
v 37.73200226 107.34500122 4.82199907
v 36.97100067 105.80500031 4.67399883
v 36.29899979 107.21500397 4.12799883
v 35.45700073 108.68199921 3.49699903
v 34.16500092 110.06400299 2.71699953
v 33.64400101 42.50200272 6.06299925
v 33.85400009 41.65600204 6.30099869
v 33.44000244 40.69900131 5.60299969
v 34.45700073 40.09799957 7.36399937
v 33.65100098 39.33100128 5.74899912
v 34.26499939 38.87800217 6.75199938
v 33.79000092 38.04500580 5.84099913
v 34.49600220 37.42399979 7.08699894
v 34.04700089 36.16500092 6.11799955
v 34.52400208 35.26999664 6.83899975
v 33.79700089 35.21200180 5.67399883
v 34.19700241 34.11100006 6.17599964
v 33.02700043 34.51300430 4.83999968
v 32.96599960 33.01800156 4.78399897
v 46.16800308 151.33099365 35.15799713
v 44.50300217 151.80999756 35.03299713
v 43.87200165 153.99499512 34.58499908
v 42.84099960 152.05999756 34.82500076
v 42.37000275 153.60499573 34.44699860
v 41.18000031 152.47799683 34.50600052
v 40.35100174 153.98200989 33.93299866
v 39.04700089 152.54100037 34.01699829
v 38.48800278 154.03199768 33.42599869
v 37.77099991 153.36900330 33.39199829
v 37.03100204 154.15000916 32.75199890
v 37.28200150 152.48100281 33.55799866
v 36.29299927 152.00000000 33.35799789
v 34.86899948 151.37199402 32.92399979
v 33.34000015 150.69900513 32.22200012
v 31.88800049 148.97000122 32.11299896
v 37.31700134 150.07099915 34.27299881
v 35.81900024 150.94400024 33.54499817
v 36.57699966 149.25999451 34.26900101
v 35.23500061 150.21699524 33.57799911
v 34.79700089 148.80299377 33.84599686
v 34.55900192 149.77500916 33.46400070
v 34.11600113 149.30200195 33.42799759
v 33.21400070 148.86799622 33.15499878
v 32.08399963 147.61500549 33.10400009
v 32.36600113 76.36399841 30.94999886
v 32.00699997 77.08300018 31.40799904
v 31.62100029 77.65800476 31.86999893
v 33.61199951 27.77300072 23.69499969
v 32.61899948 26.86999702 24.61099815
v 31.91200066 27.69599915 25.40399933
v 32.00799942 26.65399742 25.15599823
v 31.95500183 25.37699699 25.00799942
v 33.15299988 36.25199890 5.01699924
v 32.42200089 37.12700272 4.47499943
v 31.88900185 39.14800262 4.23799944
v 31.93700027 12.76499748 21.70399857
v 31.54500198 11.60400391 21.68400002
v 31.59200096 10.80500317 21.35999870
v 33.92700195 20.69199753 21.68699837
v 31.81700134 18.62999725 23.45499992
v 32.85200119 46.86600113 26.45499992
v 33.83300018 45.37600327 25.12500000
v 34.14900208 46.84299850 24.73199844
v 35.00900269 46.32600021 23.22299957
v 34.83800125 48.34700012 23.66899872
v 35.35700226 47.85499954 22.51299858
v 35.44100189 49.34500122 22.47799873
v 35.34600067 50.51900101 22.80799866
v 35.60100174 51.01900101 22.25799942
v 35.39699936 51.55500031 22.78499985
v 35.78800201 51.53200150 21.89900017
v 35.21300125 52.12100220 23.26299858
v 35.75200272 52.34700012 22.07499886
v 35.81000137 53.11000061 21.99399948
v 36.06200027 52.98000336 20.77899933
v 36.25200272 53.77700043 19.49799919
v 36.25000000 55.04200363 19.79299927
v 36.21300125 54.77100372 17.49300003
v 36.32900238 56.78599930 18.88399887
v 36.23800278 56.43299866 17.43199921
v 36.27000046 58.10400009 16.86999893
v 36.08900070 55.88100052 15.95699883
v 36.07400131 57.60800171 15.30199909
v 35.71500015 56.42399979 13.52199936
v 35.73500061 58.02400208 13.44599915
v 35.31100082 57.66799927 11.87399960
v 35.52099991 59.44200134 12.37699890
v 34.68000031 58.27700043 9.65799904
v 35.12900162 60.63700104 10.85299873
v 34.30300140 59.76600266 8.44299889
v 34.42100143 61.38300323 8.60499954
v 35.82600021 136.44999695 36.05099869
v 35.01100159 138.55099487 35.74100113
v 37.22800064 138.40499878 36.03999710
v 35.80300140 139.96200562 35.71500015
v 38.01200104 140.09300232 35.94499969
v 37.06399918 141.25100708 35.73699951
v 38.70899963 142.35000610 35.81599808
v 37.02199936 143.17799377 35.50799942
v 38.55200195 144.70100403 35.50299835
v 36.53300095 144.42399597 35.25799942
v 37.36100006 145.99899292 35.13299942
v 36.03300095 146.20399475 34.81900024
v 36.50300217 147.88999939 34.58900070
v 34.65900040 146.96600342 34.30500031
v 33.51700211 147.71000671 33.75999832
v 32.76200104 147.35900879 33.56599808
v 32.58500290 145.99800110 33.94499969
v 31.96100044 156.78900146 19.32899857
v 32.60800171 153.09500122 10.70999908
v 33.53200150 154.80299377 11.39899921
v 32.60600281 155.17999268 13.14899921
v 34.29600143 156.26800537 12.10499954
v 33.58800125 156.62399292 13.53499889
v 35.20300293 157.62200928 12.48899937
v 34.80599976 158.21900940 13.82899952
v 36.43400192 159.21499634 12.78699970
v 35.66200256 159.56500244 14.42199898
v 36.32300186 160.79200745 15.22799873
v 34.69100189 159.36999512 15.81299877
v 36.16099930 161.26200867 16.98799896
v 35.00799942 160.15600586 17.83499908
v 35.93000031 161.06199646 18.25199890
v 34.90999985 159.83000183 19.61599922
v 36.27000046 161.12899780 20.32299995
v 35.38100052 160.11100769 21.17799950
v 36.45600128 160.98100281 22.08199883
v 35.40000153 159.90200806 22.42599869
v 35.92300034 160.18099976 23.19799995
v 35.24100113 159.50900269 23.05699921
v 35.80300140 159.75700378 23.98099899
v 34.93900299 158.90699768 23.78299904
v 35.55800247 158.86000061 25.42599869
v 34.71700287 157.40200806 26.47499847
v 31.77400208 31.60499763 26.04799843
v 31.86600113 28.62700081 25.56900024
v 34.91400146 64.44000244 25.86499786
v 33.11500168 64.98200226 28.25499916
v 35.23300171 132.90600586 0.65900016
v 34.70600128 46.36200333 9.10599899
v 34.00500107 47.39300156 7.34199953
v 33.37100220 46.08200073 6.00199938
v 33.34000015 47.40900040 6.11499882
v 33.03800201 48.21000290 5.78899956
v 34.29999924 159.36000061 18.55399895
v 33.58399963 158.61999512 18.05999947
v 33.51200104 158.40499878 16.69699860
v 33.35100174 157.61300659 15.36299896
v 33.17500305 51.99399948 6.23399973
v 32.87000275 53.75000000 5.82599926
v 34.86800003 49.96100235 23.75599861
v 34.12000275 51.70199966 25.25699806
v 34.00900269 49.42000198 25.22099876
v 32.81500244 48.63100052 26.62799835
v 33.96500015 141.25500488 35.23099899
v 33.22800064 143.40000916 34.70999908
v 33.67399979 37.26699829 5.66699934
v 33.04600143 38.70600510 5.02499962
v 32.71300125 40.65299988 4.88999939
v 32.90600204 60.02600098 27.83600044
v 33.42000198 58.03400421 26.96899796
v 34.96200180 12.67299843 14.30699921
v 35.01700211 12.92999840 15.31099892
v 34.81200027 11.79099846 15.66599941
v 34.19200134 9.77200317 16.60699844
v 33.51399994 7.96499825 17.19799995
v 34.93000031 143.83599854 35.03499985
v 34.17300034 145.44200134 34.52499771
v 35.54000092 32.34700012 21.34899902
v 34.04800034 25.87000275 22.77499962
v 34.06400299 26.54600143 22.90399933
v 33.83100128 26.75899887 23.23899841
v 33.05200195 45.37799835 5.51099873
v 38.78900146 109.60600281 4.97499943
v 36.85000229 108.87699890 4.11399937
v 36.99800110 110.67400360 3.84899879
v 33.86000061 31.74000168 5.70399952
v 34.09099960 32.96300125 6.06599903
v 35.22000122 33.52899933 8.38399982
v 35.13600159 35.63299942 8.40499878
v 35.28499985 37.49600220 9.19899940
v 35.20600128 39.31999969 9.39899921
v 34.75400162 40.92499924 8.31099892
v 34.19900131 38.83600235 24.17199898
v 35.41099930 46.61100006 22.35400009
v 33.87700272 43.75700378 24.90399933
v 62.05700302 137.75399780 11.69299984
v 60.78700256 136.35000610 11.47099876
v 60.77700043 137.42700195 9.69099903
v 59.75899887 135.66000366 10.56599903
v 59.23300171 136.36300659 8.56999969
v 58.51399994 135.13400269 9.07799911
v 57.83800125 135.40499878 7.68199921
v 57.31299973 133.73699951 8.91499996
v 56.55700302 134.52499390 6.97999907
v 55.91600037 133.91600037 6.84699869
v 56.20000076 135.65400696 6.14299917
v 54.19500351 134.69799805 5.54199886
v 54.18800354 136.13299561 4.98399878
v 52.17499924 134.61000061 4.57099915
v 52.60499954 136.57400513 4.10199928
v 50.99100113 136.31399536 3.48299932
v 51.58300018 138.22900391 3.17999911
v 49.92900085 137.99900818 2.62299919
v 51.04100037 140.42700195 2.32399917
v 48.97399902 139.66499329 1.84799922
v 48.75799942 141.22900391 1.47099888
v 47.03900146 139.43899536 1.50099957
v 47.08000183 141.44700623 1.15599859
v 45.44700241 139.63099670 1.15699875
v 45.52799988 141.18000793 0.93499947
v 43.96300125 141.65600586 0.68099982
v 43.65999985 143.81800842 0.52599978
v 42.10000229 143.30499268 0.52899867
v 41.64599991 145.87899780 0.60399997
v 40.05500031 144.58599854 0.65199846
v 40.16699982 146.69700623 0.80899894
v 38.41100311 145.58099365 0.94099903
v 38.93099976 147.62899780 1.15499830
v 37.85100174 146.86000061 1.29399920
v 37.31900024 162.36300659 18.96399879
v 37.78400040 162.90299988 17.80399895
v 36.84799957 161.98500061 18.01799965
v 37.53300095 160.24900818 12.62799931
v 37.25900269 158.87600708 11.32599926
v 36.41300201 157.40200806 10.65599918
v 34.81800079 155.48100281 10.49899960
v 35.55800247 53.50400162 22.62899971
v 34.22100067 9.13999939 15.52399921
v 35.90299988 89.11800385 30.41299820
v 35.84500122 87.11900330 29.88199806
v 35.28800201 85.01599884 29.92099953
v 35.36800003 18.26699829 18.32399940
v 35.46900177 19.31899834 18.35699844
v 35.25799942 19.46599770 18.98899841
v 34.68700027 19.34800339 20.05399895
v 34.58900070 57.16600418 25.17000008
v 34.25799942 59.41099930 26.05299950
v 35.11500168 23.45900154 8.94999886
v 35.34600067 21.95800018 10.14599895
v 35.59300232 24.28500366 10.38399982
v 35.84300232 22.91399956 12.02699947
v 35.99600220 24.73399734 12.00099945
v 36.12700272 23.68199921 13.54999924
v 35.44800186 98.86599731 33.60499954
v 35.94600296 54.50200272 14.99299908
v 35.40500259 55.39300156 12.31899929
v 34.85600281 56.72100067 10.37499905
v 33.91099930 57.83599854 7.68799877
v 35.48900223 142.21899414 35.37199783
v 37.99800110 108.53099823 34.43599701
v 36.42800140 108.70899963 35.45100021
v 39.22500229 120.69200134 36.31799698
v 34.73600006 11.43800449 14.17299938
v 34.56200027 10.56899834 15.32999897
v 35.48800278 156.96899414 28.40199852
v 36.11300278 158.33200073 27.46299934
v 38.27899933 82.27500153 24.27899933
v 37.50600052 81.24700165 25.61100006
v 37.37400055 129.69799805 1.08699870
v 38.12300110 126.89900208 1.54199922
v 38.48699951 124.45700073 1.86499953
v 36.65399933 122.86700439 1.68699956
v 35.31400299 120.72100067 1.63799894
v 36.23100281 59.26100159 21.70899963
v 36.33399963 58.23900223 20.45800018
v 36.42300034 58.63299942 18.79999924
v 36.37200165 59.41399765 17.20499992
v 36.53100204 60.33699799 18.80499840
v 36.49000168 61.41600037 17.21999931
v 36.72600174 62.93099976 19.00099945
v 36.47500229 62.39400101 16.50099945
v 36.62800217 64.49400330 16.54699898
v 36.39800262 64.11100006 15.14399910
v 36.38000107 65.65499878 14.45899963
v 36.04400253 62.99700165 13.74499893
v 35.90600204 64.39300537 12.78799915
v 35.44100189 63.28000259 11.40799904
v 35.58300018 66.14900208 11.27999973
v 34.96800232 65.51699829 9.54399872
v 40.77300262 102.74400330 29.67299843
v 40.60100174 104.71500397 30.75099945
v 39.87000275 103.69699860 31.17199898
v 39.44700241 104.66600037 31.99099922
v 38.71000290 103.70899963 32.35200119
v 39.15000153 105.67900085 32.64199829
v 38.35000229 105.84600067 33.38000107
v 37.18900299 106.96400452 34.57600021
v 34.70100021 158.82899475 23.32499886
v 36.21500015 70.75800323 24.79699898
v 35.06600189 31.56200027 7.83599901
v 40.01700211 97.26499939 28.06899834
v 40.61199951 99.50099945 28.30899811
v 39.37000275 97.38700104 29.05999947
v 38.96100235 98.67500305 30.13399887
v 38.40299988 96.18600464 29.86999893
v 37.35300064 96.87300110 31.31499863
v 37.36800003 94.45500183 30.47699928
v 36.30100250 95.85300446 32.06800079
v 36.51000214 94.20300293 31.34699821
v 35.77300262 95.07600403 32.33900070
v 35.84400177 94.06700134 31.97200012
v 35.72200012 28.76599884 9.98299980
v 35.49000168 30.03700066 9.06699944
v 35.13800049 13.89799976 15.83999920
v 35.20700073 14.52600193 16.39699936
v 35.23699951 14.72800255 15.86299896
v 35.37700272 15.45999908 16.18499947
v 35.32500076 15.10400295 14.94899940
v 35.58800125 16.79800415 15.28899956
v 35.43200302 15.87700081 13.84599972
v 35.51300049 17.08900261 13.00599957
v 35.21900177 16.12000084 11.56099892
v 35.19300079 17.44200325 10.76999950
v 34.73400116 16.47999954 9.37799931
v 39.01100159 84.17700195 16.23600006
v 38.78200150 82.22900391 16.72499847
v 38.51300049 83.84000397 14.13299942
v 38.25099945 82.08200073 14.32799911
v 37.71000290 82.43399811 12.18799877
v 37.67000198 81.13100433 12.71599865
v 37.19200134 80.42600250 11.51399899
v 37.01900101 78.50700378 11.87199879
v 36.63100052 79.37699890 10.37499905
v 36.12300110 77.54199982 9.71799946
v 35.89800262 52.30100250 14.82099915
v 35.56400299 51.77900314 12.99499893
v 35.62300110 53.47999954 13.27399921
v 35.13600159 53.62400055 11.39099979
v 34.95000076 54.92100143 10.69099903
v 38.29300308 137.86500549 0.57399833
v 38.70300293 136.52600098 0.62800014
v 40.03900146 137.73600769 0.64999986
v 40.43199921 136.09800720 0.82900000
v 42.37500000 137.39900208 0.96199846
v 35.60300064 130.79600525 36.45899963
v 37.81299973 160.47999573 26.77400017
v 38.05800247 161.36500549 25.41499901
v 37.44499969 160.59800720 25.83599854
v 37.51000214 161.41799927 24.08099937
v 36.88999939 160.27600098 25.35899925
v 36.44600296 160.08599854 24.77699852
v 36.74600220 159.62600708 26.31999969
v 34.53800201 11.67300320 11.24299908
v 35.08000183 51.75299835 11.04999924
v 37.89400101 150.70700073 3.09499907
v 36.52700043 62.90200043 21.50899887
v 36.81999969 64.35099792 20.23399925
v 36.83000183 64.85500336 18.52099991
v 36.90000153 66.29900360 17.84199905
v 36.73300171 67.09099579 15.80299950
v 37.10600281 68.05500031 18.56099892
v 36.90299988 68.94200134 15.77999878
v 37.23400116 69.80500031 17.92299843
v 37.14100266 70.43600464 16.47799873
v 37.42600250 72.37000275 17.15600014
v 37.09400177 71.50299835 15.40599918
v 37.39200211 73.91400146 15.63099957
v 36.99200058 72.33899689 14.54699898
v 36.72800064 72.84999847 13.15999889
v 36.60600281 70.91400146 13.46599960
v 36.13999939 72.66600037 11.23999977
v 36.07900238 70.38500214 11.72899914
v 35.59200287 72.09500122 9.84699917
v 35.34400177 70.33499908 9.56599903
v 35.03000259 61.89500046 10.33099937
v 39.67200089 121.86000061 2.71799874
v 37.39400101 121.04199982 2.08599949
v 36.53499985 119.32399750 2.08499932
v 35.09300232 25.02299881 8.54099941
v 36.40999985 67.20400238 14.00399971
v 36.58200073 69.08399963 14.05299950
v 36.09300232 68.08900452 12.46399975
v 35.68600082 68.53700256 11.02999878
v 35.44100189 20.32499695 10.97099876
v 35.28400040 18.78900146 10.69099903
v 35.59099960 18.74800110 12.44499874
v 35.79800034 18.68700218 14.69699955
v 35.56700134 16.72900391 16.47799873
v 38.32300186 122.39500427 2.16899896
v 38.67000198 137.45700073 36.19499969
v 39.33000183 140.18000793 36.03099823
v 36.53900146 36.11999893 16.84199905
v 36.51300049 35.23000336 15.51399899
v 36.45700073 37.51700211 15.93499947
v 36.32300186 35.74400330 13.69199944
v 36.25500107 38.09799957 14.22399902
v 36.01499939 37.37000275 12.34399891
v 35.97100067 39.55000305 12.70999908
v 35.63199997 38.77399826 10.84299946
v 35.61800003 40.68399811 11.28499889
v 36.04600143 66.19699860 12.88999939
v 46.21200180 144.03999329 35.77199936
v 44.84200287 143.89700317 35.82999802
v 43.24700165 142.86199951 35.91499710
v 43.12300110 144.50199890 35.79600143
v 41.32200241 143.87600708 35.81200027
v 41.57600021 146.37100220 35.55799866
v 40.34799957 145.78599548 35.54599762
v 39.65100098 147.71200562 35.20199966
v 38.61600113 146.45401001 35.26200104
v 38.05400085 148.19799805 34.86499786
v 40.35200119 101.70100403 7.94899940
v 39.48100281 102.51399994 6.86999989
v 38.42700195 103.23400116 6.02499962
v 37.35000229 104.40000153 5.15299940
v 36.52400208 33.95400238 14.92299938
v 36.47400284 32.78300095 14.08099937
v 36.21500015 34.15900421 12.51399899
v 36.25500107 32.67999649 12.45699883
v 35.77099991 34.08399963 10.27699947
v 35.76600266 32.06000519 10.05299854
v 36.44300079 30.95000267 13.52499962
v 36.10600281 31.07900238 11.48999882
v 35.89500046 33.49300385 20.68400002
v 38.31900024 111.25900269 4.39699936
v 35.78000259 61.14800262 13.08199883
v 36.21100235 61.90000153 14.91799927
v 36.11199951 59.64700317 14.95499897
v 35.90299988 36.53100204 11.42999935
v 35.62599945 35.72200394 10.07799911
v 36.43400192 39.01800156 18.17000008
v 36.35400009 39.36400223 15.92299938
v 36.14800262 40.47200012 14.27099895
v 36.72400284 86.02200317 28.43499947
v 37.25200272 87.41300201 28.17099953
v 37.00400162 88.73200226 28.94499969
v 38.21599960 88.52999878 27.11800003
v 37.93099976 90.77999878 28.41499901
v 38.97100067 90.22399902 26.57799911
v 39.69100189 92.51000214 26.34199905
v 40.15399933 91.32199860 24.72799873
v 40.30300140 92.62100220 25.13399887
v 40.79899979 92.52000427 23.64799881
v 40.61000061 92.81800079 24.47499847
v 40.74000168 93.63400269 24.74399948
v 40.87200165 94.43499756 24.96099854
v 40.21100235 94.59700012 26.44899940
v 35.77799988 21.44200325 12.41599941
v 36.11000061 22.22400093 14.80699921
v 35.81999969 20.34299850 13.43399906
v 36.28499985 44.23899841 18.36299896
v 36.13800049 45.61100006 16.30099869
v 35.97500229 46.25000000 14.81699944
v 39.74700165 95.75199890 27.79399872
v 39.22600174 93.75500488 27.66899872
v 38.57099915 94.33699799 28.91499901
v 38.06200027 92.58900452 28.92299843
v 36.83399963 92.06800079 30.25399971
v 36.57400131 90.54499817 30.04099846
v 36.13000107 53.20300293 16.85999870
v 38.08500290 85.99200439 11.39799881
v 38.30200195 85.23100281 12.51799965
v 37.44600296 84.61299896 10.23199940
v 37.47400284 82.86199951 11.22799969
v 36.77000046 82.97000122 9.25199890
v 36.88700104 81.44300079 10.21499920
v 36.47500229 27.06300545 16.87199974
v 36.49600220 28.25199890 15.11099911
v 36.56299973 30.19200325 15.13299942
v 36.44300079 29.46300125 13.73999882
v 36.15500259 29.16900063 11.82599926
v 36.09500122 47.39199829 16.28599930
v 36.21400070 46.59700012 17.54999924
v 36.22800064 45.57800293 18.86599922
v 36.06900024 43.98799896 20.26899910
v 37.65999985 161.99699402 23.02099991
v 36.86300278 161.09300232 23.18999863
v 36.37500000 160.52400208 23.48899841
v 37.92500305 75.30500031 18.82499886
v 38.07699966 76.76900482 20.63899994
v 37.72800064 73.81700134 19.69899940
v 37.81700134 75.34500122 21.48199844
v 37.62200165 73.49900055 20.91499901
v 37.46599960 71.66200256 20.37099838
v 37.05700302 69.18700409 21.77399826
v 36.55200195 67.84400177 23.22399902
v 36.17499924 52.12800217 19.68799973
v 37.14200211 85.64900208 9.05399990
v 37.56100082 91.37400055 7.82399893
v 37.75600052 92.47900391 7.78799868
v 38.57099915 93.32399750 8.84399891
v 38.01399994 93.35800171 7.92899895
v 38.18300247 94.09300232 7.92699957
v 38.48800278 95.01699829 7.98499966
v 41.26300049 157.69100952 32.95100021
v 42.19400024 156.67500305 33.56799698
v 42.18700027 158.10600281 33.07299805
v 43.27199936 158.91799927 33.04999924
v 43.96100235 159.93600464 32.84399796
v 43.20700073 161.09400940 32.06999969
v 44.11299896 162.52799988 31.53499985
v 44.45100021 163.57200623 30.70999908
v 45.72500229 164.66200256 30.60400009
v 44.33600235 164.49299622 29.40399933
v 45.31800079 165.57699585 28.88799858
v 44.56100082 165.11700439 28.67399979
v 44.49200058 166.00500488 27.03400040
v 43.60000229 164.60000610 28.32499886
v 43.21300125 164.55200195 27.90699959
v 43.33399963 164.04499817 28.88199997
v 42.18400192 163.60600281 28.16499901
v 42.91500092 163.11799622 29.73999977
v 41.32900238 161.82800293 29.70399857
v 42.15600204 161.41900635 30.98099899
v 40.52300262 160.40100098 30.57399940
v 42.38600159 159.54600525 32.52799988
v 40.98699951 159.10600281 32.03899765
v 39.81800079 157.11599731 32.61899948
v 41.00099945 156.80099487 33.19199753
v 40.26700211 156.09399414 33.24800110
v 41.06100082 155.44900513 33.65999985
v 39.63400269 155.46099854 33.27799988
v 39.03700256 154.97900391 33.26499939
v 38.15600204 155.72300720 32.50399780
v 37.21700287 76.73799896 24.41799927
v 37.53900146 77.76800537 24.09499931
v 37.54000092 76.95300293 23.68799973
v 37.70300293 78.26900482 23.95299911
v 37.99000168 77.01100159 22.21500015
v 36.50500107 60.95100021 20.71699905
v 38.93700027 143.27999878 0.67699885
v 37.27500153 145.87400818 1.23499894
v 38.75099945 102.75700378 31.98899841
v 39.88800049 101.82199860 30.37099838
v 39.33200073 100.55200195 30.49399948
v 38.67900085 80.61599731 18.01299858
v 38.34300232 79.99600220 16.26799965
v 37.83000183 79.63100433 14.08299923
v 37.37500000 77.90000153 13.33699894
v 39.65600204 85.56600189 20.98299980
v 39.35700226 85.36399841 23.03800011
v 38.94800186 86.32600403 24.74399948
v 38.26499939 85.43099976 25.79899788
v 38.20899963 86.80699921 26.43499947
v 37.07300186 84.86399841 27.57299805
v 36.95800018 66.12300110 19.81599998
v 37.10200119 68.21299744 20.37299919
v 36.92600250 66.61800385 21.01799965
v 38.11000061 81.17400360 24.19999886
v 38.72800064 159.09700012 9.80499935
v 38.96100235 160.32400513 10.95499897
v 40.30599976 107.83799744 32.34499741
v 39.00400162 107.46099854 33.37500000
v 37.43700027 161.63299561 23.32899857
v 41.44700241 135.03500366 1.09799957
v 42.60000229 112.96299744 32.10199738
v 41.32400131 112.62100220 33.16099930
v 39.98900223 113.22700500 34.36800003
v 39.83200073 143.97500610 35.71899796
v 40.07100296 142.32299805 35.91199875
v 41.65000153 141.86000061 35.98099899
v 37.50799942 75.39299774 23.05199814
v 45.62600327 145.86999512 35.67399979
v 43.84500122 146.03599548 35.67399979
v 42.97500229 147.25300598 35.51900101
v 41.25699997 148.88699341 35.19599915
v 39.42399979 149.17800903 34.91600037
v 39.77500153 92.43700409 12.73199940
v 39.99399948 91.23400116 14.46999931
v 40.65100098 91.91300201 16.63299942
v 40.97999954 92.04900360 18.44599915
v 41.52600098 93.74900055 19.67199898
v 41.16099930 92.24200439 20.26899910
v 41.05599976 91.81700134 21.53599930
v 40.60000229 90.68499756 22.69399834
v 40.16099930 89.44100189 23.29299927
v 39.82600021 90.39199829 24.91699982
v 39.59600067 89.21099854 24.80399895
v 38.87599945 88.63700104 25.97499847
v 39.37599945 98.99300385 7.75999928
v 40.84300232 102.64199829 8.20699883
v 40.22299957 104.31200409 6.98399925
v 38.89400101 104.99700165 5.92199898
v 40.09700012 105.89500427 6.51799870
v 41.42300034 105.29399872 7.81499958
v 41.27500153 104.41300201 7.97699928
v 42.00600052 103.95600128 9.79699898
v 40.94000244 103.46199799 7.98399925
v 38.27000046 80.91000366 15.15599918
v 37.68400192 74.30899811 17.43699837
v 37.47299957 71.87100220 18.48600006
v 37.28900146 69.79700470 19.94299889
v 40.92800140 162.84199524 27.60799789
v 42.21200180 164.02000427 27.50599861
v 41.48600006 164.08500671 26.34000015
v 42.17200089 164.43899536 26.76999855
v 42.85700226 165.37600708 25.90399933
v 42.93799973 164.62399292 27.43099976
v 39.87500000 159.48899841 30.84599876
v 39.03700256 157.98500061 31.48599815
v 40.25200272 106.37300110 31.85399818
v 40.08900070 107.28900146 32.35300064
v 44.42000198 118.04000092 32.48600006
v 44.90200043 117.28400421 31.69499969
v 45.44700241 118.58599854 31.73899841
v 46.15000153 118.29299927 30.86299896
v 46.16300201 119.13600159 31.29299927
v 47.02899933 118.92700195 30.21999931
v 46.91900253 120.04499817 30.97799873
v 48.45500183 121.38500214 29.97799873
v 46.93300247 120.71400452 31.31999969
v 47.27799988 121.90399933 31.59700012
v 45.77500153 121.23899841 32.65900040
v 46.16800308 123.42900085 33.29800034
v 44.44800186 121.92200470 34.00399780
v 44.26300049 123.17800140 34.57399750
v 42.92000198 121.80799866 35.00399780
v 42.22400284 123.36100006 35.81100082
v 41.79199982 121.22599792 35.47299957
v 40.33700180 122.00600433 36.21999741
v 38.77799988 122.60600281 36.44800186
v 47.43600082 149.33799744 35.38799667
v 45.33200073 149.96200562 35.29999924
v 43.74400330 150.30400085 35.20100021
v 41.53400040 150.68400574 34.93099976
v 40.04700089 150.85600281 34.68299866
v 38.42200089 150.76100159 34.35899734
v 45.34300232 148.60600281 35.45199966
v 42.69100189 149.05299377 35.28899765
v 59.47200012 137.65600586 7.31599903
v 61.15000153 138.47399902 8.77199841
v 59.93500137 138.54400635 6.98199940
v 60.81399918 139.35899353 7.13799906
v 60.15600204 139.13299561 6.71899891
v 61.17200089 140.06700134 6.75099897
v 59.61400223 140.08599854 5.80799961
v 60.94599915 141.45899963 5.76599979
v 58.80800247 141.41200256 4.84199905
v 59.40000153 142.61399841 4.56099939
v 57.02700043 141.86300659 3.89899969
v 58.34300232 144.01499939 3.50499892
v 57.07000351 144.50900269 2.87699890
v 56.94800186 146.01899719 2.30399895
v 54.96500015 144.98300171 2.08499932
v 54.44400024 146.64500427 1.46799910
v 52.76100159 145.02499390 1.51699972
v 51.87900162 147.08700562 0.88399833
v 50.50799942 146.00399780 0.90099871
v 50.33000183 148.70800781 0.52099860
v 48.87100220 146.34700012 0.68200004
v 48.35900116 147.89500427 0.50599873
v 46.69900131 147.29400635 0.49399957
v 46.62000275 149.29199219 0.46299958
v 44.88700104 148.66099548 0.52700007
v 44.39699936 150.70599365 0.70899910
v 42.91300201 148.53399658 0.66899884
v 42.77700043 150.42700195 0.86299890
v 41.37300110 149.50700378 0.95899963
v 40.02199936 149.02299500 1.16799963
v 38.95899963 162.16500854 25.51899910
v 38.50900269 161.97399902 25.01399994
v 38.75699997 85.44799805 14.03999901
v 43.08399963 112.32299805 6.94099903
v 42.46500015 114.09200287 6.01699924
v 43.88300323 114.14199829 6.95799923
v 43.55500031 115.32099915 6.37099886
v 44.63199997 116.48899841 6.70599937
v 42.84700012 116.18399811 5.67299986
v 43.06800079 117.66300201 5.37199879
v 41.53200150 115.90100098 4.99199867
v 41.33500290 117.59200287 4.45999956
v 46.90500259 126.78700256 34.10599899
v 45.18099976 126.42200470 35.05300140
v 43.68700027 124.88999939 35.41799927
v 42.77099991 126.29100037 36.08200073
v 41.68899918 124.86199951 36.18599701
v 40.41500092 123.72399902 36.29000092
v 39.60400009 125.91699982 1.96099937
v 39.93199921 86.93199921 20.92700005
v 40.35200119 88.91500092 20.87599945
v 40.04299927 87.83699799 22.05799866
v 39.80500031 88.34799957 23.61699867
v 39.29100037 88.19899750 24.94799995
v 39.16500092 87.19400024 24.67299843
v 44.46900177 127.55100250 3.41099977
v 44.26100159 128.65100098 3.07499886
v 43.31399918 130.01899719 2.35299945
v 42.65999985 131.70599365 1.81599891
v 40.84799957 133.14500427 1.22899938
v 43.01700211 135.00700378 1.40399957
v 43.03200150 133.60499573 1.62199879
v 46.24399948 119.91500092 31.60499954
v 44.67399979 120.07800293 33.09000015
v 43.63800049 119.44799805 33.69999695
v 42.67800140 119.93700409 34.56299973
v 40.19400024 164.46000671 15.12399960
v 40.07200241 164.90200806 16.67899895
v 39.47000122 164.42999268 17.20299911
v 40.35800171 165.17500305 16.95499992
v 40.16400146 164.92399597 19.01099968
v 41.05599976 165.78300476 18.02199936
v 41.45899963 165.94500732 20.05099869
v 42.72900009 167.10299683 18.35400009
v 43.41200256 167.42700195 20.39299965
v 44.28600311 168.23600769 19.14599991
v 45.19499969 168.70100403 20.62199974
v 45.54899979 169.16099548 18.46599960
v 46.66800308 169.66500854 20.75000000
v 46.75600052 169.98300171 17.83899879
v 47.67000198 170.41000366 19.85400009
v 48.61700058 171.16899109 17.99499893
v 49.35800171 171.41600037 20.00599861
v 50.33100128 172.15899658 18.30200005
v 51.30800247 172.47999573 20.20599937
v 51.79600143 172.92500305 18.26499939
v 53.11299896 173.48699951 19.59999847
v 53.70899963 173.91099548 17.53499985
v 55.62900162 174.64500427 18.98999977
v 55.14200211 174.54200745 17.02999878
v 56.49900055 175.08999634 17.41300011
v 57.08900070 175.33499146 16.23899841
v 58.22000122 175.70199585 18.11599922
v 59.54400253 176.19900513 17.63699913
v 59.46400070 175.94099426 20.13899994
v 61.15399933 176.47799683 20.12099838
v 59.84700012 175.81300354 21.59199905
v 61.79700089 176.25100708 22.33899879
v 59.43099976 175.15899658 23.51599884
v 61.80100250 175.64199829 24.16599846
v 60.68199921 174.70300293 25.68999863
v 63.09300232 175.34300232 25.56499863
v 61.85100174 174.05799866 27.34399986
v 63.10300064 174.39799500 27.22499847
v 62.44100189 174.06900024 27.50099945
v 63.25699997 172.69700623 28.53999901
v 61.69500351 172.89799500 28.48299980
v 62.22200012 171.44100952 29.28899956
v 60.14100266 172.18299866 28.97899818
v 60.54400253 170.35899353 29.95999908
v 39.79600143 164.19699097 21.74899864
v 41.45600128 165.45899963 22.76799965
v 42.58600235 166.51699829 21.95499992
v 43.24300003 166.16799927 24.60199928
v 44.35499954 167.27700806 23.79699898
v 45.29800034 167.39700317 25.19699860
v 46.12500000 168.69500732 23.05499840
v 46.88999939 168.41699219 25.41899872
v 47.63100052 169.52499390 23.55500031
v 48.93199921 169.44300842 25.98499870
v 49.56700134 170.46099854 24.31499863
v 50.35300064 170.32200623 25.93700027
v 51.17399979 171.41699219 24.15499878
v 52.14900208 171.36199951 25.81999969
v 52.70299911 172.07099915 24.63499832
v 53.79700089 171.86599731 26.61699867
v 53.79600143 172.73699951 24.30999947
v 55.38100052 172.79499817 26.05699921
v 54.51900101 173.39900208 23.21699905
v 55.71699905 173.77400208 23.73299980
v 53.63999939 173.43499756 21.30299950
v 56.13700104 174.51699829 21.32699966
v 54.88999939 174.13600159 20.46199989
v 41.10300064 147.97099304 0.81099939
v 39.62700272 86.80999756 23.14299965
v 40.57300186 100.94200134 29.09399986
v 40.69400024 163.40299988 26.24499893
v 41.05100250 164.63400269 24.14200020
v 41.29600143 164.70500183 13.80699921
v 41.55200195 163.91299438 12.32899952
v 43.06100082 165.42300415 12.60999870
v 42.79299927 164.17900085 11.25699902
v 44.56100082 164.77799988 10.10599899
v 44.30800247 163.63900757 9.00000000
v 46.45400238 164.73500061 8.22299862
v 45.57800293 163.26899719 7.37199926
v 47.24900055 163.84500122 6.54499865
v 46.25099945 162.47700500 6.00199938
v 47.86199951 162.49899292 4.71899939
v 45.66400146 161.18099976 5.17899895
v 47.33900070 161.06199646 3.79499888
v 47.79600143 160.07901001 2.52999926
v 49.17700195 159.74200439 1.65099931
v 49.12500000 158.89799500 1.33899879
v 39.89800262 105.77500153 31.97099876
v 41.06299973 99.03800201 11.36399937
v 41.10300064 97.72299957 12.62799931
v 41.82600021 98.35600281 14.38199902
v 41.50500107 110.03700256 32.00899887
v 41.72700119 110.96299744 32.16399765
v 42.05000305 111.82900238 32.19499969
v 40.68799973 90.42099762 21.03199959
v 40.52600098 89.81500244 19.44199944
v 40.25000000 89.26599884 17.85199928
v 40.02300262 89.95100403 15.77699947
v 40.47900009 90.64099884 17.30900002
v 41.65999985 96.39299774 16.02199936
v 41.31700134 96.36800385 14.64899921
v 49.64200211 171.76899719 15.98499966
v 47.79600143 170.63400269 16.56199837
v 48.47999954 170.72500610 14.70999908
v 47.60900116 170.24499512 14.95899963
v 48.35200119 169.75799561 12.91899967
v 46.40299988 169.23100281 14.48799896
v 46.98699951 168.18299866 12.06499958
v 45.37599945 168.11100769 13.83499908
v 44.73200226 166.49600220 12.19799900
v 44.15600204 167.19900513 13.97099972
v 42.72600174 166.26399231 14.37999916
v 41.48500061 165.64199829 15.13799953
v 40.90700150 165.62200928 16.78100014
v 46.52400208 143.23800659 0.79099834
v 45.21300125 143.72599792 0.61599910
v 46.24900055 145.67800903 0.55800009
v 43.79899979 145.83700562 0.51399881
v 43.93700027 147.18899536 0.52499956
v 44.56900024 162.25900269 7.21299934
v 43.23699951 162.25099182 8.46299934
v 42.62100220 162.93200684 9.92099953
v 41.63199997 134.97200012 36.36000061
v 42.65600204 134.05900574 36.32600021
v 42.59400177 132.32800293 36.34399796
v 44.36600113 134.08700562 36.17199707
v 44.72400284 131.76699829 36.08499908
v 45.74900055 133.80099487 35.99199677
v 46.57800293 132.68299866 35.81800079
v 47.05599976 134.66400146 35.81399918
v 48.19400024 133.10299683 35.25999832
v 49.17200089 135.07099915 35.25400162
v 49.97200012 132.71499634 34.16799927
v 50.68199921 134.04600525 34.14099884
v 51.56399918 132.20599365 32.78300095
v 52.32500076 134.02400208 32.96899796
v 52.71100235 131.89799500 31.64299965
v 53.56600189 133.14700317 31.50199890
v 54.21100235 132.30900574 30.43499947
v 54.42100143 133.07699585 30.66199875
v 54.93000031 133.64100647 30.48099899
v 54.27000046 134.45100403 31.53999901
v 55.38800049 134.31700134 30.40499878
v 55.70700073 135.71600342 30.88800049
v 55.80400085 134.75100708 30.22599983
v 56.47900009 135.64900208 30.08600044
v 57.16500092 134.95700073 28.79299927
v 57.21799850 136.25500488 29.66799927
v 57.68700027 136.83900452 29.56499863
v 56.88700104 136.61399841 30.26199913
v 56.42600250 137.93899536 31.44199944
v 55.61300278 136.96699524 31.63599968
v 54.90600204 137.83200073 32.64199829
v 54.27300262 136.37399292 32.47100067
v 53.85100174 138.48199463 33.64899826
v 52.38899994 136.96499634 34.04199982
v 52.36999893 139.41900635 34.76599884
v 51.07200241 137.56700134 34.92399979
v 50.82900238 139.15600586 35.27700043
v 49.25799942 139.63000488 35.56599808
v 50.62700272 141.13000488 35.38100052
v 49.97000122 142.26400757 35.47100067
v 52.08300018 142.42799377 35.15999985
v 51.79899979 144.29200745 35.18099976
v 53.91400146 144.26499939 34.83899689
v 52.05099869 145.62600708 35.13299942
v 52.79500198 146.51699829 34.99399948
v 51.18600082 147.72200012 35.17800140
v 53.41300201 147.58099365 34.85900116
v 51.62699890 149.51699829 35.04100037
v 54.45200348 149.10200500 34.65100098
v 53.53499985 150.77200317 34.72700119
v 55.13500214 151.67999268 34.45700073
v 53.81400299 153.17500305 34.52700043
v 56.65999985 152.62899780 34.13000107
v 54.74900055 154.88600159 34.23600006
v 57.00199890 154.95600891 33.86899948
v 55.72399902 156.39100647 33.91400146
v 57.76600266 156.16299438 33.59099960
v 58.11600113 158.45100403 33.23699951
v 42.95899963 155.31100464 34.13899994
v 41.65200043 166.26499939 16.95299911
v 42.52199936 166.86700439 16.31999969
v 43.64800262 167.79499817 17.18899918
v 43.50099945 167.58500671 16.31599998
v 43.77700043 167.63900757 15.38699913
v 43.21700287 167.25099182 15.64999962
v 41.31500244 165.98500061 16.97699928
v 41.05500031 110.24100494 32.52999878
v 43.13600159 130.47099304 36.23999786
v 42.66400146 102.99099731 12.44599915
v 59.87599945 155.60899353 0.34599936
v 57.77500153 156.69999695 0.20999834
v 57.90000153 154.40299988 0.36599860
v 56.69600296 155.86300659 0.22799894
v 55.62500000 154.24600220 0.28499961
v 55.31600189 156.20899963 0.24599954
v 53.92900085 154.53700256 0.28299913
v 52.71200180 155.90499878 0.34999847
v 51.87900162 154.13699341 0.32499993
v 50.39099884 155.29499817 0.47099963
v 50.30300140 152.74499512 0.36499834
v 48.85100174 153.73800659 0.49399957
v 47.96699905 152.65299988 0.50699896
v 47.35700226 154.46299744 0.76099861
v 46.13000107 153.61599731 0.82499909
v 46.53499985 155.91000366 1.19799936
v 45.79899979 155.31700134 1.23399866
v 44.72500229 155.72300720 1.77099931
v 45.32400131 154.88999939 1.26199985
v 44.53100204 154.34100342 1.33199894
v 45.17300034 154.15000916 1.11099887
v 44.02300262 153.47799683 1.23299849
v 44.49700165 152.68800354 0.94299948
v 43.06900024 152.61500549 1.26300001
v 42.74200058 151.84100342 1.14799845
v 43.05700302 99.35900116 23.17099953
v 42.60800171 98.15599823 23.27099991
v 42.20700073 96.75299835 23.03999901
v 41.90800095 97.18700409 24.39999962
v 41.59200287 96.05300140 24.34700012
v 47.21500015 146.47700500 35.58100128
v 45.62200165 147.54899597 35.54999924
v 42.34400177 112.46700287 32.15299988
v 42.31200027 98.27100372 24.25499916
v 42.50900269 109.38500214 7.42299938
v 43.02300262 110.56400299 7.46499920
v 43.60600281 111.05200195 7.92999935
v 43.90800095 111.98500061 7.86899948
v 44.08200073 112.67500305 7.72699881
v 44.45300293 113.43000031 7.78599930
v 44.94300079 114.49400330 7.84599972
v 45.28100204 115.59899902 7.65899944
v 44.46100235 167.88800049 22.08199883
v 49.03300095 170.90100098 21.56799889
v 49.08399963 170.52999878 23.08499908
v 51.31500244 172.07600403 22.17099953
v 51.37900162 135.55400085 34.18700027
v 49.66400146 137.00100708 35.39599991
v 47.85200119 138.12699890 35.74800110
v 47.57699966 135.82200623 35.76499939
v 46.40200043 137.67399597 35.93500137
v 45.76300049 136.02200317 36.01200104
v 44.67000198 137.07400513 36.09399796
v 43.57900238 135.67100525 36.23299789
v 43.21200180 109.90900421 7.97199917
v 42.91600037 108.96199799 8.05799961
v 42.38400269 108.06400299 7.83899879
v 49.11299896 117.86900330 26.36999893
v 48.61300278 116.89500427 26.37299919
v 47.80400085 116.83300018 27.68699837
v 47.72000122 115.46600342 26.75599861
v 46.29800034 115.01200104 28.69399834
v 46.57699966 113.74200439 27.31200027
v 45.58300018 113.98999786 29.08799934
v 45.84000015 112.30400085 27.51499939
v 44.93600082 113.04900360 29.42999840
v 45.26200104 110.75199890 27.39699936
v 44.48000336 111.17099762 28.91899872
v 44.01500320 108.83399963 28.21599960
v 43.13999939 107.59400177 28.82599831
v 46.10400009 108.80000305 17.80499840
v 46.18099976 108.45999908 19.70699883
v 45.33700180 106.37200165 18.88199997
v 45.61000061 106.77400208 20.76199913
v 44.80800247 104.65200043 19.76499939
v 45.04000092 105.09300232 21.30699921
v 44.60900116 103.70800018 21.88899994
v 44.80300140 104.75500488 23.24399948
v 44.45600128 104.56300354 24.06499863
v 44.98100281 105.80500031 23.66499901
v 44.49800110 105.40399933 24.74199867
v 45.01100159 106.32700348 24.14399910
v 44.83100128 106.27200317 24.61699867
v 44.98100281 107.44400024 25.35799980
v 44.20900345 105.86499786 25.88499832
v 44.01800156 107.06500244 27.12299919
v 43.36899948 105.56600189 27.31200027
v 45.28900146 106.81400299 17.50299835
v 45.63299942 108.76000214 15.56799889
v 44.99100113 107.16799927 15.38799953
v 44.63999939 107.65299988 13.43399906
v 44.06100082 105.20800018 14.53299904
v 43.99600220 106.36100006 12.99699974
v 43.11300278 104.46400452 12.32799911
v 43.25799942 106.13899994 11.14699936
v 44.46800232 104.10800171 18.23600006
v 44.15700150 104.22399902 16.28499985
v 44.05000305 138.67199707 36.09899902
v 50.00500107 124.59500122 30.23299980
v 50.13600159 125.76100159 30.82899857
v 49.44000244 125.05100250 31.11799812
v 48.91400146 124.63300323 31.41699982
v 48.27300262 125.60099792 32.52000046
v 47.68799973 123.65000153 32.09099960
v 47.28300095 125.53199768 33.31100082
v 45.71400070 124.91600037 34.20399857
v 43.07200241 103.29800415 26.45699883
v 43.16200256 102.33599854 25.56799889
v 43.87800217 103.81600189 25.02699852
v 43.80300140 103.03300476 24.51899910
v 44.26000214 103.63100433 23.74499893
v 44.14400101 102.88300323 23.44199944
v 43.85800171 102.40900421 23.78399849
v 44.31399918 104.77500153 24.67499924
v 47.17200089 156.64100647 1.23099983
v 43.93799973 156.32699585 2.50799942
v 44.31500244 108.56999969 11.57999897
v 45.22700119 109.16300201 13.46399879
v 46.69900131 169.75399780 15.53099918
v 46.06900024 169.42599487 16.07999992
v 45.62500000 168.97999573 15.42899895
v 44.76800156 168.43299866 15.67199898
v 44.81100082 168.58700562 17.03999901
v 46.47000122 151.85699463 0.58999842
v 65.06300354 174.97099304 7.81899881
v 64.00000000 173.67800903 6.76299906
v 63.65700150 174.93400574 8.42099953
v 62.43600082 172.99099731 6.71499968
v 61.88100052 173.93901062 8.13099957
v 60.47399902 173.19000244 8.02999878
v 59.98100281 174.06500244 9.43499947
v 59.63700104 172.36599731 7.50499964
v 58.46500015 173.02299500 9.04699898
v 57.87600327 172.50799561 8.77399921
v 58.08900070 173.18400574 9.51099873
v 57.07400131 173.06300354 10.07399940
v 57.69300079 173.77699280 10.66099930
v 56.64500046 173.23899841 10.66899872
v 56.13199997 173.69799805 11.78899956
v 55.71699905 172.72099304 10.61199951
v 54.55100250 172.73500061 11.55699921
v 54.50200272 171.61500549 9.99699879
v 53.57200241 172.17100525 11.54999924
v 53.07900238 170.35299683 9.47499943
v 52.07500076 170.96299744 11.06299973
v 51.41600037 169.66000366 9.87399960
v 50.09400177 170.19200134 11.73099899
v 51.14800262 168.62699890 8.83799839
v 49.27900314 168.10700989 9.73899937
v 49.30300140 167.10699463 8.50999928
v 47.36700058 166.92700195 10.01999950
v 46.84500122 165.73200989 9.01999855
v 45.71200180 165.90600586 10.33299923
v 47.37500000 113.66600037 25.70399857
v 46.73500061 112.10700226 25.67499924
v 46.64800262 110.89600372 24.48999977
v 46.29299927 110.10800171 24.59499931
v 46.02500153 108.81400299 23.86199951
v 45.86600113 109.31600189 24.93099976
v 45.61000061 108.18399811 24.40599823
v 45.45400238 109.24700165 25.91900063
v 44.74600220 108.93000031 27.08599854
v 46.32500076 167.45599365 26.65799904
v 48.13500214 168.64700317 26.70699883
v 49.09799957 168.65400696 27.87699890
v 50.65700150 169.69700623 27.63399887
v 50.50500107 168.72700500 29.14799881
v 51.25200272 169.32499695 28.86100006
v 51.81500244 169.25199890 29.31599808
v 52.41799927 169.64799500 29.15899849
v 53.30599976 170.03700256 29.17599869
v 54.51499939 170.79699707 28.85400009
v 55.84099960 170.38000488 29.82199860
v 55.61000061 171.41400146 28.60899925
v 56.63500214 171.59500122 28.81299973
v 56.52199936 172.48699951 27.53099823
v 57.30200195 171.90600586 28.68000031
v 58.40500259 172.77200317 27.97799873
v 58.39699936 172.17900085 28.70699883
v 59.21699905 172.60400391 28.44599915
v 43.67200089 101.85400391 23.71299934
v 48.49000168 131.71299744 3.91099882
v 49.28800201 132.85299683 3.87699890
v 48.28599930 134.08000183 3.16999936
v 49.61800003 135.23600769 3.31499887
v 47.54300308 135.84899902 2.38999915
v 48.56200027 137.39399719 2.30299950
v 47.00799942 137.63000488 1.84199953
v 45.75699997 116.86599731 30.56799889
v 57.15800095 135.24899292 7.00199890
v 57.67800140 136.08999634 6.84199953
v 57.59799957 137.47399902 6.03899908
v 55.74300003 137.15100098 5.27899885
v 56.54100037 138.71299744 4.99099970
v 54.35800171 138.08599854 4.28799915
v 55.49700165 140.04499817 4.01699924
v 54.13199997 139.58799744 3.63699913
v 53.61500168 141.49800110 2.81899881
v 52.33700180 141.08500671 2.54199934
v 51.76800156 143.45899963 1.67199969
v 50.04000092 142.19700623 1.56799889
v 50.18700027 144.35800171 1.15099919
v 48.26300049 143.58000183 0.97499973
v 46.13400269 111.41799927 26.40499878
v 44.78499985 105.77300262 16.69399834
v 46.29100037 150.58799744 0.52499956
v 48.36100006 151.14799500 0.42699838
v 48.82100296 149.53599548 0.43400005
v 50.63600159 150.76000977 0.38800016
v 51.53700256 149.13900757 0.55000001
v 53.31700134 148.19099426 0.87600017
v 54.85300064 148.29499817 1.11299944
v 56.17100143 147.79299927 1.53899932
v 56.12300110 149.44999695 1.03299880
v 57.91600037 148.65200806 1.67099941
v 58.19200134 149.81199646 1.35499895
v 60.18000031 149.35200500 1.98899961
v 59.09299850 150.70100403 1.27799904
v 61.52000046 151.08000183 1.71699929
v 59.26600266 152.10000610 0.93199873
v 60.70600128 152.84399414 1.00899863
v 59.33600235 153.62300110 0.61499888
v 61.28800201 154.17399597 0.76899862
v 62.51700211 155.19300842 0.71899962
v 63.43700027 156.69700623 0.54699928
v 62.69400024 158.03900146 0.27799979
v 64.83800507 157.40400696 0.54699928
v 64.14399719 159.08900452 0.25899893
v 66.29199982 158.08599854 0.58299863
v 66.73500061 160.08700562 0.34699962
v 67.95000458 159.01499939 0.63799882
v 69.90299988 159.91099548 0.79699981
v 69.51699829 157.85499573 1.22199953
v 71.43600464 157.65899658 1.82299972
v 71.63500214 156.38800049 2.35599923
v 72.66999817 158.63400269 1.88099968
v 74.29100037 157.98399353 2.65399933
v 73.67600250 159.83799744 1.76499879
v 75.88700104 159.32000732 2.67099953
v 75.40599823 160.57400513 2.06699967
v 77.19800568 161.49000549 2.28599930
v 75.77400208 162.18000793 1.68099904
v 76.54100037 164.05799866 1.49999928
v 75.04900360 163.37200928 1.27499926
v 75.29799652 165.86000061 1.10299885
v 73.17900085 165.23100281 0.81899947
v 74.04700470 166.92999268 0.93499947
v 47.32400131 113.74099731 14.15899944
v 47.62599945 115.31200409 12.94499874
v 48.56800079 117.90299988 12.09699917
v 48.91300201 119.77000427 10.60299873
v 47.72700119 118.96600342 8.90399933
v 48.51800156 120.68599701 8.70699883
v 47.41300201 119.77700043 7.67899942
v 47.49100113 120.70600128 7.24699926
v 46.44800186 120.43700409 6.57099962
v 49.88700104 168.01000977 29.65699959
v 49.00000000 167.77400208 29.26699829
v 47.56399918 167.67799377 27.87899971
v 48.19700241 167.07800293 29.54800034
v 47.42700195 166.87699890 29.03099823
v 46.89100266 166.07699585 29.72399902
v 45.99600220 166.50000000 28.10099983
v 48.40100098 165.65400696 7.56199932
v 49.30900192 165.19999695 6.34199953
v 48.77000046 163.68600464 5.18199873
v 50.51399994 165.07699585 5.31399918
v 50.77400208 164.23899841 4.26599932
v 52.67900085 164.88000488 3.62699938
v 51.32600021 163.47000122 3.16999936
v 53.67500305 163.97000122 2.22499943
v 51.48800278 162.46600342 2.22099948
v 53.23400116 162.33900452 1.43099952
v 52.52600098 161.64700317 1.36499941
v 52.41400146 160.54699707 1.02999997
v 51.54700089 160.95500183 1.35599911
v 50.86500168 159.96600342 1.19199979
v 50.30400085 159.95899963 1.33799946
v 60.35599899 133.76300049 19.78999901
v 59.53200150 132.71000671 20.52099991
v 60.06200027 134.01399231 22.09599876
v 58.91400146 132.39300537 22.34399986
v 59.03700256 133.70899963 24.51399994
v 58.13800049 132.36900330 24.58499908
v 57.83399963 133.35299683 26.44399834
v 57.05400085 131.29200745 25.48299980
v 56.39699936 131.60499573 26.98600006
v 55.78700256 129.93699646 26.34099960
v 54.89200211 130.43699646 28.18799973
v 54.24499893 129.07400513 27.95799828
v 53.70000076 129.84800720 29.35400009
v 52.80300140 129.18499756 29.98200035
v 51.62000275 128.50399780 30.88199997
v 51.89300156 129.08700562 30.92300034
v 50.90800095 129.00100708 31.81899834
v 52.15600204 129.95399475 31.15599823
v 50.32600021 129.81800842 32.73500061
v 50.41900253 131.25799561 33.30899811
v 47.89900208 131.40200806 34.96500015
v 51.91400146 171.53500366 12.08899879
v 53.01399994 172.69200134 12.99999905
v 52.16699982 172.21000671 12.96999931
v 51.19200134 172.21600342 14.21299934
v 51.21400070 171.66200256 13.00399876
v 49.83700180 171.01499939 13.40799904
v 48.47500229 168.65899658 11.20299911
v 45.67900085 166.91300964 11.71099949
v 45.42399979 107.47800446 24.16699982
v 45.42200089 106.23899841 22.70100021
v 46.27199936 108.50299835 21.24199867
v 48.01100159 118.91799927 28.95499992
v 46.79500198 116.79900360 29.15099907
v 51.71400070 151.25799561 34.92800140
v 51.32900238 152.83399963 34.81200027
v 51.51100159 154.04299927 34.67300034
v 52.80400085 154.97300720 34.44299698
v 51.06000137 155.46000671 34.51499939
v 52.93000031 157.08000183 34.13800049
v 51.16100311 156.94400024 34.28300095
v 51.53800201 158.93400574 33.91999817
v 49.89699936 157.18699646 34.29699707
v 49.62300110 159.43099976 33.82899857
v 48.53000259 157.01100159 34.32799911
v 47.44300079 158.22999573 33.99900055
v 46.85499954 156.81100464 34.29299927
v 49.12900162 155.05999756 34.66600037
v 46.97400284 118.90900421 7.72199965
v 49.77500153 167.06599426 30.64999962
v 48.00200272 166.57200623 30.06599998
v 48.04199982 165.56800842 31.17599869
v 46.35300064 165.52500916 29.99099922
v 46.16699982 108.45100403 22.65699959
v 56.80200195 166.24899292 31.79299927
v 55.11600113 166.66000366 31.71399879
v 55.60800171 165.29600525 32.15499878
v 53.97800064 165.14799500 32.23099899
v 55.15900040 163.88700867 32.55299759
v 53.45200348 163.56500244 32.72999954
v 54.93900299 161.88200378 33.02399826
v 53.44300079 161.50900269 33.25899887
v 54.05100250 159.32200623 33.65999985
v 52.41900253 160.11900330 33.63100052
v 50.35200119 161.01899719 33.45100021
v 47.90999985 159.97599792 33.59000015
v 46.30599976 160.93400574 32.95899963
v 47.30500031 161.04100037 33.12500000
v 48.21900177 161.11000061 33.25500107
v 48.68000031 164.42399597 31.97200012
v 49.88100052 130.93499756 4.84099913
v 49.67900085 129.22200012 5.40399933
v 48.38800049 126.00000000 5.83299923
v 49.33600235 125.45999908 6.59099960
v 50.66300201 121.99700165 27.31899834
v 50.84099960 123.38800049 28.23199844
v 49.69900131 122.15000153 28.89899826
v 49.27000046 123.17500305 30.17799950
v 48.11300278 122.68499756 31.14799881
v 57.46599960 151.97999573 0.68499893
v 56.87300110 150.69200134 0.86699986
v 55.50799942 151.52700806 0.53899920
v 54.87100220 150.06399536 0.71300006
v 53.78699875 151.07499695 0.46099907
v 53.01900101 150.00199890 0.52599978
v 52.24600220 152.12800598 0.33799931
v 56.16699982 132.49800110 28.13699913
v 54.83800125 131.99200439 29.51499939
v 53.63400269 131.41999817 30.49600029
v 53.00600052 130.51400757 30.60599899
v 53.88999939 128.75799561 9.54999924
v 53.77199936 127.79499817 10.57099915
v 52.47299957 126.60099792 9.60599899
v 53.46300125 126.38099670 11.86299896
v 52.44800186 124.98600006 11.66499901
v 53.30100250 124.99500275 13.66399956
v 51.36899948 122.94899750 12.20199966
v 52.17400360 122.92099762 14.31999874
v 50.80800247 121.20300293 13.38399887
v 52.10700226 121.97700500 15.98099899
v 51.09000015 120.32099915 15.72499943
v 52.01900101 120.99600220 18.12099838
v 51.01600266 119.50500488 17.37699890
v 50.65900040 118.40899658 18.85699844
v 50.32800293 118.61399841 16.34999847
v 49.60800171 117.08499908 16.66399956
v 49.10700226 117.59100342 14.01899910
v 48.89900208 116.22900391 15.68299961
v 48.29500198 115.84400177 14.12399960
v 47.97399902 114.10500336 16.05699921
v 55.92000198 172.24299622 9.79099941
v 54.69499969 170.32800293 8.26099873
v 52.99900055 168.70100403 7.51899910
v 50.74399948 166.79000854 7.01599932
v 50.18500137 119.39600372 14.44899940
v 49.43799973 119.36100006 12.42799950
v 49.84400177 120.97900391 11.23599911
v 49.26499939 121.54900360 9.13699913
v 48.23900223 121.51100159 7.59199905
v 51.32500076 119.79499817 22.96799850
v 51.53600311 120.27000427 23.10199928
v 50.52300262 119.63100433 25.15799904
v 50.68099976 120.75299835 26.12899971
v 49.88899994 120.81200409 27.53800011
v 48.87300110 120.47200012 28.80899811
v 50.70100021 133.91300964 4.13399935
v 52.53700256 132.57200623 5.57799911
v 54.46900177 133.25300598 6.27199936
v 55.68000031 133.08200073 7.28499889
v 55.90299988 132.05200195 8.85499954
v 57.27000046 132.64700317 10.35299969
v 57.29700089 131.76200867 11.79199982
v 58.45199966 132.30799866 13.49399948
v 58.87800217 132.09500122 15.30199909
v 58.16699982 130.86300659 16.10999870
v 57.97600174 130.30400085 17.66099930
v 58.50300217 131.10099792 19.17499924
v 49.87700272 116.78199768 22.47899818
v 50.17900085 117.19599915 20.22099876
v 49.49200058 115.95300293 19.69499969
v 49.41900253 116.18700409 18.14200020
v 48.64700317 114.34500122 19.20199966
v 48.78100204 115.29299927 17.07899857
v 48.27900314 113.88600159 18.03100014
v 49.62500000 162.44400024 3.35499930
v 48.83800125 161.23300171 2.83999920
v 50.19000244 161.07699585 1.92299950
v 48.24600220 113.18500519 20.68400002
v 48.86800003 114.53400421 21.69499969
v 48.79800034 123.71900177 31.03399849
v 48.75300217 123.21199799 30.78299904
v 49.33500290 119.31400299 27.19899940
v 49.35900116 115.60400391 22.00999832
v 53.06000137 138.60299683 3.57899904
v 49.64900208 124.60800171 7.25199938
v 70.97900391 177.96701050 18.53499985
v 69.09200287 178.15499878 18.29099846
v 70.68600464 177.78100586 19.97399902
v 69.15100098 177.67399597 20.73099899
v 71.20700073 177.46000671 21.39499855
v 69.93599701 177.29600525 22.31999969
v 70.96099854 176.87100220 23.20800018
v 69.21499634 176.72799683 24.00899887
v 70.42700195 176.01899719 24.71699905
v 69.11299896 176.21899414 24.84299850
v 69.84899902 175.35099792 25.56799889
v 68.04299927 175.23600769 26.15999985
v 69.40399933 174.36900330 26.40899849
v 68.55100250 174.31199646 26.69700050
v 69.36800385 173.53100586 26.82299995
v 68.75600433 173.33099365 27.08599854
v 69.17200470 172.71899414 27.22499847
v 68.41999817 172.37800598 27.58499908
v 69.88899994 171.67700195 27.41399956
v 69.23000336 170.82800293 27.90900040
v 69.76100159 170.74900818 27.74799919
v 69.78400421 170.10900879 27.93399811
v 70.47600555 170.40899658 27.59299850
v 70.79000092 169.69999695 27.68599892
v 71.50500488 169.94099426 27.34399986
v 72.04599762 169.26000977 27.30299950
v 72.51699829 169.34600830 27.08699989
v 73.15799713 168.64900208 26.96599960
v 73.09799957 169.64599609 26.74899864
v 74.95200348 169.57600403 25.81499863
v 73.54499817 171.16000366 26.07699966
v 75.38300323 171.06401062 25.11199951
v 73.47299957 173.34800720 25.23799896
v 75.36900330 173.09300232 24.27099991
v 74.35600281 174.90100098 23.86299896
v 75.76899719 174.39799500 23.28499985
v 74.56800079 175.52500916 23.25499916
v 75.46200562 175.48400879 22.71699905
v 74.84500122 176.36799622 22.09899902
v 75.51900482 176.52000427 21.41599846
v 74.33200073 176.99699402 21.25799942
v 74.48999786 177.43099976 19.58399963
v 72.63800049 177.57800293 20.08799934
v 72.52799988 177.88000488 18.21199989
v 70.89500427 178.11000061 16.93099976
v 69.57600403 178.38000488 16.08899879
v 67.74900055 178.29699707 17.13099861
v 69.22800446 178.40100098 14.62799931
v 66.87300110 178.13700867 15.87799931
v 66.53199768 178.03500366 14.32999897
v 64.95800018 177.76899719 15.57299900
v 64.40499878 177.50500488 13.38799953
v 63.48400116 177.40699768 15.43999958
v 62.81200027 177.15199280 14.28599930
v 61.75300217 176.90699768 15.61199951
v 61.52799988 176.67700195 13.74099922
v 59.56000137 176.19200134 14.98599911
v 59.83100128 176.07000732 13.61599922
v 57.70100021 175.47200012 14.69299889
v 57.71599960 175.05299377 13.17899895
v 56.06200027 174.75300598 14.45399952
v 55.05500031 173.66900635 12.82199955
v 54.21300125 173.81700134 14.22499943
v 52.78400040 173.35499573 15.26399899
v 50.93600082 172.51300049 16.12699890
v 50.16600037 171.65800476 14.39499950
v 49.58600235 171.32400513 14.43699932
v 61.19100189 164.07901001 0.55000001
v 62.29400253 166.12699890 0.95399845
v 60.70600128 165.73800659 1.01799893
v 60.31200027 166.94000244 1.67699909
v 58.97200012 165.43699646 1.23099983
v 59.08000183 166.48600769 1.79799926
v 58.21400070 166.16299438 1.89099932
v 57.82600021 167.61799622 3.29099965
v 56.85200119 166.33200073 2.60199881
v 55.99499893 166.73400879 3.44299889
v 54.89800262 165.46501160 2.81499887
v 54.24900055 166.66699219 4.47799921
v 52.83600235 166.55500793 5.28399944
v 50.87800217 132.19999695 4.86999941
v 54.58700180 174.26600647 15.59699917
v 52.23400116 173.19299316 16.93099976
v 54.05699921 143.09399414 2.42099905
v 55.61300278 141.96600342 3.34499955
v 57.92200089 140.26499939 4.95899916
v 52.08800125 170.57099915 27.51599884
v 52.63700104 172.56399536 22.96199989
v 53.13000107 135.77499390 33.09400177
v 50.32100296 122.35900116 10.51699924
v 55.60700226 153.01199341 0.35999900
v 53.89100266 152.51200867 0.33899957
v 53.19100189 129.21800232 7.85899925
v 52.40500259 127.99300385 7.97399902
v 51.54100037 124.24600220 10.68899918
v 60.88999939 134.48300171 19.70699883
v 61.50100327 135.69599915 21.15099907
v 60.67499924 135.30599976 23.02999878
v 62.21100235 137.13900757 22.38299942
v 61.78499985 137.14799500 23.60999870
v 62.97900009 138.56500244 23.09000015
v 62.02400208 138.69400024 25.34499931
v 63.24400330 139.52000427 24.05500031
v 62.77999878 140.15899658 25.79199982
v 64.03700256 141.23300171 24.94299889
v 62.53200150 141.13900757 27.07999992
v 63.75000000 142.91600037 27.08899879
v 61.88600159 141.96099854 28.55799866
v 62.61300278 143.16299438 28.63499832
v 61.79700089 142.60899353 29.11400032
v 62.02999878 143.83599854 29.67799950
v 60.70500183 141.91999817 29.76499939
v 60.59000015 143.52700806 30.82099915
v 59.42800140 141.36900330 30.66799927
v 59.19400024 143.21299744 31.81399918
v 58.22300339 141.62199402 31.83599854
v 57.53900146 143.38200378 33.05999756
v 57.00899887 141.67399597 32.77399826
v 55.95300293 141.90499878 33.53799820
v 55.57900238 139.82400513 33.01399994
v 54.05500031 142.17900085 34.66600037
v 53.38500214 141.00300598 34.69699860
v 53.00600052 122.47499847 19.25099945
v 53.27500153 123.09799957 18.03199959
v 53.81800079 123.80100250 20.23399925
v 54.45600128 124.84799957 19.76599884
v 54.30599976 124.87699890 22.29599953
v 55.09000015 125.89399719 20.79099846
v 55.08000183 126.21199799 22.28199959
v 55.72100067 127.12500000 21.81799889
v 55.36000061 126.88300323 22.83499908
v 55.97400284 127.99500275 22.99199867
v 55.16200256 127.41100311 24.44899940
v 56.12599945 129.20100403 24.70100021
v 54.88800049 128.17100525 26.07099915
v 62.56800079 171.22100830 4.66899967
v 61.16400146 171.26699829 5.40399933
v 59.91300201 169.94000244 4.59299898
v 58.42500305 170.15600586 5.65599918
v 58.27700043 169.66300964 5.19899940
v 56.66400146 170.02799988 6.57399940
v 56.44200134 168.28199768 4.79299927
v 54.92900085 168.79800415 6.33199883
v 54.85100174 167.66000366 5.10399866
v 59.47399902 162.26300049 0.40099955
v 58.81100082 160.37600708 0.24099834
v 57.66099930 162.48899841 0.66599995
v 57.26400375 160.89700317 0.44899994
v 55.84400177 162.75799561 0.95899963
v 54.58399963 161.63999939 0.89999849
v 53.91400146 166.45899963 31.76299858
v 53.05400085 165.78399658 31.97699928
v 52.21200180 165.60800171 31.98999977
v 52.23099899 164.76199341 32.32600021
v 54.52799988 157.24000549 33.97200012
v 55.64800262 159.99299622 33.36399841
v 56.77400208 158.80799866 33.41600037
v 57.87400055 160.58300781 32.92699814
v 59.49900055 161.14500427 32.54599762
v 54.04000092 125.30699921 24.09099960
v 53.70400238 124.12100220 23.00300026
v 53.75799942 123.85400391 21.98199844
v 54.38500214 127.41899872 12.34599876
v 54.65300369 126.80300140 13.98499870
v 54.94800186 126.36100006 15.92099953
v 53.57300186 124.42900085 15.70199966
v 54.01300049 124.49800110 17.21199989
v 64.68399811 149.45500183 30.44099998
v 62.82900238 148.56799316 31.46199799
v 64.38700104 148.14399719 30.00999832
v 63.79400253 146.94300842 29.85899925
v 65.36600494 147.90600586 28.97799873
v 64.36100006 145.76699829 28.53999901
v 65.17900085 146.55700684 28.25299835
v 64.75500488 145.58599854 27.98799896
v 65.27500153 144.97799683 26.89799881
v 64.20500183 144.65699768 27.91599846
v 63.57500076 145.00999451 28.85899925
v 62.91600037 144.02900696 28.89799881
v 63.02600098 145.74099731 29.87199974
v 61.70500183 145.43499756 30.88800049
v 60.13899994 145.07499695 31.96599960
v 58.32400131 145.07200623 33.19400024
v 56.71400070 144.53599548 33.92599869
v 55.13199997 143.08799744 34.37299728
v 60.87900162 173.42500305 27.90200043
v 60.42000198 173.63299561 27.46699905
v 59.80599976 172.98300171 28.16499901
v 58.88199997 173.83399963 26.44899940
v 57.21100235 173.52999878 25.95999908
v 54.71300125 171.55700684 27.92999840
v 53.41400146 170.60900879 28.48600006
v 54.09700012 163.05300903 1.50799942
v 55.04600143 163.87899780 1.62099957
v 56.18099976 164.17300415 1.39999950
v 56.63700104 165.10299683 1.74799931
v 57.46400070 165.38400269 1.63299966
v 54.96000290 132.52999878 6.93999863
v 54.36300278 131.65499878 7.03399897
v 53.95100021 127.55000305 27.00499916
v 54.11700058 126.42300415 25.52199936
v 53.34500122 123.34100342 22.66499901
v 55.45100021 133.28100586 29.69699860
v 55.73200226 143.67100525 2.75399899
v 57.79000092 153.53799438 33.83599854
v 58.79400253 151.74299622 33.66899872
v 57.40100098 150.39100647 34.04800034
v 58.78100204 148.90899658 33.74399948
v 56.20900345 149.44500732 34.32699966
v 56.49200058 147.61000061 34.31099701
v 55.19599915 146.06199646 34.55099869
v 56.95500183 146.05799866 34.10400009
v 58.78400040 146.45300293 33.37399673
v 60.67300034 146.75799561 32.31499863
v 62.26399994 147.01300049 31.21899986
v 60.69599915 168.13000488 2.45999908
v 60.20600128 167.88800049 2.44199944
v 60.07300186 168.82899475 3.35599947
v 59.50699997 167.83200073 2.67999887
v 58.73099899 168.66900635 3.89799953
v 59.53100204 171.12199402 6.13199902
v 58.44300079 170.49000549 6.02899981
v 57.88899994 171.02301025 6.95799923
v 55.68500137 170.32699585 7.58199930
v 62.11700058 175.18699646 9.71499920
v 61.06800079 175.78399658 11.51399899
v 59.13500214 174.30000305 10.37399960
v 59.54400253 175.31700134 11.91799927
v 58.19200134 174.67900085 11.86199951
v 53.78200150 172.69799805 12.21999931
v 55.66199875 126.76200104 18.73199844
v 55.00100327 125.76000214 18.22299957
v 54.65600204 125.62799835 22.64199829
v 56.68600082 161.59201050 32.91099930
v 56.76399994 163.46899414 32.46400070
v 58.44600296 162.45700073 32.49599838
v 57.91300201 164.41699219 32.11999893
v 59.81200027 163.59199524 32.07099915
v 59.46599960 165.75199890 31.61100006
v 78.68400574 158.40600586 4.04199982
v 79.12599945 157.59800720 4.76599932
v 78.36900330 157.00500488 4.76399899
v 78.45899963 156.50199890 5.46899891
v 77.67100525 156.29100037 4.98599911
v 77.10500336 155.66600037 5.16999865
v 76.87799835 156.60099792 4.31899929
v 76.21700287 155.25199890 4.90399933
v 75.39700317 155.69000244 4.20999908
v 75.32800293 154.57400513 4.94099951
v 74.11299896 155.76300049 3.61799908
v 74.39800262 154.13600159 4.73499966
v 72.91699982 154.35000610 3.94699907
v 72.49500275 153.61300659 4.15599918
v 71.03200531 154.44299316 3.13899946
v 70.86599731 152.66499329 4.01299906
v 68.96300507 154.06700134 2.53399920
v 69.15000153 152.53199768 3.40499926
v 67.30000305 152.31700134 2.86299920
v 67.88600159 151.00599670 3.72299933
v 66.19799805 150.33399963 3.43999910
v 67.90700531 149.10400391 4.73299885
v 65.93499756 148.82899475 4.08599901
v 66.14299774 147.54600525 4.80799913
v 64.32099915 148.55200195 3.60999918
v 64.71099854 146.16099548 4.97799921
v 63.35600281 147.41500854 3.80599976
v 62.50600052 145.91200256 4.23199940
v 62.11700058 147.82800293 3.17199898
v 61.38199997 146.37400818 3.56899953
v 60.06700134 147.75799561 2.54499912
v 59.75000000 146.49000549 2.94999957
v 57.95500183 147.32600403 2.14799953
v 57.67900085 130.97700500 23.46099854
v 56.67900085 129.18099976 22.98399925
v 56.55599976 128.65200806 22.14599991
v 55.98799896 127.32900238 20.66300011
v 57.14599991 171.98300171 8.57599926
v 57.62800217 172.05099487 8.35499954
v 58.53800201 171.61599731 7.24199867
v 58.67800140 135.05000305 26.83199883
v 57.56200027 134.30099487 27.73399925
v 61.19200134 141.59300232 29.03899956
v 61.00500107 140.87500000 28.73499870
v 61.18500137 140.02700806 27.87500000
v 60.53900146 140.87899780 29.23799896
v 59.88000107 140.01800537 29.37599945
v 59.64000320 140.60299683 30.02400017
v 59.10600281 139.60200500 29.90399933
v 57.68400192 140.12300110 31.52999878
v 57.83100128 138.49000549 30.48799896
v 56.91099930 138.93699646 31.55199814
v 60.14200211 148.28199768 33.13700104
v 61.48300171 149.39999390 32.71300125
v 57.57100296 174.43899536 23.91899872
v 57.78499985 175.07699585 21.69999886
v 57.80800247 175.40699768 19.66499901
v 58.40200043 136.99400330 6.80899906
v 58.99800110 138.20399475 6.46799898
v 58.48400116 139.08500671 5.73299932
v 56.96500015 129.13099670 21.50499916
v 59.51499939 163.96200562 0.71599895
v 58.08000183 164.22300720 0.96199846
v 56.95400238 163.73600769 1.04499984
v 68.33100128 156.82099915 1.27299881
v 66.88300323 156.22700500 1.14499962
v 67.63299561 154.98600769 1.75199938
v 65.71700287 154.33900452 1.53499937
v 66.21099854 152.71499634 2.31199908
v 63.83499908 152.20599365 1.88199902
v 64.50800323 150.25900269 2.87699890
v 62.11300278 149.39999390 2.51199961
v 60.97400284 137.86399841 26.16399956
v 60.27500153 138.66700745 27.88099861
v 59.88600159 136.72500610 26.67199898
v 59.42500305 137.97500610 28.42099953
v 58.75199890 136.64500427 28.14699936
v 58.36700058 137.62800598 29.36899948
v 60.23600006 169.58900452 4.03699923
v 58.35200119 167.91999817 31.10699844
v 58.31200027 166.38400269 31.57999992
v 66.44699860 146.40200806 5.63599920
v 67.39700317 146.99900818 5.82999945
v 67.66500092 146.03500366 7.54499912
v 68.96099854 147.57800293 7.00499964
v 68.86599731 146.31399536 8.98799992
v 70.39199829 147.71000671 9.07399845
v 69.26399994 145.97099304 10.42699909
v 70.70500183 147.19500732 10.85799980
v 70.24800110 146.41799927 11.74799919
v 70.91699982 147.06100464 11.84499931
v 70.45800018 146.39900208 12.54799938
v 71.48699951 147.35400391 13.11699963
v 70.38800049 146.08999634 13.84499931
v 70.87500000 146.45401001 15.36899948
v 69.59799957 145.06700134 14.85999966
v 69.51399994 144.92799377 16.61299896
v 68.21099854 143.60699463 14.64999962
v 68.18299866 143.41299438 16.72499847
v 67.20200348 142.31300354 15.85399914
v 66.46400452 141.60400391 15.00699902
v 65.83000183 140.86000061 15.01599884
v 65.18700409 140.13900757 14.98299885
v 64.34600067 139.28700256 14.30099964
v 64.65499878 140.14399719 12.91599941
v 63.17599869 138.78399658 12.18299961
v 64.29700470 140.43400574 11.40799904
v 62.78499985 139.54000854 10.05599880
v 63.59900284 140.75399780 9.46999931
v 62.20000076 140.05400085 8.18099880
v 63.72800064 141.81700134 7.89099932
v 61.75000000 140.75000000 6.78399944
v 62.05700302 141.46499634 6.43399906
v 61.79300308 142.65100098 5.53199911
v 60.01400375 143.74299622 4.27699947
v 59.83300018 145.19100952 3.54799914
v 68.05400085 177.26899719 22.29099846
v 68.01799774 177.80300903 19.87599945
v 65.56999969 177.32800293 21.17300034
v 66.62500000 177.92100525 19.00699997
v 64.86700439 177.43200684 19.82399940
v 64.53700256 177.67199707 18.24399948
v 63.02600098 177.13200378 19.20999908
v 63.41600037 177.38800049 17.04199982
v 61.35200119 176.75000000 18.05799866
v 60.90000153 176.66499329 16.41199875
v 59.93899918 135.26200867 24.74499893
v 60.88399887 136.73899841 24.90600014
v 58.63199997 133.40400696 11.86599922
v 58.55900192 134.09399414 10.68199921
v 62.42200089 176.60900879 12.26699924
v 60.29399872 150.60099792 33.31900024
v 59.29000092 167.29400635 2.30799890
v 59.00899887 138.68400574 29.40499878
v 59.25200272 139.31599426 29.56499863
v 58.54000092 138.24800110 29.60799980
v 63.34400177 172.41000366 5.63799953
v 59.82200241 134.51699829 12.61699963
v 63.45100021 176.87100220 21.39299965
v 67.09200287 142.37699890 14.95999908
v 66.05999756 141.20399475 14.50899887
v 67.01000214 142.35099792 14.32299900
v 66.93199921 142.51200867 13.36799908
v 67.20999908 142.64599609 13.92699909
v 67.78000641 143.31399536 13.69199944
v 68.10800171 143.69999695 13.56699944
v 68.79000092 144.46299744 13.38799953
v 67.66400146 143.33000183 13.13999939
v 67.63700104 143.53199768 12.39899921
v 66.71400452 142.54600525 12.57799911
v 66.85700226 143.58500671 10.43899918
v 65.69200134 142.41700745 10.42599964
v 66.38200378 144.28599548 8.38699913
v 65.21900177 143.29400635 8.06599903
v 65.20999908 144.41500854 6.59499979
v 64.12599945 143.90800476 6.04799938
v 63.84800339 145.07600403 5.22999954
v 62.58900070 143.82000732 5.33599949
v 61.35200119 144.59800720 4.42399931
v 62.71300125 141.89599609 6.59599876
v 63.18799973 142.30799866 6.61599922
v 63.56600189 142.90499878 6.46799898
v 64.09200287 143.26300049 6.63699961
v 69.05200195 170.01699829 28.21099854
v 68.56700134 171.23199463 27.98799896
v 68.34400177 170.59899902 28.26399994
v 67.60600281 170.83700562 28.40999794
v 66.86199951 170.69599915 28.66499901
v 66.15399933 170.36300659 28.94599915
v 65.96399689 171.52499390 28.52799988
v 64.83499908 171.44599915 28.80399895
v 64.02500153 171.41099548 28.97500038
v 62.53200150 170.00801086 29.75899887
v 61.41099930 170.39199829 29.82699966
v 62.41799927 136.45899963 19.29699898
v 61.60400009 135.35800171 19.16099930
v 62.14900208 136.07600403 17.50599861
v 65.35199738 156.01300049 0.95399845
v 64.12300110 155.43200684 0.92599916
v 64.01200104 153.82499695 1.34699881
v 62.29500198 153.01300049 1.27199852
v 74.31200409 160.03300476 27.54599953
v 73.00000000 160.19700623 28.30100060
v 72.36400604 162.92100525 28.31599998
v 71.56700134 160.96400452 28.84999847
v 69.87200165 163.85699463 29.22099876
v 69.86600494 162.42599487 29.42899895
v 67.70899963 163.51800537 30.00099945
v 68.39700317 161.42700195 30.02499962
v 66.63600159 162.34500122 30.50899887
v 66.26499939 160.83599854 30.83300018
v 64.82199860 162.23600769 31.08199883
v 65.31700134 159.72700500 31.24699974
v 64.29900360 158.50599670 31.66199875
v 62.80500031 156.16600037 32.31000137
v 63.44400024 154.06599426 32.28199768
v 64.02400208 155.53100586 31.99099922
v 65.25299835 154.78199768 31.63399887
v 65.16100311 157.04800415 31.47399902
v 66.42300415 155.70300293 31.17099953
v 66.73000336 157.37500000 30.95099831
v 68.08000183 156.47100830 30.46899986
v 67.55599976 158.97000122 30.50899887
v 69.41200256 157.23800659 29.86699867
v 68.73799896 159.56199646 30.05500031
v 70.71300507 158.94099426 29.34499931
v 69.97499847 160.59199524 29.49599838
v 71.26000214 178.32499695 14.88999939
v 70.59899902 178.41099548 13.16299915
v 68.63000488 178.26800537 13.10799885
v 69.59799957 178.14500427 11.43399906
v 67.52400208 177.98100281 12.12899971
v 67.71299744 177.27799988 10.31099892
v 66.24300385 177.49699402 11.49899960
v 66.59000397 176.31800842 9.11599922
v 64.71800232 176.97300720 11.27299976
v 63.99100113 176.14700317 10.16999912
v 68.03700256 176.03399658 25.32299805
v 67.33899689 176.80200195 23.79899979
v 66.20500183 176.96099854 22.76499939
v 64.34899902 176.44000244 23.54599953
v 65.21099854 161.03900146 0.18799864
v 73.67300415 157.93699646 27.21999931
v 72.43199921 158.73899841 28.48499870
v 72.61700439 157.15600586 27.69999886
v 71.07700348 157.50799561 29.00899887
v 71.14399719 156.25900269 28.48899841
v 69.43700409 155.27500916 29.38699913
v 68.08499908 154.25599670 29.98399925
v 69.49500275 169.18499756 1.27399898
v 68.09899902 168.50900269 1.12299991
v 67.11399841 167.38400269 0.90099871
v 65.71700287 167.97900391 1.16499889
v 64.36700439 165.77900696 0.70799887
v 63.99200058 167.02999878 1.05799925
v 66.49500275 166.34400940 29.89399910
v 64.59300232 165.70100403 30.55299950
v 64.89499664 175.71400452 25.70299911
v 63.95400238 174.84400940 26.81599998
v 64.89499664 175.07000732 26.60400009
v 64.19200134 174.13499451 27.52799988
v 65.48200226 175.11399841 26.59399986
v 65.34400177 173.68899536 27.67899895
v 66.54299927 174.61599731 26.90899849
v 67.23500061 173.61399841 27.34899902
v 67.83399963 174.02099609 27.01099968
v 70.74800110 164.78799438 28.74499893
v 68.35700226 165.73699951 29.40399933
v 65.76000214 164.02200317 30.53199959
v 63.45800018 163.70199585 31.22399902
v 65.09600067 172.33000183 28.39299965
v 65.36299896 145.11900330 6.02999878
v 66.10300446 145.43699646 6.32299948
v 67.63700104 145.01499939 9.23899937
v 68.11199951 144.50500488 11.14599895
v 68.94400024 145.15100098 11.66099930
v 69.49500275 145.43499756 12.40599918
v 68.76200104 144.68200684 12.49699879
v 67.03700256 169.81600952 1.86199880
v 65.79700470 177.97900391 17.14599991
v 64.88800049 139.71099854 19.41799927
v 65.73799896 141.47799683 12.61499977
v 64.72699738 141.84399414 9.68099976
v 66.48200226 145.25199890 25.60599899
v 64.70400238 142.95599365 25.77599907
v 76.62799835 154.69500732 6.03499937
v 78.62500000 155.78199768 7.09399939
v 77.84500122 154.93099976 7.52599907
v 78.48000336 154.82600403 9.28599930
v 77.06199646 154.07200623 7.95399952
v 76.56800079 153.33999634 8.71199894
v 76.22100067 153.78500366 7.14699936
v 75.69699860 152.81800842 8.20899963
v 74.40699768 152.35499573 6.95999908
v 75.55400085 152.48699951 8.67099953
v 74.57499695 151.50100708 8.96499920
v 75.88500214 152.19000244 10.34399891
v 74.55000305 150.86000061 10.86699963
v 74.84600067 150.86900330 12.28499889
v 73.54299927 149.74800110 11.47699928
v 73.60700226 149.44400024 13.44999886
v 72.47000122 148.57600403 12.03699875
v 72.84799957 148.56399536 14.26199913
v 72.03100586 147.74400330 15.61099911
v 71.74200439 147.58300781 17.43599892
v 70.66100311 146.35099792 17.05999947
v 71.45899963 147.38200378 18.31399918
v 70.84600067 146.69100952 18.46099854
v 70.45700073 146.62500000 19.66699982
v 70.27500153 145.96000671 18.17299843
v 69.64800262 145.30799866 18.62699890
v 69.04100037 144.54499817 18.25000000
v 68.58399963 143.96800232 17.92499924
v 68.47200012 144.16999817 19.44299889
v 67.88800049 143.15699768 18.06399918
v 67.02000427 142.18800354 18.43699837
v 66.24500275 141.29299927 18.68599892
v 65.94800568 141.30599976 20.39200020
v 66.14199829 172.56100464 28.06899834
v 67.57499695 172.20700073 27.87899971
v 66.70100403 173.25700378 27.63599968
v 67.95500183 161.86999512 0.33699906
v 69.91600037 162.92199707 0.49799865
v 72.28900146 162.39999390 0.85099971
v 72.88300323 163.68499756 0.85399860
v 74.18600464 161.67199707 1.38999891
v 65.51399994 140.69099426 14.12499905
v 66.19100189 176.36599731 24.69199944
v 66.00299835 175.64700317 25.93999863
v 66.95999908 175.72900391 25.85299873
v 65.97499847 177.82000732 13.11899948
v 69.21600342 145.33000183 20.23699951
v 67.58399963 143.84500122 21.41099930
v 67.13800049 142.67500305 20.04599953
v 72.54299927 155.56100464 3.11999965
v 69.74299622 155.31700134 2.13799906
v 66.64400482 148.05900574 27.79899979
v 66.22799683 147.71099854 27.97299957
v 65.89199829 147.33900452 28.05599976
v 65.92700195 146.85499573 27.64999962
v 66.19599915 146.59800720 27.17300034
v 65.45200348 147.04699707 28.31399918
v 68.84300232 170.70500183 2.13799906
v 66.79000092 147.44200134 27.19199944
v 67.65799713 147.68299866 5.42199898
v 68.40800476 148.22300720 5.59399939
v 69.10100555 149.11700439 5.31799889
v 69.80500031 149.24299622 5.73399925
v 70.66900635 149.01300049 7.11699963
v 70.67900085 150.33999634 5.27499914
v 72.00900269 150.41999817 6.70399904
v 71.47000122 151.15199280 5.12399912
v 72.31700134 151.37300110 5.72599936
v 72.16200256 152.12699890 4.87999916
v 73.36699677 151.98699951 6.08099890
v 73.25299835 152.76800537 5.01599884
v 74.20200348 153.34100342 5.29199934
v 76.15499878 157.82600403 24.75300026
v 76.25700378 158.57600403 25.17000008
v 75.85800171 157.98600769 25.19400024
v 75.06999969 158.56500244 26.34099960
v 74.82499695 156.97300720 25.54399872
v 73.32099915 156.40800476 26.64299965
v 72.50700378 155.34400940 26.73600006
v 70.65000153 154.83500671 28.15199852
v 69.38800049 153.51800537 28.55699921
v 73.98500061 156.04600525 25.73299980
v 74.98799896 155.89399719 24.51799965
v 73.86100006 155.15699768 25.21199989
v 74.19699860 154.64799500 24.37899971
v 72.69900513 153.43699646 25.14699936
v 73.62300110 153.42799377 23.97299957
v 71.92300415 151.82699585 24.68999863
v 73.31999969 152.08900452 22.97599983
v 72.21800232 150.72000122 23.02099991
v 72.84899902 150.42900085 21.35199928
v 71.31099701 149.25900269 22.52999878
v 71.52600098 148.40299988 20.63199997
v 70.66500092 147.60000610 21.24299812
v 69.63100433 146.43099976 21.43999863
v 83.04500580 166.07699585 20.80699921
v 83.48500061 168.09700012 19.62099838
v 82.44599915 167.90499878 20.65899849
v 82.66500092 170.05799866 19.40600014
v 81.64600372 169.32200623 20.79599953
v 81.29800415 170.41099548 20.64200020
v 80.07499695 170.01699829 22.00699997
v 80.37699890 171.59500122 21.03399849
v 79.29399872 171.96000671 21.85899925
v 79.96199799 173.64399719 20.25099945
v 78.60299683 173.89399719 21.40599823
v 79.46099854 175.27400208 19.89399910
v 77.96500397 175.50700378 20.98699951
v 78.80100250 175.83000183 19.92099953
v 77.95100403 176.09100342 20.29999924
v 77.79599762 176.71699524 19.14999962
v 76.53900146 176.58599854 20.61199951
v 75.79700470 177.27699280 19.04500008
v 74.83100128 177.64199829 17.80900002
v 73.35400391 177.94900513 16.99599838
v 74.48000336 177.90100098 15.83399963
v 73.29299927 178.13800049 15.22699928
v 74.94300079 177.95300293 14.45099926
v 73.07900238 178.24099731 13.64899921
v 75.12799835 177.87300110 12.02699947
v 73.52200317 178.15699768 12.10099888
v 73.63800049 177.89801025 10.28399944
v 71.74700165 178.28900146 12.22499943
v 71.64500427 178.06900024 10.74199963
v 70.49700165 177.56500244 9.85299969
v 67.41699982 171.04800415 2.79699922
v 67.55500031 171.62199402 3.23199940
v 68.08599854 172.18200684 3.61099935
v 68.37599945 172.73200989 4.14799881
v 69.82199860 171.64599609 2.77299905
v 69.33300018 173.09600830 4.24599934
v 69.95700073 173.15600586 4.13399935
v 69.58699799 174.06599426 5.24699974
v 70.70300293 173.49400330 4.32499981
v 70.41999817 174.68299866 5.74399900
v 71.47299957 173.56500244 4.21499920
v 72.16500092 173.65499878 4.18699884
v 72.54299927 173.09799194 3.62499905
v 71.78900146 160.11599731 1.16299844
v 70.58100128 161.41400146 0.68799967
v 71.59000397 153.12500000 26.18099976
v 72.01499939 153.78100586 26.20199966
v 71.08599854 152.91600037 26.56900024
v 70.37400055 153.30299377 27.55399895
v 70.17300415 152.23800659 27.06399918
v 69.18399811 151.75799561 27.73399925
v 69.39199829 150.94400024 26.94499969
v 68.34700012 149.90800476 27.33699799
v 70.82600403 151.65600586 25.90899849
v 70.02000427 151.29600525 26.54399872
v 69.35600281 150.14599609 26.37500000
v 68.47900391 149.25799561 26.71399879
v 69.08499908 150.21800232 4.59199953
v 70.10900116 151.44400024 4.35799932
v 72.86199951 154.61199951 25.85999870
v 72.32300568 154.37500000 26.26399803
v 71.93199921 154.55400085 26.80200005
v 76.90499878 177.34800720 17.42199898
v 79.01499939 176.65400696 17.85099983
v 78.31000519 177.17100525 15.98099899
v 79.95400238 176.69100952 15.97399902
v 78.34700012 177.27900696 14.71999931
v 78.91500092 177.20199585 13.04599953
v 76.75800323 177.63800049 12.93999958
v 77.28199768 177.49600220 11.38799953
v 75.92100525 177.61700439 9.97399902
v 71.97699738 177.35899353 9.15899944
v 70.02300262 148.92599487 24.37800026
v 69.92100525 147.79800415 23.08899879
v 71.01599884 172.51800537 3.37799907
v 74.01300049 150.86000061 9.36699963
v 73.39500427 151.02400208 7.83599901
v 73.13600159 150.11199951 9.23799896
v 71.63700104 149.22099304 8.33799934
v 70.00399780 149.89199829 5.24899912
v 71.10199738 174.91600037 25.47699928
v 70.06200409 174.69500732 26.00899887
v 71.18000031 173.65399170 26.13399887
v 70.18000031 172.97000122 26.81599998
v 72.38400269 170.56900024 26.79699898
v 72.16500092 172.33399963 26.26899910
v 71.03700256 171.29899597 27.11499977
v 70.73899841 150.30400085 24.78800011
v 72.11800385 178.19000244 15.97399902
v 74.25800323 176.39599609 22.39599991
v 73.44300079 176.44999695 22.76599884
v 72.69100189 177.08399963 21.90299988
v 72.39800262 176.37400818 23.40899849
v 71.46700287 176.42599487 23.76099968
v 70.95400238 176.12699890 24.39799881
v 72.75700378 175.61900330 24.13099861
v 72.45800018 174.93800354 24.83799934
v 71.75199890 174.57699585 25.39999962
v 71.61699677 148.30900574 10.23499870
v 72.49500275 149.27799988 9.84099960
v 73.75000000 150.33700562 10.11599922
v 73.90399933 151.06399536 20.16599846
v 73.66000366 150.00100708 18.39399910
v 74.30999756 150.47000122 17.44499969
v 73.59100342 149.71400452 17.49599838
v 73.19699860 149.12800598 16.23499870
v 73.06999969 149.13000488 17.50899887
v 72.33699799 148.25599670 17.45199966
v 72.39900208 148.68099976 18.82599831
v 71.50199890 147.85499573 11.18499947
v 77.22299957 153.49299622 10.03099918
v 76.81999969 152.86799622 11.53499889
v 75.95200348 151.81700134 12.79999924
v 75.06999969 150.86700439 14.05699921
v 74.23799896 150.07800293 15.01899910
v 73.59400177 175.01300049 24.21699905
v 72.78099823 149.47999573 19.63699913
v 77.10600281 158.77700806 3.30799913
v 75.46599579 157.15499878 3.43399954
v 75.23300171 153.74200439 5.84699965
v 78.61199951 160.81399536 24.09399986
v 77.99500275 161.29899597 24.99899864
v 78.64099884 161.90299988 24.60599899
v 77.37599945 162.33999634 25.75499916
v 78.67500305 162.76499939 24.79299927
v 77.60800171 163.29299927 25.52700043
v 79.00000000 164.48599243 24.45699883
v 77.61000061 164.65899658 25.33799934
v 79.03700256 166.39700317 23.99899864
v 77.32500458 166.19400024 25.23899841
v 78.48899841 168.14399719 23.96599960
v 76.78500366 167.34899902 25.32899857
v 76.70700073 169.33399963 24.84099960
v 75.58399963 168.19099426 25.83099937
v 74.12400055 168.39500427 26.54399872
v 74.26699829 167.62799072 26.64200020
v 74.75700378 168.86199951 1.13199842
v 75.74500275 170.99699402 1.93799937
v 76.12300110 172.53800964 3.13899946
v 75.76399994 173.75100708 4.23299885
v 76.60199738 173.75199890 4.30199957
v 76.73999786 174.16200256 4.77699947
v 77.41799927 173.37001038 4.01399946
v 77.22200012 174.49400330 5.15899897
v 78.92300415 173.24700928 4.05399990
v 78.56300354 174.14601135 4.94299936
v 75.55000305 174.67799377 5.15399981
v 74.93199921 151.04600525 17.11199951
v 86.86000061 173.66600037 4.33399916
v 86.16600037 174.28599548 4.99099970
v 85.75000000 172.76499939 3.71899915
v 85.29100037 173.77400208 4.69499922
v 84.87100220 173.51800537 4.62199926
v 85.23400116 174.25999451 5.16599894
v 84.29199982 174.39500427 5.51899910
v 84.49300385 174.90199280 5.97799921
v 83.81000519 175.04100037 6.18499899
v 83.38400269 175.86700439 7.50799942
v 83.27100372 175.95500183 9.24599934
v 81.72599792 175.85099792 7.25599957
v 80.87400055 176.28700256 8.04999924
v 79.93600464 176.78100586 9.55499935
v 78.36199951 176.72200012 8.42299938
v 78.78399658 177.15100098 10.68899918
v 76.52899933 177.20600891 8.90799904
v 74.87000275 174.18299866 4.53499889
v 76.56700134 163.93699646 26.08099937
v 76.15000153 165.41200256 26.09700012
v 75.58699799 166.29299927 26.24199867
v 75.22599792 166.81500244 26.32199860
v 76.14400482 167.65899658 1.23200011
v 76.62599945 169.52600098 1.44699955
v 77.46200562 171.09500122 2.13699889
v 77.87400055 172.43099976 3.17799950
v 76.32600403 177.71800232 14.15999889
v 75.87200165 177.66299438 16.15799904
v 81.47000122 165.99200439 22.26399994
v 81.05999756 167.92900085 21.92899895
v 80.38200378 167.32699585 22.71299934
v 80.14299774 168.19299316 22.62599945
v 79.04100037 169.69400024 23.01899910
v 77.56200409 170.61999512 23.81099892
v 78.18800354 172.11500549 22.72699928
v 76.65200043 172.46099854 23.71299934
v 77.20000458 174.31300354 22.32999992
v 76.27600098 175.42500305 22.24199867
v 75.52999878 157.21299744 24.97799873
v 76.80200195 166.14100647 1.35899889
v 77.56800079 168.21800232 1.49299955
v 85.74800110 162.31700134 12.96299934
v 85.78800201 163.10099792 14.54699898
v 84.31500244 161.35400391 14.76099968
v 84.72800446 162.82899475 16.45099831
v 83.96199799 161.77700806 16.47999954
v 83.00800323 160.46899414 16.44699860
v 82.45600128 161.14999390 18.62999916
v 81.63199615 159.76800537 18.39299965
v 80.83100128 159.34199524 19.35299873
v 79.80100250 157.54699707 18.83699989
v 78.90200043 157.27299500 20.22199821
v 78.75800323 155.69200134 17.98099899
v 77.97799683 155.69900513 19.76099968
v 77.16400146 154.22599792 18.80599976
v 77.14500427 153.39599609 16.75099945
v 77.83100128 154.09300232 16.57499886
v 84.44899750 175.22100830 14.32599926
v 83.88600159 175.75900269 12.34999943
v 82.92500305 175.82800293 14.20999908
v 82.00599670 176.27301025 12.66999912
v 81.11399841 176.52500916 13.60899925
v 80.29199982 176.80000305 12.07299900
v 77.86700439 156.37300110 20.93400002
v 77.17700195 176.16200256 20.81499863
v 76.97399902 175.45799255 21.74199867
v 81.26399994 168.47700500 21.52799988
v 84.57400513 161.19099426 13.56599903
v 85.02200317 161.41999817 12.54899979
v 84.22100067 160.55299377 12.64199924
v 84.28099823 160.53399658 11.98099899
v 83.56700134 159.85099792 12.88999939
v 82.85800171 158.97999573 11.94399929
v 83.14499664 159.42900085 13.27699947
v 82.58399963 158.79200745 13.33799934
v 83.24300385 159.82600403 14.28699875
v 81.86199951 158.14799500 14.26099873
v 82.02100372 158.72999573 15.39399910
v 81.24900055 157.50599670 14.62699890
v 80.81000519 157.18499756 15.52799892
v 80.32499695 156.41700745 14.16299915
v 80.16600037 156.45800781 15.42299938
v 79.44699860 155.54800415 14.76799965
v 79.33999634 155.69799805 16.09299850
v 78.70700073 154.80799866 15.31799889
v 78.87200165 155.21099854 16.33499908
v 78.34000397 154.52299500 15.90899944
v 78.29000092 154.62300110 16.67099953
v 79.13200378 155.18800354 14.74899960
v 78.97100067 176.15000916 19.21099854
v 79.57199860 175.96499634 18.91199875
v 80.09799957 175.74501038 18.70299911
v 80.54299927 175.63200378 18.39900017
v 81.35500336 175.79000854 17.01999855
v 81.27999878 176.25300598 15.53499889
v 82.00299835 175.30400085 17.00299835
v 82.08499908 175.58900452 16.39399910
v 82.60299683 174.25700378 17.24699974
v 83.23400116 174.50500488 16.40899849
v 82.93199921 174.20800781 16.92700005
v 83.27700043 173.39199829 16.93899918
v 82.17500305 173.79499817 17.89399910
v 81.42500305 175.30000305 17.73600006
v 80.78500366 157.94499207 17.26699829
v 79.78200531 156.47300720 16.84599876
v 79.67500305 156.77900696 6.88999891
v 79.98699951 163.35000610 23.67899895
v 81.44999695 163.90899658 22.35699844
v 80.22700500 165.14700317 23.41999817
v 82.93700409 176.03700256 11.08499908
v 81.46099854 176.43800354 10.29899883
v 83.72499847 175.12001038 15.18099880
v 83.22299957 175.22300720 15.58899879
v 82.80500031 175.22599792 16.10299873
v 81.68900299 157.84399414 13.49299908
v 81.32600403 157.39700317 12.40099907
v 81.08499908 157.18600464 13.79899883
v 81.25700378 173.88000488 18.82799911
v 81.52600098 172.19400024 19.56499863
v 81.29899597 171.33000183 20.21799850
v 81.93199921 171.14199829 19.64899826
v 82.66500092 171.37600708 18.77999878
v 83.26200104 171.60700989 2.96999884
v 83.51000214 173.28199768 4.41799974
v 82.31500244 173.75399780 4.90099955
v 82.03800201 174.77600098 5.99599886
v 81.86599731 157.88299561 11.13699913
v 82.92400360 159.01100159 9.99399948
v 82.23600006 158.60700989 7.83999920
v 83.90699768 160.11100769 7.90799952
v 82.96399689 159.49699402 7.10199976
v 83.63100433 160.42300415 6.15099907
v 82.99900055 159.89799500 6.19799900
v 82.15999603 159.95800781 4.93099928
v 82.40100098 159.44000244 6.04999924
v 81.45300293 159.37800598 4.92699909
v 81.84999847 158.86000061 6.29799891
v 81.74700165 160.76100159 4.17599916
v 82.16899872 162.19900513 3.73499942
v 83.29299927 162.62199402 3.94399929
v 84.48200226 162.33900452 4.53099871
v 85.52200317 164.53199768 3.82199883
v 86.04900360 163.32400513 4.43699932
v 87.33900452 163.98699951 4.44399929
v 87.10000610 163.55000305 4.71099949
v 88.13099670 164.17599487 4.61599874
v 87.80000305 163.37600708 5.72099924
v 88.32800293 163.91200256 5.21899939
v 88.93399811 164.49099731 4.74599934
v 89.48799896 164.76199341 4.74899912
v 88.89900208 165.76799011 3.93199921
v 82.13400269 169.66999817 2.41099954
v 82.01599884 159.33000183 16.75999832
v 84.23799896 174.78199768 15.15099907
v 82.57800293 173.00300598 17.92099953
v 82.38200378 172.57899475 18.42999840
v 82.10700226 172.31599426 18.86899948
v 82.59500122 164.70199585 21.22199821
v 85.67700195 161.78700256 10.72899914
v 84.51399994 160.69400024 11.18099880
v 87.35100555 162.94599915 7.32199955
v 85.66600037 161.63000488 8.00299931
v 86.20100403 162.16700745 6.35899878
v 85.14400482 161.55900574 6.08799887
v 85.18699646 162.30000305 5.04899979
v 84.28600311 161.66299438 5.08299923
v 83.76999664 161.34300232 5.01699924
v 82.94599915 160.93699646 4.80499935
v 83.65299988 173.99900818 5.19399881
v 83.20500183 174.34899902 5.54499960
v 84.48400116 161.11999512 6.06299925
v 83.94400024 160.03900146 9.63099861
v 84.93500519 160.97999573 8.94199944
v 85.75599670 164.03999329 16.11100006
v 87.63200378 168.50399780 3.01699901
v 86.47900391 166.96400452 3.29399943
v 86.32900238 165.50900269 3.62999916
v 86.86799622 163.02600098 5.33099937
v 85.90100098 162.84700012 4.79999924
v 87.43399811 173.71900940 14.02099895
v 88.01200104 166.89999390 3.45899916
v 91.07600403 176.41500854 6.57399940
v 95.37699890 175.57099915 3.64299965
v 94.72100067 175.61100769 3.85299873
v 94.31500244 175.95100403 4.29399967
v 93.02400208 175.39700317 4.16999960
v 92.34700012 176.28399658 5.32099867
v 94.28500366 175.70199585 11.31499958
v 93.41500092 175.61799622 11.46099949
v 92.24099731 175.47700500 11.66499901
v 95.12000275 167.90699768 10.78299904
v 94.25000000 166.90100098 9.04199982
v 92.43199921 166.63999939 10.06699944
v 91.78399658 165.86700439 8.59299946
v 94.45600128 166.07400513 5.65899897
v 94.36000061 166.19799805 4.38899899
v 95.56900024 166.65100098 3.89399934
v 96.06300354 166.98300171 3.57799888
v 95.30799866 167.61399841 3.17599893
v 94.37799835 166.50000000 3.95699954
v 93.64300537 166.18400574 4.22299910
v 92.84999847 165.95599365 4.39899874
v 93.70199585 166.05300903 6.80499887
v 91.86100006 167.16000366 11.76799965
v 91.63600159 165.70500183 4.48199940
v 92.13099670 166.01400757 4.23699903
v 93.02799988 166.95899963 3.56999874
v 92.15499878 169.15400696 2.71699953
v 95.65100098 169.14799500 2.50399947
v 93.62500000 168.25199890 3.00099897
v 95.94300079 167.44200134 9.37299919
v 94.94899750 176.20401001 10.31199932
v 95.94900513 166.57701111 6.69799948
v 95.47299957 175.76699829 11.23299885
v 96.33200073 176.05799866 3.83699965
v 98.45700073 171.76899719 1.11299944
v 99.11600494 173.30700684 12.43399906
v 98.97299957 176.13200378 10.81699944
v 102.75999451 177.01200867 8.65399933
v 103.50700378 171.36099243 12.44799900
v 103.45999908 170.62100220 12.29799938
v 104.29199982 170.41499329 12.11399937
v 105.34200287 170.34800720 12.00599957
v 106.82100677 176.75700378 10.11099911
v 108.68800354 172.50099182 7.82499933
v 108.52799988 174.14399719 6.96099901
v 108.19100189 175.06199646 5.29599953
v 108.67300415 173.19299316 9.54599953
v 108.24299622 175.91600037 7.94799900
f 1 2 3
f 3 2 4
f 3 4 5
f 5 4 6
f 5 6 7
f 7 6 8
f 7 8 9
f 9 8 10
f 9 10 11
f 11 10 12
f 11 12 13
f 13 12 14
f 13 14 15
f 15 14 16
f 15 16 17
f 17 16 18
f 17 18 19
f 19 18 20
f 19 20 21
f 21 20 22
f 21 22 23
f 23 22 24
f 23 24 25
f 25 24 26
f 25 26 27
f 27 26 28
f 27 28 29
f 29 28 30
f 29 30 31
f 31 30 32
f 31 32 33
f 33 32 34
f 33 34 35
f 35 34 36
f 35 36 37
f 37 36 38
f 37 38 39
f 39 38 40
f 39 40 41
f 41 40 42
f 41 42 43
f 43 42 44
f 43 44 45
f 45 44 46
f 45 46 47
f 47 46 48
f 47 48 49
f 49 48 50
f 49 50 35
f 35 50 51
f 35 51 33
f 33 51 52
f 33 52 31
f 31 52 53
f 31 53 29
f 29 53 54
f 29 54 27
f 27 54 55
f 27 55 25
f 25 55 56
f 25 56 57
f 57 56 58
f 57 58 59
f 59 58 60
f 59 60 61
f 61 60 62
f 61 62 63
f 63 62 64
f 63 64 65
f 65 64 66
f 65 66 67
f 67 66 68
f 67 68 69
f 69 68 70
f 69 70 71
f 71 70 72
f 71 72 73
f 73 72 74
f 73 74 75
f 75 74 76
f 75 76 77
f 77 76 78
f 77 78 79
f 79 78 80
f 79 80 81
f 81 80 82
f 81 82 83
f 83 82 84
f 83 84 85
f 85 84 86
f 85 86 87
f 87 86 88
f 87 88 89
f 89 88 90
f 89 90 91
f 91 90 92
f 91 92 93
f 93 92 94
f 93 94 95
f 95 94 96
f 95 96 97
f 97 96 98
f 97 98 99
f 99 98 100
f 99 100 101
f 101 100 102
f 101 102 103
f 103 102 104
f 103 104 105
f 105 104 106
f 105 106 107
f 107 106 108
f 107 108 109
f 109 108 110
f 109 110 111
f 111 110 112
f 111 112 113
f 113 112 114
f 113 114 115
f 115 114 116
f 115 116 117
f 117 116 118
f 117 118 119
f 119 118 120
f 119 120 121
f 121 120 122
f 121 122 123
f 123 122 124
f 123 124 125
f 125 124 126
f 125 126 127
f 127 126 128
f 127 128 129
f 129 128 130
f 129 130 131
f 131 130 132
f 131 132 133
f 133 132 134
f 133 134 135
f 135 134 136
f 135 136 137
f 137 136 138
f 137 138 139
f 139 138 140
f 139 140 141
f 141 140 142
f 141 142 143
f 143 142 144
f 143 144 145
f 145 144 146
f 145 146 147
f 147 146 148
f 147 148 149
f 149 148 150
f 149 150 151
f 151 150 152
f 151 152 153
f 153 152 154
f 153 154 155
f 155 154 156
f 155 156 157
f 157 156 158
f 157 158 159
f 159 158 160
f 159 160 161
f 161 160 162
f 161 162 163
f 163 162 164
f 163 164 165
f 165 164 166
f 165 166 167
f 167 166 168
f 167 168 169
f 169 168 170
f 169 170 171
f 171 170 172
f 171 172 173
f 173 172 174
f 173 174 175
f 175 174 176
f 175 176 177
f 177 176 178
f 177 178 179
f 179 178 180
f 179 180 181
f 181 180 182
f 181 182 183
f 183 182 184
f 183 184 185
f 185 184 186
f 185 186 187
f 187 186 188
f 187 188 189
f 189 188 190
f 189 190 148
f 148 190 150
f 2 1 191
f 2 191 192
f 192 191 193
f 192 193 194
f 194 193 195
f 194 195 192
f 192 195 196
f 192 196 197
f 197 196 198
f 197 198 199
f 199 198 200
f 199 200 201
f 201 200 202
f 201 202 91
f 91 202 89
f 191 1 3
f 203 204 205
f 205 204 206
f 205 206 207
f 207 206 208
f 207 208 209
f 209 208 210
f 209 210 211
f 211 210 212
f 211 212 213
f 213 212 214
f 213 214 215
f 215 214 216
f 215 216 217
f 217 216 218
f 217 218 219
f 219 218 220
f 219 220 221
f 221 220 222
f 221 222 223
f 223 222 224
f 223 224 225
f 225 224 226
f 225 226 227
f 227 226 228
f 227 228 229
f 229 228 230
f 229 230 231
f 231 230 232
f 231 232 233
f 233 232 234
f 233 234 163
f 163 234 161
f 204 203 235
f 204 235 236
f 236 235 237
f 236 237 238
f 238 237 239
f 238 239 240
f 240 239 241
f 240 241 242
f 242 241 243
f 242 243 244
f 244 243 245
f 244 245 246
f 246 245 247
f 246 247 248
f 248 247 249
f 248 249 250
f 250 249 251
f 250 251 252
f 252 251 253
f 252 253 254
f 254 253 255
f 254 255 256
f 256 255 257
f 256 257 258
f 258 257 259
f 258 259 260
f 260 259 261
f 260 261 262
f 262 261 263
f 262 263 264
f 264 263 265
f 264 265 266
f 266 265 267
f 266 267 268
f 268 267 269
f 268 269 270
f 270 269 271
f 270 271 272
f 272 271 273
f 272 273 274
f 274 273 275
f 274 275 276
f 276 275 277
f 276 277 278
f 278 277 279
f 278 279 280
f 280 279 281
f 280 281 282
f 282 281 283
f 282 283 284
f 284 283 285
f 284 285 286
f 286 285 287
f 286 287 288
f 288 287 289
f 288 289 290
f 290 289 291
f 290 291 292
f 292 291 293
f 292 293 294
f 294 293 295
f 294 295 296
f 296 295 297
f 296 297 298
f 298 297 299
f 298 299 300
f 300 299 301
f 300 301 302
f 302 301 303
f 302 303 304
f 304 303 305
f 304 305 306
f 306 305 307
f 306 307 308
f 308 307 309
f 308 309 310
f 310 309 311
f 310 311 312
f 312 311 313
f 312 313 314
f 314 313 315
f 314 315 316
f 316 315 317
f 316 317 318
f 318 317 319
f 318 319 320
f 320 319 321
f 320 321 322
f 322 321 323
f 322 323 314
f 314 323 324
f 314 324 312
f 312 324 325
f 312 325 326
f 326 325 327
f 326 327 328
f 328 327 329
f 328 329 330
f 330 329 331
f 330 331 332
f 332 331 333
f 332 333 334
f 334 333 335
f 334 335 336
f 336 335 337
f 336 337 338
f 338 337 339
f 338 339 340
f 340 339 341
f 340 341 342
f 342 341 343
f 342 343 344
f 344 343 345
f 344 345 346
f 346 345 347
f 346 347 348
f 348 347 349
f 348 349 350
f 350 349 351
f 350 351 352
f 352 351 353
f 352 353 354
f 354 353 355
f 354 355 356
f 356 355 357
f 356 357 358
f 358 357 359
f 358 359 360
f 360 359 361
f 360 361 362
f 362 361 363
f 362 363 364
f 364 363 365
f 364 365 366
f 366 365 367
f 366 367 368
f 368 367 369
f 368 369 370
f 370 369 371
f 370 371 372
f 372 371 373
f 372 373 374
f 374 373 375
f 374 375 376
f 376 375 377
f 376 377 378
f 378 377 379
f 378 379 380
f 380 379 381
f 380 381 382
f 382 381 383
f 382 383 384
f 384 383 385
f 384 385 386
f 386 385 387
f 386 387 388
f 388 387 389
f 388 389 390
f 390 389 391
f 390 391 392
f 392 391 393
f 392 393 394
f 394 393 395
f 394 395 396
f 396 395 397
f 396 397 398
f 398 397 399
f 398 399 400
f 400 399 401
f 400 401 402
f 402 401 403
f 402 403 404
f 404 403 405
f 404 405 406
f 406 405 407
f 406 407 408
f 408 407 409
f 408 409 410
f 410 409 411
f 410 411 412
f 412 411 413
f 412 413 414
f 414 413 415
f 414 415 416
f 416 415 417
f 416 417 418
f 418 417 419
f 418 419 420
f 420 419 421
f 420 421 422
f 422 421 423
f 422 423 424
f 424 423 425
f 424 425 426
f 426 425 427
f 426 427 428
f 428 427 429
f 428 429 430
f 430 429 431
f 430 431 432
f 432 431 433
f 432 433 434
f 434 433 435
f 434 435 436
f 436 435 437
f 436 437 438
f 438 437 439
f 438 439 440
f 440 439 441
f 440 441 442
f 442 441 443
f 442 443 444
f 444 443 445
f 444 445 446
f 446 445 447
f 446 447 448
f 448 447 449
f 448 449 450
f 450 449 451
f 450 451 452
f 452 451 453
f 452 453 454
f 454 453 455
f 454 455 456
f 456 455 457
f 456 457 458
f 458 457 459
f 458 459 460
f 460 459 461
f 460 461 462
f 462 461 463
f 462 463 464
f 464 463 465
f 464 465 466
f 466 465 467
f 466 467 468
f 468 467 469
f 468 469 470
f 470 469 471
f 470 471 472
f 472 471 473
f 472 473 474
f 474 473 475
f 474 475 476
f 476 475 477
f 476 477 478
f 478 477 479
f 478 479 480
f 480 479 481
f 480 481 482
f 482 481 483
f 482 483 484
f 484 483 485
f 484 485 482
f 482 485 486
f 482 486 480
f 480 486 487
f 235 203 205
f 488 489 490
f 490 489 491
f 490 491 492
f 492 491 493
f 492 493 494
f 494 493 495
f 494 495 496
f 496 495 497
f 496 497 498
f 498 497 499
f 498 499 500
f 500 499 501
f 500 501 408
f 408 501 406
f 489 488 502
f 502 488 503
f 502 503 504
f 504 503 505
f 504 505 506
f 506 505 507
f 506 507 508
f 508 507 509
f 508 509 510
f 510 509 511
f 510 511 512
f 512 511 513
f 512 513 514
f 514 513 515
f 514 515 516
f 516 515 517
f 516 517 518
f 518 517 519
f 518 519 520
f 520 519 521
f 520 521 522
f 522 521 523
f 522 523 524
f 524 523 525
f 524 525 526
f 526 525 527
f 526 527 528
f 528 527 529
f 528 529 530
f 530 529 531
f 530 531 532
f 532 531 533
f 532 533 534
f 534 533 535
f 534 535 536
f 536 535 537
f 536 537 538
f 538 537 539
f 538 539 540
f 540 539 541
f 540 541 542
f 542 541 543
f 542 543 544
f 544 543 545
f 544 545 546
f 546 545 547
f 546 547 548
f 548 547 549
f 548 549 550
f 550 549 551
f 550 551 552
f 552 551 553
f 552 553 554
f 554 553 555
f 554 555 556
f 556 555 557
f 556 557 558
f 558 557 559
f 558 559 560
f 560 559 561
f 560 561 562
f 562 561 563
f 562 563 564
f 565 489 502
f 489 565 491
f 491 565 493
f 566 567 568
f 568 567 569
f 568 569 570
f 570 569 571
f 570 571 572
f 572 571 573
f 572 573 574
f 574 573 575
f 574 575 576
f 576 575 577
f 576 577 578
f 578 577 579
f 578 579 580
f 580 579 581
f 580 581 582
f 582 581 583
f 582 583 574
f 574 583 584
f 574 584 585
f 567 566 586
f 586 566 587
f 586 587 588
f 588 587 589
f 588 589 590
f 590 589 514
f 590 514 516
f 591 567 592
f 592 567 586
f 592 586 588
f 567 591 569
f 569 591 593
f 569 593 573
f 573 593 575
f 585 594 574
f 574 594 572
f 594 585 595
f 594 595 596
f 596 595 597
f 596 597 598
f 598 597 599
f 598 599 600
f 600 599 601
f 600 601 602
f 602 601 603
f 602 603 604
f 604 603 605
f 604 605 444
f 444 605 442
f 595 585 606
f 606 585 584
f 606 584 607
f 608 609 610
f 610 609 611
f 610 611 612
f 612 611 613
f 612 613 614
f 614 613 615
f 614 615 616
f 616 615 617
f 616 617 618
f 618 617 619
f 618 619 620
f 620 619 621
f 620 621 622
f 622 621 623
f 622 623 624
f 624 623 625
f 624 625 626
f 626 625 627
f 626 627 628
f 628 627 629
f 628 629 630
f 630 629 631
f 630 631 632
f 632 631 633
f 632 633 606
f 606 633 595
f 609 608 634
f 634 608 635
f 634 635 636
f 636 635 637
f 636 637 638
f 638 637 639
f 638 639 640
f 640 639 641
f 640 641 642
f 642 641 643
f 642 643 644
f 644 643 645
f 644 645 646
f 646 645 647
f 646 647 648
f 648 647 649
f 648 649 650
f 650 649 651
f 650 651 652
f 652 651 653
f 652 653 654
f 654 653 655
f 654 655 529
f 529 655 531
f 656 609 657
f 657 609 634
f 657 634 658
f 658 634 636
f 658 636 659
f 659 636 638
f 659 638 660
f 660 638 661
f 660 661 662
f 662 661 663
f 662 663 507
f 507 663 509
f 609 656 611
f 611 656 488
f 611 488 490
f 607 584 583
f 664 608 665
f 665 608 610
f 665 610 666
f 666 610 667
f 666 667 668
f 668 667 669
f 668 669 670
f 670 669 671
f 670 671 622
f 622 671 620
f 608 664 635
f 635 664 672
f 635 672 637
f 637 672 639
f 673 607 583
f 607 673 674
f 674 673 675
f 674 675 676
f 676 675 677
f 676 677 678
f 679 664 680
f 680 664 681
f 680 681 682
f 682 681 683
f 682 683 684
f 684 683 685
f 684 685 686
f 686 685 687
f 686 687 688
f 688 687 689
f 688 689 690
f 690 689 691
f 690 691 692
f 664 679 672
f 672 679 693
f 672 693 641
f 641 693 694
f 641 694 643
f 643 694 695
f 643 695 696
f 696 695 688
f 696 688 690
f 675 673 581
f 581 673 583
f 697 679 680
f 679 697 695
f 695 697 698
f 695 698 688
f 688 698 686
f 698 697 684
f 684 697 682
f 677 675 699
f 699 675 581
f 699 581 700
f 700 581 579
f 700 579 577
f 678 677 701
f 701 677 702
f 701 702 534
f 534 702 532
f 692 691 703
f 703 691 704
f 703 704 705
f 705 704 706
f 705 706 707
f 707 706 708
f 707 708 552
f 552 708 550
f 691 689 704
f 704 689 687
f 704 687 685
f 547 709 549
f 549 709 710
f 549 710 551
f 551 710 555
f 551 555 553
f 709 547 543
f 543 547 545
f 711 709 543
f 709 711 710
f 710 711 712
f 710 712 713
f 713 712 714
f 713 714 715
f 715 714 716
f 715 716 717
f 717 716 718
f 717 718 719
f 719 718 720
f 719 720 721
f 721 720 722
f 721 722 723
f 723 722 724
f 723 724 725
f 725 724 726
f 725 726 727
f 727 726 728
f 727 728 729
f 729 728 730
f 729 730 731
f 731 730 732
f 731 732 733
f 733 732 734
f 733 734 735
f 736 692 703
f 692 736 737
f 737 736 738
f 737 738 739
f 739 738 740
f 739 740 741
f 741 740 742
f 741 742 743
f 743 742 744
f 743 744 745
f 745 744 746
f 745 746 747
f 747 746 705
f 747 705 707
f 712 711 748
f 748 711 543
f 748 543 541
f 738 736 746
f 746 736 703
f 746 703 705
f 749 750 751
f 751 750 752
f 751 752 531
f 531 752 533
f 750 749 753
f 753 749 754
f 753 754 755
f 755 754 756
f 755 756 757
f 757 756 758
f 757 758 759
f 759 758 760
f 759 760 761
f 761 760 762
f 752 750 763
f 763 750 753
f 763 753 535
f 535 753 764
f 535 764 537
f 537 764 765
f 537 765 766
f 766 765 767
f 766 767 768
f 768 767 769
f 768 769 732
f 732 769 734
f 740 738 746
f 714 712 770
f 770 712 748
f 770 748 771
f 771 748 772
f 771 772 773
f 773 772 774
f 773 774 716
f 716 774 775
f 716 775 718
f 718 775 722
f 718 722 720
f 773 716 714
f 771 773 714
f 776 732 730
f 732 776 777
f 777 776 778
f 777 778 779
f 779 778 774
f 779 774 772
f 780 559 781
f 781 559 557
f 781 557 713
f 713 557 555
f 713 555 710
f 559 780 782
f 559 782 561
f 783 784 785
f 785 784 767
f 785 767 786
f 786 767 765
f 786 765 755
f 755 765 764
f 755 764 753
f 784 783 735
f 735 783 787
f 735 787 788
f 788 787 761
f 734 784 735
f 784 734 769
f 789 719 790
f 790 719 791
f 719 789 781
f 781 789 780
f 715 719 781
f 719 715 717
f 761 783 785
f 783 761 787
f 726 776 728
f 728 776 730
f 776 726 778
f 778 726 775
f 778 775 774
f 761 762 788
f 788 762 792
f 788 792 793
f 792 762 760
f 793 792 794
f 794 792 760
f 794 760 758
f 795 796 797
f 797 796 798
f 797 798 799
f 799 798 800
f 799 800 801
f 801 800 802
f 801 802 803
f 803 802 804
f 803 804 805
f 805 804 806
f 805 806 653
f 653 806 655
f 796 795 807
f 808 796 809
f 809 796 810
f 796 808 811
f 811 808 812
f 811 812 813
f 813 812 814
f 813 814 800
f 800 814 802
f 726 724 775
f 775 724 722
f 780 789 815
f 815 789 816
f 815 816 817
f 817 816 818
f 817 818 819
f 819 818 727
f 819 727 820
f 820 727 821
f 820 821 788
f 788 821 735
f 721 822 719
f 719 822 791
f 822 721 823
f 823 721 723
f 823 723 725
f 791 822 823
f 824 825 826
f 826 825 794
f 826 794 827
f 827 794 828
f 827 828 829
f 829 828 749
f 829 749 830
f 830 749 751
f 830 751 655
f 655 751 531
f 825 824 831
f 831 824 832
f 831 832 833
f 833 832 834
f 833 834 835
f 835 834 836
f 835 836 809
f 809 836 808
f 793 825 831
f 825 793 794
f 790 791 823
f 832 824 826
f 836 834 826
f 826 834 832
f 837 795 838
f 838 795 797
f 838 797 799
f 795 837 839
f 839 837 840
f 839 840 841
f 841 840 837
f 841 837 564
f 564 837 842
f 564 842 843
f 843 842 844
f 843 844 845
f 845 844 838
f 845 838 741
f 741 838 799
f 741 799 846
f 846 799 801
f 846 801 847
f 847 801 803
f 847 803 805
f 848 795 839
f 795 848 807
f 807 848 810
f 782 780 849
f 849 780 815
f 849 815 817
f 842 837 838
f 850 563 561
f 563 850 841
f 841 850 851
f 841 851 852
f 852 851 853
f 852 853 854
f 854 853 782
f 854 782 849
f 564 563 841
f 807 810 796
f 809 810 848
f 561 782 853
f 851 850 561
f 853 851 561
f 855 856 857
f 857 856 858
f 857 858 859
f 859 858 860
f 859 860 861
f 861 860 862
f 861 862 863
f 863 862 864
f 863 864 865
f 865 864 866
f 865 866 867
f 867 866 868
f 867 868 869
f 869 868 870
f 869 870 871
f 871 870 872
f 871 872 873
f 873 872 874
f 873 874 875
f 875 874 876
f 875 876 877
f 877 876 878
f 877 878 879
f 879 878 880
f 879 880 881
f 881 880 882
f 881 882 883
f 883 882 884
f 883 884 885
f 885 884 886
f 885 886 887
f 887 886 888
f 887 888 889
f 889 888 890
f 889 890 891
f 891 890 892
f 891 892 893
f 893 892 894
f 893 894 895
f 895 894 896
f 895 896 897
f 897 896 898
f 897 898 899
f 899 898 900
f 899 900 855
f 855 900 901
f 855 901 856
f 856 901 902
f 856 902 903
f 903 902 904
f 903 904 905
f 905 904 906
f 905 906 907
f 907 906 908
f 907 908 909
f 909 908 910
f 909 910 911
f 911 910 912
f 911 912 913
f 913 912 914
f 913 914 915
f 915 914 916
f 915 916 917
f 917 916 918
f 917 918 919
f 919 918 920
f 919 920 921
f 921 920 922
f 921 922 923
f 923 922 924
f 923 924 925
f 925 924 926
f 925 926 927
f 927 926 928
f 927 928 929
f 929 928 930
f 929 930 931
f 931 930 932
f 931 932 933
f 933 932 934
f 933 934 935
f 935 934 936
f 935 936 937
f 937 936 938
f 937 938 939
f 939 938 940
f 939 940 941
f 941 940 942
f 941 942 943
f 943 942 944
f 943 944 945
f 945 944 946
f 945 946 947
f 947 946 948
f 947 948 949
f 949 948 950
f 949 950 951
f 951 950 952
f 951 952 953
f 953 952 954
f 953 954 955
f 955 954 956
f 955 956 957
f 957 956 958
f 957 958 959
f 959 958 960
f 959 960 961
f 961 960 962
f 961 962 963
f 963 962 964
f 963 964 965
f 965 964 966
f 965 966 967
f 967 966 968
f 967 968 969
f 969 968 970
f 969 970 971
f 971 970 972
f 971 972 973
f 973 972 974
f 973 974 975
f 975 974 976
f 975 976 977
f 977 976 970
f 977 970 978
f 978 970 968
f 978 968 979
f 979 968 980
f 979 980 981
f 981 980 960
f 981 960 982
f 982 960 958
f 982 958 956
f 873 875 983
f 983 875 984
f 983 984 985
f 985 984 986
f 985 986 987
f 987 986 988
f 987 988 989
f 989 988 893
f 989 893 990
f 990 893 895
f 990 895 991
f 991 895 992
f 991 992 859
f 859 992 857
f 877 881 993
f 993 881 883
f 993 883 984
f 984 883 885
f 984 885 986
f 986 885 887
f 986 887 988
f 988 887 891
f 988 891 893
f 994 995 996
f 996 995 997
f 996 997 998
f 998 997 999
f 998 999 1000
f 1000 999 1001
f 1000 1001 1002
f 1002 1001 1003
f 1002 1003 1000
f 1000 1003 1004
f 1000 1004 1005
f 1005 1004 1006
f 1005 1006 1007
f 1007 1006 1008
f 1007 1008 1009
f 1009 1008 1010
f 1009 1010 1011
f 1011 1010 1012
f 1011 1012 1013
f 1013 1012 1014
f 1013 1014 1015
f 1015 1014 1016
f 1015 1016 1017
f 1017 1016 1018
f 1017 1018 1019
f 1019 1018 1020
f 1019 1020 1021
f 1021 1020 1022
f 1021 1022 1019
f 1019 1022 1023
f 1019 1023 1024
f 1024 1023 1025
f 1024 1025 1026
f 1026 1025 1027
f 1026 1027 1028
f 1028 1027 1029
f 1028 1029 1030
f 1030 1029 1031
f 1030 1031 1032
f 1032 1031 1033
f 1032 1033 1034
f 1034 1033 1035
f 1034 1035 994
f 994 1035 1036
f 994 1036 1037
f 1037 1036 898
f 1037 898 1038
f 1038 898 896
f 1038 896 1039
f 1039 896 894
f 1039 894 892
f 865 867 1040
f 1040 867 1041
f 1040 1041 1042
f 1042 1041 987
f 1042 987 989
f 859 861 991
f 991 861 1042
f 991 1042 990
f 990 1042 989
f 871 983 1041
f 1041 983 985
f 1041 985 987
f 983 871 873
f 994 1037 995
f 995 1037 1038
f 995 1038 1043
f 1043 1038 1039
f 1043 1039 1044
f 1044 1039 892
f 1044 892 1045
f 1045 892 890
f 1045 890 1046
f 1046 890 1047
f 1046 1047 1048
f 1048 1047 1049
f 1048 1049 1050
f 1050 1049 1051
f 1050 1051 1052
f 1052 1051 1053
f 1052 1053 1054
f 1054 1053 1055
f 1054 1055 1056
f 1056 1055 1057
f 1056 1057 1058
f 1058 1057 1059
f 1058 1059 1060
f 1060 1059 1061
f 1060 1061 1062
f 1062 1061 1063
f 1062 1063 1064
f 1064 1063 1065
f 1064 1065 1066
f 1066 1065 1067
f 1066 1067 1068
f 1068 1067 1069
f 1068 1069 1070
f 1070 1069 1071
f 1070 1071 1072
f 1072 1071 1073
f 1072 1073 1074
f 1074 1073 1075
f 1074 1075 1076
f 1076 1075 1077
f 1076 1077 1069
f 1069 1077 1071
f 889 891 887
f 877 993 875
f 875 993 984
f 882 880 1078
f 1078 880 1079
f 1078 1079 1080
f 1080 1079 1081
f 1080 1081 1082
f 1082 1081 1083
f 1082 1083 1084
f 1084 1083 1085
f 1084 1085 1086
f 1086 1085 1087
f 1086 1087 1088
f 1088 1087 1089
f 1088 1089 1090
f 1090 1089 1091
f 1090 1091 1092
f 1092 1091 1093
f 1092 1093 1094
f 1094 1093 1095
f 1094 1095 1096
f 1096 1095 1097
f 1096 1097 1098
f 1098 1097 1099
f 1098 1099 1100
f 1100 1099 1101
f 1100 1101 1102
f 1102 1101 1103
f 1102 1103 1104
f 1104 1103 1105
f 1104 1105 1106
f 1106 1105 1107
f 1106 1107 1108
f 1108 1107 1109
f 1108 1109 1110
f 1110 1109 1111
f 1110 1111 1112
f 1112 1111 1113
f 1112 1113 1114
f 1114 1113 1115
f 1114 1115 1116
f 1116 1115 1117
f 1116 1117 1118
f 1118 1117 1119
f 1118 1119 1120
f 1120 1119 1121
f 1120 1121 1122
f 1122 1121 1123
f 1122 1123 1124
f 1124 1123 1125
f 1124 1125 1126
f 1126 1125 1127
f 1126 1127 1128
f 1128 1127 874
f 1128 874 1129
f 1129 874 872
f 1129 872 1130
f 1130 872 1131
f 1130 1131 949
f 949 1131 1132
f 949 1132 1133
f 1133 1132 1134
f 1133 1134 1135
f 1135 1134 1136
f 1135 1136 1137
f 1137 1136 1138
f 1137 1138 866
f 866 1138 868
f 876 1139 878
f 878 1139 1140
f 878 1140 1079
f 1079 1140 1141
f 1079 1141 1142
f 1142 1141 1143
f 1142 1143 1144
f 1144 1143 1139
f 1144 1139 1125
f 1125 1139 876
f 1125 876 1127
f 1127 876 874
f 1046 1048 1145
f 1145 1048 1146
f 1145 1146 1147
f 1147 1146 1148
f 1147 1148 1149
f 1149 1148 1150
f 1149 1150 1044
f 1044 1150 999
f 1044 999 1043
f 1043 999 997
f 1043 997 995
f 855 857 899
f 899 857 992
f 899 992 897
f 897 992 895
f 867 869 1041
f 1041 869 871
f 975 977 1151
f 1151 977 1152
f 1151 1152 1153
f 1153 1152 1154
f 1153 1154 1155
f 1155 1154 1156
f 1155 1156 1157
f 1157 1156 1158
f 1157 1158 1159
f 1159 1158 1160
f 1159 1160 1161
f 1161 1160 1162
f 1161 1162 1163
f 1163 1162 1164
f 1163 1164 1165
f 1165 1164 1110
f 1165 1110 1166
f 1166 1110 1112
f 1166 1112 1167
f 1167 1112 1114
f 1167 1114 1168
f 1168 1114 1116
f 1168 1116 1169
f 1169 1116 1118
f 1169 1118 1170
f 1170 1118 1120
f 1170 1120 1171
f 1171 1120 1172
f 1171 1172 1173
f 1173 1172 1124
f 1173 1124 1174
f 1174 1124 1126
f 1174 1126 1175
f 1175 1126 1128
f 1175 1128 1129
f 1173 1174 1176
f 1176 1174 1175
f 1176 1175 1177
f 1177 1175 1129
f 1177 1129 1130
f 1042 861 1040
f 1040 861 863
f 1040 863 865
f 1013 1015 1011
f 1011 1015 1178
f 1011 1178 1009
f 1009 1178 1179
f 1009 1179 1180
f 1180 1179 1181
f 1180 1181 1182
f 1182 1181 996
f 1182 996 998
f 994 996 1034
f 1034 996 1181
f 1034 1181 1032
f 1032 1181 1179
f 1032 1179 1183
f 1183 1179 1178
f 1183 1178 1015
f 1047 890 1184
f 1184 890 888
f 1184 888 1185
f 1185 888 1186
f 1185 1186 1187
f 1187 1186 888
f 1187 888 886
f 1149 1044 1147
f 1147 1044 1045
f 1147 1045 1145
f 1145 1045 1046
f 886 884 1188
f 1188 884 882
f 1188 882 1189
f 1189 882 1078
f 1189 1078 1190
f 1190 1078 1080
f 1190 1080 1191
f 1191 1080 1082
f 1191 1082 1084
f 1057 1192 1193
f 1193 1192 1194
f 1193 1194 1189
f 1189 1194 1195
f 1189 1195 1188
f 1188 1195 1187
f 1188 1187 886
f 881 877 879
f 1134 1132 1196
f 1196 1132 1131
f 1196 1131 870
f 870 1131 872
f 1130 951 1177
f 1177 951 953
f 1177 953 1176
f 1176 953 955
f 1176 955 1173
f 1173 955 957
f 1173 957 1197
f 1197 957 959
f 1197 959 1170
f 1170 959 1198
f 1170 1198 1199
f 1199 1198 1200
f 1199 1200 1201
f 1201 1200 1202
f 1201 1202 1203
f 1203 1202 1163
f 1203 1163 1165
f 1007 1009 1005
f 1005 1009 1180
f 1005 1180 1000
f 1000 1180 1182
f 1000 1182 998
f 1121 1142 1204
f 1204 1142 1144
f 1204 1144 1125
f 1121 1204 1123
f 1123 1204 1125
f 1057 1055 1192
f 1192 1055 1053
f 1192 1053 1194
f 1194 1053 1051
f 1194 1051 1195
f 1195 1051 1185
f 1195 1185 1187
f 1048 1050 1146
f 1146 1050 1205
f 1146 1205 1148
f 1148 1205 1206
f 1148 1206 1207
f 1207 1206 1001
f 1207 1001 1208
f 1208 1001 999
f 1208 999 1150
f 1140 1139 1141
f 1141 1139 1143
f 1079 880 878
f 1207 1208 1148
f 1148 1208 1150
f 1047 1184 1049
f 1049 1184 1185
f 1049 1185 1051
f 250 252 1209
f 1209 252 254
f 1209 254 1210
f 1210 254 256
f 1210 256 1211
f 1211 256 1212
f 1211 1212 1213
f 1213 1212 1214
f 1213 1214 1215
f 1215 1214 1216
f 1215 1216 1217
f 1217 1216 1218
f 1217 1218 1219
f 1219 1218 1220
f 1219 1220 1221
f 1221 1220 1222
f 1221 1222 1223
f 1223 1222 1224
f 1223 1224 1225
f 1225 1224 1226
f 1225 1226 1227
f 1227 1226 1228
f 1227 1228 1229
f 1229 1228 1230
f 1229 1230 1231
f 1231 1230 1232
f 1231 1232 1233
f 1233 1232 1234
f 1233 1234 1235
f 1235 1234 1236
f 1235 1236 1237
f 1237 1236 1238
f 1237 1238 1239
f 1239 1238 1240
f 1239 1240 1241
f 1241 1240 1242
f 1241 1242 1243
f 1243 1242 1244
f 1243 1244 1245
f 1245 1244 1246
f 1245 1246 1247
f 1247 1246 1248
f 1247 1248 1249
f 1249 1248 1250
f 1249 1250 1251
f 1251 1250 1252
f 1251 1252 1253
f 1253 1252 1254
f 1253 1254 1255
f 1255 1254 1256
f 1255 1256 1257
f 1257 1256 1258
f 1257 1258 1259
f 1259 1258 1260
f 1259 1260 1261
f 1261 1260 1262
f 1261 1262 1263
f 1263 1262 1264
f 1263 1264 1265
f 1265 1264 1266
f 1265 1266 1267
f 1267 1266 1268
f 1267 1268 1269
f 1269 1268 1270
f 1269 1270 1271
f 1271 1270 1272
f 1271 1272 1273
f 1273 1272 1274
f 1273 1274 1275
f 1275 1274 1276
f 1275 1276 1277
f 1277 1276 1278
f 1277 1278 1279
f 1279 1278 1280
f 1279 1280 1281
f 1281 1280 1282
f 1281 1282 1283
f 1283 1282 1284
f 1283 1284 1285
f 1285 1284 1286
f 1285 1286 1287
f 1287 1286 1288
f 1287 1288 1036
f 1036 1288 900
f 1036 900 898
f 1026 1028 1289
f 1289 1028 1030
f 1289 1030 1183
f 1183 1030 1032
f 1120 1122 1290
f 1290 1122 1124
f 1290 1124 1172
f 1136 1196 1138
f 1138 1196 870
f 1138 870 868
f 1170 1171 1197
f 1197 1171 1173
f 1024 1026 1017
f 1017 1026 1289
f 1017 1289 1015
f 1015 1289 1183
f 982 956 1291
f 1291 956 954
f 1291 954 1292
f 1292 954 952
f 1292 952 1293
f 1293 952 1294
f 1293 1294 1295
f 1295 1294 1296
f 1295 1296 1297
f 1297 1296 1298
f 1297 1298 1299
f 1299 1298 1300
f 1299 1300 1301
f 1301 1300 1302
f 1301 1302 1303
f 1303 1302 1304
f 1303 1304 1305
f 1305 1304 1306
f 1305 1306 1307
f 1307 1306 1308
f 1307 1308 1309
f 1309 1308 1310
f 1309 1310 1311
f 1311 1310 1312
f 1311 1312 1313
f 1313 1312 1314
f 1313 1314 1315
f 1315 1314 1316
f 1315 1316 1317
f 1317 1316 1318
f 1317 1318 1319
f 1319 1318 1320
f 1319 1320 1321
f 1321 1320 1322
f 1321 1322 1323
f 1323 1322 1324
f 1323 1324 1325
f 1325 1324 1326
f 1325 1326 1327
f 1327 1326 1328
f 1327 1328 1329
f 1329 1328 1330
f 1329 1330 1331
f 1331 1330 1332
f 1331 1332 1333
f 1333 1332 1334
f 1333 1334 1335
f 1335 1334 1336
f 1335 1336 1337
f 1337 1336 1338
f 1337 1338 1339
f 1339 1338 1340
f 1339 1340 1341
f 1341 1340 1342
f 1341 1342 1343
f 1343 1342 1344
f 1343 1344 1345
f 1345 1344 1346
f 1345 1346 1347
f 1347 1346 1348
f 1347 1348 1349
f 1349 1348 1350
f 1349 1350 1351
f 1351 1350 1352
f 1351 1352 1353
f 1353 1352 1354
f 1353 1354 1355
f 1355 1354 1356
f 1355 1356 1357
f 1357 1356 1358
f 1357 1358 1359
f 1359 1358 1360
f 1359 1360 1361
f 1361 1360 1362
f 1361 1362 1363
f 1363 1362 1364
f 1363 1364 1365
f 1365 1364 1366
f 1365 1366 1367
f 1367 1366 1368
f 1367 1368 1369
f 1369 1368 1370
f 1369 1370 1371
f 1371 1370 1372
f 1371 1372 1373
f 1373 1372 1374
f 1373 1374 1375
f 1375 1374 1376
f 1375 1376 1377
f 1377 1376 1378
f 1377 1378 1379
f 1379 1378 1380
f 1379 1380 1381
f 1381 1380 1382
f 1381 1382 1383
f 1383 1382 1384
f 1383 1384 1385
f 1385 1384 1386
f 1385 1386 1387
f 1387 1386 1388
f 1387 1388 1389
f 1389 1388 1390
f 1389 1390 1391
f 1391 1390 1392
f 1391 1392 1393
f 1393 1392 1394
f 1393 1394 1395
f 1395 1394 1396
f 1395 1396 1397
f 1397 1396 1398
f 1397 1398 1399
f 1399 1398 1400
f 1399 1400 1401
f 1401 1400 1402
f 1401 1402 1403
f 1403 1402 1404
f 1403 1404 1405
f 1405 1404 1406
f 1405 1406 1407
f 1407 1406 1408
f 1407 1408 1409
f 1409 1408 1410
f 1409 1410 1411
f 1411 1410 1412
f 1411 1412 1413
f 1413 1412 1414
f 1413 1414 1415
f 1415 1414 1416
f 1415 1416 1417
f 1417 1416 1418
f 1417 1418 1419
f 1419 1418 1420
f 1419 1420 1421
f 1421 1420 1422
f 1421 1422 1423
f 1423 1422 1424
f 1423 1424 1425
f 1425 1424 1426
f 1425 1426 1427
f 1427 1426 1428
f 1427 1428 1429
f 1429 1428 1430
f 1429 1430 1431
f 1431 1430 1432
f 1431 1432 1433
f 1433 1432 1434
f 1433 1434 1435
f 1435 1434 1436
f 1435 1436 1437
f 1437 1436 1438
f 1437 1438 1439
f 1439 1438 1440
f 1439 1440 1441
f 1441 1440 1442
f 1441 1442 1443
f 1443 1442 1444
f 1443 1444 1445
f 1445 1444 1446
f 1445 1446 1447
f 1447 1446 1448
f 1447 1448 1449
f 1449 1448 1450
f 1449 1450 1451
f 1451 1450 1452
f 1451 1452 1453
f 1453 1452 1454
f 1453 1454 1455
f 1455 1454 1456
f 1455 1456 1457
f 1457 1456 1458
f 1457 1458 1459
f 1459 1458 1460
f 1459 1460 1461
f 1461 1460 1462
f 1461 1462 1463
f 1463 1462 1464
f 1463 1464 1465
f 1465 1464 1466
f 1465 1466 1467
f 1467 1466 1468
f 1467 1468 1469
f 1469 1468 1470
f 1469 1470 1471
f 1471 1470 1472
f 1471 1472 1473
f 1473 1472 1468
f 1473 1468 1466
f 1290 1172 1120
f 1050 1052 1474
f 1474 1052 1475
f 1474 1475 1476
f 1476 1475 1477
f 1476 1477 1478
f 1478 1477 1479
f 1478 1479 1480
f 1480 1479 1481
f 1480 1481 1206
f 1206 1481 1004
f 1206 1004 1001
f 1001 1004 1003
f 1130 949 951
f 1482 1483 1484
f 1484 1483 1485
f 1484 1485 1486
f 1486 1485 1487
f 1486 1487 1488
f 1488 1487 1489
f 1488 1489 1490
f 1490 1489 1491
f 1490 1491 1492
f 1492 1491 1493
f 1492 1493 1494
f 1494 1493 1495
f 1494 1495 1496
f 1496 1495 1497
f 1496 1497 1265
f 1265 1497 1498
f 1265 1498 1263
f 1263 1498 1499
f 1263 1499 1500
f 1500 1499 1501
f 1500 1501 1502
f 1502 1501 1503
f 1502 1503 1504
f 1504 1503 1505
f 1504 1505 1506
f 1506 1505 1507
f 1506 1507 1508
f 1508 1507 1509
f 1508 1509 1243
f 1243 1509 1510
f 1243 1510 1511
f 1511 1510 1512
f 1511 1512 1513
f 1513 1512 1514
f 1513 1514 1235
f 1235 1514 1515
f 1235 1515 1233
f 1233 1515 1516
f 1233 1516 1517
f 1517 1516 1518
f 1517 1518 1519
f 1519 1518 1520
f 1519 1520 1521
f 1521 1520 1522
f 1521 1522 1523
f 1523 1522 1524
f 1523 1524 1525
f 1525 1524 1526
f 1525 1526 1527
f 1527 1526 1528
f 1527 1528 1529
f 1529 1528 1530
f 1529 1530 1531
f 1531 1530 1532
f 1531 1532 1533
f 1533 1532 1534
f 1533 1534 1535
f 1535 1534 1536
f 1535 1536 1537
f 1537 1536 1538
f 1537 1538 1539
f 1539 1538 1540
f 1539 1540 1541
f 1541 1540 1542
f 1541 1542 1543
f 1543 1542 1544
f 1543 1544 1545
f 1545 1544 1546
f 1545 1546 1547
f 1547 1546 1548
f 1547 1548 1549
f 1549 1548 1550
f 1549 1550 1551
f 1551 1550 1552
f 1551 1552 1553
f 1553 1552 1554
f 1553 1554 1555
f 1555 1554 1483
f 1555 1483 1556
f 1556 1483 1482
f 1556 1482 1557
f 1557 1482 1558
f 1557 1558 1559
f 1559 1558 1560
f 1559 1560 1561
f 1561 1560 1562
f 1561 1562 1563
f 1563 1562 1564
f 1563 1564 1565
f 1565 1564 1566
f 1565 1566 1567
f 1567 1566 1568
f 1567 1568 1569
f 1569 1568 1570
f 1569 1570 1571
f 1571 1570 1572
f 1571 1572 1573
f 1573 1572 1574
f 1573 1574 1575
f 1575 1574 1576
f 1575 1576 1577
f 1577 1576 1578
f 1577 1578 1027
f 1027 1578 1579
f 1027 1579 1029
f 1029 1579 1580
f 1029 1580 1031
f 1031 1580 1581
f 1031 1581 1033
f 1033 1581 1582
f 1033 1582 1035
f 1035 1582 1287
f 1035 1287 1036
f 982 1291 981
f 981 1291 1583
f 981 1583 1584
f 1584 1583 1585
f 1584 1585 1586
f 1586 1585 1305
f 1586 1305 1587
f 1587 1305 1307
f 1587 1307 1309
f 1085 1083 1117
f 1117 1083 1081
f 1117 1081 1119
f 1119 1081 1142
f 1119 1142 1121
f 1196 1136 1134
f 1081 1079 1142
f 1018 1016 1588
f 1588 1016 1014
f 1588 1014 1589
f 1589 1014 1012
f 1589 1012 1590
f 1590 1012 1010
f 1590 1010 1591
f 1591 1010 1008
f 1591 1008 1481
f 1481 1008 1006
f 1481 1006 1004
f 981 1584 979
f 979 1584 1586
f 979 1586 1592
f 1592 1586 1593
f 1592 1593 1594
f 1594 1593 1311
f 1594 1311 1595
f 1595 1311 1313
f 1595 1313 1596
f 1596 1313 1315
f 1596 1315 1317
f 959 961 1198
f 1198 961 963
f 1198 963 1200
f 1200 963 1597
f 1200 1597 1202
f 1202 1597 1598
f 1202 1598 1599
f 1599 1598 1600
f 1599 1600 1155
f 1155 1600 973
f 1155 973 1153
f 1153 973 975
f 1153 975 1151
f 962 960 966
f 966 960 980
f 966 980 968
f 1301 1585 1601
f 1601 1585 1583
f 1601 1583 1602
f 1602 1583 1291
f 1602 1291 1292
f 1603 1604 1605
f 1605 1604 1606
f 1605 1606 1607
f 1607 1606 1608
f 1607 1608 1609
f 1609 1608 1610
f 1609 1610 1611
f 1611 1610 1612
f 1611 1612 1613
f 1613 1612 1614
f 1613 1614 1615
f 1615 1614 1616
f 1615 1616 1617
f 1617 1616 1618
f 1617 1618 1619
f 1619 1618 1620
f 1619 1620 1621
f 1621 1620 1622
f 1621 1622 1623
f 1623 1622 1624
f 1623 1624 1625
f 1625 1624 1626
f 1625 1626 1627
f 1627 1626 1628
f 1627 1628 1629
f 1629 1628 1630
f 1629 1630 1631
f 1631 1630 1632
f 1631 1632 1633
f 1633 1632 1634
f 1633 1634 1304
f 1304 1634 1635
f 1304 1635 1636
f 1636 1635 1637
f 1636 1637 1638
f 1638 1637 1639
f 1638 1639 1640
f 1640 1639 1641
f 1640 1641 1642
f 1642 1641 1643
f 1642 1643 1644
f 1644 1643 1645
f 1644 1645 1646
f 1646 1645 1647
f 1646 1647 1648
f 1648 1647 1649
f 1648 1649 1650
f 1650 1649 1651
f 1650 1651 1652
f 1652 1651 1653
f 1652 1653 1654
f 1654 1653 1655
f 1654 1655 1656
f 1656 1655 1657
f 1656 1657 1658
f 1658 1657 1659
f 1658 1659 1660
f 1660 1659 1661
f 1660 1661 1662
f 1662 1661 1663
f 1662 1663 1664
f 1664 1663 1665
f 1664 1665 1666
f 1666 1665 1667
f 1666 1667 1668
f 1668 1667 1669
f 1668 1669 1670
f 1670 1669 1671
f 1670 1671 1672
f 1672 1671 1673
f 1672 1673 1674
f 1674 1673 1675
f 1674 1675 1676
f 1676 1675 1677
f 1676 1677 1678
f 1678 1677 1679
f 1678 1679 1422
f 1422 1679 1680
f 1422 1680 1424
f 1424 1680 1681
f 1424 1681 1682
f 1682 1681 1683
f 1682 1683 1684
f 1684 1683 1685
f 1684 1685 1686
f 1686 1685 1687
f 1686 1687 1688
f 1688 1687 1689
f 1688 1689 1690
f 1690 1689 1691
f 1690 1691 1692
f 1692 1691 1693
f 1692 1693 1694
f 1694 1693 1695
f 1694 1695 1696
f 1696 1695 1697
f 1696 1697 1698
f 1698 1697 1699
f 1698 1699 1700
f 1700 1699 1701
f 1700 1701 1702
f 1702 1701 1703
f 1702 1703 1704
f 1704 1703 1705
f 1704 1705 1706
f 1706 1705 1707
f 1706 1707 1708
f 1708 1707 1709
f 1708 1709 1710
f 1710 1709 1603
f 1710 1603 1711
f 1711 1603 1712
f 1711 1712 1713
f 1713 1712 1714
f 1713 1714 1715
f 1715 1714 1716
f 1715 1716 1717
f 1717 1716 1718
f 1717 1718 1719
f 1719 1718 1720
f 1719 1720 1721
f 1721 1720 922
f 1721 922 1722
f 1722 922 920
f 1722 920 1723
f 1723 920 918
f 1723 918 1724
f 1724 918 1725
f 1724 1725 1726
f 1726 1725 1727
f 1726 1727 1728
f 1728 1727 1729
f 1728 1729 1730
f 1730 1729 908
f 1730 908 1731
f 1731 908 906
f 1731 906 1732
f 1732 906 904
f 1732 904 1733
f 1733 904 902
f 1733 902 1734
f 1734 902 901
f 1734 901 1735
f 1735 901 900
f 1735 900 1288
f 952 950 1294
f 1294 950 948
f 1294 948 1736
f 1736 948 946
f 1736 946 1737
f 1737 946 1738
f 1737 1738 1739
f 1739 1738 1740
f 1739 1740 1741
f 1741 1740 1742
f 1741 1742 1743
f 1743 1742 1625
f 1743 1625 1627
f 1588 1744 1745
f 1745 1744 1746
f 1745 1746 1747
f 1747 1746 1748
f 1747 1748 1749
f 1749 1748 1750
f 1749 1750 1751
f 1751 1750 1752
f 1751 1752 1753
f 1753 1752 1754
f 1753 1754 1022
f 1022 1754 1755
f 1022 1755 1025
f 1025 1755 1577
f 1025 1577 1027
f 1480 1206 1756
f 1756 1206 1205
f 1756 1205 1050
f 933 935 913
f 913 935 1757
f 913 1757 911
f 911 1757 1758
f 911 1758 909
f 909 1758 1759
f 909 1759 1760
f 1760 1759 1761
f 1760 1761 864
f 864 1761 866
f 866 1761 1137
f 1137 1761 1759
f 1137 1759 1762
f 1762 1759 1763
f 1762 1763 1764
f 1764 1763 937
f 1764 937 939
f 1292 1293 1602
f 1602 1293 1295
f 1602 1295 1297
f 1024 1017 1019
f 1084 1765 1191
f 1191 1765 1766
f 1191 1766 1190
f 1190 1766 1193
f 1190 1193 1189
f 962 966 964
f 941 945 1133
f 1133 945 947
f 1133 947 949
f 1167 1168 1199
f 1199 1168 1169
f 1199 1169 1170
f 1594 1595 1767
f 1767 1595 1596
f 1767 1596 1768
f 1768 1596 1769
f 1768 1769 1770
f 1770 1769 1771
f 1770 1771 1772
f 1772 1771 1773
f 1772 1773 1774
f 1774 1773 1775
f 1774 1775 1776
f 1776 1775 1777
f 1776 1777 1778
f 1778 1777 1779
f 1778 1779 1767
f 1767 1779 1780
f 1767 1780 1781
f 1781 1780 977
f 1781 977 1782
f 1782 977 978
f 1782 978 1592
f 1592 978 979
f 1022 1025 1023
f 1050 1474 1756
f 1756 1474 1478
f 1756 1478 1480
f 1723 1783 1722
f 1722 1783 1784
f 1722 1784 1785
f 1785 1784 1786
f 1785 1786 1787
f 1787 1786 1788
f 1787 1788 1789
f 1789 1788 1790
f 1789 1790 1791
f 1791 1790 1792
f 1791 1792 1793
f 1793 1792 1794
f 1793 1794 1795
f 1795 1794 1796
f 1795 1796 1797
f 1797 1796 1798
f 1797 1798 1799
f 1799 1798 1800
f 1799 1800 1801
f 1801 1800 1802
f 1801 1802 1803
f 1803 1802 1804
f 1803 1804 1805
f 1805 1804 1806
f 1805 1806 1807
f 1807 1806 1808
f 1807 1808 1809
f 1809 1808 1810
f 1809 1810 1811
f 1811 1810 1734
f 1811 1734 1286
f 1286 1734 1735
f 1286 1735 1288
f 1569 1571 1754
f 1754 1571 1573
f 1754 1573 1755
f 1755 1573 1575
f 1755 1575 1577
f 1579 1578 1812
f 1812 1578 1813
f 1812 1813 1814
f 1814 1813 1815
f 1814 1815 1816
f 1816 1815 1817
f 1816 1817 1818
f 1818 1817 1819
f 1818 1819 1820
f 1820 1819 1821
f 1820 1821 1822
f 1822 1821 1823
f 1822 1823 1267
f 1267 1823 1496
f 1267 1496 1265
f 1486 1488 1824
f 1824 1488 1825
f 1824 1825 1826
f 1826 1825 1827
f 1826 1827 1828
f 1828 1827 1829
f 1828 1829 1574
f 1574 1829 1813
f 1574 1813 1576
f 1576 1813 1578
f 1273 1275 1830
f 1830 1275 1831
f 1830 1831 1832
f 1832 1831 1833
f 1832 1833 1834
f 1834 1833 1835
f 1834 1835 1836
f 1836 1835 1837
f 1836 1837 1838
f 1838 1837 1580
f 1838 1580 1579
f 1273 1830 1839
f 1839 1830 1832
f 1839 1832 1816
f 1816 1832 1834
f 1816 1834 1814
f 1814 1834 1836
f 1814 1836 1812
f 1812 1836 1838
f 1812 1838 1579
f 963 965 1597
f 1597 965 967
f 1597 967 1600
f 1600 967 971
f 1600 971 973
f 1275 1277 1831
f 1831 1277 1840
f 1831 1840 1841
f 1841 1840 1281
f 1841 1281 1842
f 1842 1281 1283
f 1842 1283 1843
f 1843 1283 1285
f 1843 1285 1582
f 1582 1285 1287
f 1582 1581 1843
f 1843 1581 1844
f 1843 1844 1842
f 1842 1844 1837
f 1842 1837 1835
f 1767 1781 1594
f 1594 1781 1782
f 1594 1782 1592
f 1837 1844 1580
f 1580 1844 1581
f 972 970 974
f 976 974 970
f 967 969 971
f 1760 864 1845
f 1845 864 862
f 1845 862 1846
f 1846 862 860
f 1846 860 858
f 856 903 858
f 858 903 905
f 858 905 1846
f 1846 905 907
f 1846 907 1845
f 1845 907 909
f 1845 909 1760
f 1745 1747 1847
f 1847 1747 1848
f 1847 1848 1020
f 1020 1848 1753
f 1020 1753 1022
f 34 1849 1850
f 1850 1849 1851
f 1850 1851 1852
f 1852 1851 1853
f 1852 1853 1854
f 1854 1853 1855
f 1854 1855 1856
f 1856 1855 1857
f 1856 1857 1858
f 1858 1857 1859
f 1858 1859 1860
f 1860 1859 1861
f 1860 1861 1862
f 1862 1861 1863
f 1862 1863 1864
f 1864 1863 1865
f 1864 1865 1866
f 1866 1865 1867
f 1866 1867 1868
f 1868 1867 1869
f 1868 1869 1870
f 1870 1869 1871
f 1870 1871 1872
f 1872 1871 1873
f 1872 1873 1874
f 1874 1873 1875
f 1874 1875 1876
f 1876 1875 1877
f 1876 1877 1878
f 1878 1877 1879
f 1878 1879 1880
f 1880 1879 1881
f 1880 1881 1882
f 1882 1881 1883
f 1882 1883 1884
f 1884 1883 1885
f 1884 1885 1886
f 1886 1885 1591
f 1886 1591 1481
f 1481 1479 1886
f 1886 1479 1887
f 1886 1887 1888
f 1888 1887 1889
f 1888 1889 1882
f 1882 1889 1890
f 1882 1890 1891
f 1891 1890 1892
f 1891 1892 1893
f 1893 1892 1894
f 1893 1894 1895
f 1895 1894 1896
f 1895 1896 1897
f 1897 1896 1898
f 1897 1898 1899
f 1899 1898 1900
f 1899 1900 1864
f 1864 1900 1901
f 1864 1901 1862
f 1862 1901 1902
f 1862 1902 1860
f 1860 1902 1903
f 1860 1903 1904
f 1904 1903 1905
f 1904 1905 1906
f 1906 1905 1907
f 1906 1907 1908
f 1908 1907 1909
f 1908 1909 1910
f 1910 1909 1911
f 1910 1911 1912
f 1912 1911 1913
f 1912 1913 1914
f 1914 1913 1915
f 1914 1915 1916
f 1916 1915 1917
f 1916 1917 1918
f 1918 1917 1919
f 1918 1919 1920
f 1920 1919 1921
f 1920 1921 1922
f 1922 1921 1923
f 1922 1923 1924
f 1924 1923 1925
f 1924 1925 1926
f 1926 1925 1927
f 1926 1927 1928
f 1928 1927 1929
f 1928 1929 1930
f 1930 1929 1931
f 1930 1931 1932
f 1932 1931 1059
f 1932 1059 1057
f 1294 1736 1296
f 1296 1736 1737
f 1296 1737 1298
f 1298 1737 1739
f 1298 1739 1933
f 1933 1739 1741
f 1933 1741 1934
f 1934 1741 1743
f 1934 1743 1935
f 1935 1743 1629
f 1935 1629 1631
f 1847 1020 1936
f 1936 1020 1018
f 1936 1018 1745
f 1745 1018 1588
f 1586 1587 1593
f 1593 1587 1309
f 1593 1309 1311
f 1777 1775 1779
f 1779 1775 1937
f 1779 1937 1938
f 1938 1937 1939
f 1938 1939 1780
f 1780 1939 1152
f 1780 1152 977
f 1299 1301 1297
f 1297 1301 1601
f 1297 1601 1602
f 1885 1883 1590
f 1590 1883 1940
f 1590 1940 1589
f 1589 1940 1744
f 1589 1744 1588
f 1137 1762 1135
f 1135 1762 1764
f 1135 1764 1941
f 1941 1764 939
f 1941 939 941
f 1745 1847 1936
f 1070 1072 1942
f 1942 1072 1943
f 1942 1943 1944
f 1944 1943 1945
f 1944 1945 1946
f 1946 1945 1947
f 1946 1947 1948
f 1948 1947 1475
f 1948 1475 1054
f 1054 1475 1052
f 1057 1193 1949
f 1949 1193 1766
f 1949 1766 1932
f 1932 1766 1950
f 1932 1950 1951
f 1951 1950 1952
f 1951 1952 1930
f 1930 1952 1953
f 1930 1953 1954
f 1954 1953 1955
f 1954 1955 1956
f 1956 1955 1957
f 1956 1957 1958
f 1958 1957 1959
f 1958 1959 1960
f 1960 1959 1961
f 1960 1961 1962
f 1962 1961 1963
f 1962 1963 1964
f 1964 1963 1965
f 1964 1965 1966
f 1966 1965 1092
f 1966 1092 1094
f 1813 1829 1817
f 1817 1829 1827
f 1817 1827 1819
f 1819 1827 1967
f 1819 1967 1821
f 1821 1967 1968
f 1821 1968 1823
f 1823 1968 1492
f 1823 1492 1494
f 1817 1815 1813
f 1560 1558 1969
f 1969 1558 1970
f 1969 1970 1570
f 1570 1970 1971
f 1570 1971 1572
f 1572 1971 1828
f 1572 1828 1574
f 1305 1585 1303
f 1585 1301 1303
f 1754 1752 1569
f 1569 1752 1972
f 1569 1972 1973
f 1973 1972 1750
f 1973 1750 1565
f 1565 1750 1974
f 1565 1974 1563
f 1563 1974 1975
f 1563 1975 1561
f 1561 1975 1976
f 1561 1976 1977
f 1977 1976 1978
f 1977 1978 1557
f 1557 1978 1979
f 1557 1979 1980
f 1980 1979 1556
f 1980 1556 1557
f 1476 1478 1474
f 1203 1166 1201
f 1201 1166 1167
f 1201 1167 1199
f 1107 1981 1109
f 1109 1981 1982
f 1109 1982 1111
f 1111 1982 1983
f 1111 1983 1113
f 1113 1983 1984
f 1113 1984 1115
f 1115 1984 1085
f 1115 1085 1117
f 1597 1600 1598
f 1801 1803 1985
f 1985 1803 1805
f 1985 1805 1278
f 1278 1805 1986
f 1278 1986 1280
f 1280 1986 1987
f 1280 1987 1282
f 1282 1987 1809
f 1282 1809 1284
f 1284 1809 1811
f 1284 1811 1286
f 1774 1776 1988
f 1988 1776 1778
f 1988 1778 1768
f 1768 1778 1767
f 1780 1779 1938
f 1885 1590 1591
f 1747 1749 1848
f 1848 1749 1751
f 1848 1751 1753
f 941 1133 1941
f 1941 1133 1135
f 1457 1459 1989
f 1989 1459 1990
f 1989 1990 1991
f 1991 1990 1992
f 1991 1992 1993
f 1993 1992 1994
f 1993 1994 1995
f 1995 1994 1996
f 1995 1996 1997
f 1997 1996 1998
f 1997 1998 1999
f 1999 1998 2000
f 1999 2000 2001
f 2001 2000 2002
f 2001 2002 2003
f 2003 2002 2004
f 2003 2004 2005
f 2005 2004 2006
f 2005 2006 2007
f 2007 2006 2008
f 2007 2008 2009
f 2009 2008 2010
f 2009 2010 2011
f 2011 2010 2012
f 2011 2012 2013
f 2013 2012 2014
f 2013 2014 2015
f 2015 2014 2016
f 2015 2016 2017
f 2017 2016 2018
f 2017 2018 2019
f 2019 2018 2020
f 2019 2020 2021
f 2021 2020 2022
f 2021 2022 2023
f 2023 2022 2024
f 2023 2024 2025
f 2025 2024 2026
f 2025 2026 2027
f 2027 2026 2028
f 2027 2028 2029
f 2029 2028 2030
f 2029 2030 2031
f 2031 2030 2032
f 2031 2032 2033
f 2033 2032 2034
f 2033 2034 2035
f 2035 2034 2036
f 2035 2036 2037
f 2037 2036 2038
f 2037 2038 2039
f 2039 2038 2040
f 2039 2040 2041
f 2041 2040 2042
f 2041 2042 2043
f 2043 2042 2044
f 2043 2044 2045
f 2045 2044 2046
f 2045 2046 2047
f 2047 2046 2048
f 2047 2048 2049
f 2049 2048 2050
f 2049 2050 2051
f 2051 2050 1154
f 2051 1154 1937
f 1937 1154 1152
f 1937 1152 1939
f 1484 1824 1971
f 1971 1824 1826
f 1971 1826 1828
f 1943 1072 2052
f 2052 1072 2053
f 2052 2053 2054
f 2054 2053 2055
f 2054 2055 1945
f 1945 2055 2056
f 1945 2056 1947
f 1947 2056 1887
f 1947 1887 1477
f 1477 1887 1479
f 1566 1560 1568
f 1568 1560 1969
f 1568 1969 1570
f 1972 1752 1750
f 6 4 2057
f 2057 4 2058
f 2057 2058 2059
f 2059 2058 2060
f 2059 2060 2061
f 2061 2060 2062
f 2061 2062 2063
f 2063 2062 2064
f 2063 2064 2065
f 2065 2064 2066
f 2065 2066 2067
f 2067 2066 2068
f 2067 2068 2069
f 2069 2068 2070
f 2069 2070 2071
f 2071 2070 2072
f 2071 2072 2073
f 2073 2072 2074
f 2073 2074 2075
f 2075 2074 2076
f 2075 2076 2077
f 2077 2076 2078
f 2077 2078 2079
f 2079 2078 2080
f 2079 2080 2081
f 2081 2080 2082
f 2081 2082 2083
f 2083 2082 2084
f 2083 2084 2085
f 2085 2084 2086
f 2085 2086 2087
f 2087 2086 2088
f 2087 2088 2089
f 2089 2088 2090
f 2089 2090 2091
f 2091 2090 2092
f 2091 2092 2093
f 2093 2092 2094
f 2093 2094 2095
f 2095 2094 1746
f 2095 1746 2096
f 2096 1746 1744
f 2096 1744 1940
f 1558 1482 1970
f 1970 1482 1484
f 1970 1484 1971
f 1323 2097 2098
f 2098 2097 2099
f 2098 2099 2100
f 2100 2099 2101
f 2100 2101 1321
f 1321 2101 2102
f 1321 2102 1319
f 1319 2102 2103
f 1319 2103 1317
f 1317 2103 1769
f 1317 1769 1596
f 1569 1973 1567
f 1770 1772 1768
f 1768 1772 1774
f 1768 1774 1988
f 1949 1932 1057
f 2051 1937 2049
f 2049 1937 1775
f 2049 1775 2047
f 2047 1775 1773
f 2047 1773 2045
f 2045 1773 2104
f 2045 2104 2043
f 2043 2104 2105
f 2043 2105 2106
f 2106 2105 2107
f 2106 2107 2108
f 2108 2107 2101
f 2108 2101 2099
f 1090 2109 1088
f 1088 2109 2110
f 1088 2110 1086
f 1086 2110 1952
f 1086 1952 1765
f 1765 1952 1950
f 1765 1950 1766
f 1728 2111 1726
f 1726 2111 2112
f 1726 2112 1724
f 1724 2112 2113
f 1724 2113 1783
f 1783 2113 2114
f 1783 2114 1784
f 1784 2114 2115
f 1784 2115 1786
f 1786 2115 2116
f 1786 2116 2117
f 2117 2116 2118
f 2117 2118 2119
f 2119 2118 2120
f 2119 2120 2121
f 2121 2120 2122
f 2121 2122 1802
f 1802 2122 2123
f 1802 2123 1804
f 1804 2123 2124
f 1804 2124 1806
f 1806 2124 2125
f 1806 2125 1808
f 1808 2125 2126
f 1808 2126 1810
f 1810 2126 1733
f 1810 1733 1734
f 1070 1942 2127
f 2127 1942 2128
f 2127 2128 1064
f 1064 2128 1944
f 1064 1944 1062
f 1062 1944 2129
f 1062 2129 2130
f 2130 2129 2131
f 2130 2131 1056
f 1056 2131 1054
f 1054 2131 1948
f 1948 2131 2129
f 1948 2129 1944
f 1475 1947 1477
f 935 937 1757
f 1757 937 1763
f 1757 1763 1758
f 1758 1763 1759
f 1567 1973 1565
f 1882 1884 1888
f 1888 1884 1886
f 1831 1841 1833
f 1833 1841 1842
f 1833 1842 1835
f 1159 1161 1599
f 1599 1161 1163
f 1599 1163 1202
f 1492 1968 1490
f 1490 1968 1967
f 1490 1967 1825
f 1825 1967 1827
f 1824 1484 1486
f 1599 1155 1159
f 1159 1155 1157
f 1621 1623 2132
f 2132 1623 1742
f 2132 1742 2133
f 2133 1742 1740
f 2133 1740 2134
f 2134 1740 1738
f 2134 1738 944
f 944 1738 946
f 2135 2136 2137
f 2137 2136 2138
f 2137 2138 2139
f 2139 2138 2140
f 2139 2140 2141
f 2141 2140 2142
f 2141 2142 2143
f 2143 2142 2144
f 2143 2144 2145
f 2145 2144 2146
f 2145 2146 2147
f 2147 2146 2148
f 2147 2148 2137
f 2137 2148 2085
f 2137 2085 2135
f 2135 2085 2087
f 2135 2087 2149
f 2149 2087 2091
f 2149 2091 1875
f 1875 2091 2093
f 1875 2093 1877
f 1877 2093 2095
f 1877 2095 1879
f 1879 2095 2096
f 1879 2096 1881
f 1881 2096 1940
f 1881 1940 1883
f 2101 2107 2150
f 2150 2107 2105
f 2150 2105 2151
f 2151 2105 2104
f 2151 2104 2152
f 2152 2104 2153
f 2152 2153 2103
f 2103 2153 1771
f 2103 1771 1769
f 1975 1974 2154
f 2154 1974 2155
f 2154 2155 2090
f 2090 2155 2156
f 2090 2156 2092
f 2092 2156 1748
f 2092 1748 2094
f 2094 1748 1746
f 1154 2050 1156
f 1156 2050 2157
f 1156 2157 2158
f 2158 2157 2159
f 2158 2159 2160
f 2160 2159 2161
f 2160 2161 2162
f 2162 2161 2163
f 2162 2163 2164
f 2164 2163 2165
f 2164 2165 2166
f 2166 2165 2167
f 2166 2167 2168
f 2168 2167 2169
f 2168 2169 2170
f 2170 2169 2171
f 2170 2171 2172
f 2172 2171 2173
f 2172 2173 2174
f 2174 2173 2175
f 2174 2175 2176
f 2176 2175 2177
f 2176 2177 2178
f 2178 2177 2179
f 2178 2179 2180
f 2180 2179 2181
f 2180 2181 2182
f 2182 2181 2183
f 2182 2183 2184
f 2184 2183 2185
f 2184 2185 2186
f 2186 2185 2187
f 2186 2187 2188
f 2188 2187 2189
f 2188 2189 2190
f 2190 2189 2191
f 2190 2191 2192
f 2192 2191 2193
f 2192 2193 2194
f 2194 2193 2195
f 2194 2195 2196
f 2196 2195 2197
f 2196 2197 2198
f 2198 2197 2199
f 2198 2199 2200
f 2200 2199 2201
f 2200 2201 2202
f 2202 2201 2203
f 2202 2203 2204
f 2204 2203 2205
f 2204 2205 2206
f 2206 2205 2207
f 2206 2207 2208
f 2208 2207 2209
f 2208 2209 2210
f 2210 2209 2211
f 2210 2211 2212
f 2212 2211 2213
f 2212 2213 2214
f 2214 2213 2215
f 2214 2215 2216
f 2216 2215 2217
f 2216 2217 2218
f 2218 2217 2219
f 2218 2219 2220
f 2220 2219 2221
f 2220 2221 2222
f 2222 2221 2223
f 2222 2223 2224
f 2224 2223 2199
f 2224 2199 2225
f 2225 2199 2197
f 2225 2197 2195
f 941 943 945
f 1974 1750 2155
f 2155 1750 1748
f 2155 1748 2156
f 1646 1648 2226
f 2226 1648 2227
f 2226 2227 2228
f 2228 2227 2229
f 2228 2229 2230
f 2230 2229 2231
f 2230 2231 2232
f 2232 2231 2233
f 2232 2233 2234
f 2234 2233 1316
f 2234 1316 2235
f 2235 1316 1314
f 2235 1314 1312
f 2226 2228 1644
f 1644 2228 2236
f 1644 2236 1642
f 1642 2236 2235
f 1642 2235 1640
f 1640 2235 1312
f 1640 1312 1310
f 1562 1560 1564
f 1564 1560 1566
f 1304 1636 1306
f 1306 1636 1638
f 1306 1638 1308
f 1308 1638 1310
f 1310 1638 1640
f 1765 1084 1086
f 2104 1773 2153
f 2153 1773 1771
f 1103 1101 1105
f 1105 1101 1099
f 1105 1099 1981
f 1981 1099 1093
f 1981 1093 2237
f 2237 1093 1091
f 2237 1091 1983
f 1983 1091 1089
f 1983 1089 1984
f 1984 1089 1087
f 1984 1087 1085
f 1887 2056 1889
f 1889 2056 2055
f 1889 2055 2238
f 2238 2055 2239
f 2238 2239 2240
f 2240 2239 2241
f 2240 2241 2242
f 2242 2241 2243
f 2242 2243 2244
f 2244 2243 2245
f 2244 2245 2246
f 2246 2245 2247
f 2246 2247 2248
f 2248 2247 2249
f 2248 2249 2250
f 2250 2249 1894
f 2250 1894 2251
f 2251 1894 2252
f 2251 2252 2253
f 2253 2252 2254
f 2253 2254 2255
f 2255 2254 2256
f 2255 2256 2257
f 2257 2256 2238
f 2257 2238 2240
f 2150 2151 2102
f 2102 2151 2152
f 2102 2152 2103
f 1485 1483 2258
f 2258 1483 1554
f 2258 1554 2259
f 2259 1554 1552
f 2259 1552 2260
f 2260 1552 2261
f 2260 2261 2262
f 2262 2261 2263
f 2262 2263 2264
f 2264 2263 2265
f 2264 2265 2266
f 2266 2265 2267
f 2266 2267 2268
f 2268 2267 2269
f 2268 2269 2270
f 2270 2269 2271
f 2270 2271 2272
f 2272 2271 1538
f 2272 1538 1536
f 1485 2258 1487
f 1487 2258 2259
f 1487 2259 2260
f 1825 1488 1490
f 1378 1376 2273
f 2273 1376 2274
f 2273 2274 2275
f 2275 2274 1374
f 2275 1374 2276
f 2276 1374 1372
f 2276 1372 2277
f 2277 1372 2278
f 2277 2278 2279
f 2279 2278 2280
f 2279 2280 2281
f 2281 2280 2282
f 2281 2282 2283
f 2283 2282 2284
f 2283 2284 2285
f 2285 2284 2286
f 2285 2286 2287
f 2287 2286 2288
f 2287 2288 2289
f 2289 2288 2290
f 2289 2290 2291
f 2291 2290 2292
f 2291 2292 2293
f 2293 2292 2294
f 2293 2294 2295
f 2295 2294 2296
f 2295 2296 2297
f 2297 2296 2298
f 2297 2298 2299
f 2299 2298 2300
f 2299 2300 2301
f 2301 2300 2302
f 2301 2302 2303
f 2303 2302 2304
f 2303 2304 2305
f 2305 2304 2306
f 2305 2306 2307
f 2307 2306 2308
f 2307 2308 2309
f 2309 2308 2310
f 2309 2310 2311
f 2311 2310 2312
f 2311 2312 2313
f 2313 2312 2314
f 2313 2314 2315
f 2315 2314 2316
f 2315 2316 2317
f 2317 2316 2318
f 2317 2318 2319
f 2319 2318 2320
f 2319 2320 2321
f 2321 2320 2322
f 2321 2322 2323
f 2323 2322 2324
f 2323 2324 2325
f 2325 2324 2326
f 2325 2326 2327
f 2327 2326 2328
f 2327 2328 2329
f 2329 2328 2330
f 2329 2330 2331
f 2331 2330 2332
f 2331 2332 2233
f 2233 2332 1318
f 2233 1318 1316
f 2123 2333 2124
f 2124 2333 2334
f 2124 2334 2125
f 2125 2334 2335
f 2125 2335 2126
f 2126 2335 1732
f 2126 1732 1733
f 1165 1166 1203
f 1631 1633 1935
f 1935 1633 1302
f 1935 1302 1934
f 1934 1302 1300
f 1934 1300 1933
f 1933 1300 1298
f 1271 1273 2336
f 2336 1273 1839
f 2336 1839 1818
f 1818 1839 1816
f 1056 1058 2130
f 2130 1058 1060
f 2130 1060 1062
f 1986 1805 1987
f 1987 1805 1807
f 1987 1807 1809
f 1302 1633 1304
f 1277 1279 1840
f 1840 1279 1281
f 1557 1559 1977
f 1977 1559 1561
f 1930 1932 1951
f 1948 1944 1946
f 1505 1503 2337
f 2337 1503 1501
f 2337 1501 2338
f 2338 1501 2339
f 2338 2339 2340
f 2340 2339 2341
f 2340 2341 2342
f 2342 2341 2343
f 2342 2343 2344
f 2344 2343 2345
f 2344 2345 2346
f 2346 2345 2347
f 2346 2347 2348
f 2348 2347 1489
f 2348 1489 1487
f 2337 2338 2349
f 2349 2338 2350
f 2349 2350 2351
f 2351 2350 2352
f 2351 2352 2353
f 2353 2352 2344
f 2353 2344 2262
f 2262 2344 2346
f 2262 2346 2260
f 2260 2346 2348
f 2260 2348 1487
f 1549 1551 2354
f 2354 1551 2355
f 2354 2355 2356
f 2356 2355 2357
f 2356 2357 2358
f 2358 2357 2359
f 2358 2359 2360
f 2360 2359 2361
f 2360 2361 2362
f 2362 2361 2363
f 2362 2363 2364
f 2364 2363 2365
f 2364 2365 2366
f 2366 2365 2367
f 2366 2367 1556
f 1556 2367 1555
f 2361 2357 2365
f 2365 2357 2368
f 2365 2368 2367
f 2367 2368 1553
f 2367 1553 1555
f 2101 2150 2102
f 2008 2369 2010
f 2010 2369 2370
f 2010 2370 2012
f 2012 2370 2371
f 2012 2371 2014
f 2014 2371 2372
f 2014 2372 2373
f 2373 2372 2374
f 2373 2374 2375
f 2375 2374 2376
f 2375 2376 2377
f 2377 2376 2169
f 2377 2169 2378
f 2378 2169 2167
f 2378 2167 2379
f 2379 2167 2165
f 2379 2165 2380
f 2380 2165 2163
f 2380 2163 2381
f 2381 2163 2382
f 2381 2382 2383
f 2383 2382 2384
f 2383 2384 2048
f 2048 2384 2157
f 2048 2157 2050
f 1336 1334 2385
f 2385 1334 2386
f 2385 2386 2387
f 2387 2386 2388
f 2387 2388 2389
f 2389 2388 2390
f 2389 2390 2391
f 2391 2390 2392
f 2391 2392 2393
f 2393 2392 2394
f 2393 2394 2395
f 2395 2394 2396
f 2395 2396 2312
f 2312 2396 2397
f 2312 2397 2314
f 2314 2397 2398
f 2314 2398 2316
f 2316 2398 2399
f 2316 2399 2320
f 2320 2399 2400
f 2320 2400 2401
f 2401 2400 2402
f 2401 2402 2403
f 2403 2402 2404
f 2403 2404 2405
f 2405 2404 2406
f 2405 2406 2328
f 2328 2406 2407
f 2328 2407 2330
f 2330 2407 1320
f 2330 1320 2332
f 2332 1320 1318
f 2408 1556 2409
f 2409 1556 1979
f 2409 1979 2410
f 2410 1979 1978
f 2410 1978 2409
f 2409 1978 2411
f 2409 2411 2408
f 2408 2411 2364
f 2408 2364 2366
f 2366 1556 2408
f 2160 2162 2412
f 2412 2162 2413
f 2412 2413 2414
f 2414 2413 2415
f 2414 2415 2416
f 2416 2415 2417
f 2416 2417 2418
f 2418 2417 2419
f 2418 2419 2420
f 2420 2419 2421
f 2420 2421 2422
f 2422 2421 2423
f 2422 2423 2424
f 2424 2423 2425
f 2424 2425 2426
f 2426 2425 2427
f 2426 2427 2428
f 2428 2427 1160
f 2428 1160 2429
f 2429 1160 1158
f 2429 1158 2158
f 2158 1158 1156
f 2230 2232 2236
f 2236 2232 2234
f 2236 2234 2235
f 1725 916 1727
f 1727 916 912
f 1727 912 1729
f 1729 912 910
f 1729 910 908
f 1267 1269 1822
f 1822 1269 2336
f 1822 2336 1820
f 1820 2336 1818
f 2357 2355 2368
f 2368 2355 1551
f 2368 1551 1553
f 1652 1654 2430
f 2430 1654 2431
f 2430 2431 2432
f 2432 2431 2433
f 2432 2433 2434
f 2434 2433 2327
f 2434 2327 2435
f 2435 2327 2329
f 2435 2329 2436
f 2436 2329 2331
f 2436 2331 2231
f 2231 2331 2233
f 2345 1493 2347
f 2347 1493 1491
f 2347 1491 1489
f 2020 2018 2437
f 2437 2018 2016
f 2437 2016 2438
f 2438 2016 2439
f 2438 2439 2440
f 2440 2439 2441
f 2440 2441 2442
f 2442 2441 2443
f 2442 2443 2444
f 2444 2443 2445
f 2444 2445 2446
f 2446 2445 2447
f 2446 2447 2448
f 2448 2447 2449
f 2448 2449 2042
f 2042 2449 2450
f 2042 2450 2044
f 2044 2450 2383
f 2044 2383 2046
f 2046 2383 2048
f 1718 1716 2451
f 2451 1716 2452
f 2451 2452 2453
f 2453 2452 2454
f 2453 2454 2455
f 2455 2454 2456
f 2455 2456 2457
f 2457 2456 2458
f 2457 2458 930
f 930 2458 2459
f 930 2459 2460
f 2460 2459 2461
f 2460 2461 2462
f 2462 2461 2463
f 2462 2463 2464
f 2464 2463 2465
f 2464 2465 942
f 942 2465 944
f 2132 2466 2465
f 2465 2466 2134
f 2465 2134 944
f 1731 1732 2467
f 2467 1732 2468
f 2467 2468 2111
f 2111 2468 2469
f 2111 2469 2112
f 2112 2469 2118
f 2112 2118 2113
f 2113 2118 2116
f 2113 2116 2115
f 1731 2467 1730
f 1730 2467 2111
f 1730 2111 1728
f 1872 1874 2470
f 2470 1874 1876
f 2470 1876 1893
f 1893 1876 1878
f 1893 1878 1891
f 1891 1878 1880
f 1891 1880 1882
f 2100 1321 2098
f 1323 2098 1321
f 1732 2335 2468
f 2468 2335 2334
f 2468 2334 2333
f 2460 2462 934
f 934 2462 2471
f 934 2471 936
f 936 2471 940
f 936 940 938
f 2462 2464 2471
f 2471 2464 942
f 2471 942 940
f 1889 2238 1890
f 1890 2238 2256
f 1890 2256 2472
f 2472 2256 2254
f 2472 2254 2252
f 2411 1978 2473
f 2473 1978 1976
f 2473 1976 2474
f 2474 1976 1975
f 2474 1975 2475
f 2475 1975 2476
f 2475 2476 2477
f 2477 2476 2086
f 2477 2086 2084
f 2388 2386 2478
f 2478 2386 2479
f 2478 2479 2480
f 2480 2479 2481
f 2480 2481 2482
f 2482 2481 2483
f 2482 2483 2404
f 2404 2483 2484
f 2404 2484 2406
f 2406 2484 1324
f 2406 1324 2407
f 2407 1324 1322
f 2407 1322 1320
f 2261 1552 2485
f 2485 1552 2486
f 2485 2486 2263
f 2263 2486 2487
f 2263 2487 2265
f 2265 2487 2488
f 2265 2488 2267
f 2267 2488 2489
f 2267 2489 2269
f 2269 2489 2490
f 2269 2490 2271
f 2271 2490 1540
f 2271 1540 1538
f 2489 2488 2491
f 2491 2488 2487
f 2491 2487 1548
f 1548 2487 2486
f 1548 2486 1550
f 1550 2486 1552
f 1963 2492 2493
f 2493 2492 1957
f 2493 1957 2109
f 2109 1957 1955
f 2109 1955 2110
f 2110 1955 1953
f 2110 1953 1952
f 2090 2088 2154
f 2154 2088 2476
f 2154 2476 1975
f 2361 2365 2363
f 2423 2421 2494
f 2494 2421 2495
f 2494 2495 2496
f 2496 2495 2497
f 2496 2497 2498
f 2498 2497 1106
f 2498 1106 1164
f 1164 1106 1108
f 1164 1108 1110
f 2494 2496 2423
f 2423 2496 2498
f 2423 2498 2425
f 2425 2498 1164
f 2425 1164 2427
f 2427 1164 1162
f 2427 1162 1160
f 1655 1653 2499
f 2499 1653 2500
f 2499 2500 2501
f 2501 2500 2502
f 2501 2502 2503
f 2503 2502 2504
f 2503 2504 2505
f 2505 2504 2506
f 2505 2506 2507
f 2507 2506 2508
f 2507 2508 2509
f 2509 2508 2510
f 2509 2510 2511
f 2511 2510 2512
f 2511 2512 2513
f 2513 2512 2514
f 2513 2514 2515
f 2515 2514 2516
f 2515 2516 2517
f 2517 2516 2518
f 2517 2518 2519
f 2519 2518 2520
f 2519 2520 1632
f 1632 2520 2521
f 1632 2521 1634
f 1634 2521 1635
f 2382 2161 2384
f 2384 2161 2159
f 2384 2159 2157
f 1059 1931 1061
f 1061 1931 1929
f 1061 1929 1927
f 1643 1641 2522
f 2522 1641 1639
f 2522 1639 2523
f 2523 1639 1637
f 2523 1637 2524
f 2524 1637 1635
f 2524 1635 2521
f 2031 2033 1331
f 1331 2033 2525
f 1331 2525 2526
f 2526 2525 2527
f 2526 2527 2528
f 2528 2527 2529
f 2528 2529 2108
f 2108 2529 2039
f 2108 2039 2106
f 2106 2039 2041
f 2106 2041 2043
f 2364 2411 2530
f 2530 2411 2473
f 2530 2473 2531
f 2531 2473 2532
f 2531 2532 2074
f 2074 2532 2533
f 2074 2533 2076
f 2076 2533 2080
f 2076 2080 2078
f 2072 2360 2530
f 2530 2360 2362
f 2530 2362 2364
f 2134 2466 2133
f 2236 2228 2230
f 2336 1269 1271
f 2485 2263 2261
f 1331 2526 1329
f 1329 2526 2534
f 1329 2534 2535
f 2535 2534 2097
f 2535 2097 1325
f 1325 2097 1323
f 1983 1982 2237
f 2066 2064 2536
f 2536 2064 2537
f 2536 2537 2538
f 2538 2537 2539
f 2538 2539 2540
f 2540 2539 1547
f 2540 1547 2541
f 2541 1547 1549
f 2541 1549 2542
f 2542 1549 2354
f 2542 2354 2356
f 2357 2361 2359
f 2054 1945 2052
f 1943 2052 1945
f 2383 2450 2381
f 2381 2450 2449
f 2381 2449 2543
f 2543 2449 2447
f 2543 2447 2445
f 2420 2422 2544
f 2544 2422 2424
f 2544 2424 2412
f 2412 2424 2426
f 2412 2426 2160
f 2160 2426 2429
f 2160 2429 2158
f 2426 2428 2429
f 2432 2434 2227
f 2227 2434 2435
f 2227 2435 2229
f 2229 2435 2436
f 2229 2436 2231
f 2538 2540 2545
f 2545 2540 2546
f 2545 2546 2547
f 2547 2546 2548
f 2547 2548 2068
f 2068 2548 2549
f 2068 2549 2550
f 2550 2549 2542
f 2550 2542 2358
f 2358 2542 2356
f 925 929 2551
f 2551 929 931
f 2551 931 915
f 915 931 933
f 915 933 913
f 2082 2080 2477
f 2477 2080 2533
f 2477 2533 2475
f 2475 2533 2532
f 2475 2532 2474
f 2474 2532 2473
f 2108 2099 2528
f 2528 2099 2097
f 2528 2097 2534
f 2087 2089 2091
f 912 916 914
f 2476 2088 2086
f 2245 2243 2552
f 2552 2243 2241
f 2552 2241 1074
f 1074 2241 2239
f 1074 2239 2053
f 2053 2239 2055
f 2128 1942 1944
f 1890 2472 1892
f 1892 2472 2252
f 1892 2252 1894
f 1494 1496 1823
f 1324 2484 1326
f 1326 2484 2483
f 1326 2483 2553
f 2553 2483 2554
f 2553 2554 1330
f 1330 2554 2479
f 1330 2479 2386
f 2490 2489 1544
f 1544 2489 2491
f 1544 2491 1546
f 1546 2491 1548
f 2237 1982 1981
f 1501 1498 2339
f 2339 1498 1497
f 2339 1497 2341
f 2341 1497 1495
f 2341 1495 2343
f 2343 1495 1493
f 2343 1493 2345
f 2548 2546 2549
f 2549 2546 2541
f 2549 2541 2542
f 2170 2555 2556
f 2556 2555 2557
f 2556 2557 2417
f 2417 2557 2558
f 2417 2558 2419
f 2419 2558 2559
f 2419 2559 2560
f 2560 2559 2561
f 2560 2561 2562
f 2562 2561 2563
f 2562 2563 2564
f 2564 2563 2565
f 2564 2565 1100
f 1100 2565 2566
f 1100 2566 2567
f 2567 2566 2568
f 2567 2568 2569
f 2569 2568 2570
f 2569 2570 2571
f 2571 2570 2572
f 2571 2572 1960
f 1960 2572 2573
f 1960 2573 2574
f 2574 2573 2575
f 2574 2575 2576
f 2576 2575 2577
f 2576 2577 2578
f 2578 2577 2579
f 2578 2579 1954
f 1954 2579 1928
f 1954 1928 1930
f 2032 2580 2034
f 2034 2580 2581
f 2034 2581 2036
f 2036 2581 2582
f 2036 2582 2038
f 2038 2582 2583
f 2038 2583 2040
f 2040 2583 2448
f 2040 2448 2042
f 1325 1327 2535
f 2461 1619 2463
f 2463 1619 2132
f 2463 2132 2465
f 2070 2068 2360
f 2360 2068 2550
f 2360 2550 2358
f 1649 1647 2584
f 2584 1647 2585
f 2584 2585 2586
f 2586 2585 2523
f 2586 2523 2518
f 2518 2523 2524
f 2518 2524 2520
f 2520 2524 2521
f 2074 2072 2531
f 2531 2072 2530
f 2466 2132 2133
f 1643 2522 1645
f 1645 2522 2585
f 1645 2585 1647
f 1743 1627 1629
f 42 40 2587
f 2587 40 2588
f 2587 2588 2589
f 2589 2588 2590
f 2589 2590 2591
f 2591 2590 2592
f 2591 2592 2593
f 2593 2592 2594
f 2593 2594 2595
f 2595 2594 2596
f 2595 2596 2597
f 2597 2596 2598
f 2597 2598 2599
f 2599 2598 2600
f 2599 2600 2601
f 2601 2600 2602
f 2601 2602 2603
f 2603 2602 2604
f 2603 2604 2605
f 2605 2604 2606
f 2605 2606 2607
f 2607 2606 2608
f 2607 2608 2609
f 2609 2608 2610
f 2609 2610 2611
f 2611 2610 2612
f 2611 2612 2613
f 2613 2612 2614
f 2613 2614 2615
f 2615 2614 2616
f 2615 2616 2617
f 2617 2616 2618
f 2617 2618 2619
f 2619 2618 2620
f 2619 2620 2621
f 2621 2620 2622
f 2621 2622 2623
f 2623 2622 2624
f 2623 2624 2625
f 2625 2624 2626
f 2625 2626 2627
f 2627 2626 2628
f 2627 2628 2629
f 2629 2628 2630
f 2629 2630 2631
f 2631 2630 2632
f 2631 2632 2633
f 2633 2632 2634
f 2633 2634 2635
f 2635 2634 2636
f 2635 2636 2637
f 2637 2636 2638
f 2637 2638 2639
f 2639 2638 2640
f 2639 2640 2641
f 2641 2640 2642
f 2641 2642 2643
f 2643 2642 2644
f 2643 2644 2645
f 2645 2644 2646
f 2645 2646 2647
f 2647 2646 2648
f 2647 2648 2649
f 2649 2648 2650
f 2649 2650 2651
f 2651 2650 2652
f 2651 2652 2653
f 2653 2652 2654
f 2653 2654 2655
f 2655 2654 1801
f 2655 1801 2656
f 2656 1801 1985
f 2656 1985 2657
f 2657 1985 2658
f 2657 2658 1276
f 1276 2658 1278
f 1985 1278 2658
f 2546 2540 2541
f 95 97 2659
f 2659 97 2660
f 2659 2660 2661
f 2661 2660 2662
f 2661 2662 2663
f 2663 2662 2664
f 2663 2664 2665
f 2665 2664 2666
f 2665 2666 2667
f 2667 2666 2668
f 2667 2668 2669
f 2669 2668 2670
f 2669 2670 2671
f 2671 2670 2672
f 2671 2672 2673
f 2673 2672 2674
f 2673 2674 2675
f 2675 2674 2676
f 2675 2676 2677
f 2677 2676 2678
f 2677 2678 2679
f 2679 2678 1545
f 2679 1545 2539
f 2539 1545 1547
f 1963 2493 1092
f 1092 2493 2109
f 1092 2109 1090
f 2401 2403 2324
f 2324 2403 2405
f 2324 2405 2326
f 2326 2405 2328
f 2528 2534 2526
f 2535 1327 1329
f 1524 1522 1526
f 1526 1522 2680
f 1526 2680 1528
f 1528 2680 2681
f 1528 2681 1530
f 1530 2681 2682
f 1530 2682 1532
f 1532 2682 2683
f 1532 2683 2684
f 2684 2683 2685
f 2684 2685 2686
f 2686 2685 2687
f 2686 2687 2688
f 2688 2687 2689
f 2688 2689 2690
f 2690 2689 2691
f 2690 2691 2692
f 2692 2691 2351
f 2692 2351 2693
f 2693 2351 2353
f 2693 2353 2264
f 2264 2353 2262
f 2072 2070 2360
f 930 2460 932
f 932 2460 934
f 2523 2585 2522
f 2039 2529 2037
f 2037 2529 2527
f 2037 2527 2035
f 2035 2527 2525
f 2035 2525 2033
f 1644 1646 2226
f 2469 2468 2120
f 2120 2468 2333
f 2120 2333 2122
f 2122 2333 2123
f 2657 1276 2694
f 2694 1276 1274
f 2694 1274 2695
f 2695 1274 2696
f 2695 2696 2697
f 2697 2696 2698
f 2697 2698 2699
f 2699 2698 2700
f 2699 2700 2701
f 2701 2700 2702
f 2701 2702 2703
f 2703 2702 2704
f 2703 2704 2705
f 2705 2704 2706
f 2705 2706 2707
f 2707 2706 2708
f 2707 2708 2709
f 2709 2708 2710
f 2709 2710 2645
f 2645 2710 2711
f 2645 2711 2643
f 2643 2711 2712
f 2643 2712 2713
f 2713 2712 2714
f 2713 2714 2715
f 2715 2714 2716
f 2715 2716 2717
f 2717 2716 2718
f 2717 2718 2719
f 2719 2718 2720
f 2719 2720 2721
f 2721 2720 2722
f 2721 2722 1256
f 1256 2722 2723
f 1256 2723 1258
f 1258 2723 2724
f 1258 2724 2725
f 2725 2724 2726
f 2725 2726 2727
f 2727 2726 2716
f 2727 2716 2728
f 2728 2716 2729
f 2728 2729 2730
f 2730 2729 2731
f 2730 2731 2732
f 2732 2731 2733
f 2732 2733 2734
f 2734 2733 2735
f 2734 2735 2736
f 2736 2735 2737
f 2736 2737 2738
f 2738 2737 1268
f 2738 1268 1266
f 1326 2553 1328
f 2149 1875 2136
f 2136 1875 1873
f 2136 1873 2138
f 2138 1873 1871
f 2138 1871 2140
f 2140 1871 2739
f 2140 2739 2142
f 2142 2739 2740
f 2142 2740 2741
f 2741 2740 2742
f 2741 2742 2743
f 2743 2742 1865
f 2743 1865 1863
f 2161 2382 2163
f 2135 2149 2136
f 2375 2377 2443
f 2443 2377 2379
f 2443 2379 2744
f 2744 2379 2380
f 2744 2380 2543
f 2543 2380 2381
f 1742 1623 1625
f 2350 2340 2352
f 2352 2340 2342
f 2352 2342 2344
f 2479 2554 2481
f 2481 2554 2483
f 2082 2477 2084
f 1545 2678 1543
f 1543 2678 2676
f 1543 2676 2674
f 2538 2545 2536
f 2536 2545 2547
f 2536 2547 2066
f 2066 2547 2068
f 1544 1542 2490
f 1632 1630 2519
f 2519 1630 1628
f 2519 1628 2745
f 2745 1628 2746
f 2745 2746 2747
f 2747 2746 2748
f 2747 2748 2749
f 2749 2748 2750
f 2749 2750 2751
f 2751 2750 2752
f 2751 2752 2753
f 2753 2752 2754
f 2753 2754 2755
f 2755 2754 2756
f 2755 2756 2757
f 2757 2756 1620
f 2757 1620 2758
f 2758 1620 1618
f 2758 1618 1616
f 1328 2553 1330
f 921 923 919
f 919 923 2551
f 919 2551 917
f 917 2551 915
f 1893 1895 2470
f 2470 1895 1897
f 2470 1897 2759
f 2759 1897 1899
f 2759 1899 2760
f 2760 1899 1866
f 2760 1866 1868
f 2404 2402 2482
f 2482 2402 2761
f 2482 2761 2480
f 2480 2761 2762
f 2480 2762 2478
f 2478 2762 2390
f 2478 2390 2388
f 2539 2537 2679
f 2679 2537 2763
f 2679 2763 2764
f 2764 2763 2765
f 2764 2765 2766
f 2766 2765 2767
f 2766 2767 2768
f 2768 2767 2062
f 2768 2062 2769
f 2769 2062 2770
f 2769 2770 2771
f 2771 2770 2772
f 2771 2772 2773
f 2773 2772 2774
f 2773 2774 2775
f 2775 2774 2776
f 2775 2776 2777
f 2777 2776 197
f 2777 197 199
f 1902 1901 2778
f 2778 1901 2779
f 2778 2779 2780
f 2780 2779 2781
f 2780 2781 2782
f 2782 2781 2783
f 2782 2783 2784
f 2784 2783 2785
f 2784 2785 2786
f 2786 2785 2787
f 2786 2787 2788
f 2788 2787 2789
f 2788 2789 1919
f 1919 2789 2790
f 1919 2790 1921
f 1921 2790 2791
f 1921 2791 1923
f 1923 2791 2792
f 1923 2792 2793
f 2793 2792 2794
f 2793 2794 1061
f 1061 2794 1063
f 1061 1927 2793
f 2793 1927 1925
f 2793 1925 1923
f 2270 2795 2268
f 2268 2795 2796
f 2268 2796 2266
f 2266 2796 2693
f 2266 2693 2264
f 1274 1272 2696
f 2696 1272 2735
f 2696 2735 2698
f 2698 2735 2733
f 2698 2733 2700
f 2700 2733 2797
f 2700 2797 2798
f 2798 2797 2799
f 2798 2799 2800
f 2800 2799 2710
f 2800 2710 2708
f 2801 2802 2803
f 2803 2802 2804
f 2803 2804 2805
f 2805 2804 2806
f 2805 2806 2807
f 2807 2806 2808
f 2807 2808 2809
f 2809 2808 2810
f 2809 2810 2811
f 2811 2810 2802
f 2811 2802 2812
f 2812 2802 2801
f 2812 2801 2813
f 2813 2801 2814
f 2813 2814 2815
f 2815 2814 2816
f 2815 2816 2817
f 2817 2816 2818
f 2817 2818 2819
f 2819 2818 2820
f 2819 2820 2821
f 2821 2820 2822
f 2821 2822 2823
f 2823 2822 2824
f 2823 2824 2825
f 2825 2824 2826
f 2825 2826 2827
f 2827 2826 2828
f 2827 2828 2829
f 2829 2828 2830
f 2829 2830 2831
f 2831 2830 2832
f 2831 2832 2833
f 2833 2832 2834
f 2833 2834 2835
f 2835 2834 2836
f 2835 2836 2837
f 2837 2836 2838
f 2837 2838 2839
f 2839 2838 2840
f 2839 2840 2841
f 2841 2840 2842
f 2841 2842 2843
f 2843 2842 2844
f 2843 2844 2845
f 2845 2844 2846
f 2845 2846 2847
f 2847 2846 1541
f 2847 1541 2674
f 2674 1541 1543
f 1725 918 916
f 2735 1272 2737
f 2737 1272 1270
f 2737 1270 1268
f 1072 1074 2053
f 1107 1105 1981
f 2132 1619 1621
f 2448 2583 2446
f 2446 2583 2848
f 2446 2848 2444
f 2444 2848 2020
f 2444 2020 2442
f 2442 2020 2438
f 2442 2438 2440
f 2118 2469 2120
f 1064 1066 2127
f 2127 1066 1068
f 2127 1068 1070
f 1650 2430 1648
f 1648 2430 2432
f 1648 2432 2227
f 2067 2069 2849
f 2849 2069 2071
f 2849 2071 2850
f 2850 2071 2851
f 2850 2851 2852
f 2852 2851 2853
f 2852 2853 2854
f 2854 2853 2075
f 2854 2075 2855
f 2855 2075 2077
f 2855 2077 2856
f 2856 2077 2079
f 2856 2079 2857
f 2857 2079 2081
f 2857 2081 2858
f 2858 2081 2859
f 2858 2859 2860
f 2860 2859 2861
f 2860 2861 2862
f 2862 2861 2863
f 2862 2863 2864
f 2864 2863 2865
f 2864 2865 2866
f 2866 2865 2867
f 2866 2867 2868
f 2868 2867 2869
f 2868 2869 2870
f 2870 2869 2871
f 2870 2871 2872
f 2872 2871 2743
f 2872 2743 2873
f 2873 2743 1863
f 2873 1863 1861
f 1960 2574 1958
f 1958 2574 2576
f 1958 2576 1956
f 1956 2576 2578
f 1956 2578 1954
f 1334 1332 2386
f 2386 1332 1330
f 1542 1540 2490
f 2677 2679 2874
f 2874 2679 2764
f 2874 2764 2875
f 2875 2764 2766
f 2875 2766 2876
f 2876 2766 2877
f 2876 2877 2878
f 2878 2877 2667
f 2878 2667 2879
f 2879 2667 2669
f 2879 2669 2880
f 2880 2669 2671
f 2880 2671 2881
f 2881 2671 2673
f 2881 2673 2675
f 2250 2251 2248
f 2248 2251 2253
f 2248 2253 2246
f 2246 2253 2255
f 2246 2255 2244
f 2244 2255 2257
f 2244 2257 2242
f 2242 2257 2240
f 2537 2064 2763
f 2763 2064 2767
f 2763 2767 2765
f 2518 2516 2586
f 2586 2516 2514
f 2586 2514 2584
f 2584 2514 2512
f 2584 2512 2510
f 2730 2732 2882
f 2882 2732 2734
f 2882 2734 2883
f 2883 2734 2736
f 2883 2736 1262
f 1262 2736 2738
f 1262 2738 1264
f 1264 2738 1266
f 2867 2865 2884
f 2884 2865 2863
f 2884 2863 2885
f 2885 2863 2861
f 2885 2861 2148
f 2148 2861 2083
f 2148 2083 2085
f 2394 2392 2399
f 2399 2392 2886
f 2399 2886 2400
f 2400 2886 2887
f 2400 2887 2402
f 2402 2887 2761
f 2754 2752 1624
f 1624 2752 2748
f 1624 2748 1626
f 1626 2748 2746
f 1626 2746 1628
f 1654 1656 2431
f 2431 1656 2888
f 2431 2888 2433
f 2433 2888 2889
f 2433 2889 2327
f 2327 2889 2325
f 2075 2853 2073
f 2073 2853 2851
f 2073 2851 2071
f 1099 1097 1093
f 1093 1097 1095
f 2645 2647 2709
f 2709 2647 2649
f 2709 2649 2707
f 2707 2649 2651
f 2707 2651 2705
f 2705 2651 2653
f 2705 2653 2890
f 2890 2653 2655
f 2890 2655 2891
f 2891 2655 2656
f 2891 2656 2892
f 2892 2656 2657
f 2892 2657 2893
f 2893 2657 2694
f 2893 2694 2699
f 2699 2694 2695
f 2699 2695 2697
f 2812 2813 2894
f 2894 2813 2895
f 2894 2895 2896
f 2896 2895 2897
f 2896 2897 2898
f 2898 2897 2899
f 2898 2899 2900
f 2900 2899 2901
f 2900 2901 2902
f 2902 2901 2903
f 2902 2903 2904
f 2904 2903 2905
f 2904 2905 2906
f 2906 2905 2907
f 2906 2907 2908
f 2908 2907 2835
f 2908 2835 2909
f 2909 2835 2837
f 2909 2837 2910
f 2910 2837 2839
f 2910 2839 2911
f 2911 2839 2841
f 2911 2841 2912
f 2912 2841 2843
f 2912 2843 2913
f 2913 2843 2845
f 2913 2845 2672
f 2672 2845 2914
f 2672 2914 2674
f 2674 2914 2847
f 10 8 2915
f 2915 8 6
f 2915 6 2916
f 2916 6 2057
f 2916 2057 2917
f 2917 2057 2918
f 2917 2918 2919
f 2919 2918 2920
f 2919 2920 2849
f 2849 2920 2065
f 2849 2065 2067
f 1999 2001 2921
f 2921 2001 2922
f 2921 2922 2923
f 2923 2922 2924
f 2923 2924 2925
f 2925 2924 2926
f 2925 2926 2927
f 2927 2926 2928
f 2927 2928 2929
f 2929 2928 2930
f 2929 2930 2931
f 2931 2930 2932
f 2931 2932 2933
f 2933 2932 2934
f 2933 2934 2935
f 2935 2934 2936
f 2935 2936 2937
f 2937 2936 2938
f 2937 2938 2939
f 2939 2938 2940
f 2939 2940 2941
f 2941 2940 2942
f 2941 2942 2943
f 2943 2942 2944
f 2943 2944 2945
f 2945 2944 2946
f 2945 2946 2947
f 2947 2946 2948
f 2947 2948 2949
f 2949 2948 2950
f 2949 2950 1339
f 1339 2950 2951
f 1339 2951 1337
f 1337 2951 2029
f 1337 2029 2952
f 2952 2029 2031
f 2952 2031 1333
f 1333 2031 1331
f 2458 2456 2953
f 2953 2456 1615
f 2953 1615 2954
f 2954 1615 1617
f 2954 1617 2955
f 2955 1617 1619
f 2955 1619 2459
f 2459 1619 2461
f 1092 1965 1963
f 2565 2956 2957
f 2957 2956 2958
f 2957 2958 2959
f 2959 2958 2960
f 2959 2960 2961
f 2961 2960 2962
f 2961 2962 2963
f 2963 2962 2964
f 2963 2964 2965
f 2965 2964 2966
f 2965 2966 2570
f 2570 2966 2967
f 2570 2967 2572
f 2572 2967 2968
f 2572 2968 2573
f 2573 2968 2969
f 2573 2969 2575
f 2575 2969 2970
f 2575 2970 2971
f 2971 2970 1924
f 2971 1924 2579
f 2579 1924 1926
f 2579 1926 1928
f 1541 2846 1539
f 1539 2846 2972
f 1539 2972 2973
f 2973 2972 2974
f 2973 2974 2975
f 2975 2974 2976
f 2975 2976 2977
f 2977 2976 2978
f 2977 2978 2979
f 2979 2978 2838
f 2979 2838 2980
f 2980 2838 2836
f 2980 2836 2981
f 2981 2836 2834
f 2981 2834 2982
f 2982 2834 2832
f 2982 2832 2983
f 2983 2832 2830
f 2983 2830 2984
f 2984 2830 2985
f 2984 2985 2986
f 2986 2985 2987
f 2986 2987 2988
f 2988 2987 2989
f 2988 2989 2990
f 2990 2989 2991
f 2990 2991 2992
f 2992 2991 2993
f 2992 2993 2994
f 2994 2993 1529
f 2994 1529 1531
f 2470 2759 1872
f 1872 2759 2760
f 1872 2760 1868
f 2350 2338 2340
f 2272 2995 2795
f 2795 2995 2690
f 2795 2690 2796
f 2796 2690 2692
f 2796 2692 2693
f 1104 1106 2996
f 2996 1106 2497
f 2996 2497 2997
f 2997 2497 2562
f 2997 2562 1102
f 1102 2562 2564
f 1102 2564 1100
f 2392 2390 2886
f 2886 2390 2762
f 2886 2762 2887
f 2887 2762 2761
f 2324 2322 2401
f 2878 2880 2998
f 2998 2880 2881
f 2998 2881 2999
f 2999 2881 2677
f 2999 2677 2874
f 2874 2875 2999
f 2999 2875 2876
f 2999 2876 3000
f 3000 2876 2878
f 3000 2878 2998
f 2881 2675 2677
f 2914 2845 2847
f 1067 1065 3001
f 3001 1065 3002
f 3001 3002 3003
f 3003 3002 1063
f 3003 1063 3004
f 3004 1063 2794
f 3004 2794 3005
f 3005 2794 2792
f 3005 2792 2791
f 1065 1063 3002
f 2519 2745 2517
f 2517 2745 3006
f 2517 3006 2515
f 2515 3006 3007
f 2515 3007 2513
f 2513 3007 3008
f 2513 3008 3009
f 3009 3008 3010
f 3009 3010 3011
f 3011 3010 3012
f 3011 3012 2511
f 2511 3012 2507
f 2511 2507 2509
f 2062 2767 2064
f 2418 2420 2416
f 2416 2420 2544
f 2416 2544 2414
f 2414 2544 2412
f 2024 2022 3013
f 3013 2022 2848
f 3013 2848 2582
f 2582 2848 2583
f 1963 1961 2492
f 2492 1961 1959
f 2492 1959 1957
f 2297 3014 3015
f 3015 3014 3016
f 3015 3016 3017
f 3017 3016 3018
f 3017 3018 3019
f 3019 3018 3020
f 3019 3020 3021
f 3021 3020 3022
f 3021 3022 3023
f 3023 3022 3024
f 3023 3024 3025
f 3025 3024 3026
f 3025 3026 3027
f 3027 3026 3028
f 3027 3028 3029
f 3029 3028 3030
f 3029 3030 3031
f 3031 3030 3032
f 3031 3032 3033
f 3033 3032 3034
f 3033 3034 3035
f 3035 3034 2313
f 3035 2313 3036
f 3036 2313 3037
f 3036 3037 3038
f 3038 3037 3039
f 3038 3039 3040
f 3040 3039 3041
f 3040 3041 3042
f 3042 3041 3043
f 3042 3043 3044
f 3044 3043 3045
f 3044 3045 3046
f 3046 3045 3047
f 3046 3047 3048
f 3048 3047 3049
f 3048 3049 3050
f 3050 3049 3051
f 3050 3051 3052
f 3052 3051 3053
f 3052 3053 2889
f 2889 3053 2323
f 2889 2323 2325
f 1786 2117 1788
f 1788 2117 3054
f 1788 3054 1790
f 1790 3054 3055
f 1790 3055 1792
f 1792 3055 3056
f 1792 3056 3057
f 3057 3056 2121
f 3057 2121 1800
f 1800 2121 1802
f 2443 2744 2445
f 2445 2744 2543
f 2779 2247 2781
f 2781 2247 2245
f 2781 2245 1076
f 1076 2245 2552
f 1076 2552 1074
f 2413 2162 3058
f 3058 2162 2164
f 3058 2164 3059
f 3059 2164 2166
f 3059 2166 3060
f 3060 2166 2168
f 3060 2168 2170
f 12 3061 3062
f 3062 3061 3063
f 3062 3063 3064
f 3064 3063 3065
f 3064 3065 3066
f 3066 3065 3067
f 3066 3067 2852
f 2852 3067 3068
f 2852 3068 2850
f 2850 3068 2919
f 2850 2919 2849
f 1075 1073 1077
f 1077 1073 1071
f 2999 3000 2998
f 2059 2061 2920
f 2920 2061 2063
f 2920 2063 2065
f 2575 2971 2577
f 2577 2971 2579
f 2145 2147 2141
f 2141 2147 2137
f 2141 2137 2139
f 1510 1509 3069
f 3069 1509 1507
f 3069 1507 3070
f 3070 1507 3071
f 3070 3071 3072
f 3072 3071 3073
f 3072 3073 3074
f 3074 3073 2349
f 3074 2349 2351
f 2351 2691 3074
f 3074 2691 2689
f 3074 2689 3072
f 3072 2689 2687
f 3072 2687 3070
f 3070 2687 3075
f 3070 3075 3069
f 3069 3075 3076
f 3069 3076 1510
f 1510 3076 3077
f 1510 3077 1512
f 1512 3077 3078
f 1512 3078 3079
f 3079 3078 1518
f 3079 1518 1516
f 1724 1783 1723
f 2976 2974 2844
f 2844 2974 2972
f 2844 2972 2846
f 2703 2892 2701
f 2701 2892 2893
f 2701 2893 2699
f 1900 1898 2249
f 2249 1898 1896
f 2249 1896 1894
f 2322 2320 2401
f 2756 2754 1620
f 1620 2754 1624
f 1620 1624 1622
f 1498 1501 1499
f 2584 2510 1649
f 1649 2510 2508
f 1649 2508 1651
f 1651 2508 2506
f 1651 2506 2504
f 2913 2672 2912
f 2912 2672 2670
f 2912 2670 3080
f 3080 2670 3081
f 3080 3081 3082
f 3082 3081 3083
f 3082 3083 3084
f 3084 3083 3085
f 3084 3085 3086
f 3086 3085 3087
f 3086 3087 3088
f 3088 3087 2664
f 3088 2664 3089
f 3089 2664 2662
f 3089 2662 3090
f 3090 2662 3091
f 3090 3091 3092
f 3092 3091 3093
f 3092 3093 3094
f 3094 3093 3095
f 3094 3095 3096
f 3096 3095 3097
f 3096 3097 3098
f 3098 3097 3099
f 3098 3099 3100
f 3100 3099 3101
f 3100 3101 3102
f 3102 3101 3103
f 3102 3103 3104
f 3104 3103 3105
f 3104 3105 3106
f 3106 3105 3107
f 3106 3107 3108
f 3108 3107 3109
f 3108 3109 3082
f 3082 3109 3110
f 3082 3110 3080
f 3080 3110 2911
f 3080 2911 2912
f 2790 3003 2791
f 2791 3003 3004
f 2791 3004 3005
f 925 2551 923
f 2026 2024 2580
f 2580 2024 3013
f 2580 3013 2581
f 2581 3013 2582
f 2766 2768 2877
f 2877 2768 3111
f 2877 3111 3112
f 3112 3111 2771
f 3112 2771 2773
f 2861 2859 2083
f 2083 2859 2081
f 2270 2272 2795
f 1690 1692 3113
f 3113 1692 3114
f 3113 3114 3115
f 3115 3114 3116
f 3115 3116 3117
f 3117 3116 3118
f 3117 3118 3119
f 3119 3118 3120
f 3119 3120 3121
f 3121 3120 3122
f 3121 3122 3123
f 3123 3122 3124
f 3123 3124 3125
f 3125 3124 3126
f 3125 3126 3127
f 3127 3126 3128
f 3127 3128 3129
f 3129 3128 3130
f 3129 3130 3131
f 3131 3130 3132
f 3131 3132 3133
f 3133 3132 3134
f 3133 3134 3135
f 3135 3134 3136
f 3135 3136 3137
f 3137 3136 3138
f 3137 3138 3139
f 3139 3138 3140
f 3139 3140 3141
f 3141 3140 3142
f 3141 3142 3143
f 3143 3142 3144
f 3143 3144 3145
f 3145 3144 3146
f 3145 3146 3147
f 3147 3146 3148
f 3147 3148 3149
f 3149 3148 3150
f 3149 3150 3151
f 3151 3150 3152
f 3151 3152 3153
f 3153 3152 3154
f 3153 3154 3155
f 3155 3154 3156
f 3155 3156 3157
f 3157 3156 3158
f 3157 3158 3159
f 3159 3158 3160
f 3159 3160 3161
f 3161 3160 3162
f 3161 3162 3163
f 3163 3162 3164
f 3163 3164 3165
f 3165 3164 3166
f 3165 3166 3167
f 3167 3166 3168
f 3167 3168 3169
f 3169 3168 3170
f 3169 3170 3171
f 3171 3170 3172
f 3171 3172 3173
f 3173 3172 3174
f 3173 3174 3175
f 3175 3174 3176
f 3175 3176 3177
f 3177 3176 3178
f 3177 3178 3179
f 3179 3178 3180
f 3179 3180 3181
f 3181 3180 3182
f 3181 3182 3183
f 3183 3182 3184
f 3183 3184 3185
f 3185 3184 3186
f 3185 3186 3187
f 3187 3186 3188
f 3187 3188 3189
f 3189 3188 3190
f 3189 3190 3191
f 3191 3190 3192
f 3191 3192 3193
f 3193 3192 3194
f 3193 3194 3195
f 3195 3194 3196
f 3195 3196 3197
f 3197 3196 3198
f 3197 3198 3199
f 3199 3198 3200
f 3199 3200 3201
f 3201 3200 3202
f 3201 3202 3203
f 3203 3202 3204
f 3203 3204 3205
f 3205 3204 3206
f 3205 3206 3207
f 3207 3206 3208
f 3207 3208 3209
f 3209 3208 1791
f 3209 1791 3210
f 3210 1791 1793
f 3210 1793 3211
f 3211 1793 1795
f 3211 1795 2652
f 2652 1795 1797
f 2652 1797 3212
f 3212 1797 1799
f 3212 1799 2654
f 2654 1799 1801
f 2458 2953 2459
f 2459 2953 2954
f 2459 2954 2955
f 2457 930 3213
f 3213 930 928
f 3213 928 2455
f 2455 928 926
f 2455 926 2453
f 2453 926 3214
f 2453 3214 2451
f 2451 3214 1718
f 2032 2030 2580
f 2580 2030 2028
f 2580 2028 2026
f 2988 2990 3215
f 3215 2990 3216
f 3215 3216 3217
f 3217 3216 3218
f 3217 3218 3219
f 3219 3218 3220
f 3219 3220 2977
f 2977 3220 3221
f 2977 3221 2975
f 2975 3221 3222
f 2975 3222 2973
f 2973 3222 1537
f 2973 1537 1539
f 1337 2952 1335
f 1335 2952 1333
f 927 929 925
f 2783 1076 2785
f 2785 1076 1069
f 2785 1069 2787
f 2787 1069 1067
f 2787 1067 2789
f 2789 1067 3001
f 2789 3001 3003
f 2790 2789 3003
f 2114 2113 2115
f 1868 1870 1872
f 2996 2997 1104
f 2997 1102 1104
f 2121 3056 2119
f 2119 3056 3055
f 2119 3055 3054
f 2569 1962 3223
f 3223 1962 1964
f 3223 1964 1096
f 1096 1964 1966
f 1096 1966 1094
f 2867 2884 2146
f 2146 2884 2885
f 2146 2885 2148
f 2768 2769 3111
f 2745 2747 3224
f 3224 2747 3225
f 3224 3225 3226
f 3226 3225 3227
f 3226 3227 3228
f 3228 3227 3229
f 3228 3229 3230
f 3230 3229 2751
f 3230 2751 3231
f 3231 2751 3232
f 3231 3232 3233
f 3233 3232 3234
f 3233 3234 3235
f 3235 3234 3236
f 3235 3236 3237
f 3237 3236 3238
f 3237 3238 3239
f 3239 3238 3240
f 3239 3240 3241
f 3241 3240 3242
f 3241 3242 3243
f 3243 3242 3244
f 3243 3244 3245
f 3245 3244 3246
f 3245 3246 3247
f 3247 3246 3248
f 3247 3248 3249
f 3249 3248 3250
f 3249 3250 3251
f 3251 3250 3252
f 3251 3252 3253
f 3253 3252 3254
f 3253 3254 3255
f 3255 3254 3012
f 3255 3012 3256
f 3256 3012 3257
f 3256 3257 3258
f 3258 3257 3259
f 3258 3259 3260
f 3260 3259 3261
f 3260 3261 3262
f 3262 3261 3008
f 3262 3008 3007
f 3226 3228 3263
f 3263 3228 3264
f 3263 3264 3265
f 3265 3264 3266
f 3265 3266 3263
f 3263 3266 3006
f 3263 3006 3224
f 3224 3006 2745
f 1800 1798 3057
f 3057 1798 1794
f 3057 1794 1792
f 2840 2978 2842
f 2842 2978 2976
f 2842 2976 2844
f 2880 2878 2879
f 2308 3267 3268
f 3268 3267 3269
f 3268 3269 3270
f 3270 3269 3271
f 3270 3271 3272
f 3272 3271 3273
f 3272 3273 3274
f 3274 3273 3275
f 3274 3275 3276
f 3276 3275 3277
f 3276 3277 3278
f 3278 3277 3279
f 3278 3279 3280
f 3280 3279 3281
f 3280 3281 3282
f 3282 3281 3283
f 3282 3283 3284
f 3284 3283 2387
f 3284 2387 2389
f 3278 3280 3285
f 3285 3280 3282
f 3285 3282 2391
f 2391 3282 3284
f 2391 3284 2389
f 1257 1259 1500
f 1500 1259 1261
f 1500 1261 1263
f 2415 2413 3286
f 3286 2413 3058
f 3286 3058 2556
f 2556 3058 3059
f 2556 3059 2170
f 2170 3059 3060
f 2742 2740 1869
f 1869 2740 2739
f 1869 2739 1871
f 3046 3048 1662
f 1662 3048 3287
f 1662 3287 1660
f 1660 3287 3050
f 1660 3050 1658
f 1658 3050 3052
f 1658 3052 2888
f 2888 3052 2889
f 2119 3054 2117
f 1534 2684 1536
f 1536 2684 2686
f 1536 2686 2995
f 2995 2686 2688
f 2995 2688 2690
f 1344 1342 3288
f 3288 1342 1340
f 3288 1340 3289
f 3289 1340 1338
f 3289 1338 3290
f 3290 1338 1336
f 3290 1336 3291
f 3291 1336 2385
f 3291 2385 3283
f 3283 2385 2387
f 2020 2848 2022
f 3071 1505 3073
f 3073 1505 2337
f 3073 2337 2349
f 3043 3041 3292
f 3292 3041 3293
f 3292 3293 3051
f 3051 3293 2319
f 3051 2319 3053
f 3053 2319 2321
f 3053 2321 2323
f 1852 1854 3294
f 3294 1854 3295
f 3294 3295 3296
f 3296 3295 3297
f 3296 3297 3298
f 3298 3297 3299
f 3298 3299 3300
f 3300 3299 3301
f 3300 3301 3302
f 3302 3301 3303
f 3302 3303 3304
f 3304 3303 3305
f 3304 3305 3306
f 3306 3305 3307
f 3306 3307 3308
f 3308 3307 3309
f 3308 3309 3310
f 3310 3309 3311
f 3310 3311 3312
f 3312 3311 3313
f 3312 3313 3314
f 3314 3313 3315
f 3314 3315 3316
f 3316 3315 3317
f 3316 3317 3318
f 3318 3317 3319
f 3318 3319 3320
f 3320 3319 3321
f 3320 3321 3322
f 3322 3321 1920
f 3322 1920 3323
f 3323 1920 1922
f 3323 1922 2970
f 2970 1922 1924
f 2752 2750 2748
f 2057 2059 2918
f 2918 2059 2920
f 2664 3087 2666
f 2666 3087 3324
f 2666 3324 2668
f 2668 3324 3081
f 2668 3081 2670
f 1866 1899 1864
f 2667 2877 3325
f 3325 2877 3112
f 3325 3112 3326
f 3326 3112 2773
f 3326 2773 3327
f 3327 2773 2775
f 3327 2775 3328
f 3328 2775 2777
f 3328 2777 3329
f 3329 2777 199
f 3329 199 201
f 1650 1652 2430
f 2272 1536 2995
f 2776 2774 3330
f 3330 2774 2772
f 3330 2772 3331
f 3331 2772 2770
f 3331 2770 2060
f 2060 2770 2062
f 1861 1859 2873
f 2873 1859 3332
f 2873 3332 2872
f 2872 3332 3333
f 2872 3333 2870
f 2870 3333 3334
f 2870 3334 3335
f 3335 3334 3336
f 3335 3336 3337
f 3337 3336 26
f 3337 26 3338
f 3338 26 24
f 3338 24 3339
f 3339 24 22
f 3339 22 3340
f 3340 22 3341
f 3340 3341 3342
f 3342 3341 3343
f 3342 3343 3344
f 3344 3343 3345
f 3344 3345 3346
f 3346 3345 3062
f 3346 3062 3347
f 3347 3062 3064
f 3347 3064 3348
f 3348 3064 3066
f 3348 3066 2854
f 2854 3066 2852
f 2854 2855 3348
f 3348 2855 3349
f 3348 3349 3347
f 3347 3349 3350
f 3347 3350 3346
f 3346 3350 3349
f 3346 3349 3351
f 3351 3349 2855
f 3351 2855 3352
f 3352 2855 2856
f 3352 2856 3353
f 3353 2856 2857
f 3353 2857 3354
f 3354 2857 3355
f 3354 3355 3356
f 3356 3355 3357
f 3356 3357 3358
f 3358 3357 2864
f 3358 2864 2866
f 2562 2497 2560
f 2560 2497 2495
f 2560 2495 2419
f 2419 2495 2421
f 3272 3274 3270
f 3270 3274 3359
f 3270 3359 3360
f 3360 3359 3278
f 3360 3278 2393
f 2393 3278 3285
f 2393 3285 2391
f 2890 2891 2705
f 2705 2891 2892
f 2705 2892 2703
f 3223 1096 2567
f 2567 1096 1098
f 2567 1098 1100
f 1262 1260 2883
f 2883 1260 2725
f 2883 2725 2882
f 2882 2725 2727
f 2882 2727 2728
f 3225 2747 3229
f 3229 2747 2749
f 3229 2749 2751
f 2771 3111 2769
f 1900 2249 1901
f 1901 2249 2247
f 1901 2247 2779
f 2919 3068 2917
f 2917 3068 3067
f 2917 3067 2916
f 2916 3067 3361
f 2916 3361 3362
f 3362 3361 10
f 3362 10 2915
f 2394 2399 2396
f 2396 2399 2398
f 2396 2398 2397
f 2906 2908 3363
f 3363 2908 2909
f 3363 2909 3364
f 3364 2909 2910
f 3364 2910 3110
f 3110 2910 2911
f 2781 1076 2783
f 3213 2455 2457
f 2141 2143 2145
f 3283 3281 3291
f 3291 3281 3275
f 3291 3275 3365
f 3365 3275 3273
f 3365 3273 3366
f 3366 3273 3367
f 3366 3367 3368
f 3368 3367 3369
f 3368 3369 3370
f 3370 3369 3371
f 3370 3371 3372
f 3372 3371 3373
f 3372 3373 3374
f 3374 3373 3375
f 3374 3375 3376
f 3376 3375 3377
f 3376 3377 3378
f 3378 3377 3379
f 3378 3379 3380
f 3380 3379 1356
f 3380 1356 1354
f 2860 2862 3381
f 3381 2862 2864
f 3381 2864 3382
f 3382 2864 3357
f 3382 3357 3383
f 3383 3357 3355
f 3383 3355 2858
f 2858 3355 2857
f 2858 2860 3383
f 3383 2860 3381
f 3383 3381 3382
f 1865 2742 1867
f 1867 2742 1869
f 1656 1658 2888
f 3216 2992 3384
f 3384 2992 3385
f 3384 3385 3221
f 3221 3385 1533
f 3221 1533 3222
f 3222 1533 1535
f 3222 1535 1537
f 2661 2663 3386
f 3386 2663 2665
f 3386 2665 3325
f 3325 2665 2667
f 3263 3224 3226
f 2377 2378 2379
f 3268 3270 3387
f 3387 3270 3360
f 3387 3360 2395
f 2395 3360 2393
f 2316 2320 2318
f 1681 1680 3388
f 3388 1680 3389
f 3388 3389 3390
f 3390 3389 3391
f 3390 3391 1685
f 1685 3391 3392
f 1685 3392 3393
f 3393 3392 3394
f 3393 3394 3395
f 3395 3394 3396
f 3395 3396 3397
f 3397 3396 3242
f 3397 3242 3398
f 3398 3242 3240
f 3398 3240 3399
f 3399 3240 3400
f 3399 3400 3401
f 3401 3400 3402
f 3401 3402 3403
f 3403 3402 3404
f 3403 3404 3405
f 3405 3404 3406
f 3405 3406 3407
f 3407 3406 3408
f 3407 3408 3409
f 3409 3408 3410
f 3409 3410 3411
f 3411 3410 3412
f 3411 3412 3413
f 3413 3412 3234
f 3413 3234 3414
f 3414 3234 3232
f 3414 3232 3415
f 3415 3232 2755
f 3415 2755 1614
f 1614 2755 2757
f 1614 2757 1616
f 1616 2757 2758
f 3243 3245 3416
f 3416 3245 3417
f 3416 3417 3418
f 3418 3417 3419
f 3418 3419 3420
f 3420 3419 3421
f 3420 3421 3264
f 3264 3421 3422
f 3264 3422 3423
f 3423 3422 3007
f 3423 3007 3006
f 3006 3266 3423
f 2142 2869 2144
f 2144 2869 2867
f 2144 2867 2146
f 2417 2415 2556
f 2556 2415 3286
f 3087 3085 3324
f 3324 3085 3083
f 3324 3083 3081
f 1794 1798 1796
f 2513 3009 2511
f 2978 2840 2838
f 2743 2871 2741
f 2741 2871 2869
f 2741 2869 2142
f 2942 2940 3424
f 3424 2940 3425
f 3424 3425 3426
f 3426 3425 3427
f 3426 3427 3428
f 3428 3427 3429
f 3428 3429 3430
f 3430 3429 3431
f 3430 3431 3432
f 3432 3431 3433
f 3432 3433 3434
f 3434 3433 2027
f 3434 2027 2951
f 2951 2027 2029
f 2654 2652 3212
f 1243 1245 1508
f 1508 1245 3435
f 1508 3435 1506
f 1506 3435 3436
f 1506 3436 1504
f 1504 3436 3437
f 1504 3437 1502
f 1502 3437 1500
f 1247 3438 3435
f 3435 3438 1253
f 3435 1253 3436
f 3436 1253 1255
f 3436 1255 3437
f 3437 1255 1257
f 3437 1257 1500
f 3277 3275 3279
f 3279 3275 3281
f 2812 2894 3439
f 3439 2894 2896
f 3439 2896 3440
f 3440 2896 2898
f 3440 2898 3441
f 3441 2898 2900
f 3441 2900 3442
f 3442 2900 2902
f 3442 2902 3443
f 3443 2902 2904
f 3443 2904 3103
f 3103 2904 2906
f 3103 2906 3105
f 3105 2906 3363
f 3105 3363 3107
f 3107 3363 3364
f 3107 3364 3109
f 3109 3364 3110
f 1960 1962 2571
f 2571 1962 2569
f 3325 3326 3386
f 3386 3326 3327
f 3386 3327 3444
f 3444 3327 3328
f 3444 3328 3445
f 3445 3328 3329
f 3445 3329 3446
f 3446 3329 91
f 3446 91 93
f 3255 3256 3447
f 3447 3256 3258
f 3447 3258 3419
f 3419 3258 3260
f 3419 3260 3421
f 3421 3260 3262
f 3421 3262 3422
f 3422 3262 3007
f 3278 3359 3276
f 2443 2441 2375
f 2375 2441 2439
f 2375 2439 2373
f 2373 2439 2016
f 2373 2016 2014
f 2710 2799 2731
f 2731 2799 2797
f 2731 2797 2733
f 3290 3291 3448
f 3448 3291 3365
f 3448 3365 3449
f 3449 3365 3366
f 3449 3366 3450
f 3450 3366 3368
f 3450 3368 3451
f 3451 3368 3370
f 3451 3370 3452
f 3452 3370 3372
f 3452 3372 3374
f 3106 3453 3454
f 3454 3453 3455
f 3454 3455 3456
f 3456 3455 3457
f 3456 3457 3458
f 3458 3457 3108
f 3458 3108 3086
f 3086 3108 3082
f 3086 3082 3084
f 3232 2751 2755
f 2755 2751 2753
f 3227 3225 3229
f 922 1720 924
f 924 1720 3214
f 924 3214 926
f 1260 1258 2725
f 1615 2456 3459
f 3459 2456 2454
f 3459 2454 3460
f 3460 2454 2452
f 3460 2452 3461
f 3461 2452 3462
f 3461 3462 1605
f 1605 3462 1712
f 1605 1712 1603
f 12 10 3061
f 3061 10 3361
f 3061 3361 3463
f 3463 3361 3067
f 3463 3067 3065
f 197 2776 192
f 192 2776 3330
f 192 3330 2
f 2 3330 3464
f 2 3464 4
f 4 3464 3331
f 4 3331 2058
f 2058 3331 2060
f 2706 2704 3465
f 3465 2704 2702
f 3465 2702 2700
f 2700 2798 3465
f 3465 2798 2800
f 3465 2800 2708
f 2184 3466 3467
f 3467 3466 3468
f 3467 3468 3469
f 3469 3468 3470
f 3469 3470 2960
f 2960 3470 3471
f 2960 3471 2962
f 2962 3471 3472
f 2962 3472 3473
f 3473 3472 3474
f 3473 3474 3475
f 3475 3474 3476
f 3475 3476 3477
f 3477 3476 3478
f 3477 3478 3479
f 3479 3478 3480
f 3479 3480 2969
f 2969 3480 3323
f 2969 3323 2970
f 1711 1713 3481
f 3481 1713 1715
f 3481 1715 3482
f 3482 1715 3483
f 3482 3483 3484
f 3484 3483 3485
f 3484 3485 3486
f 3486 3485 3487
f 3486 3487 3488
f 3488 3487 1721
f 3488 1721 3489
f 3489 1721 1722
f 3489 1722 1785
f 3266 3264 3423
f 3351 3352 3490
f 3490 3352 3353
f 3490 3353 3491
f 3491 3353 3354
f 3491 3354 3492
f 3492 3354 3356
f 3492 3356 3493
f 3493 3356 3358
f 3493 3358 3494
f 3494 3358 2866
f 3494 2866 3495
f 3495 2866 2868
f 3495 2868 3335
f 3335 2868 2870
f 1534 1532 2684
f 3449 3496 3448
f 3448 3496 3289
f 3448 3289 3290
f 2319 3293 2317
f 2317 3293 3041
f 2317 3041 3039
f 3086 3088 3458
f 3458 3088 3089
f 3458 3089 3456
f 3456 3089 3497
f 3456 3497 3454
f 3454 3497 3096
f 3454 3096 3098
f 3276 3359 3274
f 2567 2569 3223
f 2438 2020 2437
f 2308 3387 2310
f 2310 3387 2395
f 2310 2395 2312
f 2502 2500 3498
f 3498 2500 1653
f 3498 1653 2502
f 2502 1653 1651
f 2502 1651 2504
f 3078 3077 3499
f 3499 3077 3076
f 3499 3076 2685
f 2685 3076 3075
f 2685 3075 2687
f 1507 1505 3071
f 2977 2979 3219
f 3219 2979 2980
f 3219 2980 2981
f 3221 3220 3384
f 3384 3220 3218
f 3384 3218 3216
f 3061 3463 3063
f 3063 3463 3065
f 2946 2942 3500
f 3500 2942 3501
f 3500 3501 2948
f 2948 3501 3432
f 2948 3432 2950
f 2950 3432 3434
f 2950 3434 2951
f 3257 3010 3259
f 3259 3010 3008
f 3259 3008 3261
f 3457 3455 3108
f 3108 3455 3453
f 3108 3453 3106
f 3339 3340 3502
f 3502 3340 3342
f 3502 3342 3503
f 3503 3342 3504
f 3503 3504 3490
f 3490 3504 3346
f 3490 3346 3351
f 2992 2994 3385
f 3385 2994 1531
f 3385 1531 1533
f 2932 3505 3506
f 3506 3505 3507
f 3506 3507 3508
f 3508 3507 3509
f 3508 3509 3510
f 3510 3509 3511
f 3510 3511 3512
f 3512 3511 3513
f 3512 3513 3514
f 3514 3513 3515
f 3514 3515 3516
f 3516 3515 2025
f 3516 2025 3517
f 3517 2025 2027
f 3517 2027 3433
f 3009 3011 2511
f 2882 2728 2730
f 1720 1718 3214
f 3331 3464 3330
f 93 95 3446
f 3446 95 2659
f 3446 2659 3444
f 3444 2659 2661
f 3444 2661 3386
f 3387 2308 3268
f 3204 3518 3206
f 3206 3518 3519
f 3206 3519 3520
f 3520 3519 3488
f 3520 3488 3521
f 3521 3488 3489
f 3521 3489 1785
f 1789 3520 1787
f 1787 3520 3521
f 1787 3521 1785
f 2706 3465 2708
f 2620 2618 2622
f 2622 2618 3522
f 2622 3522 2624
f 2624 3522 3523
f 2624 3523 2626
f 2626 3523 3524
f 2626 3524 2628
f 2628 3524 3525
f 2628 3525 3526
f 3526 3525 3527
f 3526 3527 3528
f 3528 3527 3529
f 3528 3529 3530
f 3530 3529 3531
f 3530 3531 3532
f 3532 3531 3533
f 3532 3533 3534
f 3534 3533 3535
f 3534 3535 3536
f 3536 3535 3537
f 3536 3537 3538
f 3538 3537 3539
f 3538 3539 3540
f 3540 3539 3541
f 3540 3541 3542
f 3542 3541 3543
f 3542 3543 2648
f 2648 3543 3544
f 2648 3544 2650
f 2650 3544 3545
f 2650 3545 3546
f 3546 3545 3211
f 3546 3211 2652
f 3546 2652 2650
f 1913 2786 1915
f 1915 2786 2788
f 1915 2788 1919
f 3051 3049 3292
f 3292 3049 3047
f 3292 3047 3045
f 1339 1341 2949
f 2949 1341 3547
f 2949 3547 2947
f 2947 3547 3548
f 2947 3548 2945
f 2945 3548 3549
f 2945 3549 3550
f 3550 3549 3551
f 3550 3551 3552
f 3552 3551 3553
f 3552 3553 3554
f 3554 3553 3555
f 3554 3555 3556
f 3556 3555 3557
f 3556 3557 3558
f 3558 3557 3559
f 3558 3559 3560
f 3560 3559 3561
f 3560 3561 3562
f 3562 3561 3563
f 3562 3563 3564
f 3564 3563 3565
f 3564 3565 3566
f 3566 3565 3567
f 3566 3567 3568
f 3568 3567 3569
f 3568 3569 3570
f 3570 3569 3571
f 3570 3571 3572
f 3572 3571 3573
f 3572 3573 3574
f 3574 3573 3575
f 3574 3575 3576
f 3576 3575 3577
f 3576 3577 3578
f 3578 3577 3579
f 3578 3579 3576
f 3576 3579 3580
f 3576 3580 3581
f 3581 3580 3572
f 3581 3572 3574
f 3362 2915 2916
f 3380 3582 3378
f 3378 3582 3583
f 3378 3583 3374
f 3374 3583 3584
f 3374 3584 3452
f 3452 3584 3585
f 3452 3585 3451
f 3451 3585 1344
f 3451 1344 3496
f 3496 1344 3288
f 3496 3288 3289
f 1611 1613 3586
f 3586 1613 1615
f 3586 1615 3460
f 3460 1615 3459
f 2371 2173 2372
f 2372 2173 2171
f 2372 2171 2374
f 2374 2171 2169
f 2374 2169 2376
f 3273 3271 3367
f 3367 3271 3587
f 3367 3587 3588
f 3588 3587 3589
f 3588 3589 3590
f 3590 3589 3591
f 3590 3591 3592
f 3592 3591 3593
f 3592 3593 3594
f 3594 3593 3595
f 3594 3595 3596
f 3596 3595 3597
f 3596 3597 3598
f 3598 3597 3599
f 3598 3599 3600
f 3600 3599 2298
f 3600 2298 2296
f 2023 2025 3601
f 3601 2025 3515
f 3601 3515 3602
f 3602 3515 3513
f 3602 3513 3603
f 3603 3513 3511
f 3603 3511 3604
f 3604 3511 3509
f 3604 3509 3605
f 3605 3509 3606
f 3605 3606 3607
f 3607 3606 3608
f 3607 3608 3609
f 3609 3608 2928
f 3609 2928 2926
f 2924 2922 3610
f 3610 2922 3611
f 3610 3611 3612
f 3612 3611 3613
f 3612 3613 3614
f 3614 3613 3615
f 3614 3615 3616
f 3616 3615 2009
f 3616 2009 3617
f 3617 2009 2011
f 3617 2011 3618
f 3618 2011 2013
f 3618 2013 3619
f 3619 2013 2015
f 3619 2015 3620
f 3620 2015 3621
f 3620 3621 3622
f 3622 3621 3623
f 3622 3623 3601
f 3601 3623 2021
f 3601 2021 2023
f 3490 3491 3503
f 3503 3491 3492
f 3503 3492 3493
f 2317 3039 2315
f 2315 3039 3037
f 2315 3037 2313
f 3089 3090 3497
f 3497 3090 3092
f 3497 3092 3094
f 3098 3102 3454
f 3454 3102 3104
f 3454 3104 3624
f 3624 3104 3106
f 3624 3106 3454
f 3264 3228 3625
f 3625 3228 3230
f 3625 3230 3626
f 3626 3230 3233
f 3626 3233 3627
f 3627 3233 3235
f 3627 3235 3237
f 3627 3628 3626
f 3626 3628 3629
f 3626 3629 3625
f 3625 3629 3420
f 3625 3420 3264
f 1915 1919 1917
f 2984 3630 2983
f 2983 3630 3217
f 2983 3217 2982
f 2982 3217 3219
f 2982 3219 2981
f 3391 3389 3631
f 3631 3389 3632
f 3631 3632 3633
f 3633 3632 3634
f 3633 3634 3635
f 3635 3634 3636
f 3635 3636 3637
f 3637 3636 3638
f 3637 3638 3250
f 3250 3638 3639
f 3250 3639 3640
f 3640 3639 3641
f 3640 3641 3642
f 3642 3641 3643
f 3642 3643 3644
f 3644 3643 3645
f 3644 3645 2501
f 2501 3645 1661
f 2501 1661 2499
f 2499 1661 3646
f 2499 3646 1655
f 1655 3646 1657
f 2825 2827 3647
f 3647 2827 2829
f 3647 2829 3648
f 3648 2829 2831
f 3648 2831 2907
f 2907 2831 2833
f 2907 2833 2835
f 3451 3496 3450
f 3450 3496 3449
f 2507 3012 2505
f 2505 3012 3254
f 2505 3254 3649
f 3649 3254 3642
f 3649 3642 3644
f 3467 3469 3650
f 3650 3469 2958
f 3650 2958 3651
f 3651 2958 2956
f 3651 2956 3652
f 3652 2956 3653
f 3652 3653 3654
f 3654 3653 3655
f 3654 3655 3656
f 3656 3655 3657
f 3656 3657 3658
f 3658 3657 2557
f 3658 2557 3659
f 3659 2557 2555
f 3659 2555 2172
f 2172 2555 2170
f 2956 2563 3653
f 3653 2563 2561
f 3653 2561 3655
f 3655 2561 2559
f 3655 2559 3657
f 3657 2559 2558
f 3657 2558 2557
f 1520 1518 3660
f 3660 1518 3078
f 3660 3078 3661
f 3661 3078 3499
f 3661 3499 2682
f 2682 3499 2685
f 2682 2685 2683
f 3048 3050 3287
f 2015 2017 3621
f 3621 2017 2019
f 3621 2019 3623
f 3623 2019 2021
f 1657 3646 1659
f 2308 2306 3267
f 3267 2306 3662
f 3267 3662 3269
f 3269 3662 3587
f 3269 3587 3271
f 2206 2208 3663
f 3663 2208 3664
f 3663 3664 3665
f 3665 3664 3666
f 3665 3666 3667
f 3667 3666 3668
f 3667 3668 3669
f 3669 3668 3318
f 3669 3318 3478
f 3478 3318 3320
f 3478 3320 3480
f 3480 3320 3322
f 3480 3322 3323
f 1603 1709 1604
f 1604 1709 1707
f 1604 1707 1606
f 1606 1707 3670
f 1606 3670 3671
f 3671 3670 3409
f 3671 3409 3672
f 3672 3409 3411
f 3672 3411 1610
f 1610 3411 3413
f 1610 3413 1612
f 1612 3413 3414
f 1612 3414 1614
f 1614 3414 3415
f 2963 2965 3673
f 3673 2965 2568
f 3673 2568 2959
f 2959 2568 2566
f 2959 2566 2565
f 2662 2660 3091
f 3091 2660 97
f 3091 97 99
f 3485 1717 3487
f 3487 1717 1719
f 3487 1719 1721
f 3342 3344 3504
f 3504 3344 3346
f 3317 3313 3319
f 3319 3313 1916
f 3319 1916 3321
f 3321 1916 1918
f 3321 1918 1920
f 3594 3596 3674
f 3674 3596 3598
f 3674 3598 3675
f 3675 3598 3600
f 3675 3600 3676
f 3676 3600 3677
f 3676 3677 3678
f 3678 3677 3679
f 3678 3679 3680
f 3680 3679 3681
f 3680 3681 3682
f 3682 3681 3683
f 3682 3683 3684
f 3684 3683 3685
f 3684 3685 3686
f 3686 3685 3373
f 3686 3373 3687
f 3687 3373 3371
f 3687 3371 3688
f 3688 3371 3369
f 3688 3369 3588
f 3588 3369 3367
f 1903 2778 3689
f 3689 2778 2780
f 3689 2780 3690
f 3690 2780 2782
f 3690 2782 1909
f 1909 2782 2784
f 1909 2784 1911
f 1911 2784 2786
f 1911 2786 1913
f 3233 3230 3231
f 2714 3691 2729
f 2729 3691 2710
f 2729 2710 2731
f 3257 3012 3010
f 2298 3599 2300
f 2300 3599 3597
f 2300 3597 2302
f 2302 3597 3692
f 2302 3692 2304
f 2304 3692 3591
f 2304 3591 3662
f 3662 3591 3589
f 3662 3589 3587
f 101 103 3693
f 3693 103 105
f 3693 105 3694
f 3694 105 107
f 3694 107 3695
f 3695 107 109
f 3695 109 3696
f 3696 109 3697
f 3696 3697 3698
f 3698 3697 3699
f 3698 3699 3700
f 3700 3699 3701
f 3700 3701 3702
f 3702 3701 3703
f 3702 3703 3704
f 3704 3703 3440
f 3704 3440 3705
f 3705 3440 3706
f 3705 3706 3707
f 3707 3706 3708
f 3707 3708 3709
f 3709 3708 3710
f 3709 3710 3711
f 3711 3710 3442
f 3711 3442 3712
f 3712 3442 3443
f 3712 3443 3713
f 3713 3443 3103
f 3713 3103 3101
f 3497 3094 3096
f 2940 2938 3714
f 3714 2938 3715
f 3714 3715 3716
f 3716 3715 3512
f 3716 3512 3717
f 3717 3512 3514
f 3717 3514 3718
f 3718 3514 3516
f 3718 3516 3431
f 3431 3516 3517
f 3431 3517 3433
f 3473 3475 3719
f 3719 3475 3477
f 3719 3477 3720
f 3720 3477 3479
f 3720 3479 2968
f 2968 3479 2969
f 3098 3100 3102
f 3445 3446 3444
f 2813 2815 2895
f 2895 2815 2817
f 2895 2817 3721
f 3721 2817 2819
f 3721 2819 3722
f 3722 2819 2821
f 3722 2821 3723
f 3723 2821 3724
f 3723 3724 3725
f 3725 3724 3726
f 3725 3726 3727
f 3727 3726 3648
f 3727 3648 3728
f 3728 3648 2907
f 3728 2907 2905
f 2722 2720 2723
f 2723 2720 2718
f 2723 2718 2724
f 2724 2718 2726
f 3723 3725 3729
f 3729 3725 3727
f 3729 3727 2903
f 2903 3727 3728
f 2903 3728 2905
f 1789 1791 3520
f 3520 1791 3208
f 3520 3208 3206
f 2565 2563 2956
f 2959 2565 2957
f 2505 3649 2503
f 2503 3649 3644
f 2503 3644 2501
f 2568 2965 2570
f 1520 3660 2680
f 2680 3660 3661
f 2680 3661 2681
f 2681 3661 2682
f 1903 1902 2778
f 2716 2726 2718
f 3045 3043 3292
f 3622 3601 3730
f 3730 3601 3602
f 3730 3602 3620
f 3620 3602 3603
f 3620 3603 3604
f 3559 3557 3731
f 3731 3557 3732
f 3731 3732 3733
f 3733 3732 3734
f 3733 3734 3735
f 3735 3734 3736
f 3735 3736 1353
f 1353 3736 3737
f 1353 3737 1351
f 1351 3737 3551
f 1351 3551 1349
f 1349 3551 3738
f 1349 3738 1347
f 1347 3738 3548
f 1347 3548 1345
f 1345 3548 3547
f 1345 3547 1343
f 1343 3547 1341
f 3662 2306 2304
f 2962 3473 2964
f 2964 3473 3719
f 2964 3719 2966
f 2966 3719 3720
f 2966 3720 2967
f 2967 3720 2968
f 3523 3522 3739
f 3739 3522 3740
f 3739 3740 3525
f 3525 3740 3741
f 3525 3741 3742
f 3742 3741 3743
f 3742 3743 3744
f 3744 3743 3745
f 3744 3745 3746
f 3746 3745 3747
f 3746 3747 3748
f 3748 3747 3749
f 3748 3749 3750
f 3750 3749 3751
f 3750 3751 3752
f 3752 3751 3753
f 3752 3753 3754
f 3754 3753 3755
f 3754 3755 3756
f 3756 3755 3757
f 3756 3757 3758
f 3758 3757 3759
f 3758 3759 3537
f 3537 3759 3760
f 3537 3760 3539
f 3539 3760 3761
f 3539 3761 3541
f 3541 3761 3762
f 3541 3762 3543
f 3543 3762 3763
f 3543 3763 3544
f 3544 3763 3764
f 3544 3764 3545
f 3545 3764 3765
f 3545 3765 3211
f 3211 3765 3210
f 3646 1661 1659
f 59 61 3766
f 3766 61 3767
f 3766 3767 19
f 19 3767 3768
f 19 3768 17
f 17 3768 3769
f 17 3769 15
f 15 3769 3770
f 15 3770 13
f 13 3770 3771
f 13 3771 3772
f 3772 3771 3773
f 3772 3773 3774
f 3774 3773 3775
f 3774 3775 3776
f 3776 3775 3777
f 3776 3777 5
f 5 3777 3
f 73 75 3773
f 3773 75 3778
f 3773 3778 3779
f 3779 3778 3780
f 3779 3780 3781
f 3781 3780 191
f 3781 191 3782
f 3782 191 3
f 3782 3 3777
f 3217 3630 3215
f 3215 3630 2986
f 3215 2986 2988
f 3024 3022 3783
f 3783 3022 3784
f 3783 3784 3785
f 3785 3784 3786
f 3785 3786 3787
f 3787 3786 2307
f 3787 2307 3788
f 3788 2307 2309
f 3788 2309 3789
f 3789 2309 2311
f 3789 2311 3034
f 3034 2311 2313
f 3588 3590 3688
f 3688 3590 3592
f 3688 3592 3594
f 1247 1249 3438
f 3438 1249 1251
f 3438 1251 1253
f 1212 256 3790
f 3790 256 258
f 3790 258 3791
f 3791 258 3792
f 3791 3792 3793
f 3793 3792 3794
f 3793 3794 3795
f 3795 3794 3796
f 3795 3796 3797
f 3797 3796 3798
f 3797 3798 3799
f 3799 3798 3800
f 3799 3800 3801
f 3801 3800 3802
f 3801 3802 3803
f 3803 3802 3804
f 3803 3804 3805
f 3805 3804 3806
f 3805 3806 3807
f 3807 3806 3808
f 3807 3808 3809
f 3809 3808 3810
f 3809 3810 3811
f 3811 3810 3812
f 3811 3812 3813
f 3813 3812 3814
f 3813 3814 3815
f 3815 3814 3816
f 3815 3816 3817
f 3817 3816 3818
f 3817 3818 3819
f 3819 3818 3820
f 3819 3820 3821
f 3821 3820 3822
f 3821 3822 1218
f 1218 3822 3823
f 1218 3823 1220
f 1220 3823 3824
f 1220 3824 1222
f 1222 3824 3825
f 1222 3825 1224
f 1224 3825 3826
f 1224 3826 3827
f 3827 3826 3828
f 3827 3828 3829
f 3829 3828 3830
f 3829 3830 3831
f 3831 3830 3832
f 3831 3832 3833
f 3833 3832 3834
f 3833 3834 3835
f 3835 3834 3836
f 3835 3836 3837
f 3837 3836 3838
f 3837 3838 3839
f 3839 3838 3840
f 3839 3840 3841
f 3841 3840 3842
f 3841 3842 1250
f 1250 3842 3843
f 1250 3843 3844
f 3844 3843 2721
f 3844 2721 1254
f 1254 2721 1256
f 12 3062 14
f 14 3062 3345
f 14 3345 16
f 16 3345 3343
f 16 3343 3341
f 3337 3338 3845
f 3845 3338 3339
f 3845 3339 3494
f 3494 3339 3502
f 3494 3502 3493
f 3493 3502 3503
f 3709 3711 3846
f 3846 3711 3712
f 3846 3712 3099
f 3099 3712 3713
f 3099 3713 3101
f 13 3772 11
f 11 3772 3774
f 11 3774 9
f 9 3774 3776
f 9 3776 7
f 7 3776 5
f 3241 3243 3847
f 3847 3243 3416
f 3847 3416 3629
f 3629 3416 3418
f 3629 3418 3420
f 3848 2989 3849
f 3849 2989 2987
f 3849 2987 3850
f 3850 2987 3851
f 3850 3851 3852
f 3852 3851 3853
f 3852 3853 3854
f 3854 3853 3855
f 3854 3855 3856
f 3856 3855 3857
f 3856 3857 3858
f 3858 3857 3859
f 3858 3859 3860
f 3860 3859 3861
f 3860 3861 3862
f 3862 3861 3863
f 3862 3863 3864
f 3864 3863 3865
f 3864 3865 3866
f 3866 3865 3867
f 3866 3867 3868
f 3868 3867 3869
f 3868 3869 3870
f 3870 3869 3871
f 3870 3871 3872
f 3872 3871 3873
f 3872 3873 3874
f 3874 3873 3875
f 3874 3875 3848
f 3848 3875 3876
f 3848 3876 2989
f 2989 3876 3877
f 2989 3877 2991
f 2991 3877 1527
f 2991 1527 2993
f 2993 1527 1529
f 2992 3216 2990
f 3721 3722 2897
f 2897 3722 3723
f 2897 3723 2899
f 2899 3723 3729
f 2899 3729 2901
f 2901 3729 2903
f 3730 3620 3622
f 2729 2716 2714
f 1247 3435 1245
f 1254 1252 3844
f 3203 3205 3878
f 3878 3205 3207
f 3878 3207 3879
f 3879 3207 3209
f 3879 3209 3880
f 3880 3209 3210
f 3880 3210 3765
f 3597 3595 3692
f 3692 3595 3593
f 3692 3593 3591
f 3696 3698 3881
f 3881 3698 3709
f 3881 3709 3882
f 3882 3709 3846
f 3882 3846 3097
f 3097 3846 3099
f 3249 3253 3883
f 3883 3253 3884
f 3883 3884 3417
f 3417 3884 3447
f 3417 3447 3419
f 3885 3886 3887
f 3887 3886 3888
f 3887 3888 3889
f 3889 3888 3890
f 3889 3890 3891
f 3891 3890 3892
f 3891 3892 3893
f 3893 3892 3894
f 3893 3894 3895
f 3895 3894 3896
f 3895 3896 3897
f 3897 3896 3898
f 3897 3898 3899
f 3899 3898 3900
f 3899 3900 3901
f 3901 3900 3902
f 3901 3902 3903
f 3903 3902 3904
f 3903 3904 3905
f 3905 3904 3906
f 3905 3906 3907
f 3907 3906 3908
f 3907 3908 3909
f 3909 3908 3910
f 3909 3910 3911
f 3911 3910 3912
f 3911 3912 3913
f 3913 3912 3914
f 3913 3914 3915
f 3915 3914 3916
f 3915 3916 3917
f 3917 3916 3918
f 3917 3918 3919
f 3919 3918 3886
f 3919 3886 3920
f 3920 3886 3885
f 3920 3885 3921
f 3921 3885 3922
f 3921 3922 3923
f 3923 3922 3924
f 3923 3924 3925
f 3925 3924 3926
f 3925 3926 3927
f 3927 3926 3928
f 3927 3928 3929
f 3929 3928 3930
f 3929 3930 3931
f 3931 3930 3932
f 3931 3932 3933
f 3933 3932 3934
f 3933 3934 3935
f 3935 3934 3936
f 3935 3936 3937
f 3937 3936 3938
f 3937 3938 3939
f 3939 3938 3940
f 3939 3940 3941
f 3941 3940 3942
f 3941 3942 3943
f 3943 3942 3944
f 3943 3944 3945
f 3945 3944 3946
f 3945 3946 3947
f 3947 3946 3948
f 3947 3948 3949
f 3949 3948 3950
f 3949 3950 3951
f 3951 3950 3952
f 3951 3952 3953
f 3953 3952 2719
f 3953 2719 3843
f 3843 2719 2721
f 2172 2174 3659
f 3659 2174 2176
f 3659 2176 2178
f 1605 1607 3461
f 3461 1607 1609
f 3461 1609 3460
f 3460 1609 3586
f 1609 1611 3586
f 3783 3785 3954
f 3954 3785 3787
f 3954 3787 3955
f 3955 3787 3788
f 3955 3788 3956
f 3956 3788 3957
f 3956 3957 3958
f 3958 3957 3789
f 3958 3789 3032
f 3032 3789 3034
f 3789 3957 3788
f 2821 2823 3724
f 3724 2823 2825
f 3724 2825 3726
f 3726 2825 3647
f 3726 3647 3648
f 3882 3097 3694
f 3694 3097 3095
f 3694 3095 3693
f 3693 3095 3093
f 3693 3093 101
f 101 3093 3091
f 101 3091 99
f 1905 3689 1907
f 1907 3689 3690
f 1907 3690 1909
f 1250 3844 1252
f 3773 3779 3775
f 3775 3779 3959
f 3775 3959 3777
f 3777 3959 3782
f 3035 3036 3960
f 3960 3036 3038
f 3960 3038 3961
f 3961 3038 3962
f 3961 3962 3963
f 3963 3962 3964
f 3963 3964 3965
f 3965 3964 3966
f 3965 3966 3967
f 3967 3966 3968
f 3967 3968 3969
f 3969 3968 3970
f 3969 3970 3971
f 3971 3970 3972
f 3971 3972 3973
f 3973 3972 3974
f 3973 3974 3975
f 3975 3974 3976
f 3975 3976 3977
f 3977 3976 1412
f 3977 1412 1410
f 3688 3594 3978
f 3978 3594 3674
f 3978 3674 3979
f 3979 3674 3675
f 3979 3675 3676
f 3678 3680 3980
f 3980 3680 3682
f 3980 3682 3981
f 3981 3682 3684
f 3981 3684 3982
f 3982 3684 3686
f 3982 3686 3978
f 3978 3686 3687
f 3978 3687 3688
f 3488 3519 3486
f 3486 3519 3518
f 3486 3518 3983
f 3983 3518 3202
f 3983 3202 3984
f 3984 3202 3200
f 3984 3200 3198
f 3430 3432 3428
f 3428 3432 3501
f 3428 3501 3426
f 3426 3501 2942
f 3426 2942 3424
f 1344 3585 1346
f 1346 3585 3584
f 1346 3584 3985
f 3985 3584 3583
f 3985 3583 3582
f 1905 1903 3689
f 3652 3654 2180
f 2180 3654 3656
f 2180 3656 2178
f 2178 3656 3658
f 2178 3658 3659
f 3016 3014 3018
f 3018 3014 3986
f 3018 3986 3987
f 3987 3986 3988
f 3987 3988 3989
f 3989 3988 2303
f 3989 2303 3784
f 3784 2303 2305
f 3784 2305 3786
f 3786 2305 2307
f 2714 2712 3691
f 3691 2712 2711
f 3691 2711 2710
f 3630 2984 2986
f 3427 3716 3429
f 3429 3716 3990
f 3429 3990 3431
f 3431 3990 3717
f 3431 3717 3718
f 1673 1671 3641
f 3641 1671 3991
f 3641 3991 3643
f 3643 3991 3992
f 3643 3992 3645
f 3645 3992 3993
f 3645 3993 1661
f 1661 3993 1663
f 2452 1716 3462
f 3462 1716 1714
f 3462 1714 1712
f 200 198 3994
f 3994 198 196
f 3994 196 79
f 79 196 195
f 79 195 3780
f 3780 195 193
f 3780 193 191
f 3782 3959 3781
f 3044 3995 3042
f 3042 3995 3996
f 3042 3996 3997
f 3997 3996 3964
f 3997 3964 3040
f 3040 3964 3962
f 3040 3962 3038
f 2963 3673 2961
f 2961 3673 2959
f 3253 3255 3998
f 3998 3255 3447
f 3998 3447 3884
f 3335 3337 3495
f 3495 3337 3845
f 3495 3845 3494
f 3035 3960 3999
f 3999 3960 3961
f 3999 3961 4000
f 4000 3961 3963
f 4000 3963 3965
f 3965 4001 4002
f 4002 4001 4003
f 4002 4003 4004
f 4004 4003 3031
f 4004 3031 3999
f 3999 3031 3033
f 3999 3033 3035
f 3706 3441 3708
f 3708 3441 3442
f 3708 3442 3710
f 3642 3254 3640
f 3640 3254 3252
f 3640 3252 3250
f 1235 1237 1513
f 1513 1237 4005
f 1513 4005 1511
f 1511 4005 1241
f 1511 1241 1243
f 91 3329 201
f 3974 3972 4006
f 4006 3972 3970
f 4006 3970 4007
f 4007 3970 4008
f 4007 4008 4009
f 4009 4008 3995
f 4009 3995 4010
f 4010 3995 3046
f 4010 3046 1662
f 1416 1414 1668
f 1668 1414 4011
f 1668 4011 1666
f 1666 4011 4012
f 1666 4012 1664
f 1664 4012 4010
f 1664 4010 1662
f 1527 3877 1525
f 1525 3877 3876
f 1525 3876 1523
f 1523 3876 3875
f 1523 3875 3873
f 3878 3879 4013
f 4013 3879 3880
f 4013 3880 3764
f 3764 3880 3765
f 212 210 4014
f 4014 210 4015
f 4014 4015 4016
f 4016 4015 4017
f 4016 4017 4018
f 4018 4017 4019
f 4018 4019 4020
f 4020 4019 3853
f 4020 3853 4021
f 4021 3853 3851
f 4021 3851 4022
f 4022 3851 2985
f 4022 2985 2828
f 2828 2985 2830
f 2948 2946 3500
f 3253 3998 3884
f 3042 3997 3040
f 3995 3044 3046
f 3959 3779 3781
f 3299 3297 4023
f 4023 3297 4024
f 4023 4024 4025
f 4025 4024 4026
f 4025 4026 1906
f 1906 4026 4027
f 1906 4027 1904
f 1904 4027 1858
f 1904 1858 1860
f 1855 4028 4029
f 4029 4028 4030
f 4029 4030 4031
f 4031 4030 4032
f 4031 4032 3332
f 3332 4032 3334
f 3332 3334 3333
f 3032 3030 3958
f 3958 3030 3028
f 3958 3028 3956
f 3956 3028 3026
f 3956 3026 3954
f 3954 3026 3024
f 3954 3024 3783
f 3717 3990 3716
f 1715 1717 3483
f 3483 1717 3485
f 3234 3412 3236
f 3236 3412 3410
f 3236 3410 4033
f 4033 3410 3408
f 4033 3408 3406
f 3610 3612 3609
f 3609 3612 3614
f 3609 3614 3607
f 3607 3614 4034
f 3607 4034 3605
f 3605 4034 4035
f 3605 4035 3604
f 3604 4035 3619
f 3604 3619 3620
f 3706 3440 3441
f 3833 3835 1238
f 1238 3835 4036
f 1238 4036 1240
f 1240 4036 4037
f 1240 4037 1242
f 1242 4037 1246
f 1242 1246 1244
f 4025 1906 4038
f 4038 1906 1908
f 4038 1908 4039
f 4039 1908 1910
f 4039 1910 4040
f 4040 1910 1912
f 4040 1912 4041
f 4041 1912 1914
f 4041 1914 3311
f 3311 1914 1916
f 3311 1916 3313
f 3696 3881 3695
f 3695 3881 3882
f 3695 3882 3694
f 4042 4043 2191
f 2191 4043 4044
f 2191 4044 4045
f 4045 4044 4043
f 4045 4043 4046
f 4046 4043 4042
f 4046 4042 4047
f 4047 4042 4048
f 4047 4048 4049
f 4049 4048 4050
f 4049 4050 4051
f 4051 4050 4052
f 4051 4052 4053
f 4053 4052 4054
f 4053 4054 4055
f 4055 4054 4056
f 4055 4056 4057
f 4057 4056 4058
f 4057 4058 4059
f 4059 4058 4060
f 4059 4060 4061
f 4061 4060 4054
f 4061 4054 4062
f 4062 4054 4063
f 4062 4063 4064
f 4064 4063 4065
f 4064 4065 2004
f 2004 4065 4066
f 2004 4066 2006
f 2006 4066 4067
f 2006 4067 2369
f 2369 4067 4068
f 2369 4068 4069
f 4069 4068 2175
f 4069 2175 4070
f 4070 2175 2173
f 4070 2173 2370
f 2370 2173 2371
f 1520 2680 1522
f 3949 3951 3842
f 3842 3951 3953
f 3842 3953 3843
f 2719 3952 2717
f 2717 3952 4071
f 2717 4071 2715
f 2715 4071 4072
f 2715 4072 2713
f 2713 4072 4073
f 2713 4073 2639
f 2639 4073 4074
f 2639 4074 2637
f 2637 4074 4075
f 2637 4075 2635
f 2635 4075 4076
f 2635 4076 4077
f 4077 4076 4078
f 4077 4078 4079
f 4079 4078 4080
f 4079 4080 4081
f 4081 4080 4082
f 4081 4082 4083
f 4083 4082 4084
f 4083 4084 4085
f 4085 4084 3934
f 4085 3934 3932
f 1516 1515 3079
f 3079 1515 1514
f 3079 1514 1512
f 3629 3628 3847
f 3847 3628 3239
f 3847 3239 3241
f 3700 3705 3698
f 3698 3705 3707
f 3698 3707 3709
f 4004 3999 4086
f 4086 3999 4000
f 4086 4000 4002
f 4002 4000 3965
f 4036 3837 4037
f 4037 3837 3839
f 4037 3839 1248
f 1248 3839 3841
f 1248 3841 1250
f 98 96 4087
f 4087 96 94
f 4087 94 4088
f 4088 94 4089
f 4088 4089 4090
f 4090 4089 4091
f 4090 4091 4092
f 4092 4091 86
f 4092 86 4093
f 4093 86 4094
f 4093 4094 4095
f 4095 4094 4096
f 4095 4096 4097
f 4097 4096 4098
f 4097 4098 4099
f 4099 4098 4100
f 4099 4100 4101
f 4101 4100 4102
f 4101 4102 4103
f 4103 4102 4104
f 4103 4104 4105
f 4105 4104 4106
f 4105 4106 4107
f 4107 4106 4108
f 4107 4108 4109
f 4109 4108 4110
f 4109 4110 4111
f 4111 4110 4112
f 4111 4112 4113
f 4113 4112 4114
f 4113 4114 4115
f 4115 4114 4116
f 4115 4116 4117
f 4117 4116 4118
f 4117 4118 4119
f 4119 4118 4120
f 4119 4120 4121
f 4121 4120 4122
f 4121 4122 4123
f 4123 4122 4124
f 4123 4124 4125
f 4125 4124 4126
f 4125 4126 4127
f 4127 4126 4128
f 4127 4128 4129
f 4129 4128 4130
f 4129 4130 4131
f 4131 4130 4132
f 4131 4132 4133
f 4133 4132 3905
f 4133 3905 3907
f 3025 3027 4003
f 4003 3027 3029
f 4003 3029 3031
f 1669 1667 3992
f 3992 1667 1665
f 3992 1665 3993
f 3993 1665 1663
f 3982 3978 3678
f 3678 3978 3979
f 3678 3979 4134
f 4134 3979 3676
f 4134 3676 3678
f 1237 1239 4005
f 4005 1239 1241
f 3471 4135 4136
f 4136 4135 4137
f 4136 4137 4138
f 4138 4137 2206
f 4138 2206 4139
f 4139 2206 3663
f 4139 3663 4140
f 4140 3663 3665
f 4140 3665 3474
f 3474 3665 3667
f 3474 3667 3476
f 3476 3667 3669
f 3476 3669 3478
f 3249 3883 3247
f 3247 3883 4141
f 3247 4141 3245
f 3245 4141 3883
f 3245 3883 3417
f 376 378 4142
f 4142 378 4143
f 4142 4143 4144
f 4144 4143 4145
f 4144 4145 4146
f 4146 4145 4147
f 4146 4147 4148
f 4148 4147 4149
f 4148 4149 4150
f 4150 4149 4151
f 4150 4151 4152
f 4152 4151 4153
f 4152 4153 4154
f 4154 4153 4155
f 4154 4155 4156
f 4156 4155 4157
f 4156 4157 4158
f 4158 4157 4159
f 4158 4159 4160
f 4160 4159 4161
f 4160 4161 4162
f 4162 4161 4163
f 4162 4163 4164
f 4164 4163 4165
f 4164 4165 4166
f 4166 4165 4167
f 4166 4167 4168
f 4168 4167 4169
f 4168 4169 4170
f 4170 4169 4171
f 4170 4171 4172
f 4172 4171 4173
f 4172 4173 4174
f 4174 4173 4175
f 4174 4175 4176
f 4176 4175 4177
f 4176 4177 4178
f 4178 4177 4179
f 4178 4179 4180
f 4180 4179 4181
f 4180 4181 4182
f 4182 4181 4183
f 4182 4183 4184
f 4184 4183 4185
f 4184 4185 4186
f 4186 4185 4187
f 4186 4187 4188
f 4188 4187 4189
f 4188 4189 4190
f 4190 4189 4191
f 4190 4191 4192
f 4192 4191 4193
f 4192 4193 4194
f 4194 4193 4195
f 4194 4195 4196
f 4196 4195 4197
f 4196 4197 4198
f 4198 4197 4199
f 4198 4199 4200
f 4200 4199 4201
f 4200 4201 4202
f 4202 4201 4203
f 4202 4203 4204
f 4204 4203 4205
f 4204 4205 4206
f 4206 4205 4207
f 4206 4207 4208
f 4208 4207 4209
f 4208 4209 4210
f 4210 4209 4211
f 4210 4211 4212
f 4212 4211 4213
f 4212 4213 4214
f 4214 4213 4215
f 4214 4215 4216
f 4216 4215 4217
f 4216 4217 4218
f 4218 4217 4219
f 4218 4219 4220
f 4220 4219 4221
f 4220 4221 4222
f 4222 4221 4223
f 4222 4223 4224
f 4224 4223 4225
f 4224 4225 4226
f 4226 4225 4227
f 4226 4227 4228
f 4228 4227 4229
f 4228 4229 4230
f 4230 4229 4231
f 4230 4231 4232
f 4232 4231 4233
f 4232 4233 4234
f 4234 4233 4235
f 4234 4235 4236
f 4236 4235 4237
f 4236 4237 4238
f 4238 4237 4239
f 4238 4239 4240
f 4240 4239 4241
f 4240 4241 4242
f 4242 4241 4243
f 4242 4243 4244
f 4244 4243 102
f 4244 102 4245
f 4245 102 100
f 4245 100 98
f 4090 4246 4247
f 4247 4246 4248
f 4247 4248 4249
f 4249 4248 4250
f 4249 4250 4251
f 4251 4250 4244
f 4251 4244 4252
f 4252 4244 4245
f 4252 4245 4253
f 4253 4245 98
f 4253 98 4087
f 2958 3469 2960
f 22 20 3341
f 3341 20 18
f 3341 18 16
f 3249 3251 3253
f 2184 3651 2182
f 2182 3651 3652
f 2182 3652 2180
f 4014 4016 4254
f 4254 4016 4255
f 4254 4255 4256
f 4256 4255 4257
f 4256 4257 2826
f 2826 4257 4022
f 2826 4022 2828
f 2303 3988 2301
f 2301 3988 3986
f 2301 3986 2299
f 2299 3986 3014
f 2299 3014 2297
f 3440 3703 3439
f 3439 3703 4258
f 3439 4258 2811
f 2811 4258 4259
f 2811 4259 4260
f 4260 4259 4261
f 4260 4261 4262
f 4262 4261 4263
f 4262 4263 4264
f 4264 4263 4265
f 4264 4265 2807
f 2807 4265 4266
f 2807 4266 4267
f 4267 4266 4268
f 4267 4268 4269
f 4269 4268 4270
f 4269 4270 4271
f 4271 4270 4272
f 4271 4272 4273
f 4273 4272 4274
f 4273 4274 4275
f 4275 4274 4276
f 4275 4276 4277
f 4277 4276 4278
f 4277 4278 4279
f 4279 4278 4280
f 4279 4280 2814
f 2814 4280 4281
f 2814 4281 4282
f 4282 4281 4283
f 4282 4283 4284
f 4284 4283 4285
f 4284 4285 4286
f 4286 4285 4287
f 4286 4287 4288
f 4288 4287 212
f 4288 212 4014
f 1855 4029 1857
f 1857 4029 4031
f 1857 4031 1859
f 1859 4031 3332
f 1248 1246 4037
f 3954 3955 3956
f 79 3780 77
f 77 3780 3778
f 77 3778 75
f 3178 3176 3180
f 3180 3176 4289
f 3180 4289 4290
f 4290 4289 4291
f 4290 4291 4292
f 4292 4291 4293
f 4292 4293 4294
f 4294 4293 4295
f 4294 4295 3196
f 3196 4295 4296
f 3196 4296 3198
f 3198 4296 4297
f 3198 4297 3984
f 3984 4297 4298
f 3984 4298 3983
f 3983 4298 3484
f 3983 3484 3486
f 2985 3851 2987
f 2895 3721 2897
f 3530 3532 4299
f 4299 3532 3534
f 4299 3534 4300
f 4300 3534 4301
f 4300 4301 4302
f 4302 4301 4303
f 4302 4303 4304
f 4304 4303 4305
f 4304 4305 4306
f 4306 4305 4307
f 4306 4307 4308
f 4308 4307 3542
f 4308 3542 4309
f 4309 3542 2648
f 4309 2648 2646
f 3700 3702 3705
f 3705 3702 3704
f 1354 1352 3582
f 3582 1352 4310
f 3582 4310 3985
f 3985 4310 1348
f 3985 1348 1346
f 1414 4311 4011
f 4011 4311 4007
f 4011 4007 4012
f 4012 4007 4009
f 4012 4009 4010
f 3995 4008 3996
f 3996 4008 3966
f 3996 3966 3964
f 3239 3628 3237
f 3237 3628 3627
f 1849 32 4312
f 4312 32 30
f 4312 30 4313
f 4313 30 28
f 4313 28 4314
f 4314 28 3336
f 4314 3336 3334
f 1851 1849 4028
f 4028 1849 4312
f 4028 4312 4030
f 4030 4312 4313
f 4030 4313 4032
f 4032 4313 4314
f 4032 4314 3334
f 4315 4316 4317
f 4317 4316 3755
f 4317 3755 4318
f 4318 3755 3753
f 4318 3753 4319
f 4319 3753 4320
f 4319 4320 4321
f 4321 4320 4322
f 4321 4322 4323
f 4323 4322 4324
f 4323 4324 4319
f 4319 4324 4325
f 4319 4325 4326
f 4326 4325 4327
f 4326 4327 4315
f 4315 4327 4328
f 4315 4328 4329
f 4329 4328 4330
f 4329 4330 4331
f 4331 4330 4332
f 4331 4332 4333
f 4333 4332 4334
f 4333 4334 4335
f 4335 4334 4336
f 4335 4336 3761
f 3761 4336 4013
f 3761 4013 3762
f 3762 4013 3764
f 3762 3764 3763
f 2940 3714 3425
f 3425 3714 3716
f 3425 3716 3427
f 1606 3671 1608
f 1608 3671 3672
f 1608 3672 1610
f 4091 4089 4337
f 4337 4089 94
f 4337 94 4338
f 4338 94 92
f 4338 92 90
f 81 83 3994
f 3994 83 85
f 3994 85 200
f 200 85 202
f 3020 3987 3022
f 3022 3987 3989
f 3022 3989 3784
f 85 87 202
f 202 87 89
f 90 88 4338
f 4338 88 4091
f 4338 4091 4337
f 4249 4251 4339
f 4339 4251 4252
f 4339 4252 4340
f 4340 4252 4253
f 4340 4253 4088
f 4088 4253 4087
f 4004 4086 4002
f 3616 3617 4034
f 4034 3617 3618
f 4034 3618 4035
f 4035 3618 3619
f 2944 2942 2946
f 3375 3373 4341
f 4341 3373 3685
f 4341 3685 4342
f 4342 3685 3683
f 4342 3683 4343
f 4343 3683 3681
f 4343 3681 4344
f 4344 3681 4345
f 4344 4345 4346
f 4346 4345 4347
f 4346 4347 4348
f 4348 4347 4345
f 4348 4345 4349
f 4349 4345 4350
f 4349 4350 4351
f 4351 4350 4352
f 4351 4352 4353
f 4353 4352 4354
f 4353 4354 4355
f 4355 4354 4356
f 4355 4356 4357
f 4357 4356 4358
f 4357 4358 4359
f 4359 4358 4360
f 4359 4360 4361
f 4361 4360 4362
f 4361 4362 4363
f 4363 4362 4364
f 4363 4364 1368
f 1368 4364 4365
f 1368 4365 4366
f 4366 4365 4367
f 4366 4367 2282
f 2282 4367 2284
f 3678 3980 3982
f 3981 3982 3980
f 3305 4368 3307
f 3307 4368 4040
f 3307 4040 3309
f 3309 4040 4041
f 3309 4041 3311
f 3512 3715 3510
f 3510 3715 4369
f 3510 4369 3508
f 3508 4369 4370
f 3508 4370 3506
f 3506 4370 2934
f 3506 2934 2932
f 3313 3317 3315
f 3703 3701 4258
f 4258 3701 4371
f 4258 4371 4259
f 4259 4371 3701
f 4259 3701 4372
f 4372 3701 4263
f 4372 4263 4261
f 4078 4076 4373
f 4373 4076 4075
f 4373 4075 3944
f 3944 4075 4374
f 3944 4374 3948
f 3948 4374 4375
f 3948 4375 3950
f 3950 4375 4071
f 3950 4071 3952
f 3773 3771 73
f 73 3771 4376
f 73 4376 71
f 71 4376 4377
f 71 4377 69
f 69 4377 4378
f 69 4378 4379
f 4379 4378 3769
f 4379 3769 3768
f 81 3994 79
f 2811 2812 3439
f 4070 2370 4069
f 2636 4380 2638
f 2638 4380 4304
f 2638 4304 2640
f 2640 4304 4306
f 2640 4306 2642
f 2642 4306 4308
f 2642 4308 2644
f 2644 4308 4309
f 2644 4309 2646
f 112 110 4381
f 4381 110 108
f 4381 108 4382
f 4382 108 4383
f 4382 4383 4241
f 4241 4383 104
f 4241 104 4243
f 4243 104 102
f 2184 3467 3651
f 3651 3467 3650
f 3374 3376 3378
f 3551 3549 3738
f 3738 3549 3548
f 4054 4052 4063
f 4063 4052 4384
f 4063 4384 4385
f 4385 4384 4386
f 4385 4386 4387
f 4387 4386 4388
f 4387 4388 4389
f 4389 4388 4390
f 4389 4390 4391
f 4391 4390 2177
f 4391 2177 4068
f 4068 2177 2175
f 4016 4018 4255
f 4255 4018 4392
f 4255 4392 4257
f 4257 4392 4021
f 4257 4021 4022
f 4288 4014 4393
f 4393 4014 4254
f 4393 4254 4394
f 4394 4254 4256
f 4394 4256 2824
f 2824 4256 2826
f 2369 4069 2370
f 3170 4395 4396
f 4396 4395 4397
f 4396 4397 4398
f 4398 4397 4399
f 4398 4399 4400
f 4400 4399 4401
f 4400 4401 4402
f 4402 4401 4403
f 4402 4403 4404
f 4404 4403 4405
f 4404 4405 4297
f 4297 4405 3481
f 4297 3481 4298
f 4298 3481 3482
f 4298 3482 3484
f 4003 4001 3025
f 3025 4001 4406
f 3025 4406 4407
f 4407 4406 4408
f 4407 4408 4409
f 4409 4408 4410
f 4409 4410 4411
f 4411 4410 4412
f 4411 4412 4413
f 4413 4412 4414
f 4413 4414 4415
f 4415 4414 4416
f 4415 4416 4417
f 4417 4416 4418
f 4417 4418 4419
f 4419 4418 4420
f 4419 4420 4421
f 4421 4420 4422
f 4421 4422 4423
f 4423 4422 4424
f 4423 4424 1384
f 1384 4424 4425
f 1384 4425 4426
f 4426 4425 4427
f 4426 4427 4428
f 4428 4427 4429
f 4428 4429 4430
f 4430 4429 4418
f 4430 4418 4431
f 4431 4418 4416
f 4431 4416 4432
f 4432 4416 4414
f 4432 4414 4412
f 3554 2937 3552
f 3552 2937 2939
f 3552 2939 3550
f 3550 2939 2943
f 3550 2943 2945
f 108 106 4383
f 4383 106 104
f 3297 3295 4433
f 4433 3295 1856
f 4433 1856 4027
f 4027 1856 1858
f 3864 3866 4434
f 4434 3866 3868
f 4434 3868 4435
f 4435 3868 4436
f 4435 4436 4437
f 4437 4436 3874
f 4437 3874 4438
f 4438 3874 4439
f 4438 4439 3852
f 3852 4439 3849
f 3852 3849 3850
f 3849 4439 3848
f 3701 3699 4263
f 4263 3699 4440
f 4263 4440 4441
f 4441 4440 3699
f 4441 3699 4442
f 4442 3699 3697
f 4442 3697 4443
f 4443 3697 111
f 4443 111 4444
f 4444 111 113
f 4444 113 4445
f 4445 113 4446
f 4445 4446 4447
f 4447 4446 4448
f 4447 4448 4449
f 4449 4448 4450
f 4449 4450 4451
f 4451 4450 137
f 4451 137 4452
f 4452 137 141
f 4452 141 143
f 2222 4453 4454
f 4454 4453 4455
f 4454 4455 4456
f 4456 4455 4457
f 4456 4457 4458
f 4458 4457 4459
f 4458 4459 4460
f 4460 4459 4461
f 4460 4461 4462
f 4462 4461 4463
f 4462 4463 4464
f 4464 4463 4465
f 4464 4465 4466
f 4466 4465 4467
f 4466 4467 4468
f 4468 4467 4469
f 4468 4469 4470
f 4470 4469 4471
f 4470 4471 4472
f 4472 4471 4473
f 4472 4473 4474
f 4474 4473 4475
f 4474 4475 4476
f 4476 4475 4477
f 4476 4477 4478
f 4478 4477 4479
f 4478 4479 4480
f 4480 4479 4481
f 4480 4481 4482
f 4482 4481 4483
f 4482 4483 4484
f 4484 4483 4485
f 4484 4485 4486
f 4486 4485 4487
f 4486 4487 4488
f 4488 4487 4489
f 4488 4489 4490
f 4490 4489 4491
f 4490 4491 4492
f 4492 4491 4493
f 4492 4493 4494
f 4494 4493 4495
f 4494 4495 4496
f 4496 4495 4497
f 4496 4497 4498
f 4498 4497 4499
f 4498 4499 3666
f 3666 4499 4500
f 3666 4500 3668
f 3668 4500 3316
f 3668 3316 3318
f 3874 3848 4439
f 3987 3020 3018
f 4345 4501 4350
f 4350 4501 4502
f 4350 4502 4503
f 4503 4502 3679
f 4503 3679 4504
f 4504 3679 3677
f 4504 3677 4505
f 4505 3677 3600
f 4505 3600 2296
f 4376 3771 4377
f 4377 3771 3770
f 4377 3770 4378
f 4378 3770 3769
f 3518 3204 3202
f 1671 1669 3991
f 3991 1669 3992
f 3842 3840 3949
f 3949 3840 4506
f 3949 4506 3947
f 3947 4506 4507
f 3947 4507 4508
f 4508 4507 4509
f 4508 4509 4510
f 4510 4509 3836
f 4510 3836 4511
f 4511 3836 3834
f 4511 3834 4512
f 4512 3834 3832
f 4512 3832 3830
f 4249 4339 4247
f 4247 4339 4340
f 4247 4340 4090
f 4090 4340 4088
f 4091 88 86
f 4288 4393 4513
f 4513 4393 4514
f 4513 4514 4515
f 4515 4514 4394
f 4515 4394 2822
f 2822 4394 2824
f 4075 4074 4374
f 4374 4074 4073
f 4374 4073 4375
f 4375 4073 4072
f 4375 4072 4071
f 4019 4516 3857
f 3857 4516 4517
f 3857 4517 4518
f 4518 4517 4519
f 4518 4519 4520
f 4520 4519 4521
f 4520 4521 4522
f 4522 4521 4523
f 4522 4523 4524
f 4524 4523 4525
f 4524 4525 4526
f 4526 4525 4527
f 4526 4527 4528
f 4528 4527 4529
f 4528 4529 4530
f 4530 4529 4531
f 4530 4531 4532
f 4532 4531 4533
f 4532 4533 4534
f 4534 4533 4535
f 4534 4535 4536
f 4536 4535 4537
f 4536 4537 4538
f 4538 4537 4539
f 4538 4539 4540
f 4540 4539 4541
f 4540 4541 4542
f 4542 4541 4543
f 4542 4543 3867
f 3867 4543 4544
f 3867 4544 3869
f 3869 4544 4545
f 3869 4545 3871
f 3871 4545 4546
f 3871 4546 3873
f 3873 4546 1521
f 3873 1521 1523
f 26 3336 28
f 3197 3199 4332
f 4332 3199 3203
f 4332 3203 4334
f 4334 3203 3878
f 4334 3878 4336
f 4336 3878 4013
f 4431 4547 4548
f 4548 4547 4549
f 4548 4549 4550
f 4550 4549 4551
f 4550 4551 4552
f 4552 4551 4553
f 4552 4553 4554
f 4554 4553 4555
f 4554 4555 4556
f 4556 4555 4557
f 4556 4557 3967
f 3967 4557 4001
f 3967 4001 3965
f 4261 4259 4372
f 4042 2189 4048
f 4048 2189 2187
f 4048 2187 4558
f 4558 2187 2185
f 4558 2185 4559
f 4559 2185 2183
f 4559 2183 4390
f 4390 2183 2181
f 4390 2181 2179
f 2177 4390 2179
f 2811 4260 2809
f 2809 4260 4262
f 2809 4262 4264
f 3970 3968 4008
f 4008 3968 3966
f 2822 2820 4515
f 4515 2820 2818
f 4515 2818 4560
f 4560 2818 4284
f 4560 4284 4286
f 4038 4039 4025
f 4025 4039 4368
f 4025 4368 4561
f 4561 4368 3303
f 4561 3303 3301
f 1352 1350 4310
f 4310 1350 1348
f 111 3697 109
f 4039 4040 4368
f 3632 3389 4562
f 4562 3389 4563
f 4562 4563 4564
f 4564 4563 4565
f 4564 4565 4566
f 4566 4565 4567
f 4566 4567 4568
f 4568 4567 1673
f 4568 1673 4569
f 4569 1673 3641
f 4569 3641 3639
f 2941 2943 2939
f 1233 1517 4570
f 4570 1517 1519
f 4570 1519 4571
f 4571 1519 1521
f 4571 1521 4572
f 4572 1521 4573
f 4572 4573 4574
f 4574 4573 4545
f 4574 4545 4575
f 4575 4545 4576
f 4575 4576 4577
f 4577 4576 4578
f 4577 4578 4579
f 4579 4578 4543
f 4579 4543 4580
f 4580 4543 4541
f 4580 4541 4539
f 2936 4370 2938
f 2938 4370 4369
f 2938 4369 3715
f 2639 2641 2713
f 2713 2641 2643
f 3402 3238 4581
f 4581 3238 3236
f 4581 3236 4033
f 4487 4483 4582
f 4582 4483 4583
f 4582 4583 4584
f 4584 4583 4479
f 4584 4479 4585
f 4585 4479 4586
f 4585 4586 4587
f 4587 4586 4588
f 4587 4588 4589
f 4589 4588 4590
f 4589 4590 4591
f 4591 4590 4592
f 4591 4592 4593
f 4593 4592 4594
f 4593 4594 4595
f 4595 4594 4596
f 4595 4596 4597
f 4597 4596 4598
f 4597 4598 4599
f 4599 4598 4600
f 4599 4600 4601
f 4601 4600 4602
f 4601 4602 4603
f 4603 4602 4604
f 4603 4604 4605
f 4605 4604 4606
f 4605 4606 4607
f 4607 4606 4608
f 4607 4608 4609
f 4609 4608 4610
f 4609 4610 4611
f 4611 4610 4612
f 4611 4612 4491
f 4491 4612 4613
f 4491 4613 4493
f 4493 4613 4614
f 4493 4614 4615
f 4615 4614 3308
f 4615 3308 4616
f 4616 3308 3310
f 4616 3310 3312
f 4499 4497 4617
f 4617 4497 4618
f 4617 4618 3314
f 3314 4618 4616
f 3314 4616 3312
f 2810 2808 2802
f 2802 2808 2806
f 2802 2806 2804
f 2281 4619 4620
f 4620 4619 4621
f 4620 4621 4622
f 4622 4621 4623
f 4622 4623 4624
f 4624 4623 4625
f 4624 4625 4626
f 4626 4625 4627
f 4626 4627 4628
f 4628 4627 4629
f 4628 4629 4411
f 4411 4629 4630
f 4411 4630 4631
f 4631 4630 4632
f 4631 4632 4633
f 4633 4632 4634
f 4633 4634 4635
f 4635 4634 3023
f 4635 3023 3025
f 4411 4631 4409
f 4409 4631 4633
f 4409 4633 4407
f 4407 4633 4635
f 4407 4635 3025
f 3631 4636 4637
f 4637 4636 4638
f 4637 4638 4639
f 4639 4638 3637
f 4639 3637 3246
f 3246 3637 4640
f 3246 4640 3248
f 3248 4640 3637
f 3248 3637 3250
f 4344 4346 4641
f 4641 4346 4642
f 4641 4642 4643
f 4643 4642 3377
f 4643 3377 4341
f 4341 3377 3375
f 4018 4020 4392
f 4392 4020 4021
f 4095 4228 4093
f 4093 4228 4230
f 4093 4230 4246
f 4246 4230 4232
f 4246 4232 4248
f 4248 4232 4234
f 4248 4234 4250
f 4250 4234 4644
f 4250 4644 4645
f 4645 4644 4646
f 4645 4646 4647
f 4647 4646 4242
f 4647 4242 4244
f 4647 4244 4645
f 4645 4244 4250
f 2809 4264 2807
f 4343 4641 4342
f 4342 4641 4643
f 4342 4643 4341
f 3297 4433 4024
f 4024 4433 4027
f 4024 4027 4026
f 4545 4573 4546
f 4546 4573 1521
f 4443 4444 4648
f 4648 4444 4649
f 4648 4649 4650
f 4650 4649 4651
f 4650 4651 4652
f 4652 4651 4653
f 4652 4653 4654
f 4654 4653 4655
f 4654 4655 4441
f 4441 4655 4263
f 4268 4266 4655
f 4655 4266 4265
f 4655 4265 4263
f 4632 4656 4657
f 4657 4656 2293
f 4657 2293 3015
f 3015 2293 2295
f 3015 2295 2297
f 4441 4442 4658
f 4658 4442 4648
f 4658 4648 4654
f 4654 4648 4650
f 4654 4650 4652
f 4442 4443 4648
f 3835 3837 4036
f 3860 3862 3858
f 3858 3862 4659
f 3858 4659 3856
f 3856 4659 4437
f 3856 4437 3854
f 3854 4437 4438
f 3854 4438 3852
f 4093 4246 4092
f 4092 4246 4090
f 1231 1233 4660
f 4660 1233 4570
f 4660 4570 4574
f 4574 4570 4571
f 4574 4571 4572
f 1226 3827 4661
f 4661 3827 3829
f 4661 3829 4662
f 4662 3829 3831
f 4662 3831 4663
f 4663 3831 3833
f 4663 3833 4664
f 4664 3833 1238
f 4664 1238 1236
f 3017 3019 4634
f 4634 3019 3021
f 4634 3021 3023
f 4515 4560 4513
f 4513 4560 4286
f 4513 4286 4288
f 4514 4393 4394
f 2284 4367 4665
f 4665 4367 4666
f 4665 4666 2286
f 2286 4666 4667
f 2286 4667 4668
f 4668 4667 4356
f 4668 4356 4669
f 4669 4356 4670
f 4669 4670 4671
f 4671 4670 4672
f 4671 4672 2292
f 2292 4672 4673
f 2292 4673 2294
f 2294 4673 4505
f 2294 4505 2296
f 3246 3244 4639
f 4639 3244 3394
f 4639 3394 4637
f 4637 3394 3392
f 4637 3392 3391
f 1230 4663 1234
f 1234 4663 4664
f 1234 4664 1236
f 3471 3470 4135
f 4135 3470 3468
f 4135 3468 4674
f 4674 3468 4675
f 4674 4675 4676
f 4676 4675 2188
f 4676 2188 2190
f 4140 3472 4677
f 4677 3472 3471
f 4677 3471 4136
f 3868 3870 4436
f 4436 3870 3872
f 4436 3872 3874
f 4568 4569 4678
f 4678 4569 3639
f 4678 3639 4566
f 4566 3639 4679
f 4566 4679 4564
f 4564 4679 3632
f 4564 3632 4562
f 3634 4679 4680
f 4680 4679 3639
f 4680 3639 3638
f 4654 4441 4658
f 2814 4282 2816
f 2816 4282 4284
f 2816 4284 2818
f 2184 2186 3466
f 3466 2186 4675
f 3466 4675 3468
f 3474 3472 4140
f 4555 4408 4557
f 4557 4408 4406
f 4557 4406 4001
f 1700 1702 4681
f 4681 1702 4682
f 4681 4682 4683
f 4683 4682 4684
f 4683 4684 4685
f 4685 4684 4686
f 4685 4686 4397
f 4397 4686 4687
f 4397 4687 4399
f 4399 4687 1708
f 4399 1708 4401
f 4401 1708 1710
f 4401 1710 4403
f 4403 1710 1711
f 4403 1711 4405
f 4405 1711 3481
f 3551 3737 3553
f 3553 3737 3736
f 3553 3736 3555
f 3555 3736 3734
f 3555 3734 3732
f 3857 3855 4019
f 4019 3855 3853
f 3631 3633 4636
f 4636 3633 3635
f 4636 3635 4638
f 4638 3635 3637
f 4273 4275 2803
f 2803 4275 4688
f 2803 4688 2801
f 2801 4688 4279
f 2801 4279 2814
f 4303 4301 4305
f 4305 4301 3538
f 4305 3538 4307
f 4307 3538 3540
f 4307 3540 3542
f 3314 3316 4617
f 4617 3316 4500
f 4617 4500 4499
f 4632 4657 4634
f 4634 4657 3015
f 4634 3015 3017
f 3404 3402 3406
f 3406 3402 4581
f 3406 4581 4033
f 4025 4561 4023
f 4023 4561 3301
f 4023 3301 3299
f 4680 3638 3634
f 3634 3638 3636
f 23 4689 21
f 21 4689 3766
f 21 3766 19
f 3836 4509 3838
f 3838 4509 4507
f 3838 4507 3840
f 3840 4507 4506
f 1701 3405 4690
f 4690 3405 3407
f 4690 3407 4691
f 4691 3407 3409
f 4691 3409 3670
f 4273 2803 4692
f 4692 2803 4693
f 4692 4693 4269
f 4269 4693 2805
f 4269 2805 4267
f 4267 2805 2807
f 4381 4382 4694
f 4694 4382 4695
f 4694 4695 4696
f 4696 4695 4697
f 4696 4697 4698
f 4698 4697 4699
f 4698 4699 4700
f 4700 4699 4701
f 4700 4701 4702
f 4702 4701 4703
f 4702 4703 4704
f 4704 4703 4705
f 4704 4705 4706
f 4706 4705 4707
f 4706 4707 4708
f 4708 4707 4709
f 4708 4709 4710
f 4710 4709 4711
f 4710 4711 4712
f 4712 4711 4713
f 4712 4713 4714
f 4714 4713 4209
f 4714 4209 4207
f 4698 4715 4696
f 4696 4715 114
f 4696 114 4694
f 4694 114 112
f 4694 112 4381
f 4391 4068 4389
f 4389 4068 4067
f 4389 4067 4387
f 4387 4067 4066
f 4387 4066 4385
f 4385 4066 4065
f 4385 4065 4063
f 4240 4242 4238
f 4238 4242 4646
f 4238 4646 4236
f 4236 4646 4644
f 4236 4644 4234
f 1414 1412 4311
f 4311 1412 4006
f 4311 4006 4007
f 23 25 4689
f 4689 25 57
f 4689 57 59
f 4223 4221 4716
f 4716 4221 4717
f 4716 4717 4718
f 4718 4717 4719
f 4718 4719 4720
f 4720 4719 4721
f 4720 4721 4722
f 4722 4721 4723
f 4722 4723 4724
f 4724 4723 4725
f 4724 4725 4726
f 4726 4725 4727
f 4726 4727 4728
f 4728 4727 4729
f 4728 4729 4241
f 4241 4729 4382
f 4229 4730 4231
f 4231 4730 4731
f 4231 4731 4233
f 4233 4731 4732
f 4233 4732 4235
f 4235 4732 4726
f 4235 4726 4237
f 4237 4726 4733
f 4237 4733 4239
f 4239 4733 4728
f 4239 4728 4241
f 1396 1394 4734
f 4734 1394 1392
f 4734 1392 4735
f 4735 1392 1390
f 4735 1390 4736
f 4736 1390 4737
f 4736 4737 4738
f 4738 4737 4739
f 4738 4739 4740
f 4740 4739 4741
f 4740 4741 4742
f 4742 4741 4743
f 4742 4743 4744
f 4744 4743 4745
f 4744 4745 4746
f 4746 4745 4556
f 4746 4556 3969
f 3969 4556 3967
f 2922 2001 3611
f 3611 2001 2003
f 3611 2003 3613
f 3613 2003 2005
f 3613 2005 3615
f 3615 2005 2007
f 3615 2007 2009
f 4098 4096 4747
f 4747 4096 4748
f 4747 4748 4749
f 4749 4748 4750
f 4749 4750 4751
f 4751 4750 4752
f 4751 4752 4753
f 4753 4752 80
f 4753 80 78
f 78 76 4753
f 4753 76 4754
f 4753 4754 4755
f 4755 4754 4756
f 4755 4756 4757
f 4757 4756 4758
f 4757 4758 4759
f 4759 4758 4760
f 4759 4760 4761
f 4761 4760 4762
f 4761 4762 4763
f 4763 4762 4764
f 4763 4764 4765
f 4765 4764 4766
f 4765 4766 4767
f 4767 4766 4768
f 4767 4768 4769
f 4769 4768 4770
f 4769 4770 4771
f 4771 4770 4772
f 4771 4772 4773
f 4773 4772 4774
f 4773 4774 4775
f 4775 4774 4776
f 4775 4776 4777
f 4777 4776 4778
f 4777 4778 4779
f 4779 4778 4780
f 4779 4780 4781
f 4781 4780 4782
f 4781 4782 4783
f 4783 4782 4784
f 4783 4784 4785
f 4785 4784 48
f 4785 48 46
f 2805 4693 2803
f 3582 3380 1354
f 4641 4343 4344
f 1360 1358 4786
f 4786 1358 4787
f 4786 4787 4788
f 4788 4787 3379
f 4788 3379 4642
f 4642 3379 3377
f 3240 3238 3400
f 3238 3402 3400
f 4444 4445 4649
f 4649 4445 4789
f 4649 4789 4790
f 4790 4789 4791
f 4790 4791 4792
f 4792 4791 4451
f 4792 4451 4793
f 4793 4451 4452
f 4793 4452 143
f 4566 4568 4678
f 4709 4707 4794
f 4794 4707 4705
f 4794 4705 4795
f 4795 4705 4703
f 4795 4703 4723
f 4723 4703 4701
f 4723 4701 4725
f 4725 4701 4796
f 4725 4796 4797
f 4797 4796 4695
f 4797 4695 4729
f 4729 4695 4382
f 1232 1230 1234
f 4752 4748 82
f 82 4748 4798
f 82 4798 84
f 84 4798 4094
f 84 4094 86
f 2006 2369 2008
f 3509 3507 3606
f 3606 3507 3505
f 3606 3505 3608
f 3608 3505 2930
f 3608 2930 2928
f 222 4799 4800
f 4800 4799 4280
f 4800 4280 4801
f 4801 4280 4278
f 4801 4278 4802
f 4802 4278 4276
f 4802 4276 4803
f 4803 4276 4274
f 4803 4274 4804
f 4804 4274 4805
f 4804 4805 4806
f 4806 4805 4807
f 4806 4807 4808
f 4808 4807 4809
f 4808 4809 151
f 151 4809 4810
f 151 4810 149
f 149 4810 4270
f 149 4270 147
f 147 4270 4268
f 147 4268 4811
f 4811 4268 4655
f 4811 4655 4653
f 4275 4277 4688
f 4279 4688 4277
f 72 4756 74
f 74 4756 4754
f 74 4754 76
f 1676 1678 4812
f 4812 1678 4813
f 4812 4813 4814
f 4814 4813 1416
f 4814 1416 4815
f 4815 1416 1668
f 4815 1668 4816
f 4816 1668 1670
f 4816 1670 4817
f 4817 1670 1672
f 4817 1672 1674
f 4315 4329 4316
f 4316 4329 4331
f 4316 4331 3759
f 3759 4331 4333
f 3759 4333 4818
f 4818 4333 4335
f 4818 4335 3760
f 3760 4335 3761
f 4345 3681 4501
f 4501 3681 3679
f 4501 3679 4502
f 1673 4567 1675
f 1675 4567 4565
f 1675 4565 1677
f 1677 4565 4563
f 1677 4563 1679
f 1679 4563 3389
f 1679 3389 1680
f 3295 1854 1856
f 4354 4503 4672
f 4672 4503 4504
f 4672 4504 4505
f 1851 4028 1853
f 1853 4028 1855
f 4273 4692 4271
f 4271 4692 4269
f 4368 3305 3303
f 80 4752 82
f 1227 1229 4575
f 4575 1229 4660
f 4575 4660 4574
f 3203 3199 3201
f 3394 3244 3396
f 3396 3244 3242
f 4673 4672 4505
f 4384 4050 4386
f 4386 4050 4819
f 4386 4819 4388
f 4388 4819 4559
f 4388 4559 4390
f 67 4379 65
f 65 4379 3768
f 65 3768 3767
f 4034 3614 3616
f 143 145 4793
f 4793 145 4820
f 4793 4820 4792
f 4792 4820 4821
f 4792 4821 4790
f 4790 4821 4822
f 4790 4822 4649
f 4649 4822 4651
f 4616 4618 4615
f 4615 4618 4495
f 4615 4495 4493
f 4822 4821 4651
f 4651 4821 4823
f 4651 4823 4653
f 4653 4823 4824
f 4653 4824 4811
f 4811 4824 145
f 4811 145 147
f 117 4448 115
f 115 4448 4446
f 115 4446 113
f 4725 4797 4727
f 4727 4797 4729
f 3969 3971 4825
f 4825 3971 3973
f 4825 3973 4826
f 4826 3973 3975
f 4826 3975 4827
f 4827 3975 3977
f 4827 3977 4828
f 4828 3977 1410
f 4828 1410 1408
f 4735 4736 4829
f 4829 4736 4738
f 4829 4738 4830
f 4830 4738 4831
f 4830 4831 4826
f 4826 4831 4832
f 4826 4832 4825
f 4825 4832 4746
f 4825 4746 3969
f 3174 3172 4289
f 4289 3172 4396
f 4289 4396 4833
f 4833 4396 4398
f 4833 4398 4834
f 4834 4398 4400
f 4834 4400 4293
f 4293 4400 4402
f 4293 4402 4295
f 4295 4402 4404
f 4295 4404 4296
f 4296 4404 4297
f 4659 3862 4835
f 4835 3862 3864
f 4835 3864 4836
f 4836 3864 4434
f 4836 4434 4437
f 4437 4434 4435
f 4835 4836 4659
f 4659 4836 4437
f 4642 4346 4788
f 4788 4346 4348
f 4788 4348 4837
f 4837 4348 4349
f 4837 4349 4838
f 4838 4349 4353
f 4838 4353 4839
f 4839 4353 4355
f 4839 4355 4357
f 4136 4138 4677
f 4677 4138 4139
f 4677 4139 4140
f 1674 1676 4817
f 4817 1676 4812
f 4817 4812 4816
f 4816 4812 4814
f 4816 4814 4815
f 4679 3634 3632
f 1701 4690 1703
f 1703 4690 4691
f 1703 4691 1705
f 1705 4691 3670
f 1705 3670 1707
f 4451 4791 4449
f 4449 4791 4840
f 4449 4840 4447
f 4447 4840 4841
f 4447 4841 4445
f 4445 4841 4789
f 4760 4758 70
f 70 4758 4756
f 70 4756 72
f 4660 1229 1231
f 3766 4689 59
f 4823 4821 4824
f 4824 4821 4820
f 4824 4820 145
f 3974 4006 3976
f 3976 4006 1412
f 4019 4017 4516
f 4516 4017 4842
f 4516 4842 4517
f 4517 4842 4843
f 4517 4843 4844
f 4844 4843 4845
f 4844 4845 4846
f 4846 4845 4847
f 4846 4847 4848
f 4848 4847 4849
f 4848 4849 4850
f 4850 4849 206
f 4850 206 204
f 69 4379 67
f 4807 4805 4809
f 4809 4805 4851
f 4809 4851 4810
f 4810 4851 4272
f 4810 4272 4270
f 4805 4274 4851
f 4851 4274 4272
f 2190 2192 4852
f 4852 2192 4853
f 4852 4853 4676
f 4676 4853 4854
f 4676 4854 4674
f 4674 4854 4135
f 2198 2200 4855
f 4855 2200 2202
f 4855 2202 4853
f 4853 2202 4856
f 4853 4856 4854
f 4854 4856 4137
f 4854 4137 4135
f 3944 3948 3946
f 4543 4578 4544
f 4544 4578 4576
f 4544 4576 4545
f 4370 2936 2934
f 4796 4857 4695
f 4695 4857 4699
f 4695 4699 4697
f 4728 4733 4726
f 4606 4858 4859
f 4859 4858 4860
f 4859 4860 4861
f 4861 4860 4862
f 4861 4862 4863
f 4863 4862 3302
f 4863 3302 4864
f 4864 3302 4865
f 4864 4865 4866
f 4866 4865 3306
f 4866 3306 3308
f 3308 4614 4866
f 4866 4614 4613
f 4866 4613 4864
f 4864 4613 4612
f 4864 4612 4610
f 4791 4789 4840
f 4840 4789 4841
f 1693 1691 4867
f 4867 1691 1689
f 4867 1689 4868
f 4868 1689 4869
f 4868 4869 4870
f 4870 4869 3397
f 4870 3397 3399
f 3399 3397 3398
f 2186 2188 4675
f 4094 4798 4096
f 4096 4798 4748
f 4050 4048 4819
f 4819 4048 4558
f 4819 4558 4559
f 4354 4352 4503
f 4503 4352 4350
f 1991 4871 4872
f 4872 4871 4873
f 4872 4873 1455
f 1455 4873 4874
f 1455 4874 1453
f 1453 4874 4875
f 1453 4875 4876
f 4876 4875 4877
f 4876 4877 4878
f 4878 4877 4879
f 4878 4879 4880
f 4880 4879 4881
f 4880 4881 4878
f 4878 4881 4882
f 4878 4882 4883
f 4883 4882 2927
f 4883 2927 4884
f 4884 2927 2929
f 4884 2929 4885
f 4885 2929 2931
f 4885 2931 4886
f 4886 2931 2933
f 4886 2933 4887
f 4887 2933 2935
f 4887 2935 3556
f 3556 2935 2937
f 3556 2937 3554
f 3567 3565 4888
f 4888 3565 3563
f 4888 3563 4889
f 4889 3563 4890
f 4889 4890 4891
f 4891 4890 3559
f 4891 3559 4892
f 4892 3559 3731
f 4892 3731 4893
f 4893 3731 3733
f 4893 3733 4894
f 4894 3733 3735
f 4894 3735 1355
f 1355 3735 1353
f 1358 1356 4787
f 4787 1356 3379
f 61 63 3767
f 3767 63 65
f 2293 4656 2291
f 2291 4656 4895
f 2291 4895 2289
f 2289 4895 4629
f 2289 4629 4896
f 4896 4629 4627
f 4896 4627 4897
f 4897 4627 4625
f 4897 4625 4623
f 116 114 4898
f 4898 114 4715
f 4898 4715 4899
f 4899 4715 4900
f 4899 4900 4901
f 4901 4900 4902
f 4901 4902 4903
f 4903 4902 126
f 4903 126 124
f 4549 4904 4551
f 4551 4904 4410
f 4551 4410 4553
f 4553 4410 4408
f 4553 4408 4555
f 4777 4905 4775
f 4775 4905 4906
f 4775 4906 4907
f 4907 4906 4908
f 4907 4908 4909
f 4909 4908 4910
f 4909 4910 4911
f 4911 4910 4912
f 4911 4912 4913
f 4913 4912 4914
f 4913 4914 4915
f 4915 4914 4916
f 4915 4916 4917
f 4917 4916 4918
f 4917 4918 4919
f 4919 4918 4920
f 4919 4920 4921
f 4921 4920 4922
f 4921 4922 4923
f 4923 4922 4924
f 4923 4924 4925
f 4925 4924 4926
f 4925 4926 4927
f 4927 4926 4928
f 4927 4928 4929
f 4929 4928 4930
f 4929 4930 4757
f 4757 4930 4931
f 4757 4931 4755
f 4755 4931 4751
f 4755 4751 4753
f 3666 3664 4932
f 4932 3664 2210
f 4932 2210 4933
f 4933 2210 2212
f 4933 2212 4934
f 4934 2212 4935
f 4934 4935 4936
f 4936 4935 4937
f 4936 4937 4938
f 4938 4937 4939
f 4938 4939 4940
f 4940 4939 4484
f 4940 4484 4941
f 4941 4484 4486
f 4941 4486 4942
f 4942 4486 4492
f 4942 4492 4494
f 3666 4932 4498
f 4498 4932 4933
f 4498 4933 4934
f 4774 4772 4943
f 4943 4772 4944
f 4943 4944 4945
f 4945 4944 4768
f 4945 4768 62
f 62 4768 4766
f 62 4766 64
f 64 4766 4764
f 64 4764 66
f 66 4764 4762
f 66 4762 68
f 68 4762 4760
f 68 4760 70
f 3939 3941 4946
f 4946 3941 3943
f 4946 3943 4508
f 4508 3943 3945
f 4508 3945 3947
f 4661 4662 1228
f 1228 4662 4663
f 1228 4663 1230
f 4428 4430 4739
f 4739 4430 4548
f 4739 4548 4741
f 4741 4548 4552
f 4741 4552 4743
f 4743 4552 4554
f 4743 4554 4745
f 4745 4554 4556
f 4280 4799 4281
f 4281 4799 220
f 4281 220 4283
f 4283 220 4947
f 4283 4947 4285
f 4285 4947 216
f 4285 216 4287
f 4287 216 214
f 4287 214 212
f 4870 3399 4948
f 4948 3399 3401
f 4948 3401 4949
f 4949 3401 3403
f 4949 3403 1697
f 1697 3403 1699
f 4618 4497 4495
f 4629 4895 4630
f 4630 4895 4656
f 4630 4656 4632
f 4845 4843 4950
f 4950 4843 4842
f 4950 4842 4951
f 4951 4842 4017
f 4951 4017 4015
f 4903 124 4952
f 4952 124 122
f 4952 122 4899
f 4899 122 120
f 4899 120 4898
f 4898 120 118
f 4898 118 116
f 56 55 58
f 58 55 4953
f 58 4953 4954
f 4954 4953 4955
f 4954 4955 4956
f 4956 4955 53
f 4956 53 4957
f 4957 53 52
f 4957 52 51
f 4750 4748 4752
f 3759 4818 3760
f 4575 4577 1227
f 1227 4577 4958
f 1227 4958 1225
f 1225 4958 4959
f 1225 4959 1223
f 1223 4959 4960
f 1223 4960 1221
f 1221 4960 4961
f 1221 4961 4962
f 4962 4961 4963
f 4962 4963 4964
f 4964 4963 4539
f 4964 4539 4537
f 1678 1420 4813
f 4813 1420 1418
f 4813 1418 1416
f 4716 4718 4965
f 4965 4718 4720
f 4965 4720 4731
f 4731 4720 4722
f 4731 4722 4732
f 4732 4722 4724
f 4732 4724 4726
f 4528 4532 4966
f 4966 4532 4967
f 4966 4967 4522
f 4522 4967 4968
f 4522 4968 4520
f 4520 4968 3861
f 4520 3861 4518
f 4518 3861 3859
f 4518 3859 3857
f 137 4450 4969
f 4969 4450 4970
f 4969 4970 4971
f 4971 4970 4972
f 4971 4972 121
f 121 4972 4970
f 121 4970 119
f 119 4970 4448
f 119 4448 117
f 4950 4951 208
f 208 4951 4015
f 208 4015 210
f 3631 4637 3391
f 4672 4670 4354
f 4738 4740 4831
f 4831 4740 4742
f 4831 4742 4832
f 4832 4742 4744
f 4832 4744 4746
f 1413 1415 4973
f 4973 1415 1417
f 4973 1417 4974
f 4974 1417 1419
f 4974 1419 4975
f 4975 1419 1421
f 4975 1421 4976
f 4976 1421 1423
f 4976 1423 4977
f 4977 1423 1425
f 4977 1425 1427
f 1429 1433 4978
f 4978 1433 1435
f 4978 1435 4979
f 4979 1435 4980
f 4979 4980 4981
f 4981 4980 4982
f 4981 4982 4983
f 4983 4982 1401
f 4983 1401 4984
f 4984 1401 1403
f 4984 1403 4985
f 4985 1403 1405
f 4985 1405 4986
f 4986 1405 4987
f 4986 4987 4973
f 4973 4987 1411
f 4973 1411 1413
f 4796 4701 4857
f 4699 4857 4701
f 3505 2932 2930
f 4448 4970 4450
f 3302 3304 4865
f 4865 3304 3306
f 159 4988 4989
f 4989 4988 234
f 4989 234 4990
f 4990 234 4991
f 4990 4991 4992
f 4992 4991 4993
f 4992 4993 4994
f 4994 4993 4803
f 4994 4803 4804
f 230 228 4995
f 4995 228 226
f 4995 226 4996
f 4996 226 4997
f 4996 4997 4993
f 4993 4997 4802
f 4993 4802 4803
f 220 218 4947
f 216 4947 218
f 159 4989 4998
f 4998 4989 4990
f 4998 4990 4999
f 4999 4990 4992
f 4999 4992 5000
f 5000 4992 4994
f 5000 4994 5001
f 5001 4994 4804
f 5001 4804 4806
f 151 5002 5003
f 5003 5002 5000
f 5003 5000 4808
f 4808 5000 5001
f 4808 5001 4806
f 4669 4671 4668
f 4668 4671 2292
f 4668 2292 2290
f 222 220 4799
f 4698 4700 4715
f 4715 4700 5004
f 4715 5004 4900
f 4900 5004 5005
f 4900 5005 4902
f 4902 5005 4704
f 4902 4704 5006
f 5006 4704 4706
f 5006 4706 5007
f 5007 4706 4708
f 5007 4708 5008
f 5008 4708 4710
f 5008 4710 4712
f 55 54 4953
f 4953 54 53
f 4953 53 4955
f 4788 4837 4786
f 4786 4837 5009
f 4786 5009 5010
f 5010 5009 5011
f 5010 5011 5012
f 5012 5011 4361
f 5012 4361 1366
f 1366 4361 4363
f 1366 4363 1368
f 4299 4300 5013
f 5013 4300 4302
f 5013 4302 5014
f 5014 4302 4304
f 5014 4304 4380
f 3534 3536 4301
f 4301 3536 3538
f 3189 3191 4328
f 4328 3191 3193
f 4328 3193 4330
f 4330 3193 5015
f 4330 5015 4332
f 4332 5015 3197
f 2210 3664 2208
f 4349 4351 4353
f 2206 4137 2204
f 2204 4137 4856
f 2204 4856 2202
f 151 5003 4808
f 1689 1687 4869
f 4869 1687 5016
f 4869 5016 3397
f 3397 5016 3395
f 3933 3935 5017
f 5017 3935 5018
f 5017 5018 5019
f 5019 5018 5020
f 5019 5020 5021
f 5021 5020 5022
f 5021 5022 5023
f 5023 5022 5024
f 5023 5024 5025
f 5025 5024 5026
f 5025 5026 3828
f 3828 5026 5027
f 3828 5027 3830
f 3830 5027 5028
f 3830 5028 4512
f 4512 5028 5029
f 4512 5029 4511
f 4511 5029 4510
f 146 144 5030
f 5030 144 142
f 5030 142 140
f 5007 5031 5006
f 5006 5031 5032
f 5006 5032 5033
f 5033 5032 5034
f 5033 5034 128
f 128 5034 5035
f 128 5035 5036
f 5036 5035 5037
f 5036 5037 5038
f 5038 5037 5039
f 5038 5039 132
f 132 5039 5040
f 132 5040 134
f 134 5040 5041
f 134 5041 5042
f 5042 5041 5043
f 5042 5043 5044
f 5044 5043 189
f 5044 189 5030
f 5030 189 148
f 5030 148 146
f 3193 3195 5015
f 5015 3195 3197
f 224 222 5045
f 5045 222 4800
f 5045 4800 4801
f 1422 1420 1678
f 4682 1702 4686
f 4686 1702 1704
f 4686 1704 4687
f 4687 1704 1706
f 4687 1706 1708
f 4412 4410 4432
f 4432 4410 4904
f 4432 4904 4547
f 4547 4904 4549
f 1687 1685 5016
f 5016 1685 3393
f 5016 3393 3395
f 4801 4802 5045
f 5045 4802 4997
f 5045 4997 226
f 3403 3405 1699
f 1699 3405 1701
f 1355 1357 4894
f 4894 1357 5046
f 4894 5046 4893
f 4893 5046 5047
f 4893 5047 5048
f 5048 5047 5049
f 5048 5049 5050
f 5050 5049 5051
f 5050 5051 5052
f 5052 5051 5053
f 5052 5053 5054
f 5054 5053 4888
f 5054 4888 4889
f 4676 2190 4852
f 3806 3804 5055
f 5055 3804 5056
f 5055 5056 5057
f 5057 5056 5058
f 5057 5058 5059
f 5059 5058 5060
f 5059 5060 5061
f 5061 5060 5062
f 5061 5062 5063
f 5063 5062 5064
f 5063 5064 5065
f 5065 5064 5066
f 5065 5066 5067
f 5067 5066 5068
f 5067 5068 5069
f 5069 5068 5070
f 5069 5070 5071
f 5071 5070 5072
f 5071 5072 5073
f 5073 5072 5074
f 5073 5074 5075
f 5075 5074 5076
f 5075 5076 5077
f 5077 5076 5078
f 5077 5078 5079
f 5079 5078 5080
f 5079 5080 5081
f 5081 5080 5082
f 5081 5082 5083
f 5083 5082 5084
f 5083 5084 5085
f 5085 5084 5086
f 5085 5086 5087
f 5087 5086 5088
f 5087 5088 5089
f 5089 5088 5090
f 5089 5090 5091
f 5091 5090 5092
f 5091 5092 5093
f 5093 5092 5094
f 5093 5094 5095
f 5095 5094 5096
f 5095 5096 5097
f 5097 5096 5098
f 5097 5098 5099
f 5099 5098 5100
f 5099 5100 5101
f 5101 5100 5102
f 5101 5102 5103
f 5103 5102 5104
f 5103 5104 5105
f 5105 5104 5106
f 5105 5106 5107
f 5107 5106 5108
f 5107 5108 5109
f 5109 5108 5110
f 5109 5110 5111
f 5111 5110 4214
f 5111 4214 5112
f 5112 4214 5113
f 5112 5113 5114
f 5114 5113 4218
f 5114 4218 5115
f 5115 4218 5116
f 5115 5116 5117
f 5117 5116 5118
f 5117 5118 5119
f 5119 5118 5120
f 5119 5120 4101
f 4101 5120 5121
f 4101 5121 4099
f 4099 5121 4226
f 4099 4226 4097
f 4097 4226 4228
f 4097 4228 4095
f 3557 3555 3732
f 5004 4700 5005
f 5005 4700 4702
f 5005 4702 4704
f 4508 4510 5122
f 5122 4510 5029
f 5122 5029 5123
f 5123 5029 5028
f 5123 5028 5124
f 5124 5028 5027
f 5124 5027 5125
f 5125 5027 5024
f 5125 5024 5022
f 3744 5126 3531
f 3531 5126 3754
f 3531 3754 3533
f 3533 3754 3756
f 3533 3756 3535
f 3535 3756 3758
f 3535 3758 3537
f 3188 3182 3190
f 3190 3182 5127
f 3190 5127 3192
f 3192 5127 4292
f 3192 4292 5128
f 5128 4292 4294
f 5128 4294 3196
f 3192 5128 3194
f 3194 5128 3196
f 1695 1693 5129
f 5129 1693 4867
f 5129 4867 4948
f 4948 4867 4868
f 4948 4868 4870
f 4899 4901 4952
f 4126 4124 5130
f 5130 4124 5131
f 5130 5131 5132
f 5132 5131 5133
f 5132 5133 5134
f 5134 5133 5135
f 5134 5135 5136
f 5136 5135 5137
f 5136 5137 5138
f 5138 5137 5139
f 5138 5139 4926
f 4926 5139 5140
f 4926 5140 4928
f 4928 5140 5141
f 4928 5141 4930
f 4930 5141 5142
f 4930 5142 4931
f 4931 5142 4749
f 4931 4749 4751
f 4885 4886 5143
f 5143 4886 5144
f 5143 5144 3560
f 3560 5144 4887
f 3560 4887 3558
f 3558 4887 3556
f 3944 3942 4373
f 4373 3942 3940
f 4373 3940 5145
f 5145 3940 4082
f 5145 4082 4080
f 4354 4670 4356
f 1226 4661 1228
f 141 137 139
f 151 153 5002
f 5002 153 155
f 5002 155 157
f 211 213 5146
f 5146 213 5147
f 5146 5147 5148
f 5148 5147 5149
f 5148 5149 5150
f 5150 5149 5151
f 5150 5151 5152
f 5152 5151 5153
f 5152 5153 5154
f 5154 5153 5155
f 5154 5155 5156
f 5156 5155 5157
f 5156 5157 5158
f 5158 5157 5159
f 5158 5159 5160
f 5160 5159 5161
f 5160 5161 5162
f 5162 5161 5163
f 5162 5163 5164
f 5164 5163 5165
f 5164 5165 5166
f 5166 5165 5167
f 5166 5167 5168
f 5168 5167 5169
f 5168 5169 5170
f 5170 5169 5171
f 5170 5171 5172
f 5172 5171 5173
f 5172 5173 5174
f 5174 5173 5175
f 5174 5175 5176
f 5176 5175 5177
f 5176 5177 5178
f 5178 5177 5179
f 5178 5179 5180
f 5180 5179 5181
f 5180 5181 255
f 255 5181 259
f 255 259 257
f 237 5182 5183
f 5183 5182 235
f 5183 235 5184
f 5184 235 207
f 5184 207 5146
f 5146 207 209
f 5146 209 211
f 4940 4942 4938
f 4938 4942 5185
f 4938 5185 4934
f 4934 5185 4496
f 4934 4496 4498
f 1850 1852 5186
f 5186 1852 3294
f 5186 3294 5187
f 5187 3294 3296
f 5187 3296 5188
f 5188 3296 3298
f 5188 3298 5189
f 5189 3298 3300
f 5189 3300 4862
f 4862 3300 3302
f 4532 4534 4967
f 4967 4534 4536
f 4967 4536 5190
f 5190 4536 4540
f 5190 4540 5191
f 5191 4540 4542
f 5191 4542 3865
f 3865 4542 3867
f 1398 1396 1400
f 1400 1396 4734
f 1400 4734 5192
f 5192 4734 4829
f 5192 4829 5193
f 5193 4829 4830
f 5193 4830 4827
f 4827 4830 4826
f 60 58 4943
f 4943 58 4954
f 4943 4954 4774
f 4774 4954 4956
f 4774 4956 4776
f 4776 4956 4957
f 4776 4957 51
f 4508 5122 4946
f 4946 5122 5194
f 4946 5194 3939
f 3939 5194 5195
f 3939 5195 3937
f 3937 5195 5018
f 3937 5018 3935
f 125 129 5196
f 5196 129 131
f 5196 131 4971
f 4971 131 133
f 4971 133 4969
f 4969 133 135
f 4969 135 137
f 4716 4965 4225
f 4225 4965 4730
f 4225 4730 4227
f 4227 4730 4229
f 2924 3610 2926
f 2926 3610 3609
f 4523 4521 4846
f 4846 4521 4519
f 4846 4519 4844
f 4844 4519 4517
f 4624 4626 4415
f 4415 4626 4628
f 4415 4628 4413
f 4413 4628 4411
f 5009 4837 5197
f 5197 4837 4838
f 5197 4838 5198
f 5198 4838 4359
f 5198 4359 5199
f 5199 4359 4361
f 5199 4361 5011
f 4548 4550 4552
f 2004 2002 4064
f 4064 2002 5200
f 4064 5200 4062
f 4062 5200 5201
f 4062 5201 4061
f 4061 5201 5202
f 4061 5202 4059
f 4059 5202 5203
f 4059 5203 5204
f 5204 5203 5205
f 5204 5205 5206
f 5206 5205 1471
f 5206 1471 5207
f 5207 1471 5208
f 5207 5208 5209
f 5209 5208 5210
f 5209 5210 5211
f 5211 5210 5212
f 5211 5212 5213
f 5213 5212 3131
f 5213 3131 5214
f 5214 3131 3133
f 5214 3133 5215
f 5215 3133 3135
f 5215 3135 5216
f 5216 3135 5217
f 5216 5217 5218
f 5218 5217 5219
f 5218 5219 5220
f 5220 5219 5221
f 5220 5221 5222
f 5222 5221 4051
f 5222 4051 4053
f 34 32 1849
f 182 180 5223
f 5223 180 5224
f 5223 5224 5225
f 5225 5224 154
f 5225 154 188
f 188 154 152
f 188 152 190
f 190 152 150
f 157 4998 5002
f 5002 4998 4999
f 5002 4999 5000
f 234 4995 4991
f 4991 4995 4996
f 4991 4996 4993
f 1405 1407 4987
f 4987 1407 1409
f 4987 1409 1411
f 5196 4971 125
f 125 4971 121
f 125 121 123
f 3526 3528 2632
f 2632 3528 5014
f 2632 5014 2634
f 2634 5014 4380
f 2634 4380 2636
f 4901 4903 4952
f 1429 5226 4977
f 4977 5226 5227
f 4977 5227 4976
f 4976 5227 5228
f 4976 5228 4975
f 4975 5228 4986
f 4975 4986 5229
f 5229 4986 4973
f 5229 4973 4974
f 4961 4960 5230
f 5230 4960 4959
f 5230 4959 5231
f 5231 4959 4958
f 5231 4958 4579
f 4579 4958 4577
f 62 60 4945
f 60 4943 4945
f 5192 5193 1408
f 1408 5193 4827
f 1408 4827 4828
f 2286 4668 2288
f 2288 4668 2290
f 3861 4968 3863
f 3863 4968 5190
f 3863 5190 5191
f 134 5042 138
f 138 5042 5232
f 138 5232 140
f 140 5232 5030
f 2189 4042 2191
f 224 5045 226
f 213 215 5147
f 5147 215 217
f 5147 217 5233
f 5233 217 5234
f 5233 5234 5235
f 5235 5234 5236
f 5235 5236 5237
f 5237 5236 5238
f 5237 5238 5239
f 5239 5238 5240
f 5239 5240 5241
f 5241 5240 5242
f 5241 5242 5243
f 5243 5242 5244
f 5243 5244 5245
f 5245 5244 5246
f 5245 5246 5247
f 5247 5246 5248
f 5247 5248 5249
f 5249 5248 5250
f 5249 5250 5251
f 5251 5250 5252
f 5251 5252 5253
f 5253 5252 5254
f 5253 5254 5255
f 5255 5254 5256
f 5255 5256 5257
f 5257 5256 5258
f 5257 5258 5259
f 5259 5258 5260
f 5259 5260 5261
f 5261 5260 5262
f 5261 5262 5263
f 5263 5262 5264
f 5263 5264 5265
f 5265 5264 5266
f 5265 5266 5267
f 5267 5266 5268
f 5267 5268 5269
f 5269 5268 5270
f 5269 5270 5271
f 5271 5270 5272
f 5271 5272 5273
f 5273 5272 5274
f 5273 5274 5275
f 5275 5274 5276
f 5275 5276 5277
f 5277 5276 5278
f 5277 5278 5279
f 5279 5278 5280
f 5279 5280 5281
f 5281 5280 5282
f 5281 5282 5283
f 5283 5282 5284
f 5283 5284 5285
f 5285 5284 5286
f 5285 5286 5287
f 5287 5286 5288
f 5287 5288 5289
f 5289 5288 5290
f 5289 5290 5291
f 5291 5290 5292
f 5291 5292 5293
f 5293 5292 5294
f 5293 5294 5295
f 5295 5294 5296
f 5295 5296 5297
f 5297 5296 5298
f 5297 5298 5299
f 5299 5298 5300
f 5299 5300 5301
f 5301 5300 5302
f 5301 5302 5303
f 5303 5302 465
f 5303 465 463
f 208 206 4950
f 4950 206 4849
f 4950 4849 4847
f 3755 4316 3757
f 3757 4316 3759
f 5030 5232 5044
f 1697 1695 4949
f 4949 1695 5129
f 4949 5129 4948
f 4731 4730 4965
f 4923 4925 5304
f 5304 4925 4927
f 5304 4927 4759
f 4759 4927 4929
f 4759 4929 4757
f 4975 5229 4974
f 4847 4845 4950
f 4359 4838 4357
f 4357 4838 4839
f 5254 5252 5305
f 5305 5252 5306
f 5305 5306 5307
f 5307 5306 5308
f 5307 5308 5309
f 5309 5308 5310
f 5309 5310 5311
f 5311 5310 5312
f 5311 5312 5313
f 5313 5312 5240
f 5313 5240 5314
f 5314 5240 5238
f 5314 5238 5315
f 5315 5238 5236
f 5315 5236 5316
f 5316 5236 5317
f 5316 5317 221
f 221 5317 219
f 217 219 5234
f 5234 219 5317
f 5234 5317 5236
f 3865 3863 5191
f 4723 4721 4795
f 4795 4721 4719
f 4795 4719 4794
f 4794 4719 5318
f 4794 5318 4709
f 4709 5318 4717
f 4709 4717 5319
f 5319 4717 4219
f 5319 4219 4217
f 5260 5258 5320
f 5320 5258 5321
f 5320 5321 5322
f 5322 5321 5323
f 5322 5323 5324
f 5324 5323 5325
f 5324 5325 5326
f 5326 5325 5327
f 5326 5327 5328
f 5328 5327 5329
f 5328 5329 5330
f 5330 5329 5331
f 5330 5331 5332
f 5332 5331 5333
f 5332 5333 5334
f 5334 5333 5335
f 5334 5335 5336
f 5336 5335 5337
f 5336 5337 5338
f 5338 5337 5339
f 5338 5339 5340
f 5340 5339 5316
f 5340 5316 223
f 223 5316 221
f 5199 5011 5198
f 5198 5011 5009
f 5198 5009 5197
f 136 134 138
f 4050 4384 4052
f 2281 2283 4619
f 4619 2283 5341
f 4619 5341 4621
f 4621 5341 2285
f 4621 2285 5342
f 5342 2285 2287
f 5342 2287 4896
f 4896 2287 2289
f 5232 5042 5044
f 5185 4942 4496
f 4496 4942 4494
f 4547 4431 4432
f 4289 4833 4291
f 4291 4833 4834
f 4291 4834 4293
f 1681 3388 1683
f 1683 3388 3390
f 1683 3390 1685
f 2194 2196 2192
f 2192 2196 4855
f 2192 4855 4853
f 34 1850 36
f 36 1850 5186
f 36 5186 5343
f 5343 5186 5187
f 5343 5187 5344
f 5344 5187 5188
f 5344 5188 5345
f 5345 5188 5189
f 5345 5189 4860
f 4860 5189 4862
f 3891 3893 5346
f 5346 3893 5347
f 5346 5347 5348
f 5348 5347 5349
f 5348 5349 5350
f 5350 5349 5351
f 5350 5351 5352
f 5352 5351 5353
f 5352 5353 5354
f 5354 5353 5355
f 5354 5355 5356
f 5356 5355 5357
f 5356 5357 5358
f 5358 5357 5359
f 5358 5359 5360
f 5360 5359 5357
f 5360 5357 5361
f 5361 5357 5362
f 5361 5362 5363
f 5363 5362 5364
f 5363 5364 5365
f 5365 5364 2627
f 5365 2627 5366
f 5366 2627 2629
f 5366 2629 4079
f 4079 2629 5367
f 4079 5367 4077
f 4077 5367 2633
f 4077 2633 2635
f 5139 5368 5369
f 5369 5368 5370
f 5369 5370 5371
f 5371 5370 5372
f 5371 5372 5373
f 5373 5372 5374
f 5373 5374 5142
f 5142 5374 4747
f 5142 4747 4749
f 127 129 125
f 4786 5010 1360
f 1360 5010 5375
f 1360 5375 5376
f 5376 5375 1364
f 5376 1364 1362
f 4911 4913 5377
f 5377 4913 4915
f 5377 4915 5378
f 5378 4915 5379
f 5378 5379 4769
f 4769 5379 5380
f 4769 5380 4767
f 4767 5380 5381
f 4767 5381 5382
f 5382 5381 4921
f 5382 4921 5383
f 5383 4921 4923
f 5383 4923 4761
f 4761 4923 5304
f 4761 5304 4759
f 5336 5338 227
f 227 5338 5340
f 227 5340 225
f 225 5340 223
f 2211 2209 5384
f 5384 2209 5385
f 5384 5385 5386
f 5386 5385 5387
f 5386 5387 5388
f 5388 5387 5389
f 5388 5389 5390
f 5390 5389 2207
f 5390 2207 2205
f 2205 2203 5390
f 5390 2203 5391
f 5390 5391 5392
f 5392 5391 2223
f 5392 2223 5388
f 5388 2223 2221
f 5388 2221 5386
f 5386 2221 2219
f 5386 2219 5384
f 5384 2219 5393
f 5384 5393 2211
f 2211 5393 5394
f 2211 5394 2213
f 2213 5394 2217
f 2213 2217 2215
f 5049 5047 5395
f 5395 5047 5396
f 5395 5396 5397
f 5397 5396 5046
f 5397 5046 1359
f 1359 5046 1357
f 5387 5385 5389
f 5389 5385 2209
f 5389 2209 2207
f 4606 5398 4608
f 4608 5398 5399
f 4608 5399 4610
f 4610 5399 4863
f 4610 4863 4864
f 5146 5148 5184
f 5184 5148 5400
f 5184 5400 5183
f 5183 5400 5401
f 5183 5401 237
f 237 5401 5402
f 237 5402 5403
f 5403 5402 5156
f 5403 5156 5158
f 5159 5157 5404
f 5404 5157 5405
f 5404 5405 5406
f 5406 5405 5407
f 5406 5407 5408
f 5408 5407 5409
f 5408 5409 5410
f 5410 5409 5411
f 5410 5411 5237
f 5237 5411 5412
f 5237 5412 5235
f 5235 5412 5149
f 5235 5149 5233
f 5233 5149 5147
f 5006 5033 4902
f 4902 5033 128
f 4902 128 126
f 4118 4114 5413
f 5413 4114 4112
f 5413 4112 5414
f 5414 4112 5415
f 5414 5415 5416
f 5416 5415 4106
f 5416 4106 5417
f 5417 4106 4104
f 5417 4104 5370
f 5370 4104 4102
f 5370 4102 5372
f 5372 4102 4100
f 5372 4100 5374
f 5374 4100 4098
f 5374 4098 4747
f 5018 5195 5418
f 5418 5195 5194
f 5418 5194 5123
f 5123 5194 5122
f 4936 4938 4934
f 5144 4886 4887
f 4539 5230 4580
f 4580 5230 5231
f 4580 5231 4579
f 4358 4356 4360
f 4360 4356 5419
f 4360 5419 4362
f 4362 5419 4667
f 4362 4667 5420
f 5420 4667 4666
f 5420 4666 4367
f 4356 4667 5419
f 157 159 4998
f 5014 3528 5013
f 5013 3528 3530
f 5013 3530 4299
f 3122 3120 5421
f 5421 3120 5422
f 5421 5422 3154
f 3154 5422 5423
f 3154 5423 3156
f 3156 5423 5424
f 3156 5424 5425
f 5425 5424 5426
f 5425 5426 5427
f 5427 5426 5428
f 5427 5428 5429
f 5429 5428 1696
f 5429 1696 5430
f 5430 1696 1698
f 5430 1698 1700
f 5425 5427 5431
f 5431 5427 5429
f 5431 5429 5432
f 5432 5429 5430
f 5432 5430 4681
f 4681 5430 1700
f 4684 4682 4686
f 4978 4979 5226
f 5226 4979 4983
f 5226 4983 5227
f 5227 4983 4984
f 5227 4984 5228
f 5228 4984 4985
f 5228 4985 4986
f 4080 4078 5145
f 5145 4078 4373
f 4430 4431 4548
f 5322 5324 5433
f 5433 5324 5434
f 5433 5434 5435
f 5435 5434 5436
f 5435 5436 5437
f 5437 5436 5438
f 5437 5438 5439
f 5439 5438 5440
f 5439 5440 5441
f 5441 5440 5442
f 5441 5442 5443
f 5443 5442 5444
f 5443 5444 5445
f 5445 5444 5446
f 5445 5446 5447
f 5447 5446 5448
f 5447 5448 5449
f 5449 5448 5450
f 5449 5450 5451
f 5451 5450 5452
f 5451 5452 5453
f 5453 5452 5454
f 5453 5454 5455
f 5455 5454 5456
f 5455 5456 5457
f 5457 5456 5458
f 5457 5458 5459
f 5459 5458 5460
f 5459 5460 5461
f 5461 5460 5462
f 5461 5462 5463
f 5463 5462 5464
f 5463 5464 5465
f 5465 5464 5466
f 5465 5466 5467
f 5467 5466 183
f 5467 183 5468
f 5468 183 185
f 5468 185 5469
f 5469 185 187
f 5469 187 5043
f 5043 187 189
f 1408 1406 5192
f 5192 1406 1402
f 5192 1402 1400
f 4468 4470 5470
f 5470 4470 5471
f 5470 5471 5472
f 5472 5471 5473
f 5472 5473 5474
f 5474 5473 5475
f 5474 5475 2216
f 2216 5475 5476
f 2216 5476 2214
f 2214 5476 5477
f 2214 5477 2212
f 2212 5477 4935
f 2277 2279 4423
f 4423 2279 5478
f 4423 5478 5479
f 5479 5478 5480
f 5479 5480 4419
f 4419 5480 4622
f 4419 4622 4417
f 4417 4622 4624
f 4417 4624 4415
f 205 207 235
f 128 5036 130
f 130 5036 5038
f 130 5038 132
f 4896 4897 5342
f 5342 4897 4623
f 5342 4623 4621
f 2199 2223 2201
f 2201 2223 5391
f 2201 5391 2203
f 4765 5382 4763
f 4763 5382 5383
f 4763 5383 4761
f 184 5223 186
f 186 5223 5225
f 186 5225 188
f 3827 1226 1224
f 5022 5020 5125
f 5125 5020 5418
f 5125 5418 5124
f 5124 5418 5123
f 1992 1990 5481
f 5481 1990 5482
f 5481 5482 5483
f 5483 5482 1463
f 5483 1463 5484
f 5484 1463 1465
f 5484 1465 5485
f 5485 1465 1467
f 5485 1467 5486
f 5486 1467 1469
f 5486 1469 5487
f 5487 1469 5205
f 5487 5205 5488
f 5488 5205 5203
f 5488 5203 5489
f 5489 5203 5202
f 5489 5202 5490
f 5490 5202 5491
f 5490 5491 5492
f 5492 5491 5200
f 5492 5200 5493
f 5493 5200 2002
f 5493 2002 2000
f 2195 2193 5494
f 5494 2193 2191
f 5494 2191 5495
f 5495 2191 4045
f 5495 4045 5496
f 5496 4045 5497
f 5496 5497 5498
f 5498 5497 4046
f 5498 4046 5499
f 5499 4046 4047
f 5499 4047 5500
f 5500 4047 4049
f 5500 4049 5221
f 5221 4049 4051
f 170 5501 5502
f 5502 5501 5503
f 5502 5503 5504
f 5504 5503 158
f 5504 158 5505
f 5505 158 156
f 5505 156 154
f 154 5224 5505
f 5505 5224 178
f 5505 178 5504
f 5504 178 176
f 5504 176 5506
f 5506 176 172
f 5506 172 170
f 4486 4488 4492
f 4492 4488 4490
f 4591 4593 5507
f 5507 4593 4595
f 5507 4595 5508
f 5508 4595 4597
f 5508 4597 5509
f 5509 4597 5510
f 5509 5510 5511
f 5511 5510 5512
f 5511 5512 4582
f 4582 5512 5513
f 4582 5513 4487
f 4487 5513 5514
f 4487 5514 4489
f 4489 5514 4611
f 4489 4611 4491
f 234 232 4995
f 230 4995 232
f 1359 1361 5397
f 5397 1361 1363
f 5397 1363 5395
f 5395 1363 5515
f 5395 5515 5049
f 5049 5515 5516
f 5049 5516 5051
f 5051 5516 5517
f 5051 5517 5053
f 5053 5517 5518
f 5053 5518 5519
f 5519 5518 3569
f 5519 3569 3567
f 234 4988 161
f 161 4988 159
f 5325 5520 5327
f 5327 5520 5305
f 5327 5305 5329
f 5329 5305 5307
f 5329 5307 5521
f 5521 5307 5309
f 5521 5309 5522
f 5522 5309 5311
f 5522 5311 5523
f 5523 5311 5313
f 5523 5313 5335
f 5335 5313 5314
f 5335 5314 5337
f 5337 5314 5524
f 5337 5524 5339
f 5339 5524 5315
f 5339 5315 5316
f 5010 5012 5375
f 5375 5012 1366
f 5375 1366 1364
f 1360 5376 1362
f 5154 5525 5152
f 5152 5525 5526
f 5152 5526 5150
f 5150 5526 5400
f 5150 5400 5148
f 4942 4940 4941
f 4523 4846 5527
f 5527 4846 4848
f 5527 4848 5528
f 5528 4848 5529
f 5528 5529 5530
f 5530 5529 236
f 5530 236 238
f 5190 4968 4967
f 5390 5392 5388
f 4218 4220 5116
f 5116 4220 4222
f 5116 4222 5120
f 5120 4222 4224
f 5120 4224 5121
f 5121 4224 4226
f 2198 4855 2196
f 4397 4395 4685
f 4685 4395 3166
f 4685 3166 4683
f 4683 3166 3164
f 4683 3164 3162
f 5140 5369 5141
f 5141 5369 5373
f 5141 5373 5142
f 4606 4859 5398
f 5398 4859 4861
f 5398 4861 4863
f 4863 5399 5398
f 3179 3181 5531
f 5531 3181 3183
f 5531 3183 5532
f 5532 3183 3185
f 5532 3185 5533
f 5533 3185 3187
f 5533 3187 5534
f 5534 3187 5535
f 5534 5535 5536
f 5536 5535 4322
f 5536 4322 5537
f 5537 4322 5538
f 5537 5538 5539
f 5539 5538 5540
f 5539 5540 5541
f 5541 5540 5542
f 5541 5542 5543
f 5543 5542 5544
f 5543 5544 5545
f 5545 5544 5546
f 5545 5546 5547
f 5547 5546 5548
f 5547 5548 5549
f 5549 5548 5550
f 5549 5550 5551
f 5551 5550 5552
f 5551 5552 5553
f 5553 5552 5554
f 5553 5554 5555
f 5555 5554 5556
f 5555 5556 5557
f 5557 5556 5558
f 5557 5558 4600
f 4600 5558 5559
f 4600 5559 4602
f 4602 5559 5560
f 4602 5560 5561
f 5561 5560 5562
f 5561 5562 5563
f 5563 5562 5564
f 5563 5564 5565
f 5565 5564 2590
f 5565 2590 5344
f 5344 2590 2588
f 5344 2588 5343
f 5343 2588 38
f 5343 38 36
f 4324 5535 4325
f 4325 5535 3187
f 4325 3187 4327
f 4327 3187 3189
f 4327 3189 4328
f 4484 4939 5566
f 5566 4939 4937
f 5566 4937 5476
f 5476 4937 4935
f 5476 4935 5477
f 3577 5567 5568
f 5568 5567 1447
f 5568 1447 5569
f 5569 1447 1451
f 5569 1451 5570
f 5570 1451 4876
f 5570 4876 5571
f 5571 4876 4878
f 5571 4878 5572
f 5572 4878 4883
f 5572 4883 5573
f 5573 4883 5574
f 5573 5574 5575
f 5575 5574 5576
f 5575 5576 5577
f 5577 5576 4885
f 5577 4885 5143
f 4885 5576 4884
f 4884 5576 5574
f 4884 5574 4883
f 2219 2217 5393
f 5393 2217 5394
f 5149 5412 5151
f 5151 5412 5411
f 5151 5411 5153
f 5153 5411 5407
f 5153 5407 5155
f 5155 5407 5405
f 5155 5405 5157
f 3816 3814 5578
f 5578 3814 5579
f 5578 5579 5580
f 5580 5579 5581
f 5580 5581 5582
f 5582 5581 5021
f 5582 5021 5583
f 5583 5021 5023
f 5583 5023 5584
f 5584 5023 5025
f 5584 5025 3826
f 3826 5025 3828
f 3182 3180 5127
f 5127 3180 4290
f 5127 4290 4292
f 3113 5585 1690
f 1690 5585 5586
f 1690 5586 5587
f 5587 5586 5588
f 5587 5588 5589
f 5589 5588 5590
f 5589 5590 5591
f 5591 5590 5592
f 5591 5592 5593
f 5593 5592 5594
f 5593 5594 5595
f 5595 5594 5596
f 5595 5596 5597
f 5597 5596 5598
f 5597 5598 1682
f 1682 5598 1426
f 1682 1426 1424
f 4772 4770 4944
f 4944 4770 4768
f 5396 5047 5046
f 1406 1404 1402
f 4716 4225 4223
f 4187 4185 5599
f 5599 4185 4183
f 5599 4183 5600
f 5600 4183 5601
f 5600 5601 5602
f 5602 5601 5603
f 5602 5603 5604
f 5604 5603 5605
f 5604 5605 5606
f 5606 5605 5607
f 5606 5607 5608
f 5608 5607 5609
f 5608 5609 5610
f 5610 5609 5465
f 5610 5465 5611
f 5611 5465 5467
f 5611 5467 5612
f 5612 5467 5468
f 5612 5468 5613
f 5613 5468 5469
f 5613 5469 5614
f 5614 5469 5043
f 5614 5043 5041
f 5610 5611 5615
f 5615 5611 5616
f 5615 5616 5617
f 5617 5616 5618
f 5617 5618 5619
f 5619 5618 5620
f 5619 5620 5621
f 5621 5620 5613
f 5621 5613 5622
f 5622 5613 5614
f 5622 5614 5623
f 5623 5614 5041
f 5623 5041 5040
f 4602 5561 4604
f 4604 5561 5624
f 4604 5624 4858
f 4858 5624 5625
f 4858 5625 4860
f 4860 5625 5626
f 4860 5626 5345
f 5345 5626 5565
f 5345 5565 5344
f 4318 4319 4317
f 4317 4319 4326
f 4317 4326 4315
f 5219 5498 5221
f 5221 5498 5499
f 5221 5499 5500
f 5027 5026 5024
f 2629 2631 5367
f 5367 2631 2633
f 4739 4737 4428
f 4428 4737 1388
f 4428 1388 4426
f 4426 1388 1386
f 4426 1386 1384
f 4871 1993 5627
f 5627 1993 1995
f 5627 1995 5628
f 5628 1995 5629
f 5628 5629 5630
f 5630 5629 2925
f 5630 2925 5631
f 5631 2925 2927
f 5631 2927 4882
f 5593 5595 5632
f 5632 5595 5597
f 5632 5597 5633
f 5633 5597 1684
f 5633 1684 5634
f 5634 1684 1686
f 5634 1686 1688
f 4060 4058 4054
f 4054 4058 4056
f 5497 4045 4046
f 4665 2286 2284
f 5052 5054 5635
f 5635 5054 4892
f 5635 4892 5636
f 5636 4892 4893
f 5636 4893 5637
f 5637 4893 5048
f 5637 5048 5050
f 5513 4607 5514
f 5514 4607 4609
f 5514 4609 4611
f 5570 5571 5638
f 5638 5571 5575
f 5638 5575 3564
f 3564 5575 5577
f 3564 5577 5639
f 5639 5577 5143
f 5639 5143 3562
f 3562 5143 3560
f 5200 5491 5201
f 5222 4053 5220
f 5220 4053 4055
f 5220 4055 4057
f 4848 4850 5529
f 5529 4850 204
f 5529 204 236
f 5494 5495 2195
f 2195 5495 5496
f 2195 5496 5640
f 5640 5496 5641
f 5640 5641 5642
f 5642 5641 5643
f 5642 5643 5644
f 5644 5643 5645
f 5644 5645 5646
f 5646 5645 3143
f 5646 3143 5647
f 5647 3143 5648
f 5647 5648 5649
f 5649 5648 5650
f 5649 5650 5651
f 5651 5650 5652
f 5651 5652 5653
f 5653 5652 5654
f 5653 5654 4459
f 4459 5654 5655
f 4459 5655 5656
f 5656 5655 5657
f 5656 5657 5658
f 5658 5657 5659
f 5658 5659 5660
f 5660 5659 5661
f 5660 5661 5662
f 5662 5661 5663
f 5662 5663 5664
f 5664 5663 5665
f 5664 5665 5666
f 5666 5665 5667
f 5666 5667 5668
f 5668 5667 5669
f 5668 5669 5670
f 5670 5669 3173
f 5670 3173 3175
f 2628 3526 2630
f 2630 3526 2632
f 5007 5008 5031
f 5031 5008 5671
f 5031 5671 5672
f 5672 5671 5673
f 5672 5673 5674
f 5674 5673 5675
f 5674 5675 5676
f 5676 5675 5677
f 5676 5677 5678
f 5678 5677 5679
f 5678 5679 5680
f 5680 5679 5681
f 5680 5681 5682
f 5682 5681 5683
f 5682 5683 5684
f 5684 5683 5619
f 5684 5619 5685
f 5685 5619 5622
f 5685 5622 5686
f 5686 5622 5623
f 5686 5623 5687
f 5687 5623 5040
f 5687 5040 5037
f 5037 5040 5039
f 170 168 5501
f 5501 168 5688
f 5501 5688 5503
f 5503 5688 160
f 5503 160 158
f 3559 4890 3561
f 45 47 39
f 39 47 49
f 39 49 37
f 37 49 35
f 5336 227 5689
f 5689 227 229
f 5689 229 5690
f 5690 229 5691
f 5690 5691 5692
f 5692 5691 5693
f 5692 5693 5694
f 5694 5693 5695
f 5694 5695 5696
f 5696 5695 5697
f 5696 5697 5698
f 5698 5697 5699
f 5698 5699 5700
f 5700 5699 5701
f 5700 5701 5702
f 5702 5701 5703
f 5702 5703 5704
f 5704 5703 5705
f 5704 5705 5706
f 5706 5705 5707
f 5706 5707 5708
f 5708 5707 5709
f 5708 5709 5710
f 5710 5709 5711
f 5710 5711 5712
f 5712 5711 177
f 5712 177 5713
f 5713 177 179
f 5713 179 181
f 5318 4719 4717
f 5490 5493 5714
f 5714 5493 2000
f 5714 2000 1998
f 3936 4084 3938
f 3938 4084 4082
f 3938 4082 3940
f 1999 2921 5715
f 5715 2921 2923
f 5715 2923 5629
f 5629 2923 2925
f 3170 4396 3172
f 5382 4765 4767
f 1684 5597 1682
f 4536 4538 4540
f 168 166 5688
f 5688 166 164
f 5688 164 160
f 160 164 162
f 5492 5493 5490
f 4478 4480 5716
f 5716 4480 4482
f 5716 4482 5473
f 5473 4482 5717
f 5473 5717 5475
f 5475 5717 5566
f 5475 5566 5476
f 240 242 5718
f 5718 242 4527
f 5718 4527 5528
f 5528 4527 4525
f 5528 4525 5527
f 5527 4525 4523
f 5054 4889 4892
f 4892 4889 4891
f 4734 4735 4829
f 5422 3118 5719
f 5719 3118 3116
f 5719 3116 5720
f 5720 3116 5721
f 5720 5721 5722
f 5722 5721 1694
f 5722 1694 5723
f 5723 1694 1696
f 5723 1696 5428
f 180 178 5224
f 5315 5524 5314
f 4526 4528 4524
f 4524 4528 4966
f 4524 4966 4522
f 5624 5561 5625
f 5625 5561 5563
f 5625 5563 5626
f 5626 5563 5565
f 5629 1995 5715
f 5715 1995 1997
f 5715 1997 1999
f 4737 1390 1388
f 169 5703 5724
f 5724 5703 5701
f 5724 5701 5725
f 5725 5701 5699
f 5725 5699 5726
f 5726 5699 5727
f 5726 5727 165
f 165 5727 233
f 165 233 163
f 3156 5431 3158
f 3158 5431 5728
f 3158 5728 3160
f 3160 5728 5432
f 3160 5432 5729
f 5729 5432 4681
f 5729 4681 4683
f 5182 237 235
f 5647 5651 5730
f 5730 5651 5731
f 5730 5731 5732
f 5732 5731 2225
f 5732 2225 5733
f 5733 2225 2195
f 5733 2195 5640
f 5154 5156 5525
f 5525 5156 5402
f 5525 5402 5526
f 5526 5402 5401
f 5526 5401 5400
f 48 4784 50
f 50 4784 4778
f 50 4778 51
f 51 4778 4776
f 4425 4424 4429
f 4429 4424 4420
f 4429 4420 4418
f 5635 5636 5052
f 5052 5636 5637
f 5052 5637 5050
f 5223 184 182
f 5201 5491 5202
f 40 38 2588
f 5672 5674 5032
f 5032 5674 5734
f 5032 5734 5034
f 5034 5734 5735
f 5034 5735 5035
f 5035 5735 5037
f 5593 5632 5736
f 5736 5632 5633
f 5736 5633 5737
f 5737 5633 5634
f 5737 5634 5738
f 5738 5634 1688
f 5738 1688 1690
f 2279 2281 5478
f 5478 2281 4620
f 5478 4620 5480
f 5480 4620 4622
f 229 231 5691
f 5691 231 233
f 5691 233 5693
f 5693 233 5727
f 5693 5727 5695
f 5695 5727 5699
f 5695 5699 5697
f 5474 2216 5739
f 5739 2216 2218
f 5739 2218 5740
f 5740 2218 2220
f 5740 2220 4454
f 4454 2220 2222
f 1377 1379 5741
f 5741 1379 5742
f 5741 5742 5743
f 5743 5742 5517
f 5743 5517 5744
f 5744 5517 5516
f 5744 5516 5745
f 5745 5516 5515
f 5745 5515 1365
f 1365 5515 1363
f 5680 5682 5746
f 5746 5682 5747
f 5746 5747 5735
f 5735 5747 5687
f 5735 5687 5037
f 5490 5714 5489
f 5489 5714 1996
f 5489 1996 5488
f 5488 1996 1994
f 5488 1994 5487
f 5487 1994 1992
f 5487 1992 5748
f 5748 1992 5481
f 5748 5481 5483
f 1998 1996 5714
f 3561 4890 3563
f 4482 4484 5717
f 5717 4484 5566
f 5639 3562 3564
f 5020 5018 5418
f 5341 2283 2285
f 5371 5373 5369
f 4485 4483 4487
f 5504 5506 5502
f 4875 4874 5749
f 5749 4874 4873
f 5749 4873 5750
f 5750 4873 4871
f 5750 4871 5751
f 5751 4871 5627
f 5751 5627 4877
f 4877 5627 5628
f 4877 5628 4881
f 4881 5628 5631
f 4881 5631 4882
f 5628 5630 5631
f 4364 4362 4365
f 4365 4362 5420
f 4365 5420 4367
f 4539 4963 5230
f 4961 5230 4963
f 4599 4603 5510
f 5510 4603 4605
f 5510 4605 5512
f 5512 4605 4607
f 5512 4607 5513
f 5721 3114 5752
f 5752 3114 1692
f 5752 1692 1694
f 4858 4606 4604
f 3166 4395 3168
f 3168 4395 3170
f 1694 5721 5752
f 3160 5729 3162
f 3162 5729 4683
f 5578 5580 5753
f 5753 5580 5754
f 5753 5754 5755
f 5755 5754 5583
f 5755 5583 3824
f 3824 5583 5584
f 3824 5584 3825
f 3825 5584 3826
f 4419 4421 5479
f 1428 1426 5756
f 5756 1426 5598
f 5756 5598 5757
f 5757 5598 5596
f 5757 5596 5758
f 5758 5596 5594
f 5758 5594 5759
f 5759 5594 5592
f 5759 5592 5760
f 5760 5592 5590
f 5760 5590 5761
f 5761 5590 5588
f 5761 5588 5762
f 5762 5588 5586
f 5762 5586 3117
f 3117 5586 5585
f 3117 5585 3115
f 3115 5585 3113
f 5207 5209 5206
f 5206 5209 5763
f 5206 5763 5204
f 5204 5763 5218
f 5204 5218 4057
f 4057 5218 5220
f 3143 5645 3141
f 3141 5645 5764
f 3141 5764 3139
f 3139 5764 5643
f 3139 5643 3137
f 3137 5643 5641
f 3137 5641 5765
f 5765 5641 5496
f 5765 5496 5498
f 3176 3174 4289
f 2590 5564 2592
f 2592 5564 5562
f 2592 5562 5560
f 3135 5765 5217
f 5217 5765 5498
f 5217 5498 5219
f 4977 1427 1429
f 5502 5506 170
f 309 307 5766
f 5766 307 5767
f 5766 5767 5768
f 5768 5767 5769
f 5768 5769 5770
f 5770 5769 5771
f 5770 5771 5772
f 5772 5771 5773
f 5772 5773 5774
f 5774 5773 5775
f 5774 5775 5776
f 5776 5775 5777
f 5776 5777 5778
f 5778 5777 5779
f 5778 5779 5780
f 5780 5779 5781
f 5780 5781 5782
f 5782 5781 5783
f 5782 5783 5784
f 5784 5783 5785
f 5784 5785 5786
f 5786 5785 5787
f 5786 5787 5788
f 5788 5787 5789
f 5788 5789 5790
f 5790 5789 5165
f 5790 5165 5791
f 5791 5165 5163
f 5791 5163 5792
f 5792 5163 5793
f 5792 5793 5794
f 5794 5793 5795
f 5794 5795 5796
f 5796 5795 5797
f 5796 5797 5798
f 5798 5797 5799
f 5798 5799 5243
f 5243 5799 5408
f 5243 5408 5241
f 5241 5408 5410
f 5241 5410 5239
f 5239 5410 5237
f 165 167 5725
f 5725 167 169
f 5725 169 5724
f 5725 5726 165
f 5432 5728 5431
f 5446 5444 5800
f 5800 5444 5801
f 5800 5801 5802
f 5802 5801 5442
f 5802 5442 5700
f 5700 5442 5440
f 5700 5440 5698
f 5698 5440 5803
f 5698 5803 5696
f 5696 5803 5804
f 5696 5804 5694
f 5694 5804 5805
f 5694 5805 5692
f 5692 5805 5806
f 5692 5806 5690
f 5690 5806 5334
f 5690 5334 5689
f 5689 5334 5336
f 5593 5736 5591
f 5591 5736 5737
f 5591 5737 5589
f 5589 5737 5738
f 5589 5738 5587
f 5587 5738 1690
f 5363 5365 4081
f 4081 5365 5366
f 4081 5366 4079
f 4057 4059 5204
f 2224 2225 4453
f 4453 2225 5731
f 4453 5731 4455
f 4455 5731 5651
f 4455 5651 5807
f 5807 5651 5653
f 5807 5653 4459
f 4453 2222 2224
f 1365 1367 5745
f 5745 1367 1369
f 5745 1369 5808
f 5808 1369 1371
f 5808 1371 1373
f 4422 4420 4424
f 4881 4879 4877
f 5747 5684 5687
f 5687 5684 5685
f 5687 5685 5686
f 4429 4427 4425
f 3184 3182 3186
f 3186 3182 3188
f 3527 3742 3529
f 3529 3742 3744
f 3529 3744 3531
f 45 39 43
f 43 39 41
f 5719 5720 5424
f 5424 5720 5722
f 5424 5722 5426
f 5426 5722 5723
f 5426 5723 5428
f 5528 5530 5718
f 5718 5530 238
f 5718 238 240
f 5575 5571 5573
f 5733 5640 5732
f 5732 5640 5642
f 5732 5642 5644
f 4783 4785 5809
f 5809 4785 46
f 5809 46 5810
f 5810 46 44
f 5810 44 5811
f 5811 44 42
f 5811 42 2595
f 2595 42 2587
f 2595 2587 2593
f 2593 2587 2589
f 2593 2589 2591
f 4421 4423 5479
f 3570 3572 5812
f 5812 3572 3580
f 5812 3580 5813
f 5813 3580 3579
f 5813 3579 5814
f 5814 3579 5570
f 5814 5570 5815
f 5815 5570 5638
f 5815 5638 3566
f 3566 5638 3564
f 4454 5816 5740
f 5740 5816 5817
f 5740 5817 5739
f 5739 5817 5472
f 5739 5472 5474
f 5409 5407 5411
f 1401 4982 1399
f 1399 4982 4980
f 1399 4980 1397
f 1397 4980 5818
f 1397 5818 5819
f 5819 5818 5820
f 5819 5820 5821
f 5821 5820 5822
f 5821 5822 5823
f 5823 5822 1441
f 5823 1441 1443
f 5377 5378 5824
f 5824 5378 4771
f 5824 4771 4907
f 4907 4771 4773
f 4907 4773 4775
f 5140 5139 5369
f 3754 5126 3752
f 3752 5126 3748
f 3752 3748 3750
f 5571 5572 5573
f 4717 4221 4219
f 5659 5657 5661
f 5661 5657 5825
f 5661 5825 5663
f 5663 5825 5826
f 5663 5826 5665
f 5665 5826 5827
f 5665 5827 5667
f 5667 5827 3163
f 5667 3163 5828
f 5828 3163 3165
f 5828 3165 3167
f 5380 5379 5381
f 5381 5379 4917
f 5381 4917 4919
f 2278 1370 2280
f 2280 1370 4366
f 2280 4366 2282
f 4769 4771 5378
f 5621 5622 5619
f 174 172 176
f 5746 5735 5829
f 5829 5735 5734
f 5829 5734 5674
f 4366 1370 1368
f 3171 5669 3169
f 3169 5669 5828
f 3169 5828 3167
f 3156 5425 5431
f 4983 4979 4981
f 5672 5032 5031
f 5132 5134 5830
f 5830 5134 5136
f 5830 5136 5831
f 5831 5136 5138
f 5831 5138 4924
f 4924 5138 4926
f 5613 5620 5612
f 5612 5620 5618
f 5612 5618 5616
f 5211 5213 5209
f 5209 5213 5215
f 5209 5215 5763
f 5763 5215 5216
f 5763 5216 5218
f 3116 3114 5721
f 5669 3171 3173
f 1429 4978 5226
f 1433 1429 1431
f 4919 4921 5381
f 4483 4481 4583
f 4107 5832 4105
f 4105 5832 5117
f 4105 5117 4103
f 4103 5117 5119
f 4103 5119 4101
f 1375 1377 5833
f 5833 1377 5743
f 5833 5743 5834
f 5834 5743 5744
f 5834 5744 5808
f 5808 5744 5745
f 3567 4888 5519
f 5519 4888 5053
f 183 5466 181
f 181 5466 5464
f 181 5464 5835
f 5835 5464 5462
f 5835 5462 5836
f 5836 5462 5460
f 5836 5460 5458
f 4875 5749 4877
f 4877 5749 5750
f 4877 5750 5751
f 4319 4321 4323
f 2604 2602 5837
f 5837 2602 2600
f 5837 2600 5838
f 5838 2600 2598
f 5838 2598 5558
f 5558 2598 2596
f 5558 2596 5559
f 5559 2596 2594
f 5559 2594 5560
f 5560 2594 2592
f 5329 5521 5331
f 5331 5521 5522
f 5331 5522 5333
f 5333 5522 5523
f 5333 5523 5335
f 244 246 5839
f 5839 246 248
f 5839 248 4529
f 4529 248 5840
f 4529 5840 4531
f 4531 5840 5841
f 4531 5841 4533
f 4533 5841 5842
f 4533 5842 4535
f 4535 5842 5843
f 4535 5843 4537
f 4537 5843 4964
f 5328 5330 5805
f 5805 5330 5332
f 5805 5332 5806
f 5806 5332 5334
f 4780 4778 4782
f 4782 4778 4784
f 1370 2278 1372
f 4465 4463 5844
f 5844 4463 4461
f 5844 4461 5845
f 5845 4461 5658
f 5845 5658 5846
f 5846 5658 5847
f 5846 5847 5848
f 5848 5847 5849
f 5848 5849 5850
f 5850 5849 5851
f 5850 5851 5852
f 5852 5851 5853
f 5852 5853 5854
f 5854 5853 5855
f 5854 5855 5856
f 5856 5855 5857
f 5856 5857 5858
f 5858 5857 5859
f 5858 5859 5531
f 5531 5859 3177
f 5531 3177 3179
f 5473 5471 5716
f 5716 5471 4470
f 5716 4470 4478
f 4478 4470 4472
f 4478 4472 4474
f 4132 4130 5860
f 5860 4130 5861
f 5860 5861 5862
f 5862 5861 5863
f 5862 5863 5864
f 5864 5863 5865
f 5864 5865 4916
f 4916 5865 5866
f 4916 5866 4918
f 4918 5866 5867
f 4918 5867 4920
f 4920 5867 5831
f 4920 5831 4922
f 4922 5831 4924
f 5707 5705 171
f 171 5705 5703
f 171 5703 169
f 3525 3742 3527
f 5707 173 5709
f 5709 173 5868
f 5709 5868 5711
f 5711 5868 175
f 5711 175 177
f 4458 4462 4456
f 4456 4462 5816
f 4456 5816 4454
f 4589 5508 5869
f 5869 5508 5509
f 5869 5509 4584
f 4584 5509 5511
f 4584 5511 4582
f 1428 5756 5870
f 5870 5756 5757
f 5870 5757 5758
f 3901 3903 5871
f 5871 3903 5872
f 5871 5872 5873
f 5873 5872 5874
f 5873 5874 5875
f 5875 5874 5876
f 5875 5876 5877
f 5877 5876 5878
f 5877 5878 5879
f 5879 5878 5880
f 5879 5880 5881
f 5881 5880 4905
f 5881 4905 4779
f 4779 4905 4777
f 1438 1436 5882
f 5882 1436 1434
f 5882 1434 5883
f 5883 1434 1432
f 5883 1432 5870
f 5870 1432 1430
f 5870 1430 1428
f 1384 2275 4423
f 4423 2275 2276
f 4423 2276 2277
f 5765 3135 3137
f 5517 5742 5518
f 5518 5742 5884
f 5518 5884 5885
f 5885 5884 5886
f 5885 5886 5887
f 5887 5886 5888
f 5887 5888 5889
f 5889 5888 5890
f 5889 5890 5891
f 5891 5890 5892
f 5891 5892 5893
f 5893 5892 5894
f 5893 5894 1393
f 1393 5894 1389
f 1393 1389 1391
f 5118 5116 5120
f 1383 1385 5894
f 5894 1385 1387
f 5894 1387 1389
f 5669 5667 5828
f 5816 4464 5817
f 5817 4464 5470
f 5817 5470 5472
f 5732 5644 5730
f 5730 5644 5646
f 5730 5646 5647
f 2610 2608 5895
f 5895 2608 5896
f 5895 5896 5897
f 5897 5896 5898
f 5897 5898 5899
f 5899 5898 5900
f 5899 5900 5901
f 5901 5900 5902
f 5901 5902 5903
f 5903 5902 5904
f 5903 5904 3751
f 3751 5904 4320
f 3751 4320 3753
f 5812 5814 3568
f 3568 5814 5815
f 3568 5815 3566
f 3149 3151 5905
f 5905 3151 5906
f 5905 5906 5907
f 5907 5906 5908
f 5907 5908 5826
f 5826 5908 5909
f 5826 5909 5827
f 5827 5909 3161
f 5827 3161 3163
f 3932 5360 4085
f 4085 5360 5361
f 4085 5361 4083
f 4083 5361 5363
f 4083 5363 4081
f 5868 173 175
f 237 5403 239
f 239 5403 5910
f 239 5910 5911
f 5911 5910 5912
f 5911 5912 5913
f 5913 5912 5164
f 5913 5164 5914
f 5914 5164 5166
f 5914 5166 5168
f 4209 4713 4211
f 4211 4713 4711
f 4211 4711 4215
f 4215 4711 5915
f 4215 5915 5319
f 5319 5915 4709
f 4711 4709 5915
f 3934 4084 3936
f 5458 5456 5916
f 5916 5456 5917
f 5916 5917 5918
f 5918 5917 5919
f 5918 5919 5920
f 5920 5919 5921
f 5920 5921 5922
f 5922 5921 5712
f 5922 5712 5836
f 5836 5712 5713
f 5836 5713 5835
f 5835 5713 181
f 4603 4599 4601
f 5684 5747 5682
f 1384 1382 2275
f 2275 1382 5923
f 2275 5923 2273
f 2273 5923 1382
f 2273 1382 1380
f 3744 3746 5126
f 5126 3746 3748
f 5808 1373 5834
f 5834 1373 1375
f 5834 1375 5833
f 3153 3155 5906
f 5906 3155 5924
f 5906 5924 5908
f 5908 5924 3159
f 5908 3159 5909
f 5909 3159 3161
f 173 5707 171
f 1374 2274 1376
f 5424 5423 5719
f 4324 4322 5535
f 5250 5248 5306
f 5306 5248 5246
f 5306 5246 5925
f 5925 5246 5244
f 5925 5244 5312
f 5312 5244 5242
f 5312 5242 5240
f 1993 4871 1991
f 4473 5926 5927
f 5927 5926 5850
f 5927 5850 5928
f 5928 5850 5852
f 5928 5852 5929
f 5929 5852 5930
f 5929 5930 5931
f 5931 5930 5932
f 5931 5932 5933
f 5933 5932 5934
f 5933 5934 5935
f 5935 5934 5936
f 5935 5936 5937
f 5937 5936 5938
f 5937 5938 5939
f 5939 5938 5940
f 5939 5940 5941
f 5941 5940 5942
f 5941 5942 5943
f 5943 5942 5944
f 5943 5944 5536
f 5536 5944 5533
f 5536 5533 5534
f 3177 5859 3175
f 3175 5859 5857
f 3175 5857 5945
f 5945 5857 5668
f 5945 5668 5670
f 1210 1211 5946
f 5946 1211 1213
f 5946 1213 5947
f 5947 1213 1215
f 5947 1215 5948
f 5948 1215 1217
f 5948 1217 4962
f 4962 1217 1219
f 4962 1219 1221
f 5945 5670 3175
f 1441 5822 1439
f 1439 5822 5820
f 1439 5820 1437
f 1437 5820 5949
f 1437 5949 1435
f 1435 5949 4980
f 5820 5818 5949
f 5949 5818 4980
f 5139 5137 5368
f 5368 5137 5417
f 5368 5417 5370
f 4455 5807 4457
f 4911 5377 4909
f 4909 5377 5824
f 4909 5824 4907
f 1451 1453 4876
f 5852 5854 5930
f 5930 5854 5950
f 5930 5950 5951
f 5951 5950 5952
f 5951 5952 5942
f 5942 5952 5953
f 5942 5953 5944
f 5944 5953 5532
f 5944 5532 5533
f 1397 5819 1395
f 1395 5819 5954
f 1395 5954 1393
f 1393 5954 5955
f 1393 5955 5893
f 5893 5955 5956
f 5893 5956 5891
f 5891 5956 5957
f 5891 5957 5889
f 5889 5957 5958
f 5889 5958 5887
f 5887 5958 3569
f 5887 3569 5518
f 3155 3157 5924
f 5924 3157 3159
f 5379 4915 4917
f 4962 4964 5948
f 5948 4964 5843
f 5948 5843 5947
f 5947 5843 5842
f 5947 5842 5959
f 5959 5842 5841
f 5959 5841 5946
f 5946 5841 1209
f 5946 1209 1210
f 4479 4583 4481
f 5816 4462 4464
f 5008 4712 5671
f 5671 4712 4714
f 5671 4714 5673
f 5673 4714 5960
f 5673 5960 5961
f 5961 5960 4205
f 5961 4205 4203
f 4532 4528 4530
f 5878 4908 5880
f 5880 4908 4906
f 5880 4906 4905
f 1473 1466 5962
f 5962 1466 5963
f 5962 5963 5964
f 5964 5963 5965
f 5964 5965 5966
f 5966 5965 5967
f 5966 5967 5968
f 5968 5967 5969
f 5968 5969 5970
f 5970 5969 5761
f 5970 5761 3119
f 3119 5761 5762
f 3119 5762 3117
f 1378 2273 1380
f 4597 4599 5510
f 5422 5719 5423
f 5950 5971 5952
f 5952 5971 5858
f 5952 5858 5953
f 5953 5858 5531
f 5953 5531 5532
f 5886 5884 5888
f 5888 5884 1379
f 5888 1379 5890
f 5890 1379 1381
f 5890 1381 5892
f 5892 1381 1383
f 5892 1383 5894
f 4197 5972 4199
f 4199 5972 5973
f 4199 5973 5974
f 5974 5973 5975
f 5974 5975 5976
f 5976 5975 5977
f 5976 5977 5978
f 5978 5977 5979
f 5978 5979 5980
f 5980 5979 5981
f 5980 5981 5683
f 5683 5981 5617
f 5683 5617 5619
f 5743 1377 5741
f 3925 3927 5982
f 5982 3927 3929
f 5982 3929 5983
f 5983 3929 3931
f 5983 3931 5984
f 5984 3931 5017
f 5984 5017 5985
f 5985 5017 5019
f 5985 5019 5581
f 5581 5019 5021
f 5205 1469 1471
f 5570 3579 5569
f 5569 3579 3577
f 5569 3577 5568
f 5611 5612 5616
f 5676 5678 5829
f 5829 5678 5680
f 5829 5680 5746
f 3120 3118 5422
f 5643 5764 5645
f 5742 1379 5884
f 5215 5213 5214
f 1457 1989 1455
f 1455 1989 1991
f 1455 1991 4872
f 1466 1464 5963
f 5963 1464 5986
f 5963 5986 5965
f 5965 5986 5987
f 5965 5987 5988
f 5988 5987 5989
f 5988 5989 5990
f 5990 5989 5991
f 5990 5991 5758
f 5758 5991 5870
f 5986 1462 5987
f 5987 1462 5992
f 5987 5992 5989
f 5989 5992 5993
f 5989 5993 5991
f 5991 5993 5883
f 5991 5883 5870
f 5887 5518 5885
f 5486 5487 5994
f 5994 5487 5748
f 5994 5748 5484
f 5484 5748 5483
f 3820 3818 3822
f 3822 3818 5995
f 3822 5995 3823
f 3823 5995 5755
f 3823 5755 3824
f 4468 5470 4466
f 4466 5470 4464
f 5668 5857 5996
f 5996 5857 5855
f 5996 5855 5997
f 5997 5855 5853
f 5997 5853 5851
f 5851 5849 5997
f 5997 5849 5998
f 5997 5998 5996
f 5996 5998 5666
f 5996 5666 5668
f 5761 5969 5760
f 5760 5969 5999
f 5760 5999 6000
f 6000 5999 5990
f 6000 5990 5759
f 5759 5990 5758
f 6000 5759 5760
f 5543 5937 5541
f 5541 5937 5939
f 5541 5939 5539
f 5539 5939 5941
f 5539 5941 5537
f 5537 5941 5943
f 5537 5943 5536
f 5212 1473 6001
f 6001 1473 5964
f 6001 5964 6002
f 6002 5964 5966
f 6002 5966 6003
f 6003 5966 5968
f 6003 5968 3121
f 3121 5968 5970
f 3121 5970 3119
f 2595 2597 5811
f 5811 2597 6004
f 5811 6004 5810
f 5810 6004 6005
f 5810 6005 6006
f 6006 6005 6007
f 6006 6007 6008
f 6008 6007 6009
f 6008 6009 6010
f 6010 6009 6011
f 6010 6011 6012
f 6012 6011 6013
f 6012 6013 6014
f 6014 6013 3897
f 6014 3897 6015
f 6015 3897 6016
f 6015 6016 6017
f 6017 6016 3899
f 6017 3899 3901
f 5819 5821 6018
f 6018 5821 6019
f 6018 6019 6020
f 6020 6019 3575
f 6020 3575 5957
f 5957 3575 3573
f 5957 3573 5958
f 5958 3573 3571
f 5958 3571 3569
f 5319 4217 4215
f 5540 5538 5904
f 5904 5538 4322
f 5904 4322 4320
f 3570 5812 3568
f 5651 5647 5649
f 5813 5814 5812
f 3130 3128 6021
f 6021 3128 3126
f 6021 3126 6022
f 6022 3126 3124
f 6022 3124 6023
f 6023 3124 5421
f 6023 5421 3152
f 3152 5421 3154
f 5955 5954 5956
f 5956 5954 6020
f 5956 6020 5957
f 5877 5879 4781
f 4781 5879 5881
f 4781 5881 4779
f 3523 3739 3524
f 3524 3739 3525
f 6020 5954 6018
f 6018 5954 5819
f 6017 6024 6025
f 6025 6024 6026
f 6025 6026 6027
f 6027 6026 5877
f 6027 5877 6028
f 6028 5877 4781
f 6028 4781 6029
f 6029 4781 4783
f 6029 4783 5809
f 3147 3149 6030
f 6030 3149 5905
f 6030 5905 5825
f 5825 5905 5907
f 5825 5907 5826
f 4457 5807 4459
f 3522 2618 6031
f 6031 2618 6032
f 6031 6032 6033
f 6033 6032 6034
f 6033 6034 6035
f 6035 6034 6036
f 6035 6036 3749
f 3749 6036 5903
f 3749 5903 3751
f 4460 4462 4458
f 4584 4585 5869
f 5869 4585 4587
f 5869 4587 4589
f 5580 5582 5754
f 5754 5582 5583
f 5829 5674 5676
f 1452 1446 1458
f 1458 1446 6037
f 1458 6037 1460
f 1460 6037 6038
f 1460 6038 6039
f 6039 6038 6040
f 6039 6040 5992
f 5992 6040 6041
f 5992 6041 5993
f 5993 6041 5882
f 5993 5882 5883
f 3150 3148 6042
f 6042 3148 3146
f 6042 3146 6043
f 6043 3146 3142
f 6043 3142 6044
f 6044 3142 3140
f 6044 3140 6045
f 6045 3140 3138
f 6045 3138 3136
f 3136 3134 6045
f 6045 3134 3132
f 6045 3132 3130
f 5660 5662 5998
f 5998 5662 5664
f 5998 5664 5666
f 1451 1447 1449
f 242 244 4527
f 4527 244 5839
f 4527 5839 4529
f 5450 5448 6046
f 6046 5448 5706
f 6046 5706 6047
f 6047 5706 6048
f 6047 6048 5921
f 5921 6048 5710
f 5921 5710 5712
f 3151 3153 5906
f 5545 5547 6049
f 6049 5547 6050
f 6049 6050 6051
f 6051 6050 6052
f 6051 6052 6053
f 6053 6052 4592
f 6053 4592 6054
f 6054 4592 4590
f 6054 4590 6055
f 6055 4590 4588
f 6055 4588 6056
f 6056 4588 4586
f 6056 4586 4477
f 4477 4586 4479
f 5950 5854 5971
f 5971 5854 5856
f 5971 5856 5858
f 5648 3143 5650
f 5650 3143 3145
f 5650 3145 5654
f 5654 3145 6057
f 5654 6057 5655
f 5655 6057 3147
f 5655 3147 6030
f 5969 5967 5999
f 5999 5967 5965
f 5999 5965 5988
f 3740 6058 3743
f 3743 6058 6035
f 3743 6035 3745
f 3745 6035 3749
f 3745 3749 3747
f 3121 3123 6003
f 6003 3123 3125
f 6003 3125 3127
f 3124 3122 5421
f 5208 1471 5210
f 5210 1471 1473
f 5210 1473 5212
f 6040 1440 6041
f 6041 1440 1438
f 6041 1438 5882
f 3581 3574 3576
f 5650 5654 5652
f 4478 4474 4476
f 4459 5656 4461
f 5988 5990 5999
f 5706 5708 6048
f 6048 5708 5710
f 3152 3150 6023
f 6023 3150 6042
f 6023 6042 6022
f 6022 6042 6043
f 6022 6043 6044
f 2627 5364 2625
f 2625 5364 6059
f 2625 6059 2623
f 2623 6059 6060
f 2623 6060 6061
f 6061 6060 6062
f 6061 6062 6063
f 6063 6062 5362
f 6063 5362 6064
f 6064 5362 5357
f 6064 5357 5355
f 5821 5823 6019
f 6019 5823 1443
f 6019 1443 1445
f 6027 6028 6008
f 6008 6028 6029
f 6008 6029 6006
f 6006 6029 5809
f 6006 5809 5810
f 6065 6066 6067
f 6067 6066 4179
f 6067 4179 6068
f 6068 4179 4177
f 6068 4177 6069
f 6069 4177 4175
f 6069 4175 6070
f 6070 4175 4173
f 6070 4173 6071
f 6071 4173 4171
f 6071 4171 6072
f 6072 4171 6073
f 6072 6073 6074
f 6074 6073 6075
f 6074 6075 6076
f 6076 6075 6077
f 6076 6077 6078
f 6078 6077 6079
f 6078 6079 6080
f 6080 6079 6081
f 6080 6081 6082
f 6082 6081 6083
f 6082 6083 6084
f 6084 6083 6085
f 6084 6085 6086
f 6086 6085 6087
f 6086 6087 6065
f 6065 6087 6088
f 6065 6088 6089
f 6089 6088 6090
f 6089 6090 6091
f 6091 6090 6092
f 6091 6092 5605
f 5605 6092 6093
f 5605 6093 5607
f 5607 6093 6094
f 5607 6094 5609
f 5609 6094 5463
f 5609 5463 5465
f 4600 4598 5557
f 5557 4598 6095
f 5557 6095 6096
f 6096 6095 6097
f 6096 6097 6098
f 6098 6097 6099
f 6098 6099 5553
f 5553 6099 5549
f 5553 5549 5551
f 5486 5994 5485
f 4471 4469 5926
f 5926 4469 4467
f 5926 4467 6100
f 6100 4467 4465
f 6100 4465 5844
f 5485 5994 5484
f 5161 5159 6101
f 6101 5159 5404
f 6101 5404 5797
f 5797 5404 5406
f 5797 5406 6102
f 6102 5406 5408
f 6102 5408 5799
f 1990 1459 5482
f 5482 1459 1461
f 5482 1461 1463
f 1452 1458 1454
f 1454 1458 1456
f 5448 5446 5704
f 5704 5446 5800
f 5704 5800 5702
f 5702 5800 5802
f 5702 5802 5700
f 3741 3740 3743
f 5655 6030 5657
f 5657 6030 5825
f 3577 3575 5567
f 5567 3575 6019
f 5567 6019 1445
f 3131 5212 3129
f 3129 5212 6001
f 3129 6001 3127
f 3127 6001 6002
f 3127 6002 6003
f 1452 1450 1446
f 6022 6044 6021
f 6021 6044 6045
f 6021 6045 3130
f 5934 5932 5936
f 5936 5932 5951
f 5936 5951 5940
f 5940 5951 5942
f 5862 6103 6104
f 6104 6103 4914
f 6104 4914 6105
f 6105 4914 4912
f 6105 4912 5874
f 5874 4912 4910
f 5874 4910 5876
f 5876 4910 4908
f 5876 4908 5878
f 3142 3146 3144
f 4461 5656 5658
f 1450 1448 1446
f 5658 5660 5847
f 5847 5660 5998
f 5847 5998 5849
f 5836 5458 5922
f 5922 5458 5916
f 5922 5916 5918
f 5550 5548 6106
f 6106 5548 5546
f 6106 5546 6107
f 6107 5546 5544
f 6107 5544 6108
f 6108 5544 6109
f 6108 6109 5902
f 5902 6109 5540
f 5902 5540 5904
f 1470 1468 1472
f 1447 5567 1445
f 3147 6057 3145
f 4471 5926 4473
f 2607 6110 2605
f 2605 6110 6111
f 2605 6111 2603
f 2603 6111 6112
f 2603 6112 6113
f 6113 6112 6114
f 6113 6114 6115
f 6115 6114 6004
f 6115 6004 2597
f 2601 6113 2599
f 2599 6113 6115
f 2599 6115 2597
f 5846 5848 5845
f 5845 5848 6100
f 5845 6100 5844
f 5706 5448 5704
f 1446 1444 6037
f 6037 1444 1442
f 6037 1442 6038
f 6038 1442 1440
f 6038 1440 6040
f 5403 5158 5910
f 5910 5158 5160
f 5910 5160 5912
f 5912 5160 5162
f 5912 5162 5164
f 5929 5931 6116
f 6116 5931 6117
f 6116 6117 6118
f 6118 6117 6055
f 6118 6055 4475
f 4475 6055 6056
f 4475 6056 4477
f 3931 3933 5017
f 5312 5310 5925
f 5925 5310 5308
f 5925 5308 5306
f 4589 4591 5508
f 5508 4591 5507
f 2604 5837 5552
f 5552 5837 6119
f 5552 6119 5554
f 5554 6119 5838
f 5554 5838 5556
f 5556 5838 5558
f 5328 5805 6120
f 6120 5805 5804
f 6120 5804 6121
f 6121 5804 5803
f 6121 5803 5436
f 5436 5803 5438
f 4126 5130 6122
f 6122 5130 5132
f 6122 5132 6123
f 6123 5132 5830
f 6123 5830 5867
f 5867 5830 5831
f 1460 6039 1462
f 1462 6039 5992
f 5450 6046 6124
f 6124 6046 6047
f 6124 6047 5919
f 5919 6047 5921
f 5964 1473 5962
f 239 5911 241
f 241 5911 5913
f 241 5913 6125
f 6125 5913 5914
f 6125 5914 5168
f 4120 4118 6126
f 6126 4118 5413
f 6126 5413 6127
f 6127 5413 6128
f 6127 6128 5135
f 5135 6128 5416
f 5135 5416 5137
f 5137 5416 5417
f 3740 3522 6058
f 6058 3522 6031
f 6058 6031 6033
f 5683 5681 5980
f 5980 5681 5679
f 5980 5679 5978
f 5978 5679 6129
f 5978 6129 5976
f 5976 6129 6130
f 5976 6130 6131
f 6131 6130 4203
f 6131 4203 4201
f 5926 6100 5850
f 6100 5848 5850
f 1464 1462 5986
f 6099 6097 6132
f 6132 6097 6095
f 6132 6095 4596
f 4596 6095 4598
f 4197 4195 5972
f 5972 4195 6133
f 5972 6133 5973
f 5973 6133 6134
f 5973 6134 5975
f 5975 6134 6135
f 5975 6135 5977
f 5977 6135 6136
f 5977 6136 5979
f 5979 6136 6137
f 5979 6137 5981
f 5981 6137 5615
f 5981 5615 5617
f 5932 5930 5951
f 4475 4473 6118
f 6118 4473 5927
f 6118 5927 6116
f 6116 5927 5928
f 6116 5928 5929
f 5936 5940 5938
f 6034 5899 6036
f 6036 5899 5901
f 6036 5901 5903
f 6063 6064 6061
f 6061 6064 5355
f 6061 5355 2621
f 2621 5355 5353
f 2621 5353 6138
f 6138 5353 5351
f 6138 5351 6139
f 6139 5351 5349
f 6139 5349 6140
f 6140 5349 5347
f 6140 5347 6141
f 6141 5347 6142
f 6141 6142 6143
f 6143 6142 3895
f 6143 3895 6144
f 6144 3895 6013
f 6144 6013 6145
f 6145 6013 6011
f 6145 6011 6146
f 6146 6011 6147
f 6146 6147 6148
f 6148 6147 6009
f 6148 6009 6149
f 6149 6009 6007
f 6149 6007 6114
f 6114 6007 6005
f 6114 6005 6004
f 5918 5920 5922
f 6033 6035 6058
f 5544 5542 6109
f 6109 5542 5540
f 5553 5555 6098
f 6098 5555 5557
f 6098 5557 6096
f 6059 5364 6060
f 6060 5364 5362
f 6060 5362 6062
f 3928 3926 6150
f 6150 3926 5358
f 6150 5358 3930
f 3930 5358 5360
f 3930 5360 3932
f 4596 4594 6132
f 6132 4594 4592
f 6132 4592 6052
f 3925 5982 6151
f 6151 5982 5983
f 6151 5983 6152
f 6152 5983 5984
f 6152 5984 6153
f 6153 5984 5985
f 6153 5985 5581
f 5581 5579 6153
f 6153 5579 6154
f 6153 6154 6152
f 6152 6154 3812
f 6152 3812 6155
f 6155 3812 3810
f 6155 3810 6156
f 6156 3810 6157
f 6156 6157 6158
f 6158 6157 6151
f 6158 6151 6152
f 5755 5995 5753
f 5753 5995 3818
f 5753 3818 3816
f 6106 6107 5896
f 5896 6107 6159
f 5896 6159 5898
f 5898 6159 6108
f 5898 6108 5900
f 5900 6108 5902
f 5543 5545 5937
f 5937 5545 6160
f 5937 6160 5935
f 5935 6160 6161
f 5935 6161 5933
f 5933 6161 6054
f 5933 6054 6162
f 6162 6054 6055
f 6162 6055 6117
f 6117 5931 6162
f 6162 5931 5933
f 6163 6164 6165
f 6165 6164 6166
f 6165 6166 6167
f 6167 6166 6168
f 6167 6168 6079
f 6079 6168 6164
f 6079 6164 6081
f 6081 6164 6163
f 6081 6163 6083
f 6083 6163 5457
f 6083 5457 6085
f 6085 5457 5459
f 6085 5459 6169
f 6169 5459 5461
f 6169 5461 6170
f 6170 5461 5463
f 6170 5463 6094
f 4213 4211 4215
f 4128 4126 6171
f 6171 4126 6172
f 6171 6172 5865
f 5865 6172 6123
f 5865 6123 5866
f 5866 6123 5867
f 6130 5677 5961
f 5961 5677 5675
f 5961 5675 5673
f 4111 4113 6173
f 6173 4113 6174
f 6173 6174 6175
f 6175 6174 6176
f 6175 6176 6177
f 6177 6176 6178
f 6177 6178 6179
f 6179 6178 6180
f 6179 6180 6181
f 6181 6180 6182
f 6181 6182 6183
f 6183 6182 6184
f 6183 6184 6185
f 6185 6184 6186
f 6185 6186 6187
f 6187 6186 6188
f 6187 6188 6189
f 6189 6188 6190
f 6189 6190 5832
f 5832 6190 6191
f 5832 6191 5117
f 5117 6191 5115
f 5797 6102 5799
f 4189 4187 6192
f 6192 4187 5599
f 6192 5599 6193
f 6193 5599 5600
f 6193 5600 6194
f 6194 5600 5602
f 6194 5602 6195
f 6195 5602 5604
f 6195 5604 6196
f 6196 5604 5606
f 6196 5606 6197
f 6197 5606 5610
f 6197 5610 5615
f 5608 5610 5606
f 6192 6193 6198
f 6198 6193 6194
f 6198 6194 6199
f 6199 6194 6195
f 6199 6195 6136
f 6136 6195 6196
f 6136 6196 6137
f 6137 6196 6197
f 6137 6197 5615
f 4218 5113 4216
f 5871 5873 6024
f 6024 5873 5875
f 6024 5875 6026
f 6026 5875 5877
f 5768 6200 6201
f 6201 6200 6202
f 6201 6202 6203
f 6203 6202 6204
f 6203 6204 6205
f 6205 6204 6206
f 6205 6206 6207
f 6207 6206 6208
f 6207 6208 6209
f 6209 6208 6210
f 6209 6210 6211
f 6211 6210 6212
f 6211 6212 6213
f 6213 6212 6214
f 6213 6214 6215
f 6215 6214 6216
f 6215 6216 6217
f 6217 6216 6218
f 6217 6218 6219
f 6219 6218 6220
f 6219 6220 6221
f 6221 6220 6222
f 6221 6222 6223
f 6223 6222 6224
f 6223 6224 6225
f 6225 6224 6226
f 6225 6226 6227
f 6227 6226 6228
f 6227 6228 5247
f 5247 6228 6229
f 5247 6229 5245
f 5245 6229 5798
f 5245 5798 5243
f 5946 5947 5959
f 5801 5444 5442
f 5456 6230 5917
f 5917 6230 6231
f 5917 6231 5919
f 5919 6231 5450
f 5919 5450 6124
f 5440 5438 5803
f 5545 6049 6160
f 6160 6049 6051
f 6160 6051 6161
f 6161 6051 6054
f 6053 6054 6051
f 4714 4207 5960
f 2614 5895 6232
f 6232 5895 5897
f 6232 5897 6032
f 6032 5897 5899
f 6032 5899 6034
f 5838 6119 5837
f 5547 5549 6050
f 6050 5549 6099
f 6050 6099 6052
f 6052 6099 6132
f 3817 3819 6233
f 6233 3819 6234
f 6233 6234 6235
f 6235 6234 6236
f 6235 6236 6237
f 6237 6236 6238
f 6237 6238 6239
f 6239 6238 6240
f 6239 6240 6241
f 6241 6240 3821
f 6241 3821 1216
f 1216 3821 1218
f 5103 5105 6242
f 6242 5105 5107
f 6242 5107 6243
f 6243 5107 5109
f 6243 5109 6244
f 6244 5109 6245
f 6244 6245 6246
f 6246 6245 5112
f 6246 5112 6247
f 6247 5112 5114
f 6247 5114 6191
f 6191 5114 5115
f 5862 5864 6103
f 6103 5864 4916
f 6103 4916 4914
f 4112 4110 5415
f 5415 4110 4108
f 5415 4108 4106
f 6159 6107 6108
f 6121 5434 6120
f 6120 5434 5326
f 6120 5326 5328
f 6017 6025 6010
f 6010 6025 6027
f 6010 6027 6008
f 2621 2623 6061
f 1209 5841 6248
f 6248 5841 5840
f 6248 5840 248
f 6085 6169 6087
f 6087 6169 6170
f 6087 6170 6088
f 6088 6170 6094
f 6088 6094 6092
f 6092 6094 6093
f 2609 2611 6249
f 6249 2611 6250
f 6249 6250 6251
f 6251 6250 6146
f 6251 6146 6252
f 6252 6146 6148
f 6252 6148 6253
f 6253 6148 6149
f 6253 6149 6254
f 6254 6149 6114
f 6254 6114 6112
f 2603 6113 2601
f 2614 6232 2616
f 2616 6232 6032
f 2616 6032 2618
f 5456 5454 6230
f 6230 5454 5452
f 6230 5452 6231
f 6231 5452 5450
f 4214 4216 5113
f 5793 5161 5795
f 5795 5161 6101
f 5795 6101 5797
f 3930 3928 6150
f 5180 253 6255
f 6255 253 251
f 6255 251 6256
f 6256 251 249
f 6256 249 6257
f 6257 249 247
f 6257 247 6258
f 6258 247 245
f 6258 245 6259
f 6259 245 243
f 6259 243 241
f 241 6125 6259
f 6259 6125 6260
f 6259 6260 6261
f 6261 6260 5170
f 6261 5170 5172
f 1216 1214 6241
f 6241 1214 1212
f 6241 1212 6239
f 6239 1212 3791
f 6239 3791 3793
f 5679 5677 6129
f 5416 6128 5414
f 6179 6181 6262
f 6262 6181 6183
f 6262 6183 6263
f 6263 6183 6185
f 6263 6185 6264
f 6264 6185 6187
f 6264 6187 6265
f 6265 6187 6189
f 6265 6189 4109
f 4109 6189 5832
f 4109 5832 4107
f 4207 4205 5960
f 2604 5552 2606
f 2606 5552 5550
f 2606 5550 2608
f 2608 5550 6106
f 2608 6106 5896
f 6129 5677 6130
f 5439 5441 6266
f 6266 5441 5443
f 6266 5443 6267
f 6267 5443 6268
f 6267 6268 6269
f 6269 6268 6270
f 6269 6270 6271
f 6271 6270 6272
f 6271 6272 6273
f 6273 6272 6274
f 6273 6274 6275
f 6275 6274 6276
f 6275 6276 6277
f 6277 6276 6278
f 6277 6278 6279
f 6279 6278 6280
f 6279 6280 6281
f 6281 6280 6282
f 6281 6282 6283
f 6283 6282 6284
f 6283 6284 6285
f 6285 6284 6286
f 6285 6286 6287
f 6287 6286 6288
f 6287 6288 6289
f 6289 6288 6290
f 6289 6290 6291
f 6291 6290 6292
f 6291 6292 6293
f 6293 6292 6294
f 6293 6294 6295
f 6295 6294 6296
f 6295 6296 6297
f 6297 6296 6298
f 6297 6298 6299
f 6299 6298 6300
f 6299 6300 6301
f 6301 6300 6302
f 6301 6302 6303
f 6303 6302 6304
f 6303 6304 6305
f 6305 6304 6306
f 6305 6306 6307
f 6307 6306 6308
f 6307 6308 6309
f 6309 6308 4145
f 6309 4145 4143
f 6244 6246 6188
f 6188 6246 6247
f 6188 6247 6190
f 6190 6247 6191
f 3816 5578 5753
f 5445 5447 6270
f 6270 5447 6310
f 6270 6310 6272
f 6272 6310 6311
f 6272 6311 6312
f 6312 6311 6313
f 6312 6313 6314
f 6314 6313 6315
f 6314 6315 6316
f 6316 6315 6317
f 6316 6317 6318
f 6318 6317 6319
f 6318 6319 6320
f 6320 6319 6321
f 6320 6321 6322
f 6322 6321 6323
f 6322 6323 6324
f 6324 6323 6325
f 6324 6325 6326
f 6326 6325 6327
f 6326 6327 6328
f 6328 6327 6329
f 6328 6329 6330
f 6330 6329 6331
f 6330 6331 6332
f 6332 6331 6288
f 6332 6288 6286
f 6270 6268 5445
f 5445 6268 5443
f 5796 5798 6333
f 6333 5798 6229
f 6333 6229 6228
f 6252 6254 6334
f 6334 6254 6112
f 6334 6112 6111
f 5874 5872 6105
f 6105 5872 6335
f 6105 6335 6104
f 6104 6335 5860
f 6104 5860 5862
f 5434 6121 5436
f 6009 6147 6011
f 2615 2617 6139
f 6139 2617 2619
f 6139 2619 6138
f 6138 2619 2621
f 6123 6172 6122
f 2614 2612 5895
f 2610 5895 2612
f 5455 6163 6336
f 6336 6163 6165
f 6336 6165 5453
f 5453 6165 6337
f 5453 6337 5449
f 5449 6337 6310
f 5449 6310 5447
f 5453 5449 5451
f 5439 6266 5437
f 5437 6266 6338
f 5437 6338 6339
f 6339 6338 6340
f 6339 6340 6341
f 6341 6340 6342
f 6341 6342 6343
f 6343 6342 6344
f 6343 6344 6345
f 6345 6344 6346
f 6345 6346 6347
f 6347 6346 6348
f 6347 6348 6349
f 6349 6348 6350
f 6349 6350 5260
f 5260 6350 6351
f 5260 6351 5262
f 5262 6351 6352
f 5262 6352 6353
f 6353 6352 5266
f 6353 5266 5264
f 4130 4128 5861
f 5861 4128 6171
f 5861 6171 6354
f 6354 6171 5865
f 6354 5865 5863
f 5250 5306 5252
f 6252 6253 6254
f 5358 3926 5356
f 5356 3926 6355
f 5356 6355 6356
f 6356 6355 3922
f 6356 3922 6357
f 6357 3922 3885
f 6357 3885 3887
f 5131 4124 6358
f 6358 4124 4122
f 6358 4122 6359
f 6359 4122 6360
f 6359 6360 5133
f 5133 6360 6127
f 5133 6127 5135
f 3812 6154 3814
f 3814 6154 5579
f 5434 5324 5326
f 6130 5961 4203
f 2607 2609 6110
f 6110 2609 6249
f 6110 6249 6334
f 6334 6249 6251
f 6334 6251 6252
f 6334 6111 6110
f 5863 5861 6354
f 1209 6248 250
f 250 6248 248
f 6144 6145 6361
f 6361 6145 6250
f 6361 6250 6362
f 6362 6250 2611
f 6362 2611 6363
f 6363 2611 2613
f 6363 2613 6364
f 6364 2613 2615
f 6364 2615 6139
f 6088 6092 6090
f 6014 6015 6012
f 6012 6015 6017
f 6012 6017 6010
f 5871 6024 3901
f 6024 6017 3901
f 6238 6234 6240
f 6240 6234 3819
f 6240 3819 3821
f 6079 6077 6167
f 6167 6077 6313
f 6167 6313 6337
f 6337 6313 6311
f 6337 6311 6310
f 5457 6163 5455
f 6336 5453 5455
f 5414 6128 5413
f 6144 6361 6143
f 6143 6361 6362
f 6143 6362 6141
f 6141 6362 6365
f 6141 6365 6140
f 6140 6365 6364
f 6140 6364 6139
f 5323 5256 5520
f 5520 5256 5254
f 5520 5254 5305
f 6362 6363 6365
f 6365 6363 6364
f 5161 5793 5163
f 5346 5348 6366
f 6366 5348 5350
f 6366 5350 6367
f 6367 5350 5352
f 6367 5352 6356
f 6356 5352 5354
f 6356 5354 5356
f 6281 6368 6369
f 6369 6368 6370
f 6369 6370 6371
f 6371 6370 6372
f 6371 6372 6373
f 6373 6372 6374
f 6373 6374 6375
f 6375 6374 6376
f 6375 6376 6377
f 6377 6376 6340
f 6377 6340 6378
f 6378 6340 6338
f 6378 6338 6379
f 6379 6338 6266
f 6379 6266 6380
f 6380 6266 6267
f 6380 6267 6269
f 6172 4126 6122
f 6146 6250 6145
f 5788 5790 6381
f 6381 5790 6382
f 6381 6382 6383
f 6383 6382 6384
f 6383 6384 6385
f 6385 6384 5794
f 6385 5794 6333
f 6333 5794 5796
f 6155 6156 6152
f 6152 6156 6158
f 5320 5322 6386
f 6386 5322 6387
f 6386 6387 6343
f 6343 6387 6388
f 6343 6388 6341
f 6341 6388 5435
f 6341 5435 6339
f 6339 5435 5437
f 4206 4208 6389
f 6389 4208 4210
f 6389 4210 6390
f 6390 4210 6391
f 6390 6391 6392
f 6392 6391 6393
f 6392 6393 6394
f 6394 6393 6395
f 6394 6395 6396
f 6396 6395 6397
f 6396 6397 6398
f 6398 6397 6399
f 6398 6399 6400
f 6400 6399 6401
f 6400 6401 6402
f 6402 6401 6403
f 6402 6403 6404
f 6404 6403 6405
f 6404 6405 6406
f 6406 6405 6407
f 6406 6407 6408
f 6408 6407 6409
f 6408 6409 6410
f 6410 6409 6411
f 6410 6411 6412
f 6412 6411 6413
f 6412 6413 6414
f 6414 6413 6415
f 6414 6415 6416
f 6416 6415 6417
f 6416 6417 6418
f 6418 6417 6419
f 6418 6419 6420
f 6420 6419 6421
f 6420 6421 6422
f 6422 6421 6423
f 6422 6423 6424
f 6424 6423 6425
f 6424 6425 6426
f 6426 6425 6427
f 6426 6427 6428
f 6428 6427 6429
f 6428 6429 6430
f 6430 6429 6431
f 6430 6431 6432
f 6432 6431 6433
f 6432 6433 6434
f 6434 6433 6435
f 6434 6435 6436
f 6436 6435 6437
f 6436 6437 6438
f 6438 6437 6439
f 6438 6439 6440
f 6440 6439 6441
f 6440 6441 6442
f 6442 6441 6443
f 6442 6443 6444
f 6444 6443 6445
f 6444 6445 6446
f 6446 6445 364
f 6446 364 366
f 4183 4181 5601
f 5601 4181 6447
f 5601 6447 5603
f 5603 6447 6091
f 5603 6091 5605
f 6448 6273 6449
f 6449 6273 6450
f 6449 6450 6451
f 6451 6450 6452
f 6451 6452 6453
f 6453 6452 6378
f 6453 6378 6449
f 6449 6378 6379
f 6449 6379 6448
f 6448 6379 6454
f 6448 6454 6271
f 6271 6454 6380
f 6271 6380 6269
f 6359 5133 6455
f 6455 5133 5131
f 6455 5131 6358
f 3926 3924 6355
f 5860 6335 4132
f 4132 6335 5872
f 4132 5872 3905
f 3905 5872 3903
f 4210 4212 6391
f 6391 4212 6456
f 6391 6456 6393
f 6393 6456 5108
f 6393 5108 5106
f 4212 4214 6456
f 6456 4214 5110
f 6456 5110 5108
f 6013 3895 3897
f 5325 5323 5520
f 3920 3921 6457
f 6457 3921 3923
f 6457 3923 6157
f 6157 3923 3925
f 6157 3925 6151
f 6259 6261 6258
f 6258 6261 5172
f 6258 5172 5174
f 6175 6263 6173
f 6173 6263 6264
f 6173 6264 4111
f 4111 6264 6265
f 4111 6265 4109
f 3897 3899 6016
f 5275 6458 6459
f 6459 6458 6460
f 6459 6460 6461
f 6461 6460 6462
f 6461 6462 6463
f 6463 6462 6464
f 6463 6464 6465
f 6465 6464 6466
f 6465 6466 6467
f 6467 6466 6468
f 6467 6468 6469
f 6469 6468 6470
f 6469 6470 6471
f 6471 6470 6472
f 6471 6472 6473
f 6473 6472 6474
f 6473 6474 6475
f 6475 6474 6476
f 6475 6476 6477
f 6477 6476 6478
f 6477 6478 6479
f 6479 6478 6480
f 6479 6480 6481
f 6481 6480 6482
f 6481 6482 5249
f 5249 6482 6227
f 5249 6227 5247
f 6379 6380 6454
f 4181 4179 6447
f 6447 4179 6066
f 6447 6066 6091
f 6091 6066 6089
f 6089 6066 6065
f 5112 6245 5111
f 6165 6167 6337
f 6455 6358 6359
f 6273 6448 6271
f 3922 6355 3924
f 3887 6366 6357
f 6357 6366 6367
f 6357 6367 6356
f 6224 6385 6226
f 6226 6385 6333
f 6226 6333 6228
f 3914 6483 3892
f 3892 6483 6484
f 3892 6484 6485
f 6485 6484 6486
f 6485 6486 6487
f 6487 6486 3900
f 6487 3900 3898
f 3894 6485 3896
f 3896 6485 6487
f 3896 6487 3898
f 4193 4191 6488
f 6488 4191 6192
f 6488 6192 6489
f 6489 6192 6198
f 6489 6198 6135
f 6135 6198 6199
f 6135 6199 6136
f 6065 6067 6086
f 6086 6067 6068
f 6086 6068 6069
f 5435 6388 5433
f 5433 6388 6387
f 5433 6387 5322
f 5976 6131 5974
f 5974 6131 4201
f 5974 4201 4199
f 6126 6127 6490
f 6490 6127 6360
f 6490 6360 4122
f 3910 3908 6483
f 6483 3908 3906
f 6483 3906 6491
f 6491 3906 3904
f 6491 3904 6486
f 6486 3904 3902
f 6486 3902 3900
f 3813 3815 6492
f 6492 3815 3817
f 6492 3817 6493
f 6493 3817 6233
f 6493 6233 6494
f 6494 6233 6495
f 6494 6495 3805
f 3805 6495 6496
f 3805 6496 6497
f 6497 6496 6235
f 6497 6235 6498
f 6498 6235 6237
f 6498 6237 6499
f 6499 6237 3797
f 6499 3797 3799
f 6125 5168 6260
f 6272 6312 6274
f 6274 6312 6500
f 6274 6500 6276
f 6276 6500 6316
f 6276 6316 6278
f 6278 6316 6318
f 6278 6318 6501
f 6501 6318 6502
f 6501 6502 6503
f 6503 6502 6320
f 6503 6320 6322
f 5347 3893 6142
f 6142 3893 3895
f 6422 6424 6504
f 6504 6424 6505
f 6504 6505 6398
f 6398 6505 6506
f 6398 6506 6507
f 6507 6506 6508
f 6507 6508 6509
f 6509 6508 6510
f 6509 6510 6511
f 6511 6510 4206
f 6511 4206 6389
f 6389 6390 6511
f 6511 6390 6392
f 6511 6392 6509
f 6509 6392 6394
f 6509 6394 6396
f 5790 5791 6382
f 6382 5791 5792
f 6382 5792 6384
f 6384 5792 5794
f 3891 5346 3889
f 3889 5346 6366
f 3889 6366 3887
f 6493 6494 6512
f 6512 6494 3807
f 6512 3807 6513
f 6513 3807 3809
f 6513 3809 6514
f 6514 3809 3811
f 6514 3811 3813
f 6512 6513 6492
f 6492 6513 6514
f 6492 6514 3813
f 6477 6479 5251
f 5251 6479 6481
f 5251 6481 5249
f 6483 6491 6484
f 6484 6491 6486
f 5075 6515 6516
f 6516 6515 6517
f 6516 6517 6518
f 6518 6517 6519
f 6518 6519 6520
f 6520 6519 6521
f 6520 6521 6522
f 6522 6521 6523
f 6522 6523 6524
f 6524 6523 6525
f 6524 6525 6526
f 6526 6525 4123
f 6526 4123 6527
f 6527 4123 4125
f 6527 4125 4127
f 5061 5063 6528
f 6528 5063 6529
f 6528 6529 6530
f 6530 6529 6531
f 6530 6531 6532
f 6532 6531 6533
f 6532 6533 6534
f 6534 6533 6535
f 6534 6535 6536
f 6536 6535 6537
f 6536 6537 6538
f 6538 6537 6539
f 6538 6539 6540
f 6540 6539 6541
f 6540 6541 6542
f 6542 6541 6543
f 6542 6543 6544
f 6544 6543 6527
f 6544 6527 4129
f 4129 6527 4127
f 6528 6545 6546
f 6546 6545 6547
f 6546 6547 6548
f 6548 6547 6549
f 6548 6549 6550
f 6550 6549 6551
f 6550 6551 6552
f 6552 6551 6157
f 6552 6157 3810
f 6530 6532 6553
f 6553 6532 3917
f 6553 3917 6554
f 6554 3917 3919
f 6554 3919 6549
f 6549 3919 3920
f 6549 3920 6551
f 6551 3920 6457
f 6551 6457 6157
f 1212 3790 3791
f 6485 3894 3892
f 4204 4206 6555
f 6555 4206 6510
f 6555 6510 6508
f 6072 6082 6071
f 6071 6082 6084
f 6071 6084 6070
f 6070 6084 6086
f 6070 6086 6069
f 6166 6164 6168
f 5323 5321 5256
f 5093 5097 6556
f 6556 5097 6557
f 6556 6557 6558
f 6558 6557 5101
f 6558 5101 6559
f 6559 5101 6560
f 6559 6560 6561
f 6561 6560 6562
f 6561 6562 6184
f 6184 6562 6563
f 6184 6563 6186
f 6186 6563 6244
f 6186 6244 6188
f 4131 4133 6564
f 6564 4133 6565
f 6564 6565 6566
f 6566 6565 6567
f 6566 6567 6568
f 6568 6567 6569
f 6568 6569 6534
f 6534 6569 3913
f 6534 3913 3915
f 3913 6569 6570
f 6570 6569 6567
f 6570 6567 3909
f 3909 6567 6565
f 3909 6565 3907
f 3907 6565 4133
f 6126 6490 4120
f 6490 4122 4120
f 4129 4131 6544
f 6544 4131 6564
f 6544 6564 6542
f 6542 6564 6566
f 6542 6566 6571
f 6571 6566 6536
f 6571 6536 6538
f 6508 4200 6555
f 6555 4200 4202
f 6555 4202 4204
f 6236 6234 6238
f 5263 5265 6572
f 6572 5265 6473
f 6572 6473 5261
f 5261 6473 6475
f 5261 6475 6573
f 6573 6475 5253
f 6573 5253 5255
f 5255 5257 6573
f 6573 5257 5259
f 6573 5259 5261
f 6512 6492 6493
f 6451 6453 6449
f 5321 5258 5256
f 6316 6500 6314
f 6314 6500 6312
f 3810 3808 6552
f 6552 3808 6574
f 6552 6574 6548
f 6548 6574 6575
f 6548 6575 6546
f 6546 6575 5057
f 6546 5057 5059
f 5180 6255 5178
f 5178 6255 6256
f 5178 6256 5176
f 5176 6256 6257
f 5176 6257 5174
f 5174 6257 6258
f 3886 3918 3888
f 3888 3918 3916
f 3888 3916 3890
f 3890 3916 3914
f 3890 3914 3892
f 6475 6477 5253
f 5253 6477 5251
f 6369 6371 6576
f 6576 6371 6373
f 6576 6373 6577
f 6577 6373 6578
f 6577 6578 6579
f 6579 6578 6375
f 6579 6375 6452
f 6452 6375 6377
f 6452 6377 6378
f 6579 6452 6580
f 6580 6452 6450
f 6580 6450 6275
f 6275 6450 6273
f 6227 6482 6225
f 6225 6482 6480
f 6225 6480 6581
f 6581 6480 6472
f 6581 6472 6470
f 5109 5111 6245
f 6078 6080 6074
f 6074 6080 6082
f 6074 6082 6072
f 6135 6134 6489
f 6489 6134 6133
f 6489 6133 6488
f 6488 6133 4195
f 6488 4195 4193
f 6260 5168 5170
f 3914 3912 6483
f 6483 3912 3910
f 470 472 6582
f 6582 472 6583
f 6582 6583 6584
f 6584 6583 6585
f 6584 6585 6586
f 6586 6585 6587
f 6586 6587 6588
f 6588 6587 6589
f 6588 6589 6590
f 6590 6589 6591
f 6590 6591 6592
f 6592 6591 6593
f 6592 6593 6594
f 6594 6593 6595
f 6594 6595 6596
f 6596 6595 6597
f 6596 6597 6598
f 6598 6597 6599
f 6598 6599 6600
f 6600 6599 6601
f 6600 6601 6602
f 6602 6601 6603
f 6602 6603 6604
f 6604 6603 6605
f 6604 6605 6606
f 6606 6605 6607
f 6606 6607 6608
f 6608 6607 6609
f 6608 6609 6610
f 6610 6609 6342
f 6610 6342 6376
f 6376 6342 6340
f 3795 3797 3793
f 3793 3797 6237
f 3793 6237 6239
f 6495 6233 6496
f 6496 6233 6235
f 6518 6520 6611
f 6611 6520 6612
f 6611 6612 5069
f 5069 6612 6613
f 5069 6613 5067
f 5067 6613 6614
f 5067 6614 6615
f 6615 6614 6616
f 6615 6616 6617
f 6617 6616 6618
f 6617 6618 6541
f 6541 6618 6619
f 6541 6619 6543
f 6543 6619 6526
f 6543 6526 6527
f 6313 6077 6315
f 6315 6077 6620
f 6315 6620 6317
f 6317 6620 6621
f 6317 6621 6319
f 6319 6621 6622
f 6319 6622 6623
f 6623 6622 6624
f 6623 6624 6625
f 6625 6624 6626
f 6625 6626 6627
f 6627 6626 4155
f 6627 4155 6628
f 6628 4155 4153
f 6628 4153 6629
f 6629 4153 6630
f 6629 6630 6631
f 6631 6630 6632
f 6631 6632 6633
f 6633 6632 6634
f 6633 6634 6635
f 6635 6634 6636
f 6635 6636 6637
f 6637 6636 4145
f 6637 4145 6308
f 6552 6548 6550
f 4114 4118 4116
f 4117 4119 6523
f 6523 4119 4121
f 6523 4121 6525
f 6525 4121 4123
f 6570 3909 6638
f 6638 3909 3911
f 6638 3911 6570
f 6570 3911 3913
f 5057 6575 5055
f 5055 6575 6574
f 5055 6574 3806
f 3806 6574 3808
f 5177 5175 6639
f 6639 5175 5173
f 6639 5173 6640
f 6640 5173 6641
f 6640 6641 6642
f 6642 6641 6643
f 6642 6643 6644
f 6644 6643 6645
f 6644 6645 5787
f 5787 6645 5167
f 5787 5167 5789
f 5789 5167 5165
f 6078 6074 6076
f 6494 3805 3807
f 6560 5103 6562
f 6562 5103 6242
f 6562 6242 6563
f 6563 6242 6243
f 6563 6243 6244
f 6566 6568 6536
f 5180 255 253
f 6521 6519 4117
f 4117 6519 6646
f 4117 6646 4115
f 4115 6646 6174
f 4115 6174 4113
f 3917 6532 3915
f 5772 6647 6648
f 6648 6647 5776
f 6648 5776 6649
f 6649 5776 6650
f 6649 6650 6651
f 6651 6650 6652
f 6651 6652 6653
f 6653 6652 6654
f 6653 6654 6655
f 6655 6654 6656
f 6655 6656 6657
f 6657 6656 6658
f 6657 6658 6659
f 6659 6658 6660
f 6659 6660 6220
f 6220 6660 6383
f 6220 6383 6222
f 6222 6383 6385
f 6222 6385 6224
f 6526 6619 6524
f 6524 6619 6618
f 6524 6618 6661
f 6661 6618 6614
f 6661 6614 6613
f 6554 6549 6662
f 6662 6549 6547
f 6662 6547 6545
f 6545 6530 6662
f 6662 6530 6553
f 6662 6553 6554
f 6540 6542 6538
f 6538 6542 6571
f 3915 6532 6534
f 6568 6534 6536
f 6275 6277 6580
f 6580 6277 6279
f 6580 6279 6577
f 6577 6279 6369
f 6577 6369 6576
f 6343 6345 6386
f 6386 6345 6347
f 6386 6347 6349
f 6225 6581 6663
f 6663 6581 6664
f 6663 6664 6665
f 6665 6664 6666
f 6665 6666 6219
f 6219 6666 6667
f 6219 6667 6217
f 6217 6667 6668
f 6217 6668 6215
f 6215 6668 6669
f 6215 6669 6670
f 6670 6669 6671
f 6670 6671 6672
f 6672 6671 6673
f 6672 6673 6674
f 6674 6673 6675
f 6674 6675 6676
f 6676 6675 6677
f 6676 6677 6678
f 6678 6677 6679
f 6678 6679 6680
f 6680 6679 6458
f 6680 6458 6681
f 6681 6458 5277
f 6681 5277 6682
f 6682 5277 6683
f 6682 6683 6684
f 6684 6683 6685
f 6684 6685 6686
f 6686 6685 6687
f 6686 6687 6688
f 6688 6687 6689
f 6688 6689 6690
f 6690 6689 6691
f 6690 6691 6692
f 6692 6691 6693
f 6692 6693 6694
f 6694 6693 6695
f 6694 6695 6696
f 6696 6695 6697
f 6696 6697 6698
f 6698 6697 6699
f 6698 6699 6700
f 6700 6699 6701
f 6700 6701 6702
f 6702 6701 6703
f 6702 6703 6704
f 6704 6703 5291
f 6704 5291 5293
f 6219 6221 6665
f 6665 6221 6223
f 6665 6223 6663
f 6663 6223 6225
f 5058 5056 6705
f 6705 5056 3802
f 6705 3802 6706
f 6706 3802 3800
f 6706 3800 6707
f 6707 3800 3798
f 6707 3798 6708
f 6708 3798 6709
f 6708 6709 6710
f 6710 6709 6711
f 6710 6711 6712
f 6712 6711 6713
f 6712 6713 260
f 260 6713 3792
f 260 3792 258
f 3805 6497 3803
f 3803 6497 6498
f 3803 6498 6499
f 4155 6626 4157
f 4157 6626 6624
f 4157 6624 6714
f 6714 6624 6622
f 6714 6622 6715
f 6715 6622 6716
f 6715 6716 6717
f 6717 6716 6718
f 6717 6718 6719
f 6719 6718 6720
f 6719 6720 6075
f 6075 6720 6077
f 6622 6621 6716
f 6716 6621 6620
f 6716 6620 6720
f 6720 6620 6077
f 6480 6478 6472
f 6472 6478 6476
f 6472 6476 6474
f 6342 6609 6344
f 6344 6609 6721
f 6344 6721 6346
f 6346 6721 6722
f 6346 6722 6723
f 6723 6722 6724
f 6723 6724 6725
f 6725 6724 6726
f 6725 6726 6727
f 6727 6726 6728
f 6727 6728 6729
f 6729 6728 6730
f 6729 6730 6731
f 6731 6730 6732
f 6731 6732 6733
f 6733 6732 6734
f 6733 6734 6735
f 6735 6734 5268
f 6735 5268 5266
f 6386 6349 5320
f 4117 6523 6521
f 6349 5260 5320
f 6179 6262 6177
f 6177 6262 6263
f 6177 6263 6175
f 300 6736 6737
f 6737 6736 6738
f 6737 6738 6739
f 6739 6738 6740
f 6739 6740 6741
f 6741 6740 6742
f 6741 6742 6743
f 6743 6742 6744
f 6743 6744 6745
f 6745 6744 6746
f 6745 6746 6747
f 6747 6746 6748
f 6747 6748 5096
f 5096 6748 6749
f 5096 6749 6750
f 6750 6749 6751
f 6750 6751 6752
f 6752 6751 6753
f 6752 6753 6754
f 6754 6753 6755
f 6754 6755 5104
f 5104 6755 6756
f 5104 6756 5106
f 5106 6756 6395
f 5106 6395 6393
f 6600 6757 6758
f 6758 6757 6759
f 6758 6759 6760
f 6760 6759 6761
f 6760 6761 6762
f 6762 6761 6604
f 6762 6604 6372
f 6372 6604 6763
f 6372 6763 6374
f 6374 6763 6608
f 6374 6608 6764
f 6764 6608 6610
f 6764 6610 6376
f 6764 6376 6374
f 6580 6577 6579
f 6617 6541 6765
f 6765 6541 6539
f 6765 6539 6766
f 6766 6539 6537
f 6766 6537 6535
f 5063 5065 6529
f 6529 5065 6767
f 6529 6767 6531
f 6531 6767 6766
f 6531 6766 6533
f 6533 6766 6535
f 6517 6768 6769
f 6769 6768 6178
f 6769 6178 6646
f 6646 6178 6176
f 6646 6176 6174
f 5167 6645 5169
f 5169 6645 6643
f 5169 6643 5171
f 5171 6643 6641
f 5171 6641 5173
f 6428 6430 4194
f 4194 6430 6432
f 4194 6432 4192
f 4192 6432 6434
f 4192 6434 4190
f 4190 6434 6436
f 4190 6436 4188
f 4188 6436 6770
f 4188 6770 6771
f 6771 6770 6440
f 6771 6440 6772
f 6772 6440 6773
f 6772 6773 6774
f 6774 6773 6775
f 6774 6775 6776
f 6776 6775 6777
f 6776 6777 6778
f 6778 6777 6779
f 6778 6779 6780
f 6780 6779 6781
f 6780 6781 6782
f 6782 6781 4178
f 6782 4178 4180
f 6774 6778 6783
f 6783 6778 6780
f 6783 6780 4182
f 4182 6780 6782
f 4182 6782 4180
f 3798 3796 6709
f 6709 3796 6784
f 6709 6784 6711
f 6711 6784 3794
f 6711 3794 6713
f 6713 3794 3792
f 6612 6520 6661
f 6661 6520 6522
f 6661 6522 6524
f 3804 3802 5056
f 3801 3803 3799
f 3799 3803 6499
f 6528 6530 6545
f 6714 6715 6785
f 6785 6715 6717
f 6785 6717 6786
f 6786 6717 6719
f 6786 6719 6787
f 6787 6719 6788
f 6787 6788 6073
f 6073 6788 6075
f 6719 6075 6788
f 6578 6373 6375
f 6615 6765 6789
f 6789 6765 6766
f 6789 6766 6767
f 6617 6765 6615
f 6618 6616 6614
f 4150 4152 6790
f 6790 4152 6791
f 6790 6791 6792
f 6792 6791 6793
f 6792 6793 6794
f 6794 6793 6795
f 6794 6795 6796
f 6796 6795 6797
f 6796 6797 6798
f 6798 6797 6799
f 6798 6799 6777
f 6777 6799 6800
f 6777 6800 6779
f 6779 6800 6801
f 6779 6801 6781
f 6781 6801 4176
f 6781 4176 4178
f 4172 4174 6802
f 6802 4174 4176
f 6802 4176 6803
f 6803 4176 6801
f 6803 6801 6804
f 6804 6801 6800
f 6804 6800 4166
f 4166 6800 4164
f 5061 6528 5059
f 5059 6528 6546
f 6073 4171 6787
f 6787 4171 6805
f 6787 6805 4159
f 4159 6805 4163
f 4159 4163 4161
f 6646 6519 6769
f 6509 6396 6507
f 6426 4198 6506
f 6506 4198 4200
f 6506 4200 6508
f 6716 6720 6718
f 6767 5065 6789
f 6789 5065 5067
f 6789 5067 6615
f 6639 6806 5177
f 5177 6806 6807
f 5177 6807 5179
f 5179 6807 271
f 5179 271 6808
f 6808 271 6809
f 6808 6809 5181
f 5181 6809 261
f 5181 261 259
f 4172 6802 4170
f 4170 6802 6803
f 4170 6803 6804
f 6613 6612 6661
f 5089 5091 6810
f 6810 5091 6811
f 6810 6811 6812
f 6812 6811 6813
f 6812 6813 6180
f 6180 6813 6814
f 6180 6814 6182
f 6182 6814 6561
f 6182 6561 6184
f 5786 5788 6660
f 6660 5788 6381
f 6660 6381 6383
f 6769 6519 6517
f 4171 4169 6805
f 6805 4169 4165
f 6805 4165 4163
f 5261 5263 6572
f 6677 6675 6815
f 6815 6675 6816
f 6815 6816 6817
f 6817 6816 6818
f 6817 6818 6819
f 6819 6818 6820
f 6819 6820 6821
f 6821 6820 6666
f 6821 6666 6468
f 6468 6666 6664
f 6468 6664 6470
f 6470 6664 6581
f 3794 6784 3796
f 6467 6469 5265
f 5265 6469 6471
f 5265 6471 6473
f 6744 6822 6746
f 6746 6822 6823
f 6746 6823 6748
f 6748 6823 6824
f 6748 6824 6825
f 6825 6824 6403
f 6825 6403 6753
f 6753 6403 6401
f 6753 6401 6755
f 6755 6401 6399
f 6755 6399 6756
f 6756 6399 6397
f 6756 6397 6395
f 280 282 6826
f 6826 282 6827
f 6826 6827 6828
f 6828 6827 6829
f 6828 6829 6830
f 6830 6829 6831
f 6830 6831 6832
f 6832 6831 6833
f 6832 6833 6834
f 6834 6833 6835
f 6834 6835 6836
f 6836 6835 6837
f 6836 6837 6838
f 6838 6837 6839
f 6838 6839 6840
f 6840 6839 6841
f 6840 6841 6842
f 6842 6841 6843
f 6842 6843 6844
f 6844 6843 6845
f 6844 6845 6705
f 6705 6845 5060
f 6705 5060 5058
f 6284 6282 6501
f 6501 6282 6280
f 6501 6280 6278
f 6281 6369 6279
f 6808 5181 5179
f 6771 6772 4186
f 4186 6772 6783
f 4186 6783 4184
f 4184 6783 4182
f 6597 6846 6599
f 6599 6846 6847
f 6599 6847 6601
f 6601 6847 6848
f 6601 6848 6605
f 6605 6848 6849
f 6605 6849 6607
f 6607 6849 6721
f 6607 6721 6609
f 4166 4168 6804
f 6804 4168 4170
f 6838 6840 6836
f 6836 6840 6850
f 6836 6850 6834
f 6834 6850 6851
f 6834 6851 6852
f 6852 6851 6708
f 6852 6708 6853
f 6853 6708 6710
f 6853 6710 6854
f 6854 6710 6712
f 6854 6712 260
f 264 6853 262
f 262 6853 6854
f 262 6854 260
f 5081 5083 6855
f 6855 5083 6856
f 6855 6856 6857
f 6857 6856 5089
f 6857 5089 6858
f 6858 5089 6810
f 6858 6810 6859
f 6859 6810 6812
f 6859 6812 6860
f 6860 6812 6180
f 6860 6180 6768
f 6768 6180 6178
f 5787 5785 6644
f 6644 5785 5783
f 6644 5783 6642
f 6642 5783 5781
f 6642 5781 6861
f 6861 5781 5779
f 6861 5779 6862
f 6862 5779 5777
f 6862 5777 6863
f 6863 5777 5775
f 6863 5775 6864
f 6864 5775 5773
f 6864 5773 6865
f 6865 5773 6866
f 6865 6866 281
f 281 6866 6867
f 281 6867 283
f 283 6867 6868
f 283 6868 285
f 285 6868 6869
f 285 6869 6870
f 6870 6869 301
f 6870 301 6871
f 6871 301 6872
f 6871 6872 291
f 291 6872 295
f 291 295 293
f 6398 6507 6396
f 5080 6873 5082
f 5082 6873 6874
f 5082 6874 6839
f 6839 6874 6875
f 6839 6875 6876
f 6876 6875 6877
f 6876 6877 6878
f 6878 6877 6879
f 6878 6879 6845
f 6845 6879 5062
f 6845 5062 5060
f 5069 5071 6611
f 6611 5071 5073
f 6611 5073 6518
f 6518 5073 5075
f 6518 5075 6516
f 6346 6723 6348
f 6348 6723 6880
f 6348 6880 6881
f 6881 6880 6882
f 6881 6882 6352
f 6352 6882 6735
f 6352 6735 5266
f 6705 6706 6844
f 6844 6706 6707
f 6844 6707 6842
f 6842 6707 6851
f 6842 6851 6850
f 6352 6351 6881
f 6881 6351 6350
f 6881 6350 6348
f 6604 6606 6763
f 6763 6606 6608
f 6192 4191 4189
f 5062 6879 5064
f 5064 6879 6877
f 5064 6877 6883
f 6883 6877 6884
f 6883 6884 5068
f 5068 6884 5072
f 5068 5072 5070
f 5068 5066 6883
f 6883 5066 5064
f 4194 4196 6428
f 6428 4196 4198
f 6428 4198 6426
f 6318 6320 6502
f 6559 6561 6885
f 6885 6561 6814
f 6885 6814 6886
f 6886 6814 6813
f 6886 6813 6885
f 6885 6813 6556
f 6885 6556 6558
f 6859 6860 6887
f 6887 6860 6768
f 6887 6768 6515
f 6515 6768 6517
f 5262 6353 5264
f 6506 6505 6426
f 4169 4167 4165
f 6839 6876 6841
f 6841 6876 6878
f 6841 6878 6843
f 6843 6878 6845
f 6786 6787 6785
f 6785 6787 4159
f 6785 4159 4157
f 5080 5078 6873
f 6873 5078 5076
f 6873 5076 6888
f 6888 5076 5074
f 6888 5074 6884
f 6884 5074 5072
f 6650 5778 6652
f 6652 5778 5780
f 6652 5780 6889
f 6889 5780 5782
f 6889 5782 6656
f 6656 5782 5784
f 6656 5784 6658
f 6658 5784 5786
f 6658 5786 6660
f 5103 6560 5101
f 271 269 6809
f 6809 269 267
f 6809 267 6890
f 6890 267 265
f 6890 265 261
f 261 265 263
f 6890 261 6809
f 6891 6892 6893
f 6893 6892 6894
f 6893 6894 6895
f 6895 6894 6896
f 6895 6896 6897
f 6897 6896 6898
f 6897 6898 6899
f 6899 6898 6900
f 6899 6900 6901
f 6901 6900 6902
f 6901 6902 6903
f 6903 6902 6904
f 6903 6904 6905
f 6905 6904 6906
f 6905 6906 6907
f 6907 6906 6908
f 6907 6908 6909
f 6909 6908 6910
f 6909 6910 6911
f 6911 6910 6912
f 6911 6912 6913
f 6913 6912 6914
f 6913 6914 6915
f 6915 6914 392
f 6915 392 6916
f 6916 392 394
f 6916 394 6917
f 6917 394 6918
f 6917 6918 6919
f 6919 6918 6920
f 6919 6920 6921
f 6921 6920 6922
f 6921 6922 6923
f 6923 6922 6924
f 6923 6924 6925
f 6925 6924 6926
f 6925 6926 6927
f 6927 6926 6928
f 6927 6928 6929
f 6929 6928 6930
f 6929 6930 6931
f 6931 6930 6932
f 6931 6932 6933
f 6933 6932 6934
f 6933 6934 6891
f 6891 6934 6935
f 6891 6935 6892
f 6892 6935 6936
f 6892 6936 6937
f 6937 6936 6938
f 6937 6938 6939
f 6939 6938 6940
f 6939 6940 6941
f 6941 6940 6942
f 6941 6942 6943
f 6943 6942 6944
f 6943 6944 6945
f 6945 6944 6946
f 6945 6946 6947
f 6947 6946 6948
f 6947 6948 6949
f 6949 6948 6950
f 6949 6950 6951
f 6951 6950 6952
f 6951 6952 6953
f 6953 6952 6758
f 6953 6758 6954
f 6954 6758 6760
f 6954 6760 6955
f 6955 6760 6956
f 6955 6956 6368
f 6368 6956 6957
f 6368 6957 6370
f 6370 6957 6762
f 6370 6762 6372
f 5282 6958 6959
f 6959 6958 6960
f 6959 6960 6961
f 6961 6960 6962
f 6961 6962 6963
f 6963 6962 6964
f 6963 6964 6965
f 6965 6964 6966
f 6965 6966 6967
f 6967 6966 6968
f 6967 6968 6969
f 6969 6968 6726
f 6969 6726 6970
f 6970 6726 6724
f 6970 6724 6849
f 6849 6724 6722
f 6849 6722 6721
f 277 275 6862
f 6862 275 273
f 6862 273 6971
f 6971 273 6806
f 6971 6806 6640
f 6640 6806 6639
f 6708 6851 6707
f 6951 6953 6972
f 6972 6953 6954
f 6972 6954 6287
f 6287 6954 6973
f 6287 6973 6285
f 6285 6973 6955
f 6285 6955 6283
f 6283 6955 6368
f 6283 6368 6281
f 6874 6888 6875
f 6875 6888 6884
f 6875 6884 6877
f 4186 4188 6771
f 5075 5077 6515
f 6515 5077 5079
f 6515 5079 6857
f 6857 5079 5081
f 6857 5081 6855
f 6723 6725 6880
f 6880 6725 6727
f 6880 6727 6729
f 5269 6465 5267
f 5267 6465 6467
f 5267 6467 5265
f 6559 6885 6558
f 5098 6750 5100
f 5100 6750 6752
f 5100 6752 5102
f 5102 6752 6754
f 5102 6754 5104
f 6220 6218 6659
f 6659 6218 6216
f 6659 6216 6657
f 6657 6216 6974
f 6657 6974 6655
f 6655 6974 6975
f 6655 6975 6653
f 6653 6975 6210
f 6653 6210 6976
f 6976 6210 6208
f 6976 6208 6206
f 6325 6323 6977
f 6977 6323 6321
f 6977 6321 6623
f 6623 6321 6319
f 6326 6328 6978
f 6978 6328 6330
f 6978 6330 6503
f 6503 6330 6284
f 6503 6284 6501
f 6840 6842 6850
f 6515 6857 6887
f 6887 6857 6858
f 6887 6858 6859
f 6774 6783 6772
f 6416 6418 6410
f 6410 6418 6420
f 6410 6420 6408
f 6408 6420 6979
f 6408 6979 6402
f 6402 6979 6504
f 6402 6504 6400
f 6400 6504 6398
f 6426 6505 6424
f 264 266 6853
f 6853 266 6980
f 6853 6980 6852
f 6852 6980 6832
f 6852 6832 6834
f 5091 5093 6811
f 6811 5093 6556
f 6811 6556 6813
f 6862 6971 6861
f 6861 6971 6640
f 6861 6640 6642
f 6874 6873 6888
f 6760 6762 6956
f 6956 6762 6957
f 6880 6729 6882
f 6882 6729 6733
f 6882 6733 6735
f 5101 6557 5099
f 6806 273 6807
f 6807 273 271
f 4157 6714 6785
f 6776 6778 6774
f 6600 6602 6757
f 6757 6602 6604
f 6757 6604 6761
f 6557 5097 5099
f 6462 6981 6464
f 6464 6981 6982
f 6464 6982 6466
f 6466 6982 6821
f 6466 6821 6468
f 276 278 6983
f 6983 278 6826
f 6983 6826 6984
f 6984 6826 6828
f 6984 6828 268
f 268 6828 6985
f 268 6985 266
f 266 6985 6980
f 6828 6830 6985
f 6985 6830 6832
f 6985 6832 6980
f 6800 6799 4164
f 4164 6799 6797
f 4164 6797 6795
f 300 302 6736
f 6736 302 6986
f 6736 6986 6738
f 6738 6986 6987
f 6738 6987 6988
f 6988 6987 6989
f 6988 6989 6990
f 6990 6989 6991
f 6990 6991 6992
f 6992 6991 6993
f 6992 6993 6994
f 6994 6993 6995
f 6994 6995 6996
f 6996 6995 6997
f 6996 6997 6998
f 6998 6997 6999
f 6998 6999 7000
f 7000 6999 7001
f 7000 7001 7002
f 7002 7001 7003
f 7002 7003 7004
f 7004 7003 7005
f 7004 7005 7006
f 7006 7005 7007
f 7006 7007 7008
f 7008 7007 7009
f 7008 7009 7010
f 7010 7009 7011
f 7010 7011 7012
f 7012 7011 6429
f 7012 6429 6423
f 6423 6429 6427
f 6423 6427 6425
f 6671 6669 6818
f 6818 6669 6668
f 6818 6668 6820
f 6820 6668 6667
f 6820 6667 6666
f 6623 6625 6977
f 6977 6625 6627
f 6977 6627 6628
f 5082 6839 5084
f 5084 6839 6837
f 5084 6837 7013
f 7013 6837 7014
f 7013 7014 7015
f 7015 7014 7016
f 7015 7016 7017
f 7017 7016 7018
f 7017 7018 7019
f 7019 7018 7020
f 7019 7020 7021
f 7021 7020 7022
f 7021 7022 7023
f 7023 7022 7024
f 7023 7024 7025
f 7025 7024 6745
f 7025 6745 6747
f 474 487 7026
f 7026 487 486
f 7026 486 7027
f 7027 486 7028
f 7027 7028 7029
f 7029 7028 7030
f 7029 7030 7031
f 7031 7030 7032
f 7031 7032 7033
f 7033 7032 7034
f 7033 7034 6848
f 6848 7034 6970
f 6848 6970 6849
f 5280 5278 7035
f 7035 5278 7036
f 7035 7036 7037
f 7037 7036 7038
f 7037 7038 7039
f 7039 7038 5272
f 7039 5272 7040
f 7040 5272 5270
f 7040 5270 6732
f 6732 5270 5268
f 6732 5268 6734
f 6973 6954 6955
f 6603 6601 6605
f 5093 5095 5097
f 6503 6322 6978
f 6978 6322 6324
f 6978 6324 6326
f 6757 6761 6759
f 6284 6330 6286
f 6793 7041 7042
f 7042 7041 4156
f 7042 4156 7043
f 7043 4156 4158
f 7043 4158 7044
f 7044 4158 4160
f 7044 4160 4162
f 268 270 6984
f 6984 270 272
f 6984 272 274
f 6420 6422 6979
f 6979 6422 6504
f 6793 7044 6795
f 6795 7044 4162
f 6795 4162 4164
f 5098 5096 6750
f 6729 6731 6733
f 5087 5089 5085
f 5085 5089 6856
f 5085 6856 5083
f 6777 6775 6798
f 6798 6775 7045
f 6798 7045 7046
f 7046 7045 7047
f 7046 7047 7048
f 7048 7047 6446
f 7048 6446 7049
f 7049 6446 366
f 7049 366 368
f 6436 6438 6770
f 6770 6438 6440
f 6748 6825 6749
f 6749 6825 6753
f 6749 6753 6751
f 5092 5090 7050
f 7050 5090 7051
f 7050 7051 7017
f 7017 7051 7052
f 7017 7052 7015
f 7015 7052 5086
f 7015 5086 7013
f 7013 5086 5084
f 6827 7053 6829
f 6829 7053 7054
f 6829 7054 6831
f 6831 7054 7055
f 6831 7055 7056
f 7056 7055 7057
f 7056 7057 6835
f 6835 7057 7014
f 6835 7014 6837
f 354 356 7058
f 7058 356 7059
f 7058 7059 7060
f 7060 7059 7061
f 7060 7061 7062
f 7062 7061 7063
f 7062 7063 7064
f 7064 7063 7065
f 7064 7065 7066
f 7066 7065 7067
f 7066 7067 6997
f 6997 7067 7068
f 6997 7068 7069
f 7069 7068 7070
f 7069 7070 7001
f 7001 7070 7071
f 7001 7071 7003
f 7003 7071 7072
f 7003 7072 7005
f 7005 7072 7073
f 7005 7073 7007
f 7007 7073 7074
f 7007 7074 7075
f 7075 7074 6431
f 7075 6431 7011
f 7011 6431 6429
f 6306 6302 7076
f 7076 6302 7077
f 7076 7077 7078
f 7078 7077 7079
f 7078 7079 6635
f 6635 7079 7080
f 6635 7080 6633
f 6633 7080 6327
f 6633 6327 7081
f 7081 6327 6325
f 7081 6325 7082
f 7082 6325 6977
f 7082 6977 6628
f 6831 7056 6833
f 6833 7056 6835
f 6793 7042 7044
f 7044 7042 7043
f 6458 6679 6460
f 6460 6679 6815
f 6460 6815 6981
f 6981 6815 6817
f 6981 6817 6982
f 6982 6817 6819
f 6982 6819 6821
f 6402 6404 6408
f 6656 6654 6889
f 6419 7010 6421
f 6421 7010 7012
f 6421 7012 6423
f 276 6983 274
f 274 6983 6984
f 6732 6730 7040
f 7040 6730 7083
f 7040 7083 7039
f 7039 7083 7084
f 7039 7084 7085
f 7085 7084 6968
f 7085 6968 7086
f 7086 6968 6966
f 7086 6966 7087
f 7087 6966 6964
f 7087 6964 6962
f 6863 6864 7088
f 7088 6864 279
f 7088 279 7089
f 7089 279 277
f 7089 277 6863
f 6863 277 6862
f 6747 5096 7090
f 7090 5096 5094
f 7090 5094 7091
f 7091 5094 5092
f 7091 5092 7050
f 6726 6968 6728
f 6728 6968 7084
f 6728 7084 7083
f 5090 5088 7092
f 7092 5088 5086
f 7092 5086 7052
f 6411 6409 7093
f 7093 6409 6407
f 7093 6407 6823
f 6823 6407 6405
f 6823 6405 6824
f 6824 6405 6403
f 6459 6461 5273
f 5273 6461 6463
f 5273 6463 5271
f 5271 6463 6465
f 5271 6465 5269
f 6210 6975 7094
f 7094 6975 6974
f 7094 6974 6214
f 6214 6974 6216
f 364 6445 362
f 362 6445 6443
f 362 6443 7095
f 7095 6443 6441
f 7095 6441 7096
f 7096 6441 7097
f 7096 7097 7098
f 7098 7097 7099
f 7098 7099 7100
f 7100 7099 6437
f 7100 6437 7101
f 7101 6437 6435
f 7101 6435 6433
f 6433 6431 7101
f 7101 6431 7074
f 7101 7074 7102
f 7102 7074 7073
f 7102 7073 7103
f 7103 7073 7072
f 7103 7072 7104
f 7104 7072 7071
f 7104 7071 7105
f 7105 7071 7070
f 7105 7070 7061
f 7061 7070 7068
f 7061 7068 7063
f 7063 7068 7067
f 7063 7067 7065
f 6446 7047 6444
f 6444 7047 7045
f 6444 7045 6442
f 6442 7045 6775
f 6442 6775 6773
f 6773 6440 6442
f 4156 7041 4154
f 4154 7041 6791
f 4154 6791 4152
f 6959 6961 483
f 483 6961 7106
f 483 7106 485
f 485 7106 7107
f 485 7107 7108
f 7108 7107 7109
f 7108 7109 7110
f 7110 7109 6965
f 7110 6965 7032
f 7032 6965 6967
f 7032 6967 7034
f 7034 6967 6969
f 7034 6969 6970
f 7052 7051 7092
f 7092 7051 5090
f 7027 7029 7111
f 7111 7029 7112
f 7111 7112 7113
f 7113 7112 7031
f 7113 7031 7114
f 7114 7031 7033
f 7114 7033 6847
f 6847 7033 6848
f 6584 6586 7115
f 7115 6586 6588
f 7115 6588 7116
f 7116 6588 7117
f 7116 7117 7118
f 7118 7117 7119
f 7118 7119 6950
f 6950 7119 6596
f 6950 6596 6952
f 6952 6596 6598
f 6952 6598 7120
f 7120 6598 6600
f 7120 6600 6758
f 6758 6952 7120
f 6654 6652 6889
f 6332 6286 6330
f 6730 6728 7083
f 286 288 7055
f 7055 288 7121
f 7055 7121 7122
f 7122 7121 7016
f 7122 7016 7057
f 7057 7016 7014
f 6631 7081 6629
f 6629 7081 7082
f 6629 7082 6628
f 6408 6404 6406
f 6949 6951 6291
f 6291 6951 6972
f 6291 6972 6289
f 6289 6972 6287
f 6827 282 7053
f 7053 282 284
f 7053 284 7054
f 7054 284 286
f 7054 286 7055
f 280 6826 278
f 6791 7041 6793
f 6747 7090 7025
f 7025 7090 7091
f 7025 7091 7023
f 7023 7091 7050
f 7023 7050 7021
f 7021 7050 7123
f 7021 7123 7019
f 7019 7123 7017
f 7122 7057 7055
f 7123 7050 7017
f 6798 7046 6796
f 6796 7046 7124
f 6796 7124 7125
f 7125 7124 7126
f 7125 7126 7127
f 7127 7126 7128
f 7127 7128 7129
f 7129 7128 372
f 7129 372 374
f 7007 7075 7009
f 7009 7075 7011
f 6650 5776 5778
f 7088 7089 6863
f 439 437 7130
f 7130 437 7131
f 7130 7131 7132
f 7132 7131 7133
f 7132 7133 7134
f 7134 7133 7135
f 7134 7135 7136
f 7136 7135 7137
f 7136 7137 7138
f 7138 7137 7139
f 7138 7139 7140
f 7140 7139 7141
f 7140 7141 7142
f 7142 7141 7143
f 7142 7143 7144
f 7144 7143 7145
f 7144 7145 7146
f 7146 7145 7147
f 7146 7147 7148
f 7148 7147 7149
f 7148 7149 7150
f 7150 7149 7151
f 7150 7151 7152
f 7152 7151 7153
f 7152 7153 7154
f 7154 7153 7155
f 7154 7155 7156
f 7156 7155 7157
f 7156 7157 7158
f 7158 7157 7159
f 7158 7159 7160
f 7160 7159 7161
f 7160 7161 7162
f 7162 7161 6213
f 7162 6213 6670
f 6670 6213 6215
f 6437 7099 6439
f 6439 7099 7097
f 6439 7097 6441
f 6741 6743 7163
f 7163 6743 7024
f 7163 7024 7164
f 7164 7024 7022
f 7164 7022 7165
f 7165 7022 7020
f 7165 7020 7166
f 7166 7020 7018
f 7166 7018 7121
f 7121 7018 7016
f 4153 4151 6630
f 6630 4151 4149
f 6630 4149 4147
f 6847 6846 7114
f 7114 6846 7167
f 7114 7167 7113
f 7113 7167 7168
f 7113 7168 7169
f 7169 7168 6591
f 7169 6591 6589
f 6631 6633 7081
f 281 279 6865
f 6865 279 6864
f 6742 7170 7171
f 7171 7170 6413
f 7171 6413 6822
f 6822 6413 7093
f 6822 7093 6823
f 6675 6673 6816
f 6816 6673 6671
f 6816 6671 6818
f 7000 7172 6998
f 6998 7172 7173
f 6998 7173 7174
f 7174 7173 7175
f 7174 7175 7176
f 7176 7175 7177
f 7176 7177 7178
f 7178 7177 7179
f 7178 7179 7180
f 7180 7179 7181
f 7180 7181 6417
f 6417 7181 7010
f 6417 7010 6419
f 6790 6792 7125
f 7125 6792 6794
f 7125 6794 6796
f 6210 7094 6212
f 6212 7094 6214
f 7101 7102 7100
f 7100 7102 7103
f 7100 7103 7098
f 7098 7103 7182
f 7098 7182 7183
f 7183 7182 7104
f 7183 7104 7059
f 7059 7104 7105
f 7059 7105 7061
f 6327 7080 6329
f 6329 7080 7184
f 6329 7184 6331
f 6331 7184 7185
f 6331 7185 7186
f 7186 7185 6294
f 7186 6294 6292
f 7093 6413 6411
f 5768 5770 6200
f 6200 5770 7187
f 6200 7187 7188
f 7188 7187 6649
f 7188 6649 7189
f 7189 6649 6651
f 7189 6651 6976
f 6976 6651 6653
f 7006 7008 7179
f 7179 7008 7010
f 7179 7010 7181
f 6981 6462 6460
f 6292 6290 7186
f 7186 6290 6288
f 7186 6288 6331
f 5278 5276 7036
f 7036 5276 5274
f 7036 5274 7038
f 7038 5274 5272
f 370 7128 7049
f 7049 7128 7126
f 7049 7126 7048
f 7048 7126 7124
f 7048 7124 7046
f 7163 7164 294
f 294 7164 7165
f 294 7165 7190
f 7190 7165 7166
f 7190 7166 290
f 290 7166 7121
f 290 7121 288
f 6410 6412 6416
f 6597 6595 6846
f 6846 6595 6593
f 6846 6593 7167
f 7167 6593 6591
f 7167 6591 7168
f 6745 7024 6743
f 6636 6634 4147
f 4147 6634 6632
f 4147 6632 6630
f 6960 6958 7191
f 7191 6958 7035
f 7191 7035 7192
f 7192 7035 7037
f 7192 7037 7193
f 7193 7037 7039
f 7193 7039 7085
f 6596 7119 6594
f 6594 7119 7117
f 6594 7117 6592
f 6592 7117 6588
f 6592 6588 6590
f 7171 6822 6742
f 6742 6822 6744
f 6686 7194 7195
f 7195 7194 7196
f 7195 7196 7197
f 7197 7196 7198
f 7197 7198 7199
f 7199 7198 7200
f 7199 7200 6676
f 6676 7200 7201
f 6676 7201 6674
f 6674 7201 7160
f 6674 7160 6672
f 6672 7160 7162
f 6672 7162 6670
f 6960 7191 6962
f 6962 7191 7192
f 6962 7192 7087
f 7087 7192 7085
f 7087 7085 7086
f 7085 7192 7193
f 5772 5774 6647
f 6647 5774 5776
f 6992 7174 7202
f 7202 7174 7203
f 7202 7203 7204
f 7204 7203 7205
f 7204 7205 7206
f 7206 7205 7207
f 7206 7207 6415
f 6415 7207 7180
f 6415 7180 6417
f 7032 7030 7110
f 7110 7030 7028
f 7110 7028 7208
f 7208 7028 486
f 7208 486 485
f 6414 6416 6412
f 6459 5273 5275
f 4148 4150 7209
f 7209 4150 6790
f 7209 6790 7210
f 7210 6790 7127
f 7210 7127 7129
f 7112 7029 7031
f 7127 6790 7125
f 7155 7153 7211
f 7211 7153 7212
f 7211 7212 7213
f 7213 7212 7214
f 7213 7214 7215
f 7215 7214 7216
f 7215 7216 7217
f 7217 7216 7218
f 7217 7218 7219
f 7219 7218 7220
f 7219 7220 7221
f 7221 7220 7222
f 7221 7222 7223
f 7223 7222 7224
f 7223 7224 7225
f 7225 7224 7226
f 7225 7226 7227
f 7227 7226 7228
f 7227 7228 7229
f 7229 7228 319
f 7229 319 7230
f 7230 319 317
f 7230 317 7231
f 7231 317 315
f 7231 315 7232
f 7232 315 7233
f 7232 7233 7234
f 7234 7233 7235
f 7234 7235 7236
f 7236 7235 7237
f 7236 7237 7238
f 7238 7237 7239
f 7238 7239 7240
f 7240 7239 7241
f 7240 7241 7242
f 7242 7241 6207
f 7242 6207 7243
f 7243 6207 6209
f 7243 6209 7244
f 7244 6209 6211
f 7244 6211 7245
f 7245 6211 6213
f 7245 6213 7161
f 294 7190 292
f 292 7190 290
f 6896 6894 7246
f 7246 6894 7247
f 7246 7247 7248
f 7248 7247 7249
f 7248 7249 7250
f 7250 7249 7251
f 7250 7251 7252
f 7252 7251 7253
f 7252 7253 7254
f 7254 7253 7255
f 7254 7255 6293
f 6293 7255 6947
f 6293 6947 6291
f 6291 6947 6949
f 6415 6413 7206
f 7206 6413 7170
f 7206 7170 7204
f 7204 7170 7256
f 7204 7256 7257
f 7257 7256 6990
f 7257 6990 6992
f 7080 7079 7184
f 7184 7079 6298
f 7184 6298 7185
f 7185 6298 6296
f 7185 6296 6294
f 291 289 6871
f 6871 289 287
f 6871 287 6870
f 6870 287 285
f 6868 6867 7258
f 7258 6867 6866
f 7258 6866 7259
f 7259 6866 5773
f 7259 5773 5771
f 4145 6636 4147
f 6679 6677 6815
f 5770 5772 7187
f 7187 5772 6648
f 7187 6648 6649
f 6741 7163 6739
f 6739 7163 294
f 6739 294 296
f 7173 7172 7175
f 7175 7172 7002
f 7175 7002 7177
f 7177 7002 7004
f 7177 7004 7179
f 7179 7004 7006
f 6944 7260 6946
f 6946 7260 7116
f 6946 7116 6948
f 6948 7116 7118
f 6948 7118 6950
f 7059 356 7183
f 7183 356 358
f 7183 358 7261
f 7261 358 360
f 7261 360 7096
f 7096 360 7095
f 7095 360 362
f 6963 6965 7262
f 7262 6965 7109
f 7262 7109 6961
f 6961 7109 7107
f 6961 7107 7106
f 7205 7203 7263
f 7263 7203 7176
f 7263 7176 7264
f 7264 7176 7178
f 7264 7178 7263
f 7263 7178 7180
f 7263 7180 7265
f 7265 7180 7207
f 7265 7207 7205
f 6988 7256 6740
f 6740 7256 7170
f 6740 7170 6742
f 4142 4144 7209
f 7209 4144 4146
f 7209 4146 4148
f 7113 7169 7111
f 7111 7169 6589
f 7111 6589 7027
f 7027 6589 6585
f 7027 6585 7266
f 7266 6585 6583
f 7266 6583 472
f 6976 6206 7189
f 7189 6206 6204
f 7189 6204 7188
f 7188 6204 6202
f 7188 6202 6200
f 295 6872 297
f 297 6872 301
f 297 301 299
f 7210 7129 7209
f 7209 7129 376
f 7209 376 4142
f 6635 6637 7078
f 7078 6637 6308
f 7078 6308 6306
f 303 6869 305
f 305 6869 6868
f 305 6868 7267
f 7267 6868 7258
f 7267 7258 7259
f 5767 7267 5769
f 5769 7267 7259
f 5769 7259 5771
f 300 6737 298
f 298 6737 6739
f 298 6739 296
f 7265 7205 7263
f 485 7108 7208
f 7208 7108 7110
f 7183 7261 7098
f 7098 7261 7096
f 7103 7104 7182
f 301 6869 303
f 6298 7079 6300
f 6300 7079 7077
f 6300 7077 6302
f 6988 6740 6738
f 6458 5275 5277
f 6963 7262 6961
f 376 7129 374
f 5282 5280 6958
f 6958 5280 7035
f 7049 368 370
f 7248 7250 7268
f 7268 7250 7252
f 7268 7252 6295
f 6295 7252 7254
f 6295 7254 6293
f 6941 6943 7253
f 7253 6943 6945
f 7253 6945 7255
f 7255 6945 6947
f 6585 6589 6587
f 7229 7230 7269
f 7269 7230 7270
f 7269 7270 7271
f 7271 7270 7272
f 7271 7272 7273
f 7273 7272 7274
f 7273 7274 7227
f 7227 7274 7275
f 7227 7275 7276
f 7276 7275 7277
f 7276 7277 7278
f 7278 7277 7279
f 7278 7279 7280
f 7280 7279 7281
f 7280 7281 7282
f 7282 7281 7283
f 7282 7283 7284
f 7284 7283 7285
f 7284 7285 7286
f 7286 7285 7287
f 7286 7287 7157
f 7157 7287 7288
f 7157 7288 7159
f 7159 7288 7245
f 7159 7245 7161
f 6306 7076 7078
f 372 7128 370
f 305 7267 307
f 5767 307 7267
f 7242 7243 7289
f 7289 7243 7290
f 7289 7290 7240
f 7240 7290 7291
f 7240 7291 7283
f 7283 7291 7292
f 7283 7292 7285
f 7285 7292 7291
f 7285 7291 7287
f 7287 7291 7243
f 7287 7243 7288
f 7288 7243 7244
f 7288 7244 7245
f 7176 7203 7174
f 7204 7257 7202
f 7256 6988 6990
f 7154 7156 7201
f 7201 7156 7158
f 7201 7158 7160
f 6912 6910 7293
f 7293 6910 7294
f 7293 7294 7295
f 7295 7294 7296
f 7295 7296 388
f 388 7296 7297
f 388 7297 7298
f 7298 7297 7299
f 7298 7299 386
f 386 7299 7300
f 386 7300 384
f 384 7300 7301
f 384 7301 382
f 382 7301 6307
f 382 6307 380
f 380 6307 7302
f 380 7302 378
f 378 7302 7303
f 378 7303 4143
f 4143 7303 6309
f 6309 7303 6307
f 6995 6993 334
f 334 6993 6991
f 334 6991 332
f 332 6991 6989
f 332 6989 330
f 330 6989 6987
f 330 6987 7304
f 7304 6987 7305
f 7304 7305 7306
f 7306 7305 302
f 7306 302 304
f 304 306 7306
f 7306 306 308
f 7306 308 326
f 326 308 310
f 326 310 312
f 7000 7002 7172
f 6686 7195 7307
f 7307 7195 7197
f 7307 7197 7308
f 7308 7197 7309
f 7308 7309 6681
f 6681 7309 7310
f 6681 7310 6680
f 6680 7310 6678
f 7309 7199 7310
f 7310 7199 6676
f 7310 6676 6678
f 6987 6986 7305
f 7305 6986 302
f 5768 6201 5766
f 5766 6201 7237
f 5766 7237 7235
f 6207 7241 6205
f 6205 7241 7239
f 6205 7239 6203
f 6203 7239 6201
f 403 401 7311
f 7311 401 399
f 7311 399 7312
f 7312 399 7313
f 7312 7313 7314
f 7314 7313 7315
f 7314 7315 7316
f 7316 7315 7317
f 7316 7317 7318
f 7318 7317 7319
f 7318 7319 7320
f 7320 7319 7321
f 7320 7321 7322
f 7322 7321 369
f 7322 369 7323
f 7323 369 367
f 7323 367 7324
f 7324 367 365
f 7324 365 363
f 363 361 7324
f 7324 361 7325
f 7324 7325 7326
f 7326 7325 7327
f 7326 7327 7328
f 7328 7327 7329
f 7328 7329 7330
f 7330 7329 7331
f 7330 7331 7332
f 7332 7331 7333
f 7332 7333 7334
f 7334 7333 7335
f 7334 7335 7336
f 7336 7335 7314
f 7336 7314 7316
f 7202 7257 6992
f 6936 7337 6938
f 6938 7337 7338
f 6938 7338 7339
f 7339 7338 7340
f 7339 7340 7341
f 7341 7340 7342
f 7341 7342 7343
f 7343 7342 7344
f 7343 7344 7345
f 7345 7344 7346
f 7345 7346 7260
f 7260 7346 7115
f 7260 7115 7116
f 7237 6201 7239
f 6902 6900 7347
f 7347 6900 6898
f 7347 6898 7348
f 7348 6898 7246
f 7348 7246 7349
f 7349 7246 7248
f 7349 7248 7350
f 7350 7248 7268
f 7350 7268 6297
f 6297 7268 6295
f 472 474 7266
f 7266 474 7026
f 7266 7026 7027
f 6992 6994 7174
f 7174 6994 6996
f 7174 6996 6998
f 5283 7351 5281
f 5281 7351 6685
f 5281 6685 5279
f 5279 6685 6683
f 5279 6683 5277
f 7302 6307 7303
f 7311 7312 7352
f 7352 7312 7353
f 7352 7353 7354
f 7354 7353 7355
f 7354 7355 7356
f 7356 7355 7333
f 7356 7333 7357
f 7357 7333 7331
f 7357 7331 7358
f 7358 7331 7329
f 7358 7329 353
f 353 7329 7327
f 353 7327 355
f 355 7327 7325
f 355 7325 357
f 357 7325 361
f 357 361 359
f 5294 5292 7359
f 7359 5292 5290
f 7359 5290 7360
f 7360 5290 5288
f 7360 5288 7361
f 7361 5288 5286
f 7361 5286 7362
f 7362 5286 7363
f 7362 7363 7364
f 7364 7363 6959
f 7364 6959 481
f 481 6959 483
f 391 389 7365
f 7365 389 387
f 7365 387 7366
f 7366 387 385
f 7366 385 375
f 375 385 379
f 375 379 377
f 6306 6304 6302
f 7290 7243 7291
f 6297 6299 7350
f 7350 6299 6301
f 7350 6301 7367
f 7367 6301 7368
f 7367 7368 7369
f 7369 7368 7370
f 7369 7370 7371
f 7371 7370 7372
f 7371 7372 7373
f 7373 7372 7374
f 7373 7374 7375
f 7375 7374 6908
f 7375 6908 6906
f 397 395 7313
f 7313 395 7376
f 7313 7376 7315
f 7315 7376 7377
f 7315 7377 7317
f 7317 7377 7365
f 7317 7365 7378
f 7378 7365 7366
f 7378 7366 7379
f 7379 7366 373
f 7379 373 371
f 371 369 7379
f 7379 369 7321
f 7379 7321 7378
f 7378 7321 7319
f 7378 7319 7317
f 6997 7069 6999
f 6999 7069 7001
f 5766 7235 309
f 309 7235 7233
f 309 7233 311
f 311 7233 315
f 311 315 313
f 7289 7240 7242
f 7150 7152 7200
f 7200 7152 7154
f 7200 7154 7201
f 468 470 7344
f 7344 470 6582
f 7344 6582 7346
f 7346 6582 6584
f 7346 6584 7115
f 330 7304 328
f 328 7304 7306
f 328 7306 326
f 7372 7370 7380
f 7380 7370 6305
f 7380 6305 7301
f 7301 6305 6307
f 383 381 385
f 385 381 379
f 5286 5284 7363
f 7363 5284 5282
f 7363 5282 6959
f 7343 7345 6942
f 6942 7345 7260
f 6942 7260 6944
f 7157 7155 7286
f 7286 7155 7381
f 7286 7381 7284
f 7284 7381 7382
f 7284 7382 7282
f 7282 7382 7213
f 7282 7213 7383
f 7383 7213 7215
f 7383 7215 7384
f 7384 7215 7217
f 7384 7217 7385
f 7385 7217 7386
f 7385 7386 7387
f 7387 7386 7276
f 7387 7276 7278
f 6686 7307 6684
f 6684 7307 7308
f 6684 7308 6682
f 6682 7308 6681
f 373 7366 375
f 7322 7323 7328
f 7328 7323 7324
f 7328 7324 7326
f 6305 7370 6303
f 6303 7370 7368
f 6303 7368 6301
f 7364 481 7362
f 7362 481 479
f 7362 479 7388
f 7388 479 477
f 7388 477 475
f 6894 6892 7247
f 7247 6892 6937
f 7247 6937 7249
f 7249 6937 7389
f 7249 7389 7251
f 7251 7389 7253
f 6937 6939 7389
f 7389 6939 6941
f 7389 6941 7253
f 323 7390 324
f 324 7390 331
f 324 331 325
f 325 331 329
f 325 329 327
f 7275 7274 7277
f 7277 7274 7272
f 7277 7272 7279
f 7279 7272 7391
f 7279 7391 7281
f 7281 7391 7236
f 7281 7236 7392
f 7392 7236 7238
f 7392 7238 7240
f 7240 7283 7392
f 340 7393 338
f 338 7393 7066
f 338 7066 7394
f 7394 7066 6997
f 7394 6997 6995
f 474 476 487
f 487 476 478
f 487 478 480
f 7199 7309 7197
f 7135 7133 7395
f 7395 7133 7396
f 7395 7396 7397
f 7397 7396 7398
f 7397 7398 7399
f 7399 7398 7400
f 7399 7400 7401
f 7401 7400 7402
f 7401 7402 7403
f 7403 7402 7404
f 7403 7404 7405
f 7405 7404 7406
f 7405 7406 7407
f 7407 7406 7408
f 7407 7408 7409
f 7409 7408 7410
f 7409 7410 7411
f 7411 7410 7412
f 7411 7412 7222
f 7222 7412 7413
f 7222 7413 7224
f 7224 7413 7414
f 7224 7414 7415
f 7415 7414 7416
f 7415 7416 7417
f 7417 7416 7418
f 7417 7418 7419
f 7419 7418 7420
f 7419 7420 7226
f 7226 7420 7421
f 7226 7421 7422
f 7422 7421 7423
f 7422 7423 7424
f 7424 7423 7425
f 7424 7425 319
f 319 7425 7426
f 319 7426 321
f 321 7426 7427
f 321 7427 7390
f 7390 7427 333
f 7390 333 331
f 7301 7300 7380
f 7380 7300 7299
f 7380 7299 7428
f 7428 7299 7429
f 7428 7429 7430
f 7430 7429 7374
f 7430 7374 7372
f 338 7394 336
f 336 7394 6995
f 336 6995 334
f 6685 7351 6687
f 6687 7351 5285
f 6687 5285 7431
f 7431 5285 5287
f 7431 5287 7432
f 7432 5287 5289
f 7432 5289 7433
f 7433 5289 7434
f 7433 7434 7435
f 7435 7434 6701
f 7435 6701 6699
f 7230 7231 7270
f 7270 7231 7436
f 7270 7436 7391
f 7391 7436 7234
f 7391 7234 7236
f 7349 7350 7437
f 7437 7350 7367
f 7437 7367 7438
f 7438 7367 7371
f 7438 7371 7439
f 7439 7371 7373
f 7439 7373 6902
f 6902 7373 7375
f 6902 7375 6904
f 6904 7375 6906
f 352 354 350
f 350 354 7058
f 350 7058 7062
f 7062 7058 7060
f 6938 7339 6940
f 6940 7339 7341
f 6940 7341 7440
f 7440 7341 7343
f 7440 7343 6942
f 6940 7440 6942
f 7420 7441 7423
f 7423 7441 7442
f 7423 7442 7443
f 7443 7442 337
f 7443 337 7427
f 7427 337 335
f 7427 335 333
f 7140 7444 6692
f 6692 7444 7144
f 6692 7144 7445
f 7445 7144 7146
f 7445 7146 7196
f 7196 7146 7148
f 7196 7148 7198
f 7198 7148 7150
f 7198 7150 7200
f 7351 5283 5285
f 7231 7232 7436
f 7436 7232 7234
f 7381 7155 7382
f 7382 7155 7211
f 7382 7211 7213
f 7281 7392 7283
f 7390 323 321
f 7369 7371 7367
f 322 314 320
f 320 314 316
f 320 316 318
f 7380 7428 7372
f 7318 7320 7332
f 7332 7320 7322
f 7332 7322 7330
f 7330 7322 7328
f 346 348 7446
f 7446 348 7062
f 7446 7062 7447
f 7447 7062 7448
f 7447 7448 7449
f 7449 7448 7064
f 7449 7064 7450
f 7450 7064 7066
f 7450 7066 7393
f 7448 7062 7451
f 7451 7062 7064
f 7451 7064 7448
f 7372 7428 7430
f 348 350 7062
f 7298 386 388
f 5294 7359 7452
f 7452 7359 7360
f 7452 7360 7388
f 7388 7360 7361
f 7388 7361 7362
f 7270 7391 7272
f 340 342 7393
f 7393 342 344
f 7393 344 7450
f 7450 344 7453
f 7450 7453 7449
f 7449 7453 7446
f 7449 7446 7447
f 7427 7426 7443
f 7443 7426 7425
f 7443 7425 7423
f 7299 7297 7429
f 7429 7297 7296
f 7429 7296 7294
f 6902 7347 7439
f 7439 7347 7437
f 7439 7437 7438
f 7212 7153 7454
f 7454 7153 7151
f 7454 7151 7455
f 7455 7151 7456
f 7455 7456 7214
f 7214 7456 7457
f 7214 7457 7458
f 7458 7457 7459
f 7458 7459 7460
f 7460 7459 7461
f 7460 7461 7462
f 7462 7461 7463
f 7462 7463 7464
f 7464 7463 7465
f 7464 7465 7466
f 7466 7465 7143
f 7466 7143 7141
f 7347 7348 7437
f 7437 7348 7349
f 6692 7445 6690
f 6690 7445 7194
f 6690 7194 6688
f 6688 7194 6686
f 7387 7278 7384
f 7384 7278 7280
f 7384 7280 7383
f 7383 7280 7282
f 409 407 7467
f 7467 407 7468
f 7467 7468 7469
f 7469 7468 7470
f 7469 7470 7471
f 7471 7470 7352
f 7471 7352 7472
f 7472 7352 7354
f 7472 7354 7473
f 7473 7354 7356
f 7473 7356 7474
f 7474 7356 7357
f 7474 7357 7475
f 7475 7357 7358
f 7475 7358 351
f 351 7358 353
f 7471 7476 7477
f 7477 7476 7478
f 7477 7478 7479
f 7479 7478 7480
f 7479 7480 7481
f 7481 7480 7482
f 7481 7482 7483
f 7483 7482 7484
f 7483 7484 7485
f 7485 7484 7486
f 7485 7486 7487
f 7487 7486 7488
f 7487 7488 7418
f 7418 7488 7489
f 7418 7489 7441
f 7441 7489 341
f 7441 341 7442
f 7442 341 339
f 7442 339 337
f 395 393 7376
f 7376 393 391
f 7376 391 7377
f 7377 391 7365
f 7226 7422 7228
f 7228 7422 7424
f 7228 7424 319
f 493 565 7490
f 7490 565 7491
f 7490 7491 7492
f 7492 7491 7493
f 7492 7493 7494
f 7494 7493 7495
f 7494 7495 7496
f 7496 7495 7497
f 7496 7497 7498
f 7498 7497 7499
f 7498 7499 7500
f 7500 7499 7501
f 7500 7501 7502
f 7502 7501 7503
f 7502 7503 7504
f 7504 7503 7505
f 7504 7505 7506
f 7506 7505 7507
f 7506 7507 6932
f 6932 7507 7508
f 6932 7508 7509
f 7509 7508 7510
f 7509 7510 7511
f 7511 7510 7512
f 7511 7512 7513
f 7513 7512 7514
f 7513 7514 7515
f 7515 7514 7516
f 7515 7516 7517
f 7517 7516 7518
f 7517 7518 7340
f 7340 7518 7519
f 7340 7519 7342
f 7342 7519 468
f 7342 468 7344
f 7452 7388 7520
f 7520 7388 475
f 7520 475 7521
f 7521 475 473
f 7521 473 7522
f 7522 473 7523
f 7522 7523 7524
f 7524 7523 7525
f 7524 7525 7526
f 7526 7525 7527
f 7526 7527 7528
f 7528 7527 7529
f 7528 7529 7530
f 7530 7529 5302
f 7530 5302 7531
f 7531 5302 5300
f 7531 5300 7532
f 7532 5300 5298
f 7532 5298 5296
f 344 346 7453
f 7453 346 7446
f 7527 7525 471
f 471 7525 7523
f 471 7523 473
f 6699 6697 7435
f 7435 6697 6695
f 7435 6695 7433
f 7433 6695 7533
f 7433 7533 7534
f 7534 7533 6689
f 7534 6689 7431
f 7431 6689 6687
f 7229 7269 7227
f 7227 7269 7271
f 7227 7271 7273
f 7374 7429 6908
f 6908 7429 7294
f 6908 7294 6910
f 6914 6912 390
f 390 6912 7293
f 390 7293 388
f 388 7293 7295
f 7455 7214 7454
f 7454 7214 7212
f 7482 7480 7535
f 7535 7480 7536
f 7535 7536 7537
f 7537 7536 7538
f 7537 7538 7539
f 7539 7538 7540
f 7539 7540 7541
f 7541 7540 349
f 7541 349 7542
f 7542 349 347
f 7542 347 345
f 7520 7521 7452
f 7452 7521 7522
f 7452 7522 7524
f 7332 7334 7318
f 7318 7334 7336
f 7318 7336 7316
f 7196 7194 7445
f 7535 7537 7543
f 7543 7537 7539
f 7543 7539 7544
f 7544 7539 7541
f 7544 7541 7545
f 7545 7541 7542
f 7545 7542 7546
f 7546 7542 345
f 7546 345 343
f 465 5302 467
f 467 5302 7529
f 467 7529 469
f 469 7529 7527
f 469 7527 471
f 7456 7151 7547
f 7547 7151 7149
f 7547 7149 7548
f 7548 7149 7147
f 7548 7147 7145
f 7536 7549 7550
f 7550 7549 7473
f 7550 7473 7551
f 7551 7473 7474
f 7551 7474 7538
f 7538 7474 7475
f 7538 7475 7540
f 7540 7475 351
f 7540 351 349
f 7433 7534 7432
f 7432 7534 7431
f 6898 6896 7246
f 7387 7384 7385
f 7219 7221 7386
f 7386 7221 7223
f 7386 7223 7276
f 7276 7223 7225
f 7276 7225 7227
f 7507 7505 7552
f 7552 7505 7553
f 7552 7553 7554
f 7554 7553 7555
f 7554 7555 7556
f 7556 7555 7557
f 7556 7557 7558
f 7558 7557 7559
f 7558 7559 7514
f 7514 7559 7560
f 7514 7560 7516
f 7516 7560 464
f 7516 464 7561
f 7561 464 466
f 7561 466 7519
f 7519 466 468
f 7423 7421 7420
f 7545 7546 7562
f 7562 7546 343
f 7562 343 7563
f 7563 343 341
f 7563 341 7489
f 7532 5296 7564
f 7564 5296 5294
f 7564 5294 7524
f 7524 5294 7452
f 7405 7565 7566
f 7566 7565 7567
f 7566 7567 7460
f 7460 7567 7568
f 7460 7568 7458
f 7458 7568 7216
f 7458 7216 7214
f 7456 7547 7457
f 7457 7547 7569
f 7457 7569 7459
f 7459 7569 7547
f 7459 7547 7548
f 6899 6901 7570
f 7570 6901 7571
f 7570 7571 7572
f 7572 7571 6903
f 7572 6903 7573
f 7573 6903 6905
f 7573 6905 6907
f 6919 6921 7574
f 7574 6921 7575
f 7574 7575 7576
f 7576 7575 7573
f 7576 7573 6909
f 6909 7573 6907
f 7441 7420 7418
f 7386 7217 7219
f 7489 7488 7563
f 7563 7488 7486
f 7563 7486 7562
f 7562 7486 7577
f 7562 7577 7545
f 7545 7577 7544
f 6901 6903 7571
f 7312 7314 7353
f 7353 7314 7335
f 7353 7335 7355
f 7355 7335 7333
f 7417 7419 7415
f 7415 7419 7226
f 7415 7226 7224
f 390 392 6914
f 6932 7509 6934
f 6934 7509 7578
f 6934 7578 6935
f 6935 7578 7337
f 6935 7337 6936
f 7578 7511 7337
f 7337 7511 7513
f 7337 7513 7338
f 7338 7513 7517
f 7338 7517 7340
f 6909 6911 7576
f 7576 6911 6913
f 7576 6913 6915
f 7524 7526 7564
f 7564 7526 7528
f 7564 7528 7530
f 6695 6693 7533
f 7533 6693 6691
f 7533 6691 6689
f 7484 7482 7577
f 7577 7482 7543
f 7577 7543 7544
f 7145 7463 7548
f 7548 7463 7461
f 7548 7461 7459
f 6927 6929 7579
f 7579 6929 6931
f 7579 6931 7580
f 7580 6931 7581
f 7580 7581 7582
f 7582 7581 6897
f 7582 6897 7583
f 7583 6897 7584
f 7583 7584 7585
f 7585 7584 7570
f 7585 7570 7586
f 7586 7570 7587
f 7586 7587 6923
f 6923 7587 7572
f 6923 7572 7575
f 7575 7572 7573
f 7550 7551 7536
f 7536 7551 7538
f 7218 7216 7588
f 7588 7216 7568
f 7588 7568 7589
f 7589 7568 7567
f 7589 7567 7409
f 7409 7567 7590
f 7409 7590 7407
f 7407 7590 7565
f 7407 7565 7405
f 6897 6899 7584
f 7570 7584 6899
f 7483 7485 415
f 415 7485 7591
f 415 7591 417
f 417 7591 7592
f 417 7592 7593
f 7593 7592 7594
f 7593 7594 7595
f 7595 7594 7596
f 7595 7596 7597
f 7597 7596 7598
f 7597 7598 7416
f 7416 7598 7487
f 7416 7487 7418
f 7519 7518 7561
f 6701 7434 6703
f 6703 7434 5289
f 6703 5289 5291
f 6897 7581 6895
f 6895 7581 6933
f 6895 6933 6893
f 6893 6933 6891
f 7220 7218 7599
f 7599 7218 7588
f 7599 7588 7411
f 7411 7588 7589
f 7411 7589 7409
f 7577 7486 7484
f 7543 7482 7535
f 7145 7143 7463
f 7411 7222 7599
f 7599 7222 7220
f 7530 7531 7564
f 7531 7532 7564
f 7140 7142 7444
f 7444 7142 7144
f 7576 6915 7574
f 7574 6915 6916
f 7574 6916 6917
f 7570 7572 7587
f 431 429 7398
f 7398 429 427
f 7398 427 7600
f 7600 427 7601
f 7600 7601 7406
f 7406 7601 7602
f 7406 7602 7408
f 7408 7602 7603
f 7408 7603 7410
f 7410 7603 7604
f 7410 7604 7412
f 7412 7604 7595
f 7412 7595 7413
f 7413 7595 7597
f 7413 7597 7414
f 7414 7597 7416
f 6923 6925 7605
f 7605 6925 6927
f 7605 6927 7585
f 7585 6927 7582
f 7585 7582 7583
f 7485 7487 7606
f 7606 7487 7598
f 7606 7598 7592
f 7592 7598 7596
f 7592 7596 7594
f 7130 7136 7607
f 7607 7136 7608
f 7607 7608 6694
f 6694 7608 7140
f 6694 7140 6692
f 7516 7561 7518
f 7513 7515 7517
f 7460 7462 7566
f 7566 7462 7464
f 7566 7464 7403
f 7403 7464 7466
f 7403 7466 7609
f 7609 7466 7141
f 7609 7141 7139
f 7471 7472 7476
f 7476 7472 7473
f 7476 7473 7478
f 7478 7473 7549
f 7478 7549 7480
f 7480 7549 7536
f 7509 7511 7578
f 7143 7465 7463
f 6923 7575 6921
f 7313 399 397
f 6919 7574 6917
f 7582 6927 7580
f 404 7610 7611
f 7611 7610 7612
f 7611 7612 7613
f 7613 7612 7614
f 7613 7614 7615
f 7615 7614 7616
f 7615 7616 7617
f 7617 7616 7618
f 7617 7618 7619
f 7619 7618 7620
f 7619 7620 7621
f 7621 7620 7622
f 7621 7622 7623
f 7623 7622 6920
f 7623 6920 7624
f 7624 6920 6918
f 7624 6918 7625
f 7625 6918 394
f 7625 394 396
f 6923 7605 7586
f 7586 7605 7585
f 7581 6931 6933
f 6704 5293 7626
f 7626 5293 5295
f 7626 5295 7627
f 7627 5295 5297
f 7627 5297 7628
f 7628 5297 7629
f 7628 7629 7630
f 7630 7629 7631
f 7630 7631 7632
f 7632 7631 7633
f 7632 7633 7634
f 7634 7633 7635
f 7634 7635 457
f 457 7635 459
f 7485 7606 7591
f 7591 7606 7592
f 459 7633 461
f 461 7633 7636
f 461 7636 463
f 463 7636 5301
f 463 5301 5303
f 7590 7567 7565
f 7593 7595 7637
f 7637 7595 7604
f 7637 7604 421
f 421 7604 7603
f 421 7603 423
f 423 7603 7602
f 423 7602 425
f 425 7602 7601
f 425 7601 427
f 409 7477 411
f 411 7477 7479
f 411 7479 413
f 413 7479 7481
f 413 7481 7483
f 415 413 7483
f 7405 7566 7403
f 6927 7579 7580
f 405 403 7470
f 7470 403 7311
f 7470 7311 7352
f 570 7638 7639
f 7639 7638 7640
f 7639 7640 7641
f 7641 7640 7642
f 7641 7642 7643
f 7643 7642 7644
f 7643 7644 7645
f 7645 7644 7646
f 7645 7646 566
f 566 7646 7647
f 566 7647 7648
f 7648 7647 7649
f 7648 7649 7650
f 7650 7649 458
f 7650 458 7651
f 7651 458 7652
f 7651 7652 7653
f 7653 7652 7654
f 7653 7654 7560
f 7560 7654 462
f 7560 462 464
f 7633 7631 7636
f 7636 7631 7629
f 7636 7629 7655
f 7655 7629 5299
f 7655 5299 5301
f 7636 7655 5301
f 7615 7617 7656
f 7656 7617 7657
f 7656 7657 398
f 398 7657 7658
f 398 7658 396
f 396 7658 7659
f 396 7659 7625
f 7625 7659 7623
f 7625 7623 7624
f 6702 6704 7660
f 7660 6704 7626
f 7660 7626 7661
f 7661 7626 7627
f 7661 7627 7662
f 7662 7627 7628
f 7662 7628 7663
f 7663 7628 7632
f 7663 7632 7634
f 7136 7138 7608
f 7608 7138 7140
f 5297 5299 7629
f 443 441 6698
f 6698 441 7607
f 6698 7607 6696
f 6696 7607 6694
f 421 419 7637
f 7637 419 417
f 7637 417 7593
f 7139 7395 7609
f 7609 7395 7401
f 7609 7401 7403
f 7558 7514 7664
f 7664 7514 7512
f 7664 7512 7665
f 7665 7512 7510
f 7665 7510 7508
f 7490 7492 7666
f 7666 7492 7667
f 7666 7667 7668
f 7668 7667 7669
f 7668 7669 7620
f 7620 7669 7670
f 7620 7670 7671
f 7671 7670 7672
f 7671 7672 7673
f 7673 7672 7674
f 7673 7674 6926
f 6926 7674 7675
f 6926 7675 6928
f 6928 7675 7506
f 6928 7506 6930
f 6930 7506 6932
f 7469 7471 7676
f 7676 7471 7477
f 7676 7477 7467
f 7467 7477 409
f 7556 7664 7554
f 7554 7664 7665
f 7554 7665 7552
f 7552 7665 7508
f 7552 7508 7507
f 7620 7671 7622
f 7622 7671 6922
f 7622 6922 6920
f 404 7611 402
f 402 7611 7613
f 402 7613 400
f 400 7613 7656
f 400 7656 398
f 7470 7468 405
f 7623 7659 7621
f 7621 7659 7658
f 7621 7658 7619
f 7619 7658 7657
f 7619 7657 7617
f 6700 6702 7677
f 7677 6702 7660
f 7677 7660 7678
f 7678 7660 7661
f 7678 7661 449
f 449 7661 7662
f 449 7662 451
f 451 7662 7663
f 451 7663 7634
f 7139 7137 7395
f 6926 6924 7673
f 7673 6924 6922
f 7673 6922 7671
f 7676 7467 7469
f 7600 7406 7400
f 7400 7406 7404
f 7400 7404 7402
f 462 7654 460
f 460 7654 7652
f 460 7652 458
f 617 615 7679
f 7679 615 7680
f 7679 7680 7681
f 7681 7680 7682
f 7681 7682 7683
f 7683 7682 494
f 7683 494 7684
f 7684 494 7685
f 7684 7685 7686
f 7686 7685 498
f 7686 498 7687
f 7687 498 500
f 7687 500 7688
f 7688 500 7689
f 7688 7689 7690
f 7690 7689 7691
f 7690 7691 7692
f 7692 7691 414
f 7692 414 416
f 416 418 7692
f 7692 418 7693
f 7692 7693 7694
f 7694 7693 422
f 7694 422 424
f 510 512 7695
f 7695 512 7696
f 7695 7696 7697
f 7697 7696 7698
f 7697 7698 7699
f 7699 7698 7700
f 7699 7700 7557
f 7557 7700 7653
f 7557 7653 7559
f 7559 7653 7560
f 500 408 7689
f 7689 408 410
f 7689 410 7701
f 7701 410 412
f 7701 412 7691
f 7691 412 414
f 7630 7632 7628
f 7137 7135 7395
f 7399 7401 7397
f 7397 7401 7395
f 7468 407 405
f 7502 7504 7702
f 7702 7504 7506
f 7702 7506 7703
f 7703 7506 7675
f 7703 7675 7674
f 7558 7664 7556
f 418 420 7693
f 420 422 7693
f 443 6700 445
f 445 6700 7677
f 445 7677 7678
f 443 6698 6700
f 7656 7613 7615
f 7600 7400 7398
f 7130 7132 7136
f 7136 7132 7134
f 7702 7703 7502
f 7502 7703 7674
f 7502 7674 7500
f 7500 7674 7672
f 7500 7672 7498
f 7498 7672 7670
f 7498 7670 7496
f 7496 7670 7669
f 7496 7669 7704
f 7704 7669 7667
f 7704 7667 7492
f 439 7130 441
f 441 7130 7607
f 7679 7705 7706
f 7706 7705 7707
f 7706 7707 7708
f 7708 7707 7709
f 7708 7709 7710
f 7710 7709 7711
f 7710 7711 7712
f 7712 7711 7713
f 7712 7713 7714
f 7714 7713 7715
f 7714 7715 7716
f 7716 7715 7717
f 7716 7717 7718
f 7718 7717 7719
f 7718 7719 7720
f 7720 7719 7721
f 7720 7721 7722
f 7722 7721 7723
f 7722 7723 7724
f 7724 7723 7725
f 7724 7725 7694
f 7694 7725 7690
f 7694 7690 7692
f 7635 7633 459
f 404 406 7610
f 7610 406 501
f 7610 501 499
f 449 447 7678
f 7678 447 445
f 7718 7720 428
f 428 7720 7726
f 428 7726 426
f 426 7726 7722
f 426 7722 424
f 424 7722 7724
f 424 7724 7694
f 7505 7503 7727
f 7727 7503 7501
f 7727 7501 7728
f 7728 7501 7729
f 7728 7729 7553
f 7553 7729 7730
f 7553 7730 7555
f 7555 7730 7731
f 7555 7731 7732
f 7732 7731 7733
f 7732 7733 7734
f 7734 7733 7735
f 7734 7735 7736
f 7736 7735 7737
f 7736 7737 7738
f 7738 7737 7735
f 7738 7735 7739
f 7739 7735 7733
f 7739 7733 7740
f 7740 7733 7731
f 7740 7731 7730
f 7728 7553 7727
f 7727 7553 7505
f 7701 7691 7689
f 7686 7687 7741
f 7741 7687 7688
f 7741 7688 7742
f 7742 7688 7690
f 7742 7690 7723
f 7723 7690 7725
f 431 7398 433
f 433 7398 7396
f 433 7396 7743
f 7743 7396 7133
f 7743 7133 437
f 437 7133 7131
f 499 497 7744
f 7744 497 7745
f 7744 7745 7746
f 7746 7745 7666
f 7746 7666 7618
f 7618 7666 7668
f 7618 7668 7620
f 7616 7614 7744
f 7744 7614 7612
f 7744 7612 499
f 499 7612 7610
f 7722 7726 7720
f 512 589 7696
f 7696 589 7747
f 7696 7747 7698
f 7698 7747 7748
f 7698 7748 7700
f 7700 7748 7651
f 7700 7651 7653
f 7723 7721 7742
f 7742 7721 7719
f 7742 7719 7741
f 7741 7719 7717
f 7741 7717 7715
f 7695 7697 7749
f 7749 7697 7750
f 7749 7750 7736
f 7736 7750 7751
f 7736 7751 7734
f 7734 7751 7697
f 7734 7697 7732
f 7732 7697 7699
f 7732 7699 7555
f 7555 7699 7557
f 457 455 7634
f 7634 455 453
f 7634 453 451
f 7618 7616 7746
f 7616 7744 7746
f 7712 7752 7753
f 7753 7752 7754
f 7753 7754 430
f 430 7754 7718
f 430 7718 428
f 7729 7501 7755
f 7755 7501 7499
f 7755 7499 7756
f 7756 7499 7497
f 7756 7497 7757
f 7757 7497 7495
f 7757 7495 7758
f 7758 7495 7493
f 7758 7493 7759
f 7759 7493 504
f 7759 504 506
f 433 7743 435
f 435 7743 437
f 600 602 448
f 448 602 604
f 448 604 446
f 446 604 444
f 594 596 7640
f 7640 596 7760
f 7640 7760 7761
f 7761 7760 454
f 7761 454 7762
f 7762 454 456
f 7762 456 7763
f 7763 456 458
f 7763 458 7649
f 589 587 7747
f 7747 587 7648
f 7747 7648 7748
f 7748 7648 7650
f 7748 7650 7651
f 7492 7494 7704
f 7704 7494 7496
f 7739 7740 7755
f 7755 7740 7730
f 7755 7730 7729
f 7752 7714 7754
f 7754 7714 7716
f 7754 7716 7718
f 7753 430 7764
f 7764 430 432
f 7764 432 7765
f 7765 432 7766
f 7765 7766 7767
f 7767 7766 7768
f 7767 7768 7769
f 7769 7768 7770
f 7769 7770 7771
f 7771 7770 7772
f 7771 7772 7773
f 7773 7772 7774
f 7773 7774 436
f 436 7774 7766
f 436 7766 434
f 434 7766 432
f 436 438 7773
f 7773 438 440
f 7773 440 7775
f 7775 440 442
f 7775 442 7776
f 7776 442 605
f 7776 605 7777
f 7777 605 603
f 7777 603 7778
f 7778 603 7779
f 7778 7779 7780
f 7780 7779 7781
f 7780 7781 7782
f 7782 7781 7783
f 7782 7783 7784
f 7784 7783 7785
f 7784 7785 625
f 625 7785 7786
f 625 7786 7787
f 7787 7786 7788
f 7787 7788 629
f 629 7788 631
f 454 7760 452
f 452 7760 7789
f 452 7789 450
f 450 7789 448
f 7686 7741 7790
f 7790 7741 7715
f 7790 7715 7684
f 7684 7715 7713
f 7684 7713 7681
f 7681 7713 7705
f 7681 7705 7679
f 7760 598 7789
f 7789 598 600
f 7789 600 448
f 498 7685 496
f 7695 7749 7791
f 7791 7749 7736
f 7791 7736 508
f 508 7736 7738
f 508 7738 506
f 506 7738 7792
f 506 7792 7793
f 7793 7792 7755
f 7793 7755 7794
f 7794 7755 7756
f 7794 7756 7759
f 7759 7756 7758
f 7755 7792 7739
f 7757 7758 7756
f 7490 7666 7795
f 7795 7666 7745
f 7795 7745 495
f 495 7745 497
f 617 7679 7796
f 7796 7679 7706
f 7796 7706 7797
f 7797 7706 7708
f 7797 7708 7765
f 7765 7708 7710
f 7765 7710 7764
f 7764 7710 7712
f 7764 7712 7753
f 623 621 7798
f 7798 621 7799
f 7798 7799 7800
f 7800 7799 7801
f 7800 7801 7802
f 7802 7801 7803
f 7802 7803 7778
f 7778 7803 7804
f 7778 7804 7777
f 7777 7804 7805
f 7777 7805 7775
f 7775 7805 7771
f 7775 7771 7773
f 7684 7686 7790
f 7752 7712 7714
f 7761 7762 7806
f 7806 7762 7807
f 7806 7807 7646
f 7646 7807 7763
f 7646 7763 7647
f 7647 7763 7649
f 7775 7776 7777
f 7766 7774 7768
f 7768 7774 7772
f 7768 7772 7770
f 7763 7807 7762
f 7794 7759 7793
f 7771 7805 7769
f 7769 7805 7804
f 7769 7804 7808
f 7808 7804 7803
f 7808 7803 7801
f 7792 7738 7739
f 496 7685 494
f 7759 506 7793
f 7490 7795 493
f 493 7795 495
f 565 502 7491
f 7491 502 504
f 7491 504 7493
f 7751 7750 7697
f 7797 7765 7809
f 7809 7765 7767
f 7809 7767 7810
f 7810 7767 7799
f 7810 7799 7796
f 7796 7799 619
f 7796 619 617
f 7681 7683 7684
f 7707 7705 7709
f 7709 7705 7713
f 7709 7713 7711
f 7760 596 598
f 566 7648 587
f 494 7682 492
f 492 7682 7811
f 492 7811 490
f 490 7811 613
f 490 613 611
f 7640 7761 7642
f 7642 7761 7806
f 7642 7806 7644
f 7644 7806 7646
f 595 7812 597
f 597 7812 7813
f 597 7813 599
f 599 7813 7814
f 599 7814 601
f 601 7814 7779
f 601 7779 603
f 7801 7799 7808
f 7808 7799 7767
f 7808 7767 7769
f 7797 7809 7796
f 7796 7809 7810
f 7695 7791 510
f 510 7791 508
f 623 7798 7784
f 7784 7798 7800
f 7784 7800 7815
f 7815 7800 7816
f 7815 7816 7780
f 7780 7816 7802
f 7780 7802 7778
f 7639 7643 568
f 568 7643 7645
f 568 7645 566
f 615 613 7680
f 7680 613 7811
f 7680 7811 7682
f 7816 7800 7802
f 7643 7639 7641
f 589 512 514
f 7788 7783 7814
f 7814 7783 7781
f 7814 7781 7779
f 658 659 657
f 657 659 662
f 657 662 505
f 505 662 507
f 619 7799 621
f 657 505 656
f 656 505 503
f 656 503 488
f 570 572 7638
f 7638 572 594
f 7638 594 7640
f 513 511 515
f 515 511 509
f 515 509 7817
f 7817 509 663
f 7817 663 517
f 517 663 661
f 517 661 638
f 568 570 7639
f 7784 7815 7782
f 7782 7815 7780
f 595 633 7812
f 7812 633 7818
f 7812 7818 7813
f 7813 7818 7814
f 633 631 7818
f 7818 631 7788
f 7818 7788 7814
f 610 612 667
f 667 612 614
f 667 614 671
f 671 614 616
f 671 616 620
f 620 616 618
f 660 662 659
f 588 590 592
f 592 590 520
f 592 520 522
f 515 7817 517
f 569 573 571
f 623 7784 625
f 516 518 590
f 518 520 590
f 7785 7783 7786
f 7788 7786 7783
f 592 522 591
f 591 522 524
f 591 524 7819
f 7819 524 526
f 7819 526 528
f 702 699 7820
f 7820 699 7821
f 7820 7821 7822
f 7822 7821 699
f 7822 699 7823
f 7823 699 700
f 7823 700 7824
f 7824 700 577
f 7824 577 7819
f 7819 577 593
f 7819 593 591
f 593 577 575
f 644 7825 7826
f 7826 7825 523
f 7826 523 7827
f 7827 523 521
f 7827 521 642
f 642 521 519
f 642 519 640
f 640 519 517
f 640 517 638
f 667 671 669
f 706 685 7828
f 7828 685 683
f 7828 683 7829
f 7829 683 7830
f 7829 7830 7831
f 7831 7830 670
f 7831 670 622
f 7832 7833 548
f 548 7833 7834
f 548 7834 546
f 546 7834 7835
f 546 7835 7836
f 7836 7835 7834
f 7836 7834 7837
f 7837 7834 7833
f 7837 7833 7838
f 7838 7833 7832
f 7838 7832 7839
f 7839 7832 7840
f 7839 7840 626
f 626 7840 7831
f 626 7831 624
f 624 7831 622
f 625 7787 627
f 627 7787 629
f 574 576 582
f 582 576 578
f 582 578 580
f 665 666 681
f 681 666 668
f 681 668 7841
f 7841 668 670
f 7841 670 7830
f 626 7842 7839
f 7839 7842 7843
f 7839 7843 7844
f 7844 7843 632
f 7844 632 7845
f 7845 632 606
f 7845 606 607
f 681 664 665
f 628 630 7842
f 7842 630 632
f 7842 632 7843
f 7822 7823 528
f 528 7823 7824
f 528 7824 7819
f 7842 626 628
f 641 639 672
f 544 7836 7846
f 7846 7836 7847
f 7846 7847 674
f 674 7847 7845
f 674 7845 607
f 7830 683 7841
f 7841 683 681
f 7831 7840 7829
f 7829 7840 708
f 7829 708 7848
f 7848 708 706
f 7848 706 7828
f 7845 7847 7844
f 7844 7847 7836
f 7844 7836 7837
f 644 7826 642
f 642 7826 7827
f 682 697 680
f 654 527 652
f 652 527 525
f 652 525 7849
f 7849 525 523
f 7849 523 7825
f 7837 7838 7844
f 7844 7838 7839
f 694 693 695
f 695 693 679
f 708 7840 7850
f 7850 7840 7832
f 7850 7832 548
f 650 652 648
f 648 652 7849
f 648 7849 7851
f 7851 7849 7825
f 7851 7825 646
f 646 7825 644
f 532 702 7852
f 7852 702 7820
f 7852 7820 530
f 530 7820 7822
f 530 7822 528
f 538 540 7853
f 7853 540 542
f 7853 542 676
f 676 542 7846
f 676 7846 674
f 699 702 677
f 737 7854 690
f 690 7854 647
f 690 647 696
f 696 647 645
f 696 645 643
f 7828 7829 7848
f 698 684 686
f 544 546 7836
f 654 529 527
f 646 648 7851
f 542 544 7846
f 685 706 704
f 530 532 7852
f 708 7850 550
f 550 7850 548
f 701 536 678
f 678 536 7853
f 678 7853 676
f 534 536 701
f 741 846 739
f 739 846 847
f 739 847 7854
f 7854 847 649
f 7854 649 647
f 653 651 7855
f 7855 651 649
f 7855 649 805
f 805 649 847
f 690 692 737
f 763 535 752
f 752 535 533
f 558 745 556
f 556 745 747
f 556 747 554
f 554 747 707
f 554 707 552
f 538 7853 536
f 802 814 804
f 804 814 7856
f 804 7856 806
f 806 7856 830
f 806 830 655
f 7855 805 653
f 739 7854 737
f 748 541 772
f 772 541 539
f 772 539 779
f 779 539 537
f 779 537 766
f 742 740 744
f 744 740 746
f 836 826 812
f 812 826 827
f 812 827 7856
f 7856 827 829
f 7856 829 830
f 770 771 714
f 828 758 749
f 749 758 756
f 749 756 754
f 761 785 759
f 759 785 786
f 759 786 757
f 757 786 755
f 845 741 7857
f 7857 741 743
f 7857 743 7858
f 7858 743 745
f 7858 745 7859
f 7859 745 560
f 7859 560 7860
f 7860 560 562
f 7860 562 843
f 843 562 564
f 812 7856 814
f 768 732 766
f 766 732 777
f 766 777 779
f 715 781 713
f 745 558 560
f 796 811 798
f 798 811 813
f 798 813 800
f 7860 845 7859
f 7859 845 7857
f 7859 7857 7858
f 828 794 758
f 784 769 767
f 845 7860 843
f 836 812 7861
f 7861 812 808
f 7861 808 836
f 838 844 842
f 729 731 821
f 821 731 733
f 821 733 735
f 725 727 823
f 823 727 818
f 823 818 790
f 790 818 816
f 790 816 789
f 852 854 7862
f 7862 854 819
f 7862 819 7863
f 7863 819 820
f 7863 820 7864
f 7864 820 788
f 7864 788 831
f 831 788 793
f 848 7865 835
f 835 7865 7863
f 835 7863 7866
f 7866 7863 831
f 7866 831 833
f 7866 833 835
f 727 729 821
f 809 848 835
f 7864 831 7863
f 848 839 7865
f 7865 839 841
f 7865 841 852
f 819 854 817
f 817 854 849
f 852 7862 7865
f 7865 7862 7863

