# https://github.com/mikedh/trimesh

o mayonnaisebottle.stl
v 0.00799820 40.51000214 22.41900253
v 0.13699755 38.29800034 24.39900208
v 0.00000000 40.03300095 25.09599876
v 0.33500046 41.68800354 23.99799919
v 0.20499900 38.17100143 27.06599998
v 0.38199872 41.65200043 26.64400291
v 0.31499937 41.49100113 20.18000221
v 0.21199882 38.33700180 21.81700325
v 1.10000002 36.13300323 23.17000198
v 1.17800009 35.97200012 24.13999939
v 1.14599991 35.98800278 25.10800171
v 1.34199858 44.40100098 21.12500381
v 1.39099729 44.43500137 25.45899963
v 1.17599964 35.97800064 26.78700256
v 1.12700093 36.05700302 28.01100159
v 0.73700023 37.03500366 30.33100128
v 0.29499829 38.79900360 29.72000122
v 0.25299937 40.67800140 29.21799850
v 1.24299896 43.34800339 30.12299919
v 0.09899959 39.02100372 19.45100021
v 0.10100007 38.99200058 17.87000084
v 0.74299800 42.76600266 18.62200356
v 1.26500058 35.93900299 21.89800072
v 0.73499978 36.89599991 20.88700294
v 1.99499726 34.76000214 24.54699898
v 2.25500011 46.63500214 24.15600014
v 2.36999989 46.98400116 18.15900230
v 3.46799946 49.68700027 20.80599976
v 2.22199774 46.04500198 29.52400208
v 2.40299845 34.24300003 28.10600090
v 1.46700072 35.55800247 29.06700134
v 1.58699977 35.40900040 30.52699852
v 0.83299726 37.15400314 32.77800369
v 0.51400065 39.86900330 32.33100128
v 1.05799735 41.18300247 34.48799896
v 1.98499858 44.00400162 34.30800247
v 0.87700039 36.69800186 18.65600014
v 1.18999934 36.15800095 19.86899948
v 0.38100034 38.09900284 15.90199757
v 1.01899731 36.51900101 17.27400017
v 0.08700043 40.32500076 16.92400169
v 0.50899756 41.93600082 16.03100395
v 1.63399804 45.21300125 15.26100159
v 1.19099760 36.11700058 20.93000031
v 2.88599730 33.96400070 21.58900070
v 3.19200015 33.23100281 26.38700294
v 3.41399765 49.49500275 23.76600075
v 3.56400013 49.77200317 25.94200134
v 3.12399864 48.42200089 28.43800163
v 3.06899834 48.90200043 15.91300201
v 4.00299931 51.10800171 17.91000366
v 4.84799957 52.93300247 19.88100243
v 4.73700094 52.61400223 22.89999962
v 3.77999997 49.48500061 31.15999985
v 3.52099919 47.93900299 34.28800201
v 4.23999882 32.15100098 30.31500053
v 1.88500059 35.01000214 31.94599915
v 1.89599764 35.07200241 33.27500153
v 1.48399925 36.15500259 35.31000137
v 0.75599921 39.02900314 34.40100098
v 1.12099946 39.60800171 36.73799896
v 2.14999914 42.30200195 38.36199951
v 3.33099818 45.95700073 37.68100357
v 2.26200008 35.01000214 18.75100327
v 0.16999990 39.16200256 14.21099854
v 1.21099877 36.33300018 14.78300285
v 1.26199794 36.18500137 16.02800179
v 1.25899911 36.22700119 14.03500175
v 0.31000003 40.93500137 13.26200390
v 1.35999918 44.21100235 12.77899742
v 2.21800065 46.35400009 11.47700119
v 3.10200071 48.86100006 12.88700104
v 4.54699993 31.88900185 21.64300156
v 4.36100006 33.12600327 19.08300018
v 4.07899904 32.07400131 24.02900124
v 5.79699898 30.23900223 25.79200363
v 5.00699902 53.13899994 25.01600266
v 4.14700079 50.93900299 28.34000015
v 4.58199883 52.42700195 13.25700474
v 5.09699821 53.60300064 15.87500381
v 5.37599993 54.13800049 17.66499901
v 5.92900085 55.20000076 22.08999825
v 5.93799734 55.26200104 19.56800461
v 4.51200104 50.62800217 33.42499924
v 4.90799904 52.23800278 30.54400253
v 4.38199949 48.93799973 37.08000183
v 6.18299866 30.03200150 28.29100227
v 5.45600033 30.86900139 30.35700035
v 3.29599905 33.23100281 33.49399948
v 5.27399778 31.13700104 32.70399857
v 2.14599824 34.79300308 34.66500092
v 1.47099793 37.12800217 37.33000183
v 2.54900002 34.25699997 36.18800354
v 1.52000046 39.15500259 38.70100021
v 3.72099876 45.64100266 40.05100250
v 2.78399897 41.42500305 42.11899948
v 3.52899742 33.98900223 16.53200340
v 0.38599968 39.20600128 11.10099983
v 0.85299838 37.27000046 11.28800201
v 1.36999786 36.16600037 13.03999901
v 2.17299914 35.10100174 15.06599808
v 2.79900050 34.61600113 12.42399979
v 0.81599879 41.34800339 9.91199875
v 1.62699819 43.74000168 9.51200008
v 2.56700063 45.97100067 8.65399837
v 3.02099800 48.20500183 10.54300404
v 3.94700098 50.78100204 11.39499950
v 5.28499842 31.10700226 20.96600151
v 5.17299747 30.82000160 23.11100006
v 5.56999826 31.83900261 17.75800514
v 5.83700085 30.92600250 19.71200180
v 6.55699873 29.19800186 22.95100021
v 8.24999809 27.73300171 25.59899902
v 7.59200001 28.58100128 28.04100227
v 6.75899887 56.94600296 24.31800270
v 5.83300018 54.69300079 27.56900024
v 4.99900055 52.90000153 27.60599899
v 5.32599926 53.55300140 10.71500015
v 6.37199736 56.24100113 13.03200436
v 6.30699825 56.21200180 16.01099968
v 7.23499823 57.99700165 20.92199707
v 5.64699984 53.29600143 32.80900192
v 5.39499903 51.69400024 36.23900223
v 6.02199888 54.65200043 30.44700241
v 4.84199810 48.83800125 39.48900223
v 7.16499996 29.26100159 31.30799866
v 4.99200058 31.45300102 34.83499908
v 7.30199718 29.25600243 33.33400345
v 2.00599813 35.85700226 38.90900040
v 4.29999828 32.15000153 36.62500000
v 2.84199786 34.02400208 37.80899811
v 1.90399957 38.43900299 40.65299988
v 5.80299997 49.13600159 42.96699905
v 4.37900066 45.11200333 43.35499954
v 2.54699969 38.16100311 43.37500000
v 3.74399877 41.21100235 45.44800186
v 3.93100071 33.69300079 13.18699837
v 5.82100058 31.58500099 15.90000057
v 0.90099871 37.96300125 8.59600258
v 1.31599975 39.22600174 6.37300301
v 1.55399740 36.10400009 9.36900043
v 1.44799805 36.18400192 10.72800159
v 4.38600016 33.38700104 9.93900013
v 2.40499902 35.02099991 9.86000156
v 1.75499916 42.36800003 7.22900009
v 2.45199728 44.62000275 7.29700184
v 3.45499802 46.79800034 6.78200293
v 3.90099740 48.51600266 7.37299776
v 3.71499729 49.65900040 9.93900013
v 4.81899834 51.78400040 9.24500084
v 5.91699791 30.21000099 20.91699791
v 6.48700094 30.54200172 17.14599800
v 6.46200037 30.37500191 18.41100311
v 6.55999756 29.45400238 20.38399887
v 7.75500011 27.84200287 20.62699890
v 8.27099800 27.41100121 22.62100220
v 9.87699986 26.00400162 24.03899956
v 9.92500019 26.35400200 26.85200119
v 9.37799740 27.19800186 30.20000076
v 7.84200048 59.20600128 24.53400230
v 7.57599974 58.43799973 27.57900238
v 6.93700075 56.67000198 30.09999847
v 5.69899750 53.11200333 8.09200096
v 6.56899834 55.64900208 9.28399754
v 7.60100031 58.46600342 11.74499798
v 7.90299845 59.42100143 14.76800442
v 7.50900078 58.62900162 18.35700035
v 8.34999943 60.24000168 22.90200043
v 8.52599716 60.61400223 20.81999969
v 6.97600079 54.86400223 36.59700394
v 7.63499737 57.27600098 33.68899918
v 6.03700066 51.09500122 40.54299927
v 8.98899841 27.75400162 32.44699860
v 7.98099852 28.77400208 35.21599960
v 6.25799990 30.34500122 36.97499847
v 3.48199892 33.33600235 40.49900055
v 3.25499845 33.52500153 39.20199966
v 2.87599850 34.97700119 42.13600159
v 2.24100065 36.63300323 41.28700256
v 5.41000080 31.06400108 39.35100174
v 5.41999912 46.93300247 44.55000305
v 6.65599871 49.31600189 45.53500366
v 7.67399740 53.03500366 43.18300247
v 7.93999815 52.29300308 45.16600037
v 5.18099976 44.85300064 46.18099976
v 3.29500055 37.59100342 46.11999893
v 4.25699711 39.60500336 48.13200378
v 4.75800037 42.68300247 47.05899811
v 5.38700056 32.22400284 12.59399986
v 6.75800085 30.17700195 14.53100109
v 6.71999884 30.22200203 16.12300491
v 1.78699946 35.98300171 7.87100220
v 1.82899833 37.39200211 5.61299896
v 2.77600074 39.24900055 4.09200048
v 2.52899909 40.37600327 4.70899773
v 2.39899755 41.50900269 5.25999832
v 5.67299891 31.94800186 7.03100109
v 3.77599907 33.95900345 8.54600239
v 6.24699879 31.06200218 10.45800018
v 2.45299935 35.08900070 7.24799919
v 2.52199912 42.64900208 5.58300304
v 2.87500024 44.20900345 5.91900206
v 3.45399976 45.65900040 5.84000349
v 4.21399975 47.63199997 6.00299978
v 5.40499783 49.06300354 5.30000019
v 4.80499840 50.14400101 6.90200186
v 7.58399820 28.53800201 17.64699745
v 7.53699970 28.31900215 19.07999802
v 8.91699982 26.51200104 18.99500275
v 9.81000042 25.85800171 21.91699982
v 11.71199989 24.27000237 23.13400078
v 12.70499802 24.01100159 27.11500168
v 10.92799759 25.69500160 28.50600052
v 12.52000046 24.58700180 30.02700233
v 11.13599873 25.99400139 32.51799774
v 8.56099987 60.55400085 26.29600143
v 8.62199783 60.35000229 28.74499893
v 8.01200008 58.74500275 30.74800301
v 5.71599960 51.38900375 6.27800083
v 6.32699966 52.85900116 6.34200144
v 7.26699829 54.01200104 5.71300077
v 7.17600060 55.02000427 6.57399750
v 7.63800001 56.16500092 6.66400051
v 8.02999687 57.93000031 8.08100414
v 8.66099834 59.63199997 9.24800301
v 8.74499989 60.82600021 13.10200214
v 9.27500057 61.86600113 15.14200115
v 8.56300068 60.68500137 17.74500275
v 9.19000053 61.81200409 23.87300110
v 10.00199795 63.05700302 22.96300316
v 9.36700058 62.08400345 19.48399925
v 7.69799948 54.12600327 41.44199753
v 8.41299820 56.55100250 39.44900131
v 8.22399902 57.12100220 37.19099808
v 9.04899788 59.98400116 33.86600113
v 9.45999813 59.39500046 37.52099991
v 10.88299942 26.45900154 35.44200134
v 8.32699966 28.57800293 38.58800125
v 4.08199787 32.56100082 41.76400375
v 3.63199782 34.12100220 44.52300262
v 5.49899769 30.95600128 42.51700211
v 7.70099831 29.10900116 41.95999908
v 6.88999891 47.29100037 48.48999786
v 8.06000042 49.96300125 48.60300064
v 9.24799919 56.56700134 42.56200027
v 9.55099964 55.02899933 45.81800079
v 10.42199898 54.19300079 49.15400314
v 6.34599829 44.52100372 49.72100067
v 3.83700061 35.92800140 47.63400269
v 4.35999775 36.92300034 49.56600189
v 5.44799852 39.33800125 51.51899719
v 5.62600040 42.27600098 49.70300293
v 6.56199837 30.48900223 12.45199871
v 7.25999832 29.33200264 12.56299782
v 7.65999794 28.57800293 14.17300129
v 8.18400097 27.60900116 15.86800098
v 2.59399796 35.36100006 5.84799814
v 2.80099726 35.86700058 4.74900007
v 3.01700091 37.59100342 3.74700117
v 4.06900024 38.56900024 2.76099896
v 3.67099786 40.70800018 3.57700133
v 3.28399992 42.76100159 4.51999903
v 6.73799944 30.61700249 4.93500376
v 7.22299910 29.73500252 6.14500046
v 6.98899841 29.96400261 7.75299978
v 6.66400051 30.41900253 9.17299843
v 3.78900027 33.97300339 5.95100212
v 5.61399746 32.18600082 4.66199970
v 7.85999727 28.18900108 10.39600372
v 4.16599941 44.78200150 4.48899698
v 5.21899748 46.95900345 4.54200077
v 7.27299976 49.04900360 3.85700178
v 8.17599869 27.58400154 17.17200089
v 9.11299896 26.34600258 16.82800102
v 10.46399784 25.03100204 19.45599937
v 12.95400047 22.76400185 18.99800491
v 13.57299805 22.32400131 20.80100060
v 13.71499920 22.53600121 23.03599930
v 13.45900059 23.08600235 25.12700081
v 15.43499947 21.86400223 26.92399979
v 14.70699883 22.76700211 29.09300041
v 14.72200108 23.08400154 31.12700272
v 13.80800056 24.07800293 33.50400162
v 9.72599888 62.63300323 25.82800102
v 10.24699974 63.16600037 28.81300163
v 9.40999794 61.50200272 30.58600044
v 7.22900009 52.02900314 4.85200453
v 9.47999954 54.05800247 3.74399877
v 9.22200108 55.97200394 4.43000364
v 8.47699833 57.12100220 5.95299911
v 8.99499989 58.55000305 6.27800083
v 9.76000023 60.12000275 6.39200211
v 9.99699879 61.90500259 9.06299782
v 9.57499790 62.01700211 11.59399796
v 10.01900101 62.90700150 13.59599876
v 10.62699795 63.79000092 14.86299896
v 9.81199741 62.74200058 16.90699959
v 10.64600086 63.87800217 20.85500145
v 10.86900043 64.09300232 21.87000275
v 10.79399872 64.08599854 23.49300003
v 10.23999977 63.36700058 18.64000320
v 10.21499920 59.12100220 41.01600266
v 10.75799751 62.48000336 35.19799805
v 11.38300037 62.59200287 37.45400238
v 11.06200027 61.47900391 39.10599899
v 13.32299805 24.76900101 37.23100281
v 10.90899849 26.63400269 40.16600037
v 4.28000069 32.55600357 43.28099823
v 4.63799763 32.19500351 44.47600174
v 4.31199741 33.74000168 47.36700058
v 7.79299831 28.88200188 46.03300095
v 5.27399778 31.50500107 46.32400131
v 9.19399738 27.91400146 42.87500000
v 8.21000004 47.93300247 51.34600067
v 10.43399811 51.86700439 52.32600021
v 11.00999832 59.39300156 43.08100128
v 10.98600006 58.05400085 45.20100021
v 11.41399860 56.47400284 48.51100159
v 12.28100014 56.53400040 50.45800018
v 12.72700024 55.89800262 52.55899811
v 6.35799789 42.04500198 51.99900436
v 7.53000021 45.32300186 52.28700256
v 5.05099821 33.08400345 49.92000198
v 4.81099987 35.00100327 50.92200089
v 5.27299929 36.88700104 52.57500076
v 6.78699827 41.66400146 53.78900146
v 6.06999922 38.71300125 53.94900131
v 8.13499832 27.69500160 12.01400185
v 8.37799931 27.33000183 12.97400188
v 8.35900021 27.32100105 14.58500290
v 3.41299915 34.75200272 4.68499947
v 3.81400061 35.26500320 3.69899726
v 3.40599942 36.20900345 3.71500111
v 4.60699940 36.55300140 2.46400380
v 5.89399767 39.04800034 1.79599977
v 5.74499750 41.85600281 2.45799875
v 5.54299736 44.12900162 3.27800226
v 7.50299931 29.63200188 4.71799803
v 6.56500101 31.45200157 3.69899726
v 7.67399740 30.40000153 3.28999758
v 8.38199997 28.14800262 5.02400112
v 7.96899939 28.24800110 7.05300283
v 4.51000023 33.74900055 4.03200102
v 5.86799908 32.53200150 3.44200420
v 5.33799839 33.08100128 3.57399893
v 8.52999878 27.08000183 9.05100250
v 8.57099915 26.93300056 10.55099773
v 7.16599846 46.13800049 3.11300159
v 9.85699844 45.87600327 2.46699905
v 9.82999802 49.43900299 3.01100302
v 8.89600086 51.70800018 3.67800140
v 10.23299980 25.68500137 14.95599747
v 11.41199875 24.64600182 17.46100235
v 15.19199848 20.99500275 16.51900291
v 15.40400124 20.56700134 19.01599693
v 12.84199905 23.86800194 15.72100067
v 15.96900082 20.57000160 21.98100090
v 16.26499748 20.87000275 24.86700249
v 16.84399986 21.12200165 28.72700310
v 16.61200142 22.13000107 33.70000076
v 17.07399940 21.51800156 31.89600182
v 15.43999863 23.25800133 36.39100266
v 10.90199852 64.06500244 26.50200272
v 11.07800007 64.23100281 25.23900223
v 11.23400021 64.18499756 28.11200142
v 10.80399704 63.38600159 31.40399933
v 11.56399727 64.24200439 29.98200035
v 10.85799980 63.09500122 33.31800079
v 11.14200020 51.65999985 2.87500024
v 13.17599773 52.93600082 2.37200403
v 11.75099945 54.86700058 2.71099806
v 12.39299774 57.04200363 2.54300237
v 10.22199917 58.06900024 4.31399775
v 10.43000031 59.71900177 4.92200279
v 10.51500034 61.12300110 6.10200310
v 11.02500057 62.24900055 6.58199930
v 11.34699917 63.49400330 8.29999924
v 11.23099804 63.95900345 10.45200253
v 11.06699944 63.98700333 11.70799923
v 11.08999920 64.09300232 13.18199921
v 12.39599991 64.93600464 14.18600273
v 11.27099991 64.33800507 15.94100189
v 11.19399834 64.27500153 17.39299965
v 10.86799812 64.05799866 18.99800491
v 11.65299892 64.60600281 19.56999969
v 11.83499813 64.69499969 21.60499954
v 12.40999985 65.01200104 23.76000214
v 12.31799984 62.44900131 40.86400223
v 12.15799904 64.02999878 34.33600235
v 12.87199974 64.21300507 35.94199753
v 12.97799873 63.92100143 37.73400116
v 13.24399948 63.84700012 38.90500259
v 12.10799789 25.83000183 42.05500031
v 15.46099758 23.52100182 39.88600159
v 5.42799759 31.59200096 47.89699936
v 11.98899746 25.90100098 45.12300110
v 11.37699890 26.25100136 48.62800217
v 8.16100121 28.49500084 49.84400177
v 6.68099880 29.90400124 47.98899841
v 9.17499924 48.41600037 53.59600067
v 10.36899948 49.87100220 55.39400101
v 12.24299908 53.76300049 54.76600266
v 13.15400028 62.47299957 43.11000061
v 12.82499695 59.75500107 47.24800110
v 13.99599743 59.01600266 50.85900116
v 14.00299740 56.21900177 55.75500107
v 14.42399979 57.61700058 54.33200073
v 8.39399910 45.62000275 54.74599838
v 5.99399948 30.96800232 49.27999878
v 6.25500107 30.83000183 50.75900269
v 5.80699730 32.42800140 52.91699982
v 5.44399786 34.82100296 53.51800156
v 6.10299778 37.30300140 55.22600174
v 7.03499842 40.00400162 56.35900116
v 7.73899984 42.33800125 56.45199966
v 9.76900005 25.89300156 12.24300289
v 5.33900023 34.13400269 2.72600365
v 6.17999935 35.01200104 1.75499916
v 7.73899984 36.75400162 1.05000281
v 8.21699905 39.99700165 1.46599865
v 8.39699841 43.21500015 2.08800292
v 8.35299873 29.43900108 3.36199999
v 6.51099920 32.19700241 2.95700121
v 8.70699787 30.83100128 2.00299931
v 8.75699902 27.22100258 5.71499777
v 9.02000046 28.09300232 3.87299800
v 8.74700069 26.87900162 7.46700191
v 9.79599762 25.78400230 9.30099964
v 12.03899860 44.51200104 2.11200118
v 12.31100082 48.76200104 2.50399852
v 13.12600040 46.72600174 2.28700042
v 12.02699947 24.51400185 13.54599762
v 15.55599976 21.04500198 12.27100182
v 17.10699844 18.85400200 14.47900391
v 17.79000092 18.35900116 15.96000004
v 17.42500114 18.86800194 18.23100471
v 14.17599964 22.76100159 13.58599949
v 18.30099869 18.68800354 21.12700081
v 18.42399979 19.12700272 24.14200020
v 18.85699844 19.37100029 26.98700142
v 18.10199738 20.53000259 30.29400063
v 19.45899963 19.88900185 32.70700073
v 18.21999931 21.27700233 36.52500153
v 17.80400085 21.84000206 39.43300247
v 12.80500031 65.13700104 26.65200043
v 13.32199955 65.24200439 28.47399902
v 12.03300095 64.45000458 31.02100182
v 11.64799881 64.01399994 32.44200134
v 14.32899761 50.75800323 2.33500457
v 15.98799992 52.96100235 1.93800032
v 14.15799904 55.50600052 1.94299960
v 15.09400082 58.13700104 1.62800407
v 12.54500103 59.54900360 2.96000385
v 11.93099880 61.45500183 4.34300327
v 13.04499817 63.45600128 4.84599924
v 12.24699974 63.96200180 7.17400026
v 11.84199715 64.03800201 8.52900028
v 11.94800091 64.32500458 9.35400295
v 12.48099995 64.85600281 11.57300186
v 14.18999958 65.38500214 12.65200233
v 15.14899731 65.52500153 16.23100090
v 12.92000008 65.16500092 17.13900185
v 13.12099743 65.24200439 19.80800247
v 15.32600117 65.64700317 21.42900276
v 15.15699959 65.75500488 24.84600258
v 15.18299770 65.73799896 23.19800186
v 13.61999989 63.85600281 39.91899872
v 14.32199764 64.13300323 40.57799911
v 14.15500069 63.74800110 41.71999741
v 13.04299736 64.85800171 32.24200058
v 14.54399872 65.20600128 34.64800262
v 14.72299957 65.01399994 37.15900040
v 15.14899731 64.80799866 39.40600204
v 15.20900059 23.84500122 44.43300247
v 17.73899841 22.07300186 42.41099930
v 13.69600010 24.75800133 48.35599899
v 9.61500072 27.37700272 51.27800369
v 12.96899796 25.09300232 52.95800018
v 6.70199823 30.34000206 51.84499741
v 8.07999802 28.67700195 53.24499893
v 9.83800030 47.92100143 56.84600067
v 11.68699932 50.61500168 59.07400131
v 12.43700123 52.89200211 57.20600128
v 14.40899849 62.57200241 45.81900024
v 15.08500099 63.73400116 44.14599991
v 15.14899731 64.15399933 42.57099915
v 15.27499771 62.34400177 48.24700165
v 16.58499908 62.55100250 50.54100418
v 15.72999763 60.62500000 52.39900208
v 15.84099960 59.18700409 55.42699814
v 14.50699902 55.72000122 58.75300217
v 16.40100098 58.98200226 57.68999863
v 9.15199852 45.84600067 57.36500168
v 6.68299961 30.55900192 52.77999878
v 6.37299919 31.87100220 55.14500046
v 6.12099838 34.20600128 56.56100082
v 6.52400017 36.62000275 57.36700058
v 7.90400076 40.63900375 59.53000259
v 9.04100037 44.47400284 59.19400024
v 11.88499832 24.56800079 11.44000149
v 7.55599880 33.45800018 1.50400400
v 10.05199909 34.75100327 0.65900385
v 11.95599842 37.93200302 1.15200138
v 13.22099972 41.89700317 1.78500271
v 9.60499763 28.97200203 2.49600410
v 10.89499855 27.99600220 2.12799764
v 12.00100040 30.12500191 0.85899979
v 9.70900059 32.65900040 0.90599805
v 9.64500046 27.00400162 4.26100206
v 10.11399937 25.80400276 6.27899933
v 11.57299805 24.73300171 9.13900185
v 15.62500000 45.69700241 2.11799884
v 15.42700100 47.97600174 2.21300125
v 13.47199821 23.30300140 10.64199924
v 17.18899918 18.74100304 10.26199722
v 16.60599899 19.45400238 12.48600292
v 16.07099915 20.16100121 8.63400078
v 14.54699802 22.19100189 9.13099957
v 18.64299965 18.07100105 12.64300156
v 19.80699921 17.16400146 15.73199749
v 21.12199974 16.26200294 18.60199928
v 21.01199913 17.04000092 22.59900093
v 20.87099838 17.77300262 25.90399933
v 20.83299828 18.48300171 30.09900093
v 21.70299911 18.35800171 33.27099991
v 21.27099991 19.09400177 36.62100220
v 20.20899963 20.17800140 40.09799957
v 15.85000038 65.80000305 26.72399902
v 15.39899826 65.68700409 29.11899948
v 13.83199883 65.29800415 30.27700233
v 17.13100052 49.49400330 2.10899854
v 18.68099976 50.99900055 1.92800164
v 16.98799896 56.20900345 1.41300261
v 20.81099892 52.29300308 1.80599833
v 15.97299767 61.91200256 1.92300224
v 17.08399963 59.38400269 1.18700409
v 14.10900021 62.01200104 2.86400318
v 15.30699825 63.99800110 3.80799913
v 14.64599705 64.79900360 5.85199881
v 14.02900028 64.80200195 6.61600399
v 13.35599995 64.72600555 7.53200054
v 12.78599739 64.70100403 8.71000481
v 14.92000008 65.44300079 10.69500256
v 16.80599976 65.32600403 12.69000053
v 16.46699715 65.37000275 14.86299896
v 15.56299973 65.48500061 18.98100281
v 18.26399994 65.21400452 16.53400040
v 17.42099953 65.41400146 20.40199852
v 18.40299797 65.95899963 22.33500099
v 19.00399780 66.14300537 25.01600266
v 18.08099747 65.98300171 27.07200050
v 15.71700001 65.65600586 32.19500351
v 17.41499901 65.77700043 34.59000397
v 18.57399940 65.79100037 36.61499786
v 16.96899986 65.46099854 38.98899841
v 17.11499977 65.15900421 41.81800079
v 18.07699776 21.90900230 44.90600204
v 16.49199867 23.03400230 48.44599915
v 20.35399818 20.30700111 44.03500366
v 15.10899925 23.86100197 51.09600067
v 9.79999828 27.16200066 53.54300308
v 15.11399841 23.78800201 55.17499924
v 9.93400097 26.97000122 55.61500168
v 12.51799965 25.23100281 58.75199890
v 7.40100050 29.70600128 54.87300110
v 7.11699963 29.95100212 53.46799850
v 7.37199926 29.93700218 56.31999969
v 10.51699734 48.29000092 59.18300247
v 10.38999844 47.06299973 61.36800003
v 12.32299995 50.88199997 61.80300140
v 13.29199982 53.33900452 59.72800064
v 15.71400070 63.75400162 45.43600082
v 16.03599930 63.69500351 46.34300232
v 17.23399734 64.90200043 43.72200012
v 16.76799774 63.86899948 47.22399902
v 17.25599861 63.65200043 48.89400101
v 17.93700027 62.70900345 53.35900116
v 17.83899879 63.63700104 50.18400192
v 18.44499969 63.65600204 51.51300049
v 17.90099907 61.82300186 55.73200226
v 14.54800034 54.62500381 62.25199890
v 16.54199791 58.14500046 60.47100067
v 18.68400002 61.71800232 58.32699966
v 6.71700001 32.11500168 57.73500061
v 6.67199850 34.02300262 59.69300079
v 7.50900078 38.04800034 60.88999939
v 8.22499752 39.99100113 62.45500183
v 9.32600021 43.46700287 62.94200134
v 12.36799717 34.65200043 0.60299784
v 16.04100037 39.81300354 2.01500201
v 14.49499989 34.50699997 0.66599995
v 15.44499779 37.38100052 1.41000009
v 17.05199814 42.06100082 2.45500350
v 11.67799950 25.65600204 3.43800330
v 13.33399868 25.87700081 1.90000236
v 10.64099789 26.56600189 3.55499983
v 13.47899818 28.38900185 0.81700087
v 13.15600014 31.80400276 0.47200173
v 12.99800014 23.75800133 7.65900326
v 12.08600044 24.61700058 5.39799786
v 17.48599815 44.17300415 2.47900200
v 18.29199791 47.35500336 2.38100433
v 18.21899796 18.12500191 8.18200397
v 19.61799812 17.59200096 10.62700176
v 17.32599640 18.91400146 5.71300077
v 15.04800129 21.85700226 6.17100286
v 21.79399872 16.50600052 13.25000095
v 21.67399979 15.96300125 15.67800331
v 23.46599770 14.57800198 17.14199829
v 24.19399834 14.43800163 19.39000130
v 23.00600052 15.67300224 22.22600174
v 22.32099915 16.55900192 24.75900269
v 22.56599998 17.03200150 28.58800125
v 23.47699928 16.92300034 31.51500320
v 23.68399811 17.10200119 33.60500336
v 23.27599907 17.65900040 36.06800079
v 22.39399910 18.53500175 38.53300095
v 22.02599907 19.06400108 42.04999924
v 17.08300018 65.84899902 29.89099884
v 20.19099808 49.38300323 2.49999762
v 22.30999947 54.69400406 1.25099719
v 20.60499954 58.58399963 0.78300387
v 22.54999924 48.29800034 3.16200399
v 23.69199944 51.47700119 2.45900440
v 18.74499893 61.42500305 1.09600282
v 18.12100029 63.65400314 2.44799995
v 16.97099876 64.66899872 4.07600403
v 15.47499752 65.08599854 5.83600235
v 16.33299828 64.89800262 4.79500008
v 15.91899967 65.36800385 8.33299732
v 14.40699768 65.27400208 8.71200085
v 17.39999962 65.25500488 10.39700222
v 19.38599968 65.25900269 11.80100441
v 20.39199829 65.31400299 13.89200211
v 18.95099831 65.21400452 18.14900398
v 20.59299850 65.35100555 15.83799744
v 20.96399879 65.81800079 20.17700005
v 21.62699890 66.29700470 21.84800148
v 20.22199821 66.24600220 23.71400261
v 21.40899849 66.18399811 26.44300079
v 20.01999855 66.02100372 28.77000046
v 19.11899757 65.89900208 31.42300224
v 20.36099815 65.82800293 33.49000168
v 21.78499794 65.73600006 35.90600204
v 19.07799911 65.70999908 39.92000198
v 19.60799789 65.61000061 42.52999878
v 19.98299980 20.67800140 47.16400146
v 17.90799904 22.08200264 52.83600235
v 19.05999947 21.33000183 49.40399933
v 22.30200005 19.08900261 45.28700256
v 17.62299919 22.26200104 55.03300095
v 16.71499825 22.83100319 57.12400055
v 14.84399986 23.89300156 58.75300217
v 9.80300045 27.09000206 58.40000153
v 7.98000002 29.24800110 57.80599976
v 15.31599808 23.61200142 60.59300232
v 12.75799751 25.06500244 62.27199936
v 10.24699974 26.74900246 60.90499878
v 10.35900021 46.05000305 63.86200333
v 11.44299984 48.78400040 63.39700317
v 13.14099884 52.02100372 63.02600098
v 17.88799858 64.60900116 46.42200089
v 18.90099907 65.23000336 44.92600250
v 18.83200073 64.62000275 48.23899841
v 19.46299934 64.34500122 50.84200287
v 19.34099960 63.42600250 54.64500046
v 19.40199852 63.76800156 53.43500137
v 20.06499863 63.76600266 55.15299988
v 20.13299942 63.45100021 56.79999924
v 14.77399826 54.31000137 65.18000031
v 16.19599724 57.03600311 62.71400070
v 17.51399803 58.84700394 62.82400131
v 18.73199844 60.88100052 61.18600082
v 20.28199768 63.33300018 57.81900024
v 20.12699890 62.89300156 59.26499939
v 19.93000031 61.96700287 62.58800125
v 7.26800060 31.36800194 60.46700287
v 7.13999939 34.33400345 62.28300095
v 7.68400002 36.80600357 63.51300049
v 8.43399811 38.73500061 66.93900299
v 9.10199833 41.49100113 66.63600159
v 9.94499779 44.26200104 66.23300171
v 18.31599998 36.85500336 2.14999914
v 19.57599831 39.57500076 3.13200045
v 15.76199722 31.78000259 0.36500394
v 16.51999664 34.11900330 0.81299990
v 19.97899818 43.49300003 3.34200263
v 12.82499695 24.68600273 3.33099818
v 13.61699772 24.26000214 3.06399918
v 15.36100006 23.85200119 1.89900398
v 15.76500034 26.72800064 0.59799850
v 15.39399815 29.38900185 0.37600100
v 13.96099854 23.12400246 4.42500401
v 19.95199966 46.57800293 3.03199887
v 19.40500069 17.75100327 5.94799948
v 20.59000015 17.10400200 8.22100067
v 21.79299927 16.49000168 10.29000473
v 16.46100044 20.33100128 4.59500408
v 17.88599777 19.93000221 3.28399992
v 19.43799782 18.06100273 4.12099791
v 15.35299778 22.00300217 3.70199966
v 23.92099953 14.99200249 11.63999748
v 23.85000038 14.70500183 14.22999763
v 26.09499931 12.70900154 14.96700191
v 25.87599945 13.20000172 18.00200272
v 25.35599899 14.10200214 21.84300041
v 24.80699921 14.87200165 24.70000076
v 24.18599892 15.94500256 28.49100113
v 25.57999802 15.41500187 30.77800179
v 25.76299858 15.58200264 32.71300125
v 25.58899879 15.96300125 34.57900238
v 24.82999802 16.91300201 38.13600159
v 24.66699791 17.36000252 41.75500107
v 23.48199844 18.23300171 43.38800049
v 22.84300041 57.99700165 0.64500421
v 24.73699951 57.12800217 0.54699928
v 25.81999779 53.42200089 1.63400173
v 22.21599960 60.64200211 0.71299821
v 21.76599884 45.22600174 3.45399976
v 26.37500000 50.41100311 2.74699926
v 24.96399879 45.34800339 3.51200247
v 28.72799873 46.83100128 3.10300303
v 21.32600021 62.35300064 1.22699881
v 20.93099976 63.76600266 2.09800148
v 19.05500031 64.45899963 3.12799954
v 18.05599785 64.76699829 3.90099740
v 17.15699959 65.18199921 6.33100414
v 19.21999741 65.20300293 8.62000179
v 22.13999939 65.65200043 11.23899937
v 23.58799934 66.01100159 14.73999786
v 21.22399902 65.48500061 17.84700203
v 23.27599907 65.97200012 17.70599937
v 24.75099754 66.52400208 20.39600182
v 24.40399933 66.43900299 22.48699951
v 22.21599960 66.31999969 24.06699944
v 24.11799812 66.30200195 24.80900002
v 24.88299751 65.99400330 28.75100136
v 22.72899818 65.84200287 32.19100189
v 21.84799957 65.67900085 39.32100296
v 25.41199875 65.45100403 38.97499847
v 23.88799858 65.70200348 34.27799988
v 26.90399933 65.44200134 35.71200180
v 22.20599937 65.67100525 42.90100098
v 22.00699997 65.66300201 44.77500153
v 22.79500008 18.90700150 48.33900070
v 21.22799873 19.98100281 51.13999939
v 19.57500076 21.03000069 52.17099762
v 20.15899849 20.72600174 55.42100143
v 24.78399849 17.49400330 44.83399963
v 19.14499855 21.35800171 57.88399887
v 17.05499649 22.60800171 59.51800156
v 8.37799931 28.82200241 59.27500153
v 8.51500034 28.76400185 60.70299911
v 18.24300003 21.93500137 61.64099884
v 15.39500046 23.55500221 62.63500214
v 14.23099995 24.18300056 64.68700409
v 11.04699802 26.14300156 63.99499893
v 9.10699749 28.07200241 62.97399902
v 11.12699890 47.49500275 65.85200500
v 12.48699760 50.23200226 65.74099731
v 20.56199837 65.37400055 46.81499863
v 20.96499825 65.20000458 49.22399902
v 21.52199936 64.88100433 52.37200165
v 22.04099846 64.41400146 57.02900314
v 17.29899979 58.12600327 64.88400269
v 12.99300003 50.85900116 67.98899841
v 14.62699890 53.68099976 68.01499939
v 16.49300003 56.68200302 66.76399994
v 18.81599998 59.98900223 65.56099701
v 20.89799881 63.42600250 59.56200027
v 20.97999954 63.27899933 60.71000290
v 21.36799812 63.24600220 62.44400024
v 21.22599792 62.99900436 63.58599854
v 20.02699852 61.51000214 65.63999939
v 7.35699749 32.48900223 63.80800247
v 7.92099905 29.85700226 61.03800201
v 7.48600054 34.45700073 64.85700226
v 7.85999727 35.77400208 66.58200073
v 7.93499851 35.38000107 69.43599701
v 8.73599911 39.64900208 70.67300415
v 9.97100067 43.89200211 70.73400116
v 10.55499935 45.56800079 69.22000122
v 19.09399986 34.06200027 1.44100189
v 21.27899933 36.26100159 2.81599903
v 20.25099754 37.66200256 2.92500114
v 22.54899979 39.27500153 3.28300142
v 22.59299850 41.60100174 3.47000360
v 17.97200012 31.78900146 0.45499951
v 17.55799675 28.47500229 0.23599714
v 23.94599915 43.16100311 3.50999832
v 14.73400021 23.23000145 3.00800061
v 17.18999863 22.87600136 1.41099834
v 17.33199883 25.48700142 0.53000450
v 16.37699890 21.48800087 3.10599804
v 21.04399872 16.88000107 5.61500359
v 23.32699776 15.39800167 8.57700443
v 19.19999886 19.05100250 3.07700038
v 18.51499748 20.92900276 1.89799809
v 20.67999840 18.08800125 2.84799933
v 25.13999939 13.64400196 9.58300400
v 25.95599937 12.82700157 12.45400333
v 28.07999992 11.69100189 12.72700024
v 28.58899879 11.38800240 15.36299992
v 27.32599831 12.31600189 17.55800056
v 27.71199799 12.65600109 21.66699982
v 27.20899963 13.41500092 24.75700188
v 27.72099876 13.64600086 27.93400002
v 25.94799995 14.84100151 28.62900162
v 27.55299950 14.36200142 31.76000023
v 28.44499969 14.18300152 34.18999863
v 26.78800011 15.51900291 36.93799973
v 26.65999985 15.91900158 39.72399902
v 26.75600052 16.13000298 42.70100403
v 27.61199951 57.35700226 0.30899793
v 25.75799751 59.22900009 0.44699758
v 28.48799896 55.26000214 0.72000176
v 28.33799744 52.76700211 1.77600241
v 24.07799911 61.56200027 0.81799924
v 30.19499969 50.67000198 2.49300146
v 27.61199951 42.97700119 3.32900143
v 29.26599884 44.04100037 3.26099992
v 32.56399918 45.58000183 2.96100235
v 30.99599838 48.68200302 2.71300220
v 24.25300026 64.37800598 2.40699959
v 23.17899895 64.61800385 2.71099806
v 20.21399879 64.72600555 3.33800173
v 21.42999840 64.60600281 2.94300175
v 20.08899879 65.16799927 4.83100128
v 21.78199959 65.46700287 5.96500206
v 22.95999908 65.82199860 8.40300369
v 25.66499901 66.57099915 9.51100159
v 26.21799850 66.61900330 11.91600418
v 26.57399940 66.59400177 14.36799812
v 25.46499825 66.47800446 16.62400436
v 25.88100052 66.58499908 18.54199982
v 27.12100029 66.51399994 21.49400139
v 26.52699852 66.35200500 23.68300056
v 27.73299980 66.07600403 26.28999901
v 28.62699890 65.84500122 28.47900200
v 27.80099869 65.62200165 31.94599915
v 24.24099922 65.50700378 41.05000305
v 26.78599930 65.27899933 40.65299988
v 28.54099846 65.20100403 37.74300385
v 31.44599915 65.01800537 35.63500214
v 25.63699913 65.35400391 43.34200287
v 23.25399971 65.59500122 46.60800171
v 24.69999886 17.70500183 48.02099991
v 24.97099876 17.66500282 50.99900055
v 22.86199760 18.99300194 52.40800095
v 21.67799950 19.76600075 54.22500229
v 21.94999886 19.70600128 58.03200150
v 26.32699966 16.63400269 46.44200134
v 21.17599869 20.22400284 61.17599869
v 8.63999844 28.72200203 61.90399933
v 19.42000008 21.28600121 64.23200226
v 18.29300117 21.95000267 66.48200226
v 16.04399872 23.23500252 66.70200348
v 12.97999954 24.91400146 66.78600311
v 10.24699974 26.83800125 66.33499908
v 9.66399956 27.45300102 64.42300415
v 8.84100056 28.61700249 64.39600372
v 8.74799824 28.62000275 62.64799881
v 11.50899792 47.92300034 68.74700165
v 23.03000069 65.50099945 48.87900162
v 22.95899963 65.34000397 51.19400024
v 23.60899925 65.13100433 55.20899963
v 22.51099968 64.31600189 59.19000244
v 24.48399925 65.00099945 58.92100143
v 17.81499672 58.42000198 67.53099823
v 12.73399925 50.28800201 70.95300293
v 13.93099880 52.40100098 69.59899902
v 15.93399811 55.62300110 69.53099823
v 17.39899826 57.72000122 69.36100006
v 19.75599861 60.88100052 69.13800049
v 20.52799988 61.89200211 67.38800049
v 22.93199921 64.25499725 61.39500046
v 21.61199951 63.54199982 61.52099991
v 22.40699959 63.67600250 64.64199829
v 21.99499893 63.20600128 66.58699799
v 8.04499912 30.01400185 63.42800140
v 7.57800055 31.96800232 66.03900146
v 7.62699938 32.99600220 68.16799927
v 7.62699938 33.11400223 71.36000061
v 7.92799902 35.35700226 71.24800110
v 8.21599770 37.32000351 72.27600098
v 9.22099876 41.76800156 73.20800018
v 8.60000038 40.07200241 75.31300354
v 10.50899887 45.68000031 73.65200043
v 11.20599747 47.20500183 71.18099976
v 21.53299904 31.18200111 1.07900047
v 22.64499855 33.66300201 2.30599928
v 24.34000015 35.13800049 2.81599903
v 24.15999985 37.56400299 3.06700182
v 24.78199768 40.24200058 3.28999758
v 26.16999817 42.13400269 3.31800437
v 19.09099960 29.77400208 0.25900453
v 19.65799904 24.97900200 0.28099865
v 20.90699959 28.19100189 0.18100441
v 19.80499840 22.19300079 0.77900290
v 22.51999855 16.05500031 4.19200230
v 23.70799828 14.97800064 5.47200441
v 25.13399887 13.64400196 6.58100080
v 20.18899918 19.77800179 1.73100090
v 21.90899849 17.32200241 2.72899866
v 22.38699913 18.15100288 1.71100354
v 26.35199928 12.44200230 8.63300228
v 26.89199829 12.16800117 10.99599934
v 28.34300041 11.56800270 8.82299995
v 30.59099960 11.04900265 11.25000381
v 30.59399796 10.80600166 13.44700146
v 30.78999901 10.35000229 16.30099869
v 29.01199913 11.51600075 18.34499741
v 30.55799866 10.98000240 20.73799896
v 29.49399948 11.79100227 22.54899979
v 29.15199852 12.49400139 26.02900124
v 30.33099937 12.29500198 28.81500053
v 28.86800003 13.51800156 31.06900024
v 30.65499878 12.82500076 33.68700027
v 29.34699821 13.98900127 36.88800049
v 28.73999977 14.54900169 38.61499786
v 28.23199844 15.09600163 41.42100143
v 28.82199860 15.02100182 43.92300034
v 27.07799911 61.32100296 0.68899989
v 30.80299950 59.44499969 0.31399727
v 30.60899925 57.17100143 0.22599846
v 30.65399742 54.94100189 0.68499893
v 25.69299889 63.74800110 1.82899833
v 33.37699890 51.54000092 1.96100020
v 27.93499756 40.08000183 3.11200333
v 30.58899879 40.54800034 3.10999894
v 32.71799850 42.50699997 3.16800165
v 35.52299881 44.88800049 2.78799987
v 34.69599915 48.75600052 2.43999815
v 25.44499969 64.58000183 2.60300183
v 23.34700012 65.44300079 4.00599861
v 25.84399796 65.32700348 3.47799802
v 24.43899918 66.18600464 6.65300322
v 27.77299881 66.34500122 7.79899979
v 28.88599968 66.06600189 9.95500374
v 30.33300018 65.75500488 12.98999786
v 28.25099945 66.18600464 15.91999817
v 28.94199753 66.48000336 18.90999794
v 29.06399918 66.48500061 20.64700508
v 29.61799812 66.31999969 22.67600250
v 30.79100037 65.89800262 26.32399940
v 30.99699783 65.49000549 30.34000015
v 32.68599701 65.07800293 32.86000061
v 28.04899979 65.12100220 42.54700089
v 29.33399963 65.02799988 40.41200256
v 31.57999992 64.77799988 39.57699966
v 35.72399902 64.37300110 35.82600021
v 34.28899765 64.38200378 38.93799973
v 26.10799789 65.31500244 45.77999878
v 28.37399864 65.05999756 45.26799774
v 25.38899803 65.42400360 47.81600189
v 26.38999939 16.76700211 50.02700043
v 24.90899849 17.81200218 53.55699921
v 26.60199928 16.76200104 52.51499939
v 23.92599869 18.42900085 55.00899887
v 24.55399895 18.18300247 58.45899963
v 23.45199966 18.88200188 60.87300110
v 29.51799965 14.70000076 45.79500198
v 27.37399864 16.12600136 48.71900177
v 22.12499809 19.71000290 63.24700165
v 19.94499969 21.01700211 66.26000214
v 21.93799973 19.84600258 65.30599976
v 17.57499886 22.37900162 67.95100403
v 20.55999756 20.72300148 68.57700348
v 18.05900002 22.16000175 70.34300232
v 15.72899914 23.42400169 69.63200378
v 11.08699989 26.14500237 68.57499695
v 12.08899879 25.51200104 70.35400391
v 8.92399979 28.55700111 65.71800232
v 9.41699791 27.88800240 67.18000031
v 25.09899902 65.49100494 50.37100220
v 25.65099907 65.41899872 53.48699951
v 25.76199913 65.32700348 56.47800064
v 24.67699814 64.78100586 62.70199966
v 27.21599770 65.32099915 59.07200241
v 26.73299980 65.21500397 61.69100189
v 18.64399910 59.40500259 70.81900024
v 12.57599926 50.34000015 74.86599731
v 13.97399998 52.66400146 73.59500122
v 15.17599869 54.55500412 72.55999756
v 16.23399925 56.11800385 71.78299713
v 17.72800064 58.28900146 72.52200317
v 21.00499916 62.29200363 71.41999817
v 19.84999847 61.00500107 71.45600128
v 22.11799812 63.20300293 67.83699799
v 22.25600052 63.26399994 69.79900360
v 23.62700081 64.09300232 67.69599915
v 24.91399765 64.69400024 65.90200043
v 8.87899876 28.81400108 68.22699738
v 8.06999969 30.83200264 69.26100159
v 8.30499840 30.02000237 71.58100128
v 7.79600048 31.41500282 74.42099762
v 7.55299997 33.70300293 73.89099884
v 7.84700012 35.40000153 73.26100159
v 7.92599821 38.01600266 77.16699982
v 9.21599960 42.43100357 75.96800232
v 8.34199810 40.49800110 78.27700043
v 9.79799747 44.47500229 76.82299805
v 11.65599728 48.83300018 76.18700409
v 23.27399826 27.93900108 0.44699758
v 26.35699844 28.41300201 1.26500428
v 25.59399986 32.92500305 2.52100086
v 27.60199738 34.39400101 2.66700244
v 26.83799934 37.23500061 2.94499850
v 26.17499924 39.26800156 3.14199924
v 22.02899933 22.58400154 0.29800087
v 22.91199875 25.34800148 0.06200373
v 22.71199989 20.08700180 0.67500025
v 24.35799789 15.60900211 2.69100070
v 23.02499771 16.54600143 2.71599746
v 25.34499931 14.65300083 2.89499760
v 26.24899864 13.08300114 4.28800297
v 27.98999786 11.72100163 5.99300098
v 24.16599846 18.40400124 0.87000430
v 24.02899933 16.41000175 2.11399794
v 30.52099991 11.01100254 7.90700340
v 33.46699905 9.70700169 11.56999874
v 33.26599884 9.79500294 8.55100155
v 33.33099747 9.19800282 14.50499916
v 33.86199951 9.04800224 17.77999878
v 31.60799789 10.23700047 18.86500359
v 33.32999802 9.57000256 20.61500359
v 32.20299911 10.44600296 23.03300095
v 31.67899895 11.10000134 25.99399948
v 31.01499939 12.26900101 30.93099976
v 33.02000046 10.95600224 29.25900078
v 33.56099701 11.24200249 33.25400162
v 32.92799759 11.80400181 35.12800217
v 31.21399879 12.91300201 36.66900253
v 31.43499947 13.03800201 38.79600143
v 29.97100067 14.01500225 40.77799988
v 31.68699837 13.46300125 45.35600281
v 27.63799858 63.07200241 1.34900212
v 30.17499924 62.18900299 0.89900196
v 31.87999916 62.53600311 1.05600059
v 33.24499893 57.56200027 0.12899935
v 34.15799713 59.62200165 0.27199835
v 33.77799988 55.96700287 0.21299720
v 34.39999771 53.36300278 1.06199837
v 26.47099876 64.56800079 2.54300237
v 36.32699966 51.21600342 1.82300067
v 31.07799911 36.31600189 2.87800288
v 33.69999695 39.07600021 3.12100363
v 35.64699936 41.61600113 3.12399864
v 37.69499969 42.59200287 2.75800371
v 39.36700058 45.13800049 2.28299952
v 37.56499863 48.29100037 2.28399777
v 26.23499870 66.23200226 5.24099922
v 28.57099915 65.31300354 3.49000096
v 28.92899895 65.93000031 5.47200441
v 32.03400040 65.56600189 8.00300407
v 31.77299881 65.63500214 10.62800026
v 31.99799919 65.61800385 15.24300098
v 33.56299973 65.59200287 13.02800369
v 30.41399765 65.94000244 16.86800194
v 31.28199768 66.43500519 19.20700073
v 31.93899918 66.29900360 21.45200157
v 33.33799744 65.86800385 24.36600304
v 34.81299973 65.39500427 27.26500130
v 34.82199860 65.01300049 30.67500114
v 29.76299858 64.90000153 43.51000214
v 31.47599792 64.67900085 42.44499969
v 33.89799881 64.27700043 42.31399918
v 37.56499863 64.24700165 33.89500046
v 39.90299988 63.46900177 39.07899857
v 36.89299774 63.87800217 40.90100098
v 27.75999832 65.12000275 47.54200363
v 30.94099808 64.70500183 45.42399979
v 29.73499870 64.86299896 48.53499985
v 27.65899849 65.16600037 50.43800354
v 29.37999916 15.05000114 51.02499771
v 26.12999916 17.18600082 56.31800079
v 28.03999901 15.98400211 54.23100281
v 25.63399887 17.58600235 60.08399963
v 24.08300018 18.62200165 63.70400238
v 30.01499939 14.50300217 47.76500320
v 23.28599930 19.10800171 66.56900024
v 23.47499847 19.06900024 68.82399750
v 23.45299911 19.11800194 70.71299744
v 20.21399879 20.97600174 71.45400238
v 17.42799950 22.55800247 72.61100006
v 19.72999954 21.32700157 74.65399933
v 15.56599903 23.59400177 72.55500031
v 9.83100033 27.37700272 69.51499939
v 10.58599758 26.59600067 71.93199921
v 13.14799881 24.93800163 73.52899933
v 27.72899818 65.25199890 55.54000092
v 29.39800072 64.96900177 54.03000259
v 26.78000069 65.15900421 64.31999969
v 29.39499855 65.04000092 58.77200317
v 29.14699936 65.12800598 61.06999969
v 29.68999863 65.09600067 64.06600189
v 19.59399796 60.89200211 73.78400421
v 12.32799911 50.78000259 78.68599701
v 13.89599991 53.05000305 76.50499725
v 15.29699898 55.16799927 75.75700378
v 16.74199867 57.21900177 75.05599976
v 21.76299858 62.95600128 71.80400085
v 21.95299911 63.15200043 72.93600464
v 20.29999924 61.90100098 75.00800323
v 24.79899788 64.55000305 70.26300049
v 24.56799889 64.52000427 72.39600372
v 25.91799927 64.87900543 68.10400391
v 27.60999870 65.17900085 67.05200195
v 9.22399712 28.28700256 69.70400238
v 9.22799873 28.30100250 71.37100220
v 8.71500015 29.12000275 73.39900208
v 8.50499821 29.45900154 75.46900177
v 7.65299797 30.92400169 78.41699982
v 7.37100077 33.81300354 75.81700134
v 7.37199926 36.29600143 78.74800110
v 7.49799967 39.13300323 81.08100128
v 8.87800026 42.82500076 79.29900360
v 8.38299847 42.68900299 81.65699768
v 9.60999680 45.07700348 79.62799835
v 10.88299942 47.71700287 77.99200439
v 25.34199905 25.71400070 0.27599931
v 28.48899841 23.90900230 0.43699890
v 30.71899986 26.16400146 1.50500238
v 30.21499825 28.77200127 2.08700442
v 27.54099846 30.41000175 2.18400359
v 27.58300018 32.12500000 2.43499875
v 29.71399879 33.58300018 2.57400417
v 25.75199890 21.35000229 0.21500140
v 24.38099861 23.69700241 0.06899983
v 26.06599998 16.31900024 1.23699760
v 26.95899773 13.98300171 2.59999943
v 28.36000061 15.06400108 1.20700145
v 27.80599976 13.59500217 2.45799875
v 28.09499931 12.18900299 3.97100306
v 30.14200020 11.59500122 3.23899841
v 31.74699783 10.45100212 4.36300039
v 26.40899849 18.65600204 0.50000101
v 33.33699799 9.55500221 5.06699848
v 35.80699921 7.96300173 10.96300030
v 35.06499863 8.49700165 9.04200268
v 35.22900009 8.34800148 6.52799749
v 37.15299988 7.06300163 13.25199795
v 36.36399841 7.65300179 16.31600380
v 36.13899994 8.02700233 18.36399651
v 35.19400024 8.70100212 20.33399773
v 34.15900040 9.58400249 23.95600128
v 33.77599716 10.18000221 26.91600037
v 33.49499893 11.03800201 31.55200195
v 35.58200073 9.53400135 28.22100067
v 35.48699951 9.93700123 30.40900040
v 35.76599884 10.05600166 32.24500275
v 35.25600052 10.63800240 35.10000229
v 33.80599976 11.67500210 37.65499878
v 33.17599869 12.20000172 39.59700012
v 32.03099823 12.97700214 41.73500061
v 33.43499756 12.45100212 44.05200195
v 32.14299774 13.37200260 48.40900040
v 33.91099930 12.36800098 47.11199951
v 28.51099968 64.30300140 2.26599717
v 31.15999794 63.89500046 1.97700405
v 30.17099953 63.92000198 1.98800111
v 33.98799896 62.63600159 1.17500126
v 32.38599777 63.96200180 2.06000352
v 36.27399826 61.62700272 0.76900423
v 36.43000031 59.59200287 0.30399859
v 36.56100082 57.01300049 0.00000000
v 37.99900055 54.66000366 0.33500046
v 38.79999924 51.78000259 1.29800296
v 39.74699783 49.11300278 2.08099937
v 31.51799965 31.94300270 2.42199755
v 35.65200043 35.11400223 2.95300031
v 37.95800018 38.31700134 3.26500082
v 36.74099731 39.51600266 3.23300076
v 40.19799805 42.32600021 2.64900184
v 42.58300018 43.74900055 2.25400186
v 42.51699829 46.77900314 2.02199817
v 31.24299812 64.72900391 2.83399963
v 31.22099876 65.56700134 5.16299915
v 34.08300018 65.56600189 6.06200123
v 35.42200089 65.84600067 8.87800026
v 33.89899826 65.67199707 10.28300095
v 35.79899979 66.00700378 15.30800056
v 33.42199707 66.13500214 17.42900085
v 36.18199921 65.98999786 12.04799843
v 34.22299957 66.29399872 18.93600082
v 34.26300049 65.95500183 22.57700348
v 35.78300095 65.87799835 21.69600105
v 36.09299850 65.45000458 25.02899933
v 38.04999924 65.01900482 26.38599968
v 38.25000000 64.69400024 28.62000084
v 37.03899765 64.70400238 30.44199944
v 33.11299896 64.36000061 44.43099976
v 37.08499908 63.67200089 44.21400070
v 40.54999924 63.92399979 32.10200119
v 40.78599930 63.49500275 36.49900055
v 42.83300018 62.90200043 38.72200012
v 42.47200012 62.82000351 40.81900024
v 41.30699921 62.88900375 44.39299774
v 32.53499985 64.39600372 48.18799973
v 30.15199852 64.81900024 51.22399902
v 31.85400009 13.72800255 51.82400131
v 31.26899910 14.15200138 54.67500305
v 28.08799934 16.08300209 57.90299988
v 30.03100014 14.94300175 57.18099976
v 28.34199905 16.02700233 59.89500046
v 26.52599907 17.15000153 62.03900146
v 25.26700020 17.95200348 65.45100403
v 26.12199783 17.58000183 69.21500397
v 26.39099884 17.45500183 72.41699982
v 23.06699944 19.40600204 73.19799805
v 15.69899940 23.60200119 75.55599976
v 21.73699951 20.21900177 75.80899811
v 19.94599915 21.26000214 77.11700439
v 18.00499916 22.34800148 77.19799805
v 10.27200031 26.92900276 73.72599792
v 14.01399803 24.61300087 76.80000305
v 12.01399803 25.73000145 76.19499969
v 30.98600006 64.74000549 55.91300201
v 31.75000000 64.56000519 53.02400208
v 32.10200119 64.59200287 59.68600082
v 33.08799744 64.44599915 64.25800323
v 29.50600052 65.12500000 68.82099915
v 18.56200027 60.02600098 76.62200165
v 13.43099785 52.94499969 79.07700348
v 11.03599739 48.78600311 80.02000427
v 12.06300068 51.27900314 81.36700439
v 16.13199997 56.99800110 78.10400391
v 14.63599873 55.15800095 79.63999939
v 17.56199837 59.21400070 78.80599976
v 21.52399826 62.91900253 74.18499756
v 23.34000015 64.08200073 74.47200012
v 21.41799927 62.98100281 75.46400452
v 21.02199936 62.81399918 76.66600037
v 26.93299866 65.08599854 70.28800201
v 27.99099922 65.19800568 72.23999786
v 26.33299828 65.01100159 74.29800415
v 9.16099930 28.35400200 74.35400391
v 9.34600067 28.00700188 75.72699738
v 8.77599812 28.89800072 76.96400452
v 8.89299774 28.65600204 78.29199982
v 8.86899948 28.60300255 79.95999908
v 8.36699867 29.35400200 80.76100159
v 7.09899902 34.25400162 78.55000305
v 7.17899942 31.91700172 80.43299866
v 6.69299793 34.20400238 81.05400085
v 6.89499807 37.14500046 81.96199799
v 6.85399771 39.56600189 84.22299957
v 7.75399780 42.29500198 83.73300171
v 8.85899734 44.65500259 82.57299805
v 9.55599880 46.60600281 82.67300415
v 28.45399857 20.77500153 0.26199967
v 30.66099930 22.09500313 0.45499951
v 33.44900131 25.59800148 1.80199742
v 32.79800034 28.81400108 2.16899824
v 27.99999809 17.67100143 0.57099760
v 30.68699837 15.14200115 0.79700351
v 29.24899864 12.89900208 2.32899928
v 32.17199707 12.86800194 1.37200212
v 31.67699814 11.35100269 2.75500107
v 34.30400085 10.31800175 2.50399852
v 33.22100067 10.69700146 2.66499805
v 35.07299805 9.48000145 2.99999857
v 36.28099823 7.90700150 4.63899994
v 37.54299927 6.83200169 7.73099804
v 38.70800018 6.62400198 10.76000214
v 39.39699936 6.25500250 14.77999973
v 41.07799911 6.27400160 11.82100201
v 38.69799805 6.87100172 18.28999901
v 37.36000061 7.71600199 20.33200073
v 36.19699860 8.48400211 22.32600021
v 36.38700104 8.72200203 25.45000267
v 37.85799789 8.69400215 29.35200119
v 38.46999741 8.66700172 30.94100189
v 38.37899780 8.88600159 32.57500076
v 36.79999924 9.96600056 35.62800217
v 35.95399857 10.78800106 39.65299988
v 34.31499863 11.82100201 41.82600403
v 36.02099991 11.20500278 44.37200165
v 32.46699905 13.30500126 50.10899734
v 34.50399780 12.25300121 50.47700119
v 36.22900009 11.23100185 47.14300156
v 36.26099777 63.71600342 1.99100375
v 34.09399796 63.86400223 2.02400231
v 32.74799728 65.29100037 3.95999861
v 38.90200043 60.52899933 0.49500167
v 37.60499954 62.68400192 1.34400272
v 39.38499832 57.34900284 0.04100055
v 41.11299896 52.99000168 0.71699917
v 42.25600052 49.49300003 1.79800391
v 35.58799744 31.56200218 2.50200176
v 39.21899796 35.97400284 3.17899895
v 40.00500107 33.34700012 3.02799797
v 40.94599915 37.56900024 3.27200437
v 43.67699814 40.56400299 2.61899829
v 44.61999893 44.93400192 1.99200213
v 45.31599808 48.16200256 1.76100433
v 35.20299911 65.15800476 3.68300080
v 36.51300049 65.98500061 7.05499935
v 37.97900009 66.04299927 9.80500126
v 37.51399994 66.06100464 13.83600426
v 39.69699860 65.60200500 15.26900387
v 38.72100067 65.89500427 17.59500122
v 36.84500122 65.98799896 19.47800064
v 39.63999939 65.37100220 12.65399933
v 37.97699738 65.41200256 23.21600151
v 40.09499741 64.77799988 25.35400200
v 40.60599899 64.20899963 29.18000221
v 36.19199753 63.74200058 47.23400116
v 39.74200058 63.06600189 47.21500015
v 44.38899994 63.23800278 31.37100029
v 42.73299789 63.39000320 33.39699936
v 42.50099945 63.21300125 35.79400253
v 44.77199936 62.58000183 36.90500259
v 44.97399902 62.30600357 39.49500275
v 44.91899872 62.15200043 42.15999985
v 44.55299759 62.07799911 44.88500214
v 43.50099945 62.24400330 47.76700211
v 35.54700089 63.80200195 50.39799881
v 33.96599960 12.65300274 53.54499817
v 33.45899963 13.07800198 57.76000214
v 31.68099976 14.14200115 60.81000137
v 28.89599800 15.76300144 62.27799988
v 27.19199753 16.82700157 64.34899902
v 26.88399887 17.05600166 67.12500000
v 28.84700012 15.91800117 66.93600464
v 29.37199974 15.69400215 70.10900116
v 28.66699982 16.13800240 72.16000366
v 26.42799950 17.51600266 74.81200409
v 24.42999840 18.67900276 76.12899780
v 16.20499802 23.42800140 79.08399963
v 22.54100037 19.80800247 78.04000092
v 20.74399948 20.84300232 79.16500092
v 18.99099922 21.87800217 80.67600250
v 13.61800003 25.00200272 80.50399780
v 10.15299892 27.17500114 78.58399963
v 11.64399815 26.20100212 80.14399719
v 33.27499771 64.29800415 56.42100143
v 35.02999878 63.90000153 52.81600189
v 35.43999863 63.90500259 59.84900284
v 34.73600006 64.08200073 62.16699982
v 36.12099838 63.83800125 65.98799896
v 33.98499680 64.30599976 68.68700409
v 30.76499939 64.93800354 72.27600098
v 32.72200012 64.56900024 71.16999817
v 19.23399925 61.51000214 79.13999939
v 20.57099915 62.67600250 78.17700195
v 13.36099911 53.65299988 81.32399750
v 10.68899822 49.02300262 82.17600250
v 10.67299747 50.15000153 84.33399963
v 12.58200073 53.41799927 83.74500275
v 14.48800087 55.71700287 81.71900177
v 16.28799820 57.94800186 80.41500092
v 16.76600075 59.88000107 83.55100250
v 18.19599724 61.18200302 82.04599762
v 22.46099854 63.69600296 76.07800293
v 24.82899857 64.77300262 76.73100281
v 28.45800018 65.19800568 75.35400391
v 9.14599705 28.24700165 81.94200134
v 7.21199799 31.10600090 83.78800201
v 8.11199856 29.66500092 82.27899933
v 6.66699934 32.97400284 82.58699799
v 6.12499952 34.98100281 84.02899933
v 6.03399801 37.27300262 85.39900208
v 6.51499987 41.22300339 86.81200409
v 8.17300034 44.71599960 85.15000153
v 9.05799866 47.82300186 85.97699738
v 30.26699829 17.97700119 0.42799860
v 31.17399788 20.39900208 0.27000159
v 33.92100143 22.22300148 1.04100251
v 36.04800034 25.34100151 1.90100074
v 35.61399841 28.08600235 2.10100412
v 33.53300095 15.77900124 0.54900348
v 33.07099915 18.88700294 0.25900453
v 34.68099976 12.09500217 1.23000145
v 32.63499832 11.31900215 2.31800222
v 36.41099930 10.96200180 1.39500201
v 36.30799866 9.08800220 2.82000017
v 38.40900040 7.65100098 3.33700323
v 39.91199875 6.45700073 6.08099985
v 40.76899719 6.34900093 8.68099976
v 41.43799973 5.60400248 14.85200214
v 40.56599808 5.99200106 17.18900299
v 43.99800110 5.27400160 9.29900265
v 44.22900009 5.18200159 11.98799896
v 43.89599991 4.89200115 14.08400345
v 39.99699783 6.58400154 20.40100098
v 37.92099762 7.69200182 22.52799988
v 38.93399811 7.75400162 26.53000069
v 40.81599808 7.25600147 28.36500168
v 40.94499969 7.56400251 30.47000313
v 41.88499832 7.52600098 33.20800018
v 39.35599899 8.74700165 34.63000107
v 38.68899918 9.32600117 37.34500122
v 38.04699707 9.83300209 39.42900085
v 36.09399796 10.95000076 42.35400391
v 37.94099808 10.06400204 42.17399979
v 38.45999908 10.10900211 45.09299850
v 37.04499817 11.01500130 50.83200073
v 37.46400070 10.92400169 52.68799973
v 38.42900085 10.21500111 47.33100128
v 38.25899887 10.37400246 49.34799957
v 38.25699997 64.64600372 3.34899879
v 40.38899994 60.28300095 0.48000365
v 38.79800034 61.94200134 1.02999806
v 39.76499939 63.02000046 1.76499784
v 42.31999969 55.44000244 0.08899719
v 41.72200012 57.79100037 0.20299852
v 43.46799850 53.79400253 0.32600015
v 44.82199860 50.35100174 1.39500201
v 38.25099945 30.49200249 2.49200320
v 43.02999878 36.60400009 3.28800082
v 41.21699905 31.39200211 2.85799789
v 43.70000076 33.98200226 3.29200172
v 46.70599747 41.73500061 2.13300443
v 49.02299881 39.74500275 2.13000178
v 45.20599747 36.97900009 3.09900188
v 48.63100052 44.56300354 1.78000331
v 47.81599808 48.99000168 1.55100226
v 38.22999954 65.75800323 5.78900433
v 40.23199844 65.13899994 8.84199905
v 41.61399841 64.73699951 13.17600155
v 41.62899780 65.36499786 16.78299904
v 43.29599762 64.56500244 14.48299694
v 39.99200058 65.36499786 20.79199982
v 41.78699875 65.20200348 19.01999855
v 42.49900055 64.45600128 9.94899845
v 42.34799957 64.08699799 27.41600227
v 42.47999954 64.51700592 23.85300064
v 44.83099747 63.37900162 29.19499969
v 40.69599915 62.81500244 50.74300385
v 47.68999863 62.50100327 30.65900040
v 47.82399750 62.15700150 33.21799850
v 45.14199829 62.79899979 34.02300262
v 47.33799744 61.98200226 35.95200348
v 47.48299789 61.71900177 38.58800125
v 47.92099762 61.24000168 43.28599930
v 50.02499771 60.71700287 41.15100098
v 46.12400055 61.59300232 46.70700073
v 43.50699997 62.13900375 52.53799820
v 46.43199921 61.38700104 49.93099976
v 39.65299988 63.00500107 53.24100113
v 36.64699936 11.36400223 54.38800049
v 35.51900101 11.98700237 56.20000076
v 33.79800034 12.98600292 60.52199936
v 36.72499847 11.40800095 57.58499908
v 35.91299820 11.92900181 60.49700165
v 32.75199890 13.61000156 62.84000015
v 29.80900002 15.29600143 64.21199799
v 31.20100021 14.55300140 65.69200134
v 31.40799904 14.49000072 68.48600006
v 31.20299911 14.65200233 71.31700134
v 29.47899818 15.72900295 75.56400299
v 26.63399887 17.44800186 77.66300201
v 25.17499924 18.31000137 78.92800140
v 16.53099823 23.31000137 80.90799713
v 15.00000095 24.29500198 83.14500427
v 22.49499893 19.87000275 80.10600281
v 24.49199867 18.73700142 80.75700378
v 22.03399849 20.19000053 82.07500458
v 17.44199944 22.85400200 83.41699982
v 20.16899872 21.28800201 83.87699890
v 11.89799976 26.19800186 83.19799805
v 36.52099991 63.63600159 55.19599915
v 35.50499725 63.84700012 57.12400055
v 37.74900055 63.44300079 60.84100342
v 38.46400070 63.26600266 58.28800201
v 38.14399719 63.38700104 63.86800003
v 36.45199966 63.80800247 68.53299713
v 39.25399780 63.16300201 68.47499847
v 41.67099762 62.60100174 65.70999908
v 37.20899963 63.63900375 71.09999847
v 35.15399933 64.06900024 71.93600464
v 31.89299965 64.72600555 74.51599884
v 35.10300064 64.07500458 75.43800354
v 19.91099930 62.79600143 81.30899811
v 20.50199890 62.91900253 79.75000000
v 22.41499901 64.04100037 79.43499756
v 10.79899788 51.76400375 86.43199921
v 13.69800091 55.85600281 84.67300415
v 12.55299854 54.51200104 85.67400360
v 15.24899864 57.59600067 83.27400208
v 15.24499798 59.36900330 86.58599854
v 18.70099831 62.24900055 83.46900177
v 17.27600098 61.80400085 86.23000336
v 18.10599899 62.13700104 84.91100311
v 19.49399948 62.59300232 82.12300110
v 25.24999809 64.94300079 78.68900299
v 27.34799957 65.19200134 77.36199951
v 30.15999794 64.98699951 77.29900360
v 9.50099945 27.99900246 84.15499878
v 7.99299765 29.74500275 83.85099792
v 7.66899824 30.16200256 84.84300232
v 6.04799747 33.51300049 86.02300262
v 6.57000017 31.89500237 86.52400208
v 7.42799807 30.44600105 86.07600403
v 5.44599819 35.08800125 87.37400055
v 5.16200066 37.29800034 88.22000122
v 4.81199837 38.87300110 90.02200317
v 5.56600094 42.14500046 90.05899811
v 7.16799879 45.02400208 88.37799835
v 7.38199806 47.28499985 89.74800110
v 9.38199806 50.38500214 88.17400360
v 36.73299789 19.02200127 0.66000223
v 37.67300034 20.53900146 1.24200439
v 36.79899979 22.80600166 1.64400041
v 38.94599915 23.41400146 1.81200361
v 39.79399872 26.33400154 2.05799937
v 37.31799698 13.20600128 0.76900423
v 37.32199860 15.09600163 0.47300011
v 35.44699860 17.30400085 0.32400340
v 37.68700027 9.05400181 2.28500366
v 38.81100082 11.68000126 0.88400394
v 39.89799881 7.73800182 2.67200184
v 39.69599915 6.86300182 3.92299891
v 39.66600037 9.05400181 1.67699909
v 41.90599823 6.11600113 3.90300155
v 42.40999985 5.86100101 6.92699862
v 42.75000000 5.14000082 17.02599907
v 44.01499939 5.19000196 5.78200054
v 46.86299896 3.60300016 7.96300173
v 47.08300018 3.46600270 9.92300320
v 46.80699921 3.67800140 12.30700302
v 45.74399948 4.00600195 14.25400352
v 39.67599869 7.00300169 22.82200050
v 41.80399704 5.92000246 21.28200150
v 41.32500076 6.50600147 24.22400284
v 43.27000046 6.00600243 25.97299957
v 43.91600037 6.12000179 28.44300079
v 43.08499908 6.86700249 31.38400269
v 45.24900055 6.27300167 33.11100388
v 42.62999725 7.50700188 35.60400009
v 40.67699814 8.44100094 36.82200241
v 40.63899994 8.62300205 38.81200027
v 40.40999985 8.93900204 41.50200272
v 40.83099747 8.94300270 43.45900345
v 40.75399780 9.09700203 45.50400162
v 39.70499802 9.81700230 51.05400085
v 40.66399765 9.47700214 52.42599869
v 39.41500092 10.09800053 55.29999924
v 40.42399979 9.37100124 48.19900131
v 41.64199829 63.73600006 2.75199866
v 40.10699844 65.05100250 5.10600185
v 40.12699890 61.88600159 1.10799813
v 42.35400009 60.01300049 0.54500252
v 41.72200012 61.64400101 1.10799813
v 44.43700027 59.35000229 0.54699928
v 45.09700012 56.26800156 0.22500008
v 45.31999969 53.06900024 0.50800294
v 47.42599869 51.40500259 0.93000382
v 40.76199722 28.49000168 2.36300373
v 45.06100082 30.57100105 3.05200362
v 46.10799789 34.18400192 3.33899999
v 51.08799744 35.80800247 2.68799806
v 48.26099777 35.00000000 3.17800045
v 53.08399963 38.78499985 1.97300315
v 51.79000092 41.73200226 1.75700331
v 50.22299957 46.90200043 1.62199879
v 52.14699936 44.44499969 1.65600324
v 50.54000092 48.88300323 1.44699955
v 50.15900040 51.37200165 0.76799840
v 42.25699997 64.44700623 6.06299925
v 44.17799759 64.15200043 12.23900127
v 44.92099762 64.73400116 16.38899803
v 46.40200043 64.17800140 13.77400017
v 44.31599808 64.47299957 21.05899811
v 44.94899750 64.05300140 8.72500229
v 44.45100021 63.83800125 25.83699989
v 45.77199936 63.78600311 23.74099922
v 46.39299774 63.36900330 26.21199989
v 48.66600037 62.49200058 28.57400131
v 50.20199966 61.75000381 30.78000259
v 50.59600067 61.12800217 34.92900085
v 51.63499832 61.05100250 32.61800003
v 50.00699997 60.98300171 37.96299744
v 51.35099792 60.16699982 43.04300308
v 50.01599884 60.48300171 45.35800171
v 51.72399902 60.23900223 39.53900146
v 53.18799973 59.68400192 40.98500061
v 48.16699982 60.92900085 48.38600159
v 41.54199982 62.59799957 55.67300034
v 45.92599869 61.44900131 53.78800201
v 44.14299774 61.88500214 54.81800079
v 48.24900055 60.80300140 52.05400085
v 49.56999969 60.44499969 50.08800125
v 35.60900116 12.10000134 62.66600037
v 38.75699997 10.46000195 57.84099960
v 37.77700043 10.99800110 60.31700134
v 33.25299835 13.41300297 65.16400146
v 32.78399658 13.66900063 67.63500214
v 33.76499939 13.21900272 69.74600220
v 32.23399734 14.08500195 72.76699829
v 31.92399979 14.29000092 75.10199738
v 28.02299881 16.62700272 78.59899902
v 31.45299911 14.64500046 80.29499817
v 27.01499939 17.28100204 80.96400452
v 15.09599781 24.33500099 85.96600342
v 25.52799797 18.18000221 82.69699860
v 23.29099846 19.47000313 83.53500366
v 22.19799995 20.19400215 85.71500397
v 17.75299835 22.76300240 85.70800018
v 20.12500000 21.37400246 86.59000397
v 11.40799713 26.74200249 86.14399719
v 40.10799789 62.92200089 61.08700180
v 42.72100067 62.29700089 58.83599854
v 41.63899994 62.62300110 63.70800018
v 42.35400009 62.41000366 68.71900177
v 39.71099854 63.08600235 71.51799774
v 44.41600037 61.84700012 63.76800156
v 45.08300018 61.69300079 65.53900146
v 44.42399979 61.84300232 67.15299988
v 38.25000000 63.41300201 75.38700104
v 32.52099991 64.54700470 77.06500244
v 35.67599869 63.94400406 77.90299988
v 21.53599739 64.08300018 83.00800323
v 24.15299988 64.77000427 80.01599884
v 23.93199921 64.91699982 83.06900024
v 11.37799740 54.32500076 88.31800079
v 13.45900059 56.56600189 86.48000336
v 14.15599918 58.62700272 87.96700287
v 14.86099911 60.81500244 89.70200348
v 15.73899746 61.07500076 88.39099884
v 16.79199982 61.68800354 87.18499756
v 19.05899811 62.96900177 84.80200195
v 18.84899902 63.48500061 87.26699829
v 27.53399849 65.22499847 78.87699890
v 27.58199883 65.21900177 80.91999817
v 32.01699829 64.59999847 79.34100342
v 29.81599998 64.97399902 79.45100403
v 8.87100029 28.68100166 86.54800415
v 5.92900085 32.63000107 89.11599731
v 7.04799986 30.91300201 87.49900055
v 5.06699848 34.45900345 89.95899963
v 4.39899778 36.43800354 91.05200195
v 3.84499884 38.48400116 92.66500092
v 4.15899992 41.37900162 92.93800354
v 5.47000027 44.39600372 91.78399658
v 8.30800056 50.62600327 90.72299957
v 5.78900051 47.77900314 93.67600250
v 9.89899826 53.45700073 90.43600464
v 37.93199921 17.36200142 0.45700371
v 40.57299805 18.57200241 1.12400198
v 41.04299927 20.43100166 1.62400305
v 43.91499710 22.09800148 1.85099983
v 44.16799927 26.21500206 2.26499891
v 40.83200073 14.59700203 0.41100383
v 39.68899918 16.52700233 0.48000365
v 41.14999771 10.62100220 0.90999901
v 40.88199997 7.64200115 2.37099838
v 42.42099762 8.56200218 1.29999971
v 42.02499771 7.17700100 2.40200019
v 43.14699936 7.03300142 2.10700178
v 43.88100052 6.36700153 2.50700116
v 44.20499802 5.25900173 4.00099897
v 45.71400070 4.19099998 18.23200226
v 46.82399750 3.84100151 5.01099968
v 49.29199982 2.84400201 7.05599785
v 50.04000092 2.73300338 8.79900169
v 48.62999725 2.90100288 11.21599960
v 49.28199768 2.83500171 12.71200180
v 48.90299988 2.85000348 14.77599907
v 44.80299759 4.97300196 22.40500259
v 47.13100052 4.68600178 26.07600021
v 45.79299927 5.78100252 30.63199997
v 48.13899994 5.43800163 33.83300018
v 46.14599991 6.22800159 35.17499924
v 43.43799973 7.50400114 38.35300064
v 45.95299911 6.48100138 37.43099976
v 42.54899979 8.03500271 40.81800079
v 42.46099854 8.34500217 43.91699982
v 42.79499817 8.33300114 46.71899796
v 42.20000076 8.72000122 49.83700180
v 44.44899750 7.94300270 52.07899857
v 42.51699829 8.76100159 54.34400177
v 40.51799774 9.71100140 59.69100189
v 42.71400070 8.78800297 58.24800110
v 43.17399979 61.67400360 1.27200031
v 43.57199860 63.67500305 3.26599932
v 43.68600082 60.91500092 0.95599890
v 46.86299896 57.93400192 0.57600439
v 46.81399918 60.38100052 1.08999753
v 45.73500061 61.13200378 1.29999971
v 47.29800034 53.79199982 0.31100214
v 48.71299744 55.97600174 0.45599788
v 49.38899994 54.09600067 0.33699721
v 47.76399994 28.64500237 2.98000121
v 48.19899750 31.18200111 3.28600407
v 53.39999771 33.34000015 3.10099864
v 49.82299805 33.89800262 3.21599841
v 54.43899918 36.62900162 2.28600216
v 55.63100052 38.31000137 1.95699930
v 55.57099915 40.58000183 1.72200060
v 54.55899811 43.79200363 1.60700083
v 53.12299728 47.04000092 1.56699872
v 52.48899841 51.97700119 0.50000101
v 53.35799789 49.67300034 1.02499866
v 51.61700058 54.99300003 0.57400018
v 44.42599869 64.04100037 5.82999754
v 46.35400009 63.99300003 10.43700409
v 47.75799942 64.18299866 14.78999901
v 47.05799866 64.13100433 18.14799690
v 48.22800064 64.01399994 11.79300213
v 48.05699921 63.41300201 21.99200249
v 46.65999985 63.93400192 7.13600206
v 48.05599976 63.05000305 25.25100136
v 51.94599915 61.32200241 29.86800003
v 50.68899918 62.14600372 26.44500160
v 54.13800049 60.03600311 33.71500397
v 53.57099915 59.90000153 36.59899902
v 55.11499786 60.25300217 29.55500031
v 53.23399734 59.83200073 38.60000229
v 53.45899963 59.37200165 44.09700394
v 51.55899811 59.90400314 46.37200165
v 50.97999954 60.03900146 48.43600082
v 54.93999863 58.91699982 42.21700287
v 43.60899734 62.00300217 57.25600052
v 48.40599823 60.75500107 55.30500031
v 46.18999863 61.39200211 56.20400238
v 50.99900055 59.87300110 52.82099915
v 50.06999969 60.17700195 54.41600037
v 51.83399963 59.64599991 50.55899811
v 35.45100021 12.23500252 64.94000244
v 38.48500061 10.67100048 62.59000015
v 38.66799927 10.64700222 65.00199890
v 39.91199875 10.01800251 61.27300262
v 34.74699783 12.59700203 67.20700073
v 35.15799713 12.48100185 73.13800049
v 35.98600006 12.01900101 69.14800262
v 34.27299881 12.99400234 75.24900055
v 33.87500000 13.25500202 77.59100342
v 28.96299934 16.13800240 81.56900024
v 33.42499924 13.57700157 82.63899994
v 31.64299965 14.58500099 83.45700073
v 28.11399841 16.66300201 83.38899994
v 12.49999905 26.13500214 88.84400177
v 15.27499771 24.34200096 88.57099915
v 25.81699944 18.08100128 85.58000183
v 24.06999779 19.06500244 86.15799713
v 22.66099930 19.92400169 88.01599884
v 17.86899948 22.75400162 88.17800140
v 19.59900093 21.73200226 88.91100311
v 21.30599785 20.72200203 89.51799774
v 10.24699974 27.66400146 87.79100037
v 43.14400101 62.10400009 61.56500244
v 44.95999908 61.78400040 59.46100235
v 45.35899734 61.60400391 69.02300262
v 41.88199997 62.55200195 72.44799805
v 46.19099808 61.30700302 63.10300064
v 48.00000000 60.77200317 64.52100372
v 47.40699768 60.95400238 67.50399780
v 42.51499939 62.37700272 77.11900330
v 40.52000046 62.88100052 78.87000275
v 38.48299789 63.34300232 79.64199829
v 36.05999756 63.85200119 80.26300049
v 33.57899857 64.29700470 81.35400391
v 21.29299927 64.35600281 85.41300201
v 26.53800011 65.22700500 82.26200104
v 24.36199951 65.16100311 86.22499847
v 26.30899811 65.21900177 84.48699951
v 12.78099823 57.61800003 89.48400116
v 11.25099850 57.27799988 91.98699951
v 16.38299942 62.57800293 89.91899872
v 13.86399937 60.28500366 90.87699890
v 14.47299862 61.44200134 91.48999786
v 19.80199814 64.41200256 89.58399963
v 29.52299881 64.91799927 82.62799835
v 31.54799843 64.62599945 81.69000244
v 8.27600098 29.32500267 88.98600006
v 6.09900045 32.07700348 90.94000244
v 7.07799959 30.76900101 88.62400055
v 6.76500034 31.10100174 89.93700409
v 5.58299923 32.60800171 93.13400269
v 4.80400038 34.02400208 92.91899872
v 3.96599984 36.24800110 93.34000397
v 3.31299758 39.39000320 94.44799805
v 3.19200015 42.18800354 96.27300262
v 4.43799782 44.49600220 94.35600281
v 6.90799952 51.27500153 94.40900421
v 8.14199829 53.09100342 93.65699768
v 4.14700079 45.84200287 96.39800262
v 4.58299732 47.70500183 96.97699738
v 5.58399773 49.50800323 95.89800262
v 9.70099831 54.81600189 92.29199982
v 42.98899841 15.42800140 0.51599741
v 43.76599884 18.79700089 1.53999782
v 47.42300034 17.93000031 1.62100053
v 49.28599930 19.64200020 1.93600357
v 47.79800034 24.19500160 2.25599861
v 43.93499756 13.16400242 0.35399944
v 44.18600082 10.39400101 0.68700314
v 44.40200043 7.63200235 1.36700273
v 45.30799866 6.31300163 2.02599907
v 45.86000061 5.41200113 2.69299746
v 49.28899765 3.01800299 17.51500320
v 50.18499756 3.06400275 19.82899666
v 47.92599869 3.93700218 21.99099922
v 47.81200027 4.94000149 2.49099731
v 49.10300064 4.01600075 3.18799925
v 49.27899933 3.13900042 4.97700262
v 51.07199860 2.94000292 5.80099964
v 53.35899734 2.69400334 8.54100323
v 51.40399933 2.88000321 10.35200024
v 51.83499908 2.80200315 13.14999866
v 51.68000031 2.33900166 15.96999931
v 47.97499847 5.09700203 30.50500107
v 49.77799988 4.07100105 27.27000046
v 51.45899963 3.26000166 24.15700340
v 50.23600006 4.68400097 32.40999985
v 50.31399918 4.91300201 34.74000168
v 49.83699799 5.30700207 36.99399948
v 48.22200012 5.83100128 37.72700119
v 46.89699936 6.39900208 39.84300232
v 44.20999908 7.43800211 40.63599777
v 44.63999939 7.45800114 43.21699905
v 45.27499771 7.34500217 45.60600281
v 45.14500046 7.55400229 48.46699905
v 47.98199844 6.68200111 50.95500183
v 46.21899796 7.41500235 54.97100067
v 42.67699814 8.86300182 61.49200058
v 45.38499832 7.78800249 57.98699951
v 44.79999924 8.02400112 60.09800339
v 44.50299835 61.95000076 1.60600245
v 45.78799820 63.67500305 4.18700266
v 48.32500076 59.83100128 1.05900311
v 47.40900040 61.43800354 1.78600097
v 47.23399734 62.85300064 3.11600423
v 51.63899994 58.12600327 1.00699806
v 50.76899719 27.57500267 3.03299713
v 51.34700012 31.86100197 3.34300089
v 53.34600067 29.52500153 3.28499818
v 56.16500092 30.60900116 3.27300286
v 57.65599823 35.36100006 2.34799838
v 60.06900024 38.43000031 1.78299844
v 59.44599915 40.48400116 1.64599717
v 56.84000015 42.78600311 1.58400083
v 56.71500015 45.34200287 1.51300430
v 55.78400040 49.48400116 0.77699870
v 55.60899734 51.82099915 0.50199777
v 54.77199936 55.00800323 0.82200021
v 49.00099945 63.86500168 8.90400219
v 49.72200012 63.66800308 14.25400352
v 48.89699936 63.80000305 16.58499908
v 50.65200043 62.93700409 19.74900055
v 50.97200012 62.87599945 11.29499817
v 50.13599777 62.74200058 22.92000198
v 48.84299850 63.58300018 5.15399885
v 53.37199783 61.11899948 27.73100090
v 52.63499832 61.65999985 25.51099968
v 56.48500061 59.49700165 30.96799850
v 56.26699829 59.32900238 32.86600113
v 55.93000031 59.06600189 36.09500122
v 56.52899933 58.58700180 38.64200211
v 57.77199936 59.44499969 27.84300232
v 55.40100098 60.46000290 27.07099915
v 56.21099854 58.52800369 40.91500092
v 53.18600082 59.26700211 47.12400055
v 56.52899933 58.17800140 44.13800049
v 54.74399948 58.70199966 46.42000198
v 53.73600006 58.92100143 50.99499893
v 45.56699753 61.57800293 57.79700089
v 48.08900070 60.73900223 57.92499924
v 50.67499924 60.01100159 56.73900223
v 52.69199753 59.22300339 53.70000076
v 36.92799759 11.51200199 66.56800079
v 41.18600082 9.51100159 63.39700317
v 40.45000076 9.92000103 66.61900330
v 38.39699936 10.83500099 67.62400055
v 37.09399796 11.46900082 70.11699677
v 38.43600082 10.82500267 71.76599884
v 38.46400070 10.88200092 74.86100006
v 36.35400009 11.91100121 76.92400360
v 35.18399811 12.54200172 79.27799988
v 35.24200058 12.58100224 83.22100067
v 33.45600128 13.57600117 86.72200012
v 29.88399887 15.66900158 85.61800385
v 31.49199867 14.73800087 86.23000336
v 27.46499825 17.13400078 85.94699860
v 9.83699799 28.22200203 91.24500275
v 12.39699841 26.39300156 91.79599762
v 16.54499817 23.61000061 90.41400146
v 14.36099815 25.15900040 93.49300385
v 25.44599915 18.29700089 87.42200470
v 23.68000031 19.36900330 89.52899933
v 18.34299850 22.56300163 90.34899902
v 19.95099831 21.69200134 91.41500092
v 23.36699867 19.60800171 91.95100403
v 21.32799911 20.75100136 92.27700043
v 46.60699844 61.16500092 61.17399979
v 47.74699783 60.88200378 59.81000137
v 48.21599960 60.67400360 71.24400330
v 46.30400085 61.29800034 72.14900208
v 44.52799988 61.84800339 74.69999695
v 49.43799973 60.35100174 61.78800201
v 50.53599930 59.94800186 63.07400131
v 50.16799927 60.00900269 65.05400085
v 49.49699783 60.20200348 67.26200104
v 49.52399826 60.22000122 69.87599945
v 46.26499939 61.33300400 78.65800476
v 42.06900024 62.50600052 80.91200256
v 45.25500107 61.61400223 80.94799805
v 37.40100098 63.56300354 83.07199860
v 39.26599884 63.16000366 83.69100189
v 35.01599884 64.01599884 82.83200073
v 32.83599854 64.38500214 84.53600311
v 22.64499855 64.98799896 87.89800262
v 26.76300049 65.01399994 89.06400299
v 27.36299896 65.02799988 86.85800171
v 23.72800064 65.16899872 89.88100433
v 29.65399933 64.80699921 85.28299713
v 8.95600033 55.36199951 94.48300171
v 11.04299736 58.58600235 94.13700104
v 13.74400043 60.86700058 91.99200439
v 12.91399860 60.61400223 93.18000031
v 18.30299950 64.18000031 91.70200348
v 16.14800072 63.25699997 92.37300110
v 14.15099907 62.30500031 93.72299957
v 21.89299774 65.04499817 90.49900055
v 20.15999985 64.88600159 92.85299683
v 7.13099909 30.59100151 91.87599945
v 7.15699768 30.66100121 93.70300293
v 5.24700069 32.95400238 94.85500336
v 4.16899824 34.60500336 95.83100128
v 3.34899879 36.73700333 95.89399719
v 2.68599772 39.26000214 97.02799988
v 2.55699825 41.77400208 98.36000061
v 3.11600041 44.85400391 99.06800079
v 6.54399776 53.04200363 97.90100098
v 7.82099724 55.17600250 97.30699921
v 3.79899883 46.98400116 98.95899963
v 4.97999763 49.72400284 98.04100037
v 45.71599960 15.91400242 0.87600201
v 49.09199905 14.95500088 0.84700435
v 51.02000046 16.44200134 1.49100280
v 51.15999985 22.72500229 2.33100367
v 53.58399963 18.14500237 2.09099793
v 53.76099777 21.69000244 2.41400290
v 46.56699753 11.22900105 0.35800040
v 46.15999985 8.14400196 0.90700388
v 47.93999863 6.43200254 1.26399851
v 46.85300064 5.39700127 2.37999868
v 51.38599777 3.00600004 21.90600014
v 53.84099960 1.90300119 16.23000145
v 54.43999863 1.97700036 19.32500267
v 48.68799973 5.16100216 2.03599787
v 50.11599731 5.16100216 1.68900192
v 51.16399765 4.13500166 2.42700434
v 51.28899765 3.17100072 3.99800396
v 53.84099960 2.58800006 5.69300365
v 53.69400024 2.63100123 10.82000160
v 55.38299942 2.16800356 7.68099737
v 55.87400055 2.01800084 10.77599812
v 54.30299759 2.47200203 13.42000103
v 51.29499817 4.07900286 29.93699837
v 52.46599960 3.42700267 27.27000046
v 55.13000107 2.53800297 24.56600189
v 54.82899857 2.86000228 26.85900116
v 53.16199875 3.90100098 32.04700089
v 52.60699844 4.35600042 35.15000153
v 49.86000061 5.60600138 40.68799973
v 53.29700089 4.45800257 37.77500153
v 51.72800064 5.03400135 39.76900101
v 46.92699814 6.53300238 41.86300278
v 46.71799850 6.75400162 43.65400314
v 48.12400055 6.42200184 45.99700165
v 48.71599960 6.32800150 48.15300369
v 50.01099777 6.16600180 53.58700180
v 51.61399841 5.59700108 50.19000244
v 48.37500000 6.71100235 55.94100189
v 42.65699768 8.90300274 63.89800262
v 44.61899948 8.14700127 62.15999985
v 49.29299927 6.52900171 57.48700333
v 47.90200043 6.93100119 59.34099960
v 48.17200089 6.88400126 61.36100006
v 50.24099731 60.46700287 1.66399777
v 49.03300095 61.16300201 1.92499900
v 49.84299850 62.38100052 3.41200089
v 51.80599976 59.39600372 1.45900249
v 54.07399750 58.52700043 1.46400189
v 53.12099838 58.99500275 1.52199721
v 54.14699936 26.16800117 3.02699947
v 56.38800049 27.75500107 3.22099781
v 59.18199921 29.38000107 3.22700286
v 59.53999710 32.31300354 2.77899957
v 60.82600021 35.73900223 2.04999733
v 62.08399963 38.17900085 1.76499784
v 62.89899826 40.31800079 1.58999860
v 59.14899826 43.63899994 1.50000310
v 62.64500046 42.43000031 1.33000314
v 57.60099792 47.56600189 1.04600191
v 59.82099915 45.94300079 1.07499957
v 58.34600067 50.55100250 0.45400113
v 57.20599747 53.33000183 0.77100098
v 57.19799805 55.43899918 1.07599795
v 55.46799850 58.11899948 1.55000389
v 57.84799957 57.03000259 1.52700400
v 51.22599792 62.65700150 8.19100475
v 50.77099991 62.87800217 5.80900145
v 51.86999893 62.55400085 13.07699871
v 51.22599792 63.12100220 16.42899895
v 52.96999741 62.19499969 19.64800072
v 51.98399734 62.30100250 21.62800026
v 53.52799988 61.62400055 11.82000351
v 53.11199951 61.67700195 9.09499836
v 52.94699860 61.77099991 23.38699913
v 55.12099838 60.97800064 23.89300156
v 59.72000122 58.46300125 29.08699989
v 58.59899902 58.54400253 31.49799919
v 58.66299820 58.25400162 33.64099884
v 58.24699783 58.06200027 36.54500198
v 59.16799927 57.51300049 38.50000000
v 58.77000046 57.46700287 40.64100266
v 60.36000061 58.51400375 26.83700180
v 57.89699936 59.79500198 24.97700310
v 59.68099976 59.04300308 25.11400032
v 58.94699860 57.25900269 42.81999969
v 56.33799744 57.99500275 47.99700165
v 55.15900040 58.38200378 50.39099884
v 58.57799911 57.17900085 45.27400208
v 55.48799896 58.15299988 53.11600113
v 50.21799850 60.11899948 59.34799957
v 53.42799759 58.90600204 55.37500000
v 52.25999832 59.18200302 58.06299973
v 39.72699738 10.20400238 68.94899750
v 42.74200058 8.89500237 68.53500366
v 43.25299835 8.68900108 66.42500305
v 40.47900009 9.90800190 70.40900421
v 41.66899872 9.40100098 71.74200439
v 40.30400085 9.99100113 73.63400269
v 38.60499954 10.78800106 77.02000427
v 41.20000076 9.65100193 77.15000153
v 37.31299973 11.46600246 79.88700104
v 36.82399750 11.74200153 82.50000000
v 37.74599838 11.29400158 85.44799805
v 36.29599762 12.07100201 88.27100372
v 35.34099960 12.58800220 90.03299713
v 32.01199722 14.49100113 90.12100220
v 33.94400024 13.38100243 90.32499695
v 30.31900024 15.41700172 88.04000092
v 27.60700035 17.04400253 88.41899872
v 9.11699963 29.01300240 94.04900360
v 11.64099979 27.05400085 93.58399963
v 17.48099899 23.12600136 92.37699890
v 15.35499859 24.65200233 95.76399994
v 12.67699909 26.54300117 97.38999939
v 25.43799973 18.34900093 89.46900177
v 25.02199745 18.58500290 92.00399780
v 19.74399948 21.78200150 93.71299744
v 22.48999786 20.20000267 94.13899994
v 24.53199959 18.98000145 93.86399841
v 51.44499969 59.53900146 70.69699860
v 51.13299942 59.67100143 73.40800476
v 48.91699982 60.47100067 74.45899963
v 51.96099854 59.37500000 61.02099991
v 52.88100052 59.01800156 64.57099915
v 52.18799973 59.24600220 66.84200287
v 51.59799957 59.48700333 68.79000092
v 48.13499832 60.74000168 78.99500275
v 42.79999924 62.30500031 83.24500275
v 45.78300095 61.45700073 83.25099945
v 47.67699814 60.85700226 81.68800354
v 36.55199814 63.70500183 86.09300232
v 40.34899902 62.87700272 85.45700073
v 34.09999847 64.15100098 85.70999908
v 33.45899963 64.22299957 88.03400421
v 31.68499756 64.47499847 87.91000366
v 25.40900040 65.07300568 90.77899933
v 27.23899841 64.82600403 92.52200317
v 29.47299957 64.63400269 91.54000092
v 29.65399933 64.73899841 88.06099701
v 23.03299904 65.13700104 92.20300293
v 8.94900036 57.11800385 97.13600159
v 12.78899956 61.38700104 94.80599976
v 10.91199780 60.06100082 96.82700348
v 17.56299973 64.26000214 93.66999817
v 15.88899994 63.79700089 95.11700439
v 14.34100056 63.21400070 96.12799835
v 19.57299995 64.94000244 95.05599976
v 21.46500015 65.07700348 94.59400177
v 7.23199940 30.82800102 96.26499939
v 8.72799778 29.56600189 97.26399994
v 5.00099754 33.23800278 96.02600098
v 6.28199816 31.77400208 97.19599915
v 5.34800053 32.87000275 98.85800171
v 4.37299919 34.02400208 98.17400360
v 3.18500018 36.37400055 97.75499725
v 2.31900072 39.64700317 98.98000336
v 1.95400047 41.12900162 101.05100250
v 2.01899934 43.18400192 102.52899933
v 3.04099917 45.92300034 100.82499695
v 4.89299726 50.46500015 99.54000092
v 5.09800005 51.74300385 101.16400146
v 6.24199963 54.09300232 101.11100006
v 7.67299891 56.59600067 100.58599854
v 3.64999843 48.40100098 101.98699951
v 48.43199921 13.02400208 0.30300021
v 50.94300079 12.83700180 0.31900406
v 53.24300003 12.54300213 0.32299757
v 53.38100052 15.28600216 1.27799809
v 55.66499710 16.50100136 1.94000459
v 57.58799744 18.22900200 2.44600320
v 59.30899811 20.34800148 2.71499896
v 57.58699799 23.95500183 2.94999790
v 49.14199829 8.58300209 0.53600222
v 48.18199921 11.42300129 0.26400387
v 51.36599731 7.48700094 0.50099939
v 54.88199997 2.18500185 21.56700134
v 57.46799850 1.21600175 17.79100227
v 55.91199875 1.55600166 15.77100182
v 57.28799820 1.53100121 20.17400360
v 53.03300095 6.36500120 0.58399886
v 52.52999878 4.28100300 1.96000195
v 53.82500076 2.99600148 3.23399901
v 57.29800034 1.95100164 3.81799793
v 56.70899963 1.73200297 5.42400026
v 57.33900070 1.38600171 8.19999695
v 57.25600052 1.49200106 11.54799747
v 57.63100052 1.31900239 14.00499821
v 54.19300079 3.27100229 29.07400131
v 57.46899796 1.99900198 23.91099930
v 57.90200043 2.22700095 26.07199860
v 57.20499802 2.81700110 29.70199966
v 55.09600067 3.43700123 31.62100220
v 54.76799774 3.73300171 33.63399887
v 55.89599991 3.67700315 35.13700104
v 49.03400040 6.00300169 43.22399902
v 52.21599960 5.04600239 42.04000092
v 55.91899872 3.99800014 38.51500320
v 53.96299744 4.45600224 39.65000153
v 51.63899994 5.43000174 46.08300018
v 54.05099869 5.00100088 50.56299973
v 55.41499710 4.77600098 54.62599945
v 50.71599960 5.93700266 55.70199966
v 53.06999969 5.37500143 55.08200073
v 44.98299789 8.02600193 64.56000519
v 52.35899734 5.64400101 57.09400177
v 50.95999908 6.04600096 58.99800110
v 51.49300003 5.92500162 61.27500153
v 49.17900085 6.61100245 64.03099823
v 52.38899994 60.41400146 2.28000426
v 52.33799744 61.66300201 3.65599990
v 54.76900101 60.54200363 3.13699985
v 60.52700043 24.90800095 3.12500453
v 62.77999878 28.23800087 3.21400166
v 62.12899780 31.69800186 2.75500107
v 64.39299774 33.94200134 2.18100095
v 64.01300049 37.52099991 1.79900229
v 65.75699615 41.68100357 0.97499788
v 62.13000107 45.47800064 0.78300387
v 64.30400085 43.94900131 0.73800236
v 60.29299927 47.87000275 0.58300048
v 62.52799988 47.87000275 0.36600232
v 61.42499924 49.86700058 0.44500083
v 60.59299850 51.71900177 0.67500025
v 60.02600098 54.62599945 1.10799813
v 59.80099869 56.74300003 1.75700331
v 56.57799911 60.13800049 3.43800330
v 56.76599884 58.08600235 1.84000278
v 58.44099808 59.46300125 3.52000451
v 60.12799835 58.13400269 2.96100235
v 53.54299927 61.46200180 6.56300020
v 53.80599976 62.03200150 14.36900330
v 53.90599823 62.18600082 16.88600349
v 55.26099777 61.41500092 19.39400291
v 54.08399963 61.57300186 21.92000008
v 55.41999817 60.94000244 11.52300072
v 56.19699860 60.67700195 9.22399712
v 57.38599777 60.25799942 22.71899986
v 62.88899994 57.11500168 28.20100212
v 62.27700043 57.02300262 30.73000145
v 61.01799774 57.38800049 32.27600098
v 60.70800018 57.21700287 34.62500000
v 61.26099777 56.61100006 37.49800110
v 61.14199829 56.48500061 39.84300232
v 60.79800034 56.52300262 41.36800003
v 63.16499710 57.30500412 25.94799995
v 59.39799881 59.51100159 21.93200302
v 62.24699783 58.03100204 23.87899971
v 61.84199905 55.85200119 43.47200012
v 58.91999817 56.84900284 49.01300049
v 57.64799881 57.30900192 50.85499954
v 61.56900024 55.78600311 45.83200073
v 60.40900040 56.24500275 47.51300049
v 58.33099747 56.92600250 54.05699921
v 55.87999725 57.94900131 55.10200119
v 54.68700027 58.39900208 56.82300186
v 53.41600037 58.95200348 59.62300110
v 55.62400055 57.91500092 58.12100220
v 43.83599854 8.54400158 70.98500061
v 45.60599899 7.83100176 67.71600342
v 46.33599854 7.61600208 70.72499847
v 42.62300110 9.02800274 74.50800323
v 39.39500046 10.45300293 79.66799927
v 43.76900101 8.60600185 77.74300385
v 42.11800003 9.27600288 79.19000244
v 38.32899857 10.95900154 81.74500275
v 40.05500031 10.15800285 82.69799805
v 40.50399780 10.01000214 85.64099884
v 39.35699844 10.54300213 88.08000183
v 38.60799789 10.95200157 90.35400391
v 37.09999847 11.65900230 91.29800415
v 35.89299774 12.27600098 92.65299988
v 32.55399704 14.15100098 92.87100220
v 30.18599892 15.55800247 90.67199707
v 28.20899963 16.72200203 90.14099884
v 26.54799843 17.71500206 91.43399811
v 10.89499855 27.73200226 95.33799744
v 18.67999840 22.53900146 95.33200073
v 17.13100052 23.54000092 96.85900116
v 15.49600029 24.62100220 98.74900055
v 11.70499992 27.32300186 99.89600372
v 10.33999729 28.31700134 97.62500000
v 13.55599976 26.04400253 100.01300049
v 25.99199867 18.15300179 95.17200470
v 21.57999992 20.80600166 95.99600220
v 23.99399948 19.35400200 95.95300293
v 54.17699814 58.47600174 70.98500061
v 52.86299896 59.02200317 72.13099670
v 50.86000061 59.79500198 76.91100311
v 53.01699829 58.94900131 74.82800293
v 54.59899902 58.35800171 62.92599869
v 55.35199738 58.04800415 66.43399811
v 53.84799957 58.58600235 68.42500305
v 50.27000046 60.04000092 80.44000244
v 42.64400101 62.27800369 85.96800232
v 44.37699890 61.84700012 84.94200134
v 46.69300079 61.14900208 85.86199951
v 49.19599915 60.35000229 83.07199860
v 35.55099869 63.83000183 88.45999908
v 37.94099808 63.40999985 87.79800415
v 40.63299942 62.86100006 87.50399780
v 34.06999969 64.13400269 91.31999969
v 31.20299911 64.47399902 90.46700287
v 24.50799942 64.99900055 93.51399994
v 28.70499992 64.62799835 93.94699860
v 26.86299896 64.73400116 96.13999939
v 32.03699875 64.38400269 93.40299988
v 9.00199986 58.88700104 100.70300293
v 10.65500069 60.64900208 98.86700439
v 12.46899700 61.74000168 96.36800385
v 12.14699841 61.82800293 97.43299866
v 11.99899960 62.01500320 98.46299744
v 17.94699860 64.66100311 95.66400146
v 16.45799637 64.51599884 98.41899872
v 13.15299797 62.89200211 98.07299805
v 14.80500031 64.06500244 99.86700439
v 20.40099907 65.00600433 97.09700012
v 22.70099831 64.93299866 96.84700012
v 23.78399849 64.95999908 95.21299744
v 9.71099758 28.86500168 100.24500275
v 8.34599876 30.03800201 100.59300232
v 6.67499733 31.53700256 99.20899963
v 4.21299791 34.18800354 100.02999878
v 6.87899828 31.47400093 102.00199890
v 4.76099920 33.69300079 102.44999695
v 3.76299763 34.96600342 99.04299927
v 3.19200015 35.92900085 100.68700409
v 2.34299898 37.99900055 101.41100311
v 2.09599733 38.31200027 103.71600342
v 1.58499932 41.12200165 104.71399689
v 2.28799868 44.89700317 103.55500031
v 1.59699845 42.89400101 106.34000397
v 4.20399761 50.69100189 104.06400299
v 5.44700050 53.34799957 104.05500031
v 6.32699966 55.37200165 105.02899933
v 7.66899824 57.41000366 102.88000488
v 2.82200050 47.36900330 105.92400360
v 50.97499847 10.79300213 0.15900284
v 53.73399734 10.26500225 0.05900115
v 55.51099777 11.35300064 0.13799965
v 57.16999817 13.74100113 1.02400041
v 58.29100037 16.06200218 2.08999968
v 60.34600067 16.94800186 2.56600237
v 62.92800140 19.68200111 2.97600031
v 59.14799881 0.79800189 15.36299992
v 60.70199966 0.68000329 17.33300018
v 60.22299957 1.08800077 20.37899971
v 58.60099792 1.54800344 22.03800201
v 55.69199753 6.39300251 0.43600053
v 54.52999878 4.66400194 1.28400326
v 55.80999756 8.98900223 0.10599941
v 54.79899979 3.77400208 2.00000405
v 55.96400070 3.36199999 2.22100306
v 57.42300034 3.27900052 2.08300352
v 58.62500000 2.86000228 2.33200192
v 59.57699966 0.68100166 6.34200144
v 60.09199905 1.76000226 3.45700240
v 60.54000092 0.50800294 8.27900314
v 59.48699951 0.55400282 10.14000130
v 59.79800034 0.64300001 12.79599953
v 60.82999802 1.44700336 23.81699944
v 61.37599945 1.69900060 26.25900078
v 59.82299805 2.34300280 29.06399918
v 58.00299835 3.03200269 32.44599915
v 57.64400101 3.55400133 37.17900085
v 58.55400085 3.16200042 34.66100311
v 52.78199768 5.08900166 44.27600098
v 55.45100021 4.32800150 42.10499954
v 58.68799973 3.54400277 39.21800232
v 55.37899780 4.51700211 44.94100189
v 55.85799789 4.54900217 48.26800156
v 56.95599747 4.35800123 51.38100052
v 58.23600006 4.13500166 54.27000046
v 54.72200012 4.96600199 57.32600021
v 56.49499893 4.58000231 57.97100067
v 47.68899918 7.10000086 66.47100067
v 53.17599869 5.45900106 59.22200012
v 54.02000046 5.16400099 60.73500061
v 52.30500031 5.70600128 64.81800079
v 50.18499756 6.29800177 68.01899719
v 55.44099808 60.82700348 6.63100195
v 65.12799835 24.08000183 3.28600407
v 63.64699936 26.39300156 3.23600316
v 65.61599731 30.89700127 2.64900184
v 65.97599792 28.63200188 3.08799744
v 66.41300201 33.60000229 2.14300299
v 66.12899780 36.76800156 1.87300146
v 69.33899689 39.34300232 0.85999817
v 68.95999908 42.49800110 0.23599714
v 67.40499878 44.95199966 0.10800362
v 64.49399567 46.36100388 0.27500093
v 64.38099670 49.90700150 0.59299916
v 65.63899994 48.45100021 0.42600185
v 63.59099960 51.81100082 0.86200237
v 63.08499908 53.52500153 1.12199783
v 61.02700043 55.97300339 1.67600060
v 62.48500061 55.80000305 1.87200308
v 62.19099808 57.31600189 3.03000212
v 57.36399841 60.44499969 6.00500393
v 60.04599762 59.52899933 4.71399736
v 61.55399704 58.90500259 5.99200296
v 57.06499863 60.99100113 14.03299713
v 56.35899734 61.33300400 16.69000053
v 57.59600067 60.44000244 20.35000229
v 58.33300018 60.42200089 10.37500095
v 58.42900085 60.32800293 7.54299736
v 65.20700073 56.21500015 26.29300117
v 65.35499573 55.95899963 27.46200180
v 65.79100037 55.65200043 28.05599976
v 65.20600128 55.85800171 28.70400238
v 64.53199768 55.92200089 30.59900093
v 63.05299759 56.08600235 34.65100098
v 64.20600128 55.82900238 32.36399841
v 63.12400055 55.57300186 39.15600204
v 62.99300003 55.81600189 37.55500031
v 63.21299744 55.37600327 40.98100281
v 63.39299774 55.37300110 39.90299988
v 65.34199524 56.34400177 25.02300262
v 58.59199905 60.21700287 18.43500137
v 60.90299988 58.99500275 20.70999908
v 62.57699966 58.08600235 21.81300163
v 64.18799591 57.26700211 22.12000275
v 63.74100113 55.01399994 41.90999985
v 64.00299835 54.81000137 42.88399887
v 63.95100021 54.75600433 44.15399933
v 64.26200104 54.51000214 45.29899979
v 61.02199936 55.84100342 50.06200027
v 60.91400146 55.78900146 52.57900238
v 64.50599670 54.30800247 46.53099823
v 62.65699768 55.11700058 48.22400284
v 60.90999985 55.69000244 55.52899933
v 59.30299759 56.39900208 56.56500244
v 57.63599777 57.09900284 57.65600204
v 55.34600067 57.99100113 59.94700241
v 57.84700012 56.99900055 59.52799988
v 45.72100067 7.85900116 73.10099792
v 48.14199829 6.96000290 68.42099762
v 49.11899948 6.74100208 72.76699829
v 48.61299896 6.88100243 70.67700195
v 45.12999725 8.09300137 75.34500122
v 40.79999924 9.83800220 80.86199951
v 46.88299942 7.51000261 77.35500336
v 44.97200012 8.18100166 79.51499939
v 42.51300049 9.13400173 81.66799927
v 43.21599960 8.89700127 85.33200073
v 42.53400040 9.16400146 88.18299866
v 41.18099976 9.80500126 90.27000427
v 39.76399994 10.39600182 92.99500275
v 38.52999878 10.99000168 92.29299927
v 37.15699768 11.64200115 94.64199829
v 35.06799698 12.77300167 94.15800476
v 29.01499939 16.27500153 91.97399902
v 31.43499947 14.83200073 94.57900238
v 33.90499878 13.44200230 95.84899902
v 28.40199852 16.65800285 94.04900360
v 19.57899857 22.03900146 97.98899841
v 18.23499870 22.93600082 99.65499878
v 16.70999908 24.00000191 101.80799866
v 14.67299843 25.34000206 101.87200165
v 12.53299809 26.86100197 102.61399841
v 10.79300022 28.16900253 102.31400299
v 27.31499863 17.39100266 96.76100159
v 24.78100014 18.87600136 97.58100128
v 21.96999741 20.55400085 97.94799805
v 56.08099747 57.62300110 68.65100098
v 56.44499969 57.48600006 70.69699860
v 56.34499741 57.55200195 73.08399963
v 55.10599899 58.08900070 74.54700470
v 53.26499939 58.86200333 77.35299683
v 52.49900055 59.19700241 79.17300415
v 56.84700012 57.47300339 61.54400253
v 56.65699768 57.51499939 64.33100128
v 58.05899811 56.82300186 66.62300110
v 53.10300064 58.98400116 80.89900208
v 52.15900040 59.31500244 82.85600281
v 42.37099838 62.38300323 88.25600433
v 44.68600082 61.76000214 87.55300140
v 47.85599899 60.83600235 88.68499756
v 49.88699722 60.20900345 86.75199890
v 45.89599991 61.38800430 90.21600342
v 51.10199738 59.76200104 84.80999756
v 37.04199982 63.68300247 90.33499908
v 39.66600037 63.02100372 89.38800049
v 36.60400009 63.69000244 93.20100403
v 34.56799698 63.99800110 94.52600098
v 28.80200005 64.48500061 96.14099884
v 30.96799850 64.39099884 95.62699890
v 23.92999840 64.82199860 98.15100098
v 28.13599777 64.54000092 98.41699982
v 25.89199829 64.70700073 98.76399994
v 32.98999786 64.19300079 96.10299683
v 10.02699852 61.02300262 102.52999878
v 10.37300014 60.86199951 100.56500244
v 9.10300064 60.12300110 103.90100098
v 11.68400002 62.22100067 100.30899811
v 12.47699928 62.83700180 100.16000366
v 18.26899910 64.83699799 97.60300446
v 18.41399765 64.89199829 99.76200104
v 16.59899902 64.67800140 101.66400146
v 13.47199821 63.71800232 102.50700378
v 20.91899872 64.88500214 99.09100342
v 9.51499844 29.31300163 104.95200348
v 7.96099758 30.56400108 103.53900146
v 3.75299907 34.89700317 101.21900177
v 4.82000017 33.73700333 104.46099854
v 6.27199936 32.25100327 104.93399811
v 3.58299923 35.16600037 102.44100189
v 3.14800072 35.81500244 103.37899780
v 2.30699778 37.45700073 106.02000427
v 3.21099901 35.77900314 105.11800385
v 1.66299939 39.65400314 107.45000458
v 2.20200038 45.38000107 106.03199768
v 1.47299838 41.45400238 109.93299866
v 1.97700036 44.99600220 108.20200348
v 3.87799740 50.09900284 107.41000366
v 5.29699755 53.27200317 107.39500427
v 6.55099773 56.00800323 106.93299866
v 7.58399820 57.65000153 104.48000336
v 2.79399753 47.47500229 108.59899902
v 57.55099869 11.23800087 0.21000206
v 60.24300003 11.31400108 0.37900358
v 60.41699982 14.71000195 1.82100391
v 63.14099884 16.04900169 2.66700244
v 66.29999542 16.10700226 2.95300031
v 67.27500153 20.83100128 3.41100240
v 62.08699799 0.87400150 14.87500191
v 64.12100220 0.89500099 16.45699883
v 62.21299744 0.61800331 18.66300392
v 62.77700043 0.89300048 21.55400085
v 57.84199905 4.40200043 1.15799904
v 57.44300079 6.46800184 0.39700419
v 59.02399826 9.09000301 0.09500235
v 60.29999924 3.59100103 1.53499842
v 61.16099930 0.97100067 5.06000233
v 62.58599854 1.00600350 6.36900234
v 61.37199783 2.30700159 2.63400364
v 62.42899704 0.88900328 9.43200302
v 62.43799973 0.97800046 12.24999905
v 64.01499939 1.29100311 25.58699989
v 62.64500046 1.85400248 28.68299866
v 64.21199799 2.00200081 31.51199913
v 61.29599762 2.77600074 34.43099976
v 59.71500015 3.18600225 36.87400055
v 60.61199951 3.34300089 40.88900375
v 58.50299835 3.84600091 44.00899887
v 58.72200012 3.89800215 46.63300323
v 59.43299866 3.83900118 49.55200195
v 61.29499817 3.47600126 53.54100037
v 59.47599792 3.86500359 57.57600021
v 57.18899918 4.45300341 60.22999954
v 55.88899994 4.76700258 62.65700150
v 54.83099747 5.04800129 64.60500336
v 52.14799881 5.81600142 67.89399719
v 54.35300064 5.19700146 67.31999969
v 50.97399902 6.16700220 70.43199921
v 68.61699677 25.82500267 3.48900270
v 67.20600128 27.22300148 3.30000377
v 68.17900085 30.98400116 2.53800297
v 69.57299805 32.37400055 2.20800185
v 68.34999847 34.73400116 2.01500201
v 68.56999969 37.10600281 1.64400041
v 71.46299744 41.54300308 0.07499754
v 71.04599762 36.31200027 1.42899895
v 72.81500244 36.96500015 0.85899979
v 70.33999634 44.28000259 0.11400133
v 66.55300140 46.09000397 0.16999990
v 68.96199799 48.28200150 0.57999790
v 66.69999695 50.52700043 0.81600249
v 65.60399628 52.48500061 1.09899783
v 63.53799820 55.09500122 1.76300108
v 64.54899597 54.29700089 1.60100317
v 64.78499603 56.28400040 3.32800293
v 63.71799850 57.33700180 4.72800446
v 63.23099899 57.61300278 7.07899761
v 60.17800140 59.84600449 8.75700283
v 61.36299896 59.13700104 10.12399769
v 59.25000000 60.25600433 12.36099720
v 60.35099792 59.87500381 14.16499901
v 59.80400085 59.96300125 16.40900230
v 67.14800262 55.28800201 25.50800133
v 66.64099884 55.34700012 26.97500229
v 67.65699768 54.59800339 28.29699898
v 65.84400177 55.45800018 29.12399864
v 65.63999939 55.22700119 31.38000107
v 64.53599548 55.41100311 34.12200165
v 64.83399963 55.08399963 35.65399933
v 65.30500031 55.11600113 33.30400085
v 64.32399750 55.02200317 38.65399933
v 65.23500061 54.74500275 36.92300415
v 64.48200226 55.04700089 37.76200104
v 64.02300262 55.03100204 40.21799850
v 64.66999817 54.61100006 41.00699997
v 65.29000092 54.42200089 39.61399841
v 65.95199585 56.09500122 24.48499870
v 65.65899658 56.34200287 23.65999985
v 62.30400085 58.45900345 19.69200325
v 65.77300262 56.66100311 20.31099701
v 64.50599670 57.42200089 19.31500435
v 65.70700073 56.57400131 21.44199944
v 65.90200043 56.31500244 22.81500053
v 65.48799896 54.10200119 41.88400269
v 65.72100067 53.85200119 43.63499832
v 65.90399933 53.70500183 44.35700226
v 65.95300293 53.54700089 46.35000229
v 63.35799789 54.70700073 49.97000122
v 63.91099930 54.33900070 52.16000366
v 62.79999924 54.80900192 54.17200089
v 64.84199524 54.03500366 48.15300369
v 65.94300079 53.47800446 47.80600357
v 62.33599854 54.90700150 57.20999908
v 60.10699844 55.98200226 58.37500000
v 60.01900101 56.03100204 61.24200058
v 47.44899750 7.28700113 74.82199860
v 52.25199890 5.85100222 73.20899963
v 50.45100021 6.39300251 75.62599945
v 48.35799789 7.05200243 79.84400177
v 45.04000092 8.20000076 82.68099976
v 46.45100021 7.73900175 86.83300018
v 44.76399994 8.34800148 89.37000275
v 43.36899948 8.87300301 91.69100189
v 41.72100067 9.54600239 93.26399994
v 38.77899933 10.91500187 96.28900146
v 40.78400040 9.97900200 95.57800293
v 36.18600082 12.18300152 96.24600220
v 29.77599907 15.87500191 96.44799805
v 31.92300034 14.60900116 97.16200256
v 34.49599838 13.11400127 98.13100433
v 21.55999756 20.83700180 100.02999878
v 19.17899895 22.45800209 102.00800323
v 15.46799755 24.90300179 104.77300262
v 17.44600105 23.60400200 104.43299866
v 13.71199989 26.11400223 104.64600372
v 11.33300018 27.91500092 105.90200043
v 28.76499939 16.53800201 98.75299835
v 26.65999985 17.75700188 99.16200256
v 24.39200020 19.12800217 99.63300323
v 58.23199844 56.72700119 70.08499908
v 58.87299728 56.42100143 73.54100037
v 57.73600006 56.92900085 75.93000031
v 55.60099792 57.89500046 78.15699768
v 58.12899780 56.80300140 63.00400162
v 59.56200027 56.15200043 64.51900482
v 60.05599976 55.90600204 69.28400421
v 60.44199753 55.69499969 66.84600067
v 57.10400009 57.28700256 79.64900208
v 54.40100098 58.54900360 82.39500427
v 52.71199799 59.13900375 85.55899811
v 41.86299896 62.52400208 90.67300415
v 44.30099869 61.85300064 89.58799744
v 49.84099960 60.21200180 89.16600037
v 49.29299927 60.49700165 91.53700256
v 47.49599838 61.01500320 92.00299835
v 51.85400009 59.55900192 88.48500061
v 43.86199951 61.97500229 91.90499878
v 45.74300003 61.55500031 93.12899780
v 39.39599991 63.12200165 92.49800110
v 37.61700058 63.49400330 94.63899994
v 35.59499741 63.78100204 96.24800110
v 30.53299904 64.33000183 98.34500122
v 21.50899887 64.80400085 100.89800262
v 24.03700066 64.71400452 101.13200378
v 29.29399872 64.39200592 100.14099884
v 26.64800072 64.56900024 101.27999878
v 32.61399841 64.15499878 98.53400421
v 35.11499786 64.00800323 98.08100128
v 11.45900059 62.26800156 101.34100342
v 11.59299946 62.59000015 102.55699921
v 11.50300026 62.69100189 104.00600433
v 10.80599785 62.27199936 105.21600342
v 8.32299900 59.16400146 105.80200195
v 9.76799774 61.34100342 106.09899902
v 19.33899879 64.83399963 101.43099976
v 13.91999817 64.06600189 104.30400085
v 16.91699791 64.76000214 103.86100006
v 7.91199875 30.77700233 106.98999786
v 9.82099724 29.20200157 108.01499939
v 4.42299986 34.21200180 106.17900085
v 6.04600096 32.62500000 107.64500427
v 3.14899898 35.91800308 105.99199677
v 3.01300001 36.18500137 107.11499786
v 2.45099878 37.23400116 108.69400024
v 1.81499863 39.20800018 110.99700165
v 1.69799852 43.62900162 111.24900055
v 1.66700029 40.41800308 113.32800293
v 2.26400042 45.89800262 110.77600098
v 3.96899891 50.18800354 110.33200073
v 4.79900074 52.10600281 109.95500183
v 5.75799847 54.16600037 111.31500244
v 6.59500074 56.07100296 109.59300232
v 7.64200115 58.26600266 108.33899689
v 3.23799992 48.42600250 111.72299957
v 61.16199875 8.17100143 0.16800314
v 63.66299820 10.07900238 0.28999895
v 62.97499847 13.67100143 1.66299939
v 64.79399872 11.94800282 0.96599758
v 68.85199738 12.16900158 1.21299922
v 69.42599487 17.37100220 3.21300316
v 69.74399567 21.74600220 3.51700187
v 65.53900146 1.13100183 13.74000359
v 64.72100067 0.52300096 18.19900513
v 66.75399780 0.86500120 16.62900352
v 64.99900055 0.49300119 19.93300056
v 65.14199829 0.78400224 22.68199921
v 60.59000015 5.24900103 0.70500374
v 62.58599854 3.68900228 1.32700062
v 62.93700027 1.83400142 2.99800181
v 65.04399872 1.22500205 4.39800310
v 65.47399902 1.01400161 7.55999994
v 65.16799927 1.04300308 10.75900364
v 67.05899811 0.98900127 25.68500137
v 65.01100159 1.61000347 29.12500191
v 67.38899994 1.23600292 27.99900246
v 64.07699585 2.28000069 33.89099884
v 66.44499969 1.74900150 31.77900314
v 63.30799866 2.72200251 37.34899902
v 62.38599777 3.15300012 42.59800339
v 65.45899963 2.52600002 40.71000290
v 62.29800034 3.24000049 45.49499893
v 63.03400040 3.13500309 49.03700256
v 63.35099792 3.04300332 52.99200058
v 61.67099762 3.37100029 57.60800171
v 64.13400269 2.81900167 55.89000320
v 60.90100098 3.54700160 60.87500000
v 58.64500046 4.10900259 62.76700211
v 58.65699768 4.11500025 65.16600037
v 56.53099823 4.69600201 67.36499786
v 53.38999939 5.49500227 70.91100311
v 56.34399796 4.72900295 70.30200195
v 72.21199799 23.57400131 3.30100203
v 72.34799957 27.29600143 2.85699964
v 69.79299927 29.24400139 2.74799776
v 71.39199829 33.62500000 2.02599907
v 73.58100128 31.35800171 2.24299717
v 72.49199677 45.23600006 0.38900226
v 73.60800171 40.56900024 0.06499887
v 74.70999908 42.51900101 0.24100393
v 74.29499817 34.21000290 1.39900303
v 75.37300110 36.68400192 0.44699758
v 74.89099884 38.79100037 0.16400218
v 71.22699738 48.21600342 0.73800236
v 68.06999969 51.87200165 1.29500031
v 70.96399689 50.50699997 1.46800280
v 69.31900024 51.22200394 1.33500242
v 67.18599701 53.01900101 1.59200287
v 65.63199615 54.50400162 1.98899961
v 67.68499756 55.42500305 3.96600366
v 66.41899872 56.16400146 5.97199821
v 65.34400177 56.54300308 7.35899830
v 62.91999817 57.85000229 10.10800171
v 62.56499863 58.54000092 13.42400169
v 62.59299850 58.69700241 16.18400192
v 68.17399597 55.01600266 23.06900215
v 69.31800079 53.99300003 25.49600220
v 70.31900024 52.85900116 28.95800018
v 67.69899750 54.21000290 30.67799950
v 66.34999847 54.65200043 32.75699997
v 65.59500122 54.85600281 34.05500031
v 66.53699493 54.24400330 34.77000046
v 65.45199585 54.47999954 38.44800186
v 68.30200195 53.08200073 36.26100159
v 66.93099976 53.60499954 38.88100052
v 66.03499603 53.99600220 40.28800201
v 66.23799896 53.92700195 39.60699844
v 67.26799774 55.93600082 19.62000084
v 65.97499847 56.73000336 18.72700500
v 66.46399689 56.31300354 20.23600006
v 64.48899841 57.74000168 16.17800522
v 65.69200134 57.05300140 17.28200150
v 65.79799652 56.90500259 18.06800079
v 67.26599884 55.79600143 20.91199875
v 66.80699921 53.58300018 40.56399918
v 66.82399750 53.44000244 41.78700256
v 66.40000153 53.54600143 43.00000000
v 67.64599609 52.56000137 47.06999969
v 66.11499786 53.28200150 50.00500107
v 64.69200134 53.96900177 51.24300003
v 65.54000092 53.46700287 52.46800232
v 65.03700256 53.72300339 53.33399963
v 65.01000214 53.66400146 55.49100113
v 63.97100067 54.16800308 57.11000061
v 66.21499634 53.27700424 49.05899811
v 62.02199936 55.04600143 59.49000168
v 63.54700089 54.31200027 60.67200089
v 61.74499893 55.11800385 63.33300018
v 55.83900070 4.91500092 74.18499756
v 53.57600021 5.53800154 76.43900299
v 52.31699753 5.87900162 78.29900360
v 53.02999878 5.76200151 81.36000061
v 50.03799820 6.58700228 82.32900238
v 47.81299973 7.27900124 83.98300171
v 50.68199921 6.42500257 85.36800385
v 49.22699738 6.91300249 89.39600372
v 47.37899780 7.49000168 89.98400116
v 45.98699951 7.91900253 91.74199677
v 44.53699875 8.46100235 93.87599945
v 44.04699707 8.69600105 96.66200256
v 37.25199890 11.65500069 98.09000397
v 39.44899750 10.59400082 98.45500183
v 41.52499771 9.69600105 98.76499939
v 30.20299911 15.68000221 99.23200226
v 32.09899902 14.52100086 99.49700165
v 33.76799774 13.56600189 100.75800323
v 35.86499786 12.41100216 100.97799683
v 22.58900070 20.25500298 101.29599762
v 21.89599991 20.79600143 103.65799713
v 19.86499786 22.07200050 104.26200104
v 14.90800095 25.37200165 107.04800415
v 17.51099968 23.65200233 107.01000214
v 19.21499825 22.56400108 106.66000366
v 12.75000000 26.91200256 107.10800171
v 11.48499966 27.91700172 108.46400452
v 27.84199905 17.10000229 101.32400513
v 29.95999908 15.81400299 102.46099854
v 26.02399826 18.21200180 101.63700104
v 24.01599884 19.45900154 102.98200226
v 60.38299942 55.72800064 71.68900299
v 61.82099915 55.00900269 74.49500275
v 60.61999893 55.62200165 77.83100128
v 59.24499893 56.33400345 79.05200195
v 62.02899933 54.93900299 65.60099792
v 62.16799927 54.86200333 67.72899628
v 63.26099777 54.31300354 69.62699890
v 57.88000107 56.97100067 81.95400238
v 55.03300095 58.22700119 84.05500031
v 54.26799774 58.58900070 87.00099945
v 41.75000000 62.55200195 92.71800232
v 51.55699921 59.68400192 90.90599823
v 51.81299973 59.55400085 92.72299957
v 50.11199951 60.15400314 93.83799744
v 48.07500076 60.74800110 94.51100159
v 53.33599854 58.99800110 89.75800323
v 42.73799896 62.28500366 94.63099670
v 44.85699844 61.76100159 95.41200256
v 40.48299789 62.82400131 94.46299744
v 39.81800079 63.07300186 96.20300293
v 37.47900009 63.56700134 97.05300140
v 32.14599991 64.10700226 101.20200348
v 22.61399841 64.69799805 103.08000183
v 18.74199867 64.77000427 104.29599762
v 21.79299927 64.70700073 104.66500092
v 25.58999825 64.59400177 102.80599976
v 29.46399879 64.34000397 102.91699982
v 34.12400055 64.17200470 100.47100067
v 36.14500046 63.65999985 99.89700317
v 12.36799717 63.40800095 106.32900238
v 10.93300056 62.51900101 106.92800140
v 8.56899834 59.89000320 108.51000214
v 9.89999962 61.69300079 108.70600128
v 15.34499931 64.52700043 105.99700165
v 18.16999817 64.72299957 107.26399994
v 6.21999788 32.48900223 109.84600067
v 8.73899841 30.17800140 109.45300293
v 10.29199696 28.93600273 111.22499847
v 3.15199804 36.02099991 108.23799896
v 4.51799870 34.23600006 108.57199860
v 2.92499733 36.61300278 112.33699799
v 3.12399864 36.14200211 110.45000458
v 2.58399916 37.40800095 113.77000427
v 1.81899965 43.06200027 114.33499908
v 2.14499974 44.89100266 113.86399841
v 2.54599762 37.69100189 115.32700348
v 1.84099746 41.09500122 115.52500153
v 2.69100070 46.94000244 112.91100311
v 4.54399729 51.43000031 113.54900360
v 5.48600054 53.50600052 113.41400146
v 6.84100008 56.56600189 113.19799805
v 7.32399893 57.61900330 111.52100372
v 8.63599777 59.97900009 111.13899994
v 3.03800035 47.47900009 114.95600128
v 3.89499950 49.74400330 115.40100098
v 62.89799881 6.05300236 0.45499951
v 63.45599747 7.80900192 0.26400387
v 65.49099731 7.24900150 0.32500178
v 66.95199585 10.12300110 0.40899962
v 71.04699707 9.72200203 0.55800378
v 72.32599640 12.90300083 1.62400305
v 70.56400299 15.14300156 2.61499739
v 73.10399628 16.75500107 2.90299940
v 72.51200104 19.93200111 3.16900015
v 67.92900085 0.70100278 11.33500004
v 68.77099609 0.56400150 13.57100201
v 67.42099762 0.29200315 19.33299828
v 70.53800201 0.17400086 16.45000267
v 69.30400085 0.23800135 18.22499847
v 67.94899750 0.54000318 22.41400337
v 64.24399567 2.44799995 2.31700397
v 64.50099945 3.61200047 1.31300092
v 66.12899780 1.71100354 3.06499743
v 68.01100159 0.90600181 4.29800129
v 68.62000275 0.52200258 6.00399828
v 69.40799713 0.23400038 8.53899860
v 69.62899780 0.70000064 24.78599930
v 70.52600098 0.83900243 26.47999954
v 68.43199921 1.42000246 30.68400192
v 71.47799683 0.95300007 28.43100166
v 66.57799530 2.07200265 35.53499985
v 69.47899628 1.50200355 32.75199890
v 67.08300018 2.16200209 38.51900101
v 65.74900055 2.54800177 44.27299881
v 68.93199921 1.96900225 42.30600357
v 66.99199677 2.29300189 47.75000000
v 66.61499786 2.28900099 52.78300095
v 63.99599838 2.80200315 59.50999832
v 67.04299927 2.10600352 57.24100113
v 63.03499985 3.01200151 62.89100266
v 62.27499771 3.20900226 66.50199890
v 59.40299988 3.95500278 67.45899963
v 57.75699997 4.35500240 68.99300385
v 58.40200043 4.24100065 71.64099884
v 74.67399597 21.57000160 2.97299767
v 74.86499786 24.66300201 2.88999820
v 75.29199982 28.01900101 2.55499792
v 76.65699768 29.96400261 2.15099764
v 77.25699615 32.77400208 1.18800259
v 73.78700256 46.94100189 0.81799924
v 74.58100128 45.14599991 0.57499856
v 78.08300018 39.43400192 0.25600195
v 77.61199951 42.22500229 0.49500167
v 76.88500214 44.51900101 0.80700219
v 78.04399872 35.08100128 0.38400292
v 77.30699921 37.49900055 0.15699863
v 73.87100220 48.35500336 1.34400272
v 72.35199738 50.25300217 1.77600241
v 73.13500214 49.26300049 1.54899812
v 69.00599670 53.61199951 2.70900130
v 70.99800110 52.46000290 2.68799806
v 68.88199615 55.35200119 5.61900425
v 69.98600006 55.04800034 8.62199783
v 67.78499603 55.67500305 10.23399830
v 65.49900055 56.52600098 11.00700378
v 63.97999954 57.40700150 12.42800045
v 65.15399933 57.25800323 14.35500336
v 69.13600159 54.68700409 21.39599991
v 70.78599548 53.39700317 23.31900215
v 71.18900299 52.78000259 25.65200233
v 72.70899963 51.21700287 29.39200020
v 72.94699860 51.41500092 26.89500237
v 71.22000122 51.85200119 31.72600174
v 68.68499756 53.36900330 32.40499878
v 68.76300049 53.06200027 34.28700256
v 70.77400208 51.77900314 34.51499939
v 68.86699677 52.50000381 38.57000351
v 68.30599976 55.50500107 18.59500313
v 67.91899872 55.55800247 19.80099869
v 67.98300171 55.84300232 17.44700241
v 66.22399902 56.90800095 15.91300201
v 67.17900085 56.38300323 16.32799911
v 67.97200012 52.81200409 41.29199982
v 69.31400299 51.88000107 43.00900269
v 67.67400360 52.43300247 49.77799988
v 69.64399719 51.28499985 49.98500061
v 70.26399994 51.08600235 46.52900314
v 66.45199585 53.06900024 50.67599869
v 65.85299683 53.34500122 51.47100067
v 65.93199921 53.25100327 52.93799973
v 65.86599731 53.29100418 53.63600159
v 65.93699646 53.22200394 54.38800049
v 67.22699738 52.52300262 55.63700104
v 66.38299561 52.86800003 57.30000305
v 65.33200073 53.43600082 59.22600174
v 66.12400055 52.86800003 61.08200073
v 64.80899811 53.59100342 62.41699982
v 63.51900101 54.26500320 64.02899933
v 58.81900024 4.16500139 73.65799713
v 57.52599716 4.53400230 76.44799805
v 56.35799789 4.86400175 79.59200287
v 56.82600021 4.80500221 82.42400360
v 55.52000046 5.15200186 85.16200256
v 54.97900009 5.34300137 87.68800354
v 51.99099731 6.16200256 90.39099884
v 49.05599976 6.94600105 92.68600464
v 51.15699768 6.33100224 91.97299957
v 47.08200073 7.64700222 95.21099854
v 46.44300079 7.88600206 98.59600067
v 43.25000000 9.02500153 100.65100098
v 39.58699799 10.53600216 101.70500183
v 31.68300056 14.79700184 101.69599915
v 33.36599731 13.80800247 103.28800201
v 37.13599777 11.74000072 103.06400299
v 34.28999710 13.27900219 105.31099701
v 23.53400040 19.88000298 106.31600189
v 21.07199860 21.41700172 107.13200378
v 13.82099819 26.17500114 109.25499725
v 16.81200027 24.19000244 108.77200317
v 18.96999931 22.81600189 110.31400299
v 20.53299904 21.82900238 109.22700500
v 12.00300121 27.61000252 110.91899872
v 28.71299934 16.60500145 103.81700134
v 25.98099899 18.30600166 103.99900055
v 31.52899933 14.91800117 104.55000305
v 25.77499771 18.47900200 106.11399841
v 63.11599731 54.38000107 71.92099762
v 64.01899719 53.88900375 74.38100433
v 62.41399765 54.74400330 77.62100220
v 60.34000015 55.84700394 81.88500214
v 62.16500092 54.90300369 80.56700134
v 64.38899994 53.75200272 66.95700073
v 65.61299896 53.11900330 69.98500061
v 57.50600052 57.14700317 83.93700409
v 59.57799911 56.20900345 84.45600128
v 56.80899811 57.53200150 85.86299896
v 55.54399872 58.05800247 88.33599854
v 53.87799835 58.88300323 92.72800446
v 51.72599792 59.66099930 95.03500366
v 49.56299973 60.41600037 96.40200043
v 47.34299850 61.06200409 96.95100403
v 55.02199936 58.41700363 91.20400238
v 42.08399963 62.59099960 97.65599823
v 45.06100082 61.78000259 97.45000458
v 39.09599686 63.09300232 99.32199860
v 31.40599823 64.10900116 103.97200012
v 33.83199692 63.97200012 102.87899780
v 24.31599998 64.58499908 105.21700287
v 20.61100006 64.68099976 106.61199951
v 23.39299965 64.59300232 107.07800293
v 25.89699936 64.51300049 105.28199768
v 28.63299942 64.32300568 105.84400177
v 38.50000000 63.24900055 101.63400269
v 36.14099884 63.60499954 102.84799957
v 11.06799793 62.66100311 108.82600403
v 13.79299927 64.12500000 108.55500031
v 13.10599995 63.87700272 110.11299896
v 10.18799877 61.92100143 111.73400116
v 11.09200001 62.69100189 111.11900330
v 15.56700134 64.58399963 107.54100037
v 19.66099930 64.66200256 109.39199829
v 16.46300125 64.70000458 109.58900452
v 8.21199989 30.70600128 111.51100159
v 6.71399736 32.10200119 111.68299866
v 4.86600018 33.94900131 111.64400482
v 8.70199871 30.32500076 113.56900024
v 12.31300068 27.47700119 114.59400177
v 10.62499714 28.77400208 114.46700287
v 3.86999917 35.30700302 113.96800232
v 3.31299758 36.18500137 114.67200470
v 2.35100079 44.35900116 116.76399994
v 3.42499828 36.16100311 116.22799683
v 3.20699811 36.87100220 118.16600037
v 2.18999767 39.89900208 117.65299988
v 2.22799921 42.67100143 117.82599640
v 5.09499741 52.48600388 116.20899963
v 6.26200056 55.13300323 115.11199951
v 7.93999815 58.18000412 115.97600555
v 8.12299919 59.02300262 113.30100250
v 9.18799973 60.64599991 112.93800354
v 3.41099882 47.49500275 117.76100159
v 4.55199909 50.71300125 117.78400421
v 66.02500153 4.30600357 0.90599805
v 67.79599762 6.79800081 0.39800256
v 69.23199463 7.37600231 0.39999932
v 72.29799652 8.24200153 0.48299879
v 73.74099731 10.60600185 0.89199841
v 74.55500031 15.49000072 2.42300320
v 75.50499725 12.37300205 1.34400272
v 75.27999878 18.98100281 2.90500379
v 71.19699860 0.00000000 11.34499931
v 71.78800201 0.16700104 14.33999825
v 70.42499542 0.22900105 20.59800148
v 72.81999969 0.38800016 18.06300163
v 71.13800049 0.45100227 23.20300102
v 66.18899536 2.39600229 2.26099777
v 67.81099701 2.08600235 2.47900200
v 68.98699951 2.05100322 2.45299935
v 69.90399933 1.70300150 2.80000257
v 71.40599823 1.33600092 3.23600316
v 70.71299744 0.00900030 7.10599852
v 71.86100006 0.38700178 5.17900276
v 72.56600189 0.30600280 7.51300144
v 72.67600250 0.64400208 25.82500076
v 71.48400116 1.11800063 30.29700089
v 74.23300171 0.69700181 26.75900269
v 75.53800201 0.82400072 28.85499954
v 72.53599548 1.15900111 31.85199928
v 71.32599640 1.45700204 35.01900101
v 71.55100250 1.53400004 37.88899994
v 70.34700012 1.70600045 46.59199905
v 72.52400208 1.41700363 44.00699997
v 72.38499451 1.46100295 41.56200027
v 70.27999878 1.63900113 50.03699875
v 70.44499969 1.45500159 55.17100143
v 67.25599670 2.01200318 60.65700150
v 70.37000275 1.46500015 59.49000168
v 67.13399506 2.00400138 63.49200058
v 65.61199951 2.33800340 64.85700226
v 63.70399857 2.84400201 69.54599762
v 61.40599823 3.46400213 70.01999664
v 60.97699738 3.60700107 72.30899811
v 76.82800293 21.14300156 2.83200288
v 76.76599884 25.67700195 2.72899866
v 78.23200226 23.17400169 2.71099806
v 78.79799652 26.57500267 2.51500320
v 80.26799774 27.46800232 1.95900345
v 80.04799652 30.15200233 1.38399744
v 80.86999512 32.56900024 0.57600439
v 76.11599731 46.69300079 1.33500242
v 75.14900208 47.52300262 1.38100243
v 79.54299927 37.39900208 0.24100393
v 81.55400085 39.94900131 0.66400319
v 79.84899902 41.40100098 0.65600127
v 79.73600006 44.03200150 1.46300340
v 77.27899933 46.65900040 1.75700331
v 77.98999786 45.57500076 1.52800226
v 79.00599670 44.72600174 1.52599812
v 80.67199707 35.21500015 0.27400255
v 73.86299896 50.05400085 2.30900192
v 75.81099701 49.51300049 2.94499850
v 72.58399963 51.77500153 3.05200362
v 70.54799652 54.08300018 4.22599888
v 72.78099823 52.34099960 4.02700138
v 71.75499725 53.27799988 4.40300274
v 70.65699768 54.49900055 5.37899876
v 70.43299866 54.79800034 7.21199799
v 72.21199799 53.28900146 8.34300327
v 71.36299896 54.16400146 9.87900066
v 70.12200165 54.93000031 10.41400433
v 68.23100281 55.58700180 12.17900181
v 67.41899872 56.14200211 13.89300060
v 66.79599762 56.61400223 15.33199883
v 70.76399994 53.90700150 19.82100296
v 72.81099701 52.12000275 22.67900085
v 72.65599823 52.64400101 20.11100197
v 73.28499603 51.48300171 24.73699951
v 74.08699799 49.78500366 32.48600006
v 75.13400269 49.34799957 29.92300034
v 74.81700134 50.00900269 27.09099960
v 71.25299835 51.05599976 38.25699997
v 71.99700165 50.81100082 35.95000076
v 69.65399933 54.91800308 17.25400162
v 68.25799561 55.86700058 15.58600330
v 72.02700043 50.15000153 43.13000107
v 67.04899597 52.70400238 51.85500336
v 66.79100037 52.86000061 51.35700226
v 72.18399811 49.77700043 49.33600235
v 72.93099976 49.27000046 50.74499893
v 70.13700104 50.92800140 53.25300217
v 69.09100342 51.55500031 52.55400085
v 73.53499603 49.06600189 45.00500107
v 74.80500031 48.13900375 46.89300156
v 67.33499908 52.50200272 52.98699951
v 66.89800262 52.69400406 54.40600204
v 68.57499695 51.72100067 55.09200287
v 67.72000122 52.24600220 56.35100174
v 67.84500122 52.09700394 57.22999954
v 67.97899628 51.98700333 58.74000168
v 67.02799988 52.47900391 59.04000092
v 67.75499725 52.21400070 61.71200180
v 67.76399994 52.13999939 60.61199951
v 67.71499634 52.14200211 63.08600235
v 65.68699646 53.11600113 64.70700073
v 61.85799789 3.44100213 74.80999756
v 60.51499939 3.80200148 76.63500214
v 59.13399887 4.18500233 79.24300385
v 60.08499908 4.03600168 82.18700409
v 58.29199982 4.52100134 84.69499969
v 57.89199829 4.69900131 88.68800354
v 54.10099792 5.66400194 90.22599792
v 56.10599899 5.15900183 89.96400452
v 54.71599960 5.48200130 92.29499817
v 51.95700073 6.23500156 94.30799866
v 48.93199921 7.10300159 96.37000275
v 51.39400101 6.41800070 96.34100342
v 49.20499802 7.05900240 98.65800476
v 46.84600067 7.79500246 101.69799805
v 42.91999817 9.16800117 103.82500458
v 39.64299774 10.53700256 105.20800018
v 36.44499969 12.11300087 106.55100250
v 32.76399994 14.20200253 109.33899689
v 31.04599953 15.19700146 106.97800446
v 22.81599808 20.37100220 108.73500061
v 25.26999855 18.82700157 108.51399994
v 14.45399952 25.85900116 111.79399872
v 16.54800034 24.43000221 111.37100220
v 18.81799889 22.97600174 112.74700165
v 21.42099762 21.28000259 111.49900055
v 28.12000084 16.99300194 105.67800140
v 28.57699966 16.74300194 107.38899994
v 28.05399895 17.08600044 109.66799927
v 65.29799652 53.24300003 72.61199951
v 66.33300018 52.68700409 74.85600281
v 65.67600250 53.03300095 77.11499786
v 64.19000244 53.85200119 77.81999969
v 63.84600067 54.04700089 80.18599701
v 61.83399963 55.17700195 84.27500153
v 63.16499710 54.44200134 82.70300293
v 67.02099609 52.41400146 67.47299957
v 67.05599976 52.22800064 71.68199921
v 68.17600250 51.71600342 69.74400330
v 59.16099930 56.45900345 86.54299927
v 57.85599899 57.07300186 88.75399780
v 56.76499939 57.65800095 91.01300049
v 56.19400024 57.86600113 93.50299835
v 53.89699936 58.90000153 95.39399719
v 51.92099762 59.59800339 97.37899780
v 50.20000076 60.15600204 98.40299988
v 47.21699905 61.12900162 99.21500397
v 41.96599960 62.57700348 99.70300293
v 44.61100006 61.89700317 99.77999878
v 40.39899826 62.93200302 101.36599731
v 34.20599747 63.91000366 105.58200073
v 31.25499916 64.06999969 106.52999878
v 26.62899971 64.43900299 107.68000031
v 21.79599953 64.65600586 108.53299713
v 24.54299927 64.54900360 109.10399628
v 29.76799965 64.19800568 108.69699860
v 38.44899750 63.21100235 103.83799744
v 40.85400009 62.70600128 104.57900238
v 36.87899780 63.48400116 105.40699768
v 12.74799919 63.64700317 112.14099884
v 16.19400024 64.66000366 112.90599823
v 10.10699940 61.63100052 114.26200104
v 11.32199955 62.79700089 112.79299927
v 18.81999969 64.70899963 111.86299896
v 21.79499817 64.62000275 111.18600464
v 6.34700060 32.57900238 114.41899872
v 4.88599777 34.08500290 114.12300110
v 8.33600044 30.76000214 115.78900146
v 10.70600033 28.76600075 116.83799744
v 12.95099735 27.02000237 116.96700287
v 14.56199932 25.84400177 114.42099762
v 4.99700022 34.08700180 117.00099945
v 2.73799896 44.06200027 119.34100342
v 3.72399759 35.85600281 117.73100281
v 4.02199841 35.51600266 118.92300415
v 4.11199760 35.56300354 120.36100006
v 3.09399891 37.98100281 120.50000000
v 2.38100076 40.75699997 119.44800568
v 6.16100073 53.65400314 119.53600311
v 7.42099810 56.50400162 118.54100037
v 9.80300045 60.90500259 116.64900208
v 9.04699802 59.04300308 119.15399933
v 3.41000032 46.04899979 120.08000183
v 4.28999949 47.73700333 121.48699951
v 5.10599852 50.52600098 120.91500092
v 68.36699677 3.39900327 1.40699744
v 70.17900085 5.37400150 0.65000355
v 73.56500244 5.56700134 0.65900385
v 75.31500244 8.35700130 0.64799935
v 78.15399933 14.09100151 1.53700256
v 77.25399780 16.89200020 2.09300232
v 77.23300171 10.33800125 1.05100131
v 79.11299896 19.88900185 2.06500292
v 74.33899689 0.81400204 9.67500401
v 72.95500183 0.44100359 12.73199940
v 74.27300262 0.87400150 15.22099972
v 73.56199646 0.26100129 21.12500381
v 74.71699524 0.87800252 18.34099770
v 74.28099823 0.50800294 24.17499924
v 70.73600006 3.26100373 1.51500106
v 70.82399750 1.81600082 2.70099926
v 72.73200226 1.96800005 2.61600304
v 73.61499786 0.91600049 4.32600069
v 75.18199921 1.03900206 6.91799831
v 76.25000000 0.49700215 23.94600296
v 78.59300232 0.69800019 25.61000061
v 78.31999969 0.84900111 29.08699989
v 75.07199860 1.06900191 33.00400162
v 77.75799561 0.95300007 31.95900154
v 74.65200043 1.21600175 36.80699921
v 74.67500305 1.21600175 39.70800018
v 73.03599548 1.24900043 47.75600052
v 74.23500061 1.15900111 45.94499969
v 74.94300079 1.13900006 42.75000000
v 72.87300110 1.25600028 50.54299927
v 72.98600006 1.30000341 53.45500183
v 72.79499817 1.52800226 57.28200150
v 69.60800171 1.55600166 62.30099869
v 73.31400299 1.76300108 59.47500229
v 72.34999847 1.68700147 61.91199875
v 69.90699768 1.52500343 64.40200043
v 68.51499939 1.66400146 67.11199951
v 67.95500183 1.79200244 69.91899872
v 65.46399689 2.42000079 71.62899780
v 63.45199966 2.96100235 72.76599884
v 80.92199707 23.68300247 1.91999972
v 80.97000122 21.20900154 1.90100074
v 82.80899811 25.42000198 1.53899932
v 82.55699921 27.72500229 1.33199990
v 83.11299896 30.47500229 0.81799924
v 83.82599640 32.13600159 0.52100420
v 83.19999695 34.31400299 0.37600100
v 82.03199768 37.44400024 0.42399764
v 83.74700165 39.94600296 1.32299960
v 82.60199738 41.75100327 1.60500407
v 83.86800385 41.27500153 1.97000051
v 81.12999725 42.44600296 1.33400416
v 80.18499756 45.82500076 2.83800077
v 81.50800323 44.96400070 3.11600423
v 77.90799713 48.07200241 3.15199804
v 78.87699890 46.85700226 2.74400425
v 74.55300140 50.88600159 3.63200164
v 75.18599701 50.67000198 4.17800236
v 76.19799805 50.02900314 4.33599949
v 73.63600159 51.72100067 4.07700253
v 74.88299561 51.11400223 5.67799807
v 72.86100006 52.67000198 6.31800270
v 71.31900024 54.18300247 6.34299946
v 75.11299896 50.81000137 9.12800407
v 73.25299835 52.13100052 10.74500370
v 72.79499817 52.48400116 12.55799866
v 70.59300232 54.69900131 11.70899677
v 70.19000244 54.88400269 12.84799767
v 69.46599579 55.26700211 14.30200005
v 72.81500244 52.93300247 17.46199989
v 71.31999969 53.96100235 16.63999939
v 74.80599976 50.83100128 22.30500031
v 74.17400360 51.70400238 19.53399849
v 75.58699799 49.70900345 25.40500069
v 76.27500153 48.11500168 32.50300217
v 75.17800140 48.75100327 34.19700241
v 73.28099823 49.80599976 37.03900146
v 76.38500214 48.56200027 28.76700020
v 77.98500061 47.11800003 30.10400009
v 77.30400085 48.38500214 25.84600067
v 73.84899902 49.10700226 40.50299835
v 71.36699677 54.09700394 14.97799873
v 71.52099609 50.06700134 53.90100098
v 73.17099762 49.07100296 53.08000183
v 75.04100037 47.88300323 51.26399994
v 71.11299896 50.33200073 54.19400024
v 69.00399780 51.51600266 54.21599960
v 70.46599579 50.69500351 55.02899933
v 67.62099457 52.31900024 53.87200165
v 75.31900024 47.86800385 44.02500153
v 77.74099731 46.13300323 46.29399872
v 76.67600250 46.81500244 48.76200104
v 69.67499542 51.09300232 55.59300232
v 68.91400146 51.46500015 56.45600128
v 68.37899780 51.75000381 58.31500244
v 69.64599609 51.06100082 59.18000031
v 68.27700043 51.71600342 59.88399887
v 68.93499756 51.43800354 60.87900162
v 69.06099701 51.34300232 62.83700180
v 68.34199524 51.79600143 63.38500214
v 67.82399750 51.97200012 65.05400085
v 66.86000061 52.43500137 64.98000336
v 68.44599915 51.61500168 64.44100189
v 65.02899933 2.61300063 74.74400330
v 64.44400024 2.86900258 78.28299713
v 61.77799988 3.60100341 80.67700195
v 61.89699936 3.67199993 83.81999969
v 60.71199799 4.03600168 87.26399994
v 58.94899750 4.57800198 90.56200409
v 57.78199768 4.79100275 92.45500183
v 54.53099823 5.61500168 95.38700104
v 57.62400055 4.92200279 94.64199829
v 50.86999893 6.63700151 100.38899994
v 54.87799835 5.64200258 99.75900269
v 47.00899887 7.76000118 104.88600159
v 42.95100021 9.16800117 106.49299622
v 38.65299988 11.00900173 108.86499786
v 41.08200073 9.93800163 108.84200287
v 36.11499786 12.28600216 109.15799713
v 30.48499870 15.59700298 109.83800507
v 31.77599907 14.78600121 111.77999878
v 34.02000046 13.43300152 112.34999847
v 24.12699890 19.59100151 111.28199768
v 26.56999969 18.08000183 110.76100159
v 17.12799835 24.11100197 114.95400238
v 21.79899979 21.08500099 113.79100037
v 19.00200081 22.88400269 115.12000275
v 27.95700073 17.19900131 113.36000061
v 29.61899948 16.12900162 112.55599976
v 67.11299896 52.27300262 73.20600128
v 67.95399475 51.85200119 75.30999756
v 67.52999878 52.02500153 76.26599884
v 67.19699860 52.27300262 77.53400421
v 66.70800018 52.52200317 78.58100128
v 65.30699921 53.30200195 79.15799713
v 65.87300110 52.98300171 78.30899811
v 65.28299713 53.32100296 80.65799713
v 64.57399750 53.71500015 82.78199768
v 64.33200073 53.88999939 84.55599976
v 62.97900009 54.64200211 85.79699707
v 62.03400040 55.12900162 87.62400055
v 65.20299530 53.40500259 84.08100128
v 68.89599609 51.34700012 67.98899841
v 68.18699646 51.73500443 65.78400421
v 68.39900208 51.67100143 66.82399750
v 68.42299652 51.57000351 71.75000000
v 68.85399628 51.29500198 70.95700073
v 68.28199768 51.68100357 72.58699799
v 69.66099548 50.94700241 68.59899902
v 69.86199951 50.88199997 69.70400238
v 70.17399597 50.68799973 70.25099945
v 60.40399933 55.92900085 87.93600464
v 59.42099762 56.33900070 89.91100311
v 58.33499908 56.92100143 91.69000244
v 56.44300079 57.91200256 96.99300385
v 57.79399872 57.23500061 94.72000122
v 53.90800095 58.91799927 97.25800323
v 52.75999832 59.35500336 99.39900208
v 49.44699860 60.44200134 100.54699707
v 45.88699722 61.56800079 101.90299988
v 47.41799927 61.12700272 101.40499878
v 43.39500046 62.16500092 101.82399750
v 34.42899704 63.80200195 107.71099854
v 36.13499832 63.62500381 107.07800293
v 32.70699692 63.91800308 109.17900085
v 27.90999985 64.36199951 109.85199738
v 23.96099854 64.57199860 111.19300079
v 26.48299980 64.45500183 111.70200348
v 30.08099747 64.16900635 111.28500366
v 39.57899857 63.05599976 106.65200043
v 42.72900009 62.32699966 104.45500183
v 42.28699875 62.53000259 107.37400055
v 38.21699905 63.37000275 108.21299744
v 12.14300060 63.23300171 114.32499695
v 13.80199909 64.02999878 113.94599915
v 19.73799896 64.72399902 114.91600037
v 15.90500069 64.56500244 115.81400299
v 17.62299919 64.73000336 114.99600220
v 11.68099785 62.85600281 115.26699829
v 11.06299877 62.12300110 117.08799744
v 21.03800011 64.64199829 113.21600342
v 24.42599869 64.57700348 113.81100464
v 6.26099873 32.75100327 118.48999786
v 8.76300049 30.39200211 118.19200134
v 10.17799950 29.20500183 119.81200409
v 12.65599918 27.30800247 120.34999847
v 15.52699852 25.22700119 116.60700226
v 15.09299850 25.52700043 118.66999817
v 4.70199823 34.57700348 119.03399658
v 2.93399763 42.36600113 121.52999878
v 4.59599876 34.88700104 120.97800446
v 4.57900000 35.15000153 122.39299774
v 3.77899790 37.00000000 122.70500183
v 3.07799864 39.68200302 122.29699707
v 6.95499802 53.32900238 123.11299896
v 8.71500015 57.61900330 121.30200195
v 10.65599918 61.22100067 119.57099915
v 10.25800037 59.32200241 122.83399963
v 3.83399796 45.16200256 122.60100555
v 5.04300022 46.20900345 125.33900452
v 5.21799946 48.46200180 123.81400299
v 6.31999969 50.80900192 124.66799927
v 72.34099579 4.56300211 0.92899799
v 75.69899750 4.56300211 0.93100220
v 74.15000153 2.24700189 2.36199808
v 77.49500275 6.93900156 0.67400187
v 80.55099487 10.98100090 1.29199767
v 83.12400055 13.31800270 1.75200403
v 81.39199829 15.63900185 1.80000067
v 79.81499481 18.04100227 1.84600055
v 79.09999847 9.18000221 1.01500010
v 76.58799744 1.26300001 12.30999851
v 78.38400269 1.36700273 10.92100143
v 77.81299591 1.35000050 7.06499815
v 76.31299591 1.26600266 14.42699909
v 76.70500183 1.32800269 16.44399834
v 76.20600128 1.16300213 18.78400230
v 75.70999908 0.50000101 21.34600258
v 75.17900085 1.15100288 4.45300341
v 77.30200195 1.49800253 3.99300456
v 77.72399902 0.57800114 22.46100044
v 79.98400116 0.77500194 22.68500328
v 81.04399872 0.88300180 25.86999893
v 81.57499695 1.03400278 29.67900085
v 80.05899811 0.97100067 30.82299995
v 76.62899780 1.06200206 34.83800125
v 79.34100342 0.99300218 33.25999832
v 78.35199738 1.07100236 37.87400055
v 76.69100189 1.08300149 39.19599915
v 76.36499786 1.06200206 41.34200287
v 75.47799683 1.35300303 49.70899963
v 76.51399994 1.34900212 47.84400177
v 77.42299652 1.32200122 45.68700027
v 78.47000122 1.23600292 43.12600327
v 76.01200104 1.75300241 52.76900101
v 75.17600250 1.84600055 55.56900024
v 75.27999878 2.27300072 58.76599884
v 74.92800140 2.33600283 60.83900070
v 72.00199890 1.75400078 65.33200073
v 75.57499695 2.93100262 63.44800186
v 70.73500061 1.63100290 67.92299652
v 71.97699738 1.86600161 68.95200348
v 71.44200134 1.75500286 71.74900055
v 68.29899597 1.81200361 73.63700104
v 69.20500183 1.64700294 71.82299805
v 83.63099670 22.91200256 1.74500048
v 82.82199860 18.52600098 1.97400153
v 84.79699707 20.60700226 1.97199726
v 85.80999756 24.46200180 1.51699781
v 85.69400024 27.40400124 1.12300372
v 86.10700226 30.75300217 0.64799935
v 86.04899597 33.46500015 0.52499771
v 85.11100006 35.59200287 0.60199946
v 84.15200043 37.76200104 0.76200068
v 84.71699524 38.98100281 1.34100020
v 85.30799866 40.25699997 2.20200419
v 83.18999481 43.27400208 3.14500189
v 83.86499786 42.73700333 3.23600316
v 84.82999420 42.14500046 3.63700104
v 85.29199982 41.49900055 3.32900143
v 82.30300140 44.18300247 3.13600159
v 79.85800171 47.23699951 4.01999807
v 80.71800232 46.80200195 4.52999783
v 81.33200073 45.88500214 4.06000042
v 82.58000183 44.87500000 5.36200428
v 77.42900085 49.22200012 4.33400249
v 78.18799591 49.07500076 5.23699808
v 79.33899689 48.07700348 4.63800144
v 76.76899719 49.88700104 5.47099876
v 75.86599731 50.42200089 7.01300049
v 75.29100037 50.53300095 12.32600212
v 77.66400146 49.38300323 7.93500233
v 78.40000153 48.97200394 9.64300346
v 77.03199768 49.47100067 11.67000103
v 71.61999512 53.82600403 13.14999866
v 75.42700195 50.66800308 14.53799725
v 73.58499908 52.17900085 14.58799839
v 74.93799591 51.49800110 16.80699730
v 75.78099823 50.58100128 19.48100281
v 76.61799622 49.42400360 22.90499878
v 78.53699493 46.23800278 33.27099991
v 76.19400024 47.79199982 36.20500183
v 76.27200317 47.52400208 38.58000183
v 78.57799530 47.11400223 27.58900070
v 80.41099548 45.47900009 29.06500244
v 80.19899750 45.31999969 30.99099922
v 79.72599792 46.89300156 23.97900009
v 79.22399902 46.97200012 25.73800087
v 78.82699585 47.95400238 21.87800026
v 76.70400238 47.05800247 40.96899796
v 72.09799957 49.71000290 54.06900024
v 72.26899719 49.63700104 55.30800247
v 71.88500214 49.82000351 55.73900223
v 75.13499451 47.80400085 54.50799942
v 73.56999969 48.76600266 55.06100082
v 72.80799866 49.27600098 55.08100128
v 77.38500214 46.31200027 52.80099869
v 71.02600098 50.36200333 55.92100143
v 77.26799774 46.54900360 43.60200119
v 79.81399536 44.61500168 44.27200317
v 80.69499969 43.95400238 47.54700089
v 78.74499512 45.37200165 51.07299805
v 70.23600006 50.82100296 56.79100037
v 69.45999908 51.16800308 57.51700211
v 69.94200134 50.87300110 60.31400299
v 70.63500214 50.52400208 59.85200119
v 70.82899475 50.43500137 58.48900223
v 69.81099701 50.87300110 61.55200195
v 70.13700104 50.65400314 62.90600204
v 70.05100250 50.68000031 62.10000229
v 69.16200256 51.25400162 63.56700134
v 70.57199860 50.52500153 63.52099991
v 68.99900055 51.31700134 65.31999969
v 70.33399963 50.61300278 64.39500427
v 67.11000061 2.15600061 76.23899841
v 67.42900085 2.21600008 79.21299744
v 65.45400238 2.79100227 81.90399933
v 65.43699646 2.97800088 86.35400391
v 63.14400101 3.55500364 88.44999695
v 62.13499832 3.85300064 90.97599792
v 60.31399918 4.26500273 92.15699768
v 61.28899765 4.14600229 93.79700470
v 59.33399963 4.61300087 95.42099762
v 56.34099960 5.26800203 96.62300110
v 51.91799927 6.41900110 104.02300262
v 59.00000000 4.77100182 98.36399841
v 58.47399902 4.96400166 101.12300110
v 56.37699890 5.47600174 104.08300018
v 48.81499863 7.27300167 106.45200348
v 45.39299774 8.33100224 108.58499908
v 43.16699982 9.10900116 110.93099976
v 39.32699966 10.70200062 111.13200378
v 36.54100037 12.07300091 112.36100006
v 41.63899994 9.69500065 112.79599762
v 31.54400063 14.91900158 114.09300232
v 35.24200058 12.70500183 115.95100403
v 25.91599846 18.47800255 112.40399933
v 24.91599846 19.11700058 114.27300262
v 17.58199883 23.85400200 118.35700226
v 19.95899963 22.29700089 116.71700287
v 23.00799751 20.32700157 115.48100281
v 22.09899902 20.89400291 117.25600433
v 26.52599907 18.09400177 116.24800110
v 30.12899780 15.78800201 115.55100250
v 68.86399841 51.34600067 73.89600372
v 68.30599976 51.67399979 74.28199768
v 68.40100098 51.60800171 77.02700043
v 68.84500122 51.33500290 75.81900024
v 68.45299530 51.57300186 78.41000366
v 67.46699524 52.14600372 78.79599762
v 66.69200134 52.58600235 79.69899750
v 66.26599884 52.86300278 81.18099976
v 65.50199890 53.25200272 82.62999725
v 65.86999512 53.03800201 83.18599701
v 65.22799683 53.40999985 85.55100250
v 64.21599579 53.97000122 85.38700104
v 63.61999893 54.27600098 86.49800110
v 63.24399948 54.50100327 87.41300201
v 61.40399933 55.45300293 89.05500031
v 62.88000107 54.64700317 88.63200378
v 66.51000214 52.70400238 84.18499756
v 66.08599854 52.95100403 85.48000336
v 70.17299652 50.66800308 66.87999725
v 69.28299713 51.16500092 66.43099976
v 69.12100220 51.19200134 73.03400421
v 69.73500061 50.90300369 71.13500214
v 69.85600281 50.80300140 72.46399689
v 70.66799927 50.42500305 67.56200409
v 71.17700195 50.07200241 68.91500092
v 70.86599731 50.29500198 71.52000427
v 61.51300049 55.42200089 90.87599945
v 60.43099976 55.97000122 92.17800140
v 59.61000061 56.39900208 94.09899902
v 55.77099991 58.21400070 98.96199799
v 58.62599945 56.92700195 96.22900391
v 58.40799713 57.14100266 98.45100403
v 54.96799850 58.55500031 101.72000122
v 53.13199997 59.29600143 101.18600464
v 51.57899857 59.75300217 102.09500122
v 48.01699829 60.93400192 103.55699921
v 50.60499954 60.14000320 103.43499756
v 45.40999985 61.64200211 104.22900391
v 36.08399963 63.61700058 110.05699921
v 33.21400070 63.90800095 112.04900360
v 27.21999931 64.45200348 115.48900604
v 30.37999916 64.18900299 113.49900055
v 39.55199814 63.08300400 109.78500366
v 44.40200043 61.98600006 106.52000427
v 42.87099838 62.38100052 109.45600128
v 12.05399990 63.03600311 115.96500397
v 13.98699760 63.94200134 116.79499817
v 22.31299973 64.64500427 115.35199738
v 19.71599770 64.77700043 116.85400391
v 17.17899704 64.72100067 117.84500122
v 12.06899834 62.85300064 117.39699554
v 24.70799828 64.59999847 116.88500214
v 7.47199726 31.63100243 120.43299866
v 5.74699783 33.47400284 122.11199951
v 8.23899746 30.90700150 122.49300385
v 10.51199818 28.94400215 122.19200134
v 11.56000042 28.11800194 123.60399628
v 14.65299702 25.80500221 123.20100403
v 16.93099785 24.25400162 121.35500336
v 3.76899910 40.73100281 125.09400177
v 3.83199739 43.51800156 123.88700104
v 5.17999744 34.29800034 123.33200073
v 4.92699814 35.71000290 126.12699890
v 4.01600075 37.69700241 124.80500031
v 8.48899746 55.28000259 124.57700348
v 12.28100014 62.23100281 121.65299988
v 12.86599827 63.16700363 118.89399719
v 10.76399899 58.62400055 125.29500580
v 12.13699913 61.22100067 124.04499817
v 6.28599882 48.23600388 126.93700409
v 4.81300068 43.64400101 126.48900604
v 5.80599880 45.50600052 127.71399689
v 6.99299955 50.28700256 126.86699677
v 8.93699741 52.45100021 128.97599792
v 76.33899689 2.31300306 2.48800230
v 77.22299957 2.53100324 2.35199928
v 78.37200165 4.30400276 1.22699881
v 75.78900146 1.84000278 3.01600242
v 80.03900146 6.57200241 0.96599758
v 81.77400208 7.44200134 1.23900175
v 83.82799530 11.10700130 1.75400078
v 84.93800354 14.46100140 2.06000352
v 84.73799896 17.19700241 2.07299733
v 79.56099701 1.36100125 12.98200321
v 81.43499756 1.14000213 9.83499718
v 81.02500153 1.17100024 11.50199795
v 79.89099884 1.39700246 5.75300312
v 80.68800354 1.26300001 7.84999895
v 79.10399628 1.38900054 15.65299892
v 79.12999725 1.45400310 17.95499802
v 78.52199554 1.24400115 19.97300148
v 78.29199982 2.36400223 2.72200251
v 79.53199768 1.80700052 3.86700034
v 82.04100037 0.96800178 22.95299911
v 81.49900055 1.07000017 20.67700005
v 83.85800171 1.28700209 25.79900169
v 82.75099945 1.11400342 27.26500130
v 83.54199982 1.33400035 29.87100220
v 81.56800079 1.11500168 33.03400040
v 79.10900116 1.03900206 35.54800034
v 80.47100067 1.19300187 37.85499954
v 79.18199921 1.17600334 40.66300201
v 78.41699982 2.21700215 50.20100403
v 78.77999878 2.05800319 48.45899963
v 79.43900299 1.62100053 44.78700256
v 80.12899780 2.25000095 46.67900085
v 81.10900116 1.89100206 42.72999954
v 79.05100250 3.01100302 52.20899963
v 77.21900177 2.54500294 54.64800262
v 77.15999603 3.04000092 57.71500015
v 77.81600189 3.27800226 56.85300064
v 77.17700195 3.29300022 58.87800217
v 76.79199982 3.28600025 60.26900101
v 77.07299805 3.75100231 62.12900162
v 75.50000000 3.05200005 65.12799835
v 73.80200195 2.32300162 67.16699982
v 71.75399780 1.82500112 67.82399750
v 77.30999756 4.34600210 64.51599884
v 73.41200256 2.26900363 69.61100006
v 74.05699921 2.52100086 71.34300232
v 73.87999725 2.33600283 73.84600067
v 70.97000122 1.66300309 74.89700317
v 69.24500275 1.73700225 76.30699921
v 87.23400116 18.31400299 2.39299989
v 88.15899658 20.40100098 2.21499801
v 88.70099640 22.28000259 1.93899870
v 88.81399536 24.61900139 1.48100400
v 88.93099976 26.88100243 1.11199915
v 88.63199615 28.94100189 0.82600117
v 88.34799957 31.64000130 0.67099929
v 87.68299866 33.85900116 0.82600117
v 87.37000275 36.06500244 1.35099888
v 86.35099792 36.78700256 1.15200138
v 85.69599915 37.77900314 1.27699971
v 87.59199524 38.43300247 2.70000100
v 87.06999969 40.05000305 3.56200337
v 86.33399963 40.95100021 3.78099823
v 83.80999756 43.44800186 4.69499826
v 86.37599945 41.45300293 5.46599913
v 80.93099976 47.05100250 6.20300341
v 84.01200104 43.35100174 8.61600018
v 82.04699707 45.40999985 9.01500130
v 79.67800140 48.39800262 7.15400267
v 77.86299896 49.15100098 14.66099930
v 80.46299744 47.60000229 9.31999874
v 79.40499878 48.28700256 12.32100296
v 76.52299500 50.29700089 17.59000206
v 77.20399475 49.47400284 19.86899948
v 81.39899445 43.88000107 35.13900375
v 82.03499603 43.77700043 32.09799957
v 79.07399750 45.46800232 36.74200058
v 81.09500122 45.37100220 26.64100075
v 82.14600372 44.22300339 28.42900085
v 83.15499878 43.27799988 29.34500122
v 81.26399994 45.65600204 24.08900070
v 80.68199921 46.61600113 21.14599991
v 79.06999969 48.12100220 19.53399849
v 79.73400116 44.75000381 40.63100052
v 71.26399994 50.17399979 56.91600037
v 73.19100189 49.01700211 55.95000076
v 72.61799622 49.26100159 56.88800049
v 71.98699951 49.67800140 57.54899979
v 74.34300232 48.28900146 57.07500076
v 78.73799896 45.43200302 56.14300156
v 76.49600220 46.90900040 57.17800140
v 81.58100128 43.51300049 54.63500214
v 70.49099731 50.65400314 57.58800125
v 82.55699921 42.67700195 45.49700165
v 82.02299500 43.03300095 41.44700241
v 83.18000031 42.31400299 48.75900269
v 81.40000153 43.55300140 51.42399979
v 71.23300171 50.21700287 60.38899994
v 71.69499969 49.93800354 61.75099945
v 72.04699707 49.68300247 59.60300064
v 71.62799835 49.91900253 58.83599854
v 71.13099670 50.18099976 62.54400253
v 72.00699615 49.68600082 62.78900146
v 71.08699799 50.24700165 64.58000183
v 72.48300171 49.45200348 64.25700378
v 70.24099731 50.61300278 65.48200226
v 69.26799774 1.78000331 78.26899719
v 68.36599731 2.22800303 82.91699982
v 70.83899689 1.66100264 80.34300232
v 69.49400330 2.16600299 86.05100250
v 68.14599609 2.51800203 87.77700043
v 66.69300079 2.89800024 90.06300354
v 65.66400146 3.27100229 93.20700073
v 61.66799927 4.18800116 96.16000366
v 52.69599915 6.29600143 106.63899994
v 50.29000092 6.88100243 108.35900116
v 64.21199799 3.77100325 97.49700165
v 62.88699722 4.18400002 101.08900452
v 62.43999863 4.38000250 103.75199890
v 60.18499756 4.79200125 104.61199951
v 54.53599930 5.93100119 108.80500031
v 58.15100098 5.22200203 106.95500183
v 47.57399750 7.65400171 109.78099823
v 46.66699982 7.92600203 111.56200409
v 44.63999939 8.60900211 113.35500336
v 39.16999817 10.76300240 113.09200287
v 37.78400040 11.42500114 114.94400024
v 39.79800034 10.49900246 115.21100616
v 42.81999969 9.23500252 116.10399628
v 33.03799820 13.97100067 117.17600250
v 38.09299850 11.24400043 117.81500244
v 35.40599823 12.58900166 119.17000580
v 24.58999825 19.32600212 117.08799744
v 19.25799942 22.69400215 119.76899719
v 21.38999939 21.30600166 119.31900024
v 23.46899986 19.94500160 120.05400085
v 25.93999863 18.37600136 120.75599670
v 28.17899895 16.98100281 118.68499756
v 31.49600029 14.82400131 120.46900177
v 69.73099518 50.84900284 74.23200226
v 69.78700256 50.84700012 73.47499847
v 69.24900055 51.13600159 77.21400452
v 69.68699646 50.95900345 78.24900055
v 69.96900177 50.69900131 75.33399963
v 69.44000244 50.98500061 75.83200073
v 69.72000122 50.88600159 76.46900177
v 67.93699646 51.91000366 80.03299713
v 70.20600128 50.67600250 79.48999786
v 69.37699890 51.13000107 80.02799988
v 67.58399963 52.11000061 81.43199921
v 66.98400116 52.43700027 82.42199707
v 67.30599976 52.26900101 83.75099945
v 65.75799561 53.15100098 86.26000214
v 64.94599915 53.60499954 86.65100098
v 65.45700073 53.35400391 87.32199860
v 62.21500015 55.02899933 90.59500122
v 62.43399811 54.86800003 89.62699890
v 64.52999878 53.81700134 90.45200348
v 65.17199707 53.49000168 89.19400024
v 66.84500122 52.55200195 85.60300446
v 67.88500214 51.98700333 84.71099854
v 67.54399872 52.19300079 85.39299774
v 66.43299866 52.78499985 86.27700043
v 71.44699860 49.99500275 66.52000427
v 71.22799683 50.13100052 67.33599854
v 70.87699890 50.26600266 73.46099854
v 72.03900146 49.64400101 67.56900024
v 73.13199615 49.02000046 67.95300293
v 73.80500031 48.58100128 68.98300171
v 72.26699829 49.45500183 70.68900299
v 72.01300049 49.55100250 71.98400116
v 71.46800232 49.88300323 72.47800446
v 61.17799759 55.58600235 91.44699860
v 62.71999741 54.78600311 93.16000366
v 61.54899979 55.47000122 94.39400482
v 60.85599899 55.83600235 96.24099731
v 57.25199890 57.67000198 101.47699738
v 61.14099884 55.82200241 98.43000031
v 59.48699951 56.72100067 100.40000153
v 55.91399765 58.29199982 104.08100128
v 53.67200089 59.08000183 104.19699860
v 51.47299957 59.83900070 105.48699951
v 48.90299988 60.62500000 105.53299713
v 46.46999741 61.27400208 106.06400299
v 34.89099884 63.78200150 113.60900116
v 37.19699860 63.49100113 112.32900238
v 32.04700089 64.05400085 114.64500427
v 30.18499947 64.26599884 117.13299561
v 28.30399895 64.43399811 118.05899811
v 26.47099876 64.56700134 119.05400085
v 39.30199814 63.19900131 113.10299683
v 40.71599960 62.85900116 111.65100098
v 45.50199890 61.72700119 108.52100372
v 43.74900055 62.16500092 111.75700378
v 45.71099854 61.63800049 110.35099792
v 15.38199902 64.24100494 119.51399994
v 21.89399910 64.73799896 118.73600006
v 18.36700058 64.81700134 119.22100067
v 23.98499870 64.69799805 119.84999847
v 6.66600084 32.48700333 123.86000061
v 9.20799732 30.02900124 124.11800385
v 10.32900047 29.02300262 125.80599976
v 13.44699764 26.57800102 126.58100128
v 16.95000076 24.16400146 123.86700439
v 15.37900066 25.09800148 127.60600281
v 19.90099907 22.19600105 123.15499878
v 4.46299839 38.74500275 127.19599915
v 5.33999872 42.75900269 128.20800781
v 5.50200033 34.04300308 124.66699982
v 6.05899858 33.45200348 126.13100433
v 5.92200089 34.54600143 128.15800476
v 5.47200060 36.58200073 128.96400452
v 9.96799755 55.98900223 127.13500214
v 13.90099907 62.69400024 124.32400513
v 13.08999920 63.12900162 120.04199982
v 13.60299778 63.22300339 121.19200134
v 14.28899956 63.30900192 122.66200256
v 11.41499710 58.00900269 127.61400604
v 12.78199959 60.31900406 127.10600281
v 14.08199978 61.88100052 126.96099854
v 7.04300022 46.92600250 129.52799988
v 7.94499731 49.81700134 129.36999512
v 6.65700054 44.14300156 130.26200867
v 10.18599796 50.85000229 132.55900574
v 10.57899761 53.43600082 131.00399780
v 79.40200043 2.52000237 2.79100227
v 80.86899567 4.37800217 1.77899742
v 83.25000000 5.75700235 2.19900155
v 84.21399689 7.86600256 2.08099937
v 85.85500336 9.01700211 2.82300258
v 86.89700317 11.66100216 2.96299911
v 87.93799591 13.33200169 3.25400376
v 87.20099640 15.56000137 2.56700063
v 82.58399963 1.15800273 13.14300346
v 82.13400269 1.09500062 16.03300095
v 82.72999573 1.45300102 7.58799934
v 84.92700195 1.98200345 11.50300312
v 84.68000031 2.12300205 9.00500298
v 81.41199493 1.95600092 4.38000250
v 82.73699951 1.97200108 5.53400087
v 82.44899750 1.12100315 18.51099777
v 80.57099915 2.59700036 3.09000158
v 81.40200043 2.39400196 3.71900201
v 83.94799805 1.34700167 20.21600342
v 84.05899811 1.34000182 23.26000023
v 85.84499359 2.27200246 24.67300034
v 85.89600372 2.30200219 25.87800026
v 85.42299652 2.00900054 27.04700089
v 83.55999756 1.49300325 32.94400024
v 85.58999634 2.17600155 28.23600197
v 85.66699982 2.30800366 29.42399979
v 85.77700043 2.48400116 30.76200104
v 81.54900360 1.23100352 35.72299957
v 82.77400208 1.71000135 37.43700027
v 81.90000153 1.74000120 39.94100189
v 80.41799927 2.90900087 48.55599976
v 80.50900269 3.37400293 50.08700180
v 80.15799713 3.43500090 51.12000275
v 81.23200226 2.82400107 46.56200027
v 82.40899658 2.76700044 43.63700104
v 81.93000031 2.82900047 44.99800110
v 83.08200073 2.61500096 41.29700089
v 82.92599487 2.77300167 42.35900116
v 78.55300140 3.16500282 53.99100113
v 79.50900269 3.98400044 54.46799850
v 80.88399506 5.10700226 53.43199921
v 79.05899811 4.10599995 56.30599976
v 78.51999664 4.49900341 59.40200043
v 79.15100098 5.97800112 61.87100220
v 78.35499573 5.47000217 64.07800293
v 76.63400269 3.94700098 66.71399689
v 75.65100098 3.36700296 67.87200165
v 74.51100159 2.74800134 69.13200378
v 78.27099609 5.79800272 66.67600250
v 75.58200073 3.34900236 71.39900208
v 75.17600250 3.12500072 69.76799774
v 75.49500275 3.24800229 72.85800171
v 73.18799591 2.08400202 75.67199707
v 76.15899658 3.63600254 73.83200073
v 75.64499664 3.21900105 74.79000092
v 74.92599487 2.64800334 77.08799744
v 72.15599823 1.77800286 77.32500458
v 89.57399750 17.50500107 3.33300233
v 90.71499634 20.15900230 3.13500309
v 91.61399841 23.06900215 2.65300274
v 91.93499756 26.02500153 2.02199817
v 91.83399963 28.10900116 1.62100053
v 89.99299622 30.64500237 0.97300112
v 90.72499847 32.28800201 1.63199759
v 89.55400085 33.49500275 1.42300129
v 88.56599426 35.67200089 1.77500391
v 89.61199951 34.55900192 1.87399983
v 88.73200226 36.99800110 2.69800425
v 89.79699707 36.83300018 4.02700138
v 88.61700439 39.08200073 4.69600391
v 85.42600250 42.16400146 7.22599792
v 87.88600159 40.54300308 7.31799746
v 86.62699890 41.30700302 10.41900349
v 83.68399811 43.50200272 11.26299763
v 80.99399567 46.52099991 12.26300049
v 78.23799896 49.00800323 17.70800400
v 80.33999634 47.41600037 14.66999912
v 80.67499542 47.13600159 16.71899796
v 83.01599884 42.77099991 34.32800293
v 82.65799713 42.74100113 38.15999985
v 83.95400238 42.35400009 31.40500259
v 82.58999634 44.47200012 24.68899918
v 83.22299957 43.67399979 26.46400070
v 85.73799896 41.53700256 26.40800095
v 85.75499725 41.12700272 29.27400208
v 82.16899872 45.25400162 22.12800026
v 83.95700073 43.62000275 22.86300087
v 82.52600098 45.32400131 19.69400024
v 80.51000214 47.08800125 18.76299858
v 73.11599731 49.02000046 58.29600143
v 74.90899658 47.92100143 60.02700043
v 77.65299988 46.16800308 59.78000259
v 81.03900146 43.95200348 58.72700119
v 83.92099762 42.08500290 57.65600204
v 85.98699951 40.55100250 54.80200195
v 83.95199585 41.88100052 52.01900101
v 85.06099701 40.91100311 43.90399933
v 85.89399719 40.36000061 47.55200195
v 84.93099976 41.00400162 41.09999847
v 86.44300079 40.03200150 50.09600067
v 71.72000122 49.98200226 60.96699905
v 73.22000122 49.00600052 61.85400009
v 72.72200012 49.25900269 62.78900146
v 72.80300140 49.25200272 60.14800262
v 71.34099579 50.10900116 65.31800079
v 73.04499817 49.13000107 64.77200317
v 73.48500061 48.87300110 64.32299805
v 70.81399536 1.86900043 84.71400452
v 73.52500153 1.99300051 79.60700226
v 72.70899963 1.70900297 82.60700226
v 73.54199982 1.75600123 87.97800446
v 70.23500061 2.31100249 90.47000122
v 67.85599518 2.81400228 92.03700256
v 66.84099579 3.18300343 95.21400452
v 52.38599777 6.41600227 110.40299988
v 49.79299927 7.05200243 110.38600159
v 67.49199677 3.24300313 97.97000122
v 66.20099640 3.56900311 100.20800018
v 64.77999878 3.95700336 103.42099762
v 64.87799835 4.06100225 105.57500458
v 62.11000061 4.53700113 106.38999939
v 58.15699768 5.28700113 110.30999756
v 55.63999939 5.77900171 112.58900452
v 60.39099884 4.88500118 108.64099884
v 50.87999725 6.78700209 113.99700165
v 47.39599991 7.72800112 114.38200378
v 45.43600082 8.31900120 117.06200409
v 41.12999725 9.88500214 117.88300323
v 42.62999725 9.27700138 119.28500366
v 39.75099945 10.41700172 120.95300293
v 36.90099716 11.76400089 120.84700012
v 33.82299805 13.34600163 122.79199982
v 20.98999977 21.53100204 122.00199890
v 24.13199806 19.47200203 121.49400330
v 22.67699814 20.35300064 123.16699982
v 28.83499908 16.42800140 122.04199982
v 26.16600037 18.12800217 122.74500275
v 24.22999954 19.33600235 123.39900208
v 30.52099991 15.26600075 123.97499847
v 70.19999695 50.60600281 74.30599976
v 70.57199860 50.43400192 77.66400146
v 71.04599762 50.17399979 79.15699768
v 70.92099762 50.17200089 75.83399963
v 70.51499939 50.44900131 76.82800293
v 68.45099640 51.65500259 80.57900238
v 71.44200134 49.96000290 80.04399872
v 70.42299652 50.56800079 80.91899872
v 69.84500122 50.85700226 81.05100250
v 69.18899536 51.22600174 81.60900116
v 69.12599945 51.23800278 82.54699707
v 67.69999695 52.05599976 82.87200165
v 68.53099823 51.58900070 83.94300079
v 66.63199615 52.67000198 87.55899811
v 65.45999908 53.34200287 88.20600128
v 63.92900085 54.16200256 91.89900208
v 66.15399933 52.97900009 90.61499786
v 65.10399628 53.54600143 91.72399902
v 66.61899567 52.70800018 88.32199860
v 67.15399933 52.40700150 89.23400116
v 69.00299835 51.40500259 84.92099762
v 67.83000183 52.04200363 86.68600464
v 72.53700256 49.35300064 66.44599915
v 71.73999786 49.75400162 74.18099976
v 73.08499908 48.97400284 67.17400360
v 73.94000244 48.43700027 66.93800354
v 75.09899902 47.80800247 67.11600494
v 77.17299652 46.48200226 68.57199860
v 75.33100128 47.60800171 69.98899841
v 72.76000214 49.14100266 71.79599762
v 73.61699677 48.63300323 71.09899902
v 74.32699585 48.20600128 71.03099823
v 72.27199554 49.44300079 73.46700287
v 64.76100159 53.76600266 93.81099701
v 64.69999695 53.81000137 94.51699829
v 63.68999863 54.35700226 95.55899811
v 64.05799866 54.14500046 94.91000366
v 63.34499741 54.54700089 95.99600220
v 62.67200089 54.97100067 97.24800110
v 62.58099747 54.98800278 96.46099854
v 58.43099976 57.16600418 102.91600037
v 63.28400040 54.66100311 98.05100250
v 61.06999969 55.85800171 100.26100159
v 62.70100021 55.00900269 99.51499939
v 63.69499969 54.49800110 99.30999756
v 60.94899750 56.01800156 102.95100403
v 56.58099747 58.05800247 107.06099701
v 55.14099884 58.59400177 105.90200043
v 58.01900101 57.40200043 105.31999969
v 52.96099854 59.37000275 107.17200470
v 50.49900055 60.20500183 107.24200439
v 47.28699875 61.08900070 107.64900208
v 48.52299881 60.79600143 108.89800262
v 33.57799911 63.94600296 116.41200256
v 35.91799927 63.64300156 115.24800110
v 37.11999893 63.53800201 116.69599915
v 32.48600006 64.10900116 119.29400635
v 29.26700020 64.45600128 121.07299805
v 27.05299759 64.66300201 122.22700500
v 42.26699829 62.58600235 114.25099945
v 39.71999741 63.14800262 117.24100494
v 46.11800003 61.60700226 113.90100098
v 48.21599960 60.97500229 111.21299744
v 15.94099808 64.18700409 121.98799896
v 17.92399979 64.74300385 121.60099792
v 20.74199867 64.92900085 122.46800232
v 24.31599998 64.78199768 122.69799805
v 22.60699844 64.92500305 123.47699738
v 7.64599800 31.54400253 126.98200226
v 10.63499928 28.66700172 128.10699463
v 14.67400074 25.49300194 129.70399475
v 11.25299931 28.07100105 130.27099609
v 19.25699997 22.53700066 125.08399963
v 17.60700035 23.52500153 127.56999969
v 21.26599884 21.10400200 126.18900299
v 6.00999975 38.99400330 130.96800232
v 5.66500044 41.06100082 129.66999817
v 6.34999943 33.34000015 127.49500275
v 6.72499847 33.06300354 128.49499512
v 6.81199884 34.18900299 130.81599426
v 6.42799950 36.31500244 131.39900208
v 11.82699966 55.54199982 131.11199951
v 15.74599743 63.79199982 124.03599548
v 14.60799980 62.78900146 125.62200165
v 12.89799786 58.43400192 129.80999756
v 13.76799870 60.49900055 128.70300293
v 15.47499752 62.84800339 127.12000275
v 14.91899776 61.90400314 128.53700256
v 8.62300014 44.86100006 133.49299622
v 9.19900131 48.12300110 132.77999878
v 7.19799852 41.78900146 132.26899719
v 11.36299992 47.68700027 136.26499939
v 12.18799877 53.62500381 133.39500427
v 12.52200127 51.11100006 135.77099609
v 82.53399658 3.92300272 2.78899813
v 84.26499939 4.22800350 3.81799793
v 84.68099976 5.08200169 3.59299779
v 85.39500427 6.16500139 3.58299923
v 86.14499664 7.24200153 3.73300171
v 86.87500000 7.36900234 4.45900106
v 86.90899658 8.83800125 3.78499937
v 87.37999725 10.05000210 3.76600027
v 88.15100098 10.96300220 4.16400290
v 88.81800079 11.96400261 4.42399836
v 89.46199799 15.50700188 3.79200268
v 89.50499725 14.12800121 4.23900032
v 89.56400299 12.81300163 4.80800104
v 84.32299805 1.55600166 14.55999947
v 84.10800171 1.46200132 17.45800018
v 83.63600159 2.17600155 6.24000263
v 84.21199799 2.12300205 7.55599880
v 85.53199768 2.54500294 9.96699905
v 86.53199768 3.13900042 11.56300354
v 85.83000183 2.48800230 13.21499825
v 84.99499512 2.44799995 8.32600117
v 82.46899414 2.48500323 4.31100273
v 83.46900177 2.94300175 4.46400070
v 85.18799591 1.94200134 18.08200073
v 85.71499634 2.27200246 19.09000397
v 85.28699493 1.97900081 20.22000313
v 85.90799713 2.34600163 21.69300270
v 85.49400330 2.03800201 23.60799980
v 87.23100281 3.46000123 22.91800117
v 87.39099884 3.64700341 24.97899818
v 87.58100128 3.98400044 26.95400238
v 84.21700287 1.98000300 34.52299881
v 85.11199951 2.34100223 33.07200241
v 85.62199402 2.57400060 32.18300247
v 87.43699646 3.95500278 28.71899986
v 87.02600098 4.09500313 32.68099976
v 83.92099762 2.13000178 36.54800034
v 83.94599915 2.47400260 38.32999802
v 83.65499878 2.57200003 39.61500168
v 83.42900085 2.55400324 40.11500168
v 82.29499817 3.98400044 47.76700211
v 82.03199768 5.47200251 51.26100159
v 83.52299500 4.18100119 45.35600281
v 84.58499908 4.45700073 43.15399933
v 84.75900269 3.65500164 40.57300186
v 81.01300049 6.19500113 55.47100067
v 82.53499603 7.74900246 53.97299957
v 80.49599457 6.34500217 57.51200104
v 80.26699829 6.93200159 59.90800095
v 80.03299713 7.72900152 64.12000275
v 81.17299652 8.95700264 62.32500076
v 79.28199768 7.07200146 66.29399872
v 77.58599854 5.11000109 68.76100159
v 76.41200256 3.97600222 69.67900085
v 78.83499908 6.71100235 69.81400299
v 77.26100159 4.65500164 71.75399780
v 77.77400208 5.09200239 73.85300446
v 76.68099976 3.88500094 75.25199890
v 76.24600220 3.04700065 79.64600372
v 76.23999786 3.27300286 78.10199738
v 76.15399933 3.40700150 76.38899994
v 91.24099731 17.07900047 4.76899719
v 91.45199585 18.22900200 4.47899866
v 91.93399811 19.49700165 4.35800123
v 92.71199799 20.91000175 4.43900394
v 92.93799591 22.40500069 3.98500252
v 93.31299591 23.64700127 3.82299709
v 93.33399963 24.88300133 3.41200089
v 93.62899780 25.70600128 3.45300150
v 93.47899628 26.88600159 3.04700422
v 93.34999847 28.11100197 2.68799806
v 91.41899872 30.94900131 1.65700173
v 92.80699921 29.76500130 2.31099868
v 90.97799683 33.91900253 2.56600237
v 91.81900024 33.58200073 3.15999985
v 89.65799713 35.91000366 2.82200432
v 90.51200104 35.11900330 3.07899714
v 90.85499573 35.65300369 5.78900433
v 89.34199524 38.28200150 7.34499836
v 88.11900330 40.25200272 10.43300343
v 86.50599670 41.24800110 13.21899891
v 88.62300110 39.63200378 12.06500053
v 83.85700226 43.16600037 14.35100269
v 82.50299835 44.60500336 12.72399712
v 82.22200012 44.93300247 14.90700245
v 83.05500031 44.63300323 17.23799896
v 85.65399933 40.81500244 33.31200027
v 84.98099518 41.06200027 37.16400146
v 87.23699951 39.58300018 32.24399948
v 87.15799713 40.66200256 23.50000000
v 85.73899841 42.06900024 22.64900208
v 88.36499786 39.20000076 26.07000160
v 87.37100220 39.71900177 29.70199966
v 84.64199829 43.44100189 19.49299812
v 75.60900116 47.47800064 61.79100037
v 73.87000275 48.52900314 63.01499939
v 78.62999725 45.56400299 62.04100037
v 83.53800201 42.41900253 60.91800308
v 81.13199615 43.94900131 61.89300156
v 86.16200256 40.49800110 57.08100128
v 85.37200165 41.13199997 59.29700089
v 88.26899719 38.76300049 56.04700089
v 87.25899506 39.58800125 52.91400146
v 88.83699799 37.97000122 43.03700256
v 88.07599640 38.62800217 45.16500092
v 88.73899841 38.26100159 47.95800018
v 88.91799927 37.86600113 40.91000366
v 87.39499664 39.13900375 38.24400330
v 88.39799500 38.62700272 50.49699783
v 74.25599670 48.25400162 65.30000305
v 74.63800049 48.06600189 63.59100342
v 73.13500214 1.75800180 84.74800110
v 74.36399841 1.84900308 86.23000336
v 75.88400269 2.59100270 81.91400146
v 74.88199615 2.07800055 83.73500061
v 74.55100250 1.78700316 89.73400116
v 76.43399811 2.23900008 86.88899994
v 73.46900177 1.97400153 92.14199829
v 69.30500031 2.76200104 94.83000183
v 73.13999939 2.17000031 94.22499847
v 70.92600250 2.71000338 97.86299896
v 69.94899750 2.99700356 100.15900421
v 68.34799957 3.36900353 102.59899902
v 69.36699677 3.34900236 105.00199890
v 63.35400009 4.41400337 108.45800018
v 67.24800110 3.81100178 108.17900085
v 61.08499908 4.85100222 111.91600037
v 57.82799911 5.39600086 114.71099854
v 54.95599747 5.91300249 115.64900208
v 52.48199844 6.44200087 117.27300262
v 49.21799850 7.18600130 117.72200012
v 46.24300003 8.02300167 120.07600403
v 42.83499908 9.14000130 121.92900085
v 37.75799942 11.28700161 122.93900299
v 40.35899734 10.06500244 124.24600220
v 31.36499977 14.63400173 125.87200165
v 33.75999832 13.24700165 125.87500000
v 23.44999886 19.61700249 126.73300171
v 27.04399872 17.33600235 126.09200287
v 29.01700020 15.96400166 127.53299713
v 71.83499908 49.76900101 77.81100464
v 71.58499908 49.87300110 78.24500275
v 72.15699768 49.50400162 75.25600433
v 72.05999756 49.63000107 76.84300232
v 71.79399872 49.73000336 79.24800110
v 71.69000244 49.77099991 81.57800293
v 72.43399811 49.34700394 80.69899750
v 73.07699585 48.93600082 79.03900146
v 70.20899963 50.65600204 82.35099792
v 69.28299713 51.18200302 83.62200165
v 69.69699860 50.93900299 83.19100189
v 67.91799927 52.03300095 87.82199860
v 65.75799561 53.17000198 92.70000458
v 67.04399872 52.47400284 90.43499756
v 66.49399567 52.79800034 91.51899719
v 67.96199799 51.97800064 88.47399902
v 68.29799652 51.77900314 89.02700043
v 68.20199585 51.70300293 90.31500244
v 70.32900238 50.62100220 84.17900085
v 69.04199982 51.36400223 86.17800140
v 69.38999939 51.15600204 85.81700134
v 74.68499756 47.99000168 65.97299957
v 76.71199799 46.77500153 64.80599976
v 75.38600159 47.64400101 65.49400330
v 78.73699951 45.51300049 66.55200195
v 79.28700256 45.17300034 68.24099731
v 77.19200134 46.43400192 71.45899963
v 79.10199738 45.31000137 70.48200226
v 74.97399902 47.81500244 71.87100220
v 75.77799988 47.28300095 72.49900055
v 74.04599762 48.34000397 73.14800262
v 72.92800140 49.03900146 75.19499969
v 66.39099884 52.81000137 93.70600128
v 66.26200104 52.90100098 94.83499908
v 65.57799530 53.37000275 95.13400269
v 65.07699585 53.60700226 96.28400421
v 63.69499969 54.36800385 96.78300476
v 64.21800232 54.19800186 98.65499878
v 60.02899933 56.47700119 105.36000061
v 62.45499802 55.17200089 100.79399872
v 64.64900208 53.98400116 100.18000031
v 64.30999756 54.14300156 99.55000305
v 62.84799957 55.04000092 102.10500336
v 62.20800018 55.41200256 103.53800201
v 54.49799728 58.93500137 108.91999817
v 58.45299911 57.29899979 107.46399689
v 57.25799942 57.81900024 110.28500366
v 50.97999954 60.06900406 109.59700012
v 35.15599823 63.83700180 119.08100128
v 38.49300003 63.43500137 119.30999756
v 34.68399811 63.96600342 122.22700500
v 32.22900009 64.21600342 121.86199951
v 29.78899956 64.51900482 123.59400177
v 24.98900032 64.87699890 125.08000183
v 27.82499886 64.71900177 125.15299988
v 43.22299957 62.40299988 116.32700348
v 41.13199997 62.93600082 118.59000397
v 49.54499817 60.62800217 114.31900024
v 46.92099762 61.45500183 116.77700043
v 52.58499908 59.59600067 111.50900269
v 17.83600044 64.44599915 125.01300049
v 21.59700012 64.96700287 125.44699860
v 7.53900051 32.23000336 130.12100220
v 8.67699814 30.57000160 129.57800293
v 14.02999878 25.79900169 131.69300842
v 15.80099773 24.40800095 132.63800049
v 11.54699898 27.80700111 133.19400024
v 9.82299805 29.50300217 131.67599487
v 13.32199955 26.24400139 133.51499939
v 19.66199875 21.96100235 129.32499695
v 18.31799698 22.53500175 133.50399780
v 22.97899818 19.55000114 131.08599854
v 6.92999744 38.33700180 132.75599670
v 7.78599834 33.69500351 133.09800720
v 7.39200020 35.75699997 133.28999329
v 13.54699993 57.15800095 132.23699951
v 16.46999931 63.53600311 126.59500122
v 14.71100044 60.11400223 130.80999756
v 16.57600021 62.95800018 128.71900940
v 16.16999817 61.76500320 130.76899719
v 8.70800018 41.77500153 134.80500793
v 10.35299873 45.31000137 135.90499878
v 7.92899704 39.01100159 134.32099915
v 12.75400066 46.12700272 138.67700195
v 13.94099712 49.25099945 138.63099670
v 14.00199890 53.01499939 136.38000488
v 14.45100117 56.21500015 134.42100525
v 85.18900299 3.25400019 6.20300341
v 85.84100342 5.31300163 4.69099712
v 87.50499725 6.50200272 6.38600445
v 88.00799561 8.91400146 4.99299908
v 89.63399506 10.65000153 6.56700134
v 90.34899902 15.49200153 4.54399729
v 91.08200073 14.67800140 5.87499905
v 91.65399933 14.23500061 7.78900099
v 85.62699890 2.29600072 14.50800133
v 85.99199677 2.49200320 16.05900383
v 85.48799896 2.14400148 17.26599693
v 86.84999847 4.17000055 8.87200260
v 87.83499908 4.91500092 12.00500107
v 87.81199646 5.75600195 9.12100029
v 87.44300079 3.88700151 15.07800102
v 87.40299988 3.71900201 17.86299706
v 87.57599640 3.90900302 19.86400032
v 88.08200073 4.86100101 21.97900009
v 88.52899933 5.77000141 25.11100006
v 88.87599945 6.67800188 27.44499969
v 85.92399597 3.26700139 34.89699936
v 84.44400024 2.30800366 35.77799988
v 88.12300110 5.59000111 30.41300201
v 86.81900024 4.76500225 36.03300095
v 87.83499908 5.73800135 33.62400055
v 85.37400055 3.39600062 37.54000092
v 84.68199921 6.75000238 47.01900101
v 82.95700073 5.53100204 49.22900009
v 83.33499908 7.73300219 51.67800140
v 85.76399994 7.21800137 44.84100342
v 85.81999969 5.42300177 41.51900101
v 87.08399963 8.21900177 42.51700211
v 86.03900146 4.60900164 38.81300354
v 82.93399811 9.71500206 56.66400146
v 84.41099548 9.84000206 52.16700363
v 84.45400238 10.99000168 54.02600098
v 82.30599976 9.92100143 59.88299942
v 81.73600006 10.24500084 64.30500031
v 81.08699799 9.63900280 66.79000092
v 82.80599976 11.47700119 62.21000290
v 80.23400116 8.59600163 68.76699829
v 79.07299805 6.85000229 72.84300232
v 80.01300049 8.28200245 70.97800446
v 79.01000214 6.45900154 74.97900391
v 78.30000305 5.14900112 77.21299744
v 77.59899902 4.09500313 79.06200409
v 76.98799896 3.39600062 80.54699707
v 92.42399597 16.97600174 6.65500021
v 93.00800323 19.15100288 5.93999767
v 94.19200134 20.76900101 7.21500063
v 94.43000031 24.04900169 5.02700377
v 94.70399475 27.44400215 4.24600410
v 94.04699707 28.95100212 3.32800293
v 94.25599670 28.53400230 3.60699749
v 92.33599854 31.85800171 2.61499739
v 93.82499695 29.76200104 3.26199818
v 93.10800171 31.09700203 3.03800392
v 92.17199707 33.99600220 6.42900181
v 93.23300171 32.57500076 4.47499752
v 90.38999939 36.43800354 8.74000072
v 91.68000031 34.64599991 9.72100353
v 89.44799805 38.12300110 10.62499714
v 88.86699677 39.12000275 14.15800285
v 87.86599731 40.34200287 16.28299713
v 84.86399841 42.60500336 16.80400276
v 90.08399963 36.95200348 11.91899967
v 87.14099884 39.49800110 34.48399734
v 89.59799957 37.66000366 30.35899925
v 89.65699768 37.43600082 32.92699814
v 88.84999847 39.11600113 22.86200142
v 87.17399597 40.93100357 20.83600235
v 86.13700104 42.00800323 19.83000374
v 90.22499847 37.52900314 24.83900261
v 90.68499756 36.89100266 26.63400078
v 86.94499969 41.22100067 18.45099831
v 75.35600281 47.65700150 64.24900055
v 79.31299591 45.15100098 64.61100006
v 86.21199799 40.65800095 62.49100113
v 84.42299652 41.89200211 63.46900177
v 81.93799591 43.49800110 65.40200043
v 88.02300262 38.89800262 59.34500122
v 87.11699677 39.84200287 60.95400238
v 89.67399597 37.28300095 52.65499878
v 89.81600189 36.41300201 56.06900024
v 89.05999756 37.43800354 58.11800003
v 91.00899506 36.23200226 42.98699951
v 89.79799652 37.32200241 45.51700211
v 90.97899628 36.11900330 46.52000046
v 90.47100067 36.36700058 50.38300323
v 90.90100098 36.19600296 39.81299973
v 89.16400146 37.68600082 38.25300217
v 89.28900146 37.65800095 35.48900223
v 76.95500183 2.68100214 84.82600403
v 77.11899567 3.26200199 81.97100067
v 77.79799652 3.38499999 83.56800079
v 77.43099976 2.20500302 89.94200134
v 76.16099548 1.87200308 91.96299744
v 78.29299927 3.09000158 86.48899841
v 78.26300049 2.74900341 88.26699829
v 76.66799927 1.88900161 94.08499908
v 72.44999695 2.40600109 96.35099792
v 76.62400055 1.97300315 96.10500336
v 73.57399750 2.44500113 98.84000397
v 73.08999634 2.59300327 100.36900330
v 72.47699738 2.81600285 102.76599884
v 72.68699646 2.96700001 106.27200317
v 69.85700226 3.48500156 109.65499878
v 62.79499817 4.54500151 110.50399780
v 66.38700104 3.99500132 110.44699860
v 62.45100021 4.65900278 114.96600342
v 65.25199890 4.21500206 112.57700348
v 55.89999771 5.70400238 119.55899811
v 59.64699936 5.08200169 117.95800018
v 50.56800079 6.84200239 119.71200562
v 53.07500076 6.23500156 120.81200409
v 45.16399765 8.31100178 122.76399994
v 48.65900040 7.27300167 121.96300507
v 42.87099838 9.06800079 124.51599884
v 36.76200104 11.65100193 125.80200195
v 41.43899918 9.51100159 127.18000031
v 37.93299866 10.97200298 128.43000793
v 31.18700027 14.46200180 129.70300293
v 33.28199768 13.17200279 131.00599670
v 35.84399796 11.98700237 128.67700195
v 24.90399933 18.47800255 129.18200684
v 26.65699768 17.16600227 130.90199280
v 72.87000275 49.07600021 76.11299896
v 74.12999725 48.34800339 77.26399994
v 72.59999847 49.26600266 83.47299957
v 71.86299896 49.72800064 83.93099976
v 71.20199585 50.12000275 83.67099762
v 74.56900024 48.01500320 79.87799835
v 73.89799500 48.48800278 83.38899994
v 69.01200104 51.46400070 88.20700073
v 66.54599762 52.78200150 92.68000031
v 67.94200134 51.80400085 91.56200409
v 67.97200012 51.71300125 92.78600311
v 69.44599915 51.08800125 89.55699921
v 68.97399902 51.43700027 91.50800323
v 69.42199707 51.13800049 90.23300171
v 70.54399872 50.51600266 85.67300415
v 69.93899536 50.85499954 85.58000183
v 69.97000122 50.84100342 87.61100006
v 70.42099762 50.59700012 86.57399750
v 81.83999634 43.57700348 67.82099915
v 81.41400146 43.83600235 70.32099915
v 79.38999939 45.05900192 72.85600281
v 78.38099670 45.65100098 72.83900452
v 77.04399872 46.53600311 73.25499725
v 76.38399506 46.95200348 73.19599915
v 80.02899933 44.64100266 72.32600403
v 74.58499908 48.02900314 74.29299927
v 73.71099854 48.55200195 75.72599792
v 67.46099854 52.05000305 93.41699982
v 67.47699738 52.23700333 94.10700226
v 66.63600159 52.69100189 95.46099854
v 66.85399628 52.61100388 96.59500122
v 66.75199890 52.69100189 97.29599762
v 65.26799774 53.56200409 97.43499756
v 65.02999878 53.74800110 98.60900116
v 62.45399857 55.30200195 105.47000122
v 60.44599915 56.37300110 107.42099762
v 63.69199753 54.56100082 101.64900208
v 65.88300323 53.30400085 99.15299988
v 66.65599823 52.86600113 100.39299774
v 66.23699951 53.09700394 101.30899811
v 64.94699860 53.85200119 101.77600098
v 63.90699768 54.44300079 102.26699829
v 63.60799789 54.65800095 103.80100250
v 55.19699860 58.72700119 113.93399811
v 59.03099823 56.95199966 109.83300018
v 58.38999939 57.37400055 113.07399750
v 37.12500000 63.65000153 121.09600067
v 39.28099823 63.37000275 122.09700012
v 41.08799744 63.05599976 122.05900574
v 36.86599731 63.74600220 122.81000519
v 32.44400024 64.27600098 123.80500031
v 35.76699829 63.93400192 124.57199860
v 30.90999794 64.49900055 125.23100281
v 25.80200005 64.98799896 127.74400330
v 28.18399811 64.83399963 128.01899719
v 31.04599953 64.56700134 127.13700104
v 45.87299728 61.81900024 119.01100159
v 43.45399857 62.37400055 118.11700439
v 42.84199905 62.61800385 121.07800293
v 49.33900070 60.74700165 117.55699921
v 51.46899796 60.07900238 116.50299835
v 52.77399826 59.59800339 113.81400299
v 48.12199783 61.21200180 119.58599854
v 19.62100029 64.70300293 126.86499786
v 22.16699982 64.96300507 128.11000061
v 8.69899940 31.01000214 131.79100037
v 16.52300072 23.56200218 135.83000183
v 15.03200054 24.77900124 135.76399231
v 9.81900120 29.89000130 133.32699585
v 10.16799736 29.88900185 134.50900269
v 11.15399933 28.74100113 135.35499573
v 13.18299770 26.48400116 136.18499756
v 20.67999840 20.92000198 133.26699829
v 17.95800018 22.37500191 136.93200684
v 19.78799820 21.18000221 137.19000244
v 23.37699890 18.94000244 134.93400574
v 8.93399906 31.74600220 133.95700073
v 9.13799953 33.02100372 135.59199524
v 8.95299721 35.22000122 136.10800171
v 15.83999729 59.84500122 132.81199646
v 16.64599800 58.52700043 135.12500000
v 18.41399765 63.95200348 128.52499390
v 17.59899712 63.05300140 130.08399963
v 17.82599831 62.03400040 132.63400269
v 9.21100044 38.32300186 136.41500854
v 11.06400013 41.33000183 138.22000122
v 13.69600010 44.03200150 140.49699402
v 15.91400051 47.03500366 141.77099609
v 16.92700005 49.95800018 141.35400391
v 16.30799866 52.23800278 139.46600342
v 16.22499847 55.14700317 137.47000122
v 88.80500031 8.54400158 7.16199732
v 90.15699768 10.21200275 9.28399754
v 90.94100189 11.98700237 9.04300022
v 92.70399475 15.35600281 10.48500061
v 93.49900055 18.10700226 8.46200466
v 88.22900391 5.46100187 13.61300087
v 88.80500031 7.29900217 10.16400051
v 89.45600128 8.04300213 13.02800369
v 88.55899811 5.93700266 16.17600060
v 89.13600159 7.12200260 19.61199951
v 89.62699890 8.14000130 22.33699989
v 90.13500214 9.29500198 25.44400024
v 89.70199585 8.61800098 28.71299934
v 88.98999786 7.67000198 32.03599930
v 87.34700012 6.18700123 37.38299942
v 89.36999512 9.22700214 34.59000397
v 84.79800415 8.71300125 49.47100067
v 86.33100128 9.31100178 46.47400284
v 87.33100128 9.62700176 44.09700394
v 86.98600006 6.99300146 40.60700226
v 88.64399719 9.93400288 40.04899979
v 88.63800049 11.39400196 42.79899979
v 84.89700317 12.64500237 55.67300034
v 83.81999969 11.96700191 58.50100327
v 85.75900269 10.43800259 49.50000000
v 85.90499878 11.92100143 51.22399902
v 86.65299988 14.16100216 52.25699997
v 82.91600037 12.22000313 64.79900360
v 82.17900085 11.37000179 66.97799683
v 81.40599823 10.32800198 69.28300476
v 84.00599670 13.45000267 61.86199951
v 80.40799713 8.44900131 74.87899780
v 81.19499969 9.89100170 72.64299774
v 78.59199524 4.46199989 81.33300018
v 81.10499573 7.51900101 81.77600098
v 82.10599518 9.91400146 79.30999756
v 94.86599731 20.90100288 9.92000103
v 95.31800079 23.19800186 8.37600231
v 95.64799500 25.61100197 6.86900330
v 94.76300049 28.61700249 4.39699745
v 95.70999908 28.32000160 6.32099819
v 95.47100067 28.72700119 5.85500145
v 95.10599518 30.04800224 5.68299723
v 94.41500092 31.52100182 5.72000456
v 93.36999512 32.77000046 7.86500406
v 92.73199463 33.47900009 10.71599865
v 90.98300171 35.50000000 14.25299835
v 89.74299622 37.45200348 16.48999786
v 88.56500244 39.61700058 19.13400078
v 91.87999725 35.41600037 30.84900284
v 92.23999786 35.15100098 28.42500114
v 91.79899597 35.40500259 33.43600082
v 89.33499908 38.77799988 20.75099945
v 90.65399933 37.23900223 21.94400215
v 92.15499878 35.50100327 22.99699974
v 92.13700104 35.41700363 25.47100258
v 88.44100189 38.02099991 62.50899887
v 87.83699799 38.82400131 66.02899933
v 86.13199615 40.70800018 66.13000488
v 83.94999695 42.24200058 66.92500305
v 91.09500122 34.69800186 52.29199982
v 90.56399536 34.81100082 55.47499847
v 89.98999786 35.18700027 58.65900040
v 89.67700195 35.29700089 61.00000000
v 92.19100189 35.05100250 40.25699997
v 92.88899994 33.76100159 43.77800369
v 92.10900116 34.02000046 47.99599838
v 91.34300232 35.05900192 49.52299881
v 91.96299744 35.25900269 37.92399979
v 92.74400330 34.47700119 35.49300003
v 78.41100311 3.51200247 84.86599731
v 79.50499725 4.75300121 83.43299866
v 79.49299622 2.62500334 91.79499817
v 79.11399841 3.58300281 86.56900024
v 79.87999725 3.77100325 87.79299927
v 79.84400177 3.42500210 89.12599945
v 80.43499756 2.53000116 94.68599701
v 75.98699951 2.16300035 98.06600189
v 79.63999939 2.10900235 97.90200043
v 75.71099854 2.39200139 101.53500366
v 76.97599792 2.42500019 104.56700134
v 75.35099792 2.72100043 107.90200043
v 73.67099762 2.97900295 109.83100128
v 69.29000092 3.64000344 113.60400391
v 72.79899597 3.15100336 112.73200226
v 66.19499969 4.09300232 114.95000458
v 65.12000275 4.24000263 117.69400024
v 63.11999893 4.52800083 118.43399811
v 54.44799805 5.86900139 123.30799866
v 58.82699966 5.13600206 121.53199768
v 56.66899872 5.38100100 124.42000580
v 61.87299728 4.63300180 121.44799805
v 51.59299850 6.50100231 123.13400269
v 45.77899933 8.05100250 124.91699982
v 47.70100021 7.49600124 123.71300507
v 50.23799896 6.75500202 125.03400421
v 44.29700089 8.46700191 126.54599762
v 44.48400116 8.23400211 130.10299683
v 41.03899765 9.49900246 130.27799988
v 36.78699875 11.23600292 132.16099548
v 28.72799873 15.64400291 133.19799805
v 34.97100067 12.01100063 135.30599976
v 32.09700012 13.53100109 135.60299683
v 75.22899628 47.57400131 77.07700348
v 74.48699951 48.08500290 76.36599731
v 73.33799744 48.85100174 84.33699799
v 72.48600006 49.30700302 85.44300079
v 76.15999603 46.94300079 77.89399719
v 76.90599823 46.48600006 79.00600433
v 74.91400146 47.77800369 82.84600067
v 75.84799957 47.18500137 80.70700073
v 74.19999695 48.26500320 84.19699860
v 69.78599548 51.00100327 88.18499756
v 69.09799957 51.29700089 92.95800018
v 69.57399750 51.07100296 93.61000061
v 67.87899780 52.08400345 94.59700012
v 70.46800232 50.53000259 89.18900299
v 70.89199829 50.27000046 90.03400421
v 69.53499603 51.12200165 92.22299957
v 69.74800110 50.93600082 91.10500336
v 71.25299835 49.97700119 91.16699982
v 71.43999481 49.91200256 86.07500458
v 71.63700104 49.81700134 87.41699982
v 71.30599976 50.04800034 88.78800201
v 83.79599762 42.35100174 70.46600342
v 82.47799683 43.12000275 72.46199799
v 81.67299652 43.59200287 72.19499969
v 80.57800293 44.23700333 72.54499817
v 78.76100159 45.50300217 73.40000153
v 79.72200012 44.74600220 73.71500397
v 77.48899841 46.25800323 73.97200012
v 76.03499603 47.07700348 75.59500122
v 74.70899963 47.97600174 75.37400055
v 67.54899597 52.21700287 95.58399963
v 68.65899658 51.55200195 95.49800110
v 68.57499695 51.73200226 97.71600342
v 68.04399872 52.02800369 98.19300079
v 66.72899628 52.76100159 98.09500122
v 65.49700165 53.47700119 98.21099854
v 63.44499969 54.82800293 106.01100159
v 64.01200104 54.48800278 105.41000366
v 63.33800125 54.87800217 106.76799774
v 61.93799973 55.58200073 108.14700317
v 60.56599808 56.29000092 110.12699890
v 67.14800262 52.54999924 98.94100189
v 67.52400208 52.39300156 100.22299957
v 67.45899963 52.61500168 101.54900360
v 66.08300018 53.28800201 103.21800232
v 67.48999786 52.67800140 102.36000061
v 64.56700134 54.15200424 103.36000061
v 53.45800018 59.40300369 116.72599792
v 55.65200043 58.61300278 116.79199982
v 58.14799881 57.55200195 115.43400574
v 60.94300079 56.12400055 112.67099762
v 60.30999756 56.51200104 114.18299866
v 38.19599915 63.62400055 124.66600037
v 42.47599792 62.84300232 124.23999786
v 40.64099884 63.25500107 125.11199951
v 33.66799927 64.21400452 126.25000000
v 36.45100021 63.96800232 127.00499725
v 23.77799988 65.02500153 129.42999268
v 25.46599960 65.02000427 131.59100342
v 26.97299957 65.00299835 129.20500183
v 30.30299950 64.72399902 129.22000122
v 28.66099930 65.01499939 131.60000610
v 33.08300018 64.41999817 129.00900269
v 44.49499893 62.20700073 120.51800537
v 46.38899994 61.76800156 121.32800293
v 44.74399948 62.29000092 123.48600006
v 51.39199829 60.17800140 118.83799744
v 48.95999908 61.08200073 122.52999878
v 50.60300064 60.57900238 122.00099945
v 19.88699913 64.35700226 129.21600342
v 20.74899864 64.17900085 131.26600647
v 15.09299850 24.84000206 137.90499878
v 16.47699928 23.60200119 139.16999817
v 10.47899914 30.67500114 136.48699951
v 11.71099758 29.50900269 137.89799500
v 11.81399822 28.24500084 136.26300049
v 13.59900093 26.87200165 138.47300720
v 12.57999992 27.59400177 137.19000244
v 18.28199959 21.54500198 139.77400208
v 21.43400002 19.96000099 138.23500061
v 19.68300056 20.23100281 140.21899414
v 23.79799843 18.39700127 137.71899414
v 26.16299820 16.95600128 136.88200378
v 10.99099922 32.05100250 138.50199890
v 10.23799896 34.60800171 138.09399414
v 18.13599777 60.64200211 134.86700439
v 17.87899780 57.01100159 137.80599976
v 19.67399979 60.53100204 136.69099426
v 18.64199829 63.26800156 131.05400085
v 19.09499931 62.38000107 133.53100586
v 19.37699890 63.01499939 132.62800598
v 12.47499847 38.77700043 140.40800476
v 13.77999783 41.58400345 141.25799561
v 16.80699730 42.70300293 143.89399719
v 18.64999962 44.81600189 144.85200500
v 20.92199898 48.80300140 145.16700745
v 19.32899857 50.12400055 143.34500122
v 18.66999817 53.17600250 141.19000244
v 19.68300056 56.80400085 139.75799561
v 89.87799835 9.26800251 10.94800186
v 90.60900116 10.45500088 12.86000061
v 91.30200195 12.15000248 11.55100060
v 92.66500092 14.93500137 13.45500374
v 93.87400055 17.79700279 12.05799770
v 89.49299622 7.92800283 16.64599800
v 90.12899780 9.33100128 15.02300072
v 90.72000122 10.68000126 17.21600533
v 90.74900055 10.72100163 19.42799950
v 91.55799866 12.45800209 22.66100121
v 90.81099701 11.03700161 28.95700264
v 91.31499481 11.97300148 27.13600159
v 91.73600006 12.79600143 24.98700142
v 90.22499847 10.31100178 31.89600182
v 88.02399445 8.13700294 38.85800171
v 89.61499786 10.53400135 36.73000336
v 91.43399811 13.46600246 33.91500092
v 91.23600006 13.65800190 35.82600021
v 87.93399811 11.25200081 44.79700089
v 87.81499481 12.44300270 46.88300323
v 89.50599670 12.28900242 41.24600220
v 89.78799438 11.64500237 38.51300049
v 88.95399475 13.04200077 44.35599899
v 85.03199768 14.21300125 58.41199875
v 85.82399750 15.34000206 57.36899948
v 87.15100098 16.99400139 55.26800156
v 87.15200043 12.86500168 49.15200043
v 88.69999695 15.98900223 49.03599930
v 88.62899780 17.41600227 50.98400116
v 87.54799652 16.28500175 52.67600250
v 84.18199921 14.27600193 63.90700150
v 83.90999603 14.11300182 65.89900208
v 82.58899689 12.16100121 68.88999939
v 83.89900208 14.36100197 67.98699951
v 82.61499786 12.21100235 71.10700226
v 85.90399933 16.68000221 60.39900208
v 85.49900055 16.68800163 63.17100143
v 81.66299438 10.17900181 75.78600311
v 82.62200165 12.05600262 73.41999817
v 82.82899475 7.96900129 86.13200378
v 83.00399780 9.94600201 82.96700287
v 83.13400269 12.50900173 75.86399841
v 83.89900208 12.72100258 80.00600433
v 95.98699951 23.97600174 11.00999832
v 94.97100067 20.64900208 13.05100346
v 96.23600006 25.66200256 9.28699970
v 96.01499939 28.55000114 7.43800402
v 96.23300171 27.91400146 8.17800331
v 95.17099762 30.95800209 8.13499832
v 94.36599731 31.97700119 11.65500259
v 93.06499481 33.12000275 14.20599937
v 91.22599792 35.16300201 17.14699745
v 90.18299866 37.14500046 18.66400146
v 93.40200043 33.75900269 32.06900024
v 94.68799591 32.30700302 28.79099846
v 94.23000336 32.93300247 25.97200203
v 91.78799438 35.20800018 20.13999939
v 93.29399872 33.83500290 21.74600220
v 88.99199677 36.59600067 64.00499725
v 88.97799683 36.06600189 67.73300171
v 88.46600342 37.50200272 70.68000031
v 87.08499908 39.79900360 70.14900208
v 85.00899506 41.54500198 67.99800110
v 92.26300049 32.31200027 50.21700287
v 91.69400024 31.56000137 53.00900269
v 91.46299744 32.87500000 53.51300049
v 91.04699707 32.69700241 55.62200165
v 90.76200104 32.76200104 56.85200119
v 90.51100159 32.87600327 58.24300003
v 90.26799774 33.20700073 59.62900162
v 89.97399902 33.55700302 61.37200165
v 89.77700043 33.73100281 62.92100143
v 93.68800354 33.09800339 40.28400040
v 94.38700104 30.95100212 42.01200104
v 93.90000153 30.92500114 44.49000168
v 93.16200256 32.57200241 45.46900177
v 93.05699921 31.52400208 47.59700394
v 94.06999969 32.91100311 37.50600052
v 94.81500244 31.88100243 35.27999878
v 94.64199829 32.30100250 32.18100357
v 80.16799927 4.61000204 85.80100250
v 80.73500061 3.51800013 90.87500000
v 81.49400330 3.51800013 92.59600067
v 81.58300018 5.37300110 87.62400055
v 81.15000153 4.22300005 89.41899872
v 81.98500061 2.93400145 96.49800110
v 82.44499969 3.61600137 94.40299988
v 78.95099640 2.08800292 99.85300446
v 78.38500214 2.19500065 101.62999725
v 82.02200317 2.61900210 99.38500214
v 80.87100220 2.28300309 104.23500061
v 78.95700073 2.40000343 106.71800232
v 77.05899811 2.62300301 110.45000458
v 75.66899872 2.80200315 112.90000153
v 68.56099701 3.74100351 117.10299683
v 71.87400055 3.27800226 115.75600433
v 75.56900024 2.81500077 116.92300415
v 67.36000061 3.84800148 119.98500061
v 65.20099640 4.10599995 121.62400055
v 54.03499985 5.74300241 126.99200439
v 60.08399963 4.80400229 124.18900299
v 57.98500061 4.98000145 126.90399933
v 62.83799744 4.26900005 125.66200256
v 49.09700012 6.94700146 127.58399963
v 46.35400009 7.70600128 128.35600281
v 51.61999893 6.29400110 127.28900146
v 47.09499741 7.23900080 132.14700317
v 44.16099930 8.10400200 134.17900085
v 40.29800034 9.58400249 133.97900391
v 37.37799835 10.82700157 135.38600159
v 28.02999878 15.82400131 136.77200317
v 33.88899994 12.36400223 139.04800415
v 37.01099777 10.85500240 138.41799927
v 30.18199921 14.40100193 138.72900391
v 74.16500092 48.27700043 85.39900208
v 72.68399811 49.19500351 87.04800415
v 73.00299835 49.00500107 86.51200104
v 77.30300140 46.25800323 76.32399750
v 77.98799896 45.80800247 78.09899902
v 77.38399506 46.17500305 79.65499878
v 76.90299988 46.53100204 82.17500305
v 74.86899567 47.72100067 84.23600006
v 75.73699951 47.15900040 83.76200104
v 78.61900330 45.42400360 80.58900452
v 71.30999756 49.99100113 93.09100342
v 69.32900238 51.18900299 94.35800171
v 70.26999664 50.64599991 94.76000214
v 72.34799957 49.43100357 88.89399719
v 72.00299835 49.57100296 89.96500397
v 71.58499908 49.72800064 90.76599884
v 71.43499756 49.92900085 91.74100494
v 71.05500031 50.11600113 92.45600128
v 72.29399872 49.48700333 91.85300446
v 72.83300018 49.10500336 87.98400116
v 85.40200043 41.26000214 70.35600281
v 85.62599945 41.07700348 72.82900238
v 84.34500122 41.95500183 73.90800476
v 83.03499603 42.81000137 72.91999817
v 82.51899719 43.05500031 73.90200043
v 80.52199554 44.26300049 73.67300415
v 77.99399567 45.81100082 74.74199677
v 78.80999756 45.32300186 75.43099976
v 80.69100189 44.16300201 75.78700256
v 80.74099731 44.13500214 74.34300232
v 69.54799652 51.06300354 95.50499725
v 69.38800049 51.26900101 97.45000458
v 69.09600067 51.49900055 99.25299835
v 64.80799866 53.99500275 105.10700226
v 65.18799591 53.83800125 106.90200043
v 64.27600098 54.32500076 107.10900116
v 63.35400009 54.82400131 107.95500183
v 62.34600067 55.36100388 109.25299835
v 64.04100037 54.49100113 108.50000000
v 61.73999786 55.69900131 110.76200104
v 68.71099854 51.61500168 100.64199829
v 69.05500031 51.40600204 101.58100128
v 66.85599518 52.89600372 103.11399841
v 65.26000214 53.75900269 104.13600159
v 68.26100159 52.00600433 103.00399780
v 54.09199905 59.25200272 118.69100189
v 55.90699768 58.58500290 119.17099762
v 58.27700043 57.59500122 117.80799866
v 60.51599884 56.47300339 116.18399811
v 62.82600021 55.22500229 112.17600250
v 61.84999847 55.76700211 115.31200409
v 62.70100021 55.28600311 113.10099792
v 62.73500061 55.27500153 114.03900146
v 61.41600037 56.02200317 115.90100098
v 38.90399933 63.67800140 127.44000244
v 42.12899780 63.05100250 126.86600494
v 44.53899765 62.46599960 125.87200165
v 36.26099777 64.06100464 128.70800781
v 23.07899857 64.42500305 132.98800659
v 25.18799973 64.55699921 134.40000916
v 27.43999863 64.98799896 133.36199951
v 30.29999924 64.95100403 132.91200256
v 32.08300018 64.71199799 131.90100098
v 34.35599899 64.32900238 130.65699768
v 47.81299973 61.48300171 124.02700043
v 46.42200089 61.97500229 125.73799896
v 54.33499908 59.22100067 120.63800049
v 52.52499771 59.87500381 121.83200073
v 50.35899734 60.81200027 124.59799957
v 52.72100067 59.94300079 124.24199677
v 21.17599869 63.81800079 132.73100281
v 14.38000011 26.11100197 139.05400085
v 14.84099770 25.82200241 139.64500427
v 17.59300041 23.35500145 141.48699951
v 17.05499649 24.51000214 142.05599976
v 16.36499977 24.89500237 141.28500366
v 15.45000076 25.61200142 140.56900024
v 12.37100029 31.26300240 140.23600769
v 12.79199886 28.70400238 139.21299744
v 14.06599998 27.39200211 140.13200378
v 18.74499893 21.80500221 141.61500549
v 22.01299858 19.05700111 139.97099304
v 19.87199783 20.58100128 142.25399780
v 20.70799828 19.42000198 142.31199646
v 23.47900009 18.06900024 140.57000732
v 25.91399765 16.91800117 139.52999878
v 27.87999916 15.72100258 139.21899414
v 11.91499805 33.91700363 140.25100708
v 20.42999840 62.16300201 135.41000366
v 21.37399864 59.36600113 139.29699707
v 21.97500038 62.40399933 136.50900269
v 22.13999939 61.25699997 138.24400330
v 20.05099869 62.99000168 133.47200012
v 20.38599968 62.78300095 134.23100281
v 13.09799767 34.96800232 141.50399780
v 14.02900028 36.79900360 142.29400635
v 15.52999783 38.61400223 143.51100159
v 17.32999802 37.64000320 145.18699646
v 19.55499840 40.90800095 146.48699951
v 21.56799889 45.25100327 146.94999695
v 22.89299774 48.19100189 146.79499817
v 24.65399933 51.78800201 146.38600159
v 21.65099907 52.38800049 144.05900574
v 20.20899963 55.10800171 141.34199524
v 23.31599998 58.51900101 141.54299927
v 91.64499664 12.66300106 14.84800148
v 93.04499817 15.84200191 16.88300133
v 93.59200287 17.21900177 14.45300102
v 92.07599640 13.70600224 18.12800026
v 93.32700348 16.46200180 20.69099998
v 93.28099823 16.25400162 23.47100067
v 91.93599701 13.49100113 29.14699936
v 91.74199677 13.55100250 31.50000000
v 92.39499664 14.26700115 26.47000122
v 90.66100311 13.80900097 39.29499817
v 92.63299561 15.51500130 31.94799995
v 92.57099915 16.45500183 35.56299973
v 91.54799652 15.06000233 37.83700180
v 89.62899780 15.39100170 45.71200180
v 88.79199982 15.10600185 47.68400192
v 90.12099457 14.19200230 42.26599884
v 90.56399536 16.41400146 44.35000229
v 87.12599945 18.44400215 58.16500092
v 88.45899963 19.02000237 53.56999969
v 87.84700012 19.43100166 56.60200119
v 90.19799805 17.46500015 46.77799988
v 90.24600220 18.72200203 47.95100021
v 89.82099915 19.49200249 49.85300064
v 89.63200378 21.41200256 52.35400009
v 85.18600464 16.71700096 66.19499969
v 83.54900360 13.83200073 70.09300232
v 84.63999939 15.78200245 71.66699982
v 85.75699615 18.08400345 68.41999817
v 83.59099579 13.72100258 73.23799896
v 87.17800140 19.41400146 59.80599976
v 86.78399658 19.19100189 61.80800247
v 86.00600433 18.25400162 65.07499695
v 83.29100037 6.22200203 89.97299957
v 84.80599976 8.81600189 89.48799896
v 85.45099640 12.17300224 86.42099762
v 85.09300232 13.31100273 83.45999908
v 84.88400269 15.02500057 78.39900208
v 84.87400055 15.99300098 74.31400299
v 85.65699768 15.57600117 81.06700134
v 96.65999603 26.26500130 12.15100288
v 96.14299774 23.87300110 14.02799797
v 94.55699921 19.57800293 15.61100006
v 95.39299774 21.67400169 16.27299881
v 96.37999725 28.35800171 9.26999760
v 96.59300232 27.47600174 10.21200371
v 95.89299774 30.05500221 10.37800312
v 94.84799957 31.58800125 14.79100418
v 96.02600098 30.04100227 12.32500362
v 92.94099426 33.18800354 17.65000153
v 96.31700134 29.82100105 27.34100151
v 95.97100067 30.14000130 31.26500130
v 95.99199677 30.48500252 25.32299995
v 94.67699432 32.34200287 22.91700172
v 94.68000031 31.84600258 20.09399986
v 89.64800262 33.82700348 64.25700378
v 89.36599731 34.88000107 66.04599762
v 89.38299561 34.19300079 67.84700012
v 89.29999542 34.60900116 69.40100098
v 89.09999847 35.58400345 71.02400208
v 87.32900238 39.52200317 72.88899994
v 88.86799622 36.92100143 74.46199799
v 89.19799805 35.63300323 72.99900055
v 92.65000153 30.74700165 49.46400070
v 92.37999725 30.63500214 50.39400101
v 91.92800140 31.14100266 52.08400345
v 91.21199799 29.65800095 54.17600250
v 91.67199707 29.10200119 52.39200211
v 91.33200073 31.83000183 54.43199921
v 90.61699677 30.20600128 56.96800232
v 89.99399567 31.50600243 60.95800018
v 94.67299652 31.24300194 39.54000092
v 95.04299927 29.23100090 40.66500092
v 94.84899902 28.64000130 41.71900177
v 94.48600006 28.93900108 43.14599991
v 94.10600281 29.33700180 44.53900146
v 93.34999847 29.51200104 47.19699860
v 92.92900085 29.95700073 48.55900192
v 95.35800171 29.67200279 38.55699921
v 95.50099945 30.17800140 36.47499847
v 95.93199921 29.68900108 34.03400421
v 82.34700012 4.35100126 91.59400177
v 83.30699921 3.87900329 95.52200317
v 83.73100281 3.94300008 96.43499756
v 83.44599915 3.63800311 97.01000214
v 84.07199860 3.85800004 97.82199860
v 83.36399841 4.49600077 93.48000336
v 81.10800171 2.32100105 101.95400238
v 83.55100250 3.09200215 100.94400024
v 83.79799652 3.52700043 98.69899750
v 83.15899658 2.75900221 103.67200470
v 81.88500214 2.45700026 106.58100128
v 80.49700165 2.40700316 109.17200470
v 78.68799591 2.53700089 112.59500122
v 78.67700195 2.57200003 115.14700317
v 71.09999847 3.32500029 119.73600006
v 73.18000031 2.99300241 121.48799896
v 80.52400208 2.61200213 117.14199829
v 77.14700317 2.63900304 119.58200073
v 66.63500214 3.75000024 124.66300201
v 56.67900085 5.11500263 128.75399780
v 54.25099945 5.52300167 129.91699219
v 59.33699799 4.56100130 129.78799438
v 63.66199875 3.94900131 128.53700256
v 50.31499863 6.35400248 131.40800476
v 48.66099930 6.61000252 135.78399658
v 40.16099930 9.53500175 137.42900085
v 43.58699799 8.18000221 137.64100647
v 46.81699753 7.00500250 139.01300049
v 31.84999847 13.41900253 141.80000305
v 37.12899780 10.78500271 141.79699707
v 34.15099716 12.20400238 142.38000488
v 28.61099815 15.15100193 141.84700012
v 74.91899872 47.73000336 85.37899780
v 74.62300110 48.06000137 87.21900177
v 73.36199951 48.84500122 88.05500031
v 78.90100098 45.25300217 76.84000397
v 78.29299927 45.60600281 75.90100098
v 79.08100128 45.12599945 77.74700165
v 79.54100037 44.80100250 78.91600037
v 78.85199738 45.17700195 82.74099731
v 77.06199646 46.27100372 84.15299988
v 77.45800018 46.04400253 83.79800415
v 76.08599854 46.88300323 84.56900024
v 75.97399902 47.08100128 85.48100281
v 75.59799957 47.36700058 85.68299866
v 80.17299652 44.40400314 79.43199921
v 80.74800110 44.06400299 80.37699890
v 80.41000366 44.23000336 81.63600159
v 72.82599640 49.08900070 92.80000305
v 71.76100159 49.77300262 93.93700409
v 70.01599884 50.79200363 95.84700012
v 71.54100037 49.91800308 95.78199768
v 73.04799652 48.96300125 90.68800354
v 73.96499634 48.41700363 88.54199982
v 73.71099854 48.53800201 89.61700439
v 73.03500366 48.95700073 91.90100098
v 86.60499573 40.29300308 75.45500183
v 84.46199799 41.82700348 75.49700165
v 82.49199677 43.05200195 74.54399872
v 82.97899628 42.79000092 75.15200043
v 81.43999481 43.75500107 75.20200348
v 81.85299683 43.49100113 75.49400330
v 81.88400269 43.38600159 77.00700378
v 80.92900085 43.93200302 77.65599823
v 70.03299713 50.83600235 96.63400269
v 70.00799561 50.88600159 97.38400269
v 69.93299866 50.87300110 98.05699921
v 70.97999573 50.29400253 98.38200378
v 69.77899933 50.94600296 99.76599884
v 65.79899597 53.47800446 104.72000122
v 65.71199799 53.57400131 105.89900208
v 65.67199707 53.58500290 106.52200317
v 65.34199524 53.72000122 107.70300293
v 64.15899658 54.43300247 109.34600067
v 64.46399689 54.25500107 110.08300018
v 62.62400055 55.23900223 110.16600037
v 65.08699799 53.87900162 108.63999939
v 63.20299911 55.01800156 111.01799774
v 69.93899536 50.89600372 100.82499695
v 69.54599762 51.20900345 103.03600311
v 67.50499725 52.45300293 104.23799896
v 66.82199860 52.89800262 104.84999847
v 68.33799744 51.97100067 104.57800293
v 57.74100113 57.90500259 120.08499908
v 57.17200089 58.11700058 121.89499664
v 61.80199814 55.86500168 117.28099823
v 60.62899780 56.56500244 119.59200287
v 63.70699692 54.72300339 111.92200470
v 63.39999771 54.91700363 112.64700317
v 63.08699799 55.10500336 115.01599884
v 62.58499908 55.40400314 115.93700409
v 63.68700027 54.75300217 114.49600220
v 37.50699997 64.03900146 131.50500488
v 39.91399765 63.60900116 129.41600037
v 45.14500046 62.45199966 128.05400085
v 41.82899857 63.27800369 129.27400208
v 21.98799896 63.13000107 135.27000427
v 24.23699951 63.61400223 136.32200623
v 26.27099800 64.02999878 136.95399475
v 28.52599907 64.78300476 135.67300415
v 30.29700089 64.94400024 135.15699768
v 32.65800095 64.78900146 134.28500366
v 34.86399841 64.38100433 132.67900085
v 48.96599960 61.31400299 126.60400391
v 47.21500015 62.03400040 129.77900696
v 54.99099731 59.11199951 122.69599915
v 51.69300079 60.43600082 126.85800171
v 55.71500015 58.90900421 124.77300262
v 55.24499893 59.22300339 126.84100342
v 53.44899750 59.92600250 127.62899780
v 18.20999718 23.91000175 143.25900269
v 16.03899956 26.68800163 142.72500610
v 17.45399857 25.98800087 144.05000305
v 13.78899765 31.45600128 142.08000183
v 14.57800007 28.62000275 142.04299927
v 19.17599869 22.25700188 142.96800232
v 21.17900085 20.51400185 144.29200745
v 21.53099823 18.58500290 142.70199585
v 25.46899986 16.91000175 141.27200317
v 23.35099792 16.75700188 142.73899841
v 22.19999886 17.80500221 142.86999512
v 23.17099762 60.79100418 139.62300110
v 22.36999893 62.01900101 137.43099976
v 24.18899918 62.82900238 137.80299377
v 23.23499870 61.90100098 138.33500671
v 14.90699863 33.10100174 143.34700012
v 15.82799816 35.73500061 144.08200073
v 18.27199745 33.48500061 146.21499634
v 20.09399986 35.45900345 147.65899658
v 21.72199821 40.89300156 148.35600281
v 23.70400047 43.47300339 149.42800903
v 24.77499771 46.64400101 149.05101013
v 25.63699913 49.47999954 148.29400635
v 24.03000069 55.33100128 144.11700439
v 26.47599983 54.83400345 145.92900085
v 27.60299873 51.02600098 148.94799805
v 28.79099846 54.08500290 147.83500671
v 22.08300018 55.86400223 142.39399719
v 25.87699890 57.26800156 144.15200806
v 26.26399803 59.95900345 142.54200745
v 24.96299934 60.70100021 141.06100464
v 93.92700195 18.01900101 16.68699837
v 93.89900208 17.91400146 19.58200264
v 94.63700104 19.58400154 22.50500107
v 93.58499908 17.02800179 26.13700104
v 94.30400085 18.75400162 24.91199875
v 92.93900299 15.62500191 28.51100349
v 91.18000031 16.43200302 42.25699997
v 91.65000153 16.28100204 39.91300201
v 93.83900452 18.19700241 30.44799995
v 93.88099670 19.20400238 33.78499985
v 92.74099731 18.65300179 39.15300369
v 93.74099731 20.45600128 37.63399887
v 92.10600281 19.29400063 42.81200027
v 89.04399872 22.06100082 55.29300308
v 88.38300323 21.98800087 58.07300186
v 91.52700043 19.95600128 45.58100128
v 90.96299744 21.27400208 48.44100189
v 90.89599609 23.34200287 50.47299957
v 90.58999634 24.79500198 52.77000046
v 85.85500336 18.36400032 71.90399933
v 86.46499634 20.01000214 69.97599792
v 86.67399597 19.85600281 64.65499878
v 87.00199890 21.47300148 68.19899750
v 88.23899841 22.74300194 60.00500107
v 87.71800232 22.64000130 63.40299988
v 85.37300110 8.14900208 91.45999908
v 84.17499542 5.76500225 92.44100189
v 86.69599915 12.20300198 89.33499908
v 87.04000092 11.36700249 90.97699738
v 86.42599487 15.62300110 83.95700073
v 87.63500214 16.74300194 85.99500275
v 87.24900055 14.43000126 87.91200256
v 86.38800049 18.79900169 76.37699890
v 86.73200226 18.05000114 80.55300140
v 96.62899780 27.91300201 11.36899757
v 96.77299500 27.83600235 13.41199875
v 96.72999573 27.60400200 12.45900249
v 96.79399872 26.18800163 14.67800140
v 96.43900299 24.48200226 17.28800011
v 94.76999664 20.00700188 19.17599869
v 95.71600342 22.38700104 19.54299927
v 96.10299683 30.01900101 15.12800121
v 94.88299561 31.57400131 17.45600319
v 97.01499939 27.96100235 24.79600143
v 97.08399963 27.11700249 26.22099876
v 96.97100067 27.64900208 27.84399986
v 96.54100037 29.01300240 29.19200134
v 96.50699615 27.85900116 32.90900040
v 96.73600006 27.77300262 30.86600113
v 96.47200012 29.64700127 23.10499954
v 96.54199982 29.37000275 20.77300072
v 96.49800110 29.32600212 17.37000084
v 89.50499725 31.04600143 64.26799774
v 89.42499542 32.25200272 66.72399902
v 89.52099609 33.89599991 65.60300446
v 89.40499878 33.38300323 69.75399780
v 89.37599945 34.47500229 71.64199829
v 88.37200165 37.97200012 75.64900208
v 89.55400085 34.38199997 74.47900391
v 89.56900024 34.94500351 76.05699921
v 89.56099701 32.98800278 73.56400299
v 92.34099579 29.40100288 50.37800217
v 90.34400177 27.42500114 55.95000076
v 91.56999969 26.13200188 50.82100296
v 89.49399567 28.10300255 60.64800262
v 95.31499481 28.30200195 39.65099716
v 94.61800385 25.51400185 41.14599991
v 94.09799957 27.65800095 44.43300247
v 93.49800110 28.43600273 46.63600159
v 92.67500305 27.96400261 48.80199814
v 95.52600098 28.29800224 38.54800034
v 95.82099915 28.24000168 36.99599838
v 96.02499390 28.24400139 35.83000183
v 96.25099945 27.94800186 34.57799911
v 85.17500305 5.07500219 96.17500305
v 85.47799683 4.68500137 98.65499878
v 84.44999695 3.78800178 99.63200378
v 85.21900177 3.87900329 102.40200043
v 84.78099823 3.76900291 101.14099884
v 85.56800079 3.94900131 104.10099792
v 85.09200287 3.58500338 104.98500061
v 84.34600067 3.12000132 106.52100372
v 82.71399689 2.66500187 109.78099823
v 84.72000122 3.29100347 108.95200348
v 81.31200409 2.55400324 112.02999878
v 81.54199982 2.59100270 114.10500336
v 70.48699951 3.20200253 124.69499969
v 76.88899994 2.60400033 123.72900391
v 73.74900055 2.81000137 124.04699707
v 82.97100067 3.06600332 117.20800018
v 79.14799500 2.64400244 120.83599854
v 81.40299988 2.80800080 119.21400452
v 67.82900238 3.29400229 128.61399841
v 57.00000000 4.81900215 131.83399963
v 52.65200043 5.64100218 133.42500305
v 61.54399872 4.07500172 131.31100464
v 65.04599762 3.36100149 132.65499878
v 53.43899918 5.23700190 137.27499390
v 50.05199814 6.02100229 139.99400330
v 38.84499741 10.00300217 143.26800537
v 41.35799789 8.90900230 141.08900452
v 43.88999939 7.96300173 140.61900330
v 47.51899719 6.60400105 142.57400513
v 45.52299881 7.13500214 143.11900330
v 31.83999825 12.07300091 143.91299438
v 30.43799782 13.76900291 142.94400024
v 34.69999695 11.60400200 143.61300659
v 36.33699799 9.60500145 144.53399658
v 27.35099983 14.27500153 143.24900818
v 76.37799835 46.84700012 86.65900421
v 76.36299896 46.86200333 89.26300049
v 80.91100311 43.98900223 78.53600311
v 78.73699951 45.24700165 84.15100098
v 81.30799866 43.70300293 82.11599731
v 80.34999847 44.22100067 83.45200348
v 79.81399536 44.55600357 84.03400421
v 77.73799896 45.92600250 84.89199829
v 77.42500305 46.20900345 86.04499817
v 81.04100037 43.91700363 79.36499786
v 82.10199738 43.25000381 78.45700073
v 82.62699890 42.86200333 80.34799957
v 73.49399567 48.75900269 92.17300415
v 74.63999939 47.96700287 93.95200348
v 72.95700073 48.97200394 93.84600067
v 73.10299683 48.95400238 95.54399872
v 71.58200073 49.93100357 97.38800049
v 70.92900085 50.26700211 97.56100464
v 71.85700226 49.75700378 96.60700226
v 73.94000244 48.29300308 91.45999908
v 74.68199921 47.95900345 89.84700012
v 74.29999542 48.18200302 90.26899719
v 84.55999756 41.71700287 77.44400024
v 86.21899414 40.56999969 78.62799835
v 87.81499481 38.95400238 77.35099792
v 82.94400024 42.77600098 77.08599854
v 82.80500031 42.85000229 76.07299805
v 72.12300110 49.59800339 99.45500183
v 71.20299530 50.13000107 99.02100372
v 71.13299561 50.23300171 102.32099915
v 67.74600220 52.32100296 105.78199768
v 66.48899841 53.08000183 107.14600372
v 66.14599609 53.26600266 108.19899750
v 66.72499847 52.94300079 108.72699738
v 66.09999847 53.33700180 109.64199829
v 65.42600250 53.72000122 110.09100342
v 64.24500275 54.35900116 110.66200256
v 64.72200012 54.17700195 111.51000214
v 66.22899628 53.32200241 111.33000183
v 69.52700043 51.22299957 104.94200134
v 70.41699982 50.68500137 105.12000275
v 59.75000000 57.01600266 121.34600067
v 59.11000061 57.43300247 123.63700104
v 57.45399857 58.15100098 124.13999939
v 62.30199814 55.64600372 118.49199677
v 63.07899857 55.13199997 116.81099701
v 62.35799789 55.70300293 120.74299622
v 64.59099579 54.25300217 113.52300262
v 64.89599609 54.14100266 112.35800171
v 63.61999893 54.82100296 115.81800079
v 65.43000031 53.99300003 115.16899872
v 64.55799866 54.40900040 115.82900238
v 38.70199966 63.91400146 132.76699829
v 41.61899948 63.48600388 132.32000732
v 44.09199905 62.86600113 130.28799438
v 27.88999939 63.75900269 138.77500916
v 30.60499954 64.65000153 137.32200623
v 32.45600128 64.78500366 137.29400635
v 36.70999908 64.34200287 135.48800659
v 34.38100052 64.82600403 137.05700684
v 49.35799789 61.36100006 129.20800781
v 46.13499832 62.47900391 132.34100342
v 48.78199768 61.79800415 132.97399902
v 51.72999954 60.68300247 129.99400330
v 57.64099884 58.31600189 127.69699860
v 54.11299896 59.82000351 129.64100647
v 56.48199844 58.99500275 130.61900330
v 18.64099884 25.87000275 145.36900330
v 19.89799881 23.36900139 145.16999817
v 16.57299995 28.21000290 144.18499756
v 16.37699890 31.06100082 144.61199951
v 22.50599861 19.17300224 144.84700012
v 21.59899902 22.76100159 146.76699829
v 22.89100075 20.28600311 146.34700012
v 25.09499931 15.63000107 142.84599304
v 22.56699753 17.81000137 143.52799988
v 23.23099899 17.46500015 144.19500732
v 24.38699913 15.99600124 144.11700439
v 23.70699883 17.10500145 144.44099426
v 24.23399925 62.05599976 138.94400024
v 25.39499855 62.25500107 139.57400513
v 16.42700005 33.59300232 144.69999695
v 19.64999962 31.36500168 147.28599548
v 22.46500015 33.12300110 150.04400635
v 22.71899986 36.56000137 150.10700989
v 23.91899872 39.99900055 150.75599670
v 25.23999786 40.86700058 152.01400757
v 25.94599915 43.40200043 151.81900024
v 26.49399757 47.18800354 150.31800842
v 28.09899902 56.01600266 146.20700073
v 28.89799881 48.19200134 152.03100586
v 29.64199829 50.91200256 150.72399902
v 30.88099861 53.90100098 149.44200134
v 30.50299835 55.77400208 147.78999329
v 27.73200035 58.82800293 144.25300598
v 27.20499992 61.10900116 142.13700867
v 28.20999908 61.04600143 142.79299927
v 26.15599823 62.08400345 140.34500122
v 26.93999863 61.93099976 141.03700256
v 95.04499817 20.62100220 25.64800072
v 95.67599487 22.13000107 23.99799919
v 96.02600098 23.05500221 21.93700218
v 93.66400146 17.39500046 27.93600082
v 94.60400391 19.72200203 28.02000237
v 95.01499939 21.32300186 31.28800201
v 94.85800171 22.52900124 35.74300003
v 93.52899933 21.67800140 40.72299957
v 94.83000183 23.76900101 38.07699966
v 92.74499512 21.11500168 42.86800003
v 89.64499664 24.48800278 55.71400070
v 92.14399719 22.26100159 46.08900070
v 91.89199829 23.89000130 48.26699829
v 87.23199463 22.14100266 72.18800354
v 87.76899719 23.88900185 67.01599884
v 87.87400055 24.58900261 69.73600006
v 88.53399658 24.63800240 61.47100067
v 88.74600220 26.84000206 64.14600372
v 86.07899475 7.89900112 93.23300171
v 87.87100220 11.08100224 92.96800232
v 86.77999878 6.91100216 96.49700165
v 88.53599548 14.17400169 90.93099976
v 87.56800079 18.12400055 83.87899780
v 89.22899628 17.40500069 89.28500366
v 89.50099945 19.94700241 87.61299896
v 87.67099762 22.05400085 77.38800049
v 87.94400024 21.61800194 80.02100372
v 88.32099915 20.54400253 83.31900024
v 96.83699799 27.68100166 14.46100330
v 96.95899963 27.09500122 16.09100342
v 96.94499969 26.57700157 18.18799973
v 96.64499664 24.96000099 20.23900223
v 97.14099884 27.27700233 22.86800003
v 97.15100098 27.25700188 24.24800110
v 96.66699982 24.85200119 25.17200279
v 96.69999695 25.31000137 27.79700279
v 96.90699768 27.37400246 29.24600220
v 96.05999756 24.56900215 32.51700211
v 96.70700073 26.38400078 30.53900146
v 95.98300171 26.22900200 35.61600113
v 97.07700348 27.41100121 21.33600426
v 96.97100067 27.77500153 19.20200157
v 96.96499634 27.56200218 17.57699966
v 88.79299927 28.05400085 66.37000275
v 89.14099884 30.70400238 68.07700348
v 89.26499939 31.21600151 71.30799866
v 89.08499908 36.89800262 78.19300079
v 89.51999664 31.35900116 74.85900116
v 89.90000153 33.35300064 76.79700470
v 89.82899475 34.64200211 78.04199982
v 92.85199738 26.46800232 47.51100159
v 95.51399994 26.37200165 38.17800140
v 93.32899475 22.94700241 43.03400040
v 93.35899353 24.81000137 44.81499863
v 86.21099854 4.79000235 100.95999908
v 87.57299805 6.65600204 99.68199921
v 87.12000275 5.07300138 104.29100037
v 85.81399536 4.01800108 105.34600067
v 86.45400238 4.37600183 106.28300476
v 86.24099731 4.17500353 107.48999786
v 83.93599701 3.02100182 111.65599823
v 86.01599884 4.02600336 109.13800049
v 84.33599854 3.43300033 115.61399841
v 84.76000214 3.44400120 113.23400116
v 72.97599792 2.72400308 127.41899872
v 75.71299744 2.61900210 125.93300629
v 78.15299988 2.79600167 126.61000061
v 79.32499695 2.75200224 124.08200073
v 82.94100189 3.41400123 120.74800110
v 84.96900177 4.18000317 119.02799988
v 85.33200073 4.24200296 117.82099915
v 81.14399719 3.01900125 122.82900238
v 68.69799805 2.93100262 131.71200562
v 71.15499878 2.77500224 129.72799683
v 55.79899979 4.95300245 133.46200562
v 57.04100037 4.53700113 135.80799866
v 61.30299759 3.91300011 133.48600769
v 59.90999985 3.98300219 136.05700684
v 62.96699905 3.46300006 135.64500427
v 64.97100067 3.12200189 137.32000732
v 68.71800232 2.86500168 133.86700439
v 66.98500061 3.02100182 135.96000671
v 57.64299774 4.15300226 139.03500366
v 52.56499863 5.21500206 141.21200562
v 55.22200012 4.62400150 140.12500000
v 49.97599792 5.52200174 142.40400696
v 40.06499863 8.58100128 144.18400574
v 42.41999817 8.52400208 142.78999329
v 38.07500076 7.88800240 145.29699707
v 48.47999954 4.55100107 144.02799988
v 46.50099945 4.86900091 144.75500488
v 43.75399780 6.54600191 144.19099426
v 31.81699944 10.75500298 145.97900391
v 29.70999908 12.00900269 145.04899597
v 33.39699936 10.28200245 144.85699463
v 34.55099869 9.29500198 145.73699951
v 35.74499893 8.83600140 147.03500366
v 37.82799911 7.81700182 146.90100098
v 26.58199883 14.25000095 144.65100098
v 28.26499939 13.13700199 145.69200134
v 77.33999634 46.18500137 87.31300354
v 74.72399902 47.95000076 90.93099976
v 76.09400177 47.02600098 91.11700439
v 78.23799896 45.44200134 89.29900360
v 78.29699707 45.37900162 88.43000031
v 77.61199951 45.94900131 91.19300079
v 76.87300110 46.47400284 91.10800171
v 80.09400177 44.36100006 85.48300171
v 78.58599854 45.31800079 85.60300446
v 81.97100067 43.20600128 82.64600372
v 82.61799622 42.82700348 81.73100281
v 81.75299835 43.43700027 84.55699921
v 80.89199829 43.97300339 84.35700226
v 80.68599701 44.04000092 84.81800079
v 77.98899841 45.65900040 86.16100311
v 82.94499969 42.75600052 77.82399750
v 83.03099823 42.70500183 78.28900146
v 82.73799896 42.83300018 79.26499939
v 83.54999542 42.25600052 81.75700378
v 84.20299530 41.87400055 80.12100220
v 74.45700073 48.14700317 92.37899780
v 73.43299866 48.74500275 94.87300110
v 74.08799744 48.29600143 95.91999817
v 76.12899780 47.03800201 92.76100159
v 76.67299652 46.57100296 93.47800446
v 76.98600006 46.34300232 94.68099976
v 75.87400055 47.14600372 96.11800385
v 73.49600220 48.71600342 97.64500427
v 72.65299988 49.18100357 96.75600433
v 72.85499573 49.05500031 97.46800232
v 75.43299866 47.41600037 91.18600464
v 88.13399506 38.70000076 80.02600098
v 85.78399658 40.69400024 82.08699799
v 72.81399536 49.11900330 98.45400238
v 73.51000214 48.76700211 99.59700012
v 72.54100037 49.29900360 101.25199890
v 73.65299988 48.52799988 102.56700134
v 72.03399658 49.64500046 105.42700195
v 71.30099487 50.07400131 105.81900024
v 67.19999695 52.66200256 107.84999847
v 68.36199951 51.94400406 107.48500061
v 70.19200134 50.84700012 106.67100525
v 68.74299622 51.74900055 106.78800201
v 67.67299652 52.45600128 110.06700134
v 65.97399902 53.52099991 113.22200012
v 67.76699829 52.44900131 111.49800110
v 66.57499695 53.15500259 112.84700012
v 67.49299622 52.69700241 113.19699860
v 67.32199860 52.73400116 111.91699982
v 62.72699738 55.64500046 123.03800201
v 61.09199905 56.52200317 124.03700256
v 60.01399994 57.15600204 126.21400452
v 64.08300018 54.82900238 119.63600159
v 64.07599640 54.79400253 118.16699982
v 64.74600220 54.36700058 116.54199982
v 64.69000244 54.46600342 120.35300446
v 64.55100250 54.62700272 121.46500397
v 65.79599762 53.71600342 115.45300293
v 65.60500336 53.79100037 116.94599915
v 39.52199936 63.87500000 134.64801025
v 43.30199814 63.27300262 134.85600281
v 45.01099777 62.86500168 133.71800232
v 30.47999954 63.94300079 139.58100891
v 28.85099792 62.45100021 141.52099609
v 33.07999802 64.12400055 140.17199707
v 35.62899780 64.81999969 138.54499817
v 37.28099823 64.84600067 139.61700439
v 39.06200027 64.17600250 137.68800354
v 51.57199860 60.90500259 132.72999573
v 47.44699860 62.29900360 134.85700989
v 49.21099854 61.89800262 137.64799500
v 51.33099747 61.23700333 136.87500000
v 53.22399902 60.34100342 132.33599854
v 60.75999832 56.98900223 128.75700378
v 59.70599747 57.63300323 130.60099792
v 54.94899750 59.71800232 132.21499634
v 59.18199921 57.99700165 132.54299927
v 56.60200119 59.18700409 134.09500122
v 18.41199684 28.74700165 146.02299500
v 20.38399887 26.09400177 147.12800598
v 23.85899925 18.18300247 145.68099976
v 24.15899849 18.70100212 146.54600525
v 23.83399963 22.77400208 149.08399963
v 22.23399925 25.71200180 148.66200256
v 24.61299896 19.37300110 147.61900330
v 24.91300011 20.06800079 148.51699829
v 25.74299812 15.32200146 145.27999878
v 25.37999916 16.90700150 146.36700439
v 21.54599953 29.33500290 148.76499939
v 24.07799911 31.77300262 151.80499268
v 24.35400009 35.53900146 152.06599426
v 25.57699966 37.79800034 153.15800476
v 27.15999794 40.88500214 154.18699646
v 28.74899864 43.32300186 154.90800476
v 27.43899918 45.78800201 152.11500549
v 30.55999947 57.76600266 146.45500183
v 29.60799789 58.28300095 145.60600281
v 31.06099892 48.97600174 153.53500366
v 30.68400002 45.83900070 155.34400940
v 32.73799896 51.97300339 152.57199097
v 32.16799927 53.41600418 150.81401062
v 32.66699982 56.24100113 148.76699829
v 31.89900017 57.41200256 147.40299988
v 29.54500008 60.46500397 144.04699707
v 30.44400024 58.81100082 145.69500732
v 27.90799904 61.91500092 141.65199280
v 29.65399933 62.03400040 142.46200562
v 95.41400146 21.69900131 27.91599846
v 95.84700012 22.67400169 26.59400177
v 96.92299652 25.99700165 21.98700142
v 96.18499756 23.93200111 29.45100212
v 87.75299835 23.89400101 72.60199738
v 88.52500153 27.31700134 69.09600067
v 88.61199951 27.36800194 72.16899872
v 87.92700195 9.39600182 95.44499969
v 89.13199615 12.15100098 94.49100494
v 88.26300049 8.43500137 98.08399963
v 89.86599731 15.17400169 92.69300079
v 91.00399780 16.71400070 93.65100098
v 91.01100159 19.76000214 91.17099762
v 89.81999969 22.72400093 85.89099884
v 91.73400116 22.39400101 90.87000275
v 88.57299805 25.35400200 76.98699951
v 88.65599823 24.48900223 78.99600220
v 89.10499573 24.12300110 81.76799774
v 97.07099915 27.18000221 20.15899849
v 88.89399719 29.18800163 68.75299835
v 89.11199951 28.74100113 75.23200226
v 89.95199585 35.35200119 80.68499756
v 89.53699493 30.07900238 76.67400360
v 89.96699524 31.19700241 78.36499786
v 90.27400208 32.70700073 79.60400391
v 90.12200165 33.94500351 79.27400208
v 87.78499603 6.11600113 102.48899841
v 88.67299652 8.02400112 100.51699829
v 88.94400024 7.57100248 103.33599854
v 88.41199493 6.32600117 106.09700012
v 88.44499969 6.26100206 108.14800262
v 87.77799988 5.41400146 109.26100159
v 86.43599701 4.30900240 110.59000397
v 86.28499603 4.31000090 112.67700195
v 86.42499542 4.51900244 114.53900146
v 85.94799805 4.39600277 116.09200287
v 85.69200134 4.38000250 117.14600372
v 76.42099762 2.77100134 128.91799927
v 73.84600067 2.66500187 129.66099548
v 79.17800140 3.37300086 128.40100098
v 80.97799683 3.66500020 126.53700256
v 84.86199951 4.34400129 120.23500061
v 83.31700134 4.12000322 123.43000031
v 84.89099884 4.72200108 121.87500000
v 84.53599548 4.83900118 123.27200317
v 86.27399445 5.03800249 118.65699768
v 83.20299530 4.35600042 124.68900299
v 72.31400299 2.69200277 131.23699951
v 70.84600067 2.77400017 133.63000488
v 59.46299744 3.46900153 139.36000061
v 62.12699890 3.16300249 138.39500427
v 63.16899872 3.62100077 140.55999756
v 66.85900116 3.46400213 138.93499756
v 69.40499878 3.26400256 137.24299622
v 57.78599930 3.24700022 141.06500244
v 53.54700089 3.74700117 142.39199829
v 51.29999924 4.11300373 143.13200378
v 55.99699783 3.38800240 142.10899353
v 51.40399933 3.90100098 144.62400818
v 41.80099869 7.55200148 144.26100159
v 40.29100037 6.78700209 145.77200317
v 48.20199966 4.81700134 146.24499512
v 46.58099747 5.63500261 147.40200806
v 44.68899918 5.28300190 145.71800232
v 42.28599930 6.02700186 145.90600586
v 31.34599876 11.68600082 147.24200439
v 33.82500076 9.72900200 146.51600647
v 33.39299774 10.20800114 147.04899597
v 32.65999985 11.01100254 147.53100586
v 29.30099869 13.34100246 147.15400696
v 34.75399780 10.05500221 148.03300476
v 37.91799927 8.96200180 148.72100830
v 40.78799820 7.18500090 147.83900452
v 26.72199821 14.78800201 145.87300110
v 27.41199875 14.39600277 146.26600647
v 28.30299950 14.29500198 147.10099792
v 77.67900085 45.80500031 92.17300415
v 76.04599762 47.06000137 91.96900177
v 79.14299774 44.89600372 90.53700256
v 79.66899872 44.57700348 87.21500397
v 78.62699890 45.18200302 87.92700195
v 78.74499512 45.17000198 86.51799774
v 81.42700195 43.66900253 86.09700012
v 80.51300049 44.02600098 86.67099762
v 83.53699493 42.21800232 83.58499908
v 84.04100037 41.78600311 85.31099701
v 82.56199646 42.79700089 86.98799896
v 74.39099884 48.13000107 97.51399994
v 75.22599792 47.63500214 97.92900085
v 78.57599640 45.20600128 93.70000458
v 77.56999969 45.93000031 95.24400330
v 77.49600220 45.97700119 97.59400177
v 76.72899628 46.61000061 99.04299927
v 73.92099762 48.49300003 97.86000061
v 75.09799957 47.72700119 98.52999878
v 88.90299988 37.78600311 82.59300232
v 87.22200012 39.57800293 82.90499878
v 86.71299744 39.83000183 86.54900360
v 75.54899597 47.46300125 99.87899780
v 73.33599854 48.76500320 101.51499939
v 74.58999634 47.93000031 103.55599976
v 75.18000031 47.60200119 101.26000214
v 73.73799896 48.52000046 106.00399780
v 72.50800323 49.39500046 106.24200439
v 71.94699860 49.74000168 107.77400208
v 68.29899597 51.98700333 108.37500000
v 67.83799744 52.24700165 107.66999817
v 69.22000122 51.46800232 108.58799744
v 70.32799530 50.85100174 110.05200195
v 69.17299652 51.58000183 111.44100189
v 68.77400208 51.79500198 111.77999878
v 67.09899902 52.89700317 114.41500092
v 66.54399872 53.19900131 115.54900360
v 68.44000244 52.13899994 113.67900085
v 67.94999695 52.36600113 114.69100189
v 69.04299927 51.75800323 113.21800232
v 64.18899536 54.91400146 123.31900024
v 62.24699783 56.04100037 125.71399689
v 64.21299744 54.95899963 124.44400024
v 63.97700119 55.17100143 125.63700104
v 62.87500000 55.86900330 127.66799927
v 65.44999695 54.01900101 120.03199768
v 65.41799927 53.92800140 118.50299835
v 64.95999908 54.16700363 117.39900208
v 65.58699799 54.02500153 121.85199738
v 66.08999634 53.51000214 117.23799896
v 41.20800018 63.68300247 136.21699524
v 45.25999832 62.90500259 136.76499939
v 43.45999908 63.35900116 138.60699463
v 30.87199783 62.90400314 141.82800293
v 35.06200027 63.51100159 142.30200195
v 32.97099686 62.64900208 143.13699341
v 37.46599960 63.67700195 142.81100464
v 39.45899963 64.82700348 140.25900269
v 41.41099930 64.02799988 139.38999939
v 54.58699799 60.05400085 135.55799866
v 47.35799789 62.41500092 137.85200500
v 49.90699768 61.78200150 140.33599854
v 46.77199936 62.64800262 140.43899536
v 52.74900055 60.87500381 140.17199707
v 53.29499817 60.59099960 137.81800842
v 62.54199982 56.22999954 130.50599670
v 62.07600021 56.64300156 132.84300232
v 60.72299957 57.43600082 135.00999451
v 57.94499969 58.71500397 135.56100464
v 24.61100006 24.90200233 150.66600037
v 26.17699814 21.48600197 150.67300415
v 23.81900024 27.66700172 150.72300720
v 27.13299942 16.91500092 148.32699585
v 25.88199806 19.60400200 149.18200684
v 27.10999870 15.45900154 146.96501160
v 25.67700005 28.44200134 153.07400513
v 26.08599854 32.67900085 154.19799805
v 26.45699883 35.65300369 154.51499939
v 27.48899841 38.33900070 155.21499634
v 28.95799828 40.39200211 156.14199829
v 30.38699913 41.41300201 156.85900879
v 31.12699890 43.13899994 156.82499695
v 32.65100098 58.70800018 146.82699585
v 33.19499969 48.97400284 155.44500732
v 32.33200073 47.21600342 155.86700439
v 32.17800140 45.08700180 156.77499390
v 34.11399841 51.24300003 154.32499695
v 34.34600067 53.11500168 152.77200317
v 34.11899948 55.06500244 150.74200439
v 33.37699890 57.69900131 147.98399353
v 33.96900177 57.21000290 148.71899414
v 34.44899750 56.30200195 149.80699158
v 31.53399849 62.01000214 143.38699341
v 32.05899811 61.12800217 144.60800171
v 31.00099945 59.71200180 145.33999634
v 88.52999878 26.24700165 74.65100098
v 90.05300140 12.03300285 97.23799896
v 90.83000183 14.53400230 95.75199890
v 89.38700104 9.59300232 99.71700287
v 91.98899841 19.36300087 93.65499878
v 92.01699829 16.51500130 96.56200409
v 92.79599762 19.04700089 96.15699768
v 93.01999664 21.70900154 94.31200409
v 90.96199799 23.69800186 88.20100403
v 90.36699677 26.04700089 84.64600372
v 92.15200043 26.36200142 89.38100433
v 93.34199524 25.58400154 92.62200165
v 89.31399536 27.80900192 78.05599976
v 89.57599640 27.08000183 80.39199829
v 90.39399719 33.64700317 80.77799988
v 90.55899811 34.71200180 83.42900085
v 90.35699463 31.05500221 80.53500366
v 90.26799774 10.13200188 102.44799805
v 89.71899414 8.64500141 104.87599945
v 89.50599670 7.89100122 108.76900482
v 89.11899567 7.30600214 112.01499939
v 87.75399780 5.48200130 112.44599915
v 87.13800049 5.46700144 116.88400269
v 88.99099731 7.68300152 116.12799835
v 74.97000122 2.92799997 131.61900330
v 78.01899719 3.66000080 131.05400085
v 79.90000153 4.36100388 130.46699524
v 82.17600250 4.86000252 128.18699646
v 80.83999634 4.70300198 129.90200806
v 83.28800201 4.75300121 125.85700226
v 83.09500122 5.03200102 127.07500458
v 86.06299591 5.31700230 120.67700195
v 86.76200104 6.42400217 121.97700500
v 85.26100159 6.04400206 124.99800110
v 88.01200104 6.81800222 118.45200348
v 72.66500092 2.96800208 133.80900574
v 71.19899750 3.50500274 136.89100647
v 61.14899826 3.35400176 140.85200500
v 59.73199844 3.64800167 142.17599487
v 62.84499741 4.45800257 142.68299866
v 66.20700073 4.53400230 141.80500793
v 68.56700134 4.30400276 140.25999451
v 70.47699738 4.81800175 140.22500610
v 57.93199921 3.94700098 143.49600220
v 55.02700043 3.78200030 143.98600769
v 54.16600037 4.83300161 145.79600525
v 50.17900085 4.80300188 146.31100464
v 51.50499725 5.73900175 147.57099915
v 48.67799759 5.99200106 148.00599670
v 43.68399811 6.31800127 147.69499207
v 43.36000061 8.04200172 149.88999939
v 47.88599777 8.31300163 151.06599426
v 30.51799965 12.92700100 147.85000610
v 32.28599930 12.05100155 148.46000671
v 34.70800018 11.35800266 149.53399658
v 29.45100021 14.60300159 148.55599976
v 29.66999817 14.24800205 148.40100098
v 37.87099838 10.89600086 150.96800232
v 39.97499847 9.39400101 150.24800110
v 29.08199883 15.59500217 149.08700562
v 79.05899811 44.94100189 92.69899750
v 80.42900085 44.02700043 88.20400238
v 80.72299957 43.84200287 90.57800293
v 79.51899719 44.69500351 92.06300354
v 80.19400024 44.39400101 92.19799805
v 81.70399475 43.42400360 87.44000244
v 84.75700378 41.22100067 87.09799957
v 83.34999847 42.21000290 88.66200256
v 79.33300018 44.73900223 94.20600128
v 78.26300049 45.43000031 96.33899689
v 78.07399750 45.57300186 95.30999756
v 79.03399658 44.89400101 97.57399750
v 79.42700195 44.68500137 99.56400299
v 77.89099884 45.74500275 100.33000183
v 75.42800140 47.55500031 99.04399872
v 76.44799805 46.61400223 101.40100098
v 89.49700165 37.16700363 85.02500153
v 88.17400360 38.65000153 85.35700226
v 88.18699646 38.52200317 89.25700378
v 86.06800079 40.16500092 90.04700470
v 76.51699829 46.62800217 103.92300415
v 75.45700073 47.39300156 106.30100250
v 74.65200043 47.90900040 105.97699738
v 74.58799744 48.00400162 106.81300354
v 73.70299530 48.64400101 108.65799713
v 72.79799652 49.33800125 111.06900024
v 69.81999969 51.19600296 110.88400269
v 71.49900055 50.21200180 112.61499786
v 69.78599548 51.23400116 111.87300110
v 68.31500244 52.20300293 116.16200256
v 67.97999573 52.42900085 116.76699829
v 67.76300049 52.57100296 117.27600098
v 70.21699524 51.03500366 115.15299988
v 70.02700043 51.15800095 112.90499878
v 65.62500000 54.01800156 122.56600189
v 65.30500031 54.26600266 123.08000183
v 65.51200104 54.25400162 124.66600037
v 65.76300049 54.01800156 123.66600037
v 65.50699615 54.32900238 125.56299591
v 64.86899567 54.78900146 126.74800110
v 64.21399689 55.26600266 128.64900208
v 64.99399567 54.79600143 127.83100128
v 64.78700256 55.02800369 129.52899170
v 65.86699677 53.73100281 119.28399658
v 67.21399689 52.97900009 119.66699982
v 66.36599731 53.52600098 121.46200562
v 66.99399567 53.18600082 121.43099976
v 67.07599640 53.21700287 122.60600281
v 67.09799957 52.94700241 117.63899994
v 66.58599854 53.26100159 118.33699799
v 44.54000092 63.80900192 141.01899719
v 36.04499817 62.33900070 144.63400269
v 34.06000137 61.68100357 144.79699707
v 32.87999725 61.85400009 144.12400818
v 39.43299866 63.88900375 143.09399414
v 38.55399704 62.42400360 145.34500122
v 41.87899780 64.76900482 141.73300171
v 55.75000000 59.68000031 137.64700317
v 48.26399994 62.61800385 141.83999634
v 50.56800079 62.26600266 142.64199829
v 52.49799728 61.19400406 142.55400085
v 46.42499924 64.30500031 142.88600159
v 56.28499985 59.57100296 140.40699768
v 55.13000107 60.04899979 142.39599609
v 65.51699829 54.78000259 131.35099792
v 65.09700012 55.10100174 132.79199219
v 62.72100067 56.50799942 135.43499756
v 64.75699615 55.40100098 134.66999817
v 60.31799698 57.77300262 138.07200623
v 58.58499908 58.52400208 137.83200073
v 27.88999939 21.10100174 152.16799927
v 27.84899902 24.67500114 154.09300232
v 27.12299919 19.28700066 150.24501038
v 28.24699783 29.05000114 156.04100037
v 27.84700012 31.23400116 155.99501038
v 28.64899826 32.42500305 156.76200867
v 27.87699890 34.81100082 156.10299683
v 29.14699936 36.33800125 156.94900513
v 28.78699875 38.23900223 156.44599915
v 30.11699867 38.82100296 157.23800659
v 31.24299812 40.84500122 157.80000305
v 31.89999962 42.27200317 157.77700806
v 32.46299744 43.36200333 157.62300110
v 33.50000000 60.44000244 145.87800598
v 35.03400040 59.99300385 146.93600464
v 34.28999710 46.91300201 157.24200439
v 35.11199951 48.15400314 157.11399841
v 35.84799957 49.31800079 156.85800171
v 35.23399734 50.44499969 155.81799316
v 33.65900040 45.98100281 157.27000427
v 34.22200012 46.35600281 157.41400146
v 32.95599747 44.39100266 157.80500793
v 33.86999893 46.04800034 158.05599976
v 35.92300034 52.65000153 154.41000366
v 36.11600113 54.52700043 152.63900757
v 35.53499985 56.12400055 150.61599731
v 36.00099945 58.76600266 148.39599609
v 90.70300293 11.67200089 100.40499878
v 91.50299835 14.38300133 98.16300201
v 92.81999969 16.67300224 99.24600220
v 93.47299957 18.89300156 98.50600433
v 94.32999420 22.57300186 97.58399963
v 94.38899994 24.47900200 96.21400452
v 91.20800018 28.66100121 85.46400452
v 92.46699524 29.84600258 88.84400177
v 93.74099731 28.31700134 92.72100067
v 94.45399475 27.56500244 95.06400299
v 90.61299896 29.67800140 82.65900421
v 90.90599823 32.94200134 83.07399750
v 91.08200073 33.12100220 84.17300415
v 90.71499634 35.35800171 86.69400024
v 91.35299683 32.92500305 85.46299744
v 91.12899780 31.58900261 83.83100128
v 91.88800049 12.86500168 104.58599854
v 91.03099823 11.05300140 105.32399750
v 90.50299835 9.82000160 108.30100250
v 90.73300171 10.40100098 111.66699982
v 90.34099579 9.73100185 114.20099640
v 91.13299561 11.83300114 117.27700043
v 89.42600250 9.59400082 119.89199829
v 74.96800232 3.57800341 134.11100769
v 76.91799927 4.04600048 133.34300232
v 78.34400177 4.85000181 133.56599426
v 79.34300232 5.06500149 132.79699707
v 79.75699615 4.80500221 131.72000122
v 81.03799438 5.43100214 131.24800110
v 83.32299805 6.48300171 129.68299866
v 84.39199829 5.98500109 126.78500366
v 87.91799927 8.64100266 123.03800201
v 87.51699829 9.61600208 125.62699890
v 73.22799683 3.81900001 136.29199219
v 71.98699951 4.88400078 139.36300659
v 59.79800034 4.95700169 144.59599304
v 62.63499832 5.61600161 144.81399536
v 66.64699554 5.43700171 143.08900452
v 64.79299927 6.08500099 144.69200134
v 68.18499756 5.35500240 142.25399780
v 68.30400085 6.09800243 143.20199585
v 69.36899567 5.35500240 141.67800903
v 71.30000305 5.38700247 140.56900024
v 56.52999878 4.98600101 145.54699707
v 54.07699966 6.60000181 148.45800781
v 50.37999725 7.34300184 149.82000732
v 53.20999908 8.04400253 150.49499512
v 42.71500015 10.02300167 152.12300110
v 44.77399826 9.89200211 152.52700806
v 52.03799820 9.41800117 152.30799866
v 49.08200073 10.13700104 153.38099670
v 31.45699883 13.02400208 148.74900818
v 30.72399902 13.90100288 149.02000427
v 33.64199829 12.79100227 150.28399658
v 34.99900055 13.67000103 152.19700623
v 37.47699738 13.43200207 153.56300354
v 40.30500031 10.79600143 152.09300232
v 30.88099861 18.27300072 153.05299377
v 31.28800011 14.65100193 150.22900391
v 32.02299881 15.20700169 151.41400146
v 80.12999725 44.41400146 93.16200256
v 81.87199402 43.38000107 88.34300232
v 81.04100037 43.70600128 88.75399780
v 81.74199677 43.39300156 89.45200348
v 81.66799927 43.35400009 90.60600281
v 81.46499634 43.44100189 91.53800201
v 80.83000183 43.83700180 92.39399719
v 83.78399658 41.83600235 90.24300385
v 80.19100189 44.34600067 94.35500336
v 79.61399841 44.62500381 95.71800232
v 78.90499878 44.98200226 96.43099976
v 79.75699615 44.46700287 96.81800079
v 79.87100220 44.42500305 97.59999847
v 80.22399902 44.24700165 98.29800415
v 79.96199799 44.33100128 101.56099701
v 80.80799866 43.78400040 99.71600342
v 80.68900299 43.89300156 98.87200165
v 78.24900055 45.47800064 103.49300385
v 89.26399994 37.51300049 87.08900452
v 90.20500183 36.42900085 88.77500153
v 89.39900208 37.32900238 91.37400055
v 87.37400055 39.10300064 91.65200043
v 84.62500000 41.17300034 92.70500183
v 78.38400269 45.46500015 105.80200195
v 77.12200165 46.33400345 106.84500122
v 76.01000214 47.11600113 108.70600128
v 75.24199677 47.73900223 111.12799835
v 73.01100159 49.29100037 113.79799652
v 75.95300293 47.20199966 113.19499969
v 71.55300140 50.14700317 115.24100494
v 69.48099518 51.56400299 117.06000519
v 68.80899811 51.99300003 117.49400330
v 67.38099670 52.83100128 118.46399689
v 68.44899750 52.30600357 119.62599945
v 70.61999512 50.86700058 116.54000092
v 69.93299866 51.28000259 116.62500000
v 66.48100281 53.60600281 123.49600220
v 66.00099945 53.90900040 124.15200043
v 66.37599945 53.75200272 125.15599823
v 67.03700256 53.32400131 124.21600342
v 65.95400238 54.15200424 126.61499786
v 65.04599762 54.78100204 128.51600647
v 66.36599731 54.08300018 128.50500488
v 66.93499756 53.91000366 130.21299744
v 65.73999786 54.58400345 130.35499573
v 67.66999817 52.71100235 119.06099701
v 67.66200256 52.78400040 120.82800293
v 67.93599701 52.73200226 122.22299957
v 68.21499634 52.62500381 123.11600494
v 44.53699875 64.59000397 142.91600037
v 35.32600021 61.51399994 145.47599792
v 36.63599777 61.31500244 146.20899963
v 42.01499939 63.60100174 144.40600586
v 37.90399933 61.20999908 146.79600525
v 40.22200012 61.92399979 146.54299927
v 58.09899902 58.81300354 139.48699951
v 49.21599960 63.78700256 143.54800415
v 53.18899918 62.77000046 144.25599670
v 51.69400024 63.32100296 145.56399536
v 55.36600113 61.99399948 144.30599976
v 47.54499817 63.89300156 145.05200195
v 45.17799759 63.65299988 144.94999695
v 57.92499924 58.92200089 142.58200073
v 66.52999878 54.34900284 132.78599548
v 66.78800201 54.06200027 131.19900513
v 66.76200104 54.31700134 134.16900635
v 65.94499969 54.84100342 135.43899536
v 64.10900116 55.88100052 137.15299988
v 62.32500076 56.85100174 139.08999634
v 66.24099731 54.74300003 136.78399658
v 60.82699966 57.62600327 140.98100281
v 29.46699905 20.40400124 153.25500488
v 29.95799828 22.26400185 154.94900513
v 30.10699844 24.53000259 156.29600525
v 29.58599854 27.51200104 156.79100037
v 29.81099892 30.10000229 157.29299927
v 30.25099754 31.12400246 157.94599915
v 30.02699852 32.23700333 158.11300659
v 30.04800034 33.12000275 158.02000427
v 29.61499977 33.81800079 157.33399963
v 30.09499931 34.67700195 157.72799683
v 30.17699814 36.04900360 157.89599609
v 30.27199936 37.02500153 157.85099792
v 30.29099846 37.80600357 158.00000000
v 30.23799896 38.47200012 158.20799255
v 30.54500008 39.85200119 158.30000305
v 30.81199837 41.33100128 158.54800415
v 31.46500015 43.19200134 158.83399963
v 35.23099899 47.31900024 157.68600464
v 36.25500107 48.33100128 157.58000183
v 36.87199783 49.05500031 157.41900635
v 35.89299774 50.40400314 156.25700378
v 36.79899979 50.48500061 156.67900085
v 36.74499893 51.75800323 155.73599243
v 31.95599747 44.56700134 159.36000061
v 32.70600128 45.36400223 158.85200500
v 33.31599808 46.46500015 159.23899841
v 34.12300110 47.43099976 159.24499512
v 37.15999985 53.73000336 154.14700317
v 37.11899948 55.20700073 152.57499695
v 37.95399857 57.82800293 150.21000671
v 91.85800171 14.01000118 100.30899811
v 93.45199585 16.98100281 101.84200287
v 94.28899384 19.10500145 102.31800079
v 94.62000275 21.43900108 99.95600128
v 95.35900116 25.17000198 99.41999817
v 95.05400085 27.10600281 97.48300171
v 91.78900146 31.67300224 86.48899841
v 92.93399811 30.73200226 90.67800140
v 92.58399963 31.28900146 89.61599731
v 92.21099854 32.05200195 88.57199860
v 91.72999573 32.74300003 87.08599854
v 93.24299622 30.56200218 91.70800018
v 93.59999847 30.75700188 93.28600311
v 93.93699646 29.73500252 93.81300354
v 94.25700378 29.36300087 94.96199799
v 94.92699432 29.11000252 97.94699860
v 94.50399780 29.36300087 96.11499786
v 91.66399384 33.89000320 88.85099792
v 91.15299988 35.34800339 90.76899719
v 92.40200043 14.42700291 102.45700073
v 92.15899658 13.60700130 108.07900238
v 93.26300049 15.79700184 104.57199860
v 92.31500244 13.92300224 114.73600006
v 92.42599487 14.23500061 111.41799927
v 92.00599670 14.48000240 119.78600311
v 90.61699677 12.22300148 120.94000244
v 93.13299561 15.79400158 116.99400330
v 89.37200165 11.07200241 123.01200104
v 76.97299957 4.92400122 135.19700623
v 76.01100159 4.77800131 135.89799500
v 77.67900085 4.95900202 134.52000427
v 78.95500183 6.27800274 135.17799377
v 80.84300232 6.26100206 132.96000671
v 82.64099884 7.62100124 132.08599854
v 85.09300232 7.77200222 128.22999573
v 84.73500061 9.00600147 130.31900024
v 89.18499756 12.64700127 125.87100220
v 86.73999786 10.06700134 127.85700226
v 73.57399750 5.23800230 138.74899292
v 74.22799683 4.96700239 137.81300354
v 73.00199890 5.32400227 139.31300354
v 59.14799881 5.84900188 146.22799683
v 62.10599899 6.27200127 145.87600708
v 63.75099945 6.41400194 145.45700073
v 66.55300140 6.39400244 144.34600830
v 64.38199615 7.38200188 146.20399475
v 66.36499786 9.79400253 147.16099548
v 71.80300140 6.99000263 142.11599731
v 68.37200165 8.46200275 145.22900391
v 70.76399994 9.03100109 144.28599548
v 57.91299820 7.18800163 148.36799622
v 56.05500031 7.92500210 149.74299622
v 54.79399872 8.69900131 150.90400696
v 54.57099915 9.95500183 152.44599915
v 43.04499817 11.55500126 154.05000305
v 46.56100082 11.59300137 154.92100525
v 52.75399780 11.33000088 154.49000549
v 49.77899933 11.52200222 155.04800415
v 33.08099747 15.89400101 152.89199829
v 35.37799835 15.20600128 153.96400452
v 37.37799835 15.27700233 155.38099670
v 40.64599991 12.95800114 154.73399353
v 39.52799988 14.85100174 156.18199158
v 34.20599747 17.85400200 155.58799744
v 31.17599869 21.48500252 155.61399841
v 33.74399948 19.83000183 156.70700073
v 81.10900116 43.56900024 94.10500336
v 82.40699768 42.92700195 91.58399963
v 81.83999634 43.18900299 92.31400299
v 81.20299530 43.51000214 92.71800232
v 81.23500061 43.50100327 96.26799774
v 81.59300232 43.28700256 98.12400055
v 82.04199982 42.89500046 101.16699982
v 81.49900055 43.33200073 100.48600006
v 81.83699799 43.05400085 102.12100220
v 80.04499817 44.28400040 104.05000305
v 82.80500031 42.30700302 99.94200134
v 88.52899933 38.01000214 94.15499878
v 90.33100128 36.36100006 93.64099884
v 86.41199493 39.77000046 94.41699982
v 83.24700165 42.17000198 94.78800201
v 84.92500305 40.89400101 95.68099976
v 79.41699982 44.81900024 107.55699921
v 79.03199768 45.13600159 109.16699982
v 77.85299683 45.96300125 111.50000000
v 74.81600189 48.06700134 114.76699829
v 73.76699829 48.76300049 115.49800110
v 72.80000305 49.41900253 115.81400299
v 75.96299744 47.31500244 114.20600128
v 79.16999817 45.15800095 113.73600006
v 77.20800018 46.46300125 114.66999817
v 71.39599609 50.35300064 116.43000031
v 70.72899628 50.87500000 118.35300446
v 69.39800262 51.75500107 119.61399841
v 69.02999878 52.04300308 121.14500427
v 67.57900238 53.17500305 125.79599762
v 67.98600006 52.85800171 124.46199799
v 68.05500031 52.95500183 126.59100342
v 67.29799652 53.39599991 127.24099731
v 68.25699615 53.03700256 129.13999939
v 67.56900024 53.49600220 129.55700684
v 67.38700104 53.76200104 131.58099365
v 69.43900299 51.88299942 122.36800385
v 69.88600159 51.67200089 123.83499908
v 68.99800110 52.31600189 124.28200531
v 43.89699936 62.66699982 146.31199646
v 39.48799896 60.90000153 147.69700623
v 41.15299988 60.83100128 148.25599670
v 49.57799911 63.15100098 146.20500183
v 53.96500015 62.15500259 147.02899170
v 52.87699890 62.08100128 147.29499817
v 50.27499771 62.15300369 147.55000305
v 51.52799988 61.93500137 147.72799683
v 57.22499847 61.15200043 144.35200500
v 57.01699829 61.77300262 146.00300598
v 55.16399765 61.82000351 147.13500977
v 47.46199799 62.47200394 147.08299255
v 60.49900055 58.15700150 143.28900146
v 59.50399780 59.74000168 144.09500122
v 68.17399597 53.41600418 132.77999878
v 68.48500061 53.40700150 134.83300781
v 66.98999786 54.28400421 136.07299805
v 65.97299957 54.94900131 137.70500183
v 63.94400024 56.07400131 139.86199951
v 66.04799652 54.97100067 139.12400818
v 62.60200119 57.17399979 143.22999573
v 66.71499634 54.48200226 136.90400696
v 31.04099846 22.71400261 156.21600342
v 31.35299873 25.15300179 157.35600281
v 30.44499779 25.98000145 156.99899292
v 31.52799988 23.59200096 156.98300171
v 30.92599869 24.50100136 156.90000916
v 31.34000015 26.95900154 157.96200562
v 30.53999901 27.83800125 158.70500183
v 30.71199989 29.01300240 157.99600220
v 30.37400055 29.96500206 158.15000916
v 29.23099899 31.46800232 159.81999207
v 29.64799881 29.52400208 159.58499146
v 29.53299904 33.42600250 158.74400330
v 29.06999969 35.22500229 159.89100647
v 29.35099983 37.17000198 159.33599854
v 29.84299850 40.13100052 161.76199341
v 30.21699905 41.00400162 159.69300842
v 31.03899956 42.95800018 161.16700745
v 35.78899765 49.06500244 159.08100891
v 37.67200089 50.14100266 158.47900391
v 37.59499741 49.69000244 157.41500854
v 38.57600021 51.59799957 156.77700806
v 38.52499771 50.33100128 157.50300598
v 38.19799805 53.35100174 155.16799927
v 32.47800064 45.55900192 161.18499756
v 33.94099808 47.42300034 160.86700439
v 34.81599808 48.31200027 159.81600952
v 38.54700089 55.33900070 153.27400208
v 41.21999741 56.80200195 152.91600037
v 41.09399796 59.21000290 150.08799744
v 94.45899963 18.70200157 105.26399994
v 94.99700165 20.50600243 104.07299805
v 95.20999908 21.98200226 102.26300049
v 95.79499817 24.63400269 102.15599823
v 95.55699921 26.76400185 100.11299896
v 95.86899567 26.97000122 102.23999786
v 95.26499939 28.20400238 99.10800171
v 92.56399536 32.40500259 90.88200378
v 93.47699738 32.01500320 94.84000397
v 94.02799988 31.63200188 98.16000366
v 95.45400238 28.28700256 100.51000214
v 94.65399933 30.64400101 100.03800201
v 91.83100128 34.59100342 93.10099792
v 93.96199799 17.40300179 107.22800446
v 93.65000153 16.80300140 109.64199829
v 93.98500061 17.50600243 113.71500397
v 90.81800079 13.68800163 122.87599945
v 92.86399841 16.54500198 120.29399872
v 93.89399719 17.48300171 116.05899811
v 94.26100159 19.21600151 117.98600006
v 77.15200043 6.05100203 136.73800659
v 75.61699677 5.34300137 137.21200562
v 81.54399872 8.26000214 134.23899841
v 79.30300140 7.69300222 136.33999634
v 83.21299744 9.87600136 133.49299622
v 85.11799622 11.72300243 132.46200562
v 88.36399841 13.03800201 128.09100342
v 91.53399658 15.92500114 123.94599915
v 90.52400208 16.91000175 127.56200409
v 87.42199707 13.56900120 130.39900208
v 74.79499817 6.58500195 139.49200439
v 61.21299744 6.60400105 146.59599304
v 59.71599960 7.08000183 147.67900085
v 62.30299759 7.51000261 147.17800903
v 63.21599960 9.70300102 148.63400269
v 69.94899750 11.03200245 145.97399902
v 65.19699860 12.45000172 149.83000183
v 69.16600037 13.68600082 148.06500244
v 73.31700134 10.13800144 143.33799744
v 73.78900146 8.56100178 141.96800232
v 57.68099976 8.75000095 150.13200378
v 60.04399872 8.60700226 149.09500122
v 56.04199982 9.26700211 151.23100281
v 57.72900009 11.77300167 153.43600464
v 54.92799759 11.38600159 154.01300049
v 43.28400040 13.71200180 156.49400330
v 45.50299835 12.63800240 155.95599365
v 48.37199783 13.19300175 156.84100342
v 54.14599991 12.22100067 155.19100952
v 52.56399918 12.72400093 156.05799866
v 49.55599976 13.45000267 157.04899597
v 50.58099747 13.69900227 157.17199707
v 52.28199768 13.35600185 156.77101135
v 34.47200012 16.10300064 154.16600037
v 35.20899963 16.74500084 155.29400635
v 36.08200073 16.41500092 155.61700439
v 38.12799835 16.00400162 156.51799011
v 37.07699966 16.52800179 156.37500000
v 41.68799973 14.32300186 156.56900024
v 40.80500031 16.60300255 157.97100830
v 41.84999847 16.12000084 157.96400452
v 36.66999817 17.96300125 157.17100525
v 35.92399979 20.17100143 157.94000244
v 32.85799789 22.20100212 157.28300476
v 34.58399963 21.60600281 158.03500366
v 82.14900208 42.97500229 93.59200287
v 82.25699615 42.84400177 94.65499878
v 84.25900269 41.36900330 97.21400452
v 83.26000214 42.04500198 98.62500000
v 82.50999451 42.53000259 102.64099884
v 81.83599854 43.03000259 103.34100342
v 82.10199738 42.87000275 103.96600342
v 82.20999908 42.83500290 105.81000519
v 81.05100250 43.67500305 107.13300323
v 83.93399811 41.51900101 102.20700073
v 85.19899750 40.56300354 101.49600220
v 85.69899750 40.16800308 99.63999939
v 88.36399841 38.02700043 96.69300079
v 89.64099884 36.91900253 95.89500427
v 91.55099487 35.05400085 95.87999725
v 86.34400177 39.67700195 97.57600403
v 81.31999969 43.54400253 111.88899994
v 82.12300110 42.91400146 110.49600220
v 79.98500061 44.50200272 111.73100281
v 75.89800262 47.39900208 114.95000458
v 74.71199799 48.12400055 115.28399658
v 73.63399506 48.93200302 116.88999939
v 74.26899719 48.45500183 116.17900085
v 71.87400055 50.12700272 117.75099945
v 81.94699860 43.13300323 114.29000092
v 80.51599884 44.18400192 115.44499969
v 78.84700012 45.36900330 115.73000336
v 76.65499878 46.87600327 116.11600494
v 70.05999756 51.33200073 119.76799774
v 71.34600067 50.57000351 120.04399872
v 71.99199677 50.12900162 119.76200104
v 70.84999847 50.94000244 120.97299957
v 70.98200226 50.92900085 121.75799561
v 68.54599762 52.61199951 125.07500458
v 69.16799927 52.30700302 126.11000061
v 68.53800201 52.75300217 127.52199554
v 69.38500214 52.26800156 127.66600037
v 70.29799652 51.76000214 127.82700348
v 70.19999695 51.91200256 129.36399841
v 69.41199493 52.52300262 130.87500000
v 68.78099823 52.91100311 131.14799500
v 71.00299835 50.91900253 122.71400452
v 71.17700195 50.88400269 123.76300049
v 70.86499786 51.15900040 124.44899750
v 70.63800049 51.37500000 125.50900269
v 70.18599701 51.62700272 125.83100128
v 42.62699890 60.74200058 148.77299500
v 45.07099915 61.38800430 148.35700989
v 52.84099960 61.25500107 148.44999695
v 53.11100006 60.32800293 149.61900330
v 56.42699814 60.18700409 148.87500000
v 50.15499878 60.87900162 149.30000305
v 59.10699844 61.08400345 145.70199585
v 56.02199936 61.29600143 147.47799683
v 57.04199982 60.99000168 147.53799438
v 48.52399826 59.22900009 151.53799438
v 62.31200027 59.52000427 145.05200195
v 61.84099960 59.64200211 146.61900330
v 69.30400085 52.69000244 131.97200012
v 70.19400024 52.38100052 134.82099915
v 68.36599731 53.56000137 136.58700562
v 67.59999847 54.06400299 138.21900940
v 64.17399597 56.35200119 142.97100830
v 66.49800110 54.78800201 140.08500671
v 66.25199890 55.04300308 142.24099731
v 67.44200134 54.22700119 139.35600281
v 64.72599792 58.24700165 144.82099915
v 63.66299820 58.92400360 145.45300293
v 31.96599960 25.56400108 158.04699707
v 32.57899857 24.49800110 157.96899414
v 31.50599861 26.05000114 158.41000366
v 30.99499893 26.18800163 159.08900452
v 30.30399895 27.19200134 161.42900085
v 31.12799835 25.29000282 160.35400391
v 29.56499863 29.75300217 163.13999939
v 29.30599785 31.67500114 163.06399536
v 29.07699966 33.69700241 161.47999573
v 29.12599945 37.08400345 162.62800598
v 29.29699898 38.87400055 164.25300598
v 30.33300018 41.60400391 163.35000610
v 31.24299812 43.34600067 163.95600891
v 35.34000015 48.86900330 161.08599854
v 37.16999817 50.49400330 161.58500671
v 38.76699829 51.47500229 159.47799683
v 39.91799927 52.55200195 156.61700439
v 39.63499832 50.96100235 157.59700012
v 41.62699890 55.12700272 155.02999878
v 32.37699890 45.47600174 164.04200745
v 33.52799988 47.12800217 162.69799805
v 34.71299744 48.37500381 162.21600342
v 35.20600128 48.80200195 161.80599976
v 44.25999832 56.95899963 153.75100708
v 43.48099899 58.16600037 152.05500793
v 43.48500061 59.73200226 150.18899536
v 94.81999969 19.53000259 106.25700378
v 95.12100220 20.23300171 106.86000061
v 95.84500122 23.07100296 104.82399750
v 96.05400085 26.86100197 103.94699860
v 95.71199799 27.55500221 101.54700470
v 95.64399719 28.76500130 103.97599792
v 92.98500061 33.41000366 97.62599945
v 92.96299744 33.46300125 100.61800385
v 94.69200134 30.84200287 102.06900024
v 94.41899872 18.58200073 110.71300507
v 95.05400085 20.04100227 108.48400116
v 94.80500031 19.45400238 112.20300293
v 95.27899933 20.87200165 113.95800018
v 94.80699921 20.04200172 116.07599640
v 92.70800018 17.50200272 122.30799866
v 93.63300323 19.33000183 121.16500092
v 94.32999420 20.80800247 120.13100433
v 95.15200043 22.13400078 117.93399811
v 77.35900116 7.36900234 138.01199341
v 78.49099731 8.26600170 137.64300537
v 76.35800171 7.31200171 138.85600281
v 81.62799835 10.34800148 135.93600464
v 79.77799988 9.09400177 136.99800110
v 83.48600006 12.57500267 135.47300720
v 85.98100281 14.54700184 133.54299927
v 89.03900146 15.84000111 129.48100281
v 91.94799805 19.29500198 126.23799896
v 89.71399689 18.03200150 130.11199951
v 91.23100281 20.42200089 128.69599915
v 87.31500244 15.07700253 131.87500000
v 88.57599640 16.82900238 131.19700623
v 75.68199921 8.95200157 140.78900146
v 61.66099930 11.98700237 151.61100769
v 72.57199860 13.41100216 145.70899963
v 64.07499695 14.26100159 152.22299194
v 68.45099640 15.13700199 149.57600403
v 71.73200226 16.61400032 148.00100708
v 74.95099640 11.09700108 142.76100159
v 75.04599762 12.64800167 143.63700867
v 59.04899979 10.00700188 150.90100098
v 61.01699829 13.35700226 153.42700195
v 56.53299713 13.30200195 155.63700867
v 44.14699936 13.68900204 156.69300842
v 43.74699783 15.61900234 158.05099487
v 44.66799927 14.10200214 157.12899780
v 45.72999954 13.46700287 156.80099487
v 46.89400101 13.20900249 156.72799683
v 45.92599869 15.02700138 157.93000793
v 47.39199829 14.91200161 158.00900269
v 48.60099792 14.69900131 158.44300842
v 54.60499954 14.34700203 157.07299805
v 49.79100037 14.83800220 157.93000793
v 52.42399979 14.90500164 157.77999878
v 51.36999893 15.00400162 158.02500916
v 38.31499863 16.82100296 157.20100403
v 42.56499863 15.96200085 158.00199890
v 39.90800095 17.30000305 158.08100891
v 42.66799927 15.06600189 159.66400146
v 39.14799881 16.64700127 159.61000061
v 40.80699921 15.73600292 162.65100098
v 38.73299789 17.90600204 157.98300171
v 37.07699966 19.09100342 158.07400513
v 38.16899872 18.29000282 158.15699768
v 37.11700058 17.91300201 159.70999146
v 35.03199768 20.05500221 159.15800476
v 33.52499771 22.96100235 158.03100586
v 33.94599915 22.18900108 158.35200500
v 33.02299881 23.48000145 158.24699402
v 83.34399414 41.89700317 104.33599854
v 84.26300049 41.26100159 105.98899841
v 83.06200409 42.15900040 108.09700012
v 85.61699677 40.14900208 104.88600159
v 87.97399902 38.20700073 101.13200378
v 86.60900116 39.33300018 102.42400360
v 88.24399567 38.04000092 99.10500336
v 91.07900238 35.39599991 98.84600067
v 83.60099792 41.85300064 113.09999847
v 84.08000183 41.44500351 110.84100342
v 75.43000031 47.77700043 115.94799805
v 75.37300110 47.79800034 116.66899872
v 74.36399841 48.50400162 117.91500092
v 73.36499786 49.19000244 118.33100128
v 72.54399872 49.73900223 118.80799866
v 83.27799988 42.18600082 116.41500092
v 81.49499512 43.56700134 116.79600525
v 80.08000183 44.58200073 117.39699554
v 80.73999786 44.11200333 117.17099762
v 77.33899689 46.50900269 117.30500031
v 78.12599945 45.97200012 118.22499847
v 79.17099762 45.23200226 117.20700073
v 75.48699951 47.73400116 118.07199860
v 76.65000153 47.02400208 118.13000488
v 72.01100159 50.18300247 120.68499756
v 73.02400208 49.46900177 119.71800232
v 71.92399597 50.30800247 121.84400177
v 72.50199890 49.98200226 122.72599792
v 71.99500275 50.36500168 123.33799744
v 70.71499634 51.36900330 126.72900391
v 72.39800262 50.39300156 127.54900360
v 72.72999573 50.33100128 129.40899658
v 72.07599640 50.92700195 131.24499512
v 71.03199768 51.72900009 132.86599731
v 72.13600159 50.30200195 123.96600342
v 72.00199890 50.50300217 125.49000549
v 70.97599792 51.18700027 125.71300507
v 45.30099869 59.47800064 150.91200256
v 52.33799744 59.08500290 151.41900635
v 54.08099747 59.90000153 149.98800659
v 58.84999847 57.92100143 150.70500183
v 60.66099930 58.78800201 148.58900452
v 58.76399994 60.36200333 147.56100464
v 54.91399765 58.69700241 151.34100342
v 50.73600006 58.93600082 151.83599854
v 60.05299759 59.88300323 147.51800537
v 60.72700119 59.90100098 146.98699951
v 45.97299957 58.66100311 152.03199768
v 47.54299927 58.01200104 153.00000000
v 49.72399902 58.27200317 152.72900391
v 49.54499817 57.29899979 153.96899414
v 63.48399734 58.77700424 146.56300354
v 63.93299866 57.83600235 147.64700317
v 70.32699585 52.50400162 138.27200317
v 72.63199615 50.79600143 134.14900208
v 71.94300079 51.41500092 136.72700500
v 68.47100067 53.56800079 137.84500122
v 69.40100098 53.17000198 140.22200012
v 66.25000000 56.83700180 143.89599609
v 67.44400024 54.33300018 141.26800537
v 67.84200287 55.10300064 142.97300720
v 65.67700195 57.84400177 145.21200562
v 65.17099762 57.97400284 146.39100647
v 31.39999962 25.27600098 159.13200378
v 30.93499947 25.43300247 162.99400330
v 29.84099770 28.06400108 163.81599426
v 32.52399826 23.06900215 159.51199341
v 32.73600006 22.53500175 161.84600830
v 32.02299881 23.98500252 159.32400513
v 29.43899918 29.04600143 166.46701050
v 29.00300026 33.98200226 163.35099792
v 29.04899979 31.12600136 167.27799988
v 28.80799866 34.11900330 165.85600281
v 28.92600060 37.00200272 165.74400330
v 29.56100082 39.95100021 165.70599365
v 30.32199860 41.99100113 166.38999939
v 31.69899940 44.61700058 166.37600708
v 36.34199905 50.15200043 164.13699341
v 39.31200027 51.78900146 163.18699646
v 41.04399872 52.29800034 158.62699890
v 40.83300018 52.55600357 160.48399353
v 41.62299728 53.36100388 156.60200500
v 41.22599792 51.77900314 157.61599731
v 43.31800079 53.73100281 156.77000427
v 45.27799988 54.84800339 156.38299561
v 33.61999893 47.48800278 164.77400208
v 32.88899994 46.60300064 167.01899719
v 34.40200043 48.21900177 163.52799988
v 34.90900040 48.79000092 163.99299622
v 45.87500000 57.71800232 153.16799927
v 46.62999725 56.63000107 154.64300537
v 95.38999939 20.95500183 107.75500488
v 95.95299530 22.76700211 107.71700287
v 96.29599762 25.01500130 106.33399963
v 96.16899872 26.80000114 105.49600220
v 95.70200348 29.01200104 106.70100403
v 94.19100189 31.81600189 104.91600037
v 93.01000214 33.28600311 102.45500183
v 90.06800079 36.29100037 101.20300293
v 91.38099670 34.97200012 102.59200287
v 95.12300110 20.21600151 109.92099762
v 95.60900116 21.51000214 110.90399933
v 95.58900452 21.53400230 111.95100403
v 95.90299988 22.72700119 112.61000061
v 95.80999756 23.12900162 114.96199799
v 93.07799530 19.71200180 123.47100067
v 93.85399628 21.68600082 122.82400513
v 95.33200073 23.64900208 119.03500366
v 94.72299957 23.73400116 121.65000153
v 78.16300201 9.54900169 138.98699951
v 79.22899628 9.38800144 137.80499268
v 80.39299774 10.97300053 137.82499695
v 81.09299469 12.09500217 137.89900208
v 82.14900208 12.74800110 137.20401001
v 80.01100159 10.43300152 137.83399963
v 85.61100006 16.08100128 135.18200684
v 83.50199890 14.42500210 136.77000427
v 87.30500031 18.15400124 134.22500610
v 92.40399933 21.13900185 126.49800110
v 89.15100098 19.74700165 132.25300598
v 92.01000214 23.26700211 128.73100281
v 90.49399567 22.24600220 131.20800781
v 76.91300201 10.47500229 140.79899597
v 74.99400330 15.31100082 145.05799866
v 62.68899918 16.84000206 155.63999939
v 65.74299622 16.52000046 152.93099976
v 70.15999603 17.75500107 149.94499207
v 67.29699707 16.92000198 151.90600586
v 75.24299622 18.43400192 146.29499817
v 74.04499817 19.47000313 147.64599609
v 72.63299561 20.25900269 149.23500061
v 77.57799530 12.98300171 141.86999512
v 76.61799622 14.55400181 143.51499939
v 60.31399918 14.88800144 155.36700439
v 56.75899887 15.32700062 157.21899414
v 59.56299973 16.07600212 156.80000305
v 45.06900024 14.42200089 160.09999084
v 45.13699722 15.12400246 158.36300659
v 46.62500000 14.49200153 159.11700439
v 47.14500046 14.20300293 161.39999390
v 49.39299774 14.10800171 160.50199890
v 51.73999786 14.46500206 159.30900574
v 53.73199844 15.44300079 158.11199951
v 54.82299805 15.61900234 158.32099915
v 55.31800079 15.89500141 158.19400024
v 43.20499802 14.95900154 162.45500183
v 37.70800018 17.45900154 162.14500427
v 38.38399887 16.91100121 164.23399353
v 40.86599731 15.59200096 164.93199158
v 35.60300064 19.22300339 161.03900146
v 33.93299866 21.00100136 159.85000610
v 34.66199875 20.18500137 160.75500488
v 33.32500076 21.92300224 159.42999268
v 84.79800415 40.81800079 108.53299713
v 87.84199524 38.22500229 104.07299805
v 87.82399750 38.23400116 107.85300446
v 86.58999634 39.31800079 108.27700043
v 90.52199554 35.76399994 104.56100464
v 86.11499786 39.77500153 114.36299896
v 84.70899963 41.02300262 115.95300293
v 86.55199432 39.36900330 110.97499847
v 74.79899597 48.26600266 119.70100403
v 86.03800201 39.94900131 119.23200226
v 83.67300415 41.95000076 119.40799713
v 82.30500031 42.96500015 118.83899689
v 80.47200012 44.42000198 119.77799988
v 78.12999725 46.05900192 120.20899963
v 76.21399689 47.38600159 120.40399933
v 73.08499908 49.50600052 121.45400238
v 74.56199646 48.56400299 121.32599640
v 73.30200195 49.43900299 122.68900299
v 73.01000214 49.73100281 124.29199982
v 71.38899994 50.93300247 126.01300049
v 73.06500244 49.83900070 125.97299957
v 74.07499695 49.26900101 126.60700226
v 74.41699982 49.14400101 128.55200195
v 75.06099701 48.87600327 130.89500427
v 73.86699677 50.02900314 135.31100464
v 51.91299820 57.09000015 154.02500916
v 63.15799713 56.72900009 149.51000977
v 58.47399902 56.38600159 152.71899414
v 61.91799927 54.76000214 152.58000183
v 55.06900024 57.19200134 153.14599609
v 48.20499802 57.19500351 154.06900024
v 49.14400101 55.51200104 156.16299438
v 66.04000092 56.75400162 147.25399780
v 66.03900146 55.51900101 148.62800598
v 71.94200134 51.70700073 140.39399719
v 73.36399841 50.99200058 140.66000366
v 74.37200165 49.90600204 138.07400513
v 68.93799591 53.55100250 141.37800598
v 70.32299805 52.74900055 141.24099731
v 68.90100098 55.98500061 145.01699829
v 66.55999756 57.32100296 145.10200500
v 67.80799866 56.56200027 144.91700745
v 69.50299835 54.25400162 142.70500183
v 69.57399750 55.37300110 144.12300110
v 66.96099854 56.98500061 145.95199585
v 32.38100052 22.74000168 163.96400452
v 31.01199913 24.97400093 165.48600769
v 34.51599884 20.37200165 161.80200195
v 33.47800064 21.63600159 163.59201050
v 30.62599945 25.77300262 168.12500000
v 30.09499931 27.38100243 169.36300659
v 29.51599884 29.42600250 169.44699097
v 29.39199829 31.35700226 170.00599670
v 28.81799889 32.97900009 168.83500671
v 28.87800026 36.34700012 168.57499695
v 29.20400047 38.31900024 169.23699951
v 29.91099930 41.04400253 167.98300171
v 30.75300026 42.35200119 169.74499512
v 31.26499939 43.89599991 169.19200134
v 32.08099747 45.39500046 168.34799194
v 34.69699860 48.68800354 165.63200378
v 37.44799805 51.02300262 165.97900391
v 35.03799820 49.04600143 167.04400635
v 41.24900055 52.96600342 166.19599915
v 42.01699829 53.12300110 163.95600891
v 42.75499725 52.45899963 157.62399292
v 43.08699799 53.47000122 160.11100769
v 43.91399765 52.79300308 157.71000671
v 44.65999985 53.09400177 157.55499268
v 46.13599777 53.34600067 157.86799622
v 47.28300095 53.60499954 157.53599548
v 48.03300095 53.76000214 157.43800354
v 34.07500076 48.08500290 168.38200378
v 96.35499573 26.12500191 108.62899780
v 96.30899811 24.27100182 109.96399689
v 96.27600098 26.48200226 107.00599670
v 96.24299622 26.93900108 107.94999695
v 94.52200317 31.31600189 107.67700195
v 95.45999908 29.58800125 109.24400330
v 96.09200287 27.77500153 109.98600006
v 92.65999603 33.59200287 104.83000183
v 92.53800201 33.64599991 107.80699921
v 95.84899902 22.44900131 112.12899780
v 96.29100037 24.55500221 111.91699982
v 96.09099579 23.88700104 113.38800049
v 95.86799622 24.92200279 116.91100311
v 96.13600159 24.93900108 114.52700043
v 96.07499695 25.52500153 115.50900269
v 93.38800049 23.55900192 125.63600159
v 95.42600250 26.60800171 119.84600067
v 95.64799500 26.49200058 118.41699982
v 94.36899567 25.48300171 123.88300323
v 94.85099792 26.82100105 122.50800323
v 95.17499542 26.87400246 120.95199585
v 78.75399780 11.55100250 139.87899780
v 80.34300232 12.26300144 138.81500244
v 82.09300232 13.74600315 137.95700073
v 85.85099792 18.45100212 136.40100098
v 84.71800232 17.12800217 136.98800659
v 82.61399841 15.02500057 138.21099854
v 83.29100037 16.82300186 138.49499512
v 86.60099792 19.92000198 136.21000671
v 88.59600067 21.26800156 133.93000793
v 87.52700043 20.41000175 135.12300110
v 92.03400421 24.79700279 129.42999268
v 93.18000031 26.48400116 127.56700134
v 91.19300079 24.31500053 130.88700867
v 90.37000275 25.23800087 132.72500610
v 88.99700165 22.79600143 133.98500061
v 89.68599701 24.36200142 133.56700134
v 77.10099792 16.65900040 144.16900635
v 61.86899948 18.43500137 157.12399292
v 65.21099854 18.75200081 155.20600891
v 63.34099960 19.44700241 156.93600464
v 67.65499878 19.61200142 153.61599731
v 68.65999603 18.50200272 151.84599304
v 69.76499939 21.05900192 152.51199341
v 76.93599701 19.50400162 145.47300720
v 75.30899811 20.89500237 147.24099731
v 73.86299896 22.47300148 149.14799500
v 71.95400238 21.87400246 150.73100281
v 79.79899597 14.23500061 140.64100647
v 79.04000092 18.92300224 143.63600159
v 56.43600082 16.35200119 157.97500610
v 57.82600021 16.72100067 158.49499512
v 57.82299805 16.98800087 157.94799805
v 59.03899765 17.61200142 157.88999939
v 59.79599762 18.17800140 157.91400146
v 60.55299759 18.62500191 157.76499939
v 45.27600098 14.50700092 162.79499817
v 49.69899750 14.04600239 162.25799561
v 46.00099945 14.44100189 164.42700195
v 48.18799973 13.97800255 164.83300781
v 52.59899902 14.40100193 161.89399719
v 54.68799973 15.08400249 159.30000305
v 54.43000031 14.86200142 160.82600403
v 56.02600098 15.53300190 159.32099915
v 43.79299927 14.73400211 165.27600098
v 35.64699936 19.27600288 163.73899841
v 36.19699860 18.67100143 164.05999756
v 36.43600082 18.34100151 165.03900146
v 36.84999847 17.86900139 167.38500977
v 39.70499802 16.10600281 167.65600586
v 41.36899948 15.39400196 166.96400452
v 43.49200058 14.67800140 167.20100403
v 35.04399872 19.85300064 162.44999695
v 88.98300171 37.18500137 106.12200165
v 90.10699463 36.12400055 107.90100098
v 88.46800232 37.64300156 110.76599884
v 88.56500244 37.60800171 115.11899567
v 89.22399902 36.97900009 112.66400146
v 87.01399994 39.03400040 117.67900085
v 75.53900146 47.86300278 121.65200043
v 87.95199585 38.29900360 120.98400116
v 85.47200012 40.53700256 122.01800537
v 83.98799896 41.83400345 122.27300262
v 82.65699768 42.83300018 121.54199982
v 80.34500122 44.55900192 121.57599640
v 81.74700165 43.60200119 123.08899689
v 79.10700226 45.52099991 122.49100494
v 78.34700012 46.06700134 123.06900024
v 76.99299622 46.95300293 122.19599915
v 74.05300140 48.97500229 122.09099579
v 73.66200256 49.21000290 122.20200348
v 75.73000336 47.81400299 123.26899719
v 74.89699554 48.48800278 124.37400055
v 73.90399933 49.21700287 124.96299744
v 73.51599884 49.51400375 125.46399689
v 74.94100189 48.62400055 126.86000061
v 75.76999664 48.14800262 128.13999939
v 77.57900238 47.03800201 129.09899902
v 77.18799591 47.46100235 131.27099609
v 75.75000000 48.55900192 132.75700378
v 75.89099884 48.66200256 135.34500122
v 53.44899750 55.72100067 155.41299438
v 63.71400070 55.27000046 150.73100281
v 65.26699829 54.78100204 150.04299927
v 56.45100021 55.59500122 154.57200623
v 59.71300125 54.15600204 154.61799622
v 64.28499603 53.86900330 151.80000305
v 60.81900024 52.68400192 155.51800537
v 63.18000031 52.81299973 153.71800232
v 49.11000061 53.77100372 158.25000000
v 50.27499771 53.63000107 157.49000549
v 51.41199875 54.79800034 156.64399719
v 67.41300201 55.80000305 147.14700317
v 66.72799683 54.28400421 149.33100891
v 72.08499908 52.35100174 141.63800049
v 75.65599823 50.36000061 141.03900146
v 74.51300049 50.04700089 139.65800476
v 74.62000275 51.32100296 141.71900940
v 73.86499786 52.05800247 142.45399475
v 73.09300232 52.60900116 142.50399780
v 75.93199921 48.80000305 137.55499268
v 75.59400177 49.42400360 139.58799744
v 71.63500214 53.63900375 142.83399963
v 69.82700348 54.60100174 146.04600525
v 71.21699524 54.09700394 143.36900330
v 71.10199738 54.42600250 144.11000061
v 33.96500015 21.09100151 164.23600769
v 32.49200058 22.54900169 165.37699890
v 31.70700073 23.65500259 167.33700562
v 31.13799858 25.16700172 169.65800476
v 31.01199913 27.24300194 170.66200256
v 30.45100021 28.82100105 170.64700317
v 30.71500015 30.17600250 171.04100037
v 31.04299927 31.54700089 171.14599609
v 30.15899849 32.36300278 170.88800049
v 30.21199989 33.68500137 170.87899780
v 29.21699905 35.13700104 170.17500305
v 30.21699905 36.02000046 170.83200073
v 30.33899879 37.64599991 170.79899597
v 30.53700066 39.25200272 170.73199463
v 29.85199928 40.22500229 169.50000000
v 31.11000061 41.35800171 170.58099365
v 31.90899849 42.31500244 170.83299255
v 32.00699997 43.57500076 170.47999573
v 32.60499954 45.04700089 170.28700256
v 33.36399841 46.24800110 170.14900208
v 35.98199844 49.91200256 168.67500305
v 38.56599808 51.69900131 168.59899902
v 40.20700073 52.63200378 168.30299377
v 37.25099945 50.80600357 168.88600159
v 35.14599991 49.09800339 168.71199036
v 43.55199814 53.91700363 166.41900635
v 42.10899734 53.36700058 168.93899536
v 44.96299744 54.21300125 164.01199341
v 44.32699966 53.87900162 162.04100037
v 45.13299942 53.97400284 159.63299561
v 47.45800018 54.11700058 158.94699097
v 35.67499924 49.04600143 169.93699646
v 34.72999954 47.64500046 170.38000488
v 96.33200073 26.22100067 109.59899902
v 96.34300232 26.15500069 110.76999664
v 93.75199890 32.28700256 109.84500122
v 95.26300049 29.92400169 111.96600342
v 96.21699524 27.03200150 111.80899811
v 91.77700043 34.49000168 109.58399963
v 96.19400024 25.83300209 114.12200165
v 96.21099854 26.50000191 112.99200439
v 95.96600342 25.88300133 116.41799927
v 96.02799988 27.41800117 113.92100525
v 93.73200226 26.70700264 126.23400116
v 95.26599884 28.61300087 118.84799957
v 94.68599701 29.62800217 120.87200165
v 94.30799866 27.05000114 124.50700378
v 93.99300385 27.67700195 125.55599976
v 94.36100006 28.03100204 124.13500214
v 85.97399902 19.63600159 136.89999390
v 84.76200104 19.63500214 138.39300537
v 82.34700012 18.20000267 140.27900696
v 86.78199768 21.31700134 136.57600403
v 86.12100220 21.79200172 137.63900757
v 87.98400116 21.37700272 134.90200806
v 87.88099670 22.44100189 135.51600647
v 91.98999786 26.92700195 130.29699707
v 92.68799591 27.80100060 129.09300232
v 91.50799561 27.07900238 131.28199768
v 93.64499664 28.03400230 126.65700531
v 93.13700104 28.42700195 128.10000610
v 91.04499817 26.51000214 131.96699524
v 90.89800262 26.95200157 132.38000488
v 89.06700134 25.50000191 134.91500854
v 89.97900391 27.52900124 134.06100464
v 89.02500153 23.51600266 134.24800110
v 61.53400040 19.53800201 157.89399719
v 66.61499786 21.41500092 155.82099915
v 64.70400238 21.54600143 157.10099792
v 62.13700104 20.10900116 158.02400208
v 63.01200104 20.98600197 157.92700195
v 68.30699921 22.80400085 155.08900452
v 71.12100220 23.57300186 152.52200317
v 77.54000092 21.08400154 145.60400391
v 75.85199738 22.48200226 147.44699097
v 76.12799835 24.90900230 148.04901123
v 72.99299622 24.85600281 151.15299988
v 80.88700104 20.76900101 142.83999634
v 78.87400055 22.60600281 145.15299988
v 57.79399872 16.15800095 160.22900391
v 60.30699921 17.73800087 159.31799316
v 51.58200073 14.07200050 164.89900208
v 46.18299866 14.18900108 167.13700867
v 48.82099915 13.91900158 167.08500671
v 51.26599884 14.03200245 166.89500427
v 54.43399811 14.82200241 162.47300720
v 53.63699722 14.48300076 163.58599854
v 55.63100052 15.29600143 160.13600159
v 56.59899902 15.68400097 161.98400879
v 35.52700043 19.32300186 165.57800293
v 35.01599884 19.93300247 163.86900330
v 35.00500107 19.68700218 166.99200439
v 34.64500046 19.93000221 168.98500061
v 36.24099731 18.41300201 169.27600098
v 39.19200134 16.40800285 169.09700012
v 41.20600128 15.92300129 170.16099548
v 42.89199829 14.80400181 169.12100220
v 46.39099884 14.12300205 169.26600647
v 45.40499878 14.71500111 170.33099365
v 90.28199768 35.95700073 110.38000488
v 90.38400269 35.87500000 114.63200378
v 89.53499603 36.77099991 118.54199982
v 90.54199982 35.75699997 116.80500031
v 91.64499664 34.58800125 113.38400269
v 91.15000153 35.12700272 119.60900116
v 89.39699554 36.93800354 122.09200287
v 88.01899719 38.33000183 123.35200500
v 85.69300079 40.47100067 124.34100342
v 84.42299652 41.66900253 126.15999603
v 80.13800049 44.87300110 123.68199921
v 82.31099701 43.36700058 125.94100189
v 80.32699585 44.82600021 126.07299805
v 77.19999695 46.89100266 123.37200165
v 76.69799805 47.24800110 124.21800232
v 78.43899536 46.14700317 125.46399689
v 75.90799713 47.76600266 124.01899719
v 76.03099823 47.74700165 124.82299805
v 75.92099762 47.90600204 126.15100098
v 75.51200104 48.19900131 126.68900299
v 76.30200195 47.79400253 127.48699951
v 77.58899689 46.89900208 127.18000031
v 79.84999847 45.43100357 129.16400146
v 79.00299835 46.21300125 131.31700134
v 77.48300171 47.47000122 134.28399658
v 77.45500183 47.71200180 137.10200500
v 55.38199997 53.67000198 156.75999451
v 53.31200027 53.87900162 157.05599976
v 65.17600250 54.04100037 150.90400696
v 57.86299896 53.51900101 156.23799133
v 64.79599762 52.77100372 152.49800110
v 65.54299927 52.66500092 151.98699951
v 60.15599823 51.27700043 156.89500427
v 62.72200012 50.56900024 156.18499756
v 63.48699951 51.27099991 154.95500183
v 64.30200195 51.88500214 153.73199463
v 50.31299973 54.07400131 158.78900146
v 48.66099930 54.36400223 160.46699524
v 51.49799728 53.46400070 157.60899353
v 68.47100067 54.21400070 147.83999634
v 67.39299774 52.74200439 150.28399658
v 75.17600250 50.84500122 143.30000305
v 76.62899780 49.48100281 140.47700500
v 77.09300232 49.20800400 141.92300415
v 73.15599823 52.56100082 144.16799927
v 76.92199707 48.29700089 138.48100281
v 76.24800110 48.88100052 139.08399963
v 71.55300140 52.88900375 145.85200500
v 69.60700226 52.91700363 147.95300293
v 34.72599792 20.24100113 165.26800537
v 32.90399933 22.02500153 166.00199890
v 34.45299911 20.48500252 165.98600769
v 33.45499802 21.32800293 166.85600281
v 32.46099854 22.64300156 169.33200073
v 32.23999786 24.28100204 170.51300049
v 31.95199966 25.53300095 170.81600952
v 31.61499786 26.29300117 170.82899475
v 32.35599899 26.84000206 171.14500427
v 33.16299820 28.22500229 171.19500732
v 33.22499847 30.49700165 171.12400818
v 32.54800034 33.97800064 171.16600037
v 30.30500031 34.80000305 170.89399719
v 31.84399986 36.17900085 171.27499390
v 31.62899971 38.17900085 171.16000366
v 32.74300003 39.83200073 171.15699768
v 30.81699753 40.24900055 170.68400574
v 34.20399857 41.75600052 171.08200073
v 33.00999832 43.55700302 170.96099854
v 34.65100098 45.85200119 170.97799683
v 37.12300110 49.85100174 170.26300049
v 39.82600021 51.57500076 170.26699829
v 38.59799957 51.06600189 170.05900574
v 40.48799896 52.02800369 170.16000366
v 45.24900055 54.34300232 167.48800659
v 45.85699844 54.45200348 165.67800903
v 44.15900040 53.98900223 169.02099609
v 42.70599747 52.83400345 170.27299500
v 44.60400009 52.97400284 170.68299866
v 47.40100098 54.52900314 163.55299377
v 46.24799728 54.19200134 161.71000671
v 36.50799942 48.62900162 170.74000549
v 37.17200089 46.89500046 170.99299622
v 92.52999878 33.60900116 112.12699890
v 94.08499908 31.81000137 112.76599884
v 95.30699921 29.53200150 114.78099823
v 94.00700378 31.86500168 114.75700378
v 95.62899780 28.21700096 116.61599731
v 94.58599854 30.80400085 117.48900604
v 94.21299744 29.87300110 123.37699890
v 93.71299744 32.03900146 119.72000122
v 93.41999817 30.35300255 126.31700134
v 83.66400146 21.17300224 140.29299927
v 85.20999908 22.06700134 138.87899780
v 87.04100037 23.54700279 137.11799622
v 85.55999756 22.96900177 138.78799438
v 92.45099640 28.52700233 129.79200745
v 92.08899689 28.41300201 130.51000977
v 91.70500183 28.41200256 131.27700806
v 90.66400146 29.12200165 133.33700562
v 88.10299683 26.03700256 136.46099854
v 88.29399872 28.67300224 136.80900574
v 89.68399811 30.33200264 135.13000488
v 62.56599808 19.67400169 159.14700317
v 66.10600281 23.87000084 157.13299561
v 63.92699814 21.78500175 158.29699707
v 64.65999603 22.95600128 157.90899658
v 63.63999939 20.75800133 159.13700867
v 70.62200165 26.37500191 154.53500366
v 68.29599762 25.42700195 156.34899902
v 77.91400146 25.86800194 146.73899841
v 76.55100250 27.80000305 148.35000610
v 74.09700012 26.84000206 150.62100220
v 75.22100067 28.56300163 149.84899902
v 73.21199799 26.80300140 151.61599731
v 72.06199646 27.26000214 153.17100525
v 82.66199493 22.98700142 141.93899536
v 80.11100006 24.69100189 144.70199585
v 58.77899933 16.73600197 162.40800476
v 61.67599869 18.55900192 161.24800110
v 54.61599731 14.70200157 165.71699524
v 49.99599838 13.89700127 168.75399780
v 52.50199890 14.19900131 168.39599609
v 56.77299881 15.75800228 164.05799866
v 54.63699722 14.76300144 164.16600037
v 34.08499908 20.54000092 167.90699768
v 35.86899948 20.09500122 170.94599915
v 34.80799866 20.48400116 170.42300415
v 33.75399780 21.20100212 169.81600952
v 39.04499817 17.14600182 170.23300171
v 38.48600006 18.22100258 170.94799805
v 36.77399826 18.75300217 170.40299988
v 40.13999939 16.67400169 170.33200073
v 42.42499924 15.52400208 170.22900391
v 41.94899750 16.22600174 170.81300354
v 41.09000015 17.95600128 171.03900146
v 43.49399948 15.38200092 170.48600769
v 48.27000046 14.27700138 170.10200500
v 47.08599854 14.92300224 170.74900818
v 44.62699890 15.39400196 170.83299255
v 46.38499832 16.74700165 171.30900574
v 91.53900146 34.70100021 115.57099915
v 92.54699707 33.60500336 116.50700378
v 92.57199860 33.51600266 120.56999969
v 90.94799805 35.40800095 122.28299713
v 90.16799927 36.26700211 124.60700226
v 89.05699921 37.41700363 125.63899994
v 87.45999908 38.85400009 125.62899780
v 85.95300293 40.35800171 128.21400452
v 83.88599396 42.19600296 127.76599884
v 81.96599579 43.78800201 128.17199707
v 76.89900208 47.24500275 125.60199738
v 80.75599670 44.97400284 131.50500488
v 79.29199982 46.11800003 133.47300720
v 79.57399750 46.07800293 135.91600037
v 79.12899780 46.65800095 137.46899414
v 78.89700317 47.14700317 138.49099731
v 77.55400085 47.84000015 138.16400146
v 53.52600098 53.12700272 157.81100464
v 56.21400070 52.48700333 157.44400024
v 55.59499741 52.51000214 157.68899536
v 54.63999939 52.79899979 157.67999268
v 57.53300095 51.70300293 157.60600281
v 65.41600037 50.43500137 154.16400146
v 67.14499664 50.72700119 152.36399841
v 61.44499969 49.24900055 157.53399658
v 59.47599792 50.57900238 157.68800354
v 58.94200134 51.02000046 157.56600952
v 60.41099930 49.97800064 157.60600281
v 64.15799713 49.03200150 156.32699585
v 62.53799820 48.30000305 157.54100037
v 63.86399841 50.26399994 155.54499817
v 51.34700012 53.68600082 158.33999634
v 51.13700104 54.22600174 160.07699585
v 49.37099838 54.44000244 162.11500549
v 51.63800049 53.97700119 158.82000732
v 69.51599884 49.27200317 151.25700378
v 69.83799744 51.19000244 149.32800293
v 72.81299591 50.74900055 146.44000244
v 75.54899597 48.65400314 144.95500183
v 78.93599701 47.47100067 140.27900696
v 77.43799591 48.63800049 139.78100586
v 78.67399597 46.49500275 142.31999207
v 78.09999847 48.03499985 139.33499146
v 70.83100128 51.76600266 147.74499512
v 33.12599945 22.75400162 170.47799683
v 33.30799866 25.30100250 171.18899536
v 35.29000092 24.04800224 171.19699097
v 35.69199753 27.42400169 171.05200195
v 35.21299744 30.75000191 171.16899109
v 35.25699997 33.01900101 171.31999207
v 34.76499939 35.66300201 171.11399841
v 35.02999878 37.30500031 171.09899902
v 35.61800003 39.68600082 171.04400635
v 36.89999771 41.55200195 171.15600586
v 35.53099823 43.59900284 171.03500366
v 39.13599777 49.75800323 171.00399780
v 41.17099762 50.94600296 170.87899780
v 42.93399811 51.20700073 170.97900391
v 47.66299820 54.66000366 166.36199951
v 47.36599731 54.56900406 168.88800049
v 45.67200089 53.90300369 169.87800598
v 45.04199982 49.60000229 170.92700195
v 46.95000076 53.12700272 170.73199463
v 47.31699753 51.24700165 170.90499878
v 48.83099747 54.72000122 167.69200134
v 50.70499802 54.53499985 165.41999817
v 50.93399811 54.31900024 163.24800110
v 37.51199722 44.24300003 170.96699524
v 39.40100098 45.18799973 171.08300781
v 41.01799774 47.28600311 170.94599915
v 93.23699951 32.38300323 123.23500061
v 92.22000122 30.63800240 130.02000427
v 92.52999878 31.84200096 127.95899963
v 92.78500366 32.62700272 125.32399750
v 84.72999573 24.11900139 140.10000610
v 86.66799927 26.41900253 138.45800781
v 85.84600067 24.12900162 138.81500244
v 91.54000092 29.79200172 131.80799866
v 90.89199829 32.14800262 132.56399536
v 86.32699585 28.50500107 139.28900146
v 88.43000031 31.63200188 137.07000732
v 89.55699921 32.74900055 135.08200073
v 65.33100128 24.01600266 157.80200195
v 66.29899597 25.21300316 158.19200134
v 65.57799530 22.81000137 159.92999268
v 64.61799622 21.48300171 161.63699341
v 71.57199860 28.72200203 154.17500305
v 68.97699738 27.75500107 156.58000183
v 66.81299591 26.74300194 157.71499634
v 79.45600128 27.55700111 145.81199646
v 78.17700195 29.44200134 147.14300537
v 77.19300079 30.19500160 148.12400818
v 76.21299744 29.46600151 148.97500610
v 73.81299591 28.21800232 151.32499695
v 74.35700226 30.48100090 151.16300964
v 82.53799438 25.77500153 142.79699707
v 81.72799683 27.88900185 143.91700745
v 58.92099762 16.70100212 165.24200439
v 60.87099838 17.75100327 163.77500916
v 63.09399796 19.52400208 164.73399353
v 55.51799774 14.97300148 167.13499451
v 54.52499771 14.66500187 167.57600403
v 49.39699936 14.35500240 170.28300476
v 50.24900055 14.24400139 170.00000000
v 51.81200027 14.82100201 170.57800293
v 50.86199951 14.62600231 170.45599365
v 52.49200058 14.47400284 169.86799622
v 53.05400085 14.80600262 170.21699524
v 54.14599991 14.57700157 168.92199707
v 57.24699783 15.58900261 167.79899597
v 35.06499863 22.13200188 171.16200256
v 37.66199875 22.52000237 171.21699524
v 38.54299927 20.33500099 171.35200500
v 33.83199692 21.85300255 170.53999329
v 41.07799911 19.45000076 171.77999878
v 44.15499878 16.77300262 171.23699951
v 44.57099915 18.86500168 171.28799438
v 48.64500046 15.54600143 171.08000183
v 49.31100082 16.94600105 171.19200134
v 47.90599823 19.71000290 171.16600037
v 91.57899475 34.57900238 125.07599640
v 89.82499695 36.62200165 127.25199890
v 87.82899475 38.69500351 127.89900208
v 87.50099945 39.08200073 130.63000488
v 86.66799927 39.93099976 132.18699646
v 84.44100189 41.80900192 130.33900452
v 82.53799438 43.45500183 130.67100525
v 81.75499725 44.20300293 132.80200195
v 80.97100067 45.25500107 136.64599609
v 80.18499756 46.22500229 138.53399658
v 52.76300049 53.99700165 159.42900085
v 54.44899750 53.66100311 160.15600586
v 55.93199921 53.05900192 159.09399414
v 57.07600021 52.41300201 158.68299866
v 58.42300034 51.92200089 159.04100037
v 68.15799713 48.28100204 153.34399414
v 65.39399719 48.11100006 156.02099609
v 61.88499832 49.43400192 158.73300171
v 60.20399857 51.04100037 159.92500305
v 63.59099960 47.20000076 157.55499268
v 65.00699615 47.26900101 156.79200745
v 64.04000092 47.29100037 158.73599243
v 53.26199722 53.88400269 161.41600037
v 71.19899750 46.67500305 151.29899597
v 71.47699738 49.37400055 149.17500305
v 69.62200165 46.39700317 153.14500427
v 73.26100159 49.08100128 147.39399719
v 76.39900208 46.79800034 145.48399353
v 73.89199829 47.46000290 147.97200012
v 81.24099731 44.64100266 139.61999512
v 81.00899506 43.55700302 141.77000427
v 79.03900146 44.50000000 143.88200378
v 37.25899887 26.01700211 171.19900513
v 38.27799988 27.49300194 172.21600342
v 37.10699844 29.86600113 172.31199646
v 38.12199783 28.69500160 173.15600586
v 36.93999863 30.67400169 172.44900513
v 36.32500076 34.08300018 172.27900696
v 36.54499817 32.37500000 172.39601135
v 36.50699997 36.00400162 172.34199524
v 36.69499969 37.25300217 172.30799866
v 36.79999924 38.45100021 172.03399658
v 37.23500061 39.47900009 172.07699585
v 37.65099716 40.16200256 172.17100525
v 38.71699905 42.54300308 171.72399902
v 38.60400009 41.20200348 172.64900208
v 42.77199936 48.70899963 170.91900635
v 47.39299774 54.12800217 169.90200806
v 49.24900055 54.58100128 169.35499573
v 47.58799744 49.10300064 170.97700500
v 45.74599838 47.30200195 171.60899353
v 48.83499908 53.05700302 170.80799866
v 49.38999939 50.80200195 170.94200134
v 51.42599869 54.52000046 166.85800171
v 50.40499878 54.38600159 169.67800903
v 52.16500092 54.19900131 165.26600647
v 53.35300064 53.88600159 162.91400146
v 52.37099838 54.09500122 164.20100403
v 39.44499969 42.99900055 171.97200012
v 40.71099854 44.30300140 171.97599792
v 41.61299896 45.22700119 171.72100830
v 42.83599854 45.78900146 171.98300171
v 44.46799850 46.77300262 171.74299622
v 91.55699921 32.79200363 130.20800781
v 91.22200012 34.63500214 128.35200500
v 84.72399902 25.50500107 140.46699524
v 84.98300171 27.26600075 140.58000183
v 90.34600067 34.90800095 131.47700500
v 89.16099548 35.60200119 134.04800415
v 84.37200165 30.10300255 141.66000366
v 86.92800140 31.70000076 138.98800659
v 88.66899872 34.96700287 135.76899719
v 87.34400177 34.27400208 138.35200500
v 66.81900024 24.86300278 161.16300964
v 67.94499969 27.44500160 160.03300476
v 65.69100189 23.03600311 162.88600159
v 64.88400269 21.50700188 164.24099731
v 70.68499756 29.77800179 155.38299561
v 72.66799927 32.75500107 153.54100037
v 67.13199615 27.44200134 157.91299438
v 67.46800232 28.53300095 157.82699585
v 69.20400238 30.36800194 156.80900574
v 80.12200165 31.20400238 145.64100647
v 77.74299622 32.10300064 147.76300049
v 76.77700043 31.16700172 148.63900757
v 75.42199707 32.36000061 150.18200684
v 83.89499664 28.38800240 141.93299866
v 82.32299805 30.72400093 143.72300720
v 59.18399811 16.62700272 167.83499146
v 61.14500046 17.84700203 167.18400574
v 65.27899933 21.86400223 167.89300537
v 63.81299973 20.17600250 168.47799683
v 53.41899872 16.63600159 171.15200806
v 53.86100006 15.33200264 170.51499939
v 54.58099747 15.16800213 170.11999512
v 56.06900024 16.26100159 170.72799683
v 56.95299911 16.39800072 170.52499390
v 58.54700089 16.44800186 169.50700378
v 40.41399765 22.66200256 171.39100647
v 39.63399887 24.32400131 171.75599670
v 41.22200012 21.21000099 171.22100830
v 43.72599792 20.64200211 171.33000183
v 46.39400101 21.59600067 172.26600647
v 51.12299728 18.74100304 171.14099121
v 47.87799835 21.41500092 171.87899780
v 48.96899796 21.59100151 172.15100098
v 51.30299759 20.80100250 171.50000000
v 89.18199921 37.19000244 130.28199768
v 88.31299591 37.73400116 132.95300293
v 87.36000061 38.11800003 135.56500244
v 85.34999847 41.20300293 133.60200500
v 83.76399994 42.61800003 133.59400940
v 82.52300262 43.83100128 136.00700378
v 56.03699875 53.18500137 161.63899231
v 58.81099701 51.99400330 162.10499573
v 66.54199982 46.71300125 155.99299622
v 68.29199982 45.69200134 154.98199463
v 63.76699829 47.93900299 160.59100342
v 62.28400040 49.52200317 163.48300171
v 64.19799805 46.38100052 157.62399292
v 65.60900116 44.52000046 157.64399719
v 66.84600067 45.37800217 156.45899963
v 65.01799774 45.38500214 158.01899719
v 65.57699585 45.70600128 159.74800110
v 54.26200104 53.69100189 163.07701111
v 71.87999725 43.87600327 152.08900452
v 74.61299896 45.26900101 148.55799866
v 70.06299591 44.22200012 153.93000793
v 77.19799805 43.73800278 146.69000244
v 82.83399963 42.38600159 139.83599854
v 80.69200134 41.59400177 143.95300293
v 81.75199890 42.00600052 142.25399780
v 79.14399719 42.39500046 145.27600098
v 39.39699936 25.85700226 172.25399780
v 39.06099701 26.90400124 172.40299988
v 37.26200104 31.27000237 173.48399353
v 38.11899948 30.08900070 176.15100098
v 39.81399918 26.53900146 173.66299438
v 39.31699753 28.01300240 175.30299377
v 37.20299911 32.41300201 174.46899414
v 37.07699966 35.71300125 174.21000671
v 37.88499832 38.88600159 174.01699829
v 41.05199814 43.39800262 174.27699280
v 40.06799698 43.16800308 172.52099609
v 50.83099747 52.79800034 170.84100342
v 47.06599808 47.57500076 171.60600281
v 48.36999893 47.51399994 171.83799744
v 50.02499771 47.79000092 171.56399536
v 51.56999969 50.12300110 170.89900208
v 46.41899872 46.34600067 173.34700012
v 52.47800064 54.23500061 166.15399170
v 52.96699905 54.31400299 167.92800903
v 51.28099823 54.23000336 169.74899292
v 52.13199997 54.37600327 168.90299988
v 52.98500061 53.98100281 164.60600281
v 53.89400101 54.05700302 166.52000427
v 53.84000015 53.81100082 164.05999756
v 43.07399750 45.12200165 173.23599243
v 43.96099854 46.22000122 172.14199829
v 43.64899826 45.58700180 172.90200806
v 44.72599792 45.53500366 174.81599426
v 85.79000092 32.82700348 140.37899780
v 83.30999756 31.28400230 142.84500122
v 87.39099884 36.02400208 137.52000427
v 86.18899536 37.33000183 138.85099792
v 85.40999603 35.37800217 140.69200134
v 66.78299713 24.96400261 164.70500183
v 67.31600189 26.02300072 162.91000366
v 68.40899658 28.27100182 163.20600891
v 68.37899780 29.62600136 158.90699768
v 68.85299683 30.66900253 161.17399597
v 66.01699829 23.13600159 166.11000061
v 70.63800049 30.81800270 155.61399841
v 73.58000183 36.44200134 152.35400391
v 72.31199646 35.25800323 153.98500061
v 70.08399963 32.35300064 156.38800049
v 70.41699982 33.44100189 156.11799622
v 70.44799805 34.90700150 156.11399841
v 67.95099640 30.24300194 157.81100464
v 68.15499878 31.23200226 157.79299927
v 68.37799835 32.47900009 157.69500732
v 79.49400330 33.43800354 146.28700256
v 81.32999420 34.26300049 144.74900818
v 76.43499756 35.08300018 149.14500427
v 78.13600159 34.55000305 147.49000549
v 75.01899719 36.80400085 150.58200073
v 82.97599792 33.19300079 143.25700378
v 60.55399704 17.60000229 169.26899719
v 62.05500031 18.95600128 169.75199890
v 67.00099945 24.62400246 167.32600403
v 64.19499969 21.53400230 170.18099976
v 65.33200073 23.14200211 170.29699707
v 66.86299896 24.60600090 169.29899597
v 62.69900131 19.70600128 170.00199890
v 63.65799713 20.81800079 170.12500000
v 55.30500031 15.81800175 170.61999512
v 55.81699753 18.54400063 171.17199707
v 53.17599869 18.78000259 171.09899902
v 57.80099869 17.18800163 170.81199646
v 58.84000015 17.85300064 170.83900452
v 60.16199875 18.25900269 170.48500061
v 59.43700027 17.80800056 170.50999451
v 42.02299881 24.03400230 173.02700806
v 43.45700073 22.58800125 172.36700439
v 42.54999924 23.12200165 172.39500427
v 40.07099915 25.65800285 172.94400024
v 40.81800079 24.60700226 172.59100342
v 44.82699966 22.05700111 172.36100769
v 46.29899979 22.50400162 174.01199341
v 47.92099762 22.34500122 173.85600281
v 49.44699860 21.74400139 172.50399780
v 50.03499985 22.33600235 174.09700012
v 50.52799988 21.56300163 172.33099365
v 54.82500076 20.60300255 171.08200073
v 52.19499969 21.49100113 171.91600037
v 85.56600189 40.01800156 137.15899658
v 84.53400421 41.74700165 136.08700562
v 83.86999512 41.85600281 138.22599792
v 56.83699799 53.06000137 163.59399414
v 55.47800064 53.54100037 164.01100159
v 59.52299881 51.81100082 164.47000122
v 67.86299896 43.47600174 156.47999573
v 67.55699921 44.85200119 156.16099548
v 64.84400177 46.71700287 162.72799683
v 62.99099731 49.09800339 166.14700317
v 61.58599854 50.48000336 166.77999878
v 63.70800018 48.04400253 164.88099670
v 66.26300049 43.49500275 157.63000488
v 66.56299591 43.83000183 159.05299377
v 66.67399597 43.98500061 161.23100281
v 71.91100311 40.62600327 153.42900085
v 74.13400269 42.25900269 150.24299622
v 77.04399872 41.44400024 147.60900879
v 68.77799988 42.37300110 156.18299866
v 84.27999878 39.61400223 140.37800598
v 82.83899689 39.48700333 142.51100159
v 81.08799744 38.78100204 144.60899353
v 78.97799683 39.57700348 146.30300903
v 37.50999832 33.00000000 176.61700439
v 38.38399887 30.96300125 178.85099792
v 39.20199966 28.87600136 177.54200745
v 40.90800095 25.40900230 174.27699280
v 40.06599808 26.63000298 174.96200562
v 40.14199829 27.05300140 176.57099915
v 40.14500046 27.46200180 177.59199524
v 37.34399796 35.15500259 175.93701172
v 37.79899979 37.25400162 176.58599854
v 38.79800034 40.02900314 176.35800171
v 43.31200027 44.74400330 175.73199463
v 43.22200012 44.92600250 174.60600281
v 40.08300018 41.54800034 177.69400024
v 42.04299927 43.50400162 177.37699890
v 53.32600021 52.48700333 170.78300476
v 52.81200027 53.73100281 170.06700134
v 48.85799789 46.68700027 173.53100586
v 49.14500046 47.50900269 171.91200256
v 51.53599930 47.46300125 171.70899963
v 51.69899750 46.55400085 172.99099731
v 52.86700058 48.57100296 170.96800232
v 54.39599991 49.74000168 170.90800476
v 47.13800049 46.11400223 175.61799622
v 55.04599762 53.71500015 169.20599365
v 55.00000000 53.77300262 165.24400330
v 55.08099747 53.80100250 166.94299316
v 44.39599991 44.94499969 177.27200317
v 45.70800018 45.35400391 177.75900269
v 84.48899841 33.45400238 141.79199219
v 84.86599731 37.41600037 140.78300476
v 83.25700378 36.00200272 142.98300171
v 68.12999725 27.20900154 165.57299805
v 68.86199951 29.22800255 167.05500793
v 69.23899841 31.46100235 165.09800720
v 68.71700287 32.04800034 158.79200745
v 69.30699921 32.98100281 163.32400513
v 69.17199707 32.80700302 162.05000305
v 69.05799866 32.78600311 160.53999329
v 75.09500122 39.54100037 149.98699951
v 71.57599640 37.37800217 154.64900208
v 68.43000031 33.90900040 157.58299255
v 69.86100006 35.92100143 156.56700134
v 68.80100250 33.30600357 158.72900391
v 79.23600006 36.24600220 146.45100403
v 82.37100220 34.89500046 143.82699585
v 80.95299530 36.74700165 144.97799683
v 82.08300018 36.63400269 144.01300049
v 77.69899750 36.86600113 147.76800537
v 83.39199829 34.04600143 142.88299561
v 60.83200073 18.80600166 170.52600098
v 61.32999802 19.54900169 170.75900269
v 67.99399567 26.68600082 168.18600464
v 62.87799835 21.36300278 170.88800049
v 64.47200012 22.42600250 170.54399109
v 63.40299988 24.11600113 171.04800415
v 65.41200256 24.11700058 170.64900208
v 65.96399689 24.71000099 170.48899841
v 66.62100220 25.21800232 170.15299988
v 67.01000214 26.33100128 170.30499268
v 62.71099854 20.32700157 170.46400452
v 58.03199768 21.36900139 171.08399963
v 59.34600067 19.52300262 171.09800720
v 43.79699707 23.19700241 173.58599854
v 42.72000122 24.31900215 175.60000610
v 45.32299805 23.14500046 176.26499939
v 47.38699722 22.86700249 176.89801025
v 50.17699814 22.67900276 175.69700623
v 52.04100037 22.49200249 173.80499268
v 53.79000092 21.93400192 171.87800598
v 55.44099808 22.47600174 171.66900635
v 54.07699966 23.02500153 173.20500183
v 57.19899750 53.04600143 165.86599731
v 59.12899780 52.14400101 167.06900024
v 66.94999695 41.73800278 157.68400574
v 67.66500092 40.96100235 157.32800293
v 66.58799744 42.57300186 157.78900146
v 66.55999756 44.69300079 163.94999695
v 65.10199738 46.87300110 165.97300720
v 63.91600037 48.40000153 168.33700562
v 60.24900055 51.24100113 169.15199280
v 62.27399826 49.71100235 169.32099915
v 67.08000183 42.44000244 158.71800232
v 67.51499939 41.93500137 159.76699829
v 67.80400085 41.37100220 160.68099976
v 67.86799622 41.43500137 161.70799255
v 67.33599854 42.84300232 162.75900269
v 69.29799652 38.98700333 156.60800171
v 69.54199982 39.94300079 156.21800232
v 69.29599762 40.99700165 156.16700745
v 79.84600067 38.15900040 145.76800537
v 79.17600250 38.20200348 146.31799316
v 37.69799805 34.42600250 178.20999146
v 38.11800003 33.64400101 180.08200073
v 38.98099899 31.15700150 181.99099731
v 39.51799774 29.18100166 179.45799255
v 40.02099991 27.82800102 178.09800720
v 39.93899918 28.19100189 178.68200684
v 40.94300079 25.84700203 176.30500793
v 41.25199890 26.14200211 178.24200439
v 38.17399979 36.65000153 179.20300293
v 38.60799789 38.51500320 178.49899292
v 43.61199951 44.60100174 177.12400818
v 39.20299911 38.76300049 180.82800293
v 40.53599930 41.42800140 179.75900269
v 42.28400040 42.95400238 180.60400391
v 43.75600052 44.26300049 178.92199707
v 55.10400009 52.64200211 170.53500366
v 54.13800049 53.36600113 170.11500549
v 51.06900024 46.08400345 176.09700012
v 53.31599808 47.17200089 171.53999329
v 54.13199997 46.35400009 172.05599976
v 54.80899811 45.08500290 174.38999939
v 53.30999756 45.66300201 174.91600037
v 54.69699860 46.99100113 171.28799438
v 56.54899979 48.39400101 170.86700439
v 56.58599854 52.14200211 170.51400757
v 48.65599823 45.77200317 178.27500916
v 56.60899734 53.28400421 168.15400696
v 44.09399796 44.16000366 180.13600159
v 46.62400055 45.16700363 180.13099670
v 68.14900208 27.85400200 169.51499939
v 68.29000092 28.95300102 169.82299805
v 68.43199921 30.06100273 170.15000916
v 69.26699829 31.32300186 167.96200562
v 69.38299561 33.14700317 164.55099487
v 69.38299561 32.78600311 166.44999695
v 69.44599915 33.49500275 165.34999084
v 69.12200165 34.48500061 161.81300354
v 69.04000092 36.40400314 164.56799316
v 69.50000000 36.87100220 156.75799561
v 69.51999664 37.90100098 156.63699341
v 68.40899658 35.63600159 157.72500610
v 68.92299652 35.20600128 158.98800659
v 60.98999786 21.08200264 171.08900452
v 67.58499908 27.17900276 170.03100586
v 61.11100006 24.31700134 171.07499695
v 63.28400040 26.94700241 171.04699707
v 64.95700073 26.34700203 171.02699280
v 66.75399780 27.26800156 170.74499512
v 56.74399948 23.17500114 171.57099915
v 59.25799942 23.95300102 171.14999390
v 43.22200012 24.63800240 178.09100342
v 44.73899841 24.44300079 180.00900269
v 47.02799988 23.46000099 179.56300354
v 48.66299820 23.31500244 179.44799805
v 50.09199905 23.13800240 177.77200317
v 52.12599945 22.96600151 176.30999756
v 55.74200058 24.05100250 173.65699768
v 54.11899948 23.72600174 176.56199646
v 58.23799896 52.09800339 169.82699585
v 67.47899628 40.35400009 157.72799683
v 67.06399536 41.94300079 158.25500488
v 67.86199951 38.88500214 157.63400269
v 66.49700165 44.98000336 166.46400452
v 67.64199829 42.65400314 164.66299438
v 67.71299744 42.64100266 166.21400452
v 65.76999664 46.02600098 168.35499573
v 63.90499878 47.41100311 170.11700439
v 63.67399979 48.25800323 169.48699951
v 64.70299530 47.11400223 169.33000183
v 62.60499954 48.65300369 170.18800354
v 58.97299957 51.40500259 170.09899902
v 59.54499817 50.71500397 170.35499573
v 60.96500015 50.10600281 170.11100769
v 61.47100067 48.97700119 170.60400391
v 67.78700256 41.12700272 159.16200256
v 68.10800171 40.54200363 160.54400635
v 68.48200226 39.66400146 162.61799622
v 67.94699860 41.46400070 162.83000183
v 67.97399902 41.71900177 163.78599548
v 68.17299652 37.18000031 157.79100037
v 38.52499771 34.43500137 182.39799500
v 39.02000046 33.51200104 184.19200134
v 39.44499969 31.45800209 184.39900208
v 39.94400024 28.25300217 180.67500305
v 40.31100082 29.13800240 183.60400391
v 40.44300079 28.19200134 182.53199768
v 40.20399857 27.89700127 179.67199707
v 41.58200073 26.33500099 180.22099304
v 39.17900085 37.74700165 182.57600403
v 40.21299744 39.74900055 182.92900085
v 41.37799835 41.50700378 182.58300781
v 43.76900101 43.25699997 183.53799438
v 43.63100052 43.70200348 181.33999634
v 53.93099976 44.98600388 177.13299561
v 51.62699890 45.25700378 179.22799683
v 56.07899857 45.15000153 172.29399109
v 55.69799805 45.90800095 171.74800110
v 56.19099808 44.75200272 172.78399658
v 56.72699738 44.01500320 173.83399963
v 56.27000046 43.79200363 176.12899780
v 56.00799942 44.26000214 174.88099670
v 56.34700012 46.61800003 171.08999634
v 57.79499817 50.99500275 170.73699951
v 58.37400055 45.88899994 170.94700623
v 59.44999695 48.67600250 170.89799500
v 50.06100082 45.42100143 180.94200134
v 44.77899933 43.92300034 182.90600586
v 47.33799744 44.83900070 182.61599731
v 67.64299774 28.93800163 170.54100037
v 69.06700134 31.21600151 169.24099731
v 67.08100128 30.98900223 170.91200256
v 68.29299927 30.91200256 170.36399841
v 69.44599915 32.88600159 167.97399902
v 69.19100189 32.42600250 169.25599670
v 69.46699524 34.83000183 167.19700623
v 68.93699646 36.74100113 162.21600342
v 69.15299988 37.21600342 166.48800659
v 68.74499512 39.67500305 166.08100891
v 68.74199677 37.51500320 159.13999939
v 61.40100098 26.64000130 171.11300659
v 62.33399963 29.07000160 171.17199707
v 65.32900238 29.10000229 171.05101013
v 57.83800125 24.26400185 171.75199890
v 57.19899750 24.84800148 172.80799866
v 58.85599899 25.47400093 171.86900330
v 60.36199951 26.95800209 171.66999817
v 45.95299911 24.23100090 181.89599609
v 43.54599762 25.56100273 181.65899658
v 48.01699829 22.99700165 181.80599976
v 50.34899902 23.65200233 180.25399780
v 51.79800034 23.39300156 178.86700439
v 56.44699860 25.02100182 175.83099365
v 53.16799927 24.15300179 180.22300720
v 55.06599808 24.53000259 177.93600464
v 68.33100128 39.12200165 158.85800171
v 67.37500000 43.34300232 168.01800537
v 66.42700195 44.69000244 169.25799561
v 68.15100098 41.54400253 167.11500549
v 65.47499847 45.90000153 169.55900574
v 61.49599838 46.22900391 170.89500427
v 64.26899719 46.27700043 170.48699951
v 62.77799988 47.65700150 170.63299561
v 39.24399948 35.14800262 185.37500000
v 39.44799805 37.19800186 184.52000427
v 39.46099854 33.76800156 186.55200195
v 39.91899872 31.84900284 187.20800781
v 40.64899826 29.13500214 184.94400024
v 40.40900040 29.99900246 186.00399780
v 40.20999908 26.84700203 181.36799622
v 41.12599945 28.10700226 183.92500305
v 41.96500015 26.92800140 183.00300598
v 41.92200089 41.30000305 185.18099976
v 40.86299896 39.67700195 185.94299316
v 46.20399857 44.03400040 185.14399719
v 44.04999924 43.06300354 185.04899597
v 55.81699753 43.83100128 177.44799805
v 54.64500046 44.19600296 179.09899902
v 53.38299942 44.71599960 179.49200439
v 51.50699997 46.14700317 181.64799500
v 53.92300034 45.85200119 180.90599060
v 57.53799820 44.11800385 172.24099731
v 57.29800034 45.16400146 171.53800964
v 57.17599869 43.25699997 175.33599854
v 58.99900055 42.10400009 172.71000671
v 57.21699905 42.68600082 177.52799988
v 58.70100021 43.84900284 171.62899780
v 60.06999969 44.25900269 170.96600342
v 50.10499954 44.72200012 183.63899231
v 68.11599731 31.94600105 170.63900757
v 64.56700134 31.06300163 170.98200989
v 67.12100220 33.31000137 170.91400146
v 64.97799683 33.06300354 170.95700073
v 69.48200226 33.88000107 168.67999268
v 69.40100098 33.97400284 169.17800903
v 68.50000000 32.68400192 170.43299866
v 69.18699646 34.72400284 169.79400635
v 69.30400085 37.16400146 168.57800293
v 68.79299927 39.08100128 169.29299927
v 68.27100372 41.21700287 168.11599731
v 61.02299881 28.25200272 171.69500732
v 61.49300003 29.66300201 171.82200623
v 61.94899750 30.87600136 171.75599670
v 58.65200043 26.71100235 173.64100647
v 59.79499817 28.23900223 173.17500305
v 44.20399857 25.58300209 184.11700439
v 45.75299835 25.04200172 185.01400757
v 48.65100098 24.17200089 183.83799744
v 50.98699951 23.95000267 182.26600647
v 58.66499710 27.22900200 175.67500305
v 57.21699905 26.11000252 177.53100586
v 55.17099762 25.10300255 180.07400513
v 53.97900009 25.16300201 183.30700684
v 67.94699860 41.89700317 168.99099731
v 67.12200165 43.51900101 169.11500549
v 65.28099823 44.89100266 170.40800476
v 66.52899933 43.36500168 170.18000793
v 63.30099869 44.38300323 170.92500305
v 40.13299942 37.70700073 187.10400391
v 39.82199860 35.69100189 188.00000000
v 40.04700089 34.77200317 189.71400452
v 41.14199829 29.94300270 188.99600220
v 40.88499832 32.01400375 190.52600098
v 41.00799942 28.94400215 185.98500061
v 41.18000031 29.14300156 187.28900146
v 42.07199860 27.63800049 185.99400330
v 43.63699722 26.43500137 186.49899292
v 44.17099762 42.76400375 186.76899719
v 41.92300034 40.61100006 187.60200500
v 46.90800095 43.80400085 187.25700378
v 49.11800003 44.25900269 186.38299561
v 55.39199829 43.70100021 179.28700256
v 53.10199738 45.54500198 182.48300171
v 52.27499771 44.23500061 183.98400879
v 56.20999908 44.83300018 181.22200012
v 55.13199997 45.28600311 181.88699341
v 54.07399750 45.54800034 182.16101074
v 59.39299774 40.64000320 175.62500000
v 60.28899765 40.09700012 172.85200500
v 61.26799774 40.55000305 171.49899292
v 60.78599930 41.63800049 171.35400391
v 60.17399979 42.35300064 171.49000549
v 58.96999741 40.28300095 178.19000244
v 57.39500046 41.99000168 179.27999878
v 56.49399948 43.11100006 180.22599792
v 61.60099792 42.70500183 170.90299988
v 51.39999771 43.90000153 187.05900574
v 68.26100159 33.42800140 170.70500183
v 62.66399765 31.83500099 171.38999939
v 66.02199554 34.40200043 170.94799805
v 67.19300079 34.51500320 170.90699768
v 68.36299896 34.91000366 170.56300354
v 62.93899918 33.66800308 171.34399414
v 65.27400208 35.48800278 170.94999695
v 68.28699493 36.35000229 170.57099915
v 68.26399994 37.56700134 170.45800781
v 67.63199615 38.68000031 170.68199158
v 68.19799805 40.01400375 169.91799927
v 61.12099838 31.08600235 173.04499817
v 62.16899872 31.72700119 171.74000549
v 61.61499786 31.74200249 172.38700867
v 60.14799881 29.77600098 175.37599182
v 45.81099701 25.53400230 187.62100220
v 47.87500000 24.68000221 186.02200317
v 52.02600098 24.66700172 184.39900208
v 50.63499832 24.74900055 186.55000305
v 58.68099976 27.79700089 177.29899597
v 58.70299911 28.52800179 179.49400330
v 57.00899887 26.48700142 179.56300354
v 55.79599762 26.15400124 182.68200684
v 54.97800064 26.35300064 185.90000916
v 66.92499542 41.98100281 170.36099243
v 67.48400116 40.61000061 170.33799744
v 64.78499603 42.70200348 170.93600464
v 40.84099960 37.80500031 189.93699646
v 41.80500031 39.63500214 189.88000488
v 41.23299789 33.46100235 191.02899170
v 41.32600021 35.07200241 191.08900452
v 41.40999985 36.33900070 191.00799561
v 41.40799713 29.20100212 188.39399719
v 41.63599777 30.82600212 190.69299316
v 41.47200012 30.26300240 190.08399963
v 42.39400101 28.80600166 190.18000793
v 42.50600052 31.86200142 191.36399841
v 42.70199966 27.67200279 188.63900757
v 43.19499969 41.42000198 189.44100952
v 44.69300079 42.71700287 188.22500610
v 46.42499924 43.12600327 189.72799683
v 49.21699905 43.80900192 189.11999512
v 55.72399902 43.60800171 180.04199219
v 54.42399979 44.11400223 183.14199829
v 53.75000000 43.51000214 184.55799866
v 55.57899857 44.39800262 182.39700317
v 57.61100006 43.37900162 181.40199280
v 60.84600067 36.48700333 175.90399170
v 61.13499832 37.44000244 173.06500244
v 60.00399780 38.21500015 177.89300537
v 61.88599777 39.00500107 171.52900696
v 63.39399719 40.04400253 170.89300537
v 59.17599869 38.99300003 180.34300232
v 58.16999817 40.35500336 181.63900757
v 57.59399796 42.11900330 180.57600403
v 54.25600052 42.77200317 186.92300415
v 53.04499817 42.98700333 188.99699402
v 61.70499802 32.88800049 172.48699951
v 62.44199753 32.82000351 171.64900208
v 67.43299866 36.74500275 170.89599609
v 63.78300095 35.60800171 171.05000305
v 62.52999878 34.53500366 171.64900208
v 64.18799591 37.37800217 170.89700317
v 65.56199646 38.76300049 170.92599487
v 66.23200226 41.04500198 170.81600952
v 61.25199890 32.15800095 173.48199463
v 60.93000031 31.65300179 174.52499390
v 60.61000061 31.39100266 176.06900024
v 60.23999786 31.67100143 178.21600342
v 44.77399826 26.41600227 189.39399719
v 48.60400009 24.99800110 188.35499573
v 46.49599838 26.37600136 190.72000122
v 53.40200043 25.95600128 187.86700439
v 51.56900024 25.86300278 190.19099426
v 59.96799850 32.17000198 180.09599304
v 58.00000000 28.83400154 183.25000000
v 59.27799988 30.80800247 181.73300171
v 56.79399872 27.68400192 184.43000793
v 56.08200073 27.88500214 187.76699829
v 42.07999802 37.26300049 191.18499756
v 42.18899918 38.48200226 190.95100403
v 43.31999969 39.85000229 191.00099182
v 43.09799957 34.27900314 191.33200073
v 42.08699799 36.04800034 191.31100464
v 42.86499786 29.81300163 191.05599976
v 43.85899734 28.26500130 191.01399231
v 44.45199966 31.63800240 191.19700623
v 44.30699921 40.58300018 191.12899780
v 44.73899841 42.49300385 189.18699646
v 44.45499802 41.36400223 190.65499878
v 45.16699982 42.21300125 190.25300598
v 46.48699951 41.56300354 191.21900940
v 48.80299759 42.57600021 190.95800781
v 50.71299744 42.72900009 190.87400818
v 55.19599915 43.15800095 183.60699463
v 55.08499908 42.61700058 185.03100586
v 57.17300034 42.36100006 182.41300964
v 61.64099884 35.09200287 172.83799744
v 61.09000015 33.90300369 175.31599426
v 60.61000061 34.80000305 178.13700867
v 62.61199951 36.13500214 171.54499817
v 62.32699966 37.93100357 171.44200134
v 59.77599716 36.74800110 181.09100342
v 58.92799759 37.88500214 183.70300293
v 57.36999893 40.40000153 184.80700684
v 56.17900085 42.36700058 183.60800171
v 56.01900101 41.57100296 186.07699585
v 54.49399948 42.40200043 187.85200500
v 52.62599945 42.18400192 190.67900085
v 54.61700058 42.03000259 189.05700684
v 53.99200058 41.86800003 190.23300171
v 53.54100037 42.27700043 190.01899719
v 60.80199814 32.31500244 176.00999451
v 60.67099762 32.89400101 177.21800232
v 60.22200012 32.43200302 179.10700989
v 45.07399750 27.59300232 191.05599976
v 49.04199982 25.54800224 190.15899658
v 48.28099823 26.51800156 191.04299927
v 47.34000015 27.16600227 191.29299927
v 46.79599762 28.38200188 191.40800476
v 54.18399811 26.71400261 189.45599365
v 50.28799820 26.71600151 191.19700623
v 51.46699905 27.08100128 191.17700195
v 52.41899872 27.31300163 191.10099792
v 59.68799973 32.31400299 181.75500488
v 60.06100082 34.18900299 181.00700378
v 58.54599762 30.62500191 184.67500305
v 59.53300095 32.70300293 182.85000610
v 57.68999863 30.01200104 187.44400024
v 56.91199875 29.23800278 188.85800171
v 43.98899841 38.32300186 191.36700439
v 46.44599915 33.22600174 189.85900879
v 45.36599731 35.81800079 190.34899902
v 45.47699738 30.08800125 191.29499817
v 46.61899948 39.77900314 191.20899963
v 49.39399719 40.87100220 191.26699829
v 52.40999985 40.84900284 191.27400208
v 59.39500046 34.40800095 184.35600281
v 59.02600098 36.18100357 185.57400513
v 58.21199799 38.55100250 185.78700256
v 57.48699951 39.24800110 187.80400085
v 55.38700104 41.62700272 188.36000061
v 56.45399857 40.00100327 189.66101074
v 54.93499756 40.81800079 190.62899780
v 54.05799866 40.88300323 190.97299194
v 49.07399750 26.86600113 191.26100159
v 48.50600052 28.65900230 191.26400757
v 47.59099960 30.80900192 190.34600830
v 55.52599716 28.41500282 190.38600159
v 53.48299789 27.98700142 191.13999939
v 51.57899857 28.28000069 191.37001038
v 50.45599747 29.78600121 190.83000183
v 59.05299759 32.40900040 184.82099915
v 59.33399963 32.59200287 183.64399719
v 58.53499985 31.67100143 186.34399414
v 58.03499985 31.75400162 189.07499695
v 57.39400101 31.62800217 190.48300171
v 55.87199783 29.71500206 190.96200562
v 46.31200027 37.89100266 190.50700378
v 48.15599823 35.60800171 189.47200012
v 49.66299820 32.60500336 189.52301025
v 49.00899887 37.93400192 189.96299744
v 50.84499741 38.59000015 190.48100281
v 53.35300064 39.23900223 191.26400757
v 58.86499786 32.55600357 185.89500427
v 58.86899948 33.36200333 186.79200745
v 58.58099747 36.14599991 187.91000366
v 57.77799988 37.57000351 189.66999817
v 55.25299835 39.72900009 190.97299194
v 56.06100082 39.02100372 190.79800415
v 54.46899796 28.73400116 191.12699890
v 52.89899826 30.15300179 191.22500610
v 51.24900055 32.15400314 189.89599609
v 58.52700043 32.78499985 187.94200134
v 58.52199936 33.77600098 188.74899292
v 57.87699890 32.52900314 190.07000732
v 56.30599976 30.88000107 191.09500122
v 57.01699829 33.15299988 191.00900269
v 55.17300034 33.19200134 191.31599426
v 54.43600082 31.22200203 191.32699585
v 51.16199875 35.03300095 189.55899048
v 52.90800095 36.35900116 190.34199524
v 53.87599945 37.40900040 191.04100037
v 55.85899734 38.47200012 191.06999207
v 58.17699814 34.54600143 190.06100464
v 56.50199890 37.51200104 191.00799561
v 57.20199966 36.04800034 190.89601135
v 53.35699844 33.65600204 190.34199524
v 56.71400070 34.80000305 191.30101013
v 55.88700104 36.16900253 191.36300659
f 1 2 3
f 3 4 1
f 3 2 5
f 3 6 4
f 6 3 5
f 1 7 8
f 2 1 8
f 4 7 1
f 2 9 10
f 5 2 11
f 2 10 11
f 2 8 9
f 7 4 12
f 13 12 4
f 13 4 6
f 5 11 14
f 14 15 5
f 16 5 15
f 17 5 16
f 5 17 18
f 5 18 6
f 6 18 19
f 19 13 6
f 8 7 20
f 7 21 20
f 7 22 21
f 7 12 22
f 8 23 9
f 8 20 24
f 8 24 23
f 23 25 9
f 10 9 25
f 25 11 10
f 14 11 25
f 13 26 12
f 22 12 27
f 28 27 12
f 28 12 26
f 29 13 19
f 29 26 13
f 14 25 30
f 15 14 30
f 30 31 15
f 15 31 16
f 31 32 16
f 32 33 16
f 17 16 33
f 34 17 33
f 34 18 17
f 19 18 34
f 34 35 19
f 36 19 35
f 36 29 19
f 20 21 37
f 20 37 38
f 24 20 38
f 21 39 40
f 37 21 40
f 41 39 21
f 22 41 21
f 41 22 42
f 22 43 42
f 27 43 22
f 23 44 45
f 25 23 45
f 23 24 44
f 38 44 24
f 25 45 46
f 25 46 30
f 47 28 26
f 48 47 26
f 49 26 29
f 26 49 48
f 50 43 27
f 51 50 27
f 27 28 51
f 28 52 51
f 53 52 28
f 53 28 47
f 54 49 29
f 55 29 36
f 29 55 54
f 30 32 31
f 30 46 56
f 57 30 56
f 57 32 30
f 32 57 33
f 57 58 33
f 33 58 59
f 33 60 34
f 59 60 33
f 35 34 60
f 60 61 35
f 62 35 61
f 62 36 35
f 63 55 36
f 36 62 63
f 37 40 64
f 38 37 64
f 45 38 64
f 44 38 45
f 41 65 39
f 39 66 67
f 39 68 66
f 68 39 65
f 40 39 67
f 40 67 64
f 65 41 42
f 69 65 42
f 43 69 42
f 43 70 69
f 70 43 71
f 43 72 71
f 72 43 50
f 73 45 74
f 75 45 73
f 45 64 74
f 45 75 46
f 75 76 46
f 76 56 46
f 77 47 48
f 77 53 47
f 78 77 48
f 49 78 48
f 49 54 78
f 79 72 50
f 80 79 50
f 51 80 50
f 81 80 51
f 52 81 51
f 52 53 82
f 82 83 52
f 52 83 81
f 77 82 53
f 84 54 55
f 85 78 54
f 54 84 85
f 86 55 63
f 86 84 55
f 56 76 87
f 88 56 87
f 56 89 57
f 90 56 88
f 89 56 90
f 58 57 89
f 89 91 58
f 58 91 59
f 92 61 59
f 61 60 59
f 93 59 91
f 92 59 93
f 94 61 92
f 61 94 62
f 63 62 95
f 96 62 94
f 96 95 62
f 63 95 86
f 74 64 97
f 64 67 97
f 98 99 65
f 65 69 98
f 65 99 100
f 68 65 100
f 66 68 101
f 66 101 67
f 67 101 97
f 68 100 102
f 101 68 102
f 69 103 98
f 103 69 70
f 70 104 103
f 104 70 71
f 71 105 104
f 71 106 105
f 72 106 71
f 106 72 107
f 79 107 72
f 74 108 73
f 109 73 108
f 75 73 109
f 74 97 110
f 111 74 110
f 108 74 111
f 75 109 76
f 76 109 112
f 76 112 113
f 114 76 113
f 87 76 114
f 115 82 77
f 116 77 117
f 116 115 77
f 77 78 117
f 85 117 78
f 79 118 107
f 119 118 79
f 120 79 80
f 120 119 79
f 81 120 80
f 83 120 81
f 82 115 121
f 121 83 82
f 121 120 83
f 122 85 84
f 84 123 122
f 123 84 86
f 124 116 85
f 116 117 85
f 122 124 85
f 86 125 123
f 86 95 125
f 126 87 114
f 87 126 88
f 90 88 126
f 127 89 90
f 89 93 91
f 127 93 89
f 128 90 126
f 127 90 128
f 129 92 93
f 94 92 129
f 93 127 130
f 131 93 130
f 129 93 131
f 132 94 129
f 132 96 94
f 133 95 134
f 125 95 133
f 95 96 134
f 135 96 132
f 135 136 96
f 96 136 134
f 97 137 138
f 97 138 110
f 97 101 137
f 98 139 99
f 98 140 139
f 103 140 98
f 99 139 141
f 99 141 142
f 100 99 142
f 102 100 142
f 101 102 137
f 102 143 137
f 102 144 143
f 102 142 144
f 103 145 140
f 104 145 103
f 104 146 145
f 105 146 104
f 105 147 146
f 148 147 105
f 106 148 105
f 149 148 106
f 107 149 106
f 107 150 149
f 118 150 107
f 111 151 108
f 108 151 112
f 109 108 112
f 110 138 152
f 153 110 152
f 111 110 153
f 154 111 153
f 151 111 154
f 112 154 155
f 151 154 112
f 112 155 156
f 156 113 112
f 113 156 157
f 113 157 158
f 114 113 158
f 158 159 114
f 114 159 126
f 160 121 115
f 161 115 116
f 160 115 161
f 162 161 116
f 124 162 116
f 118 163 150
f 164 163 118
f 119 164 118
f 165 164 119
f 119 166 165
f 166 119 120
f 120 121 167
f 167 166 120
f 160 168 121
f 169 121 168
f 169 167 121
f 122 123 170
f 124 122 162
f 171 162 122
f 171 122 170
f 172 123 125
f 123 172 170
f 133 172 125
f 126 159 173
f 126 173 128
f 127 128 174
f 174 175 127
f 130 127 175
f 174 128 173
f 176 129 177
f 129 131 177
f 178 129 176
f 179 129 178
f 132 129 179
f 180 130 175
f 131 130 177
f 177 130 180
f 132 179 135
f 134 181 133
f 133 181 182
f 183 172 133
f 184 133 182
f 184 183 133
f 181 134 185
f 185 134 136
f 135 179 178
f 186 135 178
f 186 136 135
f 187 136 186
f 187 188 136
f 188 185 136
f 138 137 189
f 137 143 189
f 138 189 190
f 190 191 138
f 138 191 152
f 192 139 193
f 141 139 192
f 139 140 193
f 140 194 193
f 140 195 194
f 196 195 140
f 145 196 140
f 141 192 144
f 142 141 144
f 197 143 198
f 144 198 143
f 197 199 143
f 189 143 199
f 144 200 198
f 192 200 144
f 196 145 201
f 201 145 202
f 146 202 145
f 203 202 146
f 147 203 146
f 203 147 204
f 204 147 148
f 148 205 204
f 148 206 205
f 149 206 148
f 149 150 206
f 206 150 163
f 152 191 207
f 153 152 207
f 208 153 207
f 154 153 208
f 155 154 208
f 155 208 209
f 155 209 156
f 209 210 156
f 157 156 210
f 157 210 211
f 211 212 157
f 158 157 212
f 158 212 213
f 159 158 213
f 213 214 159
f 159 214 215
f 159 215 173
f 160 161 216
f 216 168 160
f 217 216 161
f 218 161 162
f 218 217 161
f 171 218 162
f 163 219 206
f 163 220 219
f 163 221 220
f 221 163 222
f 164 222 163
f 222 164 223
f 164 224 223
f 225 224 164
f 165 225 164
f 165 226 225
f 165 166 226
f 166 227 226
f 166 167 228
f 228 227 166
f 169 228 167
f 229 169 168
f 229 168 216
f 229 230 169
f 231 169 230
f 228 169 231
f 232 170 172
f 232 233 170
f 233 234 170
f 171 170 234
f 235 218 171
f 236 235 171
f 171 234 236
f 232 172 183
f 173 215 237
f 173 237 174
f 237 238 174
f 175 174 238
f 180 175 238
f 176 180 239
f 177 180 176
f 239 178 176
f 240 178 239
f 186 178 240
f 241 239 180
f 238 242 180
f 242 241 180
f 182 181 185
f 243 182 185
f 243 244 182
f 244 184 182
f 232 183 245
f 246 183 184
f 246 245 183
f 184 247 246
f 247 184 244
f 248 185 188
f 248 243 185
f 240 249 186
f 250 186 249
f 187 186 250
f 187 250 251
f 252 188 187
f 251 252 187
f 188 252 248
f 189 199 253
f 190 189 253
f 254 190 253
f 190 254 255
f 191 190 255
f 191 255 256
f 207 191 256
f 192 257 200
f 257 192 193
f 258 257 193
f 258 193 259
f 194 259 193
f 260 259 194
f 260 194 261
f 195 261 194
f 195 262 261
f 195 196 262
f 201 262 196
f 197 263 264
f 197 264 265
f 266 197 265
f 267 268 197
f 198 267 197
f 197 268 263
f 266 199 197
f 200 267 198
f 266 269 199
f 269 254 199
f 253 199 254
f 200 257 267
f 202 262 201
f 202 270 262
f 270 202 203
f 203 271 270
f 204 271 203
f 271 204 205
f 272 271 205
f 219 272 205
f 206 219 205
f 207 256 273
f 207 273 209
f 209 208 207
f 209 273 274
f 209 274 275
f 210 209 275
f 211 210 275
f 211 276 277
f 276 211 275
f 278 211 277
f 211 278 279
f 211 279 212
f 214 213 212
f 212 279 280
f 280 281 212
f 214 212 281
f 282 214 281
f 282 283 214
f 214 283 215
f 237 215 283
f 229 216 284
f 285 216 217
f 285 284 216
f 286 217 218
f 217 286 285
f 218 235 286
f 272 219 287
f 220 287 219
f 287 220 221
f 221 288 287
f 289 288 221
f 222 289 221
f 223 289 222
f 290 289 223
f 224 290 223
f 224 291 290
f 225 291 224
f 225 292 291
f 293 292 225
f 294 293 225
f 294 225 226
f 295 294 226
f 227 295 226
f 296 295 227
f 297 227 228
f 297 296 227
f 228 231 297
f 284 230 229
f 230 298 231
f 299 298 230
f 230 300 299
f 300 230 284
f 298 301 231
f 301 297 231
f 232 245 233
f 234 233 236
f 302 236 233
f 233 245 302
f 303 235 236
f 235 303 286
f 304 303 236
f 236 305 304
f 302 305 236
f 306 237 283
f 238 237 307
f 306 307 237
f 242 238 307
f 308 239 241
f 240 239 308
f 309 240 308
f 240 309 310
f 310 249 240
f 309 308 241
f 311 241 242
f 241 312 309
f 312 241 311
f 313 242 307
f 311 242 313
f 314 243 248
f 243 314 244
f 315 247 244
f 315 244 314
f 316 302 245
f 317 316 245
f 245 246 317
f 318 246 247
f 317 246 318
f 319 318 247
f 247 320 319
f 320 247 315
f 321 248 252
f 322 248 321
f 248 322 314
f 249 310 323
f 324 249 323
f 250 249 324
f 325 250 324
f 325 251 250
f 326 251 327
f 251 326 321
f 321 252 251
f 327 251 325
f 254 269 328
f 254 328 255
f 329 330 255
f 255 328 329
f 256 255 330
f 256 330 274
f 273 256 274
f 257 258 331
f 257 331 267
f 332 258 333
f 259 333 258
f 258 332 331
f 259 334 333
f 260 334 259
f 260 335 334
f 335 260 261
f 336 335 261
f 262 336 261
f 262 337 336
f 270 337 262
f 264 263 338
f 268 339 263
f 263 340 338
f 263 339 340
f 264 338 341
f 264 342 265
f 264 341 342
f 266 265 342
f 269 266 342
f 331 343 267
f 343 268 267
f 268 344 339
f 345 344 268
f 268 343 345
f 269 342 346
f 346 347 269
f 347 328 269
f 348 337 270
f 271 348 270
f 272 348 271
f 348 272 349
f 350 349 272
f 350 272 351
f 287 351 272
f 352 274 330
f 353 274 352
f 275 274 353
f 275 353 276
f 276 354 355
f 277 276 355
f 276 356 354
f 353 356 276
f 277 355 357
f 278 277 357
f 357 358 278
f 279 278 358
f 279 358 280
f 358 359 280
f 281 280 359
f 282 281 359
f 283 282 360
f 361 282 359
f 360 282 361
f 360 362 283
f 306 283 362
f 363 284 285
f 364 300 284
f 363 364 284
f 363 285 365
f 286 366 285
f 367 285 366
f 285 367 365
f 368 366 286
f 286 303 368
f 288 351 287
f 369 351 288
f 288 370 369
f 289 371 288
f 288 371 370
f 289 372 371
f 289 373 372
f 290 373 289
f 291 373 290
f 291 374 373
f 292 374 291
f 375 374 292
f 292 376 375
f 293 376 292
f 293 377 376
f 378 377 293
f 294 378 293
f 379 378 294
f 295 379 294
f 380 379 295
f 296 380 295
f 296 381 380
f 382 381 296
f 297 382 296
f 383 297 301
f 297 383 382
f 298 384 301
f 298 385 384
f 386 385 298
f 299 386 298
f 386 299 300
f 300 387 386
f 364 387 300
f 384 383 301
f 305 302 388
f 316 388 302
f 389 368 303
f 390 389 303
f 304 390 303
f 390 304 391
f 392 391 304
f 388 304 305
f 392 304 388
f 393 307 306
f 306 362 394
f 393 306 394
f 313 307 393
f 310 309 312
f 395 310 312
f 323 310 395
f 311 396 397
f 398 311 397
f 311 313 396
f 311 399 312
f 399 311 398
f 395 312 399
f 393 396 313
f 322 400 314
f 314 400 315
f 400 401 315
f 402 315 401
f 402 320 315
f 403 388 316
f 316 317 404
f 404 403 316
f 317 318 404
f 319 404 318
f 319 320 405
f 319 405 404
f 402 406 320
f 407 320 406
f 320 407 405
f 321 326 322
f 408 322 326
f 408 400 322
f 409 323 395
f 410 323 409
f 411 323 410
f 324 323 411
f 411 412 324
f 412 325 324
f 325 413 327
f 412 413 325
f 326 327 414
f 415 326 414
f 408 326 415
f 413 414 327
f 329 328 416
f 328 347 416
f 330 329 416
f 352 330 416
f 343 331 332
f 332 417 343
f 334 417 332
f 333 334 332
f 418 417 334
f 418 334 335
f 335 419 418
f 419 335 420
f 420 335 336
f 420 336 421
f 421 336 337
f 348 421 337
f 341 338 422
f 338 340 422
f 339 423 424
f 344 423 339
f 339 424 340
f 340 424 422
f 342 341 425
f 341 426 425
f 422 426 341
f 342 425 427
f 427 346 342
f 343 417 345
f 344 417 423
f 344 345 417
f 346 427 428
f 347 346 428
f 416 347 428
f 421 348 349
f 421 349 429
f 350 430 349
f 429 349 431
f 430 431 349
f 369 430 350
f 369 350 351
f 352 416 432
f 356 353 352
f 352 432 356
f 354 433 434
f 354 434 435
f 354 435 436
f 355 354 436
f 356 437 354
f 437 433 354
f 438 355 436
f 357 355 438
f 432 437 356
f 438 439 357
f 439 358 357
f 358 439 440
f 359 358 440
f 441 359 440
f 441 361 359
f 361 442 360
f 443 360 442
f 362 360 443
f 361 441 442
f 362 443 444
f 394 362 444
f 363 445 364
f 365 445 363
f 445 387 364
f 365 446 445
f 367 446 365
f 447 367 366
f 448 447 366
f 368 448 366
f 447 446 367
f 389 448 368
f 449 430 369
f 449 369 370
f 370 450 449
f 451 370 371
f 450 370 451
f 372 451 371
f 372 452 451
f 372 453 452
f 453 372 373
f 374 453 373
f 374 454 453
f 375 454 374
f 376 454 375
f 455 454 376
f 377 456 376
f 456 455 376
f 457 456 377
f 457 377 458
f 458 377 378
f 459 458 378
f 378 379 459
f 380 459 379
f 381 459 380
f 460 459 381
f 461 460 381
f 382 462 381
f 462 461 381
f 462 382 383
f 385 462 383
f 383 384 385
f 463 385 386
f 463 462 385
f 387 463 386
f 464 463 387
f 465 466 387
f 445 465 387
f 387 466 464
f 467 392 388
f 468 467 388
f 388 469 468
f 469 388 403
f 389 470 448
f 471 470 389
f 390 471 389
f 472 471 390
f 472 390 391
f 473 472 391
f 473 391 392
f 467 473 392
f 393 394 474
f 396 393 474
f 474 394 475
f 444 475 394
f 395 399 409
f 396 476 397
f 476 396 474
f 477 398 397
f 397 478 477
f 478 397 476
f 399 398 409
f 409 398 410
f 410 398 479
f 480 398 477
f 480 479 398
f 481 400 408
f 401 400 481
f 401 481 482
f 483 402 401
f 401 482 483
f 406 402 483
f 484 403 404
f 403 484 485
f 486 469 403
f 485 486 403
f 487 484 404
f 404 405 487
f 405 488 487
f 489 488 405
f 489 405 407
f 407 406 490
f 491 406 483
f 491 492 406
f 406 492 490
f 490 489 407
f 493 408 415
f 481 408 493
f 411 410 479
f 479 494 411
f 495 411 494
f 495 412 411
f 413 412 496
f 412 495 496
f 497 413 496
f 413 497 414
f 497 498 414
f 415 414 498
f 415 498 499
f 415 499 493
f 428 500 416
f 500 432 416
f 417 418 423
f 418 501 423
f 501 418 419
f 502 501 419
f 420 503 419
f 502 419 503
f 504 503 420
f 420 421 504
f 421 429 504
f 426 422 505
f 505 422 424
f 423 501 424
f 506 505 424
f 424 507 506
f 507 424 508
f 424 501 508
f 509 425 426
f 510 425 509
f 427 425 510
f 426 505 509
f 427 510 428
f 428 510 511
f 511 500 428
f 429 512 504
f 431 512 429
f 430 513 431
f 513 430 449
f 513 512 431
f 432 514 437
f 432 500 514
f 515 516 433
f 433 517 515
f 433 516 434
f 433 518 517
f 514 518 433
f 437 514 433
f 519 520 434
f 516 519 434
f 435 434 520
f 436 435 520
f 521 438 436
f 436 520 521
f 521 522 438
f 438 522 439
f 523 439 522
f 440 439 523
f 524 440 523
f 441 440 524
f 442 441 524
f 525 442 524
f 442 525 443
f 443 525 526
f 527 443 526
f 444 443 527
f 527 475 444
f 528 465 445
f 446 528 445
f 529 528 446
f 529 446 530
f 530 446 447
f 470 447 448
f 470 530 447
f 513 449 531
f 531 449 532
f 449 450 532
f 533 450 451
f 450 534 532
f 450 533 534
f 452 533 451
f 535 452 453
f 535 536 452
f 533 452 536
f 535 453 537
f 453 454 537
f 455 537 454
f 538 537 455
f 455 539 538
f 540 539 455
f 455 456 540
f 540 456 541
f 542 541 456
f 458 456 457
f 458 542 456
f 459 542 458
f 543 542 459
f 460 543 459
f 460 544 543
f 545 544 460
f 461 545 460
f 546 461 462
f 461 547 545
f 546 547 461
f 463 546 462
f 463 464 546
f 546 464 548
f 548 464 549
f 464 466 549
f 550 466 465
f 551 550 465
f 551 465 528
f 550 549 466
f 468 473 467
f 469 486 468
f 486 473 468
f 470 552 530
f 471 552 470
f 553 552 471
f 472 553 471
f 554 553 472
f 472 473 555
f 555 554 472
f 555 473 556
f 486 556 473
f 474 475 557
f 558 474 557
f 558 476 474
f 475 527 559
f 557 475 559
f 476 558 560
f 478 476 560
f 561 480 477
f 561 477 478
f 560 562 478
f 478 563 561
f 564 563 478
f 478 562 564
f 494 479 480
f 480 565 566
f 567 480 563
f 480 567 565
f 566 494 480
f 563 480 561
f 568 481 493
f 482 481 568
f 569 570 482
f 568 569 482
f 571 483 482
f 570 571 482
f 571 491 483
f 572 485 484
f 573 572 484
f 573 484 487
f 574 486 485
f 572 574 485
f 486 574 556
f 575 573 487
f 487 576 575
f 488 576 487
f 577 488 489
f 578 576 488
f 579 578 488
f 577 579 488
f 577 489 490
f 580 577 490
f 492 580 490
f 581 491 571
f 491 581 582
f 582 492 491
f 492 582 583
f 580 492 583
f 493 499 568
f 494 566 495
f 495 566 565
f 567 495 565
f 584 495 567
f 584 496 495
f 585 496 584
f 497 496 585
f 585 586 497
f 586 498 497
f 498 586 587
f 498 588 499
f 498 587 588
f 568 499 569
f 569 499 588
f 500 511 514
f 502 508 501
f 502 589 508
f 503 589 502
f 503 504 590
f 503 591 589
f 592 591 503
f 503 590 592
f 504 593 590
f 512 593 504
f 505 506 509
f 594 506 595
f 596 506 594
f 509 506 596
f 597 595 506
f 597 506 507
f 507 508 598
f 598 597 507
f 589 598 508
f 509 596 594
f 509 594 510
f 511 510 599
f 510 594 600
f 510 600 599
f 599 514 511
f 593 512 601
f 601 512 602
f 512 513 602
f 602 513 531
f 514 599 518
f 515 517 603
f 515 603 604
f 515 519 516
f 604 519 515
f 517 605 603
f 517 606 605
f 518 606 517
f 606 518 599
f 519 604 607
f 520 519 607
f 608 520 607
f 521 520 608
f 608 609 521
f 521 609 610
f 610 611 521
f 522 521 611
f 612 522 611
f 523 522 612
f 524 523 613
f 613 523 612
f 525 524 614
f 524 613 614
f 614 615 525
f 616 525 615
f 616 526 525
f 617 526 616
f 527 526 617
f 618 527 617
f 559 527 618
f 529 619 528
f 619 551 528
f 552 529 530
f 529 552 619
f 602 531 620
f 532 620 531
f 534 620 532
f 621 534 533
f 622 621 533
f 622 533 536
f 534 623 620
f 534 624 623
f 621 624 534
f 535 625 536
f 626 625 535
f 538 535 537
f 626 535 538
f 536 625 622
f 538 627 626
f 628 629 538
f 629 627 538
f 538 539 628
f 628 539 540
f 630 540 631
f 630 628 540
f 631 540 541
f 541 542 631
f 543 631 542
f 630 631 543
f 543 632 630
f 632 543 544
f 632 544 633
f 634 633 544
f 545 634 544
f 547 634 545
f 546 635 547
f 548 635 546
f 636 634 547
f 635 636 547
f 637 635 548
f 549 637 548
f 549 638 637
f 639 638 549
f 639 549 550
f 640 639 550
f 551 641 550
f 641 640 550
f 619 641 551
f 642 619 552
f 552 553 642
f 553 643 642
f 554 643 553
f 554 644 643
f 644 554 645
f 555 645 554
f 556 645 555
f 556 646 645
f 574 646 556
f 557 647 558
f 557 559 647
f 648 558 649
f 558 648 560
f 558 647 649
f 618 650 559
f 650 647 559
f 562 560 648
f 562 651 652
f 652 653 562
f 653 564 562
f 562 648 651
f 563 564 654
f 655 567 563
f 563 654 655
f 564 653 656
f 564 657 658
f 656 657 564
f 658 654 564
f 584 567 655
f 588 659 569
f 659 660 569
f 660 570 569
f 660 661 570
f 571 570 661
f 581 571 661
f 573 574 572
f 662 574 573
f 575 662 573
f 663 574 662
f 574 663 646
f 575 664 662
f 576 664 575
f 576 665 664
f 578 665 576
f 666 667 577
f 667 579 577
f 580 666 577
f 578 579 665
f 579 667 665
f 668 666 580
f 669 668 580
f 669 580 583
f 670 581 661
f 582 581 671
f 670 671 581
f 672 582 671
f 673 583 582
f 672 673 582
f 674 669 583
f 675 674 583
f 676 583 673
f 676 675 583
f 677 584 655
f 585 584 677
f 678 586 585
f 585 677 678
f 679 586 678
f 679 587 586
f 680 587 679
f 681 587 680
f 588 587 681
f 588 681 682
f 588 682 659
f 598 589 591
f 592 590 683
f 683 590 684
f 684 590 593
f 685 598 591
f 686 685 591
f 592 686 591
f 686 592 683
f 684 593 687
f 593 601 687
f 594 688 600
f 594 595 688
f 688 595 689
f 595 690 689
f 691 690 595
f 691 595 597
f 597 598 692
f 691 597 692
f 692 598 685
f 693 606 599
f 599 600 693
f 600 688 693
f 602 687 601
f 687 602 694
f 694 602 620
f 603 695 696
f 696 604 603
f 695 603 605
f 604 696 697
f 607 604 697
f 605 698 699
f 605 700 695
f 605 699 700
f 606 698 605
f 606 701 698
f 606 693 701
f 607 697 702
f 703 607 702
f 608 607 703
f 609 608 703
f 609 703 704
f 705 609 704
f 609 705 610
f 705 706 610
f 611 610 706
f 706 707 611
f 611 707 612
f 612 707 708
f 708 613 612
f 613 708 614
f 614 708 709
f 710 614 709
f 615 614 710
f 710 711 615
f 616 615 711
f 712 616 711
f 616 712 617
f 712 713 617
f 617 713 618
f 714 618 713
f 714 650 618
f 619 642 641
f 620 623 694
f 621 715 716
f 716 717 621
f 622 715 621
f 717 624 621
f 718 715 622
f 718 622 625
f 623 719 694
f 623 624 720
f 623 721 719
f 623 722 721
f 722 623 720
f 717 720 624
f 626 723 625
f 723 718 625
f 724 723 626
f 725 724 626
f 726 626 627
f 726 725 626
f 727 627 629
f 727 726 627
f 628 727 629
f 630 727 628
f 630 728 727
f 728 630 632
f 633 728 632
f 729 728 633
f 634 729 633
f 634 730 729
f 636 730 634
f 635 731 636
f 637 731 635
f 732 636 731
f 732 730 636
f 637 732 731
f 637 733 732
f 638 733 637
f 638 734 733
f 639 735 638
f 638 735 734
f 639 640 735
f 735 640 736
f 737 736 640
f 641 737 640
f 737 641 738
f 738 641 642
f 643 738 642
f 643 644 738
f 739 644 645
f 644 739 740
f 738 644 741
f 644 742 741
f 742 644 740
f 645 646 743
f 743 739 645
f 744 646 663
f 743 646 744
f 647 650 745
f 649 647 746
f 745 746 647
f 648 747 748
f 651 648 748
f 747 648 649
f 746 747 649
f 650 749 745
f 714 749 650
f 750 651 748
f 652 651 750
f 652 751 653
f 751 652 750
f 656 653 751
f 752 655 654
f 654 753 752
f 658 753 654
f 677 655 752
f 656 751 754
f 755 656 754
f 656 755 657
f 756 657 755
f 757 658 657
f 756 757 657
f 757 758 658
f 758 753 658
f 759 660 659
f 759 659 682
f 760 660 759
f 760 661 660
f 670 661 760
f 761 663 662
f 761 662 664
f 761 744 663
f 762 761 664
f 762 664 665
f 763 665 667
f 763 762 665
f 668 667 666
f 763 667 668
f 764 763 668
f 764 668 669
f 764 669 674
f 765 671 670
f 670 760 766
f 670 766 767
f 768 670 767
f 670 768 765
f 765 672 671
f 765 769 672
f 769 673 672
f 676 673 769
f 770 674 675
f 770 764 674
f 676 771 675
f 771 770 675
f 772 771 676
f 773 772 676
f 769 774 676
f 773 676 774
f 678 677 775
f 776 677 752
f 775 677 776
f 777 679 678
f 678 775 777
f 778 679 777
f 680 679 778
f 779 780 680
f 680 778 779
f 680 780 681
f 781 681 780
f 681 781 682
f 782 682 781
f 782 759 682
f 686 683 783
f 784 783 683
f 683 785 784
f 683 684 785
f 785 684 786
f 787 684 687
f 786 684 787
f 685 788 789
f 685 789 692
f 686 788 685
f 783 788 686
f 787 687 790
f 719 687 694
f 687 719 790
f 688 689 693
f 791 689 690
f 693 689 791
f 792 690 793
f 690 792 794
f 794 791 690
f 690 691 793
f 691 789 793
f 789 691 692
f 693 791 701
f 695 795 696
f 695 700 795
f 796 696 795
f 697 696 796
f 702 697 796
f 701 794 698
f 698 794 699
f 699 797 700
f 797 699 798
f 794 798 699
f 799 700 797
f 700 799 795
f 791 794 701
f 702 796 800
f 801 702 800
f 703 702 801
f 703 801 704
f 802 803 704
f 804 704 803
f 704 804 705
f 704 801 802
f 805 705 804
f 805 706 705
f 806 706 805
f 707 706 806
f 707 806 807
f 707 807 808
f 707 808 708
f 709 708 808
f 709 808 809
f 809 710 709
f 710 809 810
f 711 710 810
f 811 711 810
f 711 811 712
f 812 712 811
f 713 712 812
f 812 813 713
f 813 749 713
f 713 749 714
f 715 718 716
f 717 716 814
f 716 815 814
f 718 815 716
f 816 717 814
f 817 720 717
f 817 717 816
f 815 718 818
f 718 723 818
f 719 721 790
f 720 819 722
f 819 720 817
f 721 820 790
f 820 721 722
f 821 820 722
f 821 722 822
f 722 823 822
f 722 819 823
f 824 818 723
f 825 824 723
f 825 723 724
f 826 827 724
f 826 724 725
f 827 825 724
f 725 726 828
f 828 826 725
f 828 726 727
f 728 828 727
f 728 829 828
f 830 829 728
f 728 729 830
f 729 831 830
f 832 831 729
f 832 729 730
f 730 833 832
f 834 833 730
f 834 730 732
f 835 834 732
f 835 732 733
f 733 836 835
f 733 734 836
f 736 734 735
f 837 836 734
f 736 837 734
f 838 837 736
f 736 737 838
f 737 839 838
f 737 840 839
f 840 737 738
f 738 741 840
f 740 739 841
f 739 743 841
f 841 842 740
f 740 843 742
f 843 740 842
f 742 840 741
f 844 742 843
f 844 840 742
f 841 743 845
f 744 845 743
f 744 846 845
f 761 846 744
f 745 749 847
f 847 848 745
f 745 849 746
f 745 848 849
f 850 746 849
f 746 850 747
f 748 747 850
f 850 851 748
f 748 851 750
f 847 749 852
f 813 852 749
f 750 853 754
f 851 853 750
f 754 751 750
f 752 753 776
f 776 753 854
f 753 758 854
f 855 754 853
f 755 754 855
f 856 755 855
f 755 857 756
f 857 755 856
f 857 858 756
f 858 757 756
f 859 860 757
f 859 757 858
f 860 758 757
f 861 862 758
f 862 854 758
f 861 758 860
f 863 759 782
f 766 760 759
f 863 766 759
f 846 761 762
f 864 846 762
f 762 865 864
f 763 865 762
f 865 763 866
f 764 866 763
f 770 867 764
f 868 764 867
f 764 868 866
f 765 768 869
f 869 769 765
f 766 863 870
f 870 871 766
f 871 767 766
f 768 767 872
f 871 872 767
f 873 768 872
f 873 869 768
f 874 769 869
f 769 875 774
f 769 874 875
f 867 770 876
f 771 876 770
f 877 876 771
f 772 877 771
f 772 876 877
f 773 876 772
f 878 876 773
f 878 773 774
f 879 878 774
f 774 875 879
f 775 880 881
f 881 777 775
f 776 880 775
f 880 776 854
f 882 777 881
f 777 882 778
f 779 778 882
f 883 779 882
f 779 883 884
f 779 885 780
f 885 779 884
f 886 781 780
f 887 780 885
f 887 886 780
f 888 781 886
f 888 889 781
f 782 781 889
f 889 863 782
f 890 788 783
f 891 890 783
f 784 891 783
f 892 891 784
f 892 784 893
f 784 786 893
f 784 785 786
f 893 786 894
f 787 894 786
f 895 894 787
f 790 895 787
f 896 789 788
f 890 896 788
f 897 793 789
f 789 896 898
f 789 898 897
f 895 790 820
f 897 792 793
f 798 794 792
f 792 899 798
f 792 897 899
f 795 900 901
f 795 799 900
f 901 796 795
f 796 902 800
f 901 902 796
f 797 903 799
f 797 798 903
f 903 798 899
f 904 799 905
f 799 904 900
f 903 905 799
f 800 902 906
f 800 906 907
f 907 801 800
f 801 907 802
f 802 908 909
f 802 909 910
f 803 802 910
f 908 802 907
f 911 803 910
f 911 912 803
f 912 804 803
f 805 804 912
f 805 912 913
f 913 914 805
f 805 915 806
f 914 915 805
f 915 807 806
f 915 916 807
f 808 807 809
f 809 807 917
f 916 917 807
f 810 809 917
f 810 917 918
f 919 811 810
f 918 919 810
f 919 920 811
f 920 812 811
f 920 921 812
f 921 813 812
f 813 921 922
f 852 813 922
f 923 814 815
f 814 924 925
f 816 814 925
f 924 814 923
f 923 815 818
f 925 926 816
f 926 817 816
f 819 817 926
f 818 927 923
f 927 818 824
f 928 823 819
f 926 928 819
f 929 895 820
f 820 930 929
f 930 820 821
f 930 821 931
f 822 931 821
f 932 931 822
f 933 932 822
f 822 823 933
f 928 933 823
f 934 927 824
f 935 824 825
f 824 936 934
f 936 824 935
f 935 825 827
f 827 826 828
f 828 935 827
f 829 935 828
f 937 935 829
f 937 829 830
f 830 831 937
f 831 938 937
f 939 938 831
f 832 939 831
f 939 832 940
f 940 832 833
f 940 833 941
f 941 833 834
f 835 941 834
f 942 941 835
f 835 836 942
f 836 943 942
f 837 944 836
f 944 943 836
f 838 944 837
f 945 944 838
f 839 945 838
f 840 946 839
f 946 945 839
f 947 946 840
f 844 947 840
f 845 842 841
f 845 948 842
f 843 842 949
f 842 948 949
f 843 950 844
f 843 949 950
f 947 844 951
f 952 844 950
f 952 951 844
f 846 953 845
f 953 954 845
f 954 948 845
f 955 953 846
f 864 955 846
f 852 956 847
f 847 956 848
f 849 848 957
f 848 956 958
f 958 957 848
f 850 849 959
f 959 849 957
f 851 850 959
f 960 851 959
f 851 960 961
f 961 853 851
f 852 922 962
f 963 852 962
f 956 852 963
f 964 853 961
f 964 855 853
f 880 854 862
f 855 965 856
f 855 964 966
f 965 855 966
f 967 857 856
f 965 968 856
f 968 969 856
f 969 967 856
f 970 857 967
f 858 857 970
f 858 971 859
f 971 858 972
f 972 858 970
f 973 860 859
f 974 973 859
f 971 974 859
f 860 973 861
f 862 861 880
f 973 880 861
f 870 863 889
f 955 864 975
f 975 864 865
f 865 866 975
f 976 975 866
f 976 866 977
f 868 977 866
f 876 868 867
f 876 978 868
f 979 977 868
f 980 979 868
f 978 980 868
f 869 873 981
f 874 869 981
f 982 870 889
f 871 870 983
f 982 983 870
f 871 984 872
f 871 983 984
f 872 984 985
f 873 872 985
f 985 986 873
f 986 981 873
f 987 874 988
f 981 988 874
f 987 875 874
f 989 879 875
f 990 989 875
f 875 987 990
f 978 876 878
f 991 878 879
f 991 992 878
f 878 992 978
f 989 991 879
f 881 880 973
f 993 881 973
f 994 881 993
f 881 994 882
f 883 882 994
f 995 883 994
f 883 995 996
f 997 883 996
f 998 883 997
f 883 998 884
f 885 884 998
f 885 998 999
f 887 885 999
f 886 887 1000
f 886 1000 888
f 887 999 1001
f 887 1001 1000
f 1002 888 1000
f 982 889 888
f 1002 1003 888
f 888 1003 982
f 1004 898 890
f 890 898 896
f 1005 1004 890
f 1005 890 891
f 1005 891 1006
f 1006 891 892
f 1006 892 1007
f 1008 1007 892
f 893 1008 892
f 1008 893 1009
f 893 894 1009
f 1009 894 929
f 895 929 894
f 1010 899 897
f 1010 897 1011
f 1011 897 898
f 1004 1011 898
f 1010 1012 899
f 1012 903 899
f 900 1013 901
f 900 1014 1013
f 900 904 1014
f 901 1013 1015
f 1015 902 901
f 902 1015 1016
f 902 1016 1017
f 1017 906 902
f 1012 905 903
f 904 905 1014
f 1018 1019 905
f 1014 905 1019
f 1012 1018 905
f 906 1017 908
f 907 906 908
f 1020 909 908
f 908 1017 1020
f 910 909 1021
f 909 1020 1022
f 909 1022 1021
f 910 1021 1023
f 911 910 1023
f 1024 911 1023
f 1024 1025 911
f 1025 912 911
f 1025 913 912
f 913 1025 1026
f 1026 1027 913
f 914 913 1027
f 1028 914 1027
f 1028 915 914
f 1028 916 915
f 917 916 1029
f 916 1028 1030
f 1030 1029 916
f 1029 918 917
f 1031 1032 918
f 1032 1033 918
f 918 1029 1031
f 919 918 1033
f 919 1033 1034
f 919 1034 920
f 1034 1035 920
f 921 920 1035
f 1035 922 921
f 922 1035 1036
f 962 922 1036
f 923 927 1037
f 924 923 1038
f 1037 1038 923
f 924 1038 1039
f 925 924 1040
f 1040 924 1041
f 924 1039 1041
f 926 925 1042
f 1042 925 1040
f 1042 1043 926
f 926 1043 928
f 1037 927 1044
f 1044 927 934
f 928 1045 933
f 1045 928 1043
f 1008 1009 929
f 929 1046 1008
f 930 1046 929
f 1046 930 1047
f 931 1047 930
f 1047 931 1048
f 932 1048 931
f 932 1049 1048
f 932 1050 1049
f 1050 932 1051
f 932 933 1051
f 933 1045 1051
f 934 936 1044
f 1052 936 935
f 1052 935 937
f 936 1053 1044
f 1052 1053 936
f 937 938 1052
f 938 1054 1052
f 1054 938 1055
f 939 1055 938
f 1056 1055 939
f 939 940 1056
f 1057 940 941
f 940 1058 1056
f 1058 940 1057
f 1057 941 1059
f 942 1059 941
f 1059 942 1060
f 943 1060 942
f 1060 943 1061
f 944 1061 943
f 944 1062 1061
f 944 945 1062
f 1062 945 1063
f 946 1063 945
f 946 1064 1063
f 1064 946 947
f 947 951 1064
f 948 954 1065
f 949 948 1065
f 950 949 1066
f 1065 1066 949
f 952 950 1067
f 950 1066 1067
f 1064 951 1068
f 1068 951 1069
f 1070 1069 951
f 951 952 1070
f 952 1067 1070
f 954 953 1071
f 953 955 1071
f 1065 954 1072
f 1073 954 1071
f 954 1073 1072
f 1074 955 975
f 1071 955 1074
f 956 963 1075
f 958 956 1075
f 959 957 1076
f 1076 957 958
f 1077 958 1075
f 1077 1076 958
f 960 959 1076
f 1078 960 1076
f 960 1078 961
f 1079 961 1078
f 1079 964 961
f 963 962 1080
f 1080 962 1036
f 1075 963 1080
f 1079 966 964
f 965 966 968
f 1081 966 1079
f 1081 968 966
f 967 969 970
f 968 1081 1082
f 968 1082 1083
f 968 1084 969
f 1084 968 1083
f 969 1085 970
f 969 1086 1085
f 1086 969 1084
f 1087 970 1085
f 970 1087 972
f 974 971 1088
f 971 972 1088
f 1089 1088 972
f 972 1087 1090
f 972 1090 1089
f 993 973 974
f 1088 993 974
f 1074 975 976
f 1091 976 977
f 1074 976 1092
f 1091 1092 976
f 977 979 1091
f 1093 980 978
f 992 1093 978
f 1094 979 1095
f 1091 979 1094
f 1095 979 980
f 1093 1096 980
f 1096 1095 980
f 1097 988 981
f 1097 981 986
f 1098 982 1003
f 1099 983 982
f 1098 1099 982
f 983 1099 1100
f 1100 984 983
f 1101 984 1100
f 1101 985 984
f 985 1101 986
f 1101 1097 986
f 987 1102 990
f 1097 987 988
f 1102 987 1103
f 1104 987 1097
f 1104 1103 987
f 990 991 989
f 990 1105 991
f 1102 1106 990
f 1106 1105 990
f 1107 992 991
f 991 1105 1107
f 1093 992 1108
f 1107 1108 992
f 1088 1109 993
f 995 993 1109
f 994 993 995
f 1109 1110 995
f 1110 1111 995
f 996 995 1111
f 1112 996 1111
f 996 1113 1114
f 1113 996 1112
f 1114 997 996
f 1114 998 997
f 999 998 1114
f 1114 1115 999
f 1116 999 1115
f 1116 1001 999
f 1117 1000 1001
f 1000 1117 1002
f 1118 1001 1116
f 1117 1001 1118
f 1119 1002 1117
f 1120 1003 1002
f 1119 1120 1002
f 1098 1003 1120
f 1011 1004 1121
f 1004 1005 1121
f 1005 1122 1121
f 1122 1005 1123
f 1124 1123 1005
f 1005 1125 1124
f 1006 1125 1005
f 1125 1006 1126
f 1006 1007 1126
f 1007 1008 1046
f 1126 1007 1127
f 1046 1127 1007
f 1010 1128 1012
f 1010 1129 1128
f 1011 1129 1010
f 1011 1121 1129
f 1012 1128 1018
f 1014 1019 1013
f 1013 1130 1015
f 1130 1013 1019
f 1016 1015 1131
f 1015 1132 1131
f 1132 1015 1130
f 1131 1133 1016
f 1016 1133 1134
f 1017 1016 1134
f 1134 1135 1017
f 1135 1136 1017
f 1020 1017 1136
f 1018 1130 1019
f 1137 1130 1018
f 1018 1128 1137
f 1138 1020 1136
f 1138 1022 1020
f 1023 1021 1139
f 1022 1140 1021
f 1139 1021 1140
f 1022 1138 1141
f 1022 1141 1140
f 1023 1139 1142
f 1143 1023 1142
f 1024 1023 1143
f 1026 1025 1024
f 1144 1024 1143
f 1024 1144 1145
f 1026 1024 1145
f 1027 1026 1146
f 1146 1026 1145
f 1028 1027 1146
f 1146 1147 1028
f 1030 1028 1147
f 1148 1029 1030
f 1148 1031 1029
f 1030 1147 1149
f 1149 1150 1030
f 1148 1030 1150
f 1031 1148 1151
f 1152 1031 1151
f 1031 1152 1032
f 1032 1153 1033
f 1032 1152 1153
f 1153 1034 1033
f 1153 1154 1034
f 1035 1034 1155
f 1155 1034 1154
f 1155 1036 1035
f 1155 1156 1036
f 1080 1036 1157
f 1036 1156 1158
f 1158 1157 1036
f 1159 1037 1044
f 1159 1038 1037
f 1038 1160 1039
f 1159 1161 1038
f 1038 1161 1160
f 1162 1041 1039
f 1163 1039 1160
f 1039 1163 1162
f 1042 1040 1041
f 1041 1164 1165
f 1042 1041 1166
f 1165 1166 1041
f 1041 1162 1164
f 1166 1043 1042
f 1045 1043 1167
f 1166 1167 1043
f 1053 1159 1044
f 1168 1045 1167
f 1045 1169 1051
f 1168 1169 1045
f 1046 1170 1127
f 1171 1170 1046
f 1171 1046 1047
f 1171 1047 1172
f 1173 1172 1047
f 1047 1048 1173
f 1048 1049 1173
f 1049 1174 1173
f 1050 1174 1049
f 1174 1050 1175
f 1176 1175 1050
f 1050 1169 1176
f 1050 1051 1169
f 1054 1053 1052
f 1053 1177 1159
f 1178 1053 1054
f 1178 1177 1053
f 1055 1178 1054
f 1055 1179 1178
f 1055 1180 1179
f 1180 1055 1181
f 1056 1181 1055
f 1058 1181 1056
f 1057 1182 1058
f 1057 1183 1182
f 1183 1057 1059
f 1058 1184 1181
f 1184 1058 1182
f 1183 1059 1060
f 1060 1061 1185
f 1183 1060 1185
f 1186 1187 1061
f 1062 1186 1061
f 1185 1061 1187
f 1186 1062 1188
f 1062 1063 1188
f 1063 1189 1188
f 1063 1190 1189
f 1191 1063 1064
f 1190 1063 1191
f 1068 1191 1064
f 1066 1065 1072
f 1072 1192 1066
f 1192 1067 1066
f 1193 1070 1067
f 1067 1192 1193
f 1191 1068 1194
f 1195 1194 1068
f 1069 1195 1068
f 1195 1069 1196
f 1196 1069 1197
f 1198 1069 1070
f 1069 1198 1197
f 1070 1193 1198
f 1071 1074 1073
f 1192 1072 1199
f 1199 1072 1073
f 1073 1074 1200
f 1200 1199 1073
f 1200 1074 1092
f 1075 1080 1157
f 1075 1157 1201
f 1201 1202 1075
f 1202 1077 1075
f 1078 1076 1203
f 1076 1077 1203
f 1204 1077 1202
f 1203 1077 1204
f 1078 1203 1205
f 1206 1078 1205
f 1079 1078 1206
f 1206 1207 1079
f 1081 1079 1207
f 1082 1081 1207
f 1208 1082 1207
f 1083 1082 1208
f 1083 1208 1209
f 1210 1083 1209
f 1210 1084 1083
f 1210 1086 1084
f 1211 1087 1085
f 1085 1086 1211
f 1212 1086 1210
f 1213 1086 1212
f 1214 1211 1086
f 1213 1214 1086
f 1090 1087 1211
f 1110 1109 1088
f 1088 1089 1110
f 1111 1110 1089
f 1215 1111 1089
f 1215 1089 1090
f 1216 1090 1211
f 1216 1217 1090
f 1217 1215 1090
f 1092 1091 1218
f 1094 1218 1091
f 1200 1092 1219
f 1219 1092 1218
f 1093 1108 1096
f 1094 1220 1218
f 1094 1095 1220
f 1096 1220 1095
f 1221 1220 1096
f 1222 1096 1108
f 1222 1221 1096
f 1097 1101 1223
f 1104 1097 1223
f 1099 1098 1224
f 1225 1098 1120
f 1226 1098 1225
f 1224 1098 1226
f 1100 1099 1224
f 1227 1101 1100
f 1228 1100 1224
f 1228 1227 1100
f 1229 1101 1227
f 1229 1223 1101
f 1102 1103 1106
f 1230 1103 1104
f 1231 1106 1103
f 1231 1103 1230
f 1104 1232 1230
f 1233 1232 1104
f 1223 1233 1104
f 1234 1107 1105
f 1106 1234 1105
f 1106 1235 1234
f 1236 1235 1106
f 1231 1236 1106
f 1107 1234 1108
f 1108 1234 1222
f 1215 1237 1111
f 1112 1111 1237
f 1112 1237 1238
f 1238 1239 1112
f 1113 1112 1239
f 1113 1239 1240
f 1113 1240 1241
f 1242 1113 1241
f 1114 1113 1243
f 1244 1113 1242
f 1243 1113 1244
f 1115 1114 1243
f 1245 1115 1243
f 1115 1245 1246
f 1246 1116 1115
f 1247 1116 1246
f 1247 1248 1116
f 1248 1118 1116
f 1117 1118 1119
f 1249 1119 1118
f 1249 1118 1248
f 1119 1249 1250
f 1120 1119 1225
f 1225 1119 1250
f 1122 1129 1121
f 1129 1122 1128
f 1128 1122 1251
f 1122 1252 1251
f 1122 1123 1252
f 1253 1252 1123
f 1123 1124 1254
f 1123 1254 1253
f 1170 1254 1124
f 1124 1125 1170
f 1125 1126 1170
f 1127 1170 1126
f 1251 1137 1128
f 1137 1255 1130
f 1255 1132 1130
f 1133 1131 1132
f 1256 1257 1132
f 1132 1255 1256
f 1257 1133 1132
f 1134 1133 1257
f 1134 1257 1135
f 1135 1258 1259
f 1135 1257 1258
f 1135 1259 1136
f 1136 1260 1138
f 1261 1136 1259
f 1136 1261 1260
f 1255 1137 1251
f 1138 1260 1262
f 1138 1262 1263
f 1138 1263 1141
f 1139 1264 1265
f 1139 1140 1264
f 1265 1142 1139
f 1140 1141 1264
f 1264 1141 1263
f 1142 1266 1143
f 1142 1265 1267
f 1267 1266 1142
f 1266 1268 1143
f 1144 1143 1268
f 1269 1145 1144
f 1268 1269 1144
f 1145 1270 1146
f 1269 1270 1145
f 1146 1270 1271
f 1147 1146 1271
f 1271 1149 1147
f 1148 1150 1151
f 1271 1272 1149
f 1150 1149 1272
f 1272 1273 1150
f 1151 1150 1273
f 1152 1151 1274
f 1273 1274 1151
f 1152 1275 1153
f 1274 1275 1152
f 1275 1276 1153
f 1276 1154 1153
f 1276 1277 1154
f 1277 1155 1154
f 1277 1156 1155
f 1277 1278 1156
f 1156 1278 1158
f 1201 1157 1279
f 1157 1158 1280
f 1279 1157 1280
f 1158 1278 1281
f 1158 1281 1280
f 1177 1161 1159
f 1161 1177 1160
f 1177 1163 1160
f 1282 1164 1162
f 1163 1283 1162
f 1283 1282 1162
f 1177 1284 1163
f 1163 1284 1283
f 1165 1164 1285
f 1164 1286 1285
f 1286 1164 1282
f 1166 1165 1287
f 1287 1165 1285
f 1287 1167 1166
f 1288 1168 1167
f 1287 1288 1167
f 1288 1169 1168
f 1169 1289 1176
f 1288 1289 1169
f 1254 1170 1290
f 1290 1170 1171
f 1171 1172 1291
f 1171 1292 1290
f 1292 1171 1291
f 1291 1172 1293
f 1174 1293 1172
f 1174 1172 1173
f 1294 1293 1174
f 1294 1174 1175
f 1175 1176 1295
f 1175 1295 1294
f 1296 1295 1176
f 1176 1289 1296
f 1177 1178 1284
f 1178 1179 1284
f 1179 1297 1284
f 1298 1297 1179
f 1180 1298 1179
f 1180 1299 1298
f 1184 1180 1181
f 1184 1299 1180
f 1182 1300 1184
f 1300 1182 1301
f 1302 1301 1182
f 1185 1182 1183
f 1182 1185 1303
f 1303 1302 1182
f 1304 1299 1184
f 1300 1304 1184
f 1187 1303 1185
f 1187 1186 1188
f 1188 1305 1187
f 1187 1305 1303
f 1305 1188 1189
f 1189 1306 1305
f 1189 1190 1307
f 1189 1307 1306
f 1194 1190 1191
f 1194 1307 1190
f 1308 1192 1199
f 1192 1308 1193
f 1193 1309 1198
f 1308 1309 1193
f 1194 1310 1307
f 1311 1194 1195
f 1310 1194 1311
f 1312 1311 1195
f 1312 1195 1196
f 1312 1196 1313
f 1313 1196 1314
f 1196 1197 1314
f 1314 1197 1315
f 1198 1316 1197
f 1316 1315 1197
f 1309 1317 1198
f 1317 1316 1198
f 1199 1318 1308
f 1199 1200 1219
f 1219 1318 1199
f 1279 1280 1201
f 1280 1319 1201
f 1319 1202 1201
f 1319 1320 1202
f 1204 1202 1320
f 1204 1205 1203
f 1321 1205 1204
f 1321 1204 1320
f 1206 1205 1322
f 1205 1321 1322
f 1323 1206 1322
f 1207 1206 1323
f 1207 1323 1324
f 1208 1207 1324
f 1208 1324 1325
f 1208 1325 1326
f 1327 1208 1326
f 1208 1327 1209
f 1209 1328 1210
f 1328 1209 1327
f 1328 1329 1210
f 1329 1212 1210
f 1330 1216 1211
f 1211 1214 1330
f 1331 1212 1329
f 1213 1212 1331
f 1332 1213 1331
f 1213 1333 1214
f 1333 1213 1332
f 1214 1333 1330
f 1215 1238 1237
f 1238 1215 1217
f 1330 1334 1216
f 1216 1334 1217
f 1335 1238 1217
f 1336 1335 1217
f 1217 1334 1336
f 1219 1218 1337
f 1337 1218 1220
f 1338 1318 1219
f 1337 1338 1219
f 1339 1337 1220
f 1340 1339 1220
f 1340 1220 1221
f 1340 1221 1341
f 1342 1341 1221
f 1342 1221 1222
f 1235 1222 1234
f 1235 1343 1222
f 1222 1344 1342
f 1343 1344 1222
f 1229 1345 1223
f 1233 1223 1346
f 1346 1223 1345
f 1347 1224 1226
f 1224 1347 1228
f 1348 1225 1250
f 1348 1226 1225
f 1349 1226 1348
f 1350 1226 1349
f 1347 1226 1350
f 1351 1227 1228
f 1352 1229 1227
f 1227 1351 1352
f 1351 1228 1347
f 1353 1229 1352
f 1354 1229 1353
f 1345 1229 1354
f 1232 1231 1230
f 1232 1355 1231
f 1356 1231 1355
f 1356 1236 1231
f 1233 1355 1232
f 1355 1233 1346
f 1235 1236 1357
f 1235 1357 1343
f 1356 1357 1236
f 1239 1238 1335
f 1240 1239 1335
f 1335 1241 1240
f 1358 1241 1335
f 1358 1242 1241
f 1242 1359 1244
f 1242 1360 1359
f 1242 1358 1360
f 1244 1245 1243
f 1361 1245 1244
f 1359 1361 1244
f 1245 1361 1362
f 1362 1246 1245
f 1363 1246 1362
f 1247 1246 1363
f 1247 1363 1364
f 1364 1248 1247
f 1365 1249 1248
f 1248 1364 1365
f 1365 1250 1249
f 1366 1348 1250
f 1366 1250 1365
f 1251 1367 1255
f 1367 1251 1368
f 1252 1368 1251
f 1369 1368 1252
f 1252 1253 1369
f 1369 1253 1370
f 1371 1253 1254
f 1371 1370 1253
f 1290 1371 1254
f 1367 1256 1255
f 1257 1256 1258
f 1256 1372 1258
f 1373 1372 1256
f 1367 1373 1256
f 1374 1375 1258
f 1372 1374 1258
f 1258 1375 1259
f 1259 1375 1261
f 1375 1374 1260
f 1260 1376 1262
f 1376 1260 1374
f 1260 1261 1375
f 1262 1376 1377
f 1263 1262 1377
f 1263 1377 1378
f 1263 1378 1264
f 1264 1379 1380
f 1264 1378 1379
f 1265 1264 1380
f 1265 1380 1267
f 1381 1382 1266
f 1268 1266 1382
f 1381 1266 1267
f 1267 1380 1383
f 1383 1384 1267
f 1381 1267 1385
f 1384 1385 1267
f 1386 1268 1382
f 1268 1386 1269
f 1386 1387 1269
f 1269 1387 1270
f 1271 1270 1387
f 1272 1271 1388
f 1388 1271 1387
f 1272 1388 1389
f 1273 1272 1389
f 1389 1390 1273
f 1274 1273 1390
f 1390 1391 1274
f 1392 1274 1391
f 1275 1274 1392
f 1392 1393 1275
f 1276 1275 1394
f 1394 1275 1393
f 1277 1276 1395
f 1394 1396 1276
f 1395 1276 1396
f 1278 1277 1395
f 1278 1395 1396
f 1396 1397 1278
f 1281 1278 1397
f 1280 1281 1398
f 1398 1399 1280
f 1319 1280 1399
f 1281 1397 1400
f 1400 1401 1281
f 1401 1398 1281
f 1297 1282 1283
f 1402 1282 1297
f 1402 1286 1282
f 1283 1284 1297
f 1287 1285 1403
f 1285 1286 1404
f 1285 1404 1403
f 1405 1404 1286
f 1402 1405 1286
f 1288 1287 1406
f 1406 1287 1407
f 1403 1407 1287
f 1406 1408 1288
f 1408 1289 1288
f 1409 1296 1289
f 1289 1408 1409
f 1290 1410 1371
f 1410 1290 1292
f 1411 1292 1291
f 1291 1293 1411
f 1410 1292 1412
f 1412 1292 1413
f 1292 1411 1413
f 1293 1294 1411
f 1294 1295 1414
f 1294 1415 1416
f 1294 1416 1411
f 1414 1415 1294
f 1414 1295 1417
f 1295 1296 1417
f 1418 1417 1296
f 1418 1296 1409
f 1419 1402 1297
f 1297 1298 1419
f 1299 1419 1298
f 1299 1420 1419
f 1304 1420 1299
f 1301 1304 1300
f 1301 1421 1304
f 1301 1302 1422
f 1421 1301 1423
f 1422 1423 1301
f 1303 1424 1302
f 1424 1425 1302
f 1422 1302 1425
f 1305 1424 1303
f 1426 1420 1304
f 1421 1426 1304
f 1424 1305 1306
f 1306 1427 1428
f 1306 1428 1424
f 1307 1427 1306
f 1307 1429 1427
f 1310 1429 1307
f 1318 1309 1308
f 1309 1318 1430
f 1309 1430 1317
f 1310 1431 1429
f 1432 1431 1310
f 1433 1432 1310
f 1310 1311 1433
f 1312 1433 1311
f 1313 1433 1312
f 1433 1313 1434
f 1313 1314 1435
f 1434 1313 1435
f 1315 1436 1314
f 1314 1437 1435
f 1436 1437 1314
f 1316 1436 1315
f 1316 1438 1436
f 1317 1438 1316
f 1439 1317 1430
f 1440 1438 1317
f 1439 1440 1317
f 1318 1338 1441
f 1430 1318 1441
f 1442 1319 1399
f 1320 1319 1443
f 1443 1319 1442
f 1321 1320 1444
f 1320 1443 1445
f 1445 1446 1320
f 1444 1320 1446
f 1322 1321 1447
f 1444 1447 1321
f 1448 1322 1447
f 1322 1448 1323
f 1448 1325 1323
f 1324 1323 1325
f 1449 1325 1448
f 1449 1450 1325
f 1450 1326 1325
f 1451 1326 1450
f 1327 1326 1451
f 1327 1451 1452
f 1328 1327 1452
f 1453 1328 1452
f 1329 1328 1453
f 1453 1454 1329
f 1454 1331 1329
f 1455 1456 1330
f 1456 1334 1330
f 1333 1455 1330
f 1332 1331 1457
f 1458 1331 1454
f 1457 1331 1458
f 1459 1333 1332
f 1332 1457 1459
f 1333 1460 1455
f 1333 1459 1461
f 1460 1333 1461
f 1336 1334 1462
f 1462 1334 1456
f 1358 1335 1336
f 1358 1336 1462
f 1337 1463 1338
f 1463 1337 1464
f 1339 1464 1337
f 1338 1463 1441
f 1465 1466 1339
f 1464 1339 1466
f 1339 1340 1465
f 1467 1465 1340
f 1341 1467 1340
f 1341 1468 1469
f 1341 1342 1468
f 1467 1341 1470
f 1470 1341 1469
f 1468 1342 1471
f 1472 1471 1342
f 1472 1342 1344
f 1473 1344 1343
f 1473 1343 1357
f 1472 1344 1474
f 1344 1473 1474
f 1354 1475 1345
f 1345 1476 1346
f 1475 1476 1345
f 1346 1477 1355
f 1476 1477 1346
f 1347 1350 1351
f 1349 1348 1366
f 1366 1478 1349
f 1478 1350 1349
f 1350 1479 1351
f 1479 1350 1480
f 1480 1350 1478
f 1481 1351 1479
f 1481 1352 1351
f 1352 1481 1353
f 1482 1353 1481
f 1354 1353 1483
f 1353 1484 1485
f 1483 1353 1485
f 1484 1353 1482
f 1483 1486 1354
f 1486 1475 1354
f 1477 1356 1355
f 1487 1356 1477
f 1488 1356 1487
f 1488 1357 1356
f 1488 1489 1357
f 1473 1357 1489
f 1490 1358 1462
f 1358 1490 1491
f 1358 1491 1360
f 1492 1359 1491
f 1493 1361 1359
f 1494 1359 1495
f 1359 1494 1493
f 1360 1491 1359
f 1495 1359 1492
f 1362 1361 1493
f 1496 1362 1493
f 1362 1496 1363
f 1363 1496 1497
f 1364 1363 1497
f 1497 1498 1364
f 1499 1364 1498
f 1500 1364 1499
f 1364 1500 1365
f 1500 1366 1365
f 1501 1366 1500
f 1502 1366 1501
f 1478 1366 1502
f 1367 1368 1373
f 1369 1373 1368
f 1369 1503 1373
f 1504 1503 1369
f 1505 1504 1369
f 1369 1370 1505
f 1506 1505 1370
f 1506 1370 1507
f 1371 1507 1370
f 1371 1410 1507
f 1372 1508 1374
f 1508 1372 1509
f 1509 1372 1510
f 1373 1510 1372
f 1373 1503 1510
f 1508 1376 1374
f 1377 1376 1511
f 1508 1512 1376
f 1512 1511 1376
f 1377 1511 1378
f 1378 1513 1514
f 1379 1378 1514
f 1515 1378 1511
f 1378 1515 1513
f 1379 1514 1516
f 1516 1517 1379
f 1379 1517 1380
f 1517 1383 1380
f 1518 1381 1385
f 1382 1381 1518
f 1386 1382 1518
f 1519 1383 1517
f 1383 1519 1520
f 1383 1520 1521
f 1521 1384 1383
f 1521 1522 1384
f 1523 1384 1522
f 1384 1523 1385
f 1518 1385 1523
f 1386 1524 1387
f 1386 1518 1525
f 1524 1386 1525
f 1388 1387 1524
f 1526 1527 1388
f 1527 1389 1388
f 1524 1526 1388
f 1389 1527 1528
f 1390 1389 1528
f 1390 1528 1529
f 1529 1391 1390
f 1391 1529 1530
f 1391 1531 1392
f 1391 1530 1531
f 1392 1532 1393
f 1532 1392 1531
f 1532 1533 1393
f 1394 1393 1533
f 1534 1394 1533
f 1534 1396 1394
f 1396 1534 1397
f 1534 1535 1397
f 1535 1536 1397
f 1400 1397 1536
f 1398 1537 1399
f 1401 1537 1398
f 1399 1537 1538
f 1399 1538 1539
f 1399 1539 1442
f 1401 1400 1540
f 1400 1536 1540
f 1540 1537 1401
f 1405 1402 1541
f 1542 1541 1402
f 1542 1402 1419
f 1404 1543 1403
f 1544 1407 1403
f 1545 1544 1403
f 1545 1403 1543
f 1405 1543 1404
f 1405 1545 1543
f 1541 1545 1405
f 1546 1547 1406
f 1407 1546 1406
f 1547 1408 1406
f 1544 1546 1407
f 1408 1548 1409
f 1548 1408 1547
f 1409 1548 1549
f 1418 1409 1549
f 1507 1410 1550
f 1412 1550 1410
f 1413 1411 1416
f 1412 1551 1550
f 1551 1412 1413
f 1551 1413 1552
f 1413 1416 1552
f 1415 1414 1417
f 1415 1553 1554
f 1416 1415 1554
f 1553 1415 1555
f 1417 1556 1415
f 1556 1555 1415
f 1554 1552 1416
f 1418 1557 1417
f 1556 1417 1558
f 1558 1417 1557
f 1559 1418 1560
f 1560 1418 1549
f 1559 1557 1418
f 1420 1542 1419
f 1420 1561 1542
f 1426 1561 1420
f 1421 1562 1426
f 1562 1421 1423
f 1422 1563 1423
f 1422 1425 1563
f 1562 1423 1564
f 1563 1564 1423
f 1424 1565 1425
f 1428 1565 1424
f 1565 1563 1425
f 1426 1566 1561
f 1566 1426 1562
f 1428 1427 1567
f 1567 1427 1429
f 1428 1568 1565
f 1567 1568 1428
f 1429 1569 1567
f 1570 1569 1429
f 1429 1431 1570
f 1430 1441 1439
f 1571 1570 1431
f 1432 1571 1431
f 1572 1573 1432
f 1573 1571 1432
f 1434 1432 1433
f 1434 1572 1432
f 1435 1574 1434
f 1574 1572 1434
f 1437 1574 1435
f 1437 1436 1575
f 1576 1436 1438
f 1575 1436 1576
f 1574 1437 1577
f 1577 1437 1578
f 1575 1578 1437
f 1579 1576 1438
f 1438 1440 1579
f 1441 1580 1439
f 1581 1440 1439
f 1582 1581 1439
f 1439 1580 1582
f 1440 1581 1583
f 1579 1440 1584
f 1440 1583 1584
f 1580 1441 1463
f 1443 1442 1445
f 1445 1442 1539
f 1585 1444 1446
f 1447 1444 1585
f 1445 1539 1586
f 1587 1445 1586
f 1446 1445 1587
f 1587 1585 1446
f 1447 1449 1448
f 1585 1588 1447
f 1588 1449 1447
f 1449 1588 1589
f 1450 1449 1589
f 1589 1590 1450
f 1451 1450 1590
f 1591 1592 1451
f 1451 1592 1452
f 1591 1451 1590
f 1593 1452 1594
f 1452 1592 1594
f 1453 1452 1593
f 1454 1453 1595
f 1595 1453 1593
f 1595 1458 1454
f 1456 1455 1460
f 1596 1462 1456
f 1460 1596 1456
f 1459 1457 1458
f 1458 1595 1597
f 1598 1458 1597
f 1459 1458 1598
f 1459 1599 1461
f 1599 1459 1598
f 1600 1460 1461
f 1600 1596 1460
f 1601 1600 1461
f 1599 1601 1461
f 1602 1490 1462
f 1602 1462 1596
f 1464 1466 1463
f 1463 1466 1580
f 1465 1603 1466
f 1467 1603 1465
f 1580 1466 1604
f 1603 1604 1466
f 1603 1467 1605
f 1470 1605 1467
f 1471 1469 1468
f 1470 1469 1606
f 1469 1607 1606
f 1469 1471 1607
f 1608 1605 1470
f 1470 1609 1608
f 1610 1609 1470
f 1470 1606 1610
f 1611 1471 1472
f 1611 1607 1471
f 1474 1611 1472
f 1489 1612 1473
f 1473 1612 1474
f 1611 1474 1613
f 1613 1474 1612
f 1475 1477 1476
f 1614 1477 1475
f 1614 1475 1486
f 1615 1487 1477
f 1616 1477 1614
f 1477 1616 1615
f 1617 1480 1478
f 1617 1478 1502
f 1618 1479 1480
f 1618 1481 1479
f 1617 1618 1480
f 1618 1482 1481
f 1482 1619 1620
f 1620 1621 1482
f 1619 1482 1618
f 1622 1484 1482
f 1482 1621 1622
f 1485 1623 1483
f 1483 1614 1486
f 1614 1483 1623
f 1623 1485 1484
f 1623 1484 1624
f 1624 1484 1622
f 1625 1488 1487
f 1626 1625 1487
f 1487 1615 1626
f 1625 1489 1488
f 1627 1612 1489
f 1489 1628 1627
f 1628 1489 1625
f 1490 1629 1492
f 1629 1490 1602
f 1492 1491 1490
f 1492 1629 1495
f 1494 1630 1493
f 1496 1493 1630
f 1630 1494 1631
f 1494 1495 1631
f 1631 1495 1629
f 1632 1496 1630
f 1632 1497 1496
f 1632 1633 1497
f 1498 1497 1633
f 1498 1633 1634
f 1498 1634 1635
f 1498 1635 1499
f 1636 1500 1499
f 1499 1635 1636
f 1500 1636 1501
f 1637 1502 1501
f 1638 1501 1636
f 1637 1501 1638
f 1639 1617 1502
f 1639 1502 1637
f 1510 1503 1640
f 1641 1640 1503
f 1503 1504 1641
f 1504 1505 1506
f 1642 1504 1506
f 1641 1504 1642
f 1643 1642 1506
f 1644 1643 1506
f 1644 1506 1507
f 1507 1550 1644
f 1512 1508 1645
f 1508 1509 1645
f 1509 1510 1640
f 1646 1509 1640
f 1509 1646 1645
f 1515 1511 1512
f 1515 1512 1647
f 1647 1512 1645
f 1513 1515 1648
f 1648 1514 1513
f 1648 1516 1514
f 1515 1647 1649
f 1649 1648 1515
f 1516 1648 1650
f 1516 1651 1652
f 1652 1653 1516
f 1651 1516 1650
f 1516 1653 1519
f 1519 1517 1516
f 1523 1654 1518
f 1654 1525 1518
f 1655 1520 1519
f 1519 1653 1655
f 1520 1655 1656
f 1520 1656 1657
f 1521 1520 1657
f 1658 1521 1657
f 1522 1521 1658
f 1659 1522 1658
f 1522 1660 1523
f 1660 1522 1659
f 1654 1523 1660
f 1525 1526 1524
f 1525 1654 1661
f 1661 1526 1525
f 1527 1526 1661
f 1527 1661 1662
f 1527 1662 1528
f 1662 1663 1528
f 1663 1529 1528
f 1530 1529 1663
f 1663 1664 1530
f 1664 1665 1530
f 1530 1665 1531
f 1532 1531 1666
f 1667 1531 1665
f 1666 1531 1667
f 1533 1532 1666
f 1534 1533 1668
f 1668 1533 1666
f 1668 1535 1534
f 1535 1668 1669
f 1536 1535 1669
f 1670 1536 1669
f 1536 1670 1540
f 1671 1537 1540
f 1538 1537 1671
f 1538 1671 1672
f 1673 1538 1672
f 1673 1539 1538
f 1674 1586 1539
f 1539 1673 1675
f 1674 1539 1675
f 1671 1540 1670
f 1541 1676 1545
f 1677 1676 1541
f 1541 1561 1677
f 1541 1542 1561
f 1678 1546 1544
f 1544 1545 1676
f 1544 1676 1678
f 1679 1547 1546
f 1546 1680 1679
f 1546 1678 1681
f 1546 1681 1680
f 1548 1547 1682
f 1682 1547 1683
f 1683 1547 1679
f 1682 1549 1548
f 1549 1682 1684
f 1549 1684 1560
f 1550 1551 1644
f 1685 1644 1551
f 1685 1551 1686
f 1552 1686 1551
f 1686 1552 1554
f 1553 1687 1688
f 1553 1688 1554
f 1553 1689 1687
f 1553 1555 1689
f 1686 1554 1688
f 1689 1555 1690
f 1691 1690 1555
f 1691 1555 1556
f 1558 1692 1556
f 1556 1692 1691
f 1693 1557 1559
f 1558 1557 1693
f 1693 1692 1558
f 1694 1695 1559
f 1694 1559 1560
f 1559 1695 1693
f 1696 1560 1684
f 1694 1560 1696
f 1561 1697 1677
f 1697 1561 1566
f 1562 1698 1566
f 1564 1698 1562
f 1563 1699 1564
f 1700 1699 1563
f 1565 1700 1563
f 1564 1701 1698
f 1699 1701 1564
f 1702 1700 1565
f 1702 1565 1568
f 1566 1703 1697
f 1703 1566 1698
f 1569 1568 1567
f 1569 1704 1568
f 1704 1702 1568
f 1570 1704 1569
f 1570 1705 1706
f 1571 1705 1570
f 1570 1706 1704
f 1573 1705 1571
f 1573 1572 1707
f 1708 1707 1572
f 1574 1708 1572
f 1709 1705 1573
f 1707 1709 1573
f 1574 1710 1708
f 1574 1577 1710
f 1711 1578 1575
f 1576 1711 1575
f 1712 1711 1576
f 1713 1712 1576
f 1713 1576 1579
f 1578 1710 1577
f 1714 1710 1578
f 1711 1714 1578
f 1579 1584 1713
f 1715 1582 1580
f 1580 1604 1715
f 1716 1583 1581
f 1582 1717 1581
f 1717 1716 1581
f 1582 1715 1717
f 1583 1718 1584
f 1583 1719 1718
f 1719 1583 1716
f 1718 1720 1584
f 1584 1720 1713
f 1588 1585 1721
f 1585 1587 1722
f 1585 1722 1723
f 1721 1585 1723
f 1587 1586 1674
f 1722 1587 1724
f 1674 1724 1587
f 1588 1721 1725
f 1725 1589 1588
f 1590 1589 1725
f 1591 1590 1726
f 1590 1725 1727
f 1726 1590 1727
f 1728 1591 1726
f 1728 1592 1591
f 1728 1729 1592
f 1594 1592 1729
f 1593 1594 1730
f 1593 1730 1595
f 1594 1729 1731
f 1732 1594 1731
f 1730 1594 1732
f 1595 1733 1597
f 1595 1730 1733
f 1596 1734 1602
f 1600 1735 1596
f 1734 1596 1735
f 1733 1736 1597
f 1737 1597 1736
f 1737 1598 1597
f 1599 1598 1737
f 1737 1738 1599
f 1601 1599 1738
f 1600 1739 1735
f 1739 1600 1601
f 1601 1740 1739
f 1738 1741 1601
f 1740 1601 1741
f 1602 1742 1629
f 1734 1742 1602
f 1603 1743 1604
f 1605 1743 1603
f 1715 1604 1744
f 1743 1744 1604
f 1608 1743 1605
f 1745 1610 1606
f 1606 1607 1746
f 1745 1606 1746
f 1607 1611 1746
f 1608 1747 1743
f 1609 1747 1608
f 1747 1609 1748
f 1610 1749 1609
f 1748 1609 1749
f 1745 1749 1610
f 1746 1611 1750
f 1751 1750 1611
f 1611 1613 1752
f 1611 1752 1751
f 1627 1613 1612
f 1752 1613 1753
f 1754 1613 1627
f 1754 1753 1613
f 1755 1616 1614
f 1614 1623 1755
f 1756 1615 1616
f 1756 1626 1615
f 1757 1616 1755
f 1758 1756 1616
f 1757 1758 1616
f 1759 1618 1617
f 1760 1617 1639
f 1617 1760 1759
f 1619 1618 1759
f 1620 1619 1759
f 1621 1620 1761
f 1762 1620 1759
f 1620 1762 1763
f 1763 1761 1620
f 1761 1622 1621
f 1761 1624 1622
f 1624 1755 1623
f 1761 1764 1624
f 1764 1755 1624
f 1626 1628 1625
f 1765 1628 1626
f 1756 1765 1626
f 1766 1754 1627
f 1766 1627 1628
f 1628 1765 1766
f 1767 1631 1629
f 1767 1629 1742
f 1630 1768 1632
f 1631 1769 1630
f 1770 1630 1769
f 1770 1768 1630
f 1769 1631 1767
f 1632 1771 1772
f 1632 1772 1633
f 1768 1771 1632
f 1633 1772 1773
f 1773 1634 1633
f 1774 1634 1773
f 1635 1634 1774
f 1775 1635 1774
f 1636 1635 1776
f 1776 1635 1775
f 1776 1638 1636
f 1638 1777 1637
f 1637 1777 1778
f 1637 1778 1639
f 1779 1638 1776
f 1780 1638 1779
f 1638 1780 1781
f 1638 1781 1777
f 1639 1778 1782
f 1639 1782 1760
f 1641 1646 1640
f 1783 1646 1641
f 1641 1784 1783
f 1641 1642 1784
f 1784 1642 1643
f 1643 1785 1784
f 1786 1785 1643
f 1644 1787 1643
f 1643 1787 1786
f 1787 1644 1685
f 1646 1783 1645
f 1645 1788 1647
f 1645 1783 1788
f 1649 1647 1789
f 1788 1789 1647
f 1650 1648 1649
f 1790 1651 1649
f 1649 1651 1650
f 1790 1649 1789
f 1790 1652 1651
f 1652 1790 1791
f 1653 1652 1791
f 1653 1791 1792
f 1655 1653 1792
f 1660 1793 1654
f 1794 1654 1793
f 1795 1654 1794
f 1654 1795 1661
f 1792 1796 1655
f 1796 1797 1655
f 1798 1656 1655
f 1797 1798 1655
f 1798 1799 1656
f 1657 1656 1799
f 1800 1657 1799
f 1801 1657 1800
f 1658 1657 1801
f 1658 1801 1659
f 1659 1801 1802
f 1802 1660 1659
f 1660 1802 1803
f 1793 1660 1803
f 1662 1661 1795
f 1804 1662 1805
f 1663 1662 1804
f 1662 1795 1806
f 1805 1662 1806
f 1664 1663 1804
f 1664 1804 1807
f 1808 1664 1807
f 1664 1808 1809
f 1664 1810 1665
f 1810 1664 1809
f 1665 1810 1667
f 1666 1667 1811
f 1668 1666 1812
f 1812 1666 1811
f 1811 1667 1810
f 1669 1668 1813
f 1812 1813 1668
f 1813 1814 1669
f 1670 1669 1814
f 1670 1814 1815
f 1815 1671 1670
f 1672 1671 1815
f 1815 1816 1672
f 1673 1672 1817
f 1817 1672 1816
f 1673 1817 1675
f 1674 1675 1818
f 1674 1818 1724
f 1675 1819 1820
f 1819 1675 1817
f 1818 1675 1820
f 1676 1821 1678
f 1676 1677 1821
f 1822 1821 1677
f 1697 1822 1677
f 1678 1821 1681
f 1680 1823 1679
f 1823 1683 1679
f 1824 1823 1680
f 1680 1681 1824
f 1825 1681 1821
f 1681 1825 1824
f 1682 1683 1684
f 1683 1696 1684
f 1683 1823 1826
f 1826 1696 1683
f 1787 1685 1827
f 1828 1685 1686
f 1827 1685 1828
f 1688 1828 1686
f 1828 1688 1687
f 1687 1829 1828
f 1829 1687 1830
f 1830 1687 1831
f 1831 1687 1689
f 1690 1831 1689
f 1690 1832 1831
f 1833 1832 1690
f 1691 1833 1690
f 1834 1691 1692
f 1834 1833 1691
f 1692 1835 1834
f 1693 1835 1692
f 1836 1835 1693
f 1836 1693 1695
f 1695 1694 1837
f 1838 1837 1694
f 1694 1696 1838
f 1836 1695 1837
f 1696 1826 1838
f 1703 1822 1697
f 1703 1698 1839
f 1839 1698 1701
f 1701 1699 1840
f 1699 1700 1841
f 1841 1840 1699
f 1841 1700 1842
f 1702 1842 1700
f 1701 1843 1839
f 1840 1843 1701
f 1844 1842 1702
f 1844 1702 1704
f 1845 1822 1703
f 1845 1703 1839
f 1844 1704 1706
f 1705 1846 1706
f 1846 1705 1709
f 1706 1847 1844
f 1846 1847 1706
f 1709 1707 1848
f 1707 1849 1848
f 1850 1707 1708
f 1850 1849 1707
f 1851 1850 1708
f 1851 1708 1710
f 1709 1852 1853
f 1709 1853 1846
f 1848 1852 1709
f 1710 1854 1851
f 1714 1854 1710
f 1712 1855 1711
f 1711 1856 1714
f 1857 1856 1711
f 1857 1711 1855
f 1713 1855 1712
f 1720 1858 1713
f 1858 1855 1713
f 1856 1854 1714
f 1859 1717 1715
f 1859 1715 1744
f 1860 1716 1717
f 1861 1716 1860
f 1861 1719 1716
f 1859 1860 1717
f 1720 1718 1862
f 1719 1862 1718
f 1861 1862 1719
f 1862 1858 1720
f 1723 1863 1721
f 1725 1721 1863
f 1724 1864 1722
f 1722 1864 1723
f 1864 1865 1723
f 1866 1863 1723
f 1866 1723 1865
f 1818 1864 1724
f 1725 1863 1727
f 1726 1727 1867
f 1726 1867 1868
f 1726 1868 1869
f 1870 1726 1869
f 1728 1726 1870
f 1863 1866 1727
f 1867 1727 1866
f 1729 1728 1870
f 1870 1871 1729
f 1731 1729 1871
f 1733 1730 1732
f 1871 1872 1731
f 1873 1732 1731
f 1873 1731 1872
f 1874 1732 1875
f 1874 1733 1732
f 1873 1875 1732
f 1876 1736 1733
f 1733 1874 1876
f 1877 1742 1734
f 1878 1734 1735
f 1877 1734 1878
f 1735 1879 1880
f 1739 1879 1735
f 1880 1878 1735
f 1876 1881 1736
f 1736 1881 1737
f 1738 1737 1881
f 1882 1738 1881
f 1738 1882 1741
f 1883 1739 1740
f 1879 1739 1883
f 1883 1740 1884
f 1884 1740 1741
f 1741 1882 1885
f 1886 1884 1741
f 1886 1741 1885
f 1877 1767 1742
f 1744 1743 1887
f 1887 1743 1747
f 1888 1859 1744
f 1887 1888 1744
f 1889 1749 1745
f 1890 1745 1746
f 1745 1890 1889
f 1890 1746 1891
f 1750 1891 1746
f 1887 1747 1748
f 1748 1892 1887
f 1748 1893 1892
f 1748 1894 1893
f 1748 1749 1895
f 1895 1894 1748
f 1896 1895 1749
f 1889 1896 1749
f 1897 1891 1750
f 1750 1751 1898
f 1898 1899 1750
f 1899 1897 1750
f 1898 1751 1752
f 1900 1752 1753
f 1752 1901 1898
f 1900 1901 1752
f 1753 1754 1902
f 1753 1902 1900
f 1903 1754 1766
f 1903 1902 1754
f 1757 1755 1904
f 1904 1755 1764
f 1758 1765 1756
f 1905 1906 1757
f 1907 1757 1904
f 1905 1757 1907
f 1757 1906 1758
f 1908 1765 1758
f 1906 1908 1758
f 1760 1762 1759
f 1760 1782 1909
f 1910 1760 1909
f 1911 1762 1760
f 1912 1911 1760
f 1912 1760 1910
f 1913 1764 1761
f 1914 1913 1761
f 1914 1761 1763
f 1762 1911 1763
f 1915 1763 1911
f 1915 1914 1763
f 1916 1904 1764
f 1913 1917 1764
f 1916 1764 1917
f 1765 1908 1766
f 1766 1908 1903
f 1770 1769 1767
f 1918 1770 1767
f 1918 1767 1877
f 1768 1770 1918
f 1918 1771 1768
f 1919 1771 1918
f 1920 1771 1919
f 1771 1920 1772
f 1921 1772 1920
f 1921 1773 1772
f 1922 1774 1773
f 1922 1773 1921
f 1923 1774 1922
f 1775 1774 1923
f 1923 1924 1775
f 1779 1776 1775
f 1775 1924 1925
f 1779 1775 1925
f 1926 1777 1781
f 1926 1778 1777
f 1909 1782 1778
f 1927 1778 1926
f 1927 1909 1778
f 1928 1779 1925
f 1779 1928 1780
f 1781 1780 1929
f 1780 1928 1929
f 1929 1926 1781
f 1788 1783 1930
f 1783 1784 1930
f 1930 1784 1785
f 1931 1930 1785
f 1932 1931 1785
f 1785 1786 1932
f 1933 1786 1787
f 1932 1786 1934
f 1786 1933 1935
f 1786 1935 1934
f 1827 1933 1787
f 1789 1788 1936
f 1930 1936 1788
f 1790 1789 1937
f 1789 1936 1937
f 1937 1791 1790
f 1937 1938 1791
f 1939 1791 1938
f 1792 1791 1939
f 1939 1796 1792
f 1793 1803 1794
f 1794 1940 1795
f 1794 1803 1941
f 1942 1794 1941
f 1940 1794 1942
f 1806 1795 1940
f 1943 1797 1796
f 1938 1943 1796
f 1796 1939 1938
f 1944 1797 1943
f 1945 1946 1797
f 1798 1797 1946
f 1797 1944 1945
f 1946 1799 1798
f 1799 1946 1947
f 1800 1799 1947
f 1800 1948 1801
f 1949 1800 1947
f 1950 1800 1949
f 1948 1800 1950
f 1802 1801 1948
f 1802 1948 1951
f 1803 1802 1951
f 1803 1951 1941
f 1804 1805 1952
f 1804 1952 1807
f 1805 1953 1952
f 1805 1806 1953
f 1806 1940 1954
f 1955 1806 1954
f 1953 1806 1955
f 1952 1956 1807
f 1808 1807 1957
f 1957 1807 1956
f 1809 1808 1957
f 1809 1958 1810
f 1809 1957 1959
f 1959 1960 1809
f 1958 1809 1960
f 1811 1810 1958
f 1812 1811 1961
f 1961 1811 1958
f 1961 1813 1812
f 1813 1961 1962
f 1962 1814 1813
f 1814 1962 1963
f 1963 1815 1814
f 1815 1963 1964
f 1816 1815 1964
f 1965 1816 1966
f 1966 1816 1964
f 1817 1816 1965
f 1965 1967 1817
f 1819 1817 1967
f 1968 1864 1818
f 1820 1969 1818
f 1968 1818 1969
f 1970 1819 1967
f 1971 1819 1970
f 1820 1819 1971
f 1971 1972 1820
f 1969 1820 1972
f 1822 1825 1821
f 1825 1822 1845
f 1823 1973 1826
f 1974 1973 1823
f 1974 1823 1824
f 1824 1825 1974
f 1975 1974 1825
f 1845 1975 1825
f 1973 1976 1826
f 1838 1826 1977
f 1826 1978 1977
f 1826 1976 1978
f 1933 1827 1979
f 1829 1979 1827
f 1827 1828 1829
f 1979 1829 1980
f 1830 1980 1829
f 1980 1830 1981
f 1982 1981 1830
f 1830 1831 1982
f 1831 1983 1982
f 1831 1832 1983
f 1983 1832 1984
f 1833 1985 1832
f 1985 1984 1832
f 1834 1986 1833
f 1987 1985 1833
f 1833 1986 1987
f 1834 1835 1986
f 1835 1836 1988
f 1986 1835 1989
f 1835 1988 1989
f 1990 1988 1836
f 1990 1836 1837
f 1837 1838 1991
f 1991 1990 1837
f 1838 1992 1991
f 1993 1994 1838
f 1838 1977 1993
f 1838 1994 1992
f 1995 1996 1839
f 1839 1996 1845
f 1843 1995 1839
f 1997 1843 1840
f 1998 1997 1840
f 1998 1840 1841
f 1842 1998 1841
f 1999 1998 1842
f 2000 1999 1842
f 2000 1842 1844
f 1843 2001 2002
f 1843 2002 1995
f 1997 2001 1843
f 2003 2000 1844
f 1844 1847 2003
f 1975 1845 1996
f 1847 1846 1853
f 2003 1847 2004
f 1853 2004 1847
f 1852 1848 2005
f 1848 2006 2005
f 1849 2006 1848
f 2007 2006 1849
f 1850 2007 1849
f 2008 2007 1850
f 1851 2008 1850
f 1851 2009 2008
f 2010 2009 1851
f 2010 1851 1854
f 2005 2011 1852
f 1852 2012 1853
f 2013 2012 1852
f 1852 2011 2013
f 1853 2012 2004
f 2014 2010 1854
f 1856 2014 1854
f 1857 1855 2015
f 1855 2016 2015
f 1858 2016 1855
f 2017 2014 1856
f 1857 2017 1856
f 2015 2017 1857
f 1862 2018 1858
f 2018 2016 1858
f 1860 1859 1888
f 1860 2019 1861
f 1888 2019 1860
f 1861 2020 1862
f 2021 2020 1861
f 2019 2021 1861
f 2018 1862 2020
f 1865 1864 1968
f 2022 1866 1865
f 1865 2023 2022
f 1968 2024 1865
f 1865 2024 2023
f 2022 1867 1866
f 1868 1867 2022
f 2022 2025 1868
f 1868 2025 2026
f 2026 2027 1868
f 2027 1869 1868
f 2028 1870 1869
f 2027 2029 1869
f 2028 1869 2029
f 2030 1870 2028
f 2030 1871 1870
f 1871 2030 2031
f 1872 1871 2031
f 1873 1872 2032
f 1872 2031 2032
f 2033 2034 1873
f 2035 1875 1873
f 1873 2036 2035
f 2034 2036 1873
f 2033 1873 2032
f 1875 2037 1874
f 2038 1876 1874
f 2038 1874 2037
f 1875 2035 2037
f 1876 2038 1881
f 1877 2039 1918
f 1877 1878 2040
f 2039 1877 2040
f 2040 1878 1880
f 1883 2041 1879
f 1880 1879 2041
f 2041 2042 1880
f 2040 1880 2043
f 2043 1880 2042
f 1882 1881 2044
f 2044 1881 2038
f 2044 2045 1882
f 1882 2045 1885
f 1884 2041 1883
f 2041 1884 2046
f 2046 1884 1886
f 2047 1886 1885
f 2047 1885 2048
f 1885 2045 2048
f 2046 1886 2047
f 1888 1887 1892
f 2019 1888 1892
f 1896 1889 2049
f 2050 2049 1889
f 1889 1890 2051
f 1889 2051 2050
f 1890 1891 2051
f 1891 1897 2051
f 2052 2019 1892
f 1893 2052 1892
f 2053 2052 1893
f 1893 1894 2053
f 2054 2053 1894
f 2054 1894 1895
f 2055 2054 1895
f 1896 2055 1895
f 1896 2049 2055
f 2051 1897 2056
f 1899 2056 1897
f 1899 1898 2057
f 1898 1901 2057
f 2058 1899 2057
f 1899 2059 2056
f 2058 2059 1899
f 1902 2060 1900
f 1901 1900 2060
f 2060 2061 1901
f 2061 2057 1901
f 2062 1902 1903
f 1902 2062 2060
f 2063 2062 1903
f 1903 2064 2063
f 1903 1908 2064
f 1907 1904 1916
f 1905 1907 2065
f 1905 2066 2067
f 2066 1905 2065
f 2068 1905 2067
f 2068 1906 1905
f 1908 1906 2068
f 2069 1907 1916
f 2069 2065 1907
f 1908 2068 2064
f 1909 1927 2070
f 2070 1910 1909
f 1912 1910 2071
f 2072 1910 2070
f 1910 2072 2071
f 1915 1911 1912
f 2071 1915 1912
f 2073 1913 1914
f 1917 1913 2073
f 2074 1914 1915
f 1914 2074 2073
f 2075 1915 2071
f 1915 2075 2074
f 2069 1916 1917
f 2076 1917 2073
f 2077 2069 1917
f 1917 2076 2077
f 1919 1918 2039
f 1919 2078 1920
f 2079 1919 2039
f 2078 1919 2079
f 2080 1920 2081
f 1921 1920 2080
f 2081 1920 2078
f 1921 2080 2082
f 2083 1921 2082
f 2084 1921 2083
f 2084 1922 1921
f 1923 1922 2084
f 2085 1923 2084
f 1923 2085 1924
f 1924 2085 2086
f 2086 2087 1924
f 1924 2087 1925
f 1925 2087 2088
f 2088 1928 1925
f 2089 1926 1929
f 2090 1926 2089
f 2091 1926 2090
f 2091 1927 1926
f 2092 1927 2091
f 2092 2070 1927
f 2089 1929 1928
f 2093 1928 2088
f 2093 2089 1928
f 2094 1936 1930
f 1931 2094 1930
f 2094 1931 2095
f 1931 1932 2095
f 2095 1932 2096
f 2096 1932 2097
f 1932 1934 2097
f 1979 1935 1933
f 2097 1934 2098
f 1934 2099 2098
f 2099 1934 1935
f 1935 2100 2099
f 1979 2101 1935
f 2101 2100 1935
f 1937 1936 2102
f 2094 2103 1936
f 1936 2103 2102
f 1937 2102 1938
f 1944 1943 1938
f 1938 2104 1944
f 1938 2102 2104
f 1940 1942 2105
f 2105 1954 1940
f 2106 1941 2107
f 1942 1941 2106
f 1941 1951 2107
f 1942 2106 2108
f 2105 1942 2108
f 2109 2110 1944
f 2110 1945 1944
f 1944 2104 2109
f 1945 2110 2111
f 2111 1946 1945
f 1947 1946 2111
f 1947 2111 2112
f 1947 2112 2113
f 1949 1947 2113
f 1950 1951 1948
f 2114 1949 2113
f 1950 1949 2114
f 1950 2114 2115
f 1951 1950 2115
f 1951 2115 2116
f 2116 2107 1951
f 1953 2117 1952
f 1952 2117 1956
f 1953 1955 2117
f 1954 2105 2118
f 2118 2119 1954
f 1955 1954 2119
f 1955 2119 2120
f 2117 1955 2120
f 2117 2121 1956
f 1957 1956 2122
f 2122 1956 2121
f 1957 2122 2123
f 1959 1957 2123
f 2124 1961 1958
f 2125 1958 1960
f 2125 2124 1958
f 1959 2123 2126
f 2127 1959 2126
f 1960 1959 2127
f 2127 2125 1960
f 1962 1961 2124
f 1963 1962 2124
f 1963 2124 2128
f 1963 2128 1964
f 1966 1964 2128
f 1965 1966 2129
f 1965 2129 2130
f 2131 1965 2132
f 1965 2131 1967
f 1965 2130 2132
f 1966 2128 2129
f 1970 1967 2131
f 2133 2024 1968
f 1969 2133 1968
f 1969 1972 2133
f 2131 2134 1970
f 1970 2134 2135
f 1971 1970 2135
f 2135 1972 1971
f 1972 2135 2136
f 2136 2137 1972
f 2133 1972 2137
f 2138 1976 1973
f 2139 2138 1973
f 1974 1975 1973
f 1975 2139 1973
f 2139 1975 1996
f 2138 1978 1976
f 1977 1978 2140
f 2140 1993 1977
f 1978 2138 2140
f 1980 2101 1979
f 2101 1980 2141
f 2141 1980 1981
f 2142 2141 1981
f 1981 1982 2143
f 2143 2142 1981
f 1982 1983 2143
f 1983 2144 2143
f 1984 2145 1983
f 2145 2144 1983
f 2145 1984 1985
f 2146 2145 1985
f 1987 2146 1985
f 1989 2147 1986
f 2147 1987 1986
f 1987 2148 2146
f 1987 2147 2148
f 1988 2149 1989
f 2149 1988 1990
f 2149 2150 1989
f 2147 1989 2150
f 2149 1990 2151
f 1990 2152 2151
f 1991 2153 1990
f 1990 2153 2152
f 2153 1991 1992
f 2154 2153 1992
f 1992 1994 2154
f 2140 2155 1993
f 1994 1993 2156
f 1993 2155 2156
f 2157 1994 2156
f 2158 1994 2157
f 1994 2158 2154
f 1995 2159 1996
f 1995 2002 2159
f 1996 2159 2139
f 2160 2001 1997
f 1997 1998 2160
f 1998 1999 2161
f 1998 2161 2160
f 1999 2162 2161
f 2163 1999 2000
f 2163 2162 1999
f 2003 2163 2000
f 2001 2164 2002
f 2160 2164 2001
f 2002 2165 2159
f 2165 2002 2164
f 2163 2003 2004
f 2004 2166 2163
f 2004 2012 2166
f 2167 2011 2005
f 2168 2167 2005
f 2169 2168 2005
f 2006 2169 2005
f 2007 2169 2006
f 2170 2169 2007
f 2008 2170 2007
f 2008 2009 2171
f 2008 2171 2170
f 2010 2172 2009
f 2172 2171 2009
f 2173 2172 2010
f 2014 2173 2010
f 2011 2174 2013
f 2011 2167 2174
f 2013 2175 2012
f 2166 2012 2175
f 2176 2175 2013
f 2174 2176 2013
f 2177 2173 2014
f 2017 2177 2014
f 2178 2017 2015
f 2179 2178 2015
f 2015 2016 2179
f 2018 2179 2016
f 2180 2177 2017
f 2181 2180 2017
f 2178 2181 2017
f 2179 2018 2182
f 2182 2018 2183
f 2183 2018 2020
f 2052 2021 2019
f 2184 2183 2020
f 2021 2184 2020
f 2185 2021 2052
f 2184 2021 2186
f 2185 2186 2021
f 2023 2025 2022
f 2023 2026 2025
f 2026 2023 2187
f 2188 2189 2023
f 2189 2187 2023
f 2024 2188 2023
f 2024 2133 2188
f 2187 2190 2026
f 2026 2190 2027
f 2029 2027 2190
f 2191 2028 2029
f 2030 2028 2191
f 2029 2190 2192
f 2193 2029 2192
f 2191 2029 2193
f 2194 2030 2191
f 2031 2030 2194
f 2194 2032 2031
f 2032 2194 2195
f 2196 2032 2195
f 2197 2032 2196
f 2033 2032 2197
f 2197 2198 2033
f 2199 2033 2198
f 2034 2033 2199
f 2200 2036 2034
f 2200 2034 2199
f 2201 2035 2036
f 2202 2037 2035
f 2035 2201 2202
f 2201 2036 2200
f 2037 2202 2038
f 2202 2203 2038
f 2204 2038 2203
f 2038 2204 2044
f 2040 2205 2039
f 2079 2039 2205
f 2043 2205 2040
f 2206 2041 2046
f 2042 2041 2206
f 2207 2042 2206
f 2208 2042 2207
f 2043 2042 2208
f 2043 2209 2210
f 2209 2043 2211
f 2211 2043 2208
f 2210 2205 2043
f 2204 2045 2044
f 2204 2212 2045
f 2212 2048 2045
f 2206 2046 2213
f 2047 2213 2046
f 2214 2047 2048
f 2047 2214 2213
f 2048 2212 2214
f 2049 2215 2055
f 2216 2215 2049
f 2050 2216 2049
f 2217 2050 2051
f 2218 2216 2050
f 2218 2050 2217
f 2056 2217 2051
f 2219 2185 2052
f 2053 2219 2052
f 2054 2220 2053
f 2220 2219 2053
f 2054 2055 2221
f 2221 2220 2054
f 2215 2221 2055
f 2222 2217 2056
f 2059 2222 2056
f 2223 2224 2057
f 2058 2057 2224
f 2223 2057 2061
f 2225 2226 2058
f 2058 2224 2225
f 2226 2059 2058
f 2226 2222 2059
f 2227 2060 2062
f 2228 2061 2060
f 2060 2227 2228
f 2228 2229 2061
f 2223 2061 2229
f 2063 2227 2062
f 2230 2227 2063
f 2230 2063 2064
f 2231 2230 2064
f 2231 2064 2068
f 2232 2065 2069
f 2066 2065 2232
f 2233 2067 2066
f 2066 2232 2234
f 2233 2066 2234
f 2067 2235 2231
f 2067 2233 2235
f 2067 2231 2068
f 2069 2077 2232
f 2236 2070 2092
f 2070 2237 2072
f 2237 2070 2236
f 2238 2071 2072
f 2075 2071 2238
f 2239 2238 2072
f 2240 2239 2072
f 2237 2240 2072
f 2241 2073 2074
f 2076 2073 2241
f 2242 2074 2075
f 2242 2241 2074
f 2243 2075 2238
f 2244 2075 2243
f 2242 2075 2244
f 2245 2076 2241
f 2077 2076 2245
f 2245 2246 2077
f 2077 2247 2232
f 2246 2247 2077
f 2081 2078 2079
f 2248 2079 2210
f 2249 2250 2079
f 2081 2079 2250
f 2248 2249 2079
f 2079 2205 2210
f 2082 2080 2081
f 2082 2081 2250
f 2251 2083 2082
f 2082 2250 2252
f 2251 2082 2253
f 2082 2252 2253
f 2251 2254 2083
f 2254 2084 2083
f 2255 2084 2254
f 2256 2084 2255
f 2085 2084 2256
f 2086 2085 2256
f 2086 2256 2257
f 2257 2258 2086
f 2086 2258 2087
f 2088 2087 2259
f 2087 2260 2259
f 2260 2087 2258
f 2093 2088 2259
f 2089 2093 2090
f 2090 2093 2261
f 2262 2091 2090
f 2261 2262 2090
f 2263 2091 2262
f 2264 2092 2091
f 2263 2264 2091
f 2264 2236 2092
f 2259 2265 2093
f 2093 2265 2261
f 2094 2266 2103
f 2266 2094 2095
f 2266 2095 2096
f 2096 2267 2266
f 2267 2096 2268
f 2269 2268 2096
f 2096 2097 2269
f 2098 2269 2097
f 2099 2270 2098
f 2269 2098 2270
f 2099 2271 2270
f 2271 2099 2100
f 2272 2271 2100
f 2141 2272 2100
f 2101 2141 2100
f 2266 2104 2102
f 2102 2103 2266
f 2267 2109 2104
f 2267 2104 2266
f 2118 2105 2108
f 2106 2116 2273
f 2107 2116 2106
f 2106 2273 2274
f 2108 2106 2275
f 2274 2275 2106
f 2276 2108 2275
f 2118 2108 2276
f 2277 2278 2109
f 2109 2279 2277
f 2109 2278 2110
f 2109 2267 2279
f 2280 2111 2110
f 2110 2278 2280
f 2111 2280 2281
f 2111 2281 2112
f 2112 2282 2283
f 2282 2112 2281
f 2113 2112 2284
f 2285 2284 2112
f 2112 2283 2285
f 2114 2113 2284
f 2284 2286 2114
f 2115 2114 2287
f 2114 2286 2287
f 2116 2115 2288
f 2287 2288 2115
f 2288 2273 2116
f 2121 2117 2120
f 2118 2276 2289
f 2289 2119 2118
f 2119 2289 2290
f 2120 2119 2291
f 2291 2119 2290
f 2121 2120 2292
f 2292 2120 2291
f 2122 2121 2292
f 2123 2122 2292
f 2126 2123 2293
f 2123 2292 2294
f 2294 2293 2123
f 2124 2125 2295
f 2128 2124 2295
f 2125 2127 2296
f 2295 2125 2296
f 2293 2297 2126
f 2296 2127 2126
f 2297 2296 2126
f 2128 2295 2298
f 2128 2298 2299
f 2129 2128 2299
f 2300 2129 2299
f 2130 2129 2300
f 2301 2130 2300
f 2302 2132 2130
f 2302 2130 2303
f 2301 2303 2130
f 2132 2134 2131
f 2134 2132 2302
f 2304 2133 2137
f 2304 2188 2133
f 2302 2305 2134
f 2305 2135 2134
f 2136 2135 2305
f 2305 2306 2136
f 2137 2136 2307
f 2306 2307 2136
f 2137 2308 2304
f 2307 2308 2137
f 2139 2140 2138
f 2159 2140 2139
f 2309 2140 2159
f 2155 2140 2309
f 2310 2272 2141
f 2141 2142 2311
f 2141 2311 2310
f 2312 2142 2143
f 2311 2142 2313
f 2313 2142 2312
f 2143 2144 2312
f 2312 2144 2314
f 2144 2145 2315
f 2314 2144 2315
f 2145 2146 2315
f 2316 2146 2317
f 2146 2148 2318
f 2317 2146 2318
f 2316 2315 2146
f 2319 2148 2147
f 2147 2150 2319
f 2148 2319 2318
f 2150 2149 2151
f 2150 2320 2321
f 2319 2150 2321
f 2151 2320 2150
f 2151 2322 2320
f 2152 2322 2151
f 2323 2322 2152
f 2152 2153 2323
f 2324 2153 2154
f 2323 2153 2325
f 2153 2324 2325
f 2324 2154 2326
f 2154 2158 2326
f 2156 2155 2157
f 2327 2157 2155
f 2155 2309 2327
f 2157 2327 2328
f 2328 2158 2157
f 2158 2329 2326
f 2328 2329 2158
f 2309 2159 2165
f 2330 2164 2160
f 2160 2331 2330
f 2331 2160 2161
f 2162 2331 2161
f 2332 2331 2162
f 2163 2332 2162
f 2166 2332 2163
f 2333 2165 2164
f 2333 2164 2330
f 2309 2165 2334
f 2334 2165 2333
f 2332 2166 2175
f 2167 2335 2174
f 2167 2336 2335
f 2167 2337 2336
f 2338 2337 2167
f 2167 2339 2338
f 2168 2339 2167
f 2340 2168 2169
f 2341 2339 2168
f 2168 2340 2341
f 2340 2169 2170
f 2171 2340 2170
f 2342 2343 2171
f 2172 2342 2171
f 2340 2171 2343
f 2344 2172 2173
f 2172 2345 2342
f 2344 2345 2172
f 2177 2344 2173
f 2335 2346 2174
f 2174 2346 2176
f 2332 2175 2347
f 2175 2348 2347
f 2176 2348 2175
f 2176 2349 2348
f 2176 2350 2349
f 2176 2346 2350
f 2177 2351 2344
f 2352 2351 2177
f 2177 2353 2352
f 2354 2353 2177
f 2180 2354 2177
f 2179 2355 2178
f 2355 2181 2178
f 2356 2355 2179
f 2182 2356 2179
f 2357 2354 2180
f 2357 2180 2358
f 2181 2358 2180
f 2181 2355 2358
f 2359 2356 2182
f 2360 2359 2182
f 2361 2182 2183
f 2361 2360 2182
f 2361 2183 2184
f 2186 2361 2184
f 2362 2186 2185
f 2219 2362 2185
f 2363 2186 2362
f 2363 2361 2186
f 2189 2364 2187
f 2190 2187 2364
f 2188 2365 2189
f 2304 2365 2188
f 2366 2189 2367
f 2364 2189 2366
f 2189 2365 2367
f 2364 2368 2190
f 2190 2368 2192
f 2369 2191 2193
f 2195 2191 2369
f 2194 2191 2195
f 2368 2370 2192
f 2370 2371 2192
f 2193 2192 2371
f 2369 2193 2372
f 2372 2193 2371
f 2195 2369 2372
f 2373 2195 2372
f 2196 2195 2373
f 2373 2374 2196
f 2197 2196 2374
f 2375 2197 2374
f 2198 2197 2375
f 2375 2376 2198
f 2199 2198 2377
f 2377 2198 2376
f 2199 2377 2200
f 2378 2200 2377
f 2201 2200 2379
f 2379 2200 2378
f 2380 2202 2201
f 2380 2201 2381
f 2201 2382 2381
f 2379 2382 2201
f 2202 2380 2203
f 2204 2203 2380
f 2383 2204 2380
f 2212 2204 2383
f 2384 2206 2213
f 2206 2384 2207
f 2384 2385 2207
f 2207 2385 2208
f 2386 2387 2208
f 2211 2208 2387
f 2386 2208 2385
f 2211 2388 2209
f 2389 2248 2209
f 2389 2209 2388
f 2248 2210 2209
f 2388 2211 2387
f 2383 2390 2212
f 2390 2391 2212
f 2212 2391 2214
f 2392 2384 2213
f 2214 2392 2213
f 2391 2392 2214
f 2215 2393 2221
f 2394 2393 2215
f 2395 2394 2215
f 2396 2215 2216
f 2395 2215 2396
f 2218 2396 2216
f 2397 2218 2217
f 2398 2397 2217
f 2222 2398 2217
f 2397 2396 2218
f 2219 2399 2362
f 2400 2399 2219
f 2220 2400 2219
f 2393 2220 2221
f 2393 2401 2220
f 2220 2401 2400
f 2402 2398 2222
f 2222 2403 2402
f 2226 2403 2222
f 2404 2223 2229
f 2404 2405 2223
f 2223 2405 2224
f 2405 2225 2224
f 2406 2407 2225
f 2408 2406 2225
f 2408 2225 2405
f 2225 2407 2226
f 2409 2403 2226
f 2407 2409 2226
f 2410 2228 2227
f 2227 2230 2410
f 2411 2229 2228
f 2410 2411 2228
f 2411 2404 2229
f 2410 2230 2412
f 2413 2230 2235
f 2235 2230 2231
f 2230 2413 2412
f 2232 2247 2234
f 2233 2234 2414
f 2415 2235 2233
f 2414 2415 2233
f 2247 2246 2234
f 2416 2234 2246
f 2417 2414 2234
f 2234 2416 2418
f 2417 2234 2418
f 2235 2419 2413
f 2419 2235 2415
f 2420 2421 2236
f 2421 2237 2236
f 2422 2236 2264
f 2422 2420 2236
f 2237 2423 2240
f 2237 2421 2423
f 2243 2238 2239
f 2243 2239 2240
f 2243 2240 2424
f 2423 2424 2240
f 2425 2241 2242
f 2425 2245 2241
f 2426 2425 2242
f 2244 2427 2242
f 2426 2242 2427
f 2424 2244 2243
f 2428 2244 2424
f 2428 2427 2244
f 2426 2245 2425
f 2429 2245 2426
f 2429 2246 2245
f 2429 2416 2246
f 2389 2249 2248
f 2430 2249 2389
f 2250 2249 2252
f 2431 2252 2249
f 2249 2430 2431
f 2432 2251 2253
f 2255 2254 2251
f 2251 2432 2255
f 2433 2253 2252
f 2433 2252 2434
f 2434 2252 2431
f 2435 2432 2253
f 2253 2436 2435
f 2433 2436 2253
f 2255 2436 2256
f 2435 2255 2432
f 2436 2255 2435
f 2436 2257 2256
f 2437 2258 2257
f 2257 2436 2438
f 2437 2257 2438
f 2439 2258 2437
f 2258 2439 2260
f 2440 2259 2260
f 2259 2440 2265
f 2260 2439 2441
f 2440 2260 2442
f 2260 2441 2442
f 2443 2261 2265
f 2444 2261 2443
f 2444 2262 2261
f 2444 2263 2262
f 2445 2263 2444
f 2446 2264 2263
f 2445 2446 2263
f 2422 2264 2446
f 2447 2265 2440
f 2443 2265 2447
f 2268 2279 2267
f 2268 2448 2279
f 2269 2448 2268
f 2269 2449 2448
f 2269 2450 2449
f 2270 2450 2269
f 2450 2270 2271
f 2272 2451 2271
f 2450 2271 2451
f 2452 2451 2272
f 2272 2310 2453
f 2452 2272 2453
f 2273 2288 2454
f 2454 2274 2273
f 2274 2454 2455
f 2274 2455 2456
f 2275 2274 2456
f 2275 2456 2457
f 2289 2276 2275
f 2275 2457 2289
f 2277 2458 2278
f 2458 2277 2459
f 2277 2279 2459
f 2458 2280 2278
f 2460 2459 2279
f 2448 2460 2279
f 2458 2281 2280
f 2281 2458 2282
f 2458 2283 2282
f 2285 2283 2461
f 2461 2283 2458
f 2284 2285 2462
f 2463 2284 2462
f 2284 2463 2286
f 2285 2461 2464
f 2285 2464 2462
f 2286 2463 2465
f 2287 2286 2465
f 2287 2465 2466
f 2287 2466 2288
f 2454 2288 2466
f 2467 2290 2289
f 2289 2457 2467
f 2468 2290 2467
f 2291 2290 2468
f 2469 2291 2468
f 2292 2291 2470
f 2291 2469 2470
f 2470 2294 2292
f 2471 2293 2294
f 2471 2297 2293
f 2471 2294 2470
f 2295 2296 2298
f 2296 2297 2472
f 2472 2473 2296
f 2473 2298 2296
f 2297 2471 2472
f 2298 2473 2474
f 2299 2298 2474
f 2299 2474 2475
f 2299 2475 2300
f 2301 2300 2475
f 2301 2475 2476
f 2477 2301 2476
f 2301 2477 2303
f 2306 2302 2303
f 2305 2302 2306
f 2303 2477 2478
f 2306 2303 2478
f 2304 2308 2365
f 2307 2306 2479
f 2306 2478 2479
f 2307 2479 2480
f 2307 2481 2308
f 2481 2307 2482
f 2480 2482 2307
f 2367 2365 2308
f 2481 2483 2308
f 2367 2308 2483
f 2334 2327 2309
f 2453 2310 2484
f 2485 2310 2311
f 2310 2485 2484
f 2313 2485 2311
f 2312 2486 2313
f 2312 2314 2486
f 2485 2313 2486
f 2487 2486 2314
f 2314 2488 2487
f 2314 2315 2488
f 2316 2489 2315
f 2489 2488 2315
f 2317 2490 2316
f 2316 2491 2489
f 2492 2491 2316
f 2490 2492 2316
f 2490 2317 2493
f 2493 2317 2318
f 2319 2494 2318
f 2318 2494 2495
f 2495 2493 2318
f 2321 2494 2319
f 2321 2320 2496
f 2496 2320 2322
f 2321 2495 2494
f 2495 2321 2496
f 2497 2322 2323
f 2497 2496 2322
f 2498 2323 2325
f 2497 2323 2499
f 2499 2323 2498
f 2326 2325 2324
f 2498 2325 2500
f 2325 2326 2500
f 2326 2329 2501
f 2501 2500 2326
f 2334 2328 2327
f 2329 2328 2334
f 2502 2501 2329
f 2503 2329 2334
f 2503 2504 2329
f 2504 2502 2329
f 2505 2333 2330
f 2505 2330 2506
f 2330 2331 2507
f 2507 2506 2330
f 2331 2347 2507
f 2331 2332 2347
f 2334 2333 2503
f 2333 2504 2503
f 2505 2504 2333
f 2335 2508 2346
f 2509 2508 2335
f 2336 2509 2335
f 2336 2337 2509
f 2510 2337 2511
f 2338 2511 2337
f 2337 2510 2509
f 2339 2511 2338
f 2512 2511 2339
f 2512 2339 2341
f 2513 2341 2340
f 2343 2514 2340
f 2514 2513 2340
f 2513 2515 2341
f 2515 2512 2341
f 2516 2343 2342
f 2345 2516 2342
f 2343 2517 2514
f 2518 2517 2343
f 2516 2518 2343
f 2345 2344 2519
f 2520 2519 2344
f 2351 2520 2344
f 2521 2516 2345
f 2519 2521 2345
f 2508 2522 2346
f 2346 2523 2350
f 2346 2522 2523
f 2348 2507 2347
f 2348 2524 2507
f 2348 2349 2524
f 2524 2349 2350
f 2350 2525 2526
f 2350 2526 2524
f 2527 2525 2350
f 2528 2527 2350
f 2350 2523 2528
f 2352 2520 2351
f 2352 2529 2520
f 2353 2529 2352
f 2530 2529 2353
f 2531 2530 2353
f 2353 2354 2531
f 2357 2532 2354
f 2532 2531 2354
f 2533 2358 2355
f 2534 2533 2355
f 2356 2534 2355
f 2359 2535 2356
f 2356 2535 2534
f 2358 2536 2357
f 2537 2532 2357
f 2536 2537 2357
f 2533 2536 2358
f 2538 2535 2359
f 2360 2538 2359
f 2539 2360 2361
f 2539 2538 2360
f 2363 2539 2361
f 2362 2399 2363
f 2540 2539 2363
f 2540 2363 2399
f 2366 2541 2364
f 2368 2364 2541
f 2483 2366 2367
f 2366 2483 2542
f 2543 2366 2542
f 2366 2543 2541
f 2541 2370 2368
f 2544 2370 2543
f 2370 2541 2543
f 2371 2370 2544
f 2545 2371 2544
f 2545 2372 2371
f 2373 2372 2545
f 2545 2546 2373
f 2373 2547 2374
f 2546 2547 2373
f 2374 2547 2548
f 2374 2548 2375
f 2549 2376 2375
f 2549 2375 2548
f 2550 2376 2551
f 2378 2377 2376
f 2549 2551 2376
f 2550 2378 2376
f 2552 2379 2378
f 2378 2550 2552
f 2382 2379 2552
f 2383 2380 2381
f 2553 2383 2381
f 2553 2381 2554
f 2554 2381 2382
f 2555 2382 2552
f 2554 2382 2555
f 2383 2553 2390
f 2384 2392 2556
f 2556 2385 2384
f 2385 2557 2386
f 2557 2385 2556
f 2387 2386 2558
f 2559 2386 2557
f 2558 2386 2559
f 2388 2387 2560
f 2560 2387 2558
f 2561 2389 2388
f 2561 2388 2560
f 2389 2561 2430
f 2390 2553 2562
f 2563 2391 2390
f 2562 2563 2390
f 2392 2391 2564
f 2391 2563 2564
f 2556 2392 2564
f 2393 2565 2401
f 2393 2394 2565
f 2395 2565 2394
f 2395 2566 2565
f 2567 2566 2395
f 2396 2567 2395
f 2567 2396 2568
f 2397 2568 2396
f 2398 2568 2397
f 2402 2568 2398
f 2540 2399 2569
f 2569 2399 2400
f 2400 2570 2569
f 2401 2570 2400
f 2571 2401 2565
f 2571 2572 2401
f 2401 2572 2570
f 2402 2573 2568
f 2574 2573 2402
f 2403 2574 2402
f 2409 2575 2403
f 2575 2574 2403
f 2576 2404 2411
f 2405 2404 2577
f 2404 2576 2577
f 2577 2408 2405
f 2578 2407 2406
f 2579 2578 2406
f 2580 2406 2408
f 2580 2579 2406
f 2575 2409 2407
f 2578 2581 2407
f 2581 2575 2407
f 2582 2408 2577
f 2583 2408 2582
f 2583 2580 2408
f 2412 2584 2410
f 2584 2411 2410
f 2411 2584 2576
f 2412 2585 2584
f 2586 2412 2413
f 2585 2412 2586
f 2413 2419 2586
f 2417 2587 2414
f 2415 2414 2587
f 2415 2587 2419
f 2429 2588 2416
f 2589 2416 2588
f 2589 2418 2416
f 2590 2587 2417
f 2417 2418 2590
f 2418 2589 2591
f 2591 2590 2418
f 2419 2587 2592
f 2593 2586 2419
f 2592 2593 2419
f 2420 2594 2421
f 2594 2420 2595
f 2596 2595 2420
f 2597 2420 2422
f 2420 2597 2596
f 2421 2594 2423
f 2422 2446 2598
f 2599 2422 2598
f 2422 2599 2597
f 2423 2594 2424
f 2424 2594 2428
f 2600 2426 2427
f 2426 2600 2429
f 2601 2427 2428
f 2602 2427 2601
f 2602 2600 2427
f 2428 2594 2595
f 2595 2596 2428
f 2596 2601 2428
f 2600 2588 2429
f 2603 2431 2430
f 2603 2430 2604
f 2604 2430 2561
f 2434 2431 2603
f 2438 2436 2433
f 2433 2605 2438
f 2605 2433 2434
f 2606 2434 2603
f 2606 2605 2434
f 2437 2438 2607
f 2607 2608 2437
f 2609 2437 2608
f 2439 2437 2609
f 2438 2605 2607
f 2609 2610 2439
f 2610 2441 2439
f 2440 2442 2447
f 2611 2442 2441
f 2612 2441 2610
f 2612 2611 2441
f 2613 2442 2611
f 2613 2447 2442
f 2614 2443 2447
f 2615 2443 2614
f 2615 2444 2443
f 2616 2444 2615
f 2616 2617 2444
f 2444 2617 2445
f 2598 2446 2445
f 2618 2598 2445
f 2618 2445 2617
f 2447 2613 2619
f 2447 2619 2614
f 2460 2448 2449
f 2449 2620 2460
f 2620 2449 2621
f 2622 2449 2450
f 2449 2622 2621
f 2450 2451 2622
f 2622 2451 2452
f 2452 2623 2622
f 2452 2624 2623
f 2625 2624 2452
f 2625 2452 2453
f 2626 2625 2453
f 2484 2626 2453
f 2454 2466 2627
f 2454 2627 2455
f 2628 2456 2455
f 2455 2627 2629
f 2628 2455 2629
f 2456 2628 2630
f 2457 2456 2630
f 2630 2631 2457
f 2467 2457 2631
f 2458 2459 2632
f 2632 2461 2458
f 2632 2459 2460
f 2632 2460 2620
f 2633 2461 2632
f 2633 2464 2461
f 2462 2464 2634
f 2634 2463 2462
f 2463 2635 2636
f 2463 2634 2635
f 2465 2463 2636
f 2464 2633 2634
f 2637 2465 2636
f 2637 2466 2465
f 2466 2637 2627
f 2467 2631 2638
f 2468 2467 2639
f 2640 2467 2638
f 2639 2467 2640
f 2468 2639 2469
f 2470 2469 2641
f 2469 2639 2642
f 2641 2469 2642
f 2471 2470 2643
f 2470 2641 2643
f 2472 2471 2643
f 2644 2472 2645
f 2473 2472 2644
f 2472 2643 2645
f 2473 2644 2646
f 2474 2473 2646
f 2475 2474 2647
f 2474 2646 2647
f 2475 2647 2476
f 2648 2476 2647
f 2476 2649 2477
f 2649 2476 2650
f 2476 2648 2650
f 2651 2477 2649
f 2478 2477 2651
f 2478 2652 2479
f 2478 2651 2652
f 2653 2479 2652
f 2479 2653 2480
f 2654 2480 2653
f 2480 2654 2482
f 2655 2481 2482
f 2483 2481 2655
f 2655 2482 2656
f 2654 2656 2482
f 2542 2483 2655
f 2484 2657 2626
f 2658 2657 2484
f 2659 2484 2485
f 2484 2659 2658
f 2659 2485 2486
f 2487 2659 2486
f 2487 2488 2660
f 2659 2487 2661
f 2487 2660 2661
f 2488 2491 2660
f 2491 2488 2489
f 2662 2490 2493
f 2663 2492 2490
f 2663 2490 2664
f 2490 2662 2664
f 2660 2491 2492
f 2492 2665 2660
f 2666 2665 2492
f 2663 2667 2492
f 2666 2492 2667
f 2668 2662 2493
f 2668 2493 2495
f 2669 2495 2496
f 2670 2668 2495
f 2671 2495 2669
f 2495 2671 2670
f 2496 2497 2672
f 2496 2672 2669
f 2497 2499 2673
f 2497 2673 2672
f 2673 2499 2498
f 2500 2673 2498
f 2673 2500 2674
f 2674 2500 2675
f 2675 2500 2501
f 2676 2675 2501
f 2502 2676 2501
f 2677 2676 2502
f 2502 2504 2677
f 2506 2504 2505
f 2678 2677 2504
f 2506 2678 2504
f 2506 2679 2678
f 2679 2506 2507
f 2507 2524 2679
f 2508 2680 2522
f 2508 2681 2680
f 2510 2681 2508
f 2509 2510 2508
f 2682 2681 2510
f 2683 2510 2511
f 2683 2682 2510
f 2683 2511 2512
f 2684 2683 2512
f 2684 2512 2515
f 2513 2685 2515
f 2514 2685 2513
f 2686 2685 2514
f 2517 2686 2514
f 2685 2684 2515
f 2516 2687 2518
f 2521 2687 2516
f 2517 2688 2686
f 2518 2687 2517
f 2689 2688 2517
f 2687 2689 2517
f 2690 2521 2519
f 2529 2519 2520
f 2529 2690 2519
f 2521 2691 2687
f 2690 2691 2521
f 2680 2528 2522
f 2523 2522 2528
f 2524 2526 2679
f 2525 2692 2693
f 2525 2693 2526
f 2694 2692 2525
f 2527 2694 2525
f 2526 2695 2679
f 2526 2696 2695
f 2697 2696 2526
f 2693 2697 2526
f 2527 2698 2694
f 2528 2698 2527
f 2680 2698 2528
f 2529 2699 2690
f 2700 2699 2529
f 2701 2700 2529
f 2530 2701 2529
f 2701 2530 2531
f 2532 2702 2531
f 2702 2701 2531
f 2537 2702 2532
f 2536 2533 2703
f 2704 2703 2533
f 2533 2534 2704
f 2534 2705 2704
f 2706 2705 2534
f 2706 2534 2535
f 2707 2706 2535
f 2708 2707 2535
f 2535 2538 2708
f 2709 2537 2536
f 2703 2709 2536
f 2537 2709 2702
f 2710 2538 2539
f 2711 2708 2538
f 2710 2711 2538
f 2539 2540 2710
f 2712 2711 2540
f 2711 2710 2540
f 2712 2540 2570
f 2569 2570 2540
f 2542 2655 2713
f 2713 2714 2542
f 2543 2542 2714
f 2714 2715 2543
f 2544 2543 2715
f 2715 2716 2544
f 2717 2544 2716
f 2545 2544 2718
f 2717 2718 2544
f 2546 2545 2718
f 2718 2719 2546
f 2720 2546 2719
f 2721 2546 2720
f 2721 2547 2546
f 2722 2547 2721
f 2548 2547 2722
f 2723 2548 2722
f 2549 2548 2723
f 2549 2723 2724
f 2551 2549 2724
f 2552 2550 2725
f 2725 2550 2726
f 2551 2726 2550
f 2727 2551 2724
f 2726 2551 2727
f 2555 2552 2725
f 2562 2553 2728
f 2728 2553 2554
f 2554 2729 2728
f 2729 2554 2555
f 2729 2555 2730
f 2731 2555 2725
f 2555 2731 2730
f 2732 2556 2564
f 2733 2556 2732
f 2556 2733 2557
f 2734 2557 2733
f 2559 2557 2734
f 2735 2560 2558
f 2736 2558 2559
f 2735 2558 2736
f 2559 2734 2737
f 2736 2559 2737
f 2738 2560 2735
f 2560 2738 2561
f 2561 2739 2604
f 2739 2561 2738
f 2563 2562 2740
f 2562 2728 2741
f 2562 2741 2740
f 2742 2564 2563
f 2563 2740 2742
f 2732 2564 2743
f 2743 2564 2742
f 2571 2565 2744
f 2744 2565 2566
f 2566 2745 2744
f 2746 2745 2566
f 2567 2746 2566
f 2568 2573 2567
f 2747 2746 2567
f 2567 2573 2747
f 2570 2748 2712
f 2748 2570 2572
f 2571 2749 2572
f 2750 2749 2571
f 2744 2750 2571
f 2749 2748 2572
f 2751 2573 2574
f 2751 2747 2573
f 2752 2751 2574
f 2574 2575 2752
f 2753 2752 2575
f 2581 2753 2575
f 2754 2576 2584
f 2582 2577 2576
f 2754 2582 2576
f 2579 2755 2578
f 2581 2578 2755
f 2756 2755 2579
f 2757 2756 2579
f 2758 2579 2580
f 2757 2579 2758
f 2580 2583 2758
f 2753 2581 2759
f 2581 2755 2759
f 2760 2582 2754
f 2760 2583 2582
f 2761 2583 2760
f 2761 2758 2583
f 2584 2585 2762
f 2762 2754 2584
f 2585 2763 2762
f 2764 2763 2585
f 2764 2585 2586
f 2593 2764 2586
f 2590 2765 2587
f 2592 2587 2765
f 2589 2588 2766
f 2767 2588 2600
f 2768 2588 2767
f 2768 2766 2588
f 2769 2589 2766
f 2591 2589 2769
f 2591 2770 2590
f 2770 2765 2590
f 2769 2770 2591
f 2592 2765 2771
f 2771 2593 2592
f 2772 2593 2771
f 2772 2764 2593
f 2596 2597 2773
f 2596 2773 2601
f 2774 2597 2599
f 2774 2773 2597
f 2618 2775 2598
f 2775 2599 2598
f 2774 2599 2776
f 2776 2599 2775
f 2767 2600 2602
f 2602 2601 2777
f 2777 2601 2773
f 2777 2778 2602
f 2602 2778 2767
f 2779 2606 2603
f 2780 2603 2604
f 2779 2603 2780
f 2781 2604 2739
f 2780 2604 2781
f 2608 2607 2605
f 2782 2605 2783
f 2608 2605 2782
f 2783 2605 2606
f 2779 2783 2606
f 2608 2782 2609
f 2784 2609 2785
f 2610 2609 2784
f 2609 2782 2785
f 2610 2784 2786
f 2612 2610 2786
f 2787 2611 2612
f 2788 2611 2787
f 2788 2613 2611
f 2789 2612 2786
f 2789 2790 2612
f 2787 2612 2790
f 2791 2613 2788
f 2791 2619 2613
f 2792 2614 2619
f 2616 2615 2614
f 2792 2616 2614
f 2793 2616 2792
f 2794 2616 2793
f 2794 2617 2616
f 2617 2794 2795
f 2617 2795 2618
f 2796 2618 2795
f 2796 2775 2618
f 2791 2797 2619
f 2619 2798 2792
f 2798 2619 2797
f 2632 2620 2799
f 2799 2620 2800
f 2621 2800 2620
f 2800 2621 2801
f 2622 2623 2621
f 2802 2801 2621
f 2623 2802 2621
f 2624 2802 2623
f 2802 2624 2803
f 2804 2803 2624
f 2805 2804 2624
f 2625 2805 2624
f 2806 2805 2625
f 2806 2625 2807
f 2626 2807 2625
f 2807 2626 2657
f 2627 2637 2808
f 2808 2809 2627
f 2627 2809 2629
f 2628 2629 2810
f 2630 2628 2810
f 2629 2809 2811
f 2811 2812 2629
f 2812 2810 2629
f 2630 2810 2631
f 2631 2810 2813
f 2631 2813 2638
f 2633 2632 2799
f 2633 2814 2634
f 2814 2633 2815
f 2799 2815 2633
f 2816 2634 2814
f 2816 2635 2634
f 2817 2636 2635
f 2635 2816 2817
f 2818 2636 2817
f 2818 2819 2636
f 2637 2636 2808
f 2808 2636 2819
f 2638 2813 2820
f 2640 2638 2820
f 2639 2640 2642
f 2640 2820 2821
f 2642 2640 2822
f 2640 2821 2823
f 2822 2640 2823
f 2641 2642 2824
f 2643 2641 2824
f 2824 2642 2825
f 2825 2642 2822
f 2645 2643 2826
f 2643 2824 2826
f 2644 2645 2827
f 2827 2646 2644
f 2827 2645 2828
f 2645 2826 2828
f 2647 2646 2827
f 2647 2827 2829
f 2829 2830 2647
f 2648 2647 2830
f 2830 2650 2648
f 2649 2650 2831
f 2649 2831 2651
f 2831 2650 2832
f 2830 2832 2650
f 2831 2833 2651
f 2651 2833 2652
f 2833 2653 2652
f 2653 2833 2834
f 2654 2653 2835
f 2835 2653 2834
f 2835 2836 2654
f 2654 2836 2656
f 2656 2713 2655
f 2656 2836 2837
f 2713 2656 2837
f 2657 2838 2807
f 2838 2657 2839
f 2658 2839 2657
f 2839 2658 2840
f 2661 2658 2659
f 2840 2658 2661
f 2660 2665 2661
f 2840 2661 2841
f 2842 2841 2661
f 2661 2665 2842
f 2662 2668 2843
f 2843 2844 2662
f 2662 2844 2664
f 2663 2845 2667
f 2846 2845 2663
f 2663 2664 2846
f 2664 2847 2846
f 2844 2847 2664
f 2665 2848 2842
f 2848 2665 2666
f 2849 2848 2666
f 2667 2849 2666
f 2849 2667 2845
f 2850 2843 2668
f 2668 2670 2851
f 2852 2668 2851
f 2668 2852 2850
f 2853 2671 2669
f 2669 2672 2853
f 2854 2670 2671
f 2854 2851 2670
f 2853 2854 2671
f 2673 2853 2672
f 2853 2673 2674
f 2855 2853 2674
f 2674 2675 2855
f 2855 2675 2856
f 2857 2675 2676
f 2857 2856 2675
f 2858 2676 2677
f 2858 2857 2676
f 2859 2858 2677
f 2678 2859 2677
f 2695 2678 2679
f 2859 2678 2860
f 2695 2860 2678
f 2680 2861 2698
f 2862 2861 2680
f 2681 2862 2680
f 2681 2863 2862
f 2682 2863 2681
f 2864 2865 2682
f 2682 2865 2863
f 2682 2866 2864
f 2867 2682 2683
f 2867 2866 2682
f 2867 2683 2684
f 2686 2684 2685
f 2686 2867 2684
f 2688 2868 2686
f 2868 2867 2686
f 2691 2689 2687
f 2688 2869 2868
f 2689 2870 2688
f 2870 2869 2688
f 2699 2689 2691
f 2689 2699 2870
f 2699 2691 2690
f 2693 2692 2871
f 2872 2871 2692
f 2698 2692 2694
f 2698 2872 2692
f 2693 2873 2697
f 2693 2871 2873
f 2874 2860 2695
f 2696 2874 2695
f 2875 2874 2696
f 2697 2875 2696
f 2697 2873 2875
f 2872 2698 2861
f 2699 2876 2870
f 2700 2876 2699
f 2701 2876 2700
f 2877 2876 2701
f 2701 2702 2877
f 2878 2879 2702
f 2879 2880 2702
f 2878 2702 2709
f 2702 2880 2877
f 2703 2878 2709
f 2881 2878 2703
f 2881 2703 2704
f 2882 2881 2704
f 2705 2882 2704
f 2883 2882 2705
f 2884 2705 2706
f 2884 2883 2705
f 2885 2884 2706
f 2707 2885 2706
f 2886 2707 2887
f 2886 2885 2707
f 2708 2887 2707
f 2888 2887 2708
f 2711 2888 2708
f 2889 2888 2711
f 2890 2889 2711
f 2891 2711 2712
f 2891 2890 2711
f 2748 2891 2712
f 2837 2892 2713
f 2892 2893 2713
f 2714 2713 2893
f 2714 2893 2894
f 2714 2894 2715
f 2715 2894 2716
f 2894 2895 2716
f 2896 2716 2895
f 2717 2716 2719
f 2719 2716 2896
f 2718 2717 2719
f 2897 2719 2896
f 2898 2719 2897
f 2720 2719 2898
f 2899 2721 2720
f 2900 2720 2898
f 2899 2720 2900
f 2722 2721 2899
f 2901 2722 2899
f 2723 2722 2901
f 2724 2723 2901
f 2901 2902 2724
f 2724 2902 2903
f 2903 2727 2724
f 2726 2731 2725
f 2731 2726 2904
f 2904 2726 2727
f 2904 2727 2903
f 2728 2729 2905
f 2728 2905 2741
f 2905 2729 2730
f 2730 2906 2905
f 2731 2906 2730
f 2731 2904 2907
f 2908 2731 2907
f 2908 2906 2731
f 2733 2732 2743
f 2909 2733 2743
f 2910 2733 2909
f 2910 2734 2733
f 2910 2737 2734
f 2911 2738 2735
f 2736 2912 2735
f 2735 2912 2911
f 2913 2736 2737
f 2913 2912 2736
f 2737 2910 2914
f 2914 2913 2737
f 2739 2738 2911
f 2915 2739 2911
f 2781 2739 2915
f 2916 2740 2741
f 2740 2917 2742
f 2740 2916 2917
f 2918 2741 2905
f 2918 2916 2741
f 2742 2917 2743
f 2919 2743 2917
f 2909 2743 2919
f 2920 2750 2744
f 2745 2920 2744
f 2745 2921 2920
f 2746 2922 2745
f 2922 2921 2745
f 2923 2746 2747
f 2924 2746 2923
f 2924 2922 2746
f 2923 2747 2751
f 2748 2925 2891
f 2749 2925 2748
f 2750 2925 2749
f 2920 2926 2750
f 2750 2926 2925
f 2927 2751 2752
f 2928 2923 2751
f 2927 2928 2751
f 2753 2929 2752
f 2929 2927 2752
f 2759 2930 2753
f 2753 2930 2929
f 2754 2762 2760
f 2756 2931 2755
f 2755 2931 2759
f 2932 2931 2756
f 2756 2757 2932
f 2933 2757 2758
f 2757 2933 2932
f 2934 2758 2761
f 2758 2934 2933
f 2931 2935 2759
f 2930 2759 2935
f 2762 2763 2760
f 2936 2761 2760
f 2936 2760 2763
f 2937 2761 2936
f 2934 2761 2937
f 2763 2764 2938
f 2936 2763 2938
f 2764 2772 2938
f 2939 2765 2770
f 2765 2939 2940
f 2765 2940 2771
f 2941 2769 2766
f 2941 2766 2768
f 2942 2768 2767
f 2778 2942 2767
f 2943 2768 2942
f 2943 2941 2768
f 2769 2941 2944
f 2945 2770 2769
f 2945 2769 2944
f 2945 2939 2770
f 2940 2772 2771
f 2946 2938 2772
f 2772 2947 2946
f 2772 2940 2947
f 2774 2948 2773
f 2949 2777 2773
f 2948 2950 2773
f 2773 2950 2949
f 2948 2774 2776
f 2796 2776 2775
f 2951 2776 2796
f 2952 2948 2776
f 2952 2776 2951
f 2953 2777 2949
f 2777 2953 2778
f 2954 2942 2778
f 2955 2778 2953
f 2955 2954 2778
f 2779 2780 2956
f 2957 2779 2956
f 2958 2783 2779
f 2958 2779 2957
f 2956 2780 2781
f 2959 2956 2781
f 2915 2960 2781
f 2961 2781 2960
f 2959 2781 2961
f 2785 2782 2783
f 2958 2785 2783
f 2784 2785 2958
f 2784 2958 2962
f 2963 2784 2962
f 2786 2784 2963
f 2963 2789 2786
f 2787 2790 2964
f 2964 2788 2787
f 2791 2788 2797
f 2964 2797 2788
f 2963 2965 2789
f 2965 2966 2789
f 2967 2789 2966
f 2789 2967 2790
f 2968 2790 2967
f 2790 2968 2964
f 2969 2792 2798
f 2969 2793 2792
f 2793 2969 2970
f 2793 2970 2794
f 2971 2794 2970
f 2795 2794 2972
f 2971 2972 2794
f 2796 2795 2972
f 2972 2973 2796
f 2973 2951 2796
f 2974 2797 2964
f 2797 2974 2798
f 2798 2974 2975
f 2975 2969 2798
f 2976 2815 2799
f 2801 2976 2799
f 2799 2800 2801
f 2977 2976 2801
f 2801 2802 2977
f 2978 2977 2802
f 2978 2802 2803
f 2978 2803 2979
f 2980 2979 2803
f 2803 2804 2980
f 2981 2804 2805
f 2982 2980 2804
f 2981 2982 2804
f 2981 2805 2806
f 2806 2807 2983
f 2983 2981 2806
f 2983 2807 2838
f 2819 2984 2808
f 2984 2809 2808
f 2809 2984 2985
f 2811 2809 2985
f 2813 2810 2986
f 2986 2810 2812
f 2985 2987 2811
f 2812 2811 2987
f 2986 2812 2987
f 2813 2986 2988
f 2820 2813 2988
f 2976 2814 2815
f 2989 2816 2814
f 2814 2976 2989
f 2816 2989 2990
f 2817 2816 2990
f 2817 2990 2991
f 2991 2992 2817
f 2993 2817 2992
f 2817 2993 2818
f 2994 2819 2818
f 2818 2993 2995
f 2994 2818 2995
f 2819 2994 2996
f 2819 2996 2984
f 2820 2988 2997
f 2821 2820 2997
f 2821 2997 2823
f 2825 2822 2998
f 2998 2822 2823
f 2823 2997 2999
f 3000 2823 2999
f 2998 2823 3001
f 3001 2823 3000
f 2824 2825 3002
f 3003 2824 3002
f 3003 2826 2824
f 2825 2998 3001
f 2825 3001 3002
f 3003 2828 2826
f 2827 2828 3004
f 2829 2827 3004
f 2828 3005 3004
f 2828 3003 3006
f 3005 2828 3006
f 3007 2829 3004
f 2830 2829 3007
f 3007 3008 2830
f 2832 2830 3008
f 2831 2832 3009
f 3009 2833 2831
f 2832 3010 3009
f 3010 2832 3008
f 2833 3009 3011
f 2833 3012 2834
f 3012 2833 3011
f 3012 3013 2834
f 3014 2835 2834
f 3013 3014 2834
f 2836 2835 3014
f 2836 3014 2837
f 3014 3015 2837
f 2892 2837 3015
f 2983 2838 3016
f 2839 3016 2838
f 2840 3017 2839
f 3018 3016 2839
f 3017 3018 2839
f 3019 3017 2840
f 3019 2840 2841
f 3019 2841 3020
f 2841 3021 3020
f 3021 2841 2842
f 2848 3022 2842
f 3022 3021 2842
f 2844 2843 3023
f 3024 3023 2843
f 2843 2850 3024
f 2847 2844 3023
f 2845 3025 2849
f 3025 2845 3026
f 2845 2846 3027
f 3026 2845 3027
f 2846 2847 3028
f 3028 3027 2846
f 2847 3029 3030
f 2847 3031 3028
f 3031 2847 3030
f 2847 3023 3029
f 2849 3025 2848
f 3025 3032 2848
f 3032 3022 2848
f 3033 2850 2852
f 3024 2850 3034
f 3033 3034 2850
f 2852 2851 3033
f 3035 2851 2854
f 2851 3035 3033
f 2853 3036 2854
f 2853 2855 3036
f 3035 2854 3037
f 3038 3037 2854
f 3038 2854 3036
f 3039 3036 2855
f 3040 3039 2855
f 2856 3040 2855
f 2856 3041 3040
f 3042 3041 2856
f 3043 2856 2857
f 3043 3042 2856
f 3044 2857 2858
f 3044 3043 2857
f 3045 2858 2859
f 3045 3044 2858
f 2860 3045 2859
f 3046 3045 2860
f 2874 3046 2860
f 2861 2871 2872
f 2861 3047 2871
f 2862 3047 2861
f 3048 3049 2862
f 2862 3049 3047
f 2862 3050 3048
f 2863 3050 2862
f 2865 3050 2863
f 3051 3052 2864
f 3051 2864 2866
f 2864 3052 2865
f 3053 3050 2865
f 3052 3053 2865
f 2867 2869 2866
f 3051 2866 2869
f 2869 2867 2868
f 3054 3055 2869
f 2869 2870 3054
f 3055 3051 2869
f 2877 2870 2876
f 2870 2877 3054
f 3047 3056 2871
f 2871 3056 2873
f 2873 3057 2875
f 2873 3056 3057
f 2875 3046 2874
f 2875 3057 3046
f 2880 3058 2877
f 2877 3058 3054
f 3059 2879 2878
f 3060 2878 2881
f 2878 3060 3059
f 3061 2880 2879
f 3062 3061 2879
f 3063 3062 2879
f 3064 2879 3059
f 3064 3063 2879
f 3058 2880 3065
f 3065 2880 3066
f 3061 3066 2880
f 3060 2881 2882
f 3059 3060 2882
f 2883 3059 2882
f 3067 3059 2883
f 3068 3067 2883
f 2884 3068 2883
f 2885 3068 2884
f 2885 2886 3068
f 2886 3069 3068
f 3070 2886 2887
f 3070 3069 2886
f 3071 3070 2887
f 3072 3071 2887
f 3073 2887 2888
f 3073 3072 2887
f 2888 2889 3073
f 3074 3075 2889
f 3076 3074 2889
f 2889 3075 3073
f 3077 3076 2889
f 3077 2889 2890
f 2891 3077 2890
f 2925 3077 2891
f 3015 3078 2892
f 2893 2892 3079
f 2892 3078 3079
f 2893 3079 3080
f 2894 2893 3080
f 3080 2895 2894
f 3081 2895 3080
f 2895 3081 3082
f 2896 2895 3082
f 2896 3083 2897
f 3083 2896 3082
f 2898 2897 3084
f 2897 3085 3084
f 3085 2897 3083
f 3086 2898 3084
f 2900 2898 3086
f 2899 2900 3087
f 2899 3088 2901
f 2899 3087 3089
f 2899 3089 3088
f 3087 2900 3086
f 2902 2901 3088
f 3088 3090 2902
f 3091 2903 2902
f 3091 2902 3090
f 3092 2904 2903
f 3092 2903 3091
f 3093 2904 3092
f 2904 3093 2907
f 2918 2905 2906
f 2918 2906 2908
f 2908 2907 3094
f 3093 3094 2907
f 2908 3095 3096
f 3094 3095 2908
f 3096 2918 2908
f 3097 2909 3098
f 2910 2909 3097
f 2919 3098 2909
f 2914 2910 3097
f 2915 2911 3099
f 3099 2911 3100
f 2911 2912 3100
f 3100 2912 2913
f 2913 3101 3100
f 2914 3102 2913
f 3101 2913 3102
f 3102 2914 3097
f 2960 2915 3099
f 2916 3103 2917
f 2918 3096 2916
f 3103 2916 3096
f 2919 2917 3103
f 3103 3104 2919
f 3098 2919 3105
f 3105 2919 3104
f 3106 2926 2920
f 2921 3106 2920
f 3107 3106 2921
f 3108 3107 2921
f 3109 2921 2922
f 3109 3108 2921
f 2924 3110 2922
f 2922 3110 3109
f 3111 2924 2923
f 3111 2923 2928
f 3112 3110 2924
f 3111 3112 2924
f 2925 3113 3077
f 2926 3113 2925
f 3106 3114 2926
f 2926 3115 3113
f 3114 3115 2926
f 3116 2928 2927
f 2929 3116 2927
f 3116 3111 2928
f 3117 2929 2930
f 3117 3116 2929
f 2935 3118 2930
f 3118 3117 2930
f 3119 2935 2931
f 3119 2931 3120
f 3120 2931 2932
f 3121 2932 2933
f 3121 3120 2932
f 3122 2933 2934
f 3122 3121 2933
f 3123 2934 2937
f 2934 3123 3122
f 3119 3118 2935
f 3124 3125 2936
f 3125 2937 2936
f 2936 2938 3124
f 3125 3123 2937
f 3126 3124 2938
f 2938 2946 3126
f 2939 3127 2940
f 2939 3128 3127
f 2939 2945 3128
f 3127 2947 2940
f 2941 2943 3129
f 3129 2944 2941
f 3130 2942 2954
f 3130 2943 2942
f 3131 3129 2943
f 3131 2943 3130
f 3129 2945 2944
f 3132 2945 3129
f 3132 3128 2945
f 2946 2947 3133
f 2946 3133 3134
f 3134 3126 2946
f 3135 3133 2947
f 3127 3135 2947
f 2950 2948 2952
f 2949 2955 2953
f 2949 2950 2955
f 2950 2952 3136
f 3136 3137 2950
f 2955 2950 3137
f 3138 2951 2973
f 2951 3139 2952
f 3138 3139 2951
f 3136 2952 3139
f 2955 3140 2954
f 2954 3140 3141
f 3141 3130 2954
f 3137 3140 2955
f 2957 2956 2959
f 3142 2958 2957
f 3142 2957 2959
f 3143 2958 3142
f 2958 3143 2962
f 2959 3144 3142
f 2959 3145 3144
f 3145 2959 2961
f 2960 3146 3145
f 3145 2961 2960
f 2960 3099 3147
f 3147 3146 2960
f 2962 3148 2965
f 2965 2963 2962
f 3148 2962 3143
f 3149 2964 2968
f 2974 2964 3149
f 3150 2966 2965
f 3150 2965 3148
f 2966 3150 3151
f 2966 3151 3152
f 3152 3153 2966
f 2967 2966 3153
f 3154 2967 3153
f 3154 2968 2967
f 3149 2968 3154
f 3155 2969 2975
f 3156 2969 3155
f 3156 2970 2969
f 2970 3156 2971
f 3157 2972 2971
f 3158 2971 3156
f 3158 3157 2971
f 3138 2973 2972
f 2972 3157 3138
f 3159 2974 3149
f 3160 2974 3159
f 3161 2975 2974
f 2974 3160 3161
f 3155 2975 3161
f 2976 2990 2989
f 3162 2990 2976
f 2977 3162 2976
f 2977 3163 3162
f 2978 3163 2977
f 3163 2978 2979
f 3163 2979 3164
f 3164 2979 3165
f 2980 3165 2979
f 2982 3165 2980
f 2981 3166 2982
f 3167 3166 2981
f 2981 2983 3167
f 2982 3168 3165
f 3166 3168 2982
f 2983 3169 3167
f 2983 3016 3169
f 3170 3171 2984
f 2985 2984 3171
f 2984 2996 3170
f 2985 3171 3172
f 2987 2985 3172
f 2986 2987 3173
f 2988 2986 3173
f 2987 3172 3174
f 3174 3173 2987
f 2988 3173 3175
f 2997 2988 3175
f 3162 2991 2990
f 3176 2991 3162
f 3176 2992 2991
f 2992 3177 2993
f 2992 3176 3177
f 3176 2993 3177
f 3176 3178 2993
f 3179 2993 3178
f 3179 2995 2993
f 2995 2996 2994
f 2996 2995 3179
f 3180 2996 3179
f 3170 2996 3180
f 2999 2997 3175
f 2999 3175 3181
f 2999 3181 3000
f 3000 3181 3182
f 3000 3182 3183
f 3001 3000 3184
f 3185 3184 3000
f 3000 3183 3185
f 3002 3001 3184
f 3002 3184 3186
f 3003 3002 3186
f 3006 3003 3187
f 3186 3187 3003
f 3004 3005 3188
f 3007 3004 3188
f 3188 3005 3189
f 3005 3006 3190
f 3189 3005 3190
f 3006 3187 3190
f 3188 3191 3007
f 3191 3192 3007
f 3192 3008 3007
f 3008 3192 3193
f 3010 3008 3193
f 3194 3009 3010
f 3011 3009 3194
f 3010 3193 3195
f 3196 3010 3195
f 3194 3010 3196
f 3197 3011 3194
f 3011 3197 3012
f 3197 3198 3012
f 3198 3013 3012
f 3198 3199 3013
f 3200 3013 3199
f 3013 3201 3014
f 3201 3013 3200
f 3015 3014 3201
f 3201 3078 3015
f 3018 3169 3016
f 3019 3018 3017
f 3018 3019 3202
f 3203 3169 3018
f 3202 3203 3018
f 3020 3202 3019
f 3020 3204 3202
f 3205 3204 3020
f 3205 3020 3021
f 3206 3021 3022
f 3205 3021 3206
f 3022 3207 3206
f 3208 3022 3032
f 3207 3022 3208
f 3034 3023 3024
f 3029 3023 3034
f 3209 3032 3025
f 3026 3209 3025
f 3210 3209 3026
f 3211 3026 3027
f 3026 3211 3212
f 3212 3210 3026
f 3027 3028 3213
f 3027 3213 3211
f 3031 3214 3028
f 3214 3215 3028
f 3215 3213 3028
f 3029 3034 3216
f 3030 3029 3217
f 3216 3217 3029
f 3217 3031 3030
f 3031 3217 3214
f 3209 3208 3032
f 3033 3035 3218
f 3033 3218 3034
f 3219 3034 3218
f 3220 3216 3034
f 3220 3034 3219
f 3221 3218 3035
f 3037 3221 3035
f 3039 3038 3036
f 3222 3221 3037
f 3223 3222 3037
f 3223 3037 3038
f 3224 3038 3039
f 3224 3223 3038
f 3040 3224 3039
f 3041 3224 3040
f 3041 3223 3224
f 3225 3223 3041
f 3226 3041 3042
f 3226 3225 3041
f 3042 3227 3226
f 3228 3227 3042
f 3228 3042 3043
f 3044 3228 3043
f 3229 3228 3044
f 3045 3230 3044
f 3230 3229 3044
f 3057 3230 3045
f 3057 3045 3046
f 3231 3232 3047
f 3056 3047 3232
f 3047 3049 3231
f 3233 3049 3048
f 3050 3233 3048
f 3233 3234 3049
f 3234 3231 3049
f 3050 3235 3233
f 3050 3053 3235
f 3051 3236 3052
f 3237 3236 3051
f 3238 3237 3051
f 3055 3238 3051
f 3053 3052 3239
f 3052 3240 3239
f 3236 3240 3052
f 3239 3241 3053
f 3053 3241 3235
f 3054 3238 3055
f 3242 3238 3054
f 3054 3058 3242
f 3056 3230 3057
f 3056 3243 3230
f 3232 3243 3056
f 3242 3058 3065
f 3067 3064 3059
f 3062 3066 3061
f 3244 3062 3063
f 3245 3062 3244
f 3062 3246 3066
f 3245 3246 3062
f 3247 3244 3063
f 3063 3064 3248
f 3249 3247 3063
f 3248 3249 3063
f 3064 3067 3250
f 3248 3064 3250
f 3065 3251 3242
f 3065 3066 3251
f 3251 3066 3252
f 3253 3252 3066
f 3066 3246 3253
f 3068 3250 3067
f 3068 3248 3250
f 3069 3248 3068
f 3254 3248 3069
f 3069 3070 3255
f 3069 3255 3254
f 3071 3255 3070
f 3072 3256 3071
f 3256 3255 3071
f 3072 3257 3256
f 3258 3257 3072
f 3258 3072 3073
f 3075 3258 3073
f 3074 3259 3075
f 3074 3260 3259
f 3076 3260 3074
f 3075 3259 3258
f 3261 3260 3076
f 3262 3076 3263
f 3263 3076 3077
f 3262 3264 3076
f 3261 3076 3264
f 3113 3263 3077
f 3201 3265 3078
f 3266 3078 3265
f 3079 3078 3266
f 3266 3267 3079
f 3079 3267 3080
f 3267 3081 3080
f 3267 3268 3081
f 3082 3081 3268
f 3082 3268 3269
f 3083 3082 3269
f 3269 3270 3083
f 3270 3085 3083
f 3086 3084 3085
f 3086 3085 3271
f 3271 3085 3270
f 3087 3086 3272
f 3273 3086 3271
f 3272 3086 3273
f 3087 3272 3089
f 3090 3088 3089
f 3090 3089 3274
f 3272 3275 3089
f 3275 3274 3089
f 3090 3274 3091
f 3276 3091 3274
f 3276 3092 3091
f 3093 3092 3277
f 3276 3277 3092
f 3278 3093 3279
f 3093 3277 3279
f 3278 3094 3093
f 3095 3094 3280
f 3280 3094 3278
f 3281 3096 3095
f 3282 3281 3095
f 3283 3095 3280
f 3095 3283 3282
f 3104 3103 3096
f 3096 3281 3104
f 3097 3098 3284
f 3097 3284 3102
f 3285 3098 3105
f 3284 3098 3285
f 3286 3099 3100
f 3147 3099 3286
f 3286 3100 3101
f 3102 3287 3101
f 3287 3288 3101
f 3101 3288 3286
f 3287 3102 3284
f 3105 3104 3281
f 3289 3285 3105
f 3289 3105 3290
f 3281 3290 3105
f 3114 3106 3291
f 3107 3291 3106
f 3107 3292 3291
f 3292 3107 3293
f 3293 3107 3108
f 3294 3293 3108
f 3295 3294 3108
f 3296 3108 3109
f 3108 3296 3297
f 3297 3295 3108
f 3296 3109 3110
f 3298 3296 3110
f 3299 3110 3112
f 3110 3299 3298
f 3300 3112 3111
f 3301 3300 3111
f 3302 3111 3116
f 3302 3301 3111
f 3303 3299 3112
f 3300 3303 3112
f 3115 3304 3113
f 3113 3305 3263
f 3113 3306 3305
f 3113 3304 3306
f 3307 3308 3114
f 3114 3309 3307
f 3291 3309 3114
f 3308 3115 3114
f 3310 3304 3115
f 3311 3310 3115
f 3312 3311 3115
f 3308 3312 3115
f 3313 3302 3116
f 3117 3314 3116
f 3314 3313 3116
f 3315 3314 3117
f 3118 3315 3117
f 3119 3315 3118
f 3316 3317 3119
f 3317 3315 3119
f 3120 3316 3119
f 3318 3316 3120
f 3318 3120 3121
f 3319 3121 3122
f 3121 3319 3318
f 3320 3122 3123
f 3320 3319 3122
f 3321 3123 3125
f 3321 3322 3123
f 3320 3123 3322
f 3126 3323 3124
f 3124 3323 3125
f 3323 3321 3125
f 3126 3134 3323
f 3127 3324 3325
f 3325 3135 3127
f 3127 3326 3324
f 3326 3127 3128
f 3128 3132 3326
f 3327 3132 3129
f 3129 3131 3327
f 3131 3130 3141
f 3141 3328 3131
f 3328 3329 3131
f 3329 3327 3131
f 3330 3132 3327
f 3326 3132 3330
f 3331 3134 3133
f 3133 3135 3331
f 3323 3134 3332
f 3333 3332 3134
f 3333 3134 3331
f 3334 3331 3135
f 3135 3325 3334
f 3335 3136 3139
f 3336 3136 3335
f 3137 3136 3336
f 3140 3137 3337
f 3338 3137 3336
f 3338 3339 3137
f 3339 3337 3137
f 3335 3138 3340
f 3335 3139 3138
f 3341 3138 3157
f 3341 3340 3138
f 3140 3342 3141
f 3140 3337 3342
f 3342 3343 3141
f 3328 3141 3343
f 3148 3143 3142
f 3344 3142 3144
f 3148 3142 3344
f 3345 3144 3145
f 3345 3344 3144
f 3346 3345 3145
f 3347 3145 3146
f 3346 3145 3347
f 3348 3146 3147
f 3146 3348 3349
f 3347 3146 3349
f 3286 3348 3147
f 3350 3150 3148
f 3350 3148 3344
f 3351 3149 3154
f 3159 3149 3351
f 3151 3150 3350
f 3152 3151 3350
f 3152 3350 3352
f 3353 3152 3352
f 3354 3152 3353
f 3354 3153 3152
f 3355 3154 3153
f 3355 3153 3354
f 3355 3351 3154
f 3155 3161 3356
f 3357 3155 3356
f 3357 3156 3155
f 3357 3158 3156
f 3358 3157 3158
f 3358 3341 3157
f 3359 3158 3357
f 3358 3158 3359
f 3351 3360 3159
f 3160 3159 3360
f 3160 3361 3362
f 3362 3161 3160
f 3160 3360 3361
f 3363 3161 3362
f 3363 3356 3161
f 3163 3176 3162
f 3364 3176 3163
f 3164 3364 3163
f 3365 3366 3164
f 3164 3366 3364
f 3165 3365 3164
f 3165 3367 3365
f 3165 3168 3367
f 3166 3368 3168
f 3368 3166 3369
f 3370 3369 3166
f 3370 3166 3371
f 3167 3371 3166
f 3169 3371 3167
f 3168 3372 3367
f 3368 3372 3168
f 3371 3169 3203
f 3171 3170 3373
f 3373 3170 3374
f 3170 3180 3375
f 3375 3374 3170
f 3376 3171 3373
f 3376 3172 3171
f 3172 3376 3377
f 3174 3172 3377
f 3173 3174 3378
f 3379 3173 3378
f 3181 3173 3379
f 3175 3173 3181
f 3174 3377 3378
f 3364 3178 3176
f 3178 3364 3366
f 3179 3178 3366
f 3179 3366 3380
f 3180 3179 3380
f 3180 3380 3381
f 3180 3381 3375
f 3181 3379 3382
f 3181 3382 3182
f 3383 3182 3382
f 3182 3383 3384
f 3183 3182 3384
f 3384 3385 3183
f 3386 3183 3385
f 3185 3183 3386
f 3184 3387 3186
f 3184 3185 3387
f 3388 3185 3386
f 3387 3185 3388
f 3186 3387 3389
f 3187 3186 3390
f 3186 3389 3390
f 3190 3187 3391
f 3391 3187 3390
f 3191 3188 3392
f 3188 3189 3393
f 3392 3188 3393
f 3394 3189 3190
f 3393 3189 3394
f 3190 3391 3395
f 3394 3190 3395
f 3191 3392 3396
f 3192 3191 3396
f 3192 3396 3397
f 3193 3192 3397
f 3195 3193 3398
f 3398 3193 3397
f 3197 3194 3196
f 3399 3195 3398
f 3399 3196 3195
f 3197 3196 3400
f 3400 3196 3401
f 3401 3196 3399
f 3198 3197 3400
f 3198 3400 3402
f 3199 3198 3402
f 3199 3402 3403
f 3404 3199 3403
f 3405 3199 3406
f 3406 3199 3404
f 3200 3199 3405
f 3200 3265 3201
f 3265 3200 3405
f 3202 3407 3203
f 3407 3202 3204
f 3203 3408 3371
f 3203 3409 3408
f 3203 3407 3409
f 3407 3204 3410
f 3410 3204 3411
f 3205 3411 3204
f 3205 3206 3411
f 3206 3412 3411
f 3206 3207 3412
f 3207 3413 3412
f 3413 3207 3208
f 3208 3209 3414
f 3413 3208 3414
f 3415 3414 3209
f 3210 3415 3209
f 3416 3415 3210
f 3416 3210 3417
f 3210 3212 3417
f 3418 3211 3213
f 3419 3212 3211
f 3418 3419 3211
f 3420 3212 3419
f 3417 3212 3421
f 3421 3212 3420
f 3213 3215 3422
f 3422 3418 3213
f 3214 3217 3423
f 3424 3214 3423
f 3424 3425 3214
f 3425 3215 3214
f 3426 3422 3215
f 3426 3215 3425
f 3216 3427 3428
f 3427 3216 3220
f 3429 3217 3216
f 3428 3429 3216
f 3429 3423 3217
f 3218 3222 3219
f 3222 3218 3221
f 3222 3220 3219
f 3427 3220 3430
f 3222 3430 3220
f 3223 3431 3222
f 3431 3430 3222
f 3225 3431 3223
f 3432 3225 3226
f 3431 3225 3433
f 3225 3434 3433
f 3435 3434 3225
f 3432 3435 3225
f 3227 3432 3226
f 3436 3227 3228
f 3432 3227 3437
f 3438 3227 3436
f 3438 3437 3227
f 3229 3436 3228
f 3243 3229 3230
f 3243 3436 3229
f 3231 3438 3243
f 3439 3438 3231
f 3232 3231 3243
f 3234 3439 3231
f 3234 3233 3440
f 3441 3440 3233
f 3235 3441 3233
f 3440 3439 3234
f 3235 3241 3441
f 3442 3240 3236
f 3442 3236 3443
f 3236 3237 3443
f 3238 3443 3237
f 3444 3443 3238
f 3242 3444 3238
f 3239 3445 3241
f 3240 3445 3239
f 3240 3446 3445
f 3447 3446 3240
f 3442 3447 3240
f 3448 3241 3449
f 3450 3441 3241
f 3448 3450 3241
f 3449 3241 3445
f 3451 3444 3242
f 3251 3451 3242
f 3243 3438 3436
f 3452 3245 3244
f 3452 3244 3453
f 3454 3244 3247
f 3453 3244 3454
f 3453 3245 3452
f 3245 3455 3246
f 3456 3455 3245
f 3456 3245 3457
f 3453 3457 3245
f 3253 3246 3458
f 3455 3458 3246
f 3459 3247 3249
f 3459 3454 3247
f 3248 3254 3249
f 3254 3459 3249
f 3460 3451 3251
f 3252 3460 3251
f 3252 3461 3460
f 3462 3461 3252
f 3252 3463 3462
f 3463 3252 3253
f 3463 3253 3458
f 3255 3464 3254
f 3464 3459 3254
f 3464 3255 3465
f 3256 3465 3255
f 3257 3465 3256
f 3257 3466 3467
f 3467 3468 3257
f 3257 3468 3465
f 3466 3257 3258
f 3259 3466 3258
f 3469 3466 3259
f 3259 3260 3469
f 3260 3470 3471
f 3471 3469 3260
f 3472 3260 3261
f 3473 3260 3472
f 3473 3470 3260
f 3264 3472 3261
f 3264 3262 3474
f 3305 3262 3263
f 3305 3474 3262
f 3473 3264 3475
f 3474 3475 3264
f 3264 3473 3472
f 3405 3476 3265
f 3476 3266 3265
f 3477 3266 3476
f 3478 3266 3477
f 3267 3266 3478
f 3268 3267 3478
f 3478 3479 3268
f 3269 3268 3479
f 3480 3269 3479
f 3481 3269 3480
f 3481 3270 3269
f 3271 3270 3482
f 3481 3482 3270
f 3271 3482 3483
f 3484 3271 3483
f 3271 3484 3273
f 3272 3273 3485
f 3275 3272 3485
f 3273 3484 3485
f 3276 3274 3486
f 3275 3486 3274
f 3487 3275 3485
f 3275 3487 3488
f 3275 3488 3489
f 3486 3275 3489
f 3490 3276 3486
f 3276 3491 3277
f 3491 3276 3490
f 3277 3491 3492
f 3277 3492 3279
f 3278 3493 3494
f 3279 3493 3278
f 3494 3280 3278
f 3492 3495 3279
f 3495 3493 3279
f 3283 3280 3494
f 3290 3281 3282
f 3496 3290 3282
f 3496 3282 3283
f 3496 3283 3497
f 3494 3497 3283
f 3284 3285 3498
f 3499 3284 3498
f 3287 3284 3499
f 3498 3285 3289
f 3500 3286 3288
f 3286 3500 3348
f 3501 3288 3287
f 3502 3287 3499
f 3287 3503 3501
f 3503 3287 3502
f 3500 3288 3501
f 3499 3498 3289
f 3499 3289 3504
f 3289 3290 3505
f 3504 3289 3505
f 3505 3290 3496
f 3291 3506 3309
f 3507 3506 3291
f 3292 3507 3291
f 3508 3292 3293
f 3508 3509 3292
f 3509 3507 3292
f 3294 3508 3293
f 3510 3508 3294
f 3511 3510 3294
f 3295 3511 3294
f 3512 3295 3297
f 3512 3511 3295
f 3512 3297 3296
f 3298 3512 3296
f 3513 3512 3298
f 3514 3513 3298
f 3514 3298 3299
f 3514 3299 3515
f 3303 3515 3299
f 3516 3303 3300
f 3517 3300 3301
f 3516 3300 3517
f 3518 3517 3301
f 3519 3518 3301
f 3519 3301 3302
f 3520 3521 3302
f 3520 3302 3313
f 3519 3302 3521
f 3303 3522 3515
f 3523 3522 3303
f 3523 3303 3516
f 3524 3306 3304
f 3304 3310 3524
f 3525 3474 3305
f 3306 3525 3305
f 3524 3525 3306
f 3526 3307 3309
f 3526 3308 3307
f 3308 3527 3312
f 3528 3527 3308
f 3528 3308 3526
f 3506 3526 3309
f 3310 3529 3524
f 3310 3530 3529
f 3530 3310 3311
f 3312 3530 3311
f 3531 3530 3312
f 3312 3527 3531
f 3314 3520 3313
f 3532 3520 3314
f 3533 3532 3314
f 3315 3533 3314
f 3317 3534 3315
f 3534 3533 3315
f 3535 3316 3318
f 3316 3536 3317
f 3536 3316 3537
f 3535 3537 3316
f 3536 3534 3317
f 3535 3318 3319
f 3538 3535 3319
f 3539 3319 3540
f 3540 3319 3320
f 3539 3538 3319
f 3541 3320 3322
f 3542 3540 3320
f 3542 3320 3541
f 3322 3321 3541
f 3321 3543 3541
f 3543 3321 3323
f 3332 3543 3323
f 3324 3544 3325
f 3544 3324 3326
f 3544 3334 3325
f 3545 3326 3330
f 3545 3544 3326
f 3327 3329 3330
f 3343 3329 3328
f 3329 3343 3546
f 3546 3330 3329
f 3545 3330 3547
f 3330 3546 3547
f 3331 3334 3548
f 3548 3333 3331
f 3332 3549 3543
f 3549 3332 3333
f 3333 3550 3549
f 3333 3548 3550
f 3334 3544 3548
f 3551 3335 3340
f 3335 3552 3336
f 3552 3335 3551
f 3338 3336 3552
f 3342 3337 3553
f 3554 3337 3339
f 3554 3553 3337
f 3339 3338 3555
f 3555 3338 3552
f 3555 3554 3339
f 3341 3551 3340
f 3556 3551 3341
f 3358 3556 3341
f 3342 3553 3343
f 3557 3343 3553
f 3557 3546 3343
f 3558 3344 3345
f 3559 3344 3558
f 3352 3350 3344
f 3559 3352 3344
f 3345 3346 3558
f 3560 3346 3561
f 3560 3558 3346
f 3347 3561 3346
f 3561 3347 3562
f 3562 3347 3563
f 3347 3349 3563
f 3349 3348 3500
f 3564 3349 3500
f 3349 3564 3563
f 3351 3355 3565
f 3566 3351 3565
f 3351 3566 3360
f 3353 3352 3559
f 3567 3353 3559
f 3354 3353 3567
f 3567 3568 3354
f 3569 3354 3568
f 3355 3354 3569
f 3565 3355 3569
f 3570 3356 3363
f 3570 3357 3356
f 3357 3570 3359
f 3358 3359 3571
f 3571 3572 3358
f 3572 3556 3358
f 3573 3359 3570
f 3574 3571 3359
f 3359 3573 3574
f 3361 3360 3566
f 3362 3361 3575
f 3361 3576 3577
f 3575 3361 3577
f 3566 3576 3361
f 3362 3575 3363
f 3363 3575 3578
f 3579 3363 3578
f 3363 3579 3570
f 3580 3366 3365
f 3365 3581 3580
f 3581 3365 3582
f 3367 3582 3365
f 3366 3580 3583
f 3366 3583 3380
f 3582 3367 3584
f 3372 3584 3367
f 3368 3585 3372
f 3586 3585 3368
f 3369 3586 3368
f 3586 3369 3587
f 3370 3587 3369
f 3408 3370 3371
f 3370 3588 3587
f 3408 3588 3370
f 3585 3584 3372
f 3373 3374 3589
f 3376 3373 3589
f 3375 3590 3374
f 3589 3374 3591
f 3374 3590 3591
f 3592 3375 3381
f 3375 3592 3593
f 3590 3375 3593
f 3377 3376 3594
f 3594 3376 3589
f 3378 3377 3595
f 3595 3377 3594
f 3379 3378 3596
f 3378 3595 3596
f 3596 3382 3379
f 3381 3380 3583
f 3580 3581 3381
f 3597 3381 3581
f 3583 3580 3381
f 3381 3597 3598
f 3592 3381 3598
f 3383 3382 3596
f 3384 3383 3599
f 3596 3600 3383
f 3599 3383 3600
f 3601 3384 3599
f 3384 3601 3602
f 3385 3384 3602
f 3603 3385 3602
f 3385 3603 3604
f 3386 3385 3604
f 3388 3386 3604
f 3605 3389 3387
f 3387 3388 3605
f 3604 3605 3388
f 3389 3605 3606
f 3390 3389 3607
f 3607 3389 3606
f 3391 3390 3607
f 3395 3391 3607
f 3608 3392 3393
f 3392 3608 3396
f 3609 3393 3394
f 3393 3609 3608
f 3395 3610 3394
f 3394 3610 3611
f 3609 3394 3611
f 3607 3612 3395
f 3610 3395 3612
f 3396 3608 3613
f 3397 3396 3614
f 3614 3396 3613
f 3398 3397 3615
f 3616 3615 3397
f 3616 3397 3614
f 3398 3615 3617
f 3398 3617 3618
f 3399 3398 3618
f 3619 3399 3618
f 3401 3399 3619
f 3620 3621 3400
f 3622 3400 3621
f 3402 3400 3622
f 3620 3400 3401
f 3401 3619 3623
f 3620 3401 3623
f 3403 3402 3622
f 3403 3622 3621
f 3621 3624 3403
f 3404 3403 3624
f 3625 3404 3624
f 3626 3404 3625
f 3405 3406 3404
f 3405 3404 3627
f 3626 3627 3404
f 3476 3405 3628
f 3405 3627 3628
f 3410 3409 3407
f 3409 3588 3408
f 3409 3629 3588
f 3630 3629 3409
f 3630 3409 3631
f 3631 3409 3410
f 3632 3631 3410
f 3410 3411 3632
f 3633 3632 3411
f 3634 3633 3411
f 3411 3412 3634
f 3634 3412 3635
f 3413 3635 3412
f 3636 3413 3414
f 3413 3636 3635
f 3637 3636 3414
f 3638 3414 3415
f 3414 3638 3637
f 3638 3415 3639
f 3415 3416 3639
f 3639 3416 3640
f 3416 3417 3640
f 3640 3417 3641
f 3642 3641 3417
f 3421 3642 3417
f 3643 3419 3418
f 3643 3418 3422
f 3643 3420 3419
f 3420 3642 3421
f 3644 3642 3420
f 3644 3420 3643
f 3643 3422 3426
f 3645 3423 3429
f 3645 3424 3423
f 3424 3645 3425
f 3645 3426 3425
f 3646 3643 3426
f 3647 3646 3426
f 3647 3426 3645
f 3428 3427 3430
f 3648 3429 3428
f 3433 3428 3431
f 3433 3648 3428
f 3431 3428 3430
f 3429 3648 3645
f 3437 3649 3432
f 3649 3435 3432
f 3434 3648 3433
f 3650 3648 3434
f 3435 3651 3434
f 3651 3650 3434
f 3651 3435 3649
f 3652 3649 3437
f 3439 3437 3438
f 3437 3439 3652
f 3440 3652 3439
f 3652 3440 3653
f 3441 3653 3440
f 3441 3450 3653
f 3654 3655 3442
f 3656 3654 3442
f 3443 3656 3442
f 3442 3655 3447
f 3656 3443 3444
f 3451 3656 3444
f 3445 3657 3449
f 3446 3657 3445
f 3658 3657 3446
f 3658 3446 3659
f 3659 3446 3447
f 3659 3447 3655
f 3660 3661 3448
f 3449 3660 3448
f 3661 3450 3448
f 3657 3660 3449
f 3450 3662 3653
f 3661 3662 3450
f 3663 3656 3451
f 3460 3663 3451
f 3454 3664 3453
f 3665 3457 3453
f 3666 3665 3453
f 3667 3453 3664
f 3666 3453 3667
f 3454 3459 3664
f 3668 3455 3456
f 3669 3458 3455
f 3670 3669 3455
f 3668 3670 3455
f 3665 3668 3456
f 3457 3665 3456
f 3671 3463 3458
f 3669 3671 3458
f 3672 3459 3464
f 3672 3664 3459
f 3663 3460 3461
f 3461 3673 3674
f 3663 3461 3674
f 3462 3673 3461
f 3675 3673 3462
f 3462 3676 3675
f 3676 3462 3463
f 3671 3676 3463
f 3672 3464 3465
f 3465 3468 3672
f 3471 3466 3469
f 3466 3677 3467
f 3678 3677 3466
f 3471 3678 3466
f 3679 3680 3467
f 3467 3680 3468
f 3677 3679 3467
f 3468 3667 3664
f 3468 3664 3672
f 3680 3667 3468
f 3681 3471 3470
f 3473 3681 3470
f 3681 3678 3471
f 3473 3682 3681
f 3475 3683 3473
f 3473 3684 3682
f 3684 3473 3683
f 3474 3685 3475
f 3525 3685 3474
f 3685 3683 3475
f 3476 3628 3686
f 3477 3476 3686
f 3687 3477 3688
f 3477 3687 3478
f 3686 3688 3477
f 3479 3478 3687
f 3479 3687 3689
f 3479 3689 3690
f 3691 3479 3690
f 3691 3480 3479
f 3692 3480 3691
f 3692 3481 3480
f 3481 3483 3482
f 3483 3481 3692
f 3693 3484 3483
f 3693 3483 3692
f 3487 3484 3693
f 3485 3484 3487
f 3694 3695 3486
f 3486 3695 3490
f 3694 3486 3489
f 3487 3693 3696
f 3487 3696 3697
f 3697 3488 3487
f 3488 3697 3698
f 3489 3488 3699
f 3699 3488 3698
f 3694 3489 3700
f 3701 3700 3489
f 3701 3489 3699
f 3490 3702 3491
f 3702 3490 3695
f 3492 3491 3703
f 3702 3703 3491
f 3703 3704 3492
f 3492 3704 3495
f 3494 3493 3705
f 3705 3493 3495
f 3706 3494 3705
f 3497 3494 3706
f 3707 3705 3495
f 3707 3495 3708
f 3704 3708 3495
f 3709 3496 3497
f 3709 3505 3496
f 3497 3706 3710
f 3497 3711 3709
f 3711 3497 3710
f 3712 3499 3504
f 3499 3712 3502
f 3713 3500 3501
f 3713 3564 3500
f 3713 3501 3714
f 3501 3503 3714
f 3502 3712 3503
f 3712 3715 3503
f 3714 3503 3715
f 3716 3715 3504
f 3715 3712 3504
f 3504 3505 3717
f 3716 3504 3717
f 3718 3505 3709
f 3718 3717 3505
f 3509 3719 3506
f 3526 3506 3720
f 3509 3506 3507
f 3506 3719 3720
f 3721 3509 3508
f 3721 3508 3722
f 3510 3722 3508
f 3509 3723 3719
f 3724 3723 3509
f 3724 3509 3725
f 3721 3725 3509
f 3510 3511 3726
f 3727 3722 3510
f 3728 3727 3510
f 3726 3728 3510
f 3726 3511 3512
f 3729 3726 3512
f 3513 3729 3512
f 3730 3729 3513
f 3514 3730 3513
f 3515 3730 3514
f 3731 3515 3522
f 3731 3730 3515
f 3732 3523 3516
f 3733 3732 3516
f 3733 3516 3517
f 3518 3733 3517
f 3734 3733 3518
f 3734 3518 3519
f 3519 3521 3734
f 3735 3736 3520
f 3520 3532 3735
f 3520 3736 3521
f 3737 3521 3736
f 3521 3738 3734
f 3737 3738 3521
f 3739 3522 3523
f 3740 3731 3522
f 3522 3741 3740
f 3739 3741 3522
f 3742 3739 3523
f 3732 3742 3523
f 3524 3685 3525
f 3524 3743 3685
f 3524 3744 3743
f 3524 3529 3744
f 3526 3720 3528
f 3528 3531 3527
f 3528 3745 3531
f 3720 3745 3528
f 3530 3744 3529
f 3530 3746 3744
f 3530 3747 3746
f 3748 3747 3530
f 3749 3748 3530
f 3531 3749 3530
f 3750 3749 3531
f 3751 3750 3531
f 3745 3751 3531
f 3533 3752 3532
f 3753 3735 3532
f 3752 3753 3532
f 3533 3753 3752
f 3754 3753 3533
f 3533 3534 3754
f 3536 3755 3534
f 3755 3754 3534
f 3756 3535 3538
f 3756 3537 3535
f 3537 3755 3536
f 3537 3757 3755
f 3758 3757 3537
f 3756 3758 3537
f 3759 3756 3538
f 3760 3538 3539
f 3760 3759 3538
f 3760 3539 3540
f 3761 3540 3542
f 3761 3760 3540
f 3541 3762 3542
f 3763 3541 3543
f 3763 3762 3541
f 3761 3542 3762
f 3549 3763 3543
f 3544 3545 3764
f 3764 3765 3544
f 3765 3548 3544
f 3764 3545 3766
f 3545 3547 3766
f 3767 3546 3768
f 3546 3557 3769
f 3769 3768 3546
f 3767 3547 3546
f 3767 3766 3547
f 3548 3765 3770
f 3771 3548 3770
f 3548 3771 3550
f 3772 3763 3549
f 3550 3772 3549
f 3771 3773 3550
f 3774 3772 3550
f 3773 3774 3550
f 3556 3552 3551
f 3552 3556 3572
f 3775 3552 3572
f 3775 3555 3552
f 3554 3776 3553
f 3557 3553 3776
f 3554 3555 3777
f 3777 3776 3554
f 3777 3555 3775
f 3557 3776 3778
f 3557 3778 3769
f 3559 3558 3560
f 3559 3779 3567
f 3779 3559 3560
f 3780 3560 3561
f 3780 3779 3560
f 3561 3781 3780
f 3781 3561 3562
f 3562 3563 3782
f 3781 3562 3782
f 3563 3564 3783
f 3563 3784 3782
f 3784 3563 3783
f 3713 3785 3564
f 3783 3564 3785
f 3576 3566 3565
f 3786 3565 3569
f 3787 3565 3786
f 3576 3565 3787
f 3779 3788 3567
f 3568 3567 3788
f 3568 3788 3789
f 3789 3790 3568
f 3786 3569 3568
f 3791 3568 3790
f 3786 3568 3791
f 3570 3579 3792
f 3570 3792 3573
f 3574 3793 3571
f 3794 3572 3571
f 3795 3794 3571
f 3796 3795 3571
f 3793 3796 3571
f 3775 3572 3794
f 3573 3792 3797
f 3798 3574 3573
f 3798 3573 3797
f 3799 3574 3798
f 3799 3793 3574
f 3575 3577 3800
f 3575 3800 3801
f 3575 3801 3578
f 3577 3576 3787
f 3577 3787 3802
f 3800 3577 3802
f 3801 3579 3578
f 3803 3579 3801
f 3804 3792 3579
f 3579 3803 3804
f 3581 3582 3597
f 3597 3582 3805
f 3806 3805 3582
f 3584 3806 3582
f 3585 3806 3584
f 3585 3807 3806
f 3808 3807 3585
f 3586 3808 3585
f 3809 3808 3586
f 3810 3809 3586
f 3586 3587 3810
f 3810 3587 3811
f 3812 3811 3587
f 3588 3812 3587
f 3629 3812 3588
f 3591 3813 3589
f 3814 3589 3813
f 3814 3594 3589
f 3590 3593 3815
f 3816 3590 3817
f 3590 3815 3817
f 3591 3590 3813
f 3813 3590 3816
f 3592 3598 3818
f 3592 3818 3819
f 3592 3819 3815
f 3593 3592 3815
f 3595 3594 3814
f 3820 3595 3814
f 3596 3595 3820
f 3600 3596 3820
f 3805 3598 3597
f 3821 3598 3805
f 3598 3821 3822
f 3822 3818 3598
f 3599 3600 3823
f 3599 3823 3824
f 3599 3824 3601
f 3600 3820 3823
f 3601 3824 3825
f 3826 3601 3825
f 3827 3601 3826
f 3827 3602 3601
f 3603 3602 3827
f 3604 3603 3828
f 3827 3829 3603
f 3603 3829 3830
f 3831 3603 3830
f 3603 3831 3828
f 3605 3604 3832
f 3832 3604 3828
f 3606 3605 3832
f 3833 3606 3832
f 3834 3606 3833
f 3607 3606 3834
f 3612 3607 3834
f 3835 3608 3609
f 3608 3835 3836
f 3608 3836 3837
f 3837 3613 3608
f 3609 3611 3835
f 3611 3610 3838
f 3839 3610 3612
f 3610 3839 3840
f 3838 3610 3840
f 3835 3611 3838
f 3612 3834 3841
f 3842 3612 3841
f 3842 3839 3612
f 3843 3614 3613
f 3843 3613 3844
f 3613 3837 3845
f 3613 3845 3844
f 3614 3843 3846
f 3846 3616 3614
f 3847 3615 3616
f 3617 3615 3847
f 3616 3846 3847
f 3618 3617 3847
f 3619 3618 3847
f 3848 3619 3847
f 3849 3619 3848
f 3623 3619 3849
f 3850 3621 3620
f 3850 3620 3623
f 3850 3851 3621
f 3621 3851 3852
f 3852 3624 3621
f 3850 3623 3853
f 3849 3853 3623
f 3625 3624 3852
f 3854 3625 3855
f 3856 3625 3854
f 3856 3626 3625
f 3625 3852 3855
f 3627 3626 3857
f 3858 3626 3856
f 3859 3626 3858
f 3626 3860 3857
f 3859 3860 3626
f 3627 3861 3628
f 3861 3627 3857
f 3686 3628 3861
f 3629 3862 3812
f 3863 3862 3629
f 3630 3863 3629
f 3630 3631 3863
f 3864 3863 3631
f 3864 3631 3632
f 3632 3633 3865
f 3865 3864 3632
f 3634 3866 3633
f 3866 3865 3633
f 3867 3634 3635
f 3867 3866 3634
f 3868 3867 3635
f 3869 3868 3635
f 3636 3869 3635
f 3637 3870 3636
f 3636 3870 3871
f 3636 3871 3869
f 3637 3638 3872
f 3637 3872 3870
f 3640 3638 3639
f 3638 3640 3872
f 3873 3872 3640
f 3873 3640 3874
f 3640 3641 3874
f 3642 3644 3641
f 3644 3874 3641
f 3875 3644 3643
f 3643 3646 3875
f 3875 3876 3644
f 3876 3874 3644
f 3650 3647 3645
f 3645 3648 3650
f 3875 3646 3877
f 3878 3646 3647
f 3878 3877 3646
f 3647 3879 3878
f 3879 3647 3650
f 3880 3649 3652
f 3649 3881 3651
f 3649 3880 3882
f 3882 3881 3649
f 3651 3879 3650
f 3881 3879 3651
f 3653 3880 3652
f 3653 3662 3880
f 3883 3655 3654
f 3884 3883 3654
f 3884 3654 3656
f 3655 3885 3659
f 3655 3883 3885
f 3663 3884 3656
f 3657 3886 3660
f 3887 3657 3658
f 3886 3657 3887
f 3658 3659 3887
f 3659 3888 3887
f 3659 3889 3888
f 3885 3889 3659
f 3660 3890 3661
f 3886 3891 3660
f 3660 3891 3890
f 3661 3892 3893
f 3662 3661 3893
f 3890 3892 3661
f 3662 3893 3880
f 3674 3884 3663
f 3666 3668 3665
f 3894 3666 3667
f 3668 3666 3894
f 3894 3667 3680
f 3895 3670 3668
f 3895 3668 3894
f 3669 3896 3897
f 3896 3669 3670
f 3897 3671 3669
f 3670 3895 3896
f 3898 3899 3671
f 3671 3897 3898
f 3900 3676 3671
f 3671 3899 3900
f 3673 3901 3674
f 3673 3902 3901
f 3675 3902 3673
f 3884 3674 3903
f 3903 3674 3901
f 3904 3902 3675
f 3900 3904 3675
f 3900 3675 3676
f 3677 3905 3679
f 3678 3905 3677
f 3681 3682 3678
f 3678 3906 3905
f 3907 3906 3678
f 3682 3907 3678
f 3679 3894 3680
f 3908 3679 3905
f 3908 3894 3679
f 3684 3907 3682
f 3685 3909 3683
f 3909 3684 3683
f 3909 3910 3684
f 3910 3911 3684
f 3911 3907 3684
f 3743 3909 3685
f 3686 3861 3688
f 3687 3688 3912
f 3689 3687 3912
f 3688 3861 3913
f 3912 3688 3914
f 3688 3913 3914
f 3689 3912 3915
f 3690 3689 3916
f 3916 3689 3915
f 3690 3916 3691
f 3917 3691 3916
f 3692 3691 3917
f 3692 3918 3696
f 3918 3692 3917
f 3693 3692 3696
f 3919 3694 3700
f 3695 3694 3919
f 3702 3695 3920
f 3920 3695 3919
f 3696 3918 3921
f 3696 3921 3922
f 3697 3696 3922
f 3698 3697 3923
f 3923 3697 3922
f 3923 3924 3698
f 3925 3699 3698
f 3925 3698 3924
f 3701 3699 3925
f 3701 3926 3700
f 3919 3700 3927
f 3927 3700 3926
f 3926 3701 3928
f 3928 3701 3925
f 3920 3703 3702
f 3929 3703 3920
f 3704 3703 3930
f 3930 3703 3929
f 3704 3931 3708
f 3931 3704 3930
f 3706 3705 3707
f 3707 3710 3706
f 3708 3932 3707
f 3710 3707 3932
f 3933 3708 3931
f 3932 3708 3933
f 3709 3711 3718
f 3934 3710 3932
f 3935 3711 3710
f 3710 3934 3935
f 3936 3711 3935
f 3936 3718 3711
f 3785 3713 3937
f 3937 3713 3714
f 3937 3714 3715
f 3938 3715 3716
f 3939 3715 3938
f 3937 3715 3939
f 3716 3717 3940
f 3941 3716 3940
f 3942 3938 3716
f 3941 3942 3716
f 3718 3940 3717
f 3718 3943 3940
f 3718 3936 3943
f 3944 3720 3719
f 3719 3723 3944
f 3944 3745 3720
f 3945 3725 3721
f 3722 3945 3721
f 3946 3945 3722
f 3727 3946 3722
f 3947 3944 3723
f 3948 3723 3725
f 3725 3723 3724
f 3948 3947 3723
f 3725 3945 3948
f 3728 3726 3949
f 3729 3949 3726
f 3950 3946 3727
f 3951 3727 3728
f 3951 3950 3727
f 3951 3728 3952
f 3952 3728 3949
f 3953 3949 3729
f 3729 3954 3953
f 3955 3729 3730
f 3954 3729 3955
f 3730 3731 3955
f 3954 3955 3731
f 3954 3731 3956
f 3740 3956 3731
f 3734 3732 3733
f 3734 3742 3732
f 3957 3742 3734
f 3738 3958 3734
f 3734 3958 3957
f 3735 3737 3736
f 3959 3737 3735
f 3959 3735 3753
f 3737 3960 3738
f 3737 3961 3960
f 3961 3737 3959
f 3738 3962 3958
f 3963 3738 3960
f 3738 3963 3962
f 3742 3741 3739
f 3740 3964 3956
f 3965 3740 3741
f 3965 3964 3740
f 3965 3741 3742
f 3957 3965 3742
f 3743 3910 3909
f 3746 3966 3743
f 3744 3746 3743
f 3966 3910 3743
f 3967 3751 3745
f 3947 3745 3944
f 3967 3745 3947
f 3966 3746 3968
f 3747 3968 3746
f 3747 3969 3968
f 3747 3748 3969
f 3748 3970 3969
f 3970 3748 3971
f 3972 3971 3748
f 3973 3748 3749
f 3748 3973 3974
f 3975 3748 3974
f 3975 3972 3748
f 3973 3749 3750
f 3976 3750 3751
f 3976 3973 3750
f 3967 3976 3751
f 3977 3959 3753
f 3978 3977 3753
f 3979 3753 3754
f 3753 3980 3978
f 3979 3980 3753
f 3981 3754 3755
f 3979 3754 3981
f 3982 3983 3755
f 3983 3981 3755
f 3757 3982 3755
f 3984 3756 3759
f 3758 3756 3984
f 3757 3985 3982
f 3986 3987 3757
f 3758 3986 3757
f 3985 3757 3988
f 3987 3988 3757
f 3989 3758 3984
f 3758 3989 3986
f 3990 3759 3991
f 3991 3759 3760
f 3992 3984 3759
f 3990 3992 3759
f 3993 3760 3761
f 3993 3991 3760
f 3994 3761 3762
f 3993 3761 3994
f 3995 3762 3763
f 3996 3762 3995
f 3762 3996 3994
f 3772 3995 3763
f 3764 3766 3997
f 3998 3765 3764
f 3764 3997 3998
f 3999 3770 3765
f 3999 3765 3998
f 3767 3997 3766
f 4000 3997 3767
f 3767 3768 4001
f 4001 4000 3767
f 3768 3769 4001
f 3769 3778 4002
f 4001 3769 4002
f 3770 4003 3771
f 3770 4004 4003
f 3770 3999 4004
f 4003 3773 3771
f 3774 3995 3772
f 4005 3774 3773
f 4005 3773 4003
f 3774 3996 3995
f 4006 3996 3774
f 3774 4005 4006
f 3795 3775 3794
f 4007 3775 3795
f 4008 3775 4007
f 4008 3777 3775
f 4009 3778 3776
f 4009 3776 3777
f 4009 3777 4008
f 4010 4002 3778
f 4011 3778 4009
f 3778 4011 4010
f 4012 3779 3780
f 3779 4012 3789
f 3779 3789 3788
f 4012 3780 3781
f 4013 3781 3782
f 4012 3781 4013
f 4014 3782 3784
f 3782 4015 4013
f 3782 4014 4015
f 4016 3783 3785
f 4017 3783 4016
f 3783 4017 3784
f 3784 4017 4014
f 3937 3939 3785
f 3785 3939 4018
f 4016 3785 4018
f 3791 4019 3786
f 4019 4020 3786
f 4020 3787 3786
f 3802 3787 4020
f 3789 4021 3790
f 4012 4021 3789
f 3790 4021 4022
f 4023 3790 4022
f 3791 3790 4023
f 4019 3791 4024
f 3791 4023 4024
f 3792 3804 4025
f 4025 3797 3792
f 3793 4026 3796
f 4027 3793 3799
f 4026 3793 4027
f 3795 3796 4007
f 3796 4026 4007
f 3797 4028 3798
f 4028 3797 4025
f 3798 4028 4029
f 3798 4029 3799
f 4027 3799 4030
f 4031 4030 3799
f 4029 4031 3799
f 4032 4033 3800
f 4033 3801 3800
f 3802 4032 3800
f 3803 3801 4033
f 3802 4020 4034
f 3802 4034 4032
f 4033 4035 3803
f 4036 3804 3803
f 4037 3803 4035
f 4037 4036 3803
f 4025 3804 4036
f 3805 3806 3821
f 3806 3807 4038
f 4038 3821 3806
f 4039 4038 3807
f 4040 4039 3807
f 4040 3807 4041
f 3808 4041 3807
f 4042 4041 3808
f 3808 3809 4042
f 4043 4042 3809
f 4043 3809 4044
f 3809 4045 4044
f 3810 4045 3809
f 4046 4045 3810
f 4047 4046 3810
f 3810 3811 4047
f 4048 3811 3812
f 4048 4049 3811
f 4050 4047 3811
f 4050 3811 4049
f 4048 3812 3862
f 4051 3813 3816
f 3814 3813 4051
f 3820 3814 4052
f 4052 3814 4051
f 3815 3819 4053
f 3815 4053 4054
f 3817 3815 4054
f 3816 3817 4055
f 3816 4055 4056
f 4057 3816 4056
f 4057 4051 3816
f 3817 4054 4058
f 3817 4058 4055
f 3818 4059 3819
f 3818 3822 4059
f 3819 4059 4060
f 3819 4060 4053
f 3823 3820 4052
f 3822 3821 4038
f 3822 4038 4059
f 3823 4052 4061
f 3823 4061 4062
f 4062 4063 3823
f 4064 3824 3823
f 4064 3823 4063
f 4065 3824 4064
f 3824 4065 3825
f 3825 4065 4066
f 4067 3825 4066
f 3826 3825 4067
f 4068 3826 4067
f 4068 3827 3826
f 3829 3827 4068
f 4069 3832 3828
f 4070 4069 3828
f 3828 3831 4071
f 4070 3828 4071
f 4072 3829 4068
f 3830 3829 4072
f 3831 3830 4072
f 3831 4072 4073
f 4071 3831 4073
f 3833 3832 4074
f 3832 4069 4074
f 3833 4074 4075
f 3833 4075 3834
f 4076 3834 4075
f 4077 3834 4076
f 3841 3834 4077
f 4078 3835 3838
f 3836 3835 4078
f 3836 4078 4079
f 3836 4079 3837
f 4079 3845 3837
f 3838 3840 4080
f 4080 4078 3838
f 3839 3842 4081
f 4081 4080 3839
f 4080 3840 3839
f 3841 4077 4082
f 3842 3841 4082
f 4082 4081 3842
f 3846 3843 3844
f 4083 3844 3845
f 3846 3844 4083
f 4079 4084 3845
f 4083 3845 4084
f 3847 3846 4085
f 4083 4085 3846
f 3848 3847 4086
f 4086 3847 4085
f 3849 3848 4087
f 4086 4088 3848
f 4087 3848 4088
f 4089 3849 4087
f 3849 4089 3853
f 3851 3850 4090
f 4090 3850 3853
f 3852 3851 3855
f 3855 3851 4091
f 4091 3851 4090
f 4092 4090 3853
f 4092 3853 4089
f 3855 4091 3854
f 3854 4091 4093
f 3856 3854 4093
f 3856 4093 3858
f 3861 3857 3860
f 3858 4093 4094
f 3859 3858 4095
f 4095 3858 4094
f 3859 4095 3860
f 3861 3860 3913
f 4096 3913 3860
f 4096 3860 4097
f 4098 3860 4095
f 4097 3860 4098
f 4099 4048 3862
f 3862 4100 4099
f 3863 4100 3862
f 3863 4101 4100
f 4101 3863 4102
f 3863 3864 4102
f 4103 4102 3864
f 4104 4103 3864
f 4104 3864 4105
f 3865 4105 3864
f 4105 3865 4106
f 3865 4107 4106
f 3865 3866 4107
f 4108 4107 3866
f 4109 3866 3867
f 4110 4108 3866
f 4110 3866 4109
f 3867 3868 4109
f 4111 3868 3869
f 4112 3868 4111
f 4112 4109 3868
f 3871 4111 3869
f 3871 3870 4113
f 3872 4113 3870
f 4113 4114 3871
f 4111 3871 4114
f 3873 4113 3872
f 3873 4114 4113
f 4115 4114 3873
f 4116 4115 3873
f 4116 3873 3874
f 3874 3876 4116
f 3877 3876 3875
f 4117 4116 3876
f 3876 3877 4117
f 4118 3877 3878
f 4119 4117 3877
f 4118 4119 3877
f 4118 3878 4120
f 4120 3878 4121
f 4121 3878 3879
f 3879 4122 4121
f 3879 3881 4122
f 3882 3880 3893
f 3882 4122 3881
f 4123 4122 3882
f 3893 3892 3882
f 4123 3882 3892
f 3883 4124 3885
f 4125 4124 3883
f 3884 4125 3883
f 4125 3884 3903
f 4126 3889 3885
f 3885 4124 4126
f 3887 3891 3886
f 3888 3891 3887
f 3888 4127 4128
f 3888 4128 3891
f 3888 4129 4127
f 4129 3888 4130
f 3889 4130 3888
f 4126 4130 3889
f 3892 3890 3891
f 4131 3892 3891
f 3891 4128 4131
f 3892 4131 4123
f 3895 3894 3908
f 3906 3895 3908
f 4132 3896 3895
f 4132 3895 4133
f 4133 3895 3906
f 4134 3897 3896
f 3896 4132 4134
f 3897 4135 3898
f 3897 4136 4135
f 4136 3897 4134
f 4137 3899 3898
f 4138 4137 3898
f 3898 4135 4138
f 4139 4140 3899
f 4139 3899 4137
f 4140 3900 3899
f 3900 4140 3904
f 3903 3901 4141
f 4142 4141 3901
f 3902 4142 3901
f 3902 4143 4142
f 3904 4143 3902
f 4144 4145 3903
f 4145 4125 3903
f 4144 3903 4141
f 4140 4146 3904
f 4143 3904 4146
f 3906 3908 3905
f 4133 3906 3907
f 3911 4133 3907
f 3968 3910 3966
f 3968 4147 3910
f 4147 3911 3910
f 3911 4148 4133
f 4147 4148 3911
f 3914 4149 3912
f 3912 4149 4150
f 3915 3912 4150
f 3913 4096 4151
f 3914 3913 4151
f 3914 4151 4152
f 4149 3914 4152
f 3916 3915 4153
f 3915 4150 4154
f 4153 3915 4154
f 4155 3916 4153
f 3917 3916 4156
f 4157 4156 3916
f 4157 3916 4155
f 4156 3918 3917
f 3918 4156 3921
f 3920 3919 3929
f 3929 3919 3927
f 3921 4156 4158
f 3921 4158 4159
f 3922 3921 4159
f 3923 3922 4160
f 4160 3922 4159
f 3924 3923 4160
f 3924 4160 4161
f 3924 4162 3925
f 4161 4163 3924
f 4162 3924 4163
f 3928 3925 4162
f 3926 3928 4164
f 4165 3927 3926
f 4165 3926 4164
f 4166 3929 3927
f 4166 3927 4165
f 4164 3928 4162
f 4167 3929 4166
f 3929 4168 3930
f 4168 3929 4167
f 3931 3930 4168
f 4169 3933 3931
f 4169 3931 4168
f 3934 3932 3933
f 4170 3933 4169
f 3933 4170 3934
f 3934 4171 3935
f 3934 4172 4171
f 3934 4170 4172
f 4171 3936 3935
f 3943 3936 4173
f 3936 4174 4173
f 4174 3936 4171
f 3939 3938 3942
f 3939 3942 4175
f 4018 3939 4175
f 4176 3941 3940
f 3940 3943 4176
f 4176 3942 3941
f 4175 3942 4176
f 4177 3943 4173
f 4176 3943 4177
f 3945 4178 3948
f 4179 4178 3945
f 3946 4179 3945
f 3946 3950 4179
f 4180 3967 3947
f 4181 4180 3947
f 4178 4181 3947
f 3948 4178 3947
f 3953 3952 3949
f 3950 4182 4179
f 4183 4184 3950
f 3950 4185 4182
f 3951 4183 3950
f 4184 4185 3950
f 3951 4186 4183
f 4186 3951 3952
f 4186 3952 3953
f 3954 4186 3953
f 3956 4187 3954
f 4188 4186 3954
f 3954 4187 4188
f 4187 3956 3964
f 4189 3965 3957
f 3962 4189 3957
f 3958 3962 3957
f 3959 4190 3961
f 3977 4190 3959
f 3960 4191 3963
f 4192 4191 3960
f 4192 3960 3961
f 4190 4192 3961
f 4189 3962 4193
f 3963 4193 3962
f 4194 4193 3963
f 4195 4194 3963
f 4195 3963 4191
f 4196 4187 3964
f 3964 3965 4197
f 3964 4198 4196
f 4197 4198 3964
f 4189 4197 3965
f 4180 3976 3967
f 3968 3969 4147
f 3969 4199 4147
f 4199 3969 3970
f 3971 4200 3970
f 3970 4201 4199
f 3970 4200 4201
f 3971 4202 4200
f 4202 3971 4203
f 4204 3971 3972
f 4204 4205 3971
f 4203 3971 4205
f 4206 3972 3975
f 4207 4204 3972
f 4206 4207 3972
f 4208 3973 3976
f 3974 3973 4208
f 4206 3975 3974
f 4208 4206 3974
f 4209 4208 3976
f 4180 4209 3976
f 4210 4190 3977
f 3977 3978 4210
f 3978 4211 4210
f 3978 4212 4211
f 3979 3978 3980
f 4213 3978 3979
f 4213 4212 3978
f 3981 4213 3979
f 3983 4214 3981
f 3981 4214 4213
f 3982 4214 3983
f 4215 4214 3982
f 3985 4215 3982
f 3992 4216 3984
f 3989 3984 4216
f 3988 4215 3985
f 3986 4217 3987
f 3989 4217 3986
f 4218 3988 3987
f 4217 4218 3987
f 4219 4215 3988
f 4218 4219 3988
f 4220 4217 3989
f 4221 4220 3989
f 4216 4221 3989
f 3990 3991 3993
f 4222 3990 3993
f 4223 3992 3990
f 4224 4223 3990
f 4222 4224 3990
f 4223 4216 3992
f 3994 4225 3993
f 4225 4222 3993
f 3994 3996 4225
f 4006 4225 3996
f 4000 4226 3997
f 3998 3997 4226
f 3999 3998 4226
f 4226 4227 3999
f 4227 4004 3999
f 4226 4000 4228
f 4229 4000 4001
f 4229 4228 4000
f 4230 4001 4002
f 4230 4229 4001
f 4231 4002 4010
f 4002 4231 4232
f 4232 4230 4002
f 4233 4005 4003
f 4233 4003 4004
f 4234 4233 4004
f 4227 4234 4004
f 4005 4235 4006
f 4236 4235 4005
f 4233 4236 4005
f 4237 4225 4006
f 4235 4237 4006
f 4238 4007 4026
f 4007 4238 4008
f 4008 4238 4009
f 4239 4009 4238
f 4011 4009 4239
f 4231 4010 4011
f 4011 4239 4231
f 4240 4012 4241
f 4012 4240 4022
f 4022 4021 4012
f 4012 4013 4241
f 4241 4013 4015
f 4015 4014 4242
f 4243 4242 4014
f 4014 4017 4243
f 4015 4244 4245
f 4246 4015 4242
f 4015 4246 4244
f 4245 4241 4015
f 4247 4016 4018
f 4017 4016 4247
f 4017 4247 4248
f 4017 4248 4243
f 4018 4249 4247
f 4249 4018 4175
f 4034 4020 4019
f 4019 4250 4034
f 4250 4019 4024
f 4023 4022 4240
f 4251 4023 4240
f 4251 4252 4023
f 4252 4024 4023
f 4250 4024 4252
f 4025 4036 4253
f 4028 4025 4253
f 4254 4026 4027
f 4238 4026 4254
f 4254 4027 4030
f 4255 4029 4028
f 4253 4255 4028
f 4031 4029 4255
f 4256 4030 4031
f 4030 4256 4254
f 4257 4031 4255
f 4031 4257 4256
f 4032 4034 4258
f 4032 4258 4259
f 4032 4259 4033
f 4033 4259 4035
f 4250 4260 4034
f 4258 4034 4260
f 4035 4259 4261
f 4262 4035 4261
f 4262 4037 4035
f 4037 4263 4036
f 4253 4036 4264
f 4036 4263 4264
f 4262 4263 4037
f 4059 4038 4060
f 4039 4060 4038
f 4265 4060 4039
f 4265 4039 4266
f 4040 4266 4039
f 4266 4040 4041
f 4043 4266 4041
f 4042 4043 4041
f 4043 4267 4266
f 4043 4268 4267
f 4268 4043 4044
f 4268 4044 4045
f 4268 4045 4046
f 4268 4046 4269
f 4046 4047 4269
f 4269 4047 4050
f 4270 4049 4048
f 4099 4270 4048
f 4271 4049 4270
f 4049 4271 4050
f 4050 4272 4269
f 4050 4271 4272
f 4273 4051 4057
f 4052 4051 4274
f 4051 4273 4274
f 4275 4052 4274
f 4052 4275 4061
f 4053 4060 4265
f 4054 4053 4265
f 4265 4058 4054
f 4055 4058 4276
f 4056 4055 4276
f 4056 4277 4057
f 4056 4276 4278
f 4277 4056 4278
f 4279 4057 4277
f 4273 4057 4279
f 4058 4265 4276
f 4061 4275 4062
f 4275 4280 4062
f 4063 4062 4064
f 4281 4062 4280
f 4064 4062 4281
f 4066 4064 4281
f 4065 4064 4066
f 4066 4281 4282
f 4067 4066 4282
f 4282 4283 4067
f 4067 4283 4068
f 4068 4284 4072
f 4284 4068 4283
f 4069 4070 4285
f 4074 4069 4286
f 4285 4286 4069
f 4285 4070 4071
f 4285 4071 4073
f 4287 4073 4072
f 4287 4072 4284
f 4073 4288 4285
f 4289 4288 4073
f 4289 4073 4287
f 4074 4286 4290
f 4074 4290 4075
f 4082 4076 4075
f 4290 4082 4075
f 4076 4082 4077
f 4080 4291 4078
f 4292 4078 4291
f 4078 4292 4079
f 4079 4292 4293
f 4079 4293 4084
f 4294 4080 4081
f 4291 4080 4294
f 4081 4082 4295
f 4295 4296 4081
f 4296 4294 4081
f 4082 4290 4297
f 4295 4082 4297
f 4084 4298 4083
f 4085 4083 4298
f 4084 4293 4299
f 4084 4299 4300
f 4298 4084 4300
f 4298 4301 4085
f 4086 4085 4301
f 4088 4086 4301
f 4088 4302 4087
f 4303 4089 4087
f 4303 4087 4302
f 4088 4304 4302
f 4088 4301 4304
f 4303 4305 4089
f 4092 4089 4305
f 4091 4090 4093
f 4093 4090 4092
f 4306 4093 4092
f 4307 4092 4305
f 4092 4307 4306
f 4306 4094 4093
f 4095 4094 4308
f 4308 4094 4306
f 4309 4095 4308
f 4309 4098 4095
f 4096 4097 4310
f 4151 4096 4311
f 4310 4311 4096
f 4097 4309 4310
f 4097 4098 4309
f 4271 4270 4099
f 4099 4312 4271
f 4100 4313 4099
f 4312 4099 4313
f 4100 4101 4313
f 4313 4101 4102
f 4313 4102 4314
f 4314 4102 4315
f 4103 4315 4102
f 4103 4104 4315
f 4105 4315 4104
f 4105 4106 4315
f 4106 4107 4316
f 4315 4106 4316
f 4108 4316 4107
f 4317 4108 4110
f 4317 4318 4108
f 4318 4316 4108
f 4319 4110 4109
f 4109 4112 4319
f 4110 4320 4317
f 4110 4321 4320
f 4110 4319 4321
f 4114 4112 4111
f 4115 4112 4114
f 4322 4323 4112
f 4115 4322 4112
f 4323 4319 4112
f 4116 4324 4115
f 4322 4115 4325
f 4325 4115 4324
f 4117 4326 4116
f 4116 4326 4324
f 4119 4326 4117
f 4118 4327 4119
f 4328 4327 4118
f 4118 4329 4328
f 4118 4120 4329
f 4119 4330 4326
f 4119 4327 4330
f 4120 4123 4329
f 4121 4122 4120
f 4120 4122 4123
f 4131 4329 4123
f 4126 4124 4331
f 4125 4331 4124
f 4145 4331 4125
f 4332 4126 4333
f 4331 4333 4126
f 4130 4126 4332
f 4127 4334 4335
f 4128 4127 4335
f 4334 4127 4129
f 4336 4128 4335
f 4128 4336 4131
f 4334 4129 4337
f 4337 4129 4338
f 4332 4338 4129
f 4129 4130 4332
f 4131 4339 4329
f 4336 4339 4131
f 4200 4134 4132
f 4133 4148 4132
f 4340 4132 4148
f 4340 4200 4132
f 4134 4341 4136
f 4341 4134 4200
f 4342 4138 4135
f 4135 4343 4342
f 4343 4135 4136
f 4344 4343 4136
f 4344 4136 4341
f 4345 4139 4137
f 4137 4138 4346
f 4346 4345 4137
f 4342 4346 4138
f 4139 4347 4140
f 4347 4139 4348
f 4349 4348 4139
f 4349 4139 4345
f 4146 4140 4347
f 4350 4141 4351
f 4142 4351 4141
f 4144 4141 4350
f 4143 4351 4142
f 4352 4143 4353
f 4351 4143 4352
f 4347 4353 4143
f 4143 4146 4347
f 4354 4144 4350
f 4354 4355 4144
f 4144 4355 4145
f 4356 4145 4355
f 4331 4145 4356
f 4147 4340 4148
f 4201 4340 4147
f 4199 4201 4147
f 4149 4152 4150
f 4150 4357 4154
f 4357 4150 4152
f 4358 4151 4311
f 4357 4151 4359
f 4151 4357 4152
f 4151 4358 4359
f 4153 4154 4360
f 4360 4361 4153
f 4153 4361 4155
f 4154 4357 4362
f 4362 4363 4154
f 4363 4360 4154
f 4155 4361 4364
f 4155 4364 4157
f 4156 4157 4365
f 4158 4156 4365
f 4366 4157 4364
f 4365 4157 4366
f 4367 4158 4365
f 4158 4367 4368
f 4368 4159 4158
f 4368 4369 4159
f 4160 4159 4369
f 4161 4160 4369
f 4370 4161 4369
f 4371 4161 4370
f 4163 4161 4371
f 4164 4162 4372
f 4373 4162 4163
f 4372 4162 4373
f 4373 4163 4371
f 4165 4164 4374
f 4372 4375 4164
f 4374 4164 4375
f 4166 4165 4376
f 4165 4374 4377
f 4376 4165 4377
f 4376 4167 4166
f 4378 4168 4167
f 4378 4167 4379
f 4379 4167 4376
f 4169 4168 4378
f 4169 4380 4170
f 4169 4381 4380
f 4381 4169 4378
f 4382 4172 4170
f 4382 4170 4380
f 4174 4171 4383
f 4172 4383 4171
f 4382 4384 4172
f 4172 4385 4383
f 4384 4385 4172
f 4386 4173 4174
f 4386 4177 4173
f 4386 4174 4387
f 4388 4174 4383
f 4387 4174 4388
f 4175 4176 4389
f 4249 4175 4389
f 4390 4389 4176
f 4390 4176 4177
f 4177 4386 4390
f 4185 4181 4178
f 4182 4178 4179
f 4182 4185 4178
f 4209 4180 4391
f 4181 4391 4180
f 4392 4391 4181
f 4181 4185 4392
f 4393 4184 4183
f 4394 4183 4395
f 4395 4183 4186
f 4393 4183 4394
f 4184 4396 4185
f 4397 4396 4184
f 4184 4393 4397
f 4185 4396 4392
f 4395 4186 4188
f 4187 4196 4188
f 4196 4395 4188
f 4189 4398 4197
f 4193 4398 4189
f 4210 4399 4190
f 4192 4190 4399
f 4400 4195 4191
f 4192 4400 4191
f 4401 4192 4399
f 4192 4401 4400
f 4194 4398 4193
f 4402 4398 4194
f 4195 4402 4194
f 4195 4400 4403
f 4195 4403 4404
f 4402 4195 4404
f 4405 4196 4406
f 4198 4406 4196
f 4405 4395 4196
f 4197 4405 4198
f 4407 4408 4197
f 4398 4407 4197
f 4408 4405 4197
f 4405 4406 4198
f 4202 4341 4200
f 4201 4200 4340
f 4344 4341 4202
f 4409 4344 4202
f 4203 4409 4202
f 4409 4203 4410
f 4410 4203 4205
f 4411 4205 4204
f 4412 4204 4413
f 4413 4204 4414
f 4414 4204 4207
f 4412 4411 4204
f 4415 4205 4411
f 4415 4410 4205
f 4208 4207 4206
f 4414 4207 4416
f 4208 4416 4207
f 4209 4416 4208
f 4391 4417 4209
f 4417 4416 4209
f 4210 4418 4399
f 4211 4418 4210
f 4211 4419 4418
f 4420 4419 4211
f 4211 4212 4420
f 4421 4420 4212
f 4421 4212 4213
f 4422 4421 4213
f 4423 4422 4213
f 4423 4213 4214
f 4424 4423 4214
f 4215 4424 4214
f 4219 4424 4215
f 4216 4425 4221
f 4426 4216 4223
f 4425 4216 4426
f 4427 4218 4217
f 4220 4427 4217
f 4428 4219 4218
f 4218 4429 4428
f 4430 4429 4218
f 4431 4430 4218
f 4427 4431 4218
f 4424 4219 4428
f 4432 4427 4220
f 4433 4220 4221
f 4432 4220 4433
f 4425 4433 4221
f 4222 4225 4237
f 4434 4222 4237
f 4434 4224 4222
f 4426 4223 4435
f 4435 4223 4224
f 4436 4435 4224
f 4434 4436 4224
f 4227 4226 4437
f 4226 4228 4437
f 4437 4438 4227
f 4227 4438 4439
f 4234 4227 4439
f 4440 4437 4228
f 4229 4441 4228
f 4228 4441 4442
f 4440 4228 4442
f 4230 4441 4229
f 4441 4230 4443
f 4443 4230 4232
f 4231 4444 4232
f 4231 4239 4444
f 4445 4232 4444
f 4443 4232 4446
f 4232 4445 4446
f 4447 4236 4233
f 4233 4448 4447
f 4233 4234 4448
f 4449 4448 4234
f 4439 4449 4234
f 4450 4235 4236
f 4451 4452 4235
f 4451 4235 4450
f 4237 4235 4452
f 4236 4453 4450
f 4453 4236 4447
f 4452 4434 4237
f 4454 4238 4254
f 4239 4238 4454
f 4455 4239 4454
f 4455 4444 4239
f 4251 4240 4456
f 4241 4456 4240
f 4241 4245 4456
f 4246 4242 4243
f 4243 4248 4457
f 4243 4458 4246
f 4457 4458 4243
f 4459 4245 4244
f 4244 4460 4459
f 4244 4461 4460
f 4244 4462 4461
f 4462 4244 4246
f 4456 4245 4459
f 4462 4246 4458
f 4247 4249 4463
f 4247 4463 4248
f 4464 4457 4248
f 4465 4248 4463
f 4464 4248 4465
f 4390 4249 4389
f 4466 4249 4390
f 4466 4463 4249
f 4260 4250 4252
f 4467 4251 4456
f 4468 4251 4467
f 4468 4469 4251
f 4469 4252 4251
f 4469 4260 4252
f 4253 4470 4255
f 4253 4264 4471
f 4470 4253 4471
f 4472 4254 4256
f 4472 4454 4254
f 4470 4257 4255
f 4473 4472 4256
f 4473 4256 4257
f 4470 4474 4257
f 4474 4473 4257
f 4260 4475 4258
f 4258 4475 4476
f 4258 4476 4259
f 4261 4259 4476
f 4475 4260 4469
f 4261 4476 4477
f 4478 4261 4477
f 4262 4261 4478
f 4262 4478 4479
f 4262 4480 4263
f 4479 4480 4262
f 4481 4264 4263
f 4263 4480 4481
f 4264 4481 4471
f 4276 4265 4267
f 4266 4267 4265
f 4276 4267 4278
f 4268 4482 4267
f 4278 4267 4482
f 4482 4268 4269
f 4482 4269 4483
f 4269 4484 4483
f 4484 4269 4272
f 4272 4271 4312
f 4485 4484 4272
f 4312 4486 4272
f 4485 4272 4486
f 4274 4273 4279
f 4280 4275 4274
f 4280 4274 4279
f 4487 4279 4277
f 4278 4488 4277
f 4487 4277 4489
f 4489 4277 4488
f 4482 4488 4278
f 4490 4280 4279
f 4487 4490 4279
f 4281 4280 4490
f 4281 4491 4282
f 4281 4490 4491
f 4282 4491 4492
f 4492 4283 4282
f 4493 4283 4492
f 4284 4283 4493
f 4284 4494 4287
f 4494 4284 4493
f 4286 4285 4290
f 4290 4285 4288
f 4289 4287 4495
f 4495 4287 4494
f 4297 4290 4288
f 4297 4288 4496
f 4289 4496 4288
f 4495 4497 4289
f 4496 4289 4497
f 4498 4292 4291
f 4291 4294 4499
f 4499 4498 4291
f 4293 4292 4498
f 4498 4299 4293
f 4296 4500 4294
f 4499 4294 4500
f 4295 4297 4501
f 4501 4296 4295
f 4296 4501 4502
f 4500 4296 4503
f 4503 4296 4502
f 4297 4496 4501
f 4504 4505 4298
f 4301 4298 4505
f 4298 4300 4504
f 4299 4498 4506
f 4506 4507 4299
f 4507 4300 4299
f 4507 4508 4300
f 4504 4300 4508
f 4505 4304 4301
f 4509 4302 4304
f 4303 4302 4510
f 4510 4302 4509
f 4511 4305 4303
f 4511 4303 4510
f 4304 4505 4512
f 4509 4304 4512
f 4307 4305 4511
f 4306 4513 4308
f 4514 4306 4307
f 4514 4513 4306
f 4511 4514 4307
f 4513 4309 4308
f 4309 4515 4310
f 4515 4309 4516
f 4309 4513 4517
f 4309 4517 4516
f 4515 4311 4310
f 4358 4311 4515
f 4313 4486 4312
f 4313 4314 4486
f 4486 4314 4518
f 4519 4314 4315
f 4518 4314 4519
f 4519 4315 4520
f 4520 4315 4316
f 4521 4316 4318
f 4316 4522 4520
f 4521 4523 4316
f 4522 4316 4523
f 4521 4318 4317
f 4524 4521 4317
f 4524 4317 4320
f 4323 4321 4319
f 4524 4320 4525
f 4525 4320 4321
f 4323 4525 4321
f 4323 4322 4526
f 4325 4526 4322
f 4526 4525 4323
f 4325 4324 4326
f 4330 4325 4326
f 4527 4526 4325
f 4325 4330 4528
f 4325 4528 4527
f 4528 4330 4327
f 4529 4528 4327
f 4529 4327 4328
f 4339 4328 4329
f 4328 4339 4530
f 4530 4529 4328
f 4356 4333 4331
f 4332 4531 4532
f 4531 4332 4333
f 4332 4532 4338
f 4533 4333 4356
f 4333 4533 4531
f 4534 4335 4334
f 4334 4535 4534
f 4337 4535 4334
f 4335 4530 4339
f 4339 4336 4335
f 4335 4534 4530
f 4535 4337 4536
f 4537 4536 4337
f 4338 4537 4337
f 4532 4537 4338
f 4346 4342 4538
f 4539 4538 4342
f 4540 4539 4342
f 4540 4342 4343
f 4540 4343 4541
f 4541 4343 4344
f 4409 4541 4344
f 4538 4349 4345
f 4346 4538 4345
f 4353 4347 4542
f 4543 4542 4347
f 4348 4543 4347
f 4543 4348 4544
f 4348 4349 4544
f 4544 4349 4545
f 4545 4349 4538
f 4350 4546 4354
f 4546 4350 4547
f 4547 4350 4352
f 4352 4350 4351
f 4548 4547 4352
f 4549 4548 4352
f 4353 4549 4352
f 4542 4549 4353
f 4546 4550 4354
f 4354 4550 4355
f 4356 4355 4550
f 4533 4356 4551
f 4550 4551 4356
f 4362 4357 4552
f 4552 4357 4359
f 4359 4358 4515
f 4359 4515 4553
f 4552 4359 4553
f 4360 4363 4554
f 4361 4360 4554
f 4364 4361 4554
f 4362 4552 4555
f 4363 4362 4555
f 4556 4363 4555
f 4557 4363 4556
f 4554 4363 4557
f 4364 4554 4558
f 4366 4364 4558
f 4365 4366 4559
f 4367 4365 4559
f 4559 4366 4560
f 4366 4558 4560
f 4367 4559 4561
f 4368 4367 4561
f 4369 4368 4561
f 4561 4562 4369
f 4369 4562 4370
f 4370 4562 4563
f 4564 4370 4563
f 4371 4370 4564
f 4371 4565 4373
f 4566 4371 4564
f 4566 4565 4371
f 4375 4372 4373
f 4375 4373 4565
f 4374 4375 4567
f 4568 4374 4567
f 4569 4374 4568
f 4377 4374 4569
f 4567 4375 4565
f 4570 4379 4376
f 4571 4376 4377
f 4570 4376 4572
f 4572 4376 4571
f 4573 4571 4377
f 4573 4377 4569
f 4574 4378 4379
f 4381 4378 4574
f 4574 4379 4570
f 4380 4575 4382
f 4576 4380 4381
f 4575 4380 4576
f 4577 4381 4574
f 4577 4576 4381
f 4384 4382 4578
f 4578 4382 4575
f 4383 4385 4388
f 4578 4579 4384
f 4580 4385 4384
f 4579 4580 4384
f 4581 4388 4385
f 4580 4581 4385
f 4386 4582 4390
f 4582 4386 4387
f 4388 4581 4387
f 4581 4583 4387
f 4387 4584 4582
f 4583 4584 4387
f 4466 4390 4582
f 4392 4417 4391
f 4396 4585 4392
f 4392 4586 4417
f 4392 4585 4586
f 4587 4397 4393
f 4588 4393 4394
f 4588 4587 4393
f 4395 4588 4394
f 4395 4405 4588
f 4396 4589 4585
f 4396 4590 4589
f 4397 4591 4396
f 4591 4592 4396
f 4592 4590 4396
f 4587 4593 4397
f 4397 4593 4591
f 4594 4407 4398
f 4402 4594 4398
f 4418 4401 4399
f 4401 4403 4400
f 4595 4403 4401
f 4596 4595 4401
f 4597 4401 4418
f 4597 4596 4401
f 4402 4598 4594
f 4599 4598 4402
f 4402 4404 4599
f 4600 4601 4403
f 4403 4601 4404
f 4595 4600 4403
f 4602 4599 4404
f 4601 4602 4404
f 4603 4588 4405
f 4408 4603 4405
f 4407 4604 4408
f 4605 4604 4407
f 4598 4605 4407
f 4598 4407 4594
f 4604 4603 4408
f 4409 4606 4541
f 4410 4606 4409
f 4607 4606 4410
f 4608 4607 4410
f 4609 4410 4415
f 4609 4608 4410
f 4412 4610 4411
f 4611 4411 4610
f 4611 4415 4411
f 4412 4413 4612
f 4610 4412 4612
f 4613 4413 4414
f 4613 4612 4413
f 4613 4414 4416
f 4611 4609 4415
f 4613 4416 4614
f 4417 4614 4416
f 4417 4586 4614
f 4419 4597 4418
f 4597 4419 4420
f 4615 4597 4420
f 4421 4615 4420
f 4421 4616 4615
f 4617 4616 4421
f 4618 4421 4422
f 4421 4618 4617
f 4619 4422 4423
f 4619 4618 4422
f 4619 4423 4620
f 4424 4620 4423
f 4424 4428 4620
f 4621 4622 4425
f 4425 4622 4433
f 4623 4425 4426
f 4623 4621 4425
f 4426 4624 4623
f 4625 4426 4435
f 4426 4625 4624
f 4432 4431 4427
f 4428 4619 4620
f 4619 4428 4626
f 4429 4626 4428
f 4429 4627 4626
f 4628 4627 4429
f 4628 4429 4430
f 4629 4430 4431
f 4630 4430 4629
f 4630 4628 4430
f 4432 4631 4431
f 4631 4629 4431
f 4631 4432 4433
f 4622 4631 4433
f 4632 4434 4452
f 4632 4633 4434
f 4634 4436 4434
f 4434 4633 4634
f 4635 4625 4435
f 4436 4635 4435
f 4636 4635 4436
f 4634 4636 4436
f 4437 4440 4438
f 4637 4438 4440
f 4438 4637 4439
f 4638 4449 4439
f 4639 4638 4439
f 4439 4637 4639
f 4440 4442 4637
f 4441 4443 4640
f 4441 4640 4442
f 4641 4637 4442
f 4640 4641 4442
f 4446 4640 4443
f 4455 4642 4444
f 4444 4642 4643
f 4644 4445 4444
f 4643 4644 4444
f 4645 4446 4445
f 4646 4645 4445
f 4445 4644 4646
f 4640 4446 4647
f 4446 4645 4647
f 4447 4648 4649
f 4648 4447 4448
f 4453 4447 4649
f 4448 4449 4648
f 4650 4648 4449
f 4650 4449 4638
f 4651 4451 4450
f 4453 4651 4450
f 4451 4632 4452
f 4651 4632 4451
f 4652 4453 4649
f 4653 4651 4453
f 4652 4653 4453
f 4472 4654 4454
f 4455 4454 4654
f 4654 4655 4455
f 4642 4455 4655
f 4467 4456 4459
f 4656 4458 4457
f 4657 4656 4457
f 4657 4457 4464
f 4656 4462 4458
f 4460 4467 4459
f 4460 4658 4467
f 4658 4460 4461
f 4659 4658 4461
f 4660 4659 4461
f 4660 4461 4462
f 4661 4462 4656
f 4462 4661 4662
f 4660 4462 4662
f 4463 4466 4465
f 4464 4465 4663
f 4657 4464 4663
f 4465 4466 4664
f 4665 4663 4465
f 4665 4465 4664
f 4466 4666 4664
f 4667 4466 4582
f 4666 4466 4667
f 4468 4467 4658
f 4668 4468 4658
f 4669 4468 4668
f 4469 4468 4669
f 4669 4475 4469
f 4470 4471 4670
f 4670 4474 4470
f 4671 4471 4481
f 4672 4471 4671
f 4670 4471 4672
f 4673 4654 4472
f 4473 4673 4472
f 4673 4473 4474
f 4474 4674 4675
f 4474 4675 4673
f 4670 4674 4474
f 4676 4475 4669
f 4475 4676 4476
f 4476 4676 4677
f 4477 4476 4677
f 4677 4678 4477
f 4477 4678 4478
f 4679 4478 4678
f 4478 4679 4680
f 4478 4681 4479
f 4680 4681 4478
f 4479 4682 4480
f 4479 4681 4682
f 4682 4481 4480
f 4481 4682 4683
f 4683 4671 4481
f 4482 4483 4488
f 4483 4684 4488
f 4483 4685 4684
f 4686 4483 4484
f 4483 4686 4685
f 4484 4485 4686
f 4687 4686 4485
f 4486 4688 4485
f 4687 4485 4688
f 4688 4486 4518
f 4490 4487 4489
f 4489 4488 4684
f 4489 4684 4685
f 4689 4490 4489
f 4489 4690 4689
f 4690 4489 4685
f 4490 4689 4491
f 4689 4691 4491
f 4491 4692 4492
f 4692 4491 4691
f 4492 4693 4493
f 4693 4492 4692
f 4694 4493 4695
f 4694 4494 4493
f 4693 4696 4493
f 4696 4695 4493
f 4494 4697 4495
f 4697 4494 4694
f 4495 4697 4497
f 4497 4698 4496
f 4501 4496 4698
f 4497 4699 4698
f 4697 4700 4497
f 4701 4497 4700
f 4699 4497 4701
f 4498 4499 4506
f 4499 4500 4702
f 4702 4703 4499
f 4499 4703 4506
f 4503 4702 4500
f 4501 4698 4502
f 4502 4698 4699
f 4502 4704 4503
f 4502 4699 4705
f 4705 4704 4502
f 4503 4706 4702
f 4503 4704 4706
f 4504 4707 4505
f 4707 4504 4708
f 4708 4504 4709
f 4504 4508 4709
f 4512 4505 4707
f 4710 4506 4703
f 4507 4506 4710
f 4710 4508 4507
f 4710 4711 4508
f 4508 4711 4712
f 4712 4713 4508
f 4713 4709 4508
f 4509 4512 4714
f 4715 4509 4714
f 4715 4510 4509
f 4511 4510 4716
f 4715 4717 4510
f 4717 4716 4510
f 4718 4514 4511
f 4718 4511 4716
f 4719 4512 4707
f 4720 4512 4719
f 4512 4720 4714
f 4514 4721 4513
f 4513 4721 4517
f 4721 4514 4722
f 4718 4722 4514
f 4553 4515 4516
f 4516 4723 4553
f 4724 4516 4517
f 4724 4723 4516
f 4517 4721 4725
f 4517 4725 4726
f 4724 4517 4726
f 4518 4519 4727
f 4518 4728 4688
f 4728 4518 4727
f 4727 4519 4729
f 4729 4519 4520
f 4520 4522 4730
f 4731 4520 4730
f 4731 4729 4520
f 4523 4521 4524
f 4522 4523 4730
f 4524 4730 4523
f 4730 4524 4732
f 4732 4524 4525
f 4525 4526 4732
f 4733 4732 4526
f 4526 4527 4733
f 4733 4527 4734
f 4527 4528 4734
f 4735 4734 4528
f 4528 4529 4735
f 4530 4736 4529
f 4736 4735 4529
f 4534 4736 4530
f 4737 4738 4531
f 4531 4738 4532
f 4531 4533 4737
f 4532 4739 4537
f 4532 4738 4739
f 4551 4737 4533
f 4534 4740 4736
f 4535 4740 4534
f 4535 4536 4740
f 4536 4741 4740
f 4741 4536 4739
f 4536 4537 4739
f 4742 4545 4538
f 4539 4742 4538
f 4742 4539 4743
f 4744 4743 4539
f 4539 4745 4744
f 4745 4539 4540
f 4746 4540 4541
f 4745 4540 4746
f 4606 4746 4541
f 4747 4542 4748
f 4749 4748 4542
f 4543 4749 4542
f 4549 4542 4747
f 4749 4543 4750
f 4750 4543 4751
f 4752 4751 4543
f 4752 4543 4544
f 4753 4752 4544
f 4545 4753 4544
f 4754 4753 4545
f 4545 4755 4754
f 4742 4755 4545
f 4756 4546 4547
f 4546 4756 4550
f 4757 4547 4758
f 4547 4757 4756
f 4758 4547 4759
f 4548 4759 4547
f 4760 4759 4548
f 4747 4760 4548
f 4549 4747 4548
f 4761 4551 4550
f 4756 4761 4550
f 4551 4762 4763
f 4551 4763 4737
f 4761 4762 4551
f 4764 4552 4553
f 4764 4555 4552
f 4764 4553 4723
f 4554 4557 4765
f 4554 4765 4766
f 4554 4766 4558
f 4555 4764 4556
f 4556 4764 4767
f 4557 4556 4768
f 4768 4556 4767
f 4557 4768 4765
f 4560 4558 4769
f 4558 4766 4770
f 4769 4558 4770
f 4560 4771 4559
f 4561 4559 4772
f 4772 4559 4771
f 4773 4560 4769
f 4771 4560 4773
f 4561 4772 4562
f 4562 4772 4774
f 4562 4775 4563
f 4775 4562 4774
f 4563 4775 4776
f 4564 4563 4776
f 4777 4566 4564
f 4564 4776 4777
f 4567 4565 4778
f 4778 4565 4779
f 4565 4566 4779
f 4777 4780 4566
f 4779 4566 4780
f 4568 4567 4778
f 4568 4778 4781
f 4782 4568 4781
f 4569 4568 4782
f 4573 4569 4782
f 4783 4574 4570
f 4783 4570 4572
f 4573 4784 4571
f 4572 4571 4784
f 4572 4785 4783
f 4785 4572 4784
f 4786 4573 4782
f 4786 4784 4573
f 4574 4783 4577
f 4576 4787 4575
f 4788 4575 4787
f 4578 4575 4788
f 4576 4577 4787
f 4789 4577 4783
f 4787 4577 4789
f 4788 4579 4578
f 4790 4579 4788
f 4791 4579 4790
f 4791 4580 4579
f 4581 4580 4792
f 4792 4580 4791
f 4793 4581 4792
f 4793 4583 4581
f 4667 4582 4794
f 4794 4582 4584
f 4583 4795 4584
f 4793 4796 4583
f 4583 4796 4795
f 4584 4795 4797
f 4797 4794 4584
f 4614 4586 4585
f 4585 4613 4614
f 4589 4613 4585
f 4798 4593 4587
f 4798 4587 4588
f 4799 4588 4603
f 4800 4588 4799
f 4800 4798 4588
f 4589 4801 4613
f 4801 4589 4802
f 4590 4802 4589
f 4803 4802 4590
f 4803 4590 4592
f 4591 4804 4592
f 4805 4591 4593
f 4805 4806 4591
f 4806 4804 4591
f 4807 4803 4592
f 4804 4807 4592
f 4798 4805 4593
f 4596 4600 4595
f 4600 4596 4808
f 4597 4809 4596
f 4596 4810 4808
f 4809 4810 4596
f 4616 4809 4597
f 4616 4597 4615
f 4599 4605 4598
f 4599 4811 4605
f 4599 4812 4811
f 4813 4812 4599
f 4602 4813 4599
f 4600 4814 4601
f 4815 4814 4600
f 4808 4815 4600
f 4814 4602 4601
f 4602 4816 4813
f 4602 4814 4816
f 4604 4799 4603
f 4604 4605 4811
f 4817 4799 4604
f 4811 4817 4604
f 4818 4746 4606
f 4819 4818 4606
f 4820 4819 4606
f 4821 4606 4607
f 4821 4820 4606
f 4822 4821 4607
f 4822 4607 4608
f 4823 4822 4608
f 4823 4608 4609
f 4823 4609 4611
f 4824 4610 4612
f 4824 4611 4610
f 4825 4826 4611
f 4823 4611 4827
f 4826 4827 4611
f 4611 4824 4825
f 4824 4612 4613
f 4801 4824 4613
f 4828 4809 4616
f 4829 4828 4616
f 4617 4829 4616
f 4829 4617 4830
f 4830 4617 4618
f 4626 4618 4619
f 4626 4627 4618
f 4627 4830 4618
f 4623 4622 4621
f 4622 4831 4631
f 4832 4831 4622
f 4833 4832 4622
f 4623 4833 4622
f 4833 4623 4834
f 4623 4624 4834
f 4835 4624 4625
f 4835 4836 4624
f 4836 4834 4624
f 4635 4837 4625
f 4837 4835 4625
f 4838 4830 4627
f 4627 4628 4838
f 4839 4838 4628
f 4630 4839 4628
f 4840 4630 4629
f 4841 4629 4631
f 4841 4840 4629
f 4840 4842 4630
f 4839 4630 4842
f 4831 4841 4631
f 4651 4843 4632
f 4843 4633 4632
f 4844 4845 4633
f 4844 4633 4843
f 4845 4634 4633
f 4634 4845 4846
f 4846 4636 4634
f 4635 4847 4837
f 4848 4635 4636
f 4849 4847 4635
f 4635 4850 4849
f 4848 4850 4635
f 4851 4848 4636
f 4846 4851 4636
f 4852 4639 4637
f 4641 4852 4637
f 4853 4638 4639
f 4854 4650 4638
f 4853 4854 4638
f 4639 4852 4853
f 4647 4641 4640
f 4641 4647 4855
f 4855 4852 4641
f 4655 4856 4642
f 4643 4642 4856
f 4857 4643 4856
f 4643 4646 4644
f 4858 4646 4643
f 4858 4643 4857
f 4859 4645 4646
f 4859 4860 4645
f 4860 4647 4645
f 4859 4646 4858
f 4647 4860 4861
f 4647 4861 4855
f 4650 4649 4648
f 4862 4652 4649
f 4649 4650 4862
f 4863 4862 4650
f 4650 4854 4863
f 4864 4843 4651
f 4865 4864 4651
f 4651 4653 4865
f 4866 4653 4652
f 4652 4862 4866
f 4867 4865 4653
f 4866 4867 4653
f 4654 4673 4655
f 4675 4655 4673
f 4675 4868 4655
f 4655 4868 4856
f 4869 4661 4656
f 4657 4870 4656
f 4869 4656 4870
f 4871 4657 4663
f 4872 4657 4871
f 4873 4657 4872
f 4870 4657 4874
f 4874 4657 4873
f 4668 4658 4659
f 4659 4875 4668
f 4875 4659 4876
f 4660 4662 4659
f 4659 4662 4876
f 4877 4661 4869
f 4877 4876 4661
f 4662 4661 4876
f 4663 4878 4871
f 4665 4878 4663
f 4879 4664 4666
f 4665 4664 4879
f 4880 4665 4881
f 4878 4665 4880
f 4665 4879 4881
f 4882 4666 4883
f 4882 4879 4666
f 4883 4666 4667
f 4794 4884 4667
f 4883 4667 4884
f 4885 4668 4875
f 4668 4885 4669
f 4676 4669 4885
f 4670 4886 4674
f 4886 4670 4672
f 4672 4671 4683
f 4672 4683 4887
f 4888 4886 4672
f 4672 4887 4889
f 4888 4672 4889
f 4890 4675 4674
f 4890 4674 4891
f 4674 4886 4891
f 4890 4868 4675
f 4885 4892 4676
f 4676 4892 4893
f 4894 4676 4893
f 4676 4894 4677
f 4894 4678 4677
f 4678 4894 4895
f 4896 4678 4895
f 4678 4896 4679
f 4679 4896 4897
f 4680 4679 4897
f 4898 4680 4897
f 4680 4898 4899
f 4900 4681 4680
f 4900 4680 4899
f 4900 4682 4681
f 4682 4900 4901
f 4901 4683 4682
f 4683 4901 4902
f 4683 4902 4887
f 4686 4903 4685
f 4685 4903 4690
f 4903 4686 4687
f 4904 4903 4687
f 4905 4687 4688
f 4904 4687 4905
f 4688 4728 4905
f 4690 4691 4689
f 4691 4690 4903
f 4692 4691 4906
f 4903 4906 4691
f 4692 4906 4693
f 4906 4907 4693
f 4907 4908 4693
f 4693 4908 4696
f 4909 4694 4695
f 4697 4694 4910
f 4909 4910 4694
f 4695 4696 4911
f 4695 4911 4909
f 4908 4911 4696
f 4700 4697 4910
f 4701 4912 4699
f 4912 4705 4699
f 4700 4910 4913
f 4913 4914 4700
f 4700 4914 4701
f 4912 4701 4915
f 4915 4701 4914
f 4703 4702 4706
f 4703 4706 4916
f 4917 4703 4916
f 4710 4703 4917
f 4912 4918 4704
f 4704 4918 4706
f 4704 4705 4912
f 4918 4919 4706
f 4916 4706 4919
f 4707 4708 4719
f 4709 4920 4708
f 4719 4708 4920
f 4713 4921 4709
f 4709 4921 4922
f 4920 4709 4922
f 4917 4711 4710
f 4917 4923 4711
f 4923 4924 4711
f 4711 4925 4712
f 4925 4711 4924
f 4712 4921 4713
f 4712 4925 4926
f 4921 4712 4926
f 4927 4714 4720
f 4715 4714 4927
f 4715 4927 4717
f 4928 4716 4717
f 4718 4716 4928
f 4928 4717 4929
f 4930 4717 4927
f 4717 4930 4929
f 4718 4928 4931
f 4722 4718 4931
f 4920 4932 4719
f 4932 4933 4719
f 4719 4933 4720
f 4927 4720 4934
f 4934 4720 4933
f 4721 4722 4725
f 4725 4722 4931
f 4767 4764 4723
f 4723 4935 4767
f 4935 4723 4936
f 4937 4723 4724
f 4937 4936 4723
f 4938 4937 4724
f 4726 4938 4724
f 4725 4939 4726
f 4725 4931 4940
f 4939 4725 4940
f 4941 4726 4939
f 4938 4726 4941
f 4942 4727 4729
f 4727 4943 4728
f 4943 4727 4942
f 4944 4905 4728
f 4728 4945 4944
f 4945 4728 4943
f 4729 4731 4946
f 4947 4729 4946
f 4942 4729 4947
f 4730 4946 4731
f 4730 4732 4946
f 4948 4732 4733
f 4948 4946 4732
f 4734 4949 4733
f 4950 4948 4733
f 4949 4950 4733
f 4951 4949 4734
f 4734 4735 4951
f 4740 4951 4735
f 4740 4735 4736
f 4763 4738 4737
f 4738 4952 4739
f 4953 4952 4738
f 4763 4953 4738
f 4739 4954 4955
f 4954 4739 4952
f 4741 4739 4955
f 4740 4956 4951
f 4741 4956 4740
f 4741 4955 4956
f 4755 4742 4957
f 4958 4957 4742
f 4743 4958 4742
f 4959 4958 4743
f 4960 4959 4743
f 4961 4960 4743
f 4743 4744 4961
f 4962 4744 4745
f 4963 4744 4962
f 4964 4961 4744
f 4964 4744 4963
f 4746 4818 4745
f 4819 4962 4745
f 4745 4818 4819
f 4965 4760 4747
f 4747 4966 4965
f 4967 4966 4747
f 4748 4967 4747
f 4968 4969 4748
f 4970 4968 4748
f 4748 4969 4967
f 4970 4748 4749
f 4750 4970 4749
f 4970 4750 4968
f 4971 4968 4750
f 4751 4971 4750
f 4752 4971 4751
f 4972 4971 4752
f 4753 4972 4752
f 4754 4972 4753
f 4755 4972 4754
f 4972 4755 4957
f 4756 4973 4761
f 4973 4756 4757
f 4974 4757 4975
f 4976 4975 4757
f 4758 4976 4757
f 4757 4974 4973
f 4977 4976 4758
f 4978 4977 4758
f 4758 4760 4978
f 4758 4759 4760
f 4979 4978 4760
f 4965 4979 4760
f 4980 4981 4761
f 4762 4761 4981
f 4973 4980 4761
f 4762 4982 4763
f 4982 4762 4981
f 4982 4953 4763
f 4983 4765 4768
f 4766 4765 4983
f 4983 4770 4766
f 4935 4768 4767
f 4983 4768 4935
f 4769 4770 4984
f 4985 4769 4984
f 4986 4769 4985
f 4987 4769 4986
f 4773 4769 4987
f 4988 4770 4983
f 4984 4770 4988
f 4989 4771 4773
f 4772 4771 4989
f 4774 4772 4989
f 4990 4773 4991
f 4991 4773 4987
f 4989 4773 4990
f 4774 4989 4992
f 4775 4774 4993
f 4993 4774 4992
f 4993 4994 4775
f 4994 4776 4775
f 4994 4995 4776
f 4777 4776 4995
f 4777 4995 4996
f 4780 4777 4996
f 4778 4779 4997
f 4997 4781 4778
f 4779 4780 4997
f 4998 4997 4780
f 4780 4996 4999
f 4780 4999 5000
f 4998 4780 5000
f 5001 4782 4781
f 5001 4781 4997
f 4786 4782 5001
f 5002 4783 4785
f 5003 4783 5002
f 4789 4783 5003
f 4785 4784 4786
f 4785 5004 5002
f 4786 5004 4785
f 5005 4786 5001
f 5004 4786 5005
f 4787 4789 5006
f 4790 4788 4787
f 4787 5006 4790
f 4789 5003 5006
f 4791 4790 5007
f 5007 4790 5006
f 5008 4792 4791
f 4791 5009 5008
f 5007 5010 4791
f 5009 4791 5010
f 4792 5008 4793
f 4793 5008 4796
f 4884 4794 4797
f 4795 5011 4797
f 4796 5012 4795
f 5013 4795 5012
f 5011 4795 5013
f 5012 4796 5008
f 5014 4797 5011
f 4797 5014 4884
f 4798 5015 4805
f 5016 5015 4798
f 4798 4800 5016
f 4817 5017 4799
f 4799 5016 4800
f 4799 5017 5016
f 5018 5019 4801
f 4802 5018 4801
f 4801 5019 4824
f 5020 5018 4802
f 5021 5020 4802
f 4807 5021 4802
f 4807 4802 4803
f 5022 4807 4804
f 5023 5024 4804
f 5024 5022 4804
f 5025 4804 4806
f 5025 5023 4804
f 4805 5015 4806
f 5025 4806 5026
f 5027 4806 5015
f 5026 4806 5027
f 4807 5028 5021
f 4807 5029 5028
f 5030 5029 4807
f 5022 5030 4807
f 4808 4816 4815
f 4808 5031 4816
f 5032 5031 4808
f 4810 5032 4808
f 4828 4810 4809
f 5033 4810 4828
f 5034 4810 5033
f 5034 5032 4810
f 4811 4812 5035
f 4811 5017 4817
f 4811 5036 5017
f 5037 5036 4811
f 5035 5037 4811
f 4813 5035 4812
f 4816 5035 4813
f 4815 4816 4814
f 4816 5038 5035
f 5031 5038 4816
f 5039 4962 4819
f 4820 5039 4819
f 5040 5039 4820
f 4822 4820 4821
f 4822 5041 4820
f 5042 4820 5041
f 4820 5042 5040
f 5043 4822 4827
f 4822 5043 5041
f 4822 4823 4827
f 5019 4825 4824
f 5018 4826 4825
f 5019 5018 4825
f 5043 4827 4826
f 5044 5043 4826
f 4826 5045 5044
f 5045 4826 5046
f 5046 4826 5018
f 5047 4828 4829
f 5047 5033 4828
f 5047 4829 5048
f 5048 4829 5049
f 4830 5049 4829
f 4830 5050 5049
f 5051 5050 4830
f 4838 5051 4830
f 4831 5052 4841
f 5053 5052 4831
f 4831 4832 5053
f 4832 5054 5053
f 5055 5054 4832
f 5055 4832 4833
f 4836 4833 4834
f 4833 4836 5055
f 5056 4836 4835
f 4835 5057 5056
f 5058 5057 4835
f 4837 5058 4835
f 4836 5059 5055
f 5056 5059 4836
f 4837 5060 5058
f 4847 5060 4837
f 4839 5051 4838
f 4839 5061 5051
f 4839 5062 5061
f 4839 4842 5062
f 5063 4842 4840
f 4840 4841 5064
f 5064 5063 4840
f 4841 5052 5053
f 5053 5064 4841
f 4842 5063 5065
f 5065 5062 4842
f 4844 4843 4864
f 5066 4845 4844
f 5067 5066 4844
f 5067 4844 4864
f 4846 4845 5068
f 4845 5069 5068
f 5069 4845 5066
f 5068 4851 4846
f 5070 5060 4847
f 5071 5070 4847
f 4849 5071 4847
f 5072 4850 4848
f 5073 4848 4851
f 5073 5072 4848
f 5074 5071 4849
f 4849 4850 5074
f 5072 5074 4850
f 5068 5073 4851
f 5075 4852 4855
f 4853 4852 5076
f 4852 5075 5076
f 4854 4853 5077
f 5076 5078 4853
f 4853 5078 5077
f 5077 4863 4854
f 5075 4855 4861
f 4856 4868 5079
f 4856 5079 5080
f 4857 4856 5080
f 5080 5081 4857
f 5081 5082 4857
f 4858 4857 5082
f 5083 4859 4858
f 4858 5082 5083
f 5084 4860 4859
f 5083 5084 4859
f 4861 4860 5085
f 5084 5085 4860
f 4861 5085 5075
f 5086 4862 4863
f 5086 4866 4862
f 4863 5077 5087
f 5087 5086 4863
f 4864 4865 5088
f 4864 5088 5067
f 4865 4867 5088
f 5086 5089 4866
f 5089 4867 4866
f 5090 5088 4867
f 5091 5090 4867
f 5092 4867 5089
f 5091 4867 5092
f 4891 4868 4890
f 5079 4868 4891
f 4877 4869 4870
f 4874 4877 4870
f 4878 5093 4871
f 4871 5093 4872
f 4872 5094 4873
f 4872 5095 5094
f 4872 5093 5095
f 4873 5094 4874
f 4877 4874 5094
f 5096 4885 4875
f 5097 4875 4876
f 5097 5096 4875
f 5097 4876 4877
f 5097 4877 5094
f 5098 5093 4878
f 5098 4878 4880
f 4881 4879 4882
f 4880 4881 5099
f 5099 5098 4880
f 5100 4881 4882
f 5099 4881 5100
f 5101 5102 4882
f 5100 4882 5103
f 5103 4882 5102
f 5101 4882 4883
f 4883 4884 5014
f 5014 5101 4883
f 5096 4892 4885
f 4891 4886 5079
f 5079 4886 4888
f 4887 4902 5104
f 4889 4887 5104
f 5105 4888 4889
f 5106 4888 5105
f 5079 4888 5106
f 5105 4889 5107
f 5104 5107 4889
f 4892 5096 5108
f 4892 5108 4893
f 5108 5109 4893
f 5109 4894 4893
f 4894 5109 4895
f 5110 4895 5109
f 5111 4895 5110
f 5111 4896 4895
f 5111 5112 4896
f 4896 5112 4897
f 5112 5113 4897
f 4897 5114 4898
f 4897 5113 5114
f 4898 5115 4899
f 4898 5114 5115
f 5116 4900 4899
f 5117 5116 4899
f 4899 5115 5118
f 5119 5117 4899
f 5118 5119 4899
f 5120 4901 4900
f 5116 5120 4900
f 4901 5120 4902
f 4902 5120 5121
f 5121 5122 4902
f 5123 5104 4902
f 5123 4902 5122
f 4906 4903 4904
f 4906 4904 4907
f 4904 4905 5124
f 4907 4904 5125
f 4904 5124 5125
f 4905 4944 5124
f 5126 4907 5125
f 4907 5126 4908
f 5127 4908 5128
f 4908 5126 5128
f 5127 4911 4908
f 5129 4913 4909
f 4909 4911 5129
f 4909 4913 4910
f 5129 4911 5127
f 4912 5130 4918
f 5130 4912 5131
f 4912 4915 5131
f 5129 5132 4913
f 5132 5133 4913
f 5133 4914 4913
f 4914 5134 4915
f 5135 5134 4914
f 5135 4914 5133
f 4915 5134 5131
f 4916 4923 4917
f 4923 4916 4919
f 5130 4919 4918
f 5130 5136 4919
f 4923 4919 5136
f 4932 4920 4922
f 4926 5137 4921
f 5137 4922 4921
f 5137 5138 4922
f 4922 5138 4932
f 4923 5136 5139
f 4924 4923 5139
f 4924 5139 5140
f 4925 4924 5140
f 4926 4925 5140
f 4926 5140 5141
f 5141 5142 4926
f 5137 4926 5142
f 4934 4930 4927
f 4928 4929 4931
f 4940 4931 4929
f 4930 5143 4929
f 4929 5143 4940
f 4930 5144 5143
f 4930 4934 5145
f 5146 4930 5145
f 4930 5146 5144
f 4932 5147 4933
f 5138 5147 4932
f 5148 4933 5147
f 4934 4933 5145
f 4933 5148 5145
f 5149 4935 4936
f 4983 4935 5150
f 4935 5149 5150
f 4937 5151 4936
f 5151 5152 4936
f 5149 4936 5152
f 4938 5153 4937
f 5154 4937 5153
f 5155 4937 5154
f 4937 5155 5151
f 4941 5153 4938
f 5156 4939 4940
f 4939 5157 4941
f 5156 5157 4939
f 5143 5156 4940
f 4941 5157 5153
f 4942 4947 5158
f 5159 4942 5160
f 4942 5158 5160
f 4942 5161 4943
f 5161 4942 5159
f 5162 4945 4943
f 5162 4943 5161
f 4944 5163 5124
f 4944 4945 5163
f 5164 5163 4945
f 5162 5164 4945
f 4948 4947 4946
f 4947 4948 5158
f 4950 5158 4948
f 4950 4949 5165
f 5166 5165 4949
f 5166 4949 4951
f 4950 5160 5158
f 5160 4950 5159
f 5165 5159 4950
f 4956 5166 4951
f 5167 4952 5168
f 5169 5168 4952
f 5170 5169 4952
f 4952 5167 4954
f 4953 5170 4952
f 5171 5172 4953
f 4953 5172 5170
f 5171 4953 4982
f 5173 4954 5167
f 4954 5173 4955
f 4955 5173 4956
f 5173 5174 4956
f 4956 5174 5175
f 4956 5175 5166
f 5176 4972 4957
f 5177 5176 4957
f 5178 5177 4957
f 4957 4958 5178
f 4959 5178 4958
f 4959 5177 5178
f 5179 5177 4959
f 4960 5179 4959
f 4960 5180 5179
f 5180 4960 4961
f 4964 5180 4961
f 5039 5181 4962
f 5181 4963 4962
f 4963 5182 4964
f 5183 5182 4963
f 4963 5181 5183
f 5180 4964 5184
f 5184 4964 5182
f 4979 4965 5185
f 4966 5185 4965
f 4967 5185 4966
f 5185 4967 4969
f 4969 4968 5186
f 4971 5186 4968
f 5187 4969 5142
f 4969 5187 5185
f 4969 5186 5142
f 5188 5186 4971
f 5188 4971 4972
f 5176 5188 4972
f 4980 4973 4974
f 4975 5189 4974
f 4974 5189 4980
f 4975 5190 5189
f 5191 5190 4975
f 4976 5191 4975
f 4976 4977 5191
f 5192 5191 4977
f 4978 5192 4977
f 4979 5192 4978
f 5192 4979 5193
f 5185 5193 4979
f 4980 5194 5195
f 5194 4980 5189
f 4980 5195 4981
f 5196 4982 4981
f 5196 4981 5195
f 5197 5171 4982
f 5196 5197 4982
f 4988 4983 5150
f 4984 4988 5198
f 5198 4985 4984
f 4985 4987 4986
f 4987 4985 5198
f 5199 4987 5198
f 4991 4987 5199
f 5150 5198 4988
f 4989 4990 4992
f 5200 4990 4991
f 4992 4990 5201
f 5202 4990 5200
f 4990 5202 5201
f 5200 4991 5199
f 4992 5203 5204
f 4993 4992 5205
f 5204 5205 4992
f 5203 4992 5201
f 5206 4994 4993
f 5206 4993 5207
f 5207 4993 5205
f 5208 4994 5206
f 5208 4995 4994
f 5209 4995 5208
f 4996 4995 5209
f 4996 5209 4999
f 4997 5210 5001
f 5210 4997 4998
f 5000 5211 4998
f 5212 4998 5211
f 5210 4998 5212
f 4999 5209 5213
f 5000 4999 5214
f 5213 5215 4999
f 5214 4999 5215
f 5214 5211 5000
f 5001 5216 5005
f 5210 5216 5001
f 5002 5004 5217
f 5003 5002 5217
f 5218 5006 5003
f 5217 5218 5003
f 5004 5005 5219
f 5004 5219 5217
f 5220 5005 5216
f 5220 5219 5005
f 5218 5007 5006
f 5007 5218 5221
f 5007 5221 5222
f 5222 5010 5007
f 5008 5223 5012
f 5223 5008 5224
f 5224 5008 5009
f 5224 5009 5225
f 5009 5010 5225
f 5222 5226 5010
f 5010 5227 5225
f 5010 5226 5227
f 5011 5228 5229
f 5229 5014 5011
f 5228 5011 5013
f 5230 5013 5012
f 5231 5012 5223
f 5012 5231 5230
f 5013 5230 5228
f 5101 5014 5232
f 5232 5014 5229
f 5016 5027 5015
f 5016 5233 5027
f 5016 5036 5234
f 5016 5017 5036
f 5234 5233 5016
f 5018 5020 5046
f 5021 5046 5020
f 5028 5235 5021
f 5021 5235 5046
f 5236 5022 5024
f 5022 5237 5030
f 5237 5022 5238
f 5238 5022 5239
f 5236 5239 5022
f 5240 5024 5023
f 5023 5026 5241
f 5026 5023 5025
f 5241 5240 5023
f 5240 5236 5024
f 5233 5241 5026
f 5027 5233 5026
f 5028 5242 5235
f 5028 5029 5242
f 5029 5243 5242
f 5029 5244 5243
f 5237 5244 5029
f 5237 5029 5030
f 5031 5245 5038
f 5246 5245 5031
f 5247 5246 5031
f 5032 5247 5031
f 5034 5248 5032
f 5032 5248 5247
f 5047 5034 5033
f 5249 5034 5250
f 5249 5251 5034
f 5251 5248 5034
f 5034 5047 5250
f 5252 5035 5038
f 5035 5252 5037
f 5253 5234 5036
f 5253 5036 5037
f 5254 5253 5037
f 5252 5254 5037
f 5245 5252 5038
f 5040 5255 5039
f 5255 5256 5039
f 5257 5181 5039
f 5257 5039 5256
f 5040 5258 5255
f 5259 5040 5042
f 5259 5258 5040
f 5044 5042 5041
f 5044 5041 5043
f 5259 5042 5044
f 5045 5259 5044
f 5243 5258 5045
f 5046 5243 5045
f 5258 5259 5045
f 5235 5243 5046
f 5250 5047 5048
f 5050 5250 5048
f 5049 5050 5048
f 5050 5260 5250
f 5051 5261 5050
f 5261 5260 5050
f 5051 5260 5261
f 5262 5260 5051
f 5061 5262 5051
f 5053 5263 5064
f 5054 5264 5053
f 5264 5263 5053
f 5264 5054 5055
f 5055 5265 5264
f 5055 5266 5265
f 5267 5055 5059
f 5267 5266 5055
f 5056 5268 5059
f 5057 5268 5056
f 5269 5057 5058
f 5270 5057 5269
f 5270 5271 5057
f 5057 5271 5268
f 5060 5269 5058
f 5268 5267 5059
f 5270 5269 5060
f 5070 5270 5060
f 5061 5062 5262
f 5272 5062 5065
f 5272 5273 5062
f 5273 5262 5062
f 5263 5065 5063
f 5064 5263 5063
f 5263 5272 5065
f 5274 5069 5066
f 5067 5274 5066
f 5275 5274 5067
f 5067 5088 5276
f 5275 5067 5276
f 5069 5277 5068
f 5278 5073 5068
f 5277 5278 5068
f 5279 5277 5069
f 5274 5279 5069
f 5280 5070 5071
f 5281 5270 5070
f 5280 5281 5070
f 5074 5280 5071
f 5073 5282 5072
f 5282 5074 5072
f 5278 5282 5073
f 5283 5280 5074
f 5284 5283 5074
f 5282 5284 5074
f 5075 5085 5285
f 5076 5075 5285
f 5286 5078 5076
f 5285 5286 5076
f 5287 5077 5078
f 5077 5287 5087
f 5286 5287 5078
f 5106 5080 5079
f 5106 5081 5080
f 5081 5106 5288
f 5082 5081 5288
f 5288 5289 5082
f 5289 5083 5082
f 5083 5289 5290
f 5290 5084 5083
f 5084 5291 5085
f 5290 5292 5084
f 5084 5292 5291
f 5285 5085 5291
f 5086 5087 5293
f 5293 5089 5086
f 5294 5087 5287
f 5295 5293 5087
f 5087 5294 5295
f 5090 5276 5088
f 5296 5089 5293
f 5296 5092 5089
f 5090 5297 5276
f 5091 5297 5090
f 5298 5091 5092
f 5299 5091 5298
f 5299 5297 5091
f 5092 5296 5298
f 5095 5093 5300
f 5093 5098 5301
f 5300 5093 5301
f 5095 5302 5094
f 5302 5097 5094
f 5300 5302 5095
f 5096 5097 5303
f 5303 5108 5096
f 5097 5302 5303
f 5099 5301 5098
f 5304 5099 5100
f 5099 5305 5301
f 5099 5304 5306
f 5306 5305 5099
f 5100 5103 5304
f 5307 5102 5101
f 5307 5101 5232
f 5308 5103 5102
f 5102 5309 5308
f 5307 5310 5102
f 5102 5311 5309
f 5311 5102 5310
f 5304 5103 5308
f 5312 5107 5104
f 5104 5123 5312
f 5105 5107 5106
f 5106 5107 5312
f 5313 5106 5312
f 5313 5288 5106
f 5303 5314 5108
f 5108 5314 5109
f 5109 5314 5110
f 5110 5314 5303
f 5110 5303 5315
f 5110 5315 5111
f 5111 5315 5316
f 5111 5316 5317
f 5112 5111 5317
f 5317 5318 5112
f 5113 5112 5318
f 5319 5113 5318
f 5319 5320 5113
f 5320 5114 5113
f 5114 5320 5321
f 5321 5115 5114
f 5321 5118 5115
f 5120 5116 5121
f 5121 5116 5117
f 5322 5117 5119
f 5117 5322 5121
f 5321 5323 5118
f 5118 5323 5324
f 5119 5118 5325
f 5325 5118 5324
f 5119 5325 5326
f 5119 5326 5322
f 5327 5121 5322
f 5122 5121 5327
f 5123 5122 5328
f 5328 5122 5329
f 5327 5329 5122
f 5123 5330 5312
f 5123 5331 5330
f 5328 5331 5123
f 5125 5124 5163
f 5126 5125 5163
f 5332 5128 5126
f 5332 5126 5333
f 5163 5334 5126
f 5334 5333 5126
f 5335 5127 5128
f 5335 5129 5127
f 5128 5336 5335
f 5336 5128 5332
f 5132 5129 5335
f 5130 5131 5136
f 5136 5131 5134
f 5132 5335 5336
f 5336 5337 5132
f 5133 5132 5337
f 5338 5133 5337
f 5338 5135 5133
f 5136 5134 5339
f 5339 5134 5135
f 5135 5338 5340
f 5339 5135 5340
f 5136 5339 5341
f 5136 5341 5139
f 5342 5138 5137
f 5137 5142 5342
f 5342 5147 5138
f 5341 5343 5139
f 5140 5139 5343
f 5344 5140 5343
f 5141 5140 5344
f 5187 5141 5344
f 5142 5141 5187
f 5342 5142 5186
f 5345 5156 5143
f 5144 5345 5143
f 5144 5146 5345
f 5148 5346 5145
f 5346 5146 5145
f 5347 5146 5346
f 5345 5146 5347
f 5147 5348 5148
f 5147 5342 5186
f 5348 5147 5188
f 5188 5147 5186
f 5346 5148 5349
f 5349 5148 5348
f 5149 5350 5150
f 5149 5152 5351
f 5350 5149 5351
f 5352 5150 5350
f 5198 5150 5352
f 5152 5151 5353
f 5353 5151 5155
f 5351 5152 5353
f 5153 5157 5354
f 5354 5154 5153
f 5154 5355 5155
f 5154 5356 5355
f 5356 5154 5354
f 5353 5155 5355
f 5156 5357 5157
f 5345 5357 5156
f 5157 5357 5358
f 5354 5157 5359
f 5359 5157 5358
f 5159 5360 5161
f 5159 5165 5360
f 5361 5161 5360
f 5162 5161 5361
f 5362 5162 5361
f 5162 5363 5164
f 5363 5162 5362
f 5334 5163 5164
f 5334 5164 5363
f 5175 5360 5165
f 5175 5165 5166
f 5167 5364 5173
f 5365 5364 5167
f 5168 5365 5167
f 5168 5366 5365
f 5367 5366 5168
f 5367 5168 5169
f 5368 5367 5169
f 5368 5169 5170
f 5172 5368 5170
f 5171 5369 5370
f 5171 5370 5172
f 5371 5369 5171
f 5371 5171 5197
f 5172 5370 5368
f 5173 5372 5174
f 5364 5372 5173
f 5174 5373 5175
f 5373 5174 5372
f 5175 5361 5360
f 5361 5175 5374
f 5374 5175 5373
f 5188 5176 5349
f 5375 5349 5176
f 5376 5375 5176
f 5376 5176 5177
f 5177 5179 5376
f 5377 5376 5179
f 5180 5377 5179
f 5180 5184 5377
f 5183 5181 5378
f 5378 5181 5257
f 5379 5184 5182
f 5182 5380 5379
f 5182 5183 5380
f 5183 5381 5380
f 5183 5378 5381
f 5379 5377 5184
f 5193 5185 5187
f 5382 5187 5344
f 5187 5382 5193
f 5349 5348 5188
f 5190 5383 5189
f 5189 5383 5194
f 5340 5190 5339
f 5190 5340 5383
f 5339 5190 5384
f 5385 5384 5190
f 5190 5191 5385
f 5191 5382 5385
f 5192 5382 5191
f 5193 5382 5192
f 5195 5194 5383
f 5383 5196 5195
f 5371 5197 5196
f 5383 5371 5196
f 5198 5352 5199
f 5200 5199 5386
f 5386 5199 5387
f 5352 5387 5199
f 5202 5200 5386
f 5202 5386 5201
f 5203 5201 5388
f 5388 5201 5386
f 5204 5203 5389
f 5389 5203 5388
f 5204 5389 5390
f 5205 5204 5390
f 5391 5207 5205
f 5391 5205 5390
f 5208 5206 5392
f 5392 5206 5207
f 5393 5207 5391
f 5392 5207 5393
f 5209 5208 5392
f 5213 5209 5394
f 5392 5395 5209
f 5209 5395 5394
f 5396 5210 5212
f 5216 5210 5396
f 5212 5211 5397
f 5211 5398 5397
f 5211 5399 5398
f 5211 5214 5399
f 5396 5212 5397
f 5213 5400 5215
f 5400 5213 5401
f 5394 5402 5213
f 5402 5401 5213
f 5214 5215 5403
f 5399 5214 5403
f 5403 5215 5400
f 5404 5220 5216
f 5216 5396 5405
f 5216 5405 5404
f 5217 5406 5218
f 5407 5406 5217
f 5217 5219 5408
f 5409 5217 5408
f 5409 5407 5217
f 5406 5221 5218
f 5408 5219 5220
f 5220 5410 5408
f 5411 5410 5220
f 5404 5412 5220
f 5412 5413 5220
f 5413 5411 5220
f 5221 5406 5407
f 5414 5221 5407
f 5415 5222 5221
f 5414 5416 5221
f 5415 5221 5416
f 5226 5222 5417
f 5417 5222 5415
f 5418 5223 5419
f 5223 5224 5419
f 5223 5420 5231
f 5223 5418 5420
f 5225 5419 5224
f 5419 5225 5227
f 5421 5226 5417
f 5421 5422 5226
f 5227 5226 5422
f 5422 5423 5227
f 5419 5227 5423
f 5424 5425 5228
f 5229 5228 5425
f 5228 5230 5426
f 5424 5228 5426
f 5232 5229 5425
f 5230 5231 5426
f 5426 5231 5427
f 5428 5427 5231
f 5429 5428 5231
f 5231 5420 5429
f 5430 5307 5232
f 5430 5232 5431
f 5431 5232 5425
f 5233 5432 5241
f 5234 5432 5233
f 5433 5234 5253
f 5434 5234 5433
f 5435 5436 5234
f 5234 5437 5435
f 5432 5234 5436
f 5438 5437 5234
f 5434 5438 5234
f 5242 5243 5235
f 5439 5239 5236
f 5440 5236 5240
f 5439 5236 5440
f 5441 5442 5237
f 5442 5244 5237
f 5238 5441 5237
f 5443 5441 5238
f 5239 5444 5238
f 5444 5443 5238
f 5445 5444 5239
f 5439 5445 5239
f 5446 5240 5241
f 5440 5240 5446
f 5432 5446 5241
f 5243 5447 5258
f 5448 5447 5243
f 5243 5449 5448
f 5244 5449 5243
f 5450 5451 5244
f 5244 5451 5449
f 5450 5244 5442
f 5452 5252 5245
f 5246 5452 5245
f 5247 5453 5246
f 5453 5454 5246
f 5452 5246 5455
f 5246 5456 5455
f 5457 5456 5246
f 5458 5457 5246
f 5454 5458 5246
f 5248 5453 5247
f 5454 5453 5248
f 5459 5454 5248
f 5251 5460 5248
f 5461 5248 5460
f 5461 5459 5248
f 5249 5460 5251
f 5260 5460 5249
f 5249 5250 5260
f 5252 5433 5254
f 5433 5252 5462
f 5452 5462 5252
f 5433 5253 5254
f 5447 5255 5258
f 5447 5448 5255
f 5255 5451 5256
f 5448 5449 5255
f 5451 5255 5449
f 5463 5257 5256
f 5256 5451 5464
f 5463 5256 5464
f 5463 5378 5257
f 5465 5460 5260
f 5466 5465 5260
f 5467 5466 5260
f 5467 5260 5262
f 5468 5262 5469
f 5262 5273 5470
f 5469 5262 5470
f 5262 5468 5467
f 5471 5472 5263
f 5264 5471 5263
f 5473 5272 5263
f 5472 5474 5263
f 5474 5473 5263
f 5265 5471 5264
f 5266 5471 5265
f 5475 5266 5267
f 5475 5471 5266
f 5271 5267 5268
f 5271 5475 5267
f 5476 5271 5270
f 5476 5270 5281
f 5271 5477 5475
f 5271 5476 5478
f 5479 5480 5271
f 5478 5479 5271
f 5480 5477 5271
f 5473 5273 5272
f 5470 5273 5473
f 5481 5279 5274
f 5482 5274 5275
f 5482 5481 5274
f 5483 5482 5275
f 5276 5483 5275
f 5297 5483 5276
f 5484 5485 5277
f 5279 5484 5277
f 5277 5485 5278
f 5278 5486 5282
f 5485 5486 5278
f 5487 5484 5279
f 5488 5487 5279
f 5481 5488 5279
f 5281 5280 5476
f 5283 5476 5280
f 5486 5284 5282
f 5489 5476 5283
f 5490 5489 5283
f 5486 5283 5284
f 5486 5490 5283
f 5286 5285 5491
f 5291 5491 5285
f 5491 5492 5286
f 5287 5286 5493
f 5493 5286 5492
f 5287 5493 5294
f 5330 5288 5313
f 5288 5494 5289
f 5330 5331 5288
f 5495 5288 5331
f 5495 5494 5288
f 5494 5290 5289
f 5290 5496 5292
f 5494 5496 5290
f 5292 5497 5291
f 5498 5499 5291
f 5291 5499 5491
f 5498 5291 5497
f 5496 5497 5292
f 5500 5296 5293
f 5295 5500 5293
f 5501 5295 5294
f 5294 5493 5501
f 5501 5502 5295
f 5500 5295 5503
f 5502 5503 5295
f 5504 5298 5296
f 5500 5504 5296
f 5505 5483 5297
f 5506 5505 5297
f 5506 5297 5299
f 5298 5504 5507
f 5507 5299 5298
f 5299 5508 5506
f 5507 5509 5299
f 5509 5508 5299
f 5510 5302 5300
f 5301 5511 5300
f 5510 5300 5511
f 5511 5301 5305
f 5303 5302 5510
f 5510 5315 5303
f 5304 5308 5309
f 5512 5304 5309
f 5512 5513 5304
f 5306 5304 5513
f 5305 5306 5514
f 5515 5305 5514
f 5305 5515 5511
f 5516 5306 5513
f 5516 5517 5306
f 5514 5306 5517
f 5310 5307 5518
f 5518 5307 5430
f 5309 5311 5512
f 5311 5310 5518
f 5518 5519 5311
f 5519 5512 5311
f 5313 5312 5330
f 5510 5520 5315
f 5520 5316 5315
f 5316 5520 5521
f 5521 5522 5316
f 5522 5317 5316
f 5522 5318 5317
f 5522 5523 5318
f 5319 5318 5523
f 5319 5523 5524
f 5320 5319 5524
f 5525 5320 5524
f 5525 5526 5320
f 5321 5320 5526
f 5321 5526 5323
f 5322 5326 5527
f 5528 5322 5527
f 5528 5327 5322
f 5323 5529 5324
f 5526 5530 5323
f 5530 5529 5323
f 5324 5529 5531
f 5532 5325 5324
f 5532 5324 5531
f 5326 5325 5533
f 5533 5325 5532
f 5527 5326 5534
f 5326 5533 5534
f 5327 5535 5329
f 5535 5327 5536
f 5528 5536 5327
f 5537 5331 5328
f 5329 5537 5328
f 5537 5329 5495
f 5329 5535 5538
f 5495 5329 5538
f 5495 5331 5537
f 5336 5332 5539
f 5333 5540 5332
f 5539 5332 5540
f 5366 5333 5334
f 5333 5366 5540
f 5366 5334 5541
f 5334 5363 5541
f 5337 5336 5539
f 5338 5337 5369
f 5337 5539 5542
f 5369 5337 5542
f 5338 5369 5371
f 5340 5338 5371
f 5384 5341 5339
f 5371 5383 5340
f 5343 5341 5384
f 5385 5343 5384
f 5385 5344 5343
f 5344 5385 5382
f 5543 5345 5347
f 5345 5543 5357
f 5347 5346 5544
f 5346 5349 5375
f 5346 5375 5544
f 5543 5347 5545
f 5545 5347 5544
f 5352 5350 5546
f 5546 5350 5351
f 5546 5351 5547
f 5547 5351 5353
f 5546 5548 5352
f 5387 5352 5548
f 5547 5353 5549
f 5549 5353 5355
f 5356 5354 5359
f 5355 5550 5549
f 5355 5551 5550
f 5355 5356 5551
f 5356 5359 5552
f 5553 5356 5552
f 5551 5356 5553
f 5543 5554 5357
f 5555 5358 5357
f 5554 5555 5357
f 5556 5359 5358
f 5556 5358 5555
f 5552 5359 5556
f 5362 5361 5374
f 5373 5362 5374
f 5362 5557 5363
f 5557 5362 5373
f 5541 5363 5557
f 5364 5541 5372
f 5364 5366 5541
f 5365 5366 5364
f 5366 5367 5540
f 5540 5367 5542
f 5370 5542 5367
f 5370 5367 5368
f 5369 5542 5370
f 5541 5557 5372
f 5372 5557 5373
f 5558 5544 5375
f 5558 5375 5376
f 5377 5558 5376
f 5377 5545 5558
f 5545 5377 5559
f 5379 5559 5377
f 5560 5381 5378
f 5378 5463 5560
f 5561 5559 5379
f 5561 5379 5380
f 5562 5561 5380
f 5563 5562 5380
f 5381 5563 5380
f 5564 5563 5381
f 5560 5564 5381
f 5387 5565 5386
f 5388 5386 5565
f 5387 5548 5566
f 5565 5387 5566
f 5388 5565 5567
f 5568 5388 5567
f 5389 5388 5390
f 5390 5388 5568
f 5569 5390 5568
f 5391 5390 5569
f 5570 5391 5569
f 5570 5393 5391
f 5393 5571 5392
f 5392 5571 5572
f 5395 5392 5572
f 5570 5571 5393
f 5573 5394 5395
f 5394 5573 5574
f 5394 5574 5575
f 5402 5394 5575
f 5395 5572 5573
f 5576 5396 5397
f 5577 5396 5576
f 5405 5396 5577
f 5576 5397 5398
f 5576 5398 5578
f 5398 5579 5578
f 5398 5399 5579
f 5399 5403 5579
f 5401 5580 5400
f 5400 5581 5403
f 5582 5400 5580
f 5583 5400 5582
f 5581 5400 5583
f 5401 5402 5584
f 5580 5401 5584
f 5402 5575 5584
f 5403 5581 5585
f 5579 5403 5585
f 5404 5405 5586
f 5586 5587 5404
f 5412 5404 5587
f 5586 5405 5577
f 5414 5407 5588
f 5407 5409 5588
f 5409 5408 5410
f 5589 5409 5410
f 5588 5409 5589
f 5589 5410 5411
f 5590 5589 5411
f 5590 5411 5591
f 5411 5413 5591
f 5592 5412 5587
f 5592 5413 5412
f 5591 5413 5592
f 5414 5593 5416
f 5414 5588 5593
f 5594 5415 5416
f 5595 5417 5415
f 5595 5415 5594
f 5416 5596 5594
f 5596 5416 5593
f 5421 5417 5597
f 5597 5417 5595
f 5598 5599 5418
f 5418 5599 5420
f 5418 5419 5598
f 5419 5423 5598
f 5429 5420 5599
f 5422 5421 5600
f 5597 5600 5421
f 5601 5602 5422
f 5423 5422 5602
f 5601 5422 5600
f 5603 5598 5423
f 5603 5423 5602
f 5425 5424 5604
f 5605 5424 5426
f 5606 5424 5605
f 5424 5607 5604
f 5607 5424 5606
f 5608 5425 5604
f 5608 5431 5425
f 5426 5427 5605
f 5605 5427 5428
f 5605 5428 5609
f 5429 5610 5428
f 5610 5609 5428
f 5429 5599 5611
f 5610 5429 5611
f 5612 5518 5430
f 5613 5430 5431
f 5612 5430 5613
f 5613 5431 5614
f 5614 5431 5608
f 5432 5436 5446
f 5462 5434 5433
f 5615 5438 5434
f 5434 5616 5615
f 5616 5434 5462
f 5436 5435 5617
f 5617 5435 5437
f 5436 5618 5619
f 5617 5618 5436
f 5436 5620 5446
f 5619 5620 5436
f 5437 5438 5615
f 5615 5617 5437
f 5621 5445 5439
f 5439 5622 5621
f 5440 5618 5439
f 5618 5622 5439
f 5620 5440 5446
f 5620 5618 5440
f 5623 5442 5441
f 5441 5443 5623
f 5623 5450 5442
f 5445 5443 5444
f 5443 5624 5623
f 5621 5625 5443
f 5625 5624 5443
f 5621 5443 5445
f 5464 5451 5450
f 5464 5450 5623
f 5452 5455 5462
f 5626 5454 5459
f 5627 5458 5454
f 5626 5627 5454
f 5615 5616 5455
f 5615 5455 5456
f 5462 5455 5616
f 5456 5628 5615
f 5457 5628 5456
f 5629 5628 5457
f 5629 5457 5458
f 5630 5629 5458
f 5631 5630 5458
f 5627 5631 5458
f 5459 5461 5465
f 5632 5626 5459
f 5459 5633 5632
f 5466 5633 5459
f 5466 5459 5465
f 5461 5460 5465
f 5634 5560 5463
f 5635 5463 5464
f 5463 5635 5634
f 5624 5464 5623
f 5636 5635 5464
f 5464 5624 5636
f 5637 5633 5466
f 5638 5466 5467
f 5638 5637 5466
f 5638 5467 5468
f 5639 5640 5468
f 5641 5468 5469
f 5641 5639 5468
f 5468 5640 5638
f 5642 5641 5469
f 5643 5469 5470
f 5643 5642 5469
f 5643 5470 5473
f 5475 5644 5471
f 5645 5472 5471
f 5645 5471 5644
f 5646 5474 5472
f 5644 5646 5472
f 5644 5472 5645
f 5646 5643 5473
f 5646 5473 5474
f 5475 5646 5644
f 5475 5647 5646
f 5648 5647 5475
f 5475 5477 5649
f 5649 5648 5475
f 5476 5650 5478
f 5651 5650 5476
f 5476 5489 5651
f 5480 5649 5477
f 5650 5479 5478
f 5652 5480 5479
f 5653 5652 5479
f 5653 5479 5650
f 5654 5649 5480
f 5652 5654 5480
f 5655 5488 5481
f 5656 5481 5482
f 5655 5481 5657
f 5658 5657 5481
f 5658 5481 5656
f 5656 5482 5483
f 5659 5483 5505
f 5659 5656 5483
f 5660 5661 5484
f 5487 5660 5484
f 5661 5485 5484
f 5662 5486 5485
f 5661 5662 5485
f 5662 5490 5486
f 5660 5487 5663
f 5488 5663 5487
f 5655 5663 5488
f 5651 5489 5490
f 5490 5664 5651
f 5661 5664 5490
f 5661 5490 5662
f 5491 5665 5492
f 5499 5665 5491
f 5666 5493 5492
f 5667 5492 5665
f 5492 5667 5666
f 5666 5501 5493
f 5668 5494 5495
f 5668 5496 5494
f 5538 5668 5495
f 5498 5497 5496
f 5669 5498 5496
f 5496 5668 5670
f 5496 5670 5669
f 5669 5671 5498
f 5672 5499 5498
f 5671 5672 5498
f 5665 5499 5673
f 5672 5673 5499
f 5500 5674 5504
f 5503 5674 5500
f 5675 5501 5666
f 5675 5502 5501
f 5502 5676 5503
f 5677 5502 5675
f 5677 5676 5502
f 5678 5679 5503
f 5679 5674 5503
f 5503 5676 5678
f 5674 5507 5504
f 5505 5680 5659
f 5506 5680 5505
f 5681 5680 5506
f 5508 5681 5506
f 5674 5509 5507
f 5682 5681 5508
f 5683 5508 5509
f 5683 5682 5508
f 5674 5683 5509
f 5511 5520 5510
f 5515 5520 5511
f 5519 5513 5512
f 5519 5516 5513
f 5514 5684 5515
f 5514 5517 5685
f 5684 5514 5685
f 5686 5515 5684
f 5686 5520 5515
f 5516 5519 5687
f 5517 5516 5687
f 5517 5687 5688
f 5688 5685 5517
f 5519 5518 5689
f 5518 5612 5689
f 5689 5687 5519
f 5521 5520 5686
f 5521 5686 5690
f 5521 5690 5691
f 5691 5522 5521
f 5522 5691 5692
f 5522 5692 5523
f 5693 5523 5692
f 5523 5693 5524
f 5693 5694 5524
f 5525 5524 5694
f 5694 5695 5525
f 5696 5525 5695
f 5696 5530 5525
f 5530 5526 5525
f 5697 5527 5534
f 5536 5528 5527
f 5697 5536 5527
f 5698 5531 5529
f 5530 5699 5529
f 5699 5698 5529
f 5696 5700 5530
f 5700 5699 5530
f 5701 5702 5531
f 5702 5532 5531
f 5701 5531 5698
f 5532 5702 5703
f 5703 5533 5532
f 5533 5704 5534
f 5533 5705 5704
f 5706 5533 5703
f 5533 5706 5705
f 5534 5704 5697
f 5538 5535 5707
f 5708 5707 5535
f 5708 5535 5709
f 5536 5709 5535
f 5709 5536 5697
f 5668 5538 5707
f 5542 5539 5540
f 5710 5543 5545
f 5554 5543 5710
f 5544 5558 5545
f 5559 5710 5545
f 5711 5548 5546
f 5547 5711 5546
f 5547 5549 5712
f 5711 5547 5712
f 5713 5566 5548
f 5713 5548 5711
f 5550 5712 5549
f 5551 5714 5550
f 5550 5715 5712
f 5715 5550 5716
f 5716 5550 5714
f 5551 5717 5714
f 5717 5551 5553
f 5553 5552 5718
f 5719 5552 5556
f 5552 5719 5718
f 5553 5718 5720
f 5717 5553 5721
f 5721 5553 5720
f 5710 5559 5554
f 5722 5554 5559
f 5554 5722 5555
f 5723 5556 5555
f 5723 5555 5722
f 5719 5556 5723
f 5561 5722 5559
f 5564 5560 5724
f 5725 5724 5560
f 5634 5725 5560
f 5562 5722 5561
f 5726 5722 5562
f 5562 5563 5726
f 5724 5726 5563
f 5724 5563 5564
f 5566 5567 5565
f 5566 5713 5727
f 5567 5566 5727
f 5728 5567 5727
f 5568 5567 5728
f 5568 5729 5569
f 5568 5728 5729
f 5730 5570 5569
f 5569 5729 5730
f 5731 5571 5570
f 5730 5731 5570
f 5571 5731 5572
f 5573 5572 5731
f 5732 5574 5573
f 5573 5731 5733
f 5732 5573 5733
f 5575 5574 5732
f 5575 5732 5584
f 5734 5577 5576
f 5578 5735 5576
f 5735 5734 5576
f 5586 5577 5734
f 5736 5735 5578
f 5578 5579 5737
f 5736 5578 5738
f 5578 5737 5738
f 5585 5739 5579
f 5740 5579 5739
f 5737 5579 5740
f 5741 5580 5584
f 5582 5580 5741
f 5585 5581 5583
f 5582 5741 5742
f 5583 5582 5742
f 5743 5583 5742
f 5585 5583 5743
f 5584 5732 5744
f 5741 5584 5744
f 5739 5585 5743
f 5745 5587 5586
f 5586 5734 5745
f 5746 5587 5745
f 5592 5587 5746
f 5747 5588 5589
f 5593 5588 5748
f 5748 5588 5747
f 5747 5589 5590
f 5749 5747 5590
f 5750 5590 5591
f 5749 5590 5750
f 5592 5751 5591
f 5750 5591 5751
f 5592 5746 5752
f 5751 5592 5752
f 5753 5596 5593
f 5753 5593 5748
f 5597 5595 5594
f 5597 5594 5754
f 5754 5594 5596
f 5754 5596 5753
f 5597 5754 5755
f 5600 5597 5756
f 5757 5756 5597
f 5757 5597 5755
f 5599 5598 5603
f 5603 5611 5599
f 5601 5600 5758
f 5756 5758 5600
f 5759 5602 5601
f 5760 5759 5601
f 5761 5601 5758
f 5760 5601 5761
f 5759 5603 5602
f 5611 5603 5759
f 5604 5762 5608
f 5763 5762 5604
f 5763 5604 5607
f 5605 5609 5606
f 5609 5607 5606
f 5609 5764 5607
f 5763 5607 5764
f 5765 5614 5608
f 5766 5608 5762
f 5765 5608 5766
f 5609 5610 5764
f 5610 5767 5764
f 5768 5610 5611
f 5767 5610 5768
f 5768 5611 5760
f 5759 5760 5611
f 5613 5689 5612
f 5614 5689 5613
f 5765 5769 5614
f 5769 5689 5614
f 5770 5617 5615
f 5770 5615 5628
f 5618 5617 5771
f 5772 5771 5617
f 5770 5773 5617
f 5774 5772 5617
f 5773 5774 5617
f 5619 5618 5620
f 5618 5771 5622
f 5775 5621 5622
f 5775 5625 5621
f 5771 5775 5622
f 5776 5636 5624
f 5624 5625 5776
f 5777 5776 5625
f 5775 5777 5625
f 5633 5627 5626
f 5633 5626 5632
f 5633 5631 5627
f 5778 5770 5628
f 5778 5628 5779
f 5780 5628 5629
f 5628 5780 5779
f 5779 5629 5630
f 5629 5779 5780
f 5630 5781 5779
f 5782 5781 5630
f 5631 5783 5630
f 5783 5782 5630
f 5631 5633 5784
f 5637 5631 5784
f 5785 5631 5637
f 5785 5783 5631
f 5784 5633 5637
f 5786 5725 5634
f 5787 5786 5634
f 5635 5787 5634
f 5636 5787 5635
f 5788 5636 5789
f 5788 5787 5636
f 5776 5789 5636
f 5640 5785 5637
f 5640 5637 5638
f 5639 5785 5640
f 5790 5785 5639
f 5791 5639 5792
f 5639 5641 5792
f 5791 5790 5639
f 5641 5793 5792
f 5794 5793 5641
f 5643 5641 5642
f 5794 5641 5643
f 5795 5794 5643
f 5643 5646 5647
f 5795 5643 5647
f 5648 5796 5647
f 5647 5797 5795
f 5798 5797 5647
f 5798 5647 5796
f 5798 5796 5648
f 5798 5648 5649
f 5654 5798 5649
f 5799 5653 5650
f 5800 5799 5650
f 5800 5650 5651
f 5801 5800 5651
f 5651 5664 5801
f 5653 5654 5652
f 5802 5654 5653
f 5799 5802 5653
f 5654 5803 5798
f 5803 5654 5802
f 5655 5804 5663
f 5805 5804 5655
f 5657 5805 5655
f 5659 5658 5656
f 5806 5807 5657
f 5807 5805 5657
f 5808 5806 5657
f 5658 5808 5657
f 5809 5808 5658
f 5659 5809 5658
f 5810 5811 5659
f 5659 5811 5809
f 5812 5810 5659
f 5680 5812 5659
f 5813 5660 5814
f 5660 5815 5814
f 5815 5660 5663
f 5813 5661 5660
f 5813 5664 5661
f 5815 5663 5816
f 5816 5663 5817
f 5804 5817 5663
f 5818 5801 5664
f 5819 5818 5664
f 5813 5819 5664
f 5665 5673 5667
f 5677 5675 5666
f 5677 5666 5667
f 5820 5667 5673
f 5820 5677 5667
f 5707 5670 5668
f 5821 5671 5669
f 5669 5670 5822
f 5669 5822 5821
f 5670 5707 5823
f 5822 5670 5823
f 5824 5672 5671
f 5824 5671 5825
f 5671 5821 5825
f 5826 5673 5672
f 5826 5672 5824
f 5673 5826 5820
f 5827 5674 5679
f 5827 5683 5674
f 5828 5676 5677
f 5829 5676 5828
f 5676 5830 5678
f 5829 5830 5676
f 5820 5831 5677
f 5677 5831 5828
f 5832 5679 5678
f 5833 5832 5678
f 5830 5833 5678
f 5827 5679 5832
f 5834 5812 5680
f 5835 5834 5680
f 5680 5681 5835
f 5682 5836 5681
f 5837 5835 5681
f 5681 5836 5837
f 5838 5682 5839
f 5838 5836 5682
f 5839 5682 5683
f 5827 5839 5683
f 5685 5840 5684
f 5841 5684 5840
f 5690 5686 5684
f 5841 5690 5684
f 5688 5842 5685
f 5685 5842 5840
f 5687 5689 5769
f 5688 5687 5842
f 5842 5687 5769
f 5843 5690 5841
f 5844 5690 5843
f 5690 5844 5691
f 5691 5844 5845
f 5691 5845 5846
f 5691 5846 5692
f 5692 5846 5693
f 5846 5847 5693
f 5847 5848 5693
f 5848 5694 5693
f 5848 5849 5694
f 5695 5694 5849
f 5849 5850 5695
f 5695 5850 5851
f 5696 5695 5851
f 5852 5696 5851
f 5700 5696 5852
f 5697 5853 5709
f 5854 5853 5697
f 5704 5854 5697
f 5698 5699 5855
f 5856 5698 5855
f 5698 5856 5857
f 5858 5701 5698
f 5858 5698 5857
f 5700 5859 5699
f 5699 5859 5860
f 5860 5855 5699
f 5700 5852 5861
f 5861 5862 5700
f 5859 5700 5862
f 5863 5701 5858
f 5702 5701 5863
f 5864 5702 5863
f 5703 5702 5864
f 5865 5703 5864
f 5706 5703 5865
f 5866 5704 5705
f 5854 5704 5866
f 5705 5706 5866
f 5865 5866 5706
f 5823 5707 5708
f 5708 5709 5853
f 5853 5822 5708
f 5823 5708 5822
f 5711 5867 5713
f 5868 5711 5712
f 5868 5867 5711
f 5868 5712 5715
f 5867 5727 5713
f 5716 5714 5717
f 5715 5869 5868
f 5716 5870 5715
f 5715 5870 5869
f 5871 5716 5717
f 5870 5716 5871
f 5871 5717 5872
f 5872 5717 5721
f 5720 5718 5719
f 5719 5723 5873
f 5720 5719 5873
f 5873 5874 5720
f 5720 5875 5721
f 5875 5720 5874
f 5875 5876 5721
f 5876 5872 5721
f 5726 5723 5722
f 5873 5723 5877
f 5723 5726 5877
f 5878 5726 5724
f 5878 5724 5725
f 5879 5878 5725
f 5725 5786 5880
f 5879 5725 5881
f 5881 5725 5880
f 5877 5726 5882
f 5878 5882 5726
f 5867 5883 5727
f 5884 5728 5727
f 5884 5727 5883
f 5729 5728 5885
f 5885 5728 5884
f 5886 5729 5885
f 5729 5886 5730
f 5887 5730 5886
f 5733 5731 5730
f 5730 5887 5733
f 5732 5733 5744
f 5888 5733 5887
f 5744 5733 5889
f 5888 5889 5733
f 5890 5745 5734
f 5891 5734 5735
f 5891 5890 5734
f 5735 5892 5891
f 5892 5735 5893
f 5894 5735 5736
f 5893 5735 5894
f 5894 5736 5895
f 5738 5895 5736
f 5737 5740 5896
f 5896 5738 5737
f 5895 5738 5896
f 5897 5739 5743
f 5740 5739 5897
f 5896 5740 5897
f 5744 5742 5741
f 5742 5898 5743
f 5898 5742 5744
f 5899 5743 5898
f 5743 5899 5897
f 5744 5889 5898
f 5900 5745 5890
f 5746 5745 5900
f 5752 5746 5901
f 5746 5900 5901
f 5748 5747 5749
f 5753 5748 5902
f 5902 5748 5903
f 5903 5748 5749
f 5749 5750 5904
f 5905 5749 5904
f 5903 5749 5905
f 5750 5751 5906
f 5750 5906 5907
f 5904 5750 5907
f 5908 5751 5752
f 5908 5906 5751
f 5909 5752 5901
f 5908 5752 5909
f 5910 5754 5753
f 5910 5753 5902
f 5755 5754 5910
f 5757 5755 5911
f 5755 5910 5911
f 5756 5757 5758
f 5912 5758 5757
f 5757 5911 5913
f 5912 5757 5913
f 5761 5758 5912
f 5760 5914 5768
f 5915 5914 5760
f 5915 5760 5761
f 5761 5912 5916
f 5915 5761 5917
f 5916 5917 5761
f 5918 5919 5762
f 5919 5766 5762
f 5918 5762 5763
f 5920 5918 5763
f 5763 5764 5920
f 5767 5921 5764
f 5921 5920 5764
f 5765 5766 5919
f 5769 5765 5919
f 5767 5922 5921
f 5923 5767 5768
f 5922 5767 5923
f 5768 5914 5923
f 5924 5842 5769
f 5769 5919 5925
f 5926 5769 5925
f 5924 5769 5926
f 5927 5773 5770
f 5778 5927 5770
f 5928 5775 5771
f 5929 5928 5771
f 5772 5929 5771
f 5772 5930 5929
f 5930 5772 5931
f 5932 5931 5772
f 5933 5772 5774
f 5933 5932 5772
f 5927 5774 5773
f 5927 5933 5774
f 5928 5777 5775
f 5789 5776 5934
f 5776 5777 5934
f 5930 5777 5928
f 5777 5930 5934
f 5935 5927 5778
f 5936 5778 5779
f 5936 5935 5778
f 5937 5936 5779
f 5781 5937 5779
f 5781 5938 5937
f 5939 5938 5781
f 5940 5939 5781
f 5940 5781 5782
f 5941 5942 5782
f 5782 5943 5940
f 5943 5782 5942
f 5941 5782 5783
f 5944 5783 5785
f 5783 5944 5941
f 5944 5785 5790
f 5786 5945 5880
f 5945 5786 5787
f 5787 5788 5945
f 5945 5788 5946
f 5947 5946 5788
f 5788 5948 5947
f 5948 5788 5789
f 5949 5789 5934
f 5949 5948 5789
f 5950 5944 5790
f 5791 5951 5790
f 5951 5950 5790
f 5952 5951 5791
f 5952 5791 5793
f 5793 5791 5792
f 5794 5952 5793
f 5953 5952 5794
f 5795 5953 5794
f 5797 5954 5795
f 5955 5795 5954
f 5795 5955 5953
f 5803 5797 5798
f 5956 5954 5797
f 5803 5802 5797
f 5956 5797 5802
f 5799 5957 5802
f 5958 5957 5799
f 5799 5800 5958
f 5801 5958 5800
f 5959 5801 5818
f 5960 5958 5801
f 5959 5960 5801
f 5956 5802 5961
f 5962 5802 5957
f 5962 5961 5802
f 5807 5804 5805
f 5807 5963 5804
f 5963 5817 5804
f 5964 5807 5806
f 5964 5806 5965
f 5808 5965 5806
f 5807 5966 5963
f 5964 5966 5807
f 5967 5808 5809
f 5967 5965 5808
f 5811 5967 5809
f 5811 5810 5968
f 5812 5968 5810
f 5967 5811 5969
f 5968 5969 5811
f 5812 5970 5968
f 5812 5971 5970
f 5834 5971 5812
f 5819 5813 5814
f 5815 5816 5814
f 5814 5959 5819
f 5814 5972 5959
f 5973 5972 5814
f 5816 5973 5814
f 5816 5974 5973
f 5817 5974 5816
f 5966 5975 5817
f 5975 5974 5817
f 5817 5963 5966
f 5959 5818 5819
f 5820 5826 5976
f 5831 5820 5976
f 5821 5822 5977
f 5821 5977 5978
f 5978 5825 5821
f 5853 5977 5822
f 5979 5824 5825
f 5826 5824 5979
f 5978 5980 5825
f 5981 5979 5825
f 5980 5981 5825
f 5979 5976 5826
f 5982 5839 5827
f 5832 5982 5827
f 5983 5828 5831
f 5829 5828 5983
f 5830 5829 5984
f 5985 5984 5829
f 5985 5829 5983
f 5984 5986 5830
f 5830 5986 5833
f 5983 5831 5987
f 5988 5831 5976
f 5987 5831 5988
f 5989 5982 5832
f 5989 5832 5833
f 5833 5986 5989
f 5990 5991 5834
f 5991 5971 5834
f 5835 5990 5834
f 5992 5990 5835
f 5993 5835 5837
f 5835 5993 5992
f 5994 5837 5836
f 5994 5836 5995
f 5995 5836 5838
f 5994 5996 5837
f 5996 5993 5837
f 5997 5995 5838
f 5839 5982 5838
f 5997 5838 5982
f 5840 5842 5998
f 5999 5840 5998
f 5840 5999 5841
f 6000 5841 5999
f 6001 5841 6000
f 5843 5841 6001
f 5842 5924 5998
f 5844 5843 6002
f 6001 6002 5843
f 6002 5845 5844
f 5845 6002 6003
f 6003 6004 5845
f 6004 6005 5845
f 5845 6006 5846
f 6006 5845 6005
f 5846 6006 5847
f 6006 6007 5847
f 5847 6007 6008
f 5849 5848 5847
f 6009 5847 6008
f 5849 5847 6009
f 6010 5849 6009
f 6010 6011 5849
f 5849 6011 6012
f 5849 6012 5850
f 6013 5850 6012
f 6013 5851 5850
f 6014 5851 6013
f 6014 5852 5851
f 5852 6014 5861
f 5977 5853 5854
f 5854 5978 5977
f 5866 5980 5854
f 5978 5854 5980
f 6015 5855 5860
f 5856 5855 6015
f 6015 6016 5856
f 5857 5856 6016
f 6017 5857 6016
f 6018 5858 5857
f 6019 6018 5857
f 6019 5857 6017
f 5863 5858 6020
f 6019 6020 5858
f 5858 6018 6019
f 5860 5859 5862
f 5862 6015 5860
f 5861 6014 6021
f 6021 6022 5861
f 6022 5862 5861
f 6023 5862 6022
f 5862 6023 6024
f 6024 6015 5862
f 6020 6025 5863
f 5864 5863 6025
f 5865 5864 6026
f 6025 6026 5864
f 6026 6027 5865
f 6027 5866 5865
f 5866 6027 5980
f 6028 5883 5867
f 5868 6028 5867
f 5868 5869 6028
f 5869 6029 6028
f 6029 5869 5870
f 5870 6030 6029
f 5870 6031 6030
f 6031 5870 5871
f 6032 6031 5871
f 5872 6032 5871
f 6032 5872 6033
f 5876 6033 5872
f 5882 5873 5877
f 6034 5873 5882
f 5874 5873 6034
f 6035 5874 6036
f 5875 5874 6035
f 6036 5874 6037
f 5874 6034 6038
f 5874 6038 6037
f 6039 5875 6035
f 6040 5875 6039
f 6041 5875 6040
f 6041 5876 5875
f 6042 5876 6041
f 6033 5876 6043
f 6044 5876 6042
f 6044 6043 5876
f 5879 5882 5878
f 5881 5882 5879
f 5946 5880 5945
f 5880 6038 5881
f 6045 6038 5880
f 6046 5880 5946
f 6046 6045 5880
f 6034 5882 5881
f 6034 5881 6038
f 5883 6028 6047
f 6048 5884 5883
f 5883 6047 6049
f 6048 5883 6049
f 5884 6048 5885
f 6048 5886 5885
f 5886 6050 5887
f 5886 6048 6051
f 6050 5886 6051
f 6050 5888 5887
f 5888 6052 6053
f 5888 6050 6054
f 6052 5888 6054
f 5888 6053 5889
f 6055 5898 5889
f 5889 6053 6055
f 5890 6056 6057
f 6056 5890 5891
f 5900 5890 6057
f 5891 6058 6056
f 5892 6058 5891
f 5893 6059 5892
f 6058 5892 6059
f 5894 5895 5893
f 6060 5893 5895
f 6059 5893 6060
f 5896 6061 5895
f 6060 5895 6061
f 5896 5897 6062
f 5896 6062 6063
f 6061 5896 6063
f 6062 5897 5899
f 6055 5899 5898
f 5899 6055 6064
f 6065 5899 6064
f 6062 5899 6065
f 5900 6066 5901
f 6067 5900 6057
f 6066 5900 6067
f 6068 5901 6066
f 5901 6068 5909
f 5910 5902 6069
f 6070 5902 5903
f 6069 5902 6070
f 6070 5903 6071
f 5903 5905 6071
f 5905 5904 6072
f 6072 5904 5907
f 6071 5905 6073
f 5905 6072 6074
f 6073 5905 6074
f 5906 5908 5907
f 5907 5908 6075
f 5907 6076 6072
f 6077 5907 6075
f 5907 6077 6076
f 5908 5909 6075
f 6068 6075 5909
f 6078 5910 6069
f 5911 5910 6078
f 6079 5911 6078
f 5913 5911 6079
f 5913 5916 5912
f 6080 5913 6079
f 5913 6080 6081
f 5916 5913 6081
f 5914 6082 5923
f 6082 5914 5915
f 6083 5915 5917
f 6082 5915 6083
f 6084 5917 5916
f 6084 5916 6081
f 6085 5917 6084
f 6083 5917 6085
f 5925 5919 5918
f 5926 5918 5920
f 5925 5918 5926
f 5920 5921 5926
f 6086 5926 5921
f 6087 6086 5921
f 6087 5921 5922
f 5922 6088 6087
f 6089 5922 5923
f 6089 6090 5922
f 5922 6090 6088
f 5923 6082 6089
f 5926 6086 5924
f 5924 6086 6091
f 5924 6092 5998
f 6092 5924 6093
f 6093 5924 6091
f 6094 5933 5927
f 5935 6094 5927
f 5930 5928 5929
f 5930 5931 5934
f 5931 6095 5934
f 5932 6095 5931
f 5932 6096 6095
f 6097 5932 5933
f 6097 6096 5932
f 6097 5933 6094
f 6095 5949 5934
f 6098 6094 5935
f 5936 6098 5935
f 5936 5937 5938
f 5936 5938 6098
f 5939 6098 5938
f 6099 5939 5940
f 5939 6099 6098
f 6099 5940 5943
f 6100 6101 5941
f 5941 6102 6100
f 5941 6101 5942
f 5941 5944 6103
f 6102 5941 6103
f 5943 5942 6099
f 6099 5942 6104
f 6101 6104 5942
f 5950 6103 5944
f 6046 5946 5947
f 6105 5947 5948
f 5947 6106 6046
f 5947 6105 6106
f 6107 6105 5948
f 6107 5948 5949
f 6108 5949 6095
f 6109 6107 5949
f 6108 6109 5949
f 6110 6103 5950
f 6111 6110 5950
f 6111 5950 5951
f 6111 5951 5952
f 5952 6112 6111
f 6112 5952 5953
f 5955 6112 5953
f 5955 5954 6113
f 6113 5954 6114
f 6115 5954 5956
f 6114 5954 6115
f 6113 6116 5955
f 5955 6117 6112
f 6118 6117 5955
f 5955 6116 6118
f 6119 6115 5956
f 6119 5956 5961
f 5957 5961 5962
f 6120 5957 5958
f 6120 5961 5957
f 6121 5958 5960
f 6121 6120 5958
f 5960 5959 5972
f 5973 5960 5972
f 6122 6121 5960
f 6122 5960 5973
f 6120 6119 5961
f 5965 5966 5964
f 6123 5966 5965
f 5967 6123 5965
f 5975 5966 6124
f 6123 6124 5966
f 5967 6125 6123
f 5969 6126 5967
f 6126 6125 5967
f 5970 5969 5968
f 5969 6127 6126
f 6128 5969 5970
f 6128 6127 5969
f 5970 6129 6128
f 6129 5970 5991
f 5991 5970 5971
f 5974 6122 5973
f 6130 6122 5974
f 5975 6130 5974
f 6131 6130 5975
f 6132 6131 5975
f 6124 6132 5975
f 5976 5979 5988
f 5979 6133 5988
f 5979 5981 6133
f 5981 5980 6134
f 6134 5980 6027
f 5981 6134 6135
f 6135 6133 5981
f 5997 5982 5989
f 6136 5985 5983
f 5983 5987 6136
f 6137 5986 5984
f 5984 5985 6137
f 5985 6138 6137
f 6139 5985 6136
f 6139 6140 5985
f 5985 6140 6138
f 6141 5989 5986
f 6142 6141 5986
f 6143 6142 5986
f 6137 6143 5986
f 6144 5987 5988
f 6144 6136 5987
f 5988 6133 6144
f 6145 5997 5989
f 6141 6146 5989
f 6146 6145 5989
f 6147 6129 5990
f 5991 5990 6129
f 5992 6147 5990
f 6148 6147 5992
f 6149 6148 5992
f 6149 5992 5993
f 5996 6149 5993
f 6150 5996 5994
f 5995 6151 5994
f 6152 6150 5994
f 5994 6151 6152
f 6153 5995 5997
f 6153 6151 5995
f 6154 6149 5996
f 6150 6154 5996
f 6145 6153 5997
f 5998 6092 5999
f 6000 5999 6155
f 5999 6092 6155
f 6000 6156 6157
f 6001 6000 6157
f 6000 6155 6158
f 6159 6000 6158
f 6000 6159 6156
f 6157 6160 6001
f 6160 6161 6001
f 6002 6001 6162
f 6162 6001 6161
f 6163 6002 6162
f 6003 6002 6163
f 6164 6004 6003
f 6165 6003 6163
f 6165 6164 6003
f 6166 6004 6164
f 6004 6166 6005
f 6166 6006 6005
f 6007 6006 6166
f 6167 6007 6166
f 6008 6007 6167
f 6168 6008 6167
f 6168 6009 6008
f 6010 6009 6168
f 6010 6168 6011
f 6169 6011 6168
f 6169 6170 6011
f 6170 6012 6011
f 6170 6013 6012
f 6170 6014 6013
f 6171 6014 6170
f 6021 6014 6171
f 6172 6016 6015
f 6024 6172 6015
f 6172 6017 6016
f 6173 6174 6017
f 6017 6174 6019
f 6173 6017 6172
f 6020 6019 6175
f 6176 6019 6174
f 6176 6175 6019
f 6020 6177 6025
f 6175 6177 6020
f 6171 6178 6021
f 6178 6022 6021
f 6023 6022 6178
f 6179 6023 6178
f 6179 6024 6023
f 6180 6024 6179
f 6180 6172 6024
f 6177 6181 6025
f 6026 6025 6181
f 6181 6027 6026
f 6181 6182 6027
f 6134 6027 6183
f 6183 6027 6182
f 6047 6028 6029
f 6049 6047 6029
f 6049 6029 6030
f 6184 6049 6030
f 6030 6185 6184
f 6030 6031 6186
f 6185 6030 6186
f 6187 6031 6032
f 6186 6031 6187
f 6188 6032 6033
f 6189 6032 6188
f 6187 6032 6189
f 6190 6033 6043
f 6188 6033 6190
f 6035 6036 6191
f 6039 6035 6191
f 6037 6191 6036
f 6037 6038 6045
f 6191 6037 6045
f 6040 6039 6191
f 6040 6192 6041
f 6192 6040 6191
f 6041 6192 6042
f 6044 6042 6192
f 6044 6193 6043
f 6190 6043 6194
f 6194 6043 6195
f 6043 6193 6195
f 6193 6044 6192
f 6045 6046 6191
f 6196 6191 6046
f 6106 6196 6046
f 6048 6049 6197
f 6198 6048 6197
f 6051 6048 6198
f 6197 6049 6184
f 6199 6050 6051
f 6199 6054 6050
f 6198 6199 6051
f 6053 6052 6200
f 6201 6052 6054
f 6052 6201 6200
f 6053 6200 6055
f 6202 6054 6199
f 6202 6203 6054
f 6054 6203 6201
f 6055 6200 6064
f 6057 6056 6204
f 6059 6056 6058
f 6204 6056 6059
f 6067 6057 6205
f 6205 6057 6204
f 6206 6059 6060
f 6059 6206 6207
f 6204 6059 6207
f 6206 6060 6061
f 6061 6208 6206
f 6208 6061 6063
f 6063 6062 6065
f 6065 6209 6063
f 6063 6209 6208
f 6210 6065 6064
f 6064 6200 6211
f 6211 6212 6064
f 6210 6064 6212
f 6213 6065 6210
f 6209 6065 6213
f 6066 6067 6214
f 6066 6214 6068
f 6214 6067 6205
f 6075 6068 6214
f 6069 6070 6215
f 6078 6069 6216
f 6215 6216 6069
f 6070 6071 6217
f 6215 6070 6217
f 6073 6217 6071
f 6072 6076 6074
f 6217 6073 6218
f 6218 6073 6074
f 6074 6076 6219
f 6218 6074 6220
f 6220 6074 6221
f 6074 6219 6221
f 6222 6077 6075
f 6214 6223 6075
f 6222 6075 6223
f 6076 6077 6219
f 6219 6077 6222
f 6224 6079 6078
f 6078 6216 6225
f 6224 6078 6225
f 6226 6079 6224
f 6226 6080 6079
f 6081 6080 6226
f 6227 6081 6226
f 6228 6084 6081
f 6228 6081 6227
f 6082 6229 6089
f 6229 6082 6230
f 6082 6083 6230
f 6231 6083 6085
f 6230 6083 6231
f 6232 6084 6228
f 6233 6085 6084
f 6084 6232 6233
f 6234 6231 6085
f 6235 6234 6085
f 6235 6085 6236
f 6236 6085 6233
f 6237 6086 6087
f 6091 6086 6237
f 6237 6087 6238
f 6087 6239 6238
f 6239 6087 6088
f 6090 6240 6088
f 6241 6239 6088
f 6088 6240 6241
f 6242 6090 6089
f 6242 6089 6229
f 6240 6090 6243
f 6242 6244 6090
f 6243 6090 6244
f 6238 6091 6237
f 6091 6238 6239
f 6091 6239 6245
f 6091 6246 6093
f 6246 6091 6245
f 6093 6247 6092
f 6155 6092 6247
f 6093 6248 6247
f 6246 6248 6093
f 6249 6097 6094
f 6250 6249 6094
f 6098 6250 6094
f 6249 6095 6096
f 6108 6095 6249
f 6249 6096 6097
f 6098 6108 6250
f 6251 6108 6098
f 6252 6251 6098
f 6252 6098 6099
f 6104 6252 6099
f 6253 6104 6100
f 6253 6100 6102
f 6101 6100 6104
f 6254 6253 6102
f 6254 6102 6103
f 6255 6254 6103
f 6256 6255 6103
f 6257 6256 6103
f 6103 6110 6257
f 6104 6253 6258
f 6104 6258 6259
f 6104 6260 6252
f 6260 6104 6259
f 6105 6107 6261
f 6262 6106 6105
f 6261 6262 6105
f 6196 6106 6263
f 6262 6263 6106
f 6107 6109 6251
f 6264 6261 6107
f 6251 6264 6107
f 6250 6108 6249
f 6251 6109 6108
f 6111 6257 6110
f 6265 6266 6111
f 6111 6266 6257
f 6267 6265 6111
f 6267 6111 6112
f 6117 6267 6112
f 6113 6268 6116
f 6269 6113 6114
f 6269 6268 6113
f 6270 6114 6115
f 6271 6114 6270
f 6271 6269 6114
f 6270 6115 6272
f 6272 6115 6119
f 6268 6118 6116
f 6273 6265 6117
f 6117 6265 6267
f 6273 6117 6274
f 6118 6275 6117
f 6274 6117 6275
f 6276 6275 6118
f 6276 6118 6268
f 6119 6120 6272
f 6277 6120 6121
f 6278 6120 6277
f 6272 6120 6279
f 6278 6279 6120
f 6122 6277 6121
f 6122 6280 6277
f 6281 6280 6122
f 6130 6281 6122
f 6123 6282 6124
f 6282 6123 6125
f 6282 6132 6124
f 6125 6283 6282
f 6284 6283 6125
f 6125 6126 6284
f 6127 6284 6126
f 6285 6284 6127
f 6127 6286 6285
f 6286 6127 6287
f 6129 6127 6128
f 6288 6287 6127
f 6289 6127 6129
f 6127 6289 6288
f 6147 6289 6129
f 6131 6281 6130
f 6283 6131 6132
f 6290 6281 6131
f 6291 6290 6131
f 6292 6291 6131
f 6293 6292 6131
f 6294 6131 6283
f 6294 6293 6131
f 6282 6283 6132
f 6295 6133 6135
f 6133 6295 6296
f 6296 6144 6133
f 6183 6135 6134
f 6135 6183 6295
f 6136 6144 6139
f 6137 6297 6298
f 6137 6298 6299
f 6138 6297 6137
f 6299 6143 6137
f 6140 6297 6138
f 6300 6140 6139
f 6300 6139 6144
f 6140 6300 6297
f 6301 6146 6141
f 6141 6142 6301
f 6302 6142 6143
f 6142 6303 6301
f 6303 6142 6302
f 6299 6302 6143
f 6304 6144 6296
f 6144 6304 6300
f 6145 6305 6153
f 6305 6145 6146
f 6306 6305 6146
f 6146 6301 6306
f 6289 6147 6307
f 6308 6307 6147
f 6147 6148 6308
f 6149 6309 6148
f 6309 6308 6148
f 6154 6309 6149
f 6150 6310 6154
f 6152 6310 6150
f 6311 6151 6153
f 6151 6312 6152
f 6313 6312 6151
f 6311 6313 6151
f 6152 6314 6310
f 6152 6312 6314
f 6315 6311 6153
f 6316 6315 6153
f 6305 6316 6153
f 6310 6309 6154
f 6155 6247 6158
f 6158 6156 6159
f 6317 6157 6156
f 6158 6317 6156
f 6317 6160 6157
f 6247 6318 6158
f 6317 6158 6318
f 6160 6317 6319
f 6320 6160 6319
f 6161 6160 6320
f 6321 6165 6161
f 6161 6320 6322
f 6321 6161 6322
f 6165 6162 6161
f 6163 6162 6165
f 6164 6165 6323
f 6324 6164 6323
f 6325 6166 6164
f 6325 6164 6324
f 6323 6165 6321
f 6166 6325 6167
f 6325 6326 6167
f 6326 6168 6167
f 6326 6169 6168
f 6326 6327 6169
f 6169 6327 6328
f 6170 6169 6171
f 6328 6171 6169
f 6329 6171 6328
f 6329 6178 6171
f 6330 6172 6180
f 6331 6172 6330
f 6331 6173 6172
f 6176 6174 6173
f 6332 6176 6173
f 6332 6173 6331
f 6333 6177 6175
f 6176 6334 6175
f 6333 6175 6334
f 6332 6334 6176
f 6177 6333 6335
f 6335 6181 6177
f 6329 6336 6178
f 6337 6178 6336
f 6337 6179 6178
f 6338 6339 6179
f 6337 6338 6179
f 6330 6180 6179
f 6339 6330 6179
f 6182 6181 6335
f 6335 6340 6182
f 6340 6341 6182
f 6341 6183 6182
f 6295 6183 6342
f 6342 6183 6341
f 6343 6184 6185
f 6197 6184 6343
f 6185 6344 6343
f 6185 6186 6345
f 6344 6185 6345
f 6345 6186 6187
f 6187 6346 6345
f 6346 6187 6189
f 6188 6190 6194
f 6347 6189 6188
f 6347 6188 6194
f 6189 6347 6348
f 6346 6189 6348
f 6192 6191 6196
f 6192 6349 6193
f 6263 6349 6192
f 6192 6196 6263
f 6193 6349 6350
f 6195 6193 6350
f 6194 6348 6347
f 6348 6194 6351
f 6194 6195 6351
f 6351 6195 6350
f 6197 6352 6198
f 6352 6197 6353
f 6343 6344 6197
f 6353 6197 6344
f 6198 6352 6199
f 6199 6352 6354
f 6354 6355 6199
f 6355 6356 6199
f 6199 6356 6202
f 6211 6200 6201
f 6201 6357 6211
f 6203 6358 6201
f 6357 6201 6358
f 6203 6202 6356
f 6203 6359 6358
f 6203 6356 6360
f 6360 6359 6203
f 6204 6361 6205
f 6207 6362 6204
f 6362 6361 6204
f 6363 6214 6205
f 6363 6205 6361
f 6364 6206 6208
f 6365 6207 6206
f 6206 6364 6365
f 6362 6207 6365
f 6208 6209 6366
f 6366 6364 6208
f 6367 6209 6213
f 6366 6209 6367
f 6213 6210 6368
f 6368 6210 6212
f 6211 6357 6369
f 6369 6212 6211
f 6370 6368 6212
f 6212 6369 6371
f 6370 6212 6371
f 6213 6372 6367
f 6368 6373 6213
f 6372 6213 6373
f 6374 6214 6363
f 6223 6214 6374
f 6216 6215 6217
f 6217 6225 6216
f 6225 6217 6218
f 6375 6225 6218
f 6375 6218 6220
f 6376 6219 6222
f 6221 6219 6376
f 6377 6375 6220
f 6221 6378 6220
f 6377 6220 6378
f 6378 6221 6379
f 6379 6221 6376
f 6222 6223 6380
f 6381 6222 6380
f 6376 6222 6381
f 6223 6374 6380
f 6224 6225 6382
f 6382 6226 6224
f 6225 6375 6382
f 6382 6227 6226
f 6227 6382 6375
f 6383 6227 6375
f 6228 6227 6384
f 6384 6227 6383
f 6384 6232 6228
f 6230 6385 6229
f 6386 6242 6229
f 6385 6387 6229
f 6387 6386 6229
f 6385 6230 6387
f 6387 6230 6388
f 6389 6388 6230
f 6389 6230 6231
f 6390 6389 6231
f 6391 6231 6392
f 6234 6392 6231
f 6390 6231 6391
f 6233 6232 6393
f 6393 6232 6384
f 6393 6236 6233
f 6392 6234 6394
f 6235 6394 6234
f 6395 6235 6236
f 6394 6235 6396
f 6396 6235 6395
f 6395 6236 6393
f 6245 6239 6241
f 6240 6397 6241
f 6397 6240 6243
f 6245 6241 6397
f 6398 6244 6242
f 6398 6242 6386
f 6397 6243 6399
f 6244 6400 6243
f 6401 6399 6243
f 6402 6401 6243
f 6402 6243 6400
f 6400 6244 6398
f 6397 6403 6245
f 6246 6245 6404
f 6245 6405 6404
f 6403 6405 6245
f 6246 6404 6406
f 6246 6406 6407
f 6248 6246 6407
f 6408 6247 6409
f 6409 6247 6248
f 6410 6318 6247
f 6410 6247 6408
f 6409 6248 6407
f 6264 6251 6260
f 6252 6260 6251
f 6253 6411 6258
f 6255 6253 6254
f 6255 6411 6253
f 6255 6256 6411
f 6411 6256 6412
f 6256 6413 6412
f 6413 6256 6257
f 6257 6266 6413
f 6414 6259 6258
f 6411 6414 6258
f 6259 6415 6260
f 6416 6415 6259
f 6414 6416 6259
f 6415 6417 6260
f 6264 6260 6417
f 6262 6261 6418
f 6417 6418 6261
f 6264 6417 6261
f 6418 6263 6262
f 6263 6418 6349
f 6265 6419 6266
f 6273 6419 6265
f 6266 6420 6413
f 6419 6420 6266
f 6268 6269 6421
f 6421 6276 6268
f 6422 6421 6269
f 6422 6269 6271
f 6270 6422 6271
f 6270 6423 6422
f 6424 6270 6272
f 6270 6424 6423
f 6425 6424 6272
f 6279 6425 6272
f 6426 6419 6273
f 6427 6273 6274
f 6427 6426 6273
f 6428 6274 6275
f 6274 6428 6429
f 6429 6427 6274
f 6430 6275 6276
f 6430 6431 6275
f 6275 6431 6432
f 6432 6428 6275
f 6421 6422 6276
f 6433 6276 6422
f 6434 6276 6433
f 6276 6434 6430
f 6280 6278 6277
f 6435 6279 6278
f 6435 6278 6280
f 6436 6425 6279
f 6435 6436 6279
f 6437 6435 6280
f 6281 6437 6280
f 6438 6437 6281
f 6290 6439 6281
f 6439 6438 6281
f 6283 6440 6294
f 6285 6440 6283
f 6284 6285 6283
f 6440 6285 6286
f 6440 6286 6441
f 6287 6441 6286
f 6287 6442 6441
f 6442 6287 6443
f 6288 6443 6287
f 6307 6288 6289
f 6444 6443 6288
f 6307 6444 6288
f 6439 6290 6291
f 6291 6445 6439
f 6446 6445 6291
f 6291 6292 6446
f 6446 6292 6293
f 6447 6446 6293
f 6440 6293 6294
f 6440 6447 6293
f 6342 6296 6295
f 6304 6296 6448
f 6296 6342 6448
f 6297 6300 6298
f 6449 6298 6300
f 6298 6449 6450
f 6450 6299 6298
f 6451 6452 6299
f 6303 6299 6453
f 6453 6299 6452
f 6454 6299 6450
f 6451 6299 6454
f 6302 6299 6303
f 6300 6455 6449
f 6455 6300 6304
f 6456 6457 6301
f 6457 6306 6301
f 6453 6456 6301
f 6303 6453 6301
f 6458 6304 6448
f 6459 6304 6458
f 6455 6304 6460
f 6304 6459 6461
f 6304 6461 6460
f 6462 6316 6305
f 6305 6306 6462
f 6452 6306 6457
f 6463 6462 6306
f 6452 6463 6306
f 6308 6444 6307
f 6464 6308 6309
f 6465 6444 6308
f 6466 6465 6308
f 6308 6464 6466
f 6310 6467 6309
f 6467 6464 6309
f 6314 6468 6310
f 6468 6467 6310
f 6469 6313 6311
f 6315 6469 6311
f 6314 6312 6470
f 6470 6312 6313
f 6471 6470 6313
f 6469 6471 6313
f 6314 6470 6468
f 6472 6469 6315
f 6473 6472 6315
f 6462 6315 6316
f 6462 6473 6315
f 6317 6318 6474
f 6474 6319 6317
f 6474 6318 6410
f 6320 6319 6474
f 6320 6474 6322
f 6322 6475 6321
f 6321 6475 6476
f 6476 6323 6321
f 6477 6478 6322
f 6475 6322 6478
f 6322 6474 6479
f 6322 6479 6477
f 6480 6323 6476
f 6480 6324 6323
f 6481 6325 6324
f 6482 6324 6480
f 6483 6481 6324
f 6483 6324 6482
f 6326 6325 6481
f 6326 6481 6484
f 6484 6327 6326
f 6485 6328 6327
f 6484 6485 6327
f 6486 6328 6485
f 6329 6328 6486
f 6487 6336 6329
f 6487 6329 6486
f 6331 6330 6339
f 6331 6488 6489
f 6488 6331 6339
f 6331 6489 6332
f 6332 6490 6334
f 6491 6490 6332
f 6332 6489 6491
f 6492 6333 6493
f 6333 6334 6493
f 6333 6492 6335
f 6490 6493 6334
f 6335 6492 6494
f 6335 6494 6495
f 6340 6335 6495
f 6336 6496 6337
f 6336 6497 6496
f 6497 6336 6487
f 6496 6498 6337
f 6338 6337 6498
f 6338 6499 6339
f 6499 6338 6498
f 6488 6339 6499
f 6458 6341 6340
f 6500 6340 6501
f 6495 6501 6340
f 6458 6340 6500
f 6448 6341 6458
f 6342 6341 6448
f 6344 6502 6353
f 6344 6503 6502
f 6344 6345 6503
f 6345 6504 6503
f 6504 6345 6346
f 6505 6504 6346
f 6348 6505 6346
f 6505 6348 6506
f 6351 6507 6348
f 6507 6506 6348
f 6350 6349 6418
f 6508 6351 6350
f 6418 6509 6350
f 6510 6350 6509
f 6350 6510 6508
f 6508 6507 6351
f 6354 6352 6511
f 6353 6511 6352
f 6511 6353 6502
f 6354 6511 6512
f 6512 6513 6354
f 6354 6513 6355
f 6355 6513 6514
f 6355 6514 6515
f 6356 6355 6515
f 6360 6356 6515
f 6357 6358 6516
f 6516 6369 6357
f 6358 6359 6517
f 6358 6517 6516
f 6359 6360 6518
f 6518 6519 6359
f 6359 6519 6517
f 6515 6518 6360
f 6520 6361 6362
f 6363 6361 6520
f 6521 6362 6365
f 6520 6362 6521
f 6363 6520 6374
f 6522 6365 6364
f 6522 6364 6523
f 6524 6364 6366
f 6523 6364 6524
f 6525 6521 6365
f 6525 6365 6522
f 6526 6527 6366
f 6367 6526 6366
f 6524 6366 6527
f 6528 6367 6372
f 6526 6367 6528
f 6368 6370 6373
f 6516 6529 6369
f 6529 6371 6369
f 6371 6530 6370
f 6370 6530 6373
f 6529 6531 6371
f 6530 6371 6532
f 6532 6371 6531
f 6528 6372 6373
f 6528 6373 6530
f 6520 6533 6374
f 6374 6533 6380
f 6383 6375 6377
f 6379 6376 6534
f 6376 6381 6534
f 6535 6383 6377
f 6378 6536 6377
f 6377 6536 6535
f 6379 6537 6378
f 6536 6378 6538
f 6537 6538 6378
f 6379 6539 6540
f 6541 6379 6540
f 6537 6379 6541
f 6539 6379 6534
f 6381 6380 6542
f 6380 6533 6542
f 6381 6543 6534
f 6381 6542 6543
f 6544 6383 6535
f 6544 6384 6383
f 6545 6384 6546
f 6546 6384 6544
f 6545 6393 6384
f 6400 6398 6386
f 6547 6386 6548
f 6386 6547 6400
f 6386 6387 6548
f 6387 6388 6390
f 6548 6387 6390
f 6390 6388 6389
f 6548 6390 6549
f 6391 6549 6390
f 6549 6391 6392
f 6550 6549 6392
f 6550 6392 6551
f 6392 6394 6552
f 6551 6392 6552
f 6553 6395 6393
f 6553 6393 6554
f 6554 6393 6555
f 6555 6393 6545
f 6552 6394 6396
f 6396 6395 6552
f 6553 6552 6395
f 6403 6397 6399
f 6401 6403 6399
f 6400 6556 6402
f 6556 6400 6547
f 6557 6406 6401
f 6401 6402 6557
f 6405 6403 6401
f 6401 6406 6405
f 6558 6557 6402
f 6402 6556 6559
f 6402 6559 6558
f 6404 6405 6406
f 6560 6406 6557
f 6560 6407 6406
f 6561 6407 6562
f 6560 6562 6407
f 6407 6561 6409
f 6409 6410 6408
f 6563 6410 6409
f 6563 6409 6561
f 6563 6477 6410
f 6477 6479 6410
f 6479 6474 6410
f 6412 6414 6411
f 6564 6414 6412
f 6413 6564 6412
f 6413 6420 6564
f 6414 6565 6416
f 6566 6565 6414
f 6567 6566 6414
f 6564 6567 6414
f 6509 6415 6568
f 6417 6415 6509
f 6565 6415 6416
f 6565 6568 6415
f 6509 6418 6417
f 6419 6569 6420
f 6570 6569 6419
f 6426 6570 6419
f 6571 6564 6420
f 6569 6571 6420
f 6433 6422 6423
f 6572 6433 6423
f 6423 6424 6572
f 6436 6572 6424
f 6436 6424 6425
f 6573 6570 6426
f 6574 6573 6426
f 6426 6427 6575
f 6574 6426 6575
f 6575 6427 6429
f 6576 6428 6432
f 6576 6429 6428
f 6576 6575 6429
f 6431 6430 6434
f 6577 6431 6434
f 6432 6431 6576
f 6577 6576 6431
f 6433 6572 6578
f 6578 6434 6433
f 6434 6578 6577
f 6435 6579 6436
f 6437 6579 6435
f 6436 6580 6572
f 6579 6580 6436
f 6438 6579 6437
f 6438 6581 6579
f 6439 6581 6438
f 6582 6581 6439
f 6439 6445 6582
f 6440 6583 6447
f 6583 6440 6441
f 6441 6584 6446
f 6446 6583 6441
f 6585 6441 6586
f 6441 6585 6584
f 6442 6586 6441
f 6587 6586 6442
f 6442 6443 6587
f 6587 6443 6588
f 6465 6588 6443
f 6465 6443 6444
f 6446 6582 6445
f 6446 6584 6582
f 6583 6446 6447
f 6450 6449 6454
f 6449 6589 6454
f 6589 6449 6455
f 6590 6452 6451
f 6454 6591 6451
f 6592 6590 6451
f 6451 6591 6592
f 6590 6463 6452
f 6456 6453 6452
f 6457 6456 6452
f 6454 6593 6591
f 6454 6589 6593
f 6455 6460 6589
f 6500 6459 6458
f 6459 6500 6501
f 6594 6459 6501
f 6594 6461 6459
f 6460 6461 6589
f 6595 6461 6594
f 6461 6595 6589
f 6463 6473 6462
f 6463 6596 6473
f 6597 6596 6463
f 6590 6597 6463
f 6468 6464 6467
f 6466 6464 6598
f 6598 6464 6468
f 6466 6588 6465
f 6598 6599 6466
f 6466 6600 6588
f 6599 6600 6466
f 6601 6468 6470
f 6602 6468 6601
f 6602 6598 6468
f 6603 6471 6469
f 6472 6604 6469
f 6605 6603 6469
f 6604 6605 6469
f 6470 6471 6606
f 6606 6601 6470
f 6607 6606 6471
f 6603 6607 6471
f 6473 6608 6472
f 6608 6604 6472
f 6596 6608 6473
f 6609 6475 6478
f 6609 6610 6475
f 6476 6475 6610
f 6480 6476 6610
f 6477 6563 6478
f 6561 6611 6478
f 6478 6563 6561
f 6612 6478 6611
f 6609 6478 6612
f 6613 6480 6610
f 6614 6480 6613
f 6615 6480 6614
f 6482 6480 6615
f 6483 6484 6481
f 6616 6617 6482
f 6616 6482 6615
f 6483 6482 6617
f 6617 6618 6483
f 6618 6484 6483
f 6619 6485 6484
f 6484 6618 6619
f 6619 6620 6485
f 6620 6486 6485
f 6486 6620 6621
f 6622 6487 6486
f 6621 6622 6486
f 6623 6487 6622
f 6497 6487 6623
f 6499 6624 6488
f 6489 6488 6625
f 6626 6488 6624
f 6488 6626 6625
f 6627 6628 6489
f 6625 6627 6489
f 6489 6628 6491
f 6490 6629 6493
f 6629 6490 6630
f 6630 6490 6491
f 6628 6630 6491
f 6493 6629 6492
f 6494 6492 6629
f 6631 6494 6629
f 6495 6494 6632
f 6494 6631 6632
f 6495 6632 6633
f 6634 6635 6495
f 6634 6495 6633
f 6595 6501 6495
f 6595 6495 6635
f 6499 6498 6496
f 6499 6496 6624
f 6496 6497 6624
f 6624 6497 6636
f 6497 6623 6636
f 6595 6594 6501
f 6511 6502 6503
f 6512 6511 6503
f 6637 6503 6504
f 6512 6503 6638
f 6503 6637 6638
f 6637 6504 6639
f 6639 6504 6505
f 6505 6506 6639
f 6639 6506 6640
f 6506 6641 6642
f 6642 6643 6506
f 6506 6643 6640
f 6507 6641 6506
f 6508 6644 6507
f 6645 6507 6644
f 6641 6507 6645
f 6508 6510 6644
f 6510 6509 6568
f 6510 6568 6644
f 6512 6646 6513
f 6638 6647 6512
f 6646 6512 6647
f 6514 6513 6646
f 6514 6646 6647
f 6648 6514 6647
f 6515 6514 6648
f 6518 6515 6649
f 6650 6515 6648
f 6649 6515 6651
f 6651 6515 6650
f 6529 6516 6517
f 6652 6529 6517
f 6517 6519 6652
f 6519 6518 6653
f 6649 6654 6518
f 6653 6518 6654
f 6519 6655 6652
f 6655 6519 6656
f 6519 6653 6657
f 6656 6519 6657
f 6533 6520 6658
f 6520 6521 6525
f 6520 6525 6658
f 6659 6525 6522
f 6659 6522 6523
f 6523 6660 6659
f 6660 6523 6524
f 6660 6524 6527
f 6658 6525 6659
f 6661 6526 6528
f 6662 6527 6526
f 6662 6526 6661
f 6663 6527 6664
f 6527 6662 6664
f 6663 6660 6527
f 6528 6665 6661
f 6666 6528 6530
f 6667 6528 6666
f 6665 6528 6667
f 6531 6529 6652
f 6666 6530 6532
f 6668 6531 6669
f 6531 6652 6669
f 6531 6670 6532
f 6670 6531 6668
f 6670 6671 6532
f 6672 6666 6532
f 6673 6672 6532
f 6671 6673 6532
f 6542 6533 6658
f 6534 6674 6539
f 6534 6543 6674
f 6546 6544 6535
f 6546 6535 6675
f 6535 6536 6676
f 6676 6677 6535
f 6675 6535 6677
f 6678 6536 6538
f 6536 6678 6676
f 6679 6538 6537
f 6679 6537 6680
f 6537 6541 6680
f 6678 6538 6679
f 6539 6674 6681
f 6682 6539 6681
f 6540 6539 6682
f 6541 6540 6683
f 6683 6540 6682
f 6541 6684 6680
f 6684 6541 6683
f 6542 6658 6685
f 6543 6542 6685
f 6543 6685 6686
f 6686 6674 6543
f 6555 6545 6687
f 6687 6545 6688
f 6689 6545 6546
f 6688 6545 6689
f 6690 6689 6546
f 6690 6546 6691
f 6691 6546 6692
f 6692 6546 6675
f 6547 6548 6549
f 6547 6549 6550
f 6556 6547 6693
f 6550 6693 6547
f 6550 6551 6694
f 6695 6693 6550
f 6695 6550 6696
f 6696 6550 6694
f 6697 6551 6552
f 6697 6694 6551
f 6552 6553 6698
f 6697 6552 6699
f 6699 6552 6698
f 6698 6553 6554
f 6554 6555 6700
f 6698 6554 6700
f 6700 6555 6687
f 6556 6701 6559
f 6701 6556 6693
f 6702 6560 6557
f 6703 6702 6557
f 6557 6704 6703
f 6558 6704 6557
f 6704 6558 6705
f 6558 6706 6705
f 6706 6558 6559
f 6706 6559 6707
f 6708 6559 6701
f 6707 6559 6708
f 6562 6560 6611
f 6709 6611 6560
f 6709 6560 6702
f 6611 6561 6562
f 6564 6571 6567
f 6710 6568 6565
f 6565 6566 6710
f 6571 6566 6567
f 6711 6710 6566
f 6566 6712 6711
f 6712 6566 6571
f 6645 6644 6568
f 6711 6645 6568
f 6710 6711 6568
f 6713 6714 6569
f 6569 6714 6571
f 6713 6569 6715
f 6569 6570 6715
f 6573 6715 6570
f 6714 6712 6571
f 6716 6578 6572
f 6572 6580 6716
f 6717 6715 6573
f 6718 6573 6719
f 6573 6718 6717
f 6719 6573 6574
f 6720 6574 6575
f 6720 6719 6574
f 6720 6575 6576
f 6576 6721 6722
f 6721 6576 6577
f 6722 6720 6576
f 6723 6721 6577
f 6724 6723 6577
f 6725 6577 6578
f 6725 6724 6577
f 6725 6578 6716
f 6726 6580 6579
f 6727 6726 6579
f 6581 6727 6579
f 6726 6716 6580
f 6581 6726 6727
f 6582 6726 6581
f 6582 6728 6726
f 6729 6728 6582
f 6730 6729 6582
f 6731 6730 6582
f 6731 6582 6584
f 6731 6584 6585
f 6585 6732 6730
f 6585 6730 6731
f 6585 6586 6732
f 6586 6733 6732
f 6587 6733 6586
f 6587 6734 6733
f 6735 6734 6587
f 6736 6735 6587
f 6588 6736 6587
f 6588 6737 6736
f 6600 6737 6588
f 6589 6595 6738
f 6738 6593 6589
f 6739 6740 6590
f 6590 6592 6739
f 6740 6597 6590
f 6591 6593 6741
f 6742 6591 6741
f 6592 6591 6742
f 6592 6743 6739
f 6744 6592 6742
f 6744 6745 6592
f 6745 6743 6592
f 6738 6741 6593
f 6746 6747 6595
f 6746 6595 6635
f 6748 6738 6595
f 6748 6595 6747
f 6597 6749 6596
f 6749 6608 6596
f 6597 6740 6750
f 6750 6749 6597
f 6751 6598 6602
f 6751 6599 6598
f 6752 6753 6599
f 6754 6752 6599
f 6755 6754 6599
f 6756 6599 6751
f 6756 6755 6599
f 6753 6600 6599
f 6737 6600 6757
f 6758 6757 6600
f 6600 6753 6758
f 6606 6602 6601
f 6606 6759 6602
f 6759 6751 6602
f 6603 6605 6608
f 6608 6749 6603
f 6603 6749 6760
f 6603 6760 6607
f 6608 6605 6604
f 6759 6606 6761
f 6762 6761 6606
f 6762 6606 6607
f 6760 6762 6607
f 6612 6763 6609
f 6764 6609 6763
f 6610 6609 6764
f 6610 6764 6765
f 6613 6610 6765
f 6709 6763 6611
f 6611 6763 6612
f 6766 6614 6613
f 6766 6613 6765
f 6614 6766 6767
f 6768 6615 6614
f 6767 6768 6614
f 6768 6769 6615
f 6616 6615 6769
f 6616 6769 6770
f 6616 6770 6771
f 6771 6617 6616
f 6617 6772 6773
f 6773 6618 6617
f 6772 6617 6771
f 6619 6618 6773
f 6773 6774 6619
f 6775 6619 6774
f 6776 6619 6775
f 6776 6777 6619
f 6620 6619 6777
f 6621 6620 6777
f 6621 6777 6778
f 6621 6778 6779
f 6780 6621 6779
f 6780 6622 6621
f 6781 6623 6622
f 6781 6622 6780
f 6782 6623 6781
f 6782 6636 6623
f 6624 6636 6626
f 6626 6783 6625
f 6784 6785 6625
f 6786 6625 6783
f 6786 6784 6625
f 6785 6627 6625
f 6787 6626 6636
f 6783 6626 6787
f 6788 6628 6627
f 6789 6788 6627
f 6789 6627 6785
f 6788 6790 6628
f 6791 6630 6628
f 6790 6791 6628
f 6630 6631 6629
f 6792 6631 6630
f 6791 6792 6630
f 6792 6632 6631
f 6792 6633 6632
f 6793 6634 6633
f 6792 6793 6633
f 6634 6793 6635
f 6635 6793 6746
f 6636 6794 6787
f 6795 6636 6782
f 6636 6795 6794
f 6796 6638 6637
f 6637 6639 6640
f 6643 6637 6640
f 6796 6637 6643
f 6797 6638 6796
f 6797 6647 6638
f 6798 6641 6645
f 6798 6642 6641
f 6642 6798 6799
f 6642 6799 6643
f 6796 6643 6797
f 6800 6797 6643
f 6799 6800 6643
f 6801 6645 6711
f 6798 6645 6801
f 6647 6797 6800
f 6802 6648 6647
f 6802 6647 6803
f 6803 6647 6800
f 6648 6802 6650
f 6649 6651 6804
f 6654 6649 6804
f 6651 6650 6802
f 6802 6805 6651
f 6804 6651 6805
f 6806 6652 6655
f 6669 6652 6806
f 6807 6653 6654
f 6807 6808 6653
f 6657 6653 6808
f 6804 6807 6654
f 6809 6655 6656
f 6809 6810 6655
f 6806 6655 6810
f 6656 6811 6809
f 6657 6808 6656
f 6811 6656 6808
f 6685 6658 6659
f 6659 6660 6685
f 6685 6660 6663
f 6661 6665 6812
f 6813 6662 6661
f 6812 6813 6661
f 6664 6662 6813
f 6814 6663 6664
f 6685 6663 6814
f 6814 6664 6813
f 6815 6665 6667
f 6665 6815 6816
f 6813 6812 6665
f 6813 6665 6816
f 6817 6666 6672
f 6817 6667 6666
f 6815 6667 6818
f 6818 6667 6817
f 6819 6668 6820
f 6668 6669 6820
f 6670 6668 6821
f 6821 6668 6819
f 6669 6806 6822
f 6669 6823 6820
f 6822 6823 6669
f 6821 6824 6670
f 6825 6670 6824
f 6671 6670 6825
f 6671 6826 6673
f 6827 6671 6825
f 6826 6671 6827
f 6818 6817 6672
f 6828 6672 6673
f 6828 6818 6672
f 6826 6828 6673
f 6681 6674 6686
f 6829 6692 6675
f 6677 6829 6675
f 6830 6676 6678
f 6831 6677 6676
f 6831 6676 6830
f 6832 6829 6677
f 6832 6677 6833
f 6831 6833 6677
f 6680 6678 6679
f 6678 6834 6830
f 6678 6680 6834
f 6835 6680 6684
f 6834 6680 6835
f 6686 6836 6681
f 6836 6837 6681
f 6682 6681 6837
f 6683 6682 6837
f 6683 6837 6838
f 6839 6684 6683
f 6683 6838 6839
f 6835 6684 6839
f 6686 6685 6814
f 6840 6686 6814
f 6841 6836 6686
f 6841 6686 6840
f 6688 6700 6687
f 6842 6700 6688
f 6690 6688 6689
f 6690 6843 6688
f 6842 6688 6843
f 6843 6690 6691
f 6692 6843 6691
f 6843 6692 6829
f 6701 6693 6695
f 6694 6844 6696
f 6697 6844 6694
f 6845 6701 6695
f 6845 6695 6696
f 6846 6696 6847
f 6845 6696 6846
f 6696 6844 6847
f 6848 6849 6697
f 6697 6699 6848
f 6844 6697 6849
f 6700 6850 6698
f 6850 6699 6698
f 6851 6848 6699
f 6699 6850 6851
f 6842 6850 6700
f 6708 6701 6845
f 6852 6853 6702
f 6702 6703 6704
f 6852 6702 6704
f 6853 6709 6702
f 6705 6852 6704
f 6854 6852 6705
f 6854 6705 6855
f 6705 6856 6855
f 6857 6705 6706
f 6856 6705 6857
f 6706 6858 6857
f 6706 6707 6859
f 6858 6706 6859
f 6707 6708 6859
f 6845 6860 6708
f 6861 6708 6860
f 6859 6708 6861
f 6763 6709 6853
f 6862 6801 6711
f 6862 6711 6712
f 6714 6862 6712
f 6863 6714 6713
f 6713 6864 6865
f 6715 6864 6713
f 6713 6865 6863
f 6714 6866 6862
f 6863 6866 6714
f 6715 6717 6864
f 6728 6716 6726
f 6728 6725 6716
f 6717 6867 6864
f 6868 6867 6717
f 6869 6868 6717
f 6869 6717 6718
f 6718 6870 6869
f 6870 6718 6719
f 6871 6870 6719
f 6722 6719 6720
f 6722 6871 6719
f 6872 6722 6721
f 6721 6723 6872
f 6873 6871 6722
f 6874 6722 6872
f 6722 6874 6873
f 6724 6872 6723
f 6875 6724 6725
f 6876 6877 6724
f 6877 6872 6724
f 6876 6724 6875
f 6875 6725 6728
f 6876 6875 6728
f 6878 6728 6729
f 6878 6876 6728
f 6729 6879 6878
f 6729 6730 6879
f 6880 6879 6730
f 6881 6730 6732
f 6881 6880 6730
f 6733 6881 6732
f 6733 6882 6881
f 6882 6733 6734
f 6734 6883 6882
f 6734 6884 6883
f 6885 6884 6734
f 6885 6734 6735
f 6885 6735 6886
f 6886 6735 6736
f 6737 6886 6736
f 6887 6886 6737
f 6887 6737 6757
f 6888 6741 6738
f 6748 6889 6738
f 6889 6888 6738
f 6890 6740 6739
f 6743 6890 6739
f 6890 6750 6740
f 6891 6742 6741
f 6888 6891 6741
f 6891 6744 6742
f 6892 6893 6743
f 6743 6893 6890
f 6743 6745 6892
f 6744 6894 6895
f 6896 6744 6895
f 6896 6745 6744
f 6894 6744 6891
f 6896 6897 6745
f 6897 6892 6745
f 6898 6747 6746
f 6899 6746 6793
f 6898 6746 6899
f 6900 6748 6747
f 6747 6898 6900
f 6900 6889 6748
f 6901 6760 6749
f 6749 6750 6901
f 6902 6901 6750
f 6890 6902 6750
f 6751 6759 6756
f 6758 6753 6752
f 6752 6754 6903
f 6752 6904 6758
f 6905 6904 6752
f 6903 6905 6752
f 6754 6755 6903
f 6755 6756 6906
f 6755 6906 6903
f 6906 6756 6759
f 6887 6757 6907
f 6908 6907 6757
f 6757 6758 6908
f 6904 6908 6758
f 6762 6759 6761
f 6762 6906 6759
f 6760 6909 6762
f 6910 6909 6760
f 6901 6910 6760
f 6909 6906 6762
f 6911 6763 6853
f 6912 6764 6763
f 6763 6911 6913
f 6914 6912 6763
f 6763 6913 6914
f 6765 6764 6912
f 6912 6914 6765
f 6765 6914 6915
f 6766 6765 6915
f 6766 6915 6916
f 6916 6917 6766
f 6918 6766 6917
f 6767 6766 6918
f 6918 6919 6767
f 6920 6767 6919
f 6767 6920 6768
f 6769 6768 6920
f 6769 6920 6921
f 6770 6769 6921
f 6922 6770 6921
f 6771 6770 6922
f 6772 6771 6922
f 6923 6773 6772
f 6922 6923 6772
f 6923 6774 6773
f 6774 6923 6924
f 6775 6774 6924
f 6924 6925 6775
f 6775 6925 6776
f 6776 6925 6926
f 6927 6777 6776
f 6776 6926 6927
f 6777 6927 6778
f 6927 6926 6778
f 6778 6926 6779
f 6779 6926 6928
f 6779 6929 6780
f 6928 6929 6779
f 6780 6929 6781
f 6781 6929 6930
f 6930 6782 6781
f 6795 6782 6930
f 6794 6783 6787
f 6783 6794 6931
f 6786 6783 6931
f 6932 6785 6784
f 6933 6784 6786
f 6932 6784 6933
f 6932 6934 6785
f 6785 6934 6789
f 6786 6931 6933
f 6935 6936 6788
f 6937 6935 6788
f 6936 6790 6788
f 6937 6788 6789
f 6789 6934 6938
f 6937 6789 6939
f 6938 6939 6789
f 6936 6940 6790
f 6940 6941 6790
f 6790 6941 6791
f 6941 6792 6791
f 6941 6793 6792
f 6899 6793 6941
f 6794 6795 6942
f 6794 6942 6931
f 6795 6930 6943
f 6795 6943 6942
f 6798 6944 6945
f 6801 6944 6798
f 6798 6945 6799
f 6805 6800 6799
f 6799 6946 6805
f 6947 6799 6945
f 6946 6799 6947
f 6803 6800 6805
f 6944 6801 6862
f 6802 6803 6805
f 6805 6948 6804
f 6807 6804 6948
f 6948 6805 6946
f 6822 6806 6810
f 6807 6948 6949
f 6808 6807 6949
f 6811 6808 6950
f 6808 6949 6951
f 6950 6808 6951
f 6810 6809 6811
f 6822 6810 6952
f 6811 6952 6810
f 6952 6811 6950
f 6814 6813 6953
f 6813 6816 6954
f 6954 6953 6813
f 6840 6814 6953
f 6955 6815 6818
f 6815 6955 6816
f 6954 6816 6956
f 6956 6816 6955
f 6826 6818 6828
f 6955 6818 6826
f 6819 6820 6957
f 6958 6819 6957
f 6821 6819 6959
f 6959 6819 6958
f 6957 6820 6823
f 6825 6824 6821
f 6825 6821 6959
f 6823 6822 6952
f 6957 6823 6952
f 6960 6825 6959
f 6827 6825 6960
f 6826 6961 6955
f 6827 6962 6826
f 6826 6962 6961
f 6960 6963 6827
f 6962 6827 6963
f 6964 6843 6829
f 6829 6832 6964
f 6965 6830 6834
f 6831 6830 6965
f 6966 6833 6831
f 6966 6831 6967
f 6965 6967 6831
f 6968 6832 6833
f 6964 6832 6968
f 6833 6966 6968
f 6969 6834 6835
f 6969 6970 6834
f 6965 6834 6970
f 6969 6835 6839
f 6837 6836 6841
f 6841 6838 6837
f 6838 6841 6971
f 6971 6972 6838
f 6838 6973 6839
f 6973 6838 6974
f 6974 6838 6972
f 6973 6975 6839
f 6976 6839 6975
f 6969 6839 6976
f 6840 6953 6977
f 6840 6977 6978
f 6841 6840 6978
f 6978 6971 6841
f 6851 6850 6842
f 6851 6842 6979
f 6979 6842 6843
f 6980 6979 6843
f 6843 6964 6980
f 6844 6849 6981
f 6847 6844 6981
f 6860 6845 6846
f 6860 6846 6982
f 6982 6846 6847
f 6982 6847 6983
f 6983 6847 6981
f 6984 6848 6851
f 6848 6985 6849
f 6984 6985 6848
f 6981 6849 6985
f 6984 6851 6979
f 6911 6853 6852
f 6911 6852 6913
f 6913 6852 6854
f 6986 6913 6854
f 6855 6986 6854
f 6855 6856 6987
f 6988 6855 6987
f 6989 6986 6855
f 6988 6989 6855
f 6857 6990 6856
f 6991 6992 6856
f 6991 6856 6990
f 6987 6856 6992
f 6857 6993 6990
f 6993 6857 6858
f 6858 6859 6994
f 6995 6858 6994
f 6858 6996 6993
f 6858 6995 6996
f 6859 6997 6994
f 6997 6859 6861
f 6998 6860 6982
f 6999 6861 6860
f 6999 6860 6998
f 7000 6997 6861
f 7001 7000 6861
f 6999 7001 6861
f 6866 6944 6862
f 6863 6865 7002
f 6866 6863 7002
f 6865 6864 6867
f 6865 7003 7002
f 7003 6865 6867
f 6947 6944 6866
f 7003 6947 6866
f 7002 7003 6866
f 6867 6951 7003
f 6867 7004 6951
f 7005 7004 6867
f 6868 7005 6867
f 7006 7005 6868
f 6868 6869 7006
f 7006 6869 7007
f 6869 7008 7007
f 7008 6869 6870
f 6871 7009 6870
f 7009 7008 6870
f 7010 6871 6873
f 7010 7009 6871
f 6872 6877 6874
f 7011 7010 6873
f 6873 6874 7011
f 6884 7011 6874
f 6884 6874 6877
f 6879 6876 6878
f 7012 6876 6879
f 7012 6877 6876
f 6883 6877 7012
f 6883 6884 6877
f 6879 6880 7012
f 6883 7012 6880
f 6882 6883 6880
f 6881 6882 6880
f 7013 6884 6885
f 7013 7011 6884
f 7014 7013 6885
f 7014 6885 6886
f 6886 7015 7014
f 7016 7015 6886
f 6886 6887 7016
f 7016 6887 7017
f 7018 7017 6887
f 7018 6887 6907
f 6889 7019 6888
f 6888 7020 6891
f 7020 6888 7021
f 7021 6888 7022
f 6888 7019 7022
f 6889 6900 7019
f 6893 6902 6890
f 7023 6891 7020
f 6894 6891 7023
f 6897 7024 6892
f 6892 7024 6893
f 6893 7024 7025
f 6893 7025 6902
f 7026 6895 6894
f 7027 6894 7028
f 6894 7027 7029
f 7026 6894 7029
f 7028 6894 7023
f 7030 6895 7031
f 6895 7026 7031
f 6896 6895 7032
f 6895 7030 7032
f 7032 6897 6896
f 7032 7024 6897
f 7033 6900 6898
f 7034 7033 6898
f 6899 7034 6898
f 7035 7034 6899
f 6940 6899 6941
f 6899 6940 7035
f 7036 6900 7033
f 7019 6900 7036
f 6901 6902 6910
f 6902 7037 7038
f 7038 6910 6902
f 7025 7037 6902
f 7039 6903 6906
f 7040 6905 6903
f 7039 7040 6903
f 6904 6905 7041
f 6904 7042 6908
f 6904 7041 7042
f 7041 6905 7043
f 7040 7043 6905
f 6909 7039 6906
f 7044 7018 6907
f 7044 6907 7042
f 7042 6907 6908
f 7045 6909 6910
f 7045 7039 6909
f 7038 7045 6910
f 6913 6986 6914
f 6915 6914 6986
f 6989 6915 6986
f 6915 6989 7046
f 6916 6915 7046
f 7047 6916 7048
f 6916 7046 7048
f 6916 7047 6917
f 6918 6917 6919
f 6919 6917 7047
f 6920 6919 7047
f 7049 6920 7047
f 7049 6921 6920
f 6922 6921 7050
f 7049 7050 6921
f 6922 7050 7051
f 6924 6922 7052
f 6922 7051 7052
f 6924 6923 6922
f 6924 7052 7053
f 6925 6924 6926
f 6926 6924 7053
f 6926 7053 7054
f 6926 7054 6928
f 7055 6928 7054
f 7056 6928 7055
f 6929 6928 7056
f 7056 6930 6929
f 6930 7056 6943
f 6931 6942 7057
f 6933 6931 7057
f 6933 7057 6932
f 6932 7057 7058
f 6934 6932 7058
f 6934 7058 7059
f 6938 6934 7059
f 7060 6936 6935
f 7061 7060 6935
f 7062 7061 6935
f 6937 7062 6935
f 6936 7060 6940
f 6937 6939 7062
f 6939 6938 7059
f 6939 7059 7063
f 7064 7062 6939
f 7065 6939 7063
f 7064 6939 7065
f 7066 7067 6940
f 6940 7060 7066
f 7035 6940 7068
f 6940 7067 7068
f 6943 7057 6942
f 6943 7056 7069
f 6943 7069 7070
f 6943 7070 7071
f 7057 6943 7071
f 6947 6945 6944
f 6949 6948 6946
f 6946 6947 6949
f 7003 6949 6947
f 6951 6949 7003
f 6950 7072 6952
f 6951 7072 6950
f 7072 6951 7004
f 7073 6957 6952
f 7073 6952 7074
f 6952 7072 7075
f 7074 6952 7075
f 6954 7076 6953
f 6977 6953 7076
f 6956 7076 6954
f 7077 6955 6961
f 7078 6956 6955
f 6955 7077 7078
f 7078 7076 6956
f 6958 6957 7073
f 7079 6958 7073
f 6958 7079 6959
f 7079 6960 6959
f 6960 7079 7080
f 6963 6960 7080
f 6961 6962 7077
f 7081 7077 6962
f 7082 6962 6963
f 6962 7082 7081
f 7083 6963 7080
f 6963 7083 7082
f 6980 6964 6968
f 6965 7084 6967
f 7084 6965 7085
f 6970 7085 6965
f 6966 6967 7086
f 6968 6966 7086
f 7086 6967 7084
f 6980 6968 7087
f 7086 7087 6968
f 7088 6969 6976
f 6970 6969 7089
f 7089 6969 7088
f 7090 6970 7089
f 7085 6970 7090
f 6971 6978 7091
f 6971 7091 7092
f 6971 7092 6972
f 7093 6972 7092
f 7094 6972 7093
f 6972 7094 6974
f 7095 6975 6973
f 7095 6973 6974
f 7095 6974 7096
f 7096 6974 7094
f 6976 6975 7095
f 7095 7088 6976
f 6977 7076 7097
f 6978 6977 7097
f 7091 6978 7098
f 6978 7097 7098
f 6984 6979 7099
f 6980 7100 6979
f 7100 7099 6979
f 7100 6980 7101
f 7101 6980 7087
f 6981 6985 6984
f 7102 6981 6984
f 6983 6981 7103
f 7103 6981 7102
f 6998 6982 7104
f 7104 6982 7105
f 7106 6982 6983
f 7105 6982 7107
f 7107 6982 7106
f 7106 6983 7108
f 7108 6983 7109
f 7109 6983 7110
f 6983 7103 7110
f 7111 6984 7099
f 7111 7102 6984
f 7112 6988 6987
f 6987 7113 7112
f 6987 6992 7114
f 6987 7114 7113
f 6988 7115 6989
f 6988 7112 7115
f 7046 6989 7115
f 6991 6990 6996
f 6993 6996 6990
f 7114 6992 6991
f 7116 6991 6996
f 7116 7114 6991
f 6995 6994 6997
f 6997 7117 6995
f 6996 6995 7117
f 7116 6996 7118
f 6996 7117 7118
f 7117 6997 7000
f 7119 6999 6998
f 7119 6998 7104
f 7001 6999 7119
f 7001 7117 7000
f 7001 7119 7120
f 7118 7117 7001
f 7118 7001 7121
f 7121 7001 7120
f 7004 7005 7072
f 7122 7072 7005
f 7006 7122 7005
f 7123 7122 7006
f 7123 7006 7007
f 7124 7007 7008
f 7007 7124 7123
f 7008 7009 7124
f 7125 7009 7126
f 7009 7127 7126
f 7009 7010 7127
f 7125 7124 7009
f 7010 7011 7127
f 7011 7013 7128
f 7128 7127 7011
f 7013 7129 7128
f 7014 7129 7013
f 7129 7014 7015
f 7130 7129 7015
f 7131 7130 7015
f 7015 7016 7131
f 7017 7131 7016
f 7131 7017 7041
f 7044 7017 7018
f 7017 7044 7041
f 7132 7019 7036
f 7132 7133 7019
f 7133 7022 7019
f 7134 7020 7021
f 7135 7023 7020
f 7134 7135 7020
f 7134 7021 7022
f 7134 7022 7133
f 7135 7136 7023
f 7136 7028 7023
f 7137 7025 7024
f 7138 7137 7024
f 7032 7030 7024
f 7030 7138 7024
f 7137 7037 7025
f 7029 7139 7026
f 7139 7031 7026
f 7027 7028 7136
f 7140 7029 7027
f 7140 7027 7136
f 7140 7139 7029
f 7031 7141 7030
f 7142 7030 7141
f 7030 7142 7138
f 7143 7141 7031
f 7139 7143 7031
f 7033 7034 7036
f 7034 7132 7036
f 7132 7034 7144
f 7034 7035 7068
f 7068 7144 7034
f 7037 7145 7146
f 7037 7146 7038
f 7147 7145 7037
f 7137 7147 7037
f 7038 7146 7045
f 7146 7148 7039
f 7146 7039 7045
f 7148 7040 7039
f 7149 7043 7040
f 7149 7040 7150
f 7150 7040 7148
f 7044 7042 7041
f 7151 7131 7041
f 7043 7151 7041
f 7151 7043 7152
f 7153 7152 7043
f 7153 7043 7149
f 7048 7046 7115
f 7049 7047 7048
f 7048 7112 7113
f 7048 7115 7112
f 7048 7154 7049
f 7113 7154 7048
f 7049 7154 7155
f 7050 7049 7156
f 7157 7049 7155
f 7156 7049 7157
f 7156 7158 7050
f 7050 7158 7051
f 7052 7051 7159
f 7160 7051 7158
f 7160 7159 7051
f 7161 7052 7159
f 7161 7053 7052
f 7162 7053 7161
f 7053 7162 7163
f 7163 7054 7053
f 7163 7164 7054
f 7055 7054 7165
f 7165 7054 7164
f 7069 7056 7055
f 7069 7055 7166
f 7167 7055 7165
f 7055 7167 7166
f 7057 7168 7058
f 7168 7057 7071
f 7058 7168 7059
f 7059 7168 7063
f 7061 7066 7060
f 7061 7062 7169
f 7061 7170 7066
f 7169 7170 7061
f 7169 7062 7064
f 7171 7063 7172
f 7063 7168 7172
f 7065 7063 7171
f 7064 7065 7173
f 7064 7173 7169
f 7174 7065 7171
f 7173 7065 7174
f 7067 7066 7175
f 7176 7066 7170
f 7175 7066 7176
f 7175 7177 7067
f 7068 7067 7177
f 7178 7144 7068
f 7179 7178 7068
f 7068 7177 7179
f 7069 7180 7070
f 7069 7166 7180
f 7070 7180 7181
f 7182 7070 7181
f 7071 7070 7182
f 7071 7182 7183
f 7184 7071 7183
f 7071 7184 7168
f 7122 7075 7072
f 7185 7073 7074
f 7079 7073 7080
f 7080 7073 7185
f 7074 7075 7186
f 7185 7074 7186
f 7186 7075 7122
f 7097 7076 7187
f 7078 7077 7076
f 7187 7076 7077
f 7188 7077 7081
f 7077 7188 7187
f 7189 7190 7080
f 7083 7080 7190
f 7080 7185 7189
f 7081 7191 7188
f 7082 7192 7081
f 7191 7081 7192
f 7083 7193 7082
f 7192 7082 7194
f 7194 7082 7193
f 7193 7083 7190
f 7084 7085 7086
f 7195 7086 7085
f 7090 7196 7085
f 7195 7085 7196
f 7197 7087 7086
f 7197 7086 7195
f 7101 7087 7198
f 7197 7198 7087
f 7199 7089 7088
f 7095 7096 7088
f 7096 7200 7088
f 7199 7088 7200
f 7201 7090 7089
f 7201 7089 7202
f 7202 7089 7203
f 7089 7199 7203
f 7196 7090 7201
f 7204 7091 7098
f 7092 7091 7204
f 7092 7204 7205
f 7092 7205 7093
f 7094 7093 7206
f 7205 7206 7093
f 7096 7094 7207
f 7207 7094 7206
f 7200 7096 7207
f 7208 7097 7188
f 7187 7188 7097
f 7208 7098 7097
f 7209 7204 7098
f 7208 7209 7098
f 7210 7111 7099
f 7211 7099 7100
f 7210 7099 7211
f 7211 7100 7101
f 7101 7198 7212
f 7213 7101 7212
f 7211 7101 7213
f 7110 7103 7102
f 7102 7111 7110
f 7107 7104 7105
f 7104 7107 7119
f 7109 7106 7108
f 7120 7107 7106
f 7106 7109 7214
f 7120 7106 7214
f 7120 7119 7107
f 7215 7109 7110
f 7214 7109 7215
f 7216 7110 7111
f 7110 7216 7215
f 7217 7216 7111
f 7217 7111 7218
f 7219 7111 7210
f 7219 7218 7111
f 7113 7114 7220
f 7221 7113 7220
f 7154 7113 7221
f 7220 7114 7222
f 7114 7116 7222
f 7116 7118 7223
f 7222 7116 7223
f 7118 7121 7224
f 7118 7224 7223
f 7225 7120 7214
f 7225 7121 7120
f 7224 7121 7226
f 7121 7227 7226
f 7225 7228 7121
f 7121 7228 7227
f 7122 7123 7186
f 7186 7123 7229
f 7123 7124 7229
f 7125 7229 7124
f 7230 7229 7125
f 7125 7126 7230
f 7126 7231 7230
f 7127 7232 7126
f 7126 7232 7231
f 7233 7127 7128
f 7127 7233 7232
f 7128 7129 7233
f 7233 7129 7234
f 7234 7129 7130
f 7151 7234 7130
f 7151 7130 7131
f 7144 7133 7132
f 7133 7144 7235
f 7235 7134 7133
f 7235 7135 7134
f 7235 7136 7135
f 7236 7136 7235
f 7236 7140 7136
f 7237 7238 7137
f 7238 7147 7137
f 7237 7137 7138
f 7138 7142 7237
f 7239 7143 7139
f 7140 7239 7139
f 7240 7239 7140
f 7240 7140 7236
f 7142 7141 7241
f 7143 7241 7141
f 7241 7242 7142
f 7142 7242 7243
f 7142 7243 7237
f 7143 7244 7241
f 7245 7244 7143
f 7239 7245 7143
f 7246 7235 7144
f 7144 7178 7246
f 7147 7247 7145
f 7247 7248 7145
f 7145 7248 7150
f 7145 7150 7146
f 7146 7150 7148
f 7249 7147 7238
f 7249 7247 7147
f 7153 7149 7250
f 7149 7248 7250
f 7248 7149 7150
f 7251 7234 7151
f 7251 7151 7152
f 7152 7252 7253
f 7153 7252 7152
f 7253 7251 7152
f 7254 7252 7153
f 7250 7254 7153
f 7221 7255 7154
f 7155 7154 7255
f 7155 7255 7256
f 7256 7157 7155
f 7257 7158 7156
f 7157 7257 7156
f 7257 7157 7258
f 7256 7259 7157
f 7157 7259 7260
f 7260 7258 7157
f 7160 7158 7257
f 7261 7159 7160
f 7261 7262 7159
f 7161 7159 7262
f 7261 7160 7257
f 7262 7162 7161
f 7263 7163 7162
f 7262 7263 7162
f 7163 7263 7164
f 7164 7263 7165
f 7165 7263 7167
f 7166 7167 7180
f 7263 7264 7167
f 7180 7167 7265
f 7265 7167 7264
f 7168 7184 7172
f 7170 7169 7173
f 7176 7170 7266
f 7170 7173 7266
f 7171 7172 7267
f 7268 7171 7267
f 7269 7270 7171
f 7268 7269 7171
f 7174 7171 7270
f 7271 7172 7184
f 7172 7271 7267
f 7173 7174 7266
f 7174 7270 7266
f 7272 7177 7175
f 7175 7273 7272
f 7274 7275 7175
f 7274 7175 7176
f 7273 7175 7275
f 7176 7266 7274
f 7276 7177 7277
f 7177 7276 7179
f 7272 7277 7177
f 7178 7179 7278
f 7278 7246 7178
f 7276 7278 7179
f 7180 7265 7181
f 7265 7264 7181
f 7181 7264 7182
f 7279 7183 7182
f 7182 7264 7279
f 7184 7183 7280
f 7280 7183 7281
f 7279 7281 7183
f 7282 7184 7280
f 7282 7271 7184
f 7186 7189 7185
f 7189 7186 7229
f 7208 7188 7191
f 7190 7189 7230
f 7230 7189 7229
f 7231 7193 7190
f 7190 7230 7231
f 7191 7192 7283
f 7284 7208 7191
f 7284 7191 7283
f 7283 7192 7194
f 7194 7193 7285
f 7285 7193 7231
f 7194 7285 7286
f 7194 7287 7283
f 7287 7194 7286
f 7288 7197 7195
f 7288 7195 7289
f 7289 7195 7196
f 7290 7289 7196
f 7196 7201 7202
f 7202 7291 7196
f 7196 7291 7292
f 7290 7196 7292
f 7197 7293 7198
f 7197 7288 7293
f 7198 7293 7212
f 7199 7294 7203
f 7294 7199 7200
f 7207 7295 7200
f 7296 7200 7295
f 7297 7294 7200
f 7297 7200 7298
f 7200 7299 7298
f 7299 7200 7296
f 7202 7203 7300
f 7291 7202 7300
f 7300 7203 7301
f 7294 7297 7203
f 7203 7302 7301
f 7297 7302 7203
f 7205 7204 7303
f 7304 7204 7209
f 7303 7204 7304
f 7207 7206 7205
f 7305 7207 7205
f 7303 7306 7205
f 7305 7205 7306
f 7305 7307 7207
f 7207 7307 7295
f 7209 7208 7284
f 7284 7308 7209
f 7304 7209 7308
f 7219 7210 7309
f 7309 7210 7211
f 7211 7213 7310
f 7309 7211 7310
f 7293 7311 7212
f 7213 7212 7312
f 7212 7313 7312
f 7311 7314 7212
f 7212 7314 7313
f 7315 7213 7316
f 7213 7312 7316
f 7315 7310 7213
f 7214 7215 7216
f 7214 7216 7317
f 7214 7217 7318
f 7214 7319 7225
f 7318 7319 7214
f 7217 7214 7317
f 7317 7216 7217
f 7217 7218 7318
f 7318 7218 7320
f 7320 7218 7219
f 7321 7320 7219
f 7309 7322 7219
f 7321 7219 7323
f 7323 7219 7322
f 7324 7221 7220
f 7325 7220 7222
f 7325 7326 7220
f 7324 7220 7326
f 7255 7221 7327
f 7327 7221 7328
f 7328 7221 7324
f 7325 7222 7223
f 7223 7224 7329
f 7223 7329 7325
f 7329 7224 7330
f 7331 7224 7226
f 7330 7224 7331
f 7228 7225 7319
f 7227 7331 7226
f 7332 7333 7227
f 7331 7227 7333
f 7334 7227 7228
f 7332 7227 7334
f 7335 7228 7319
f 7336 7228 7335
f 7334 7228 7336
f 7337 7231 7232
f 7337 7286 7231
f 7286 7285 7231
f 7232 7338 7337
f 7338 7232 7233
f 7338 7233 7234
f 7251 7339 7234
f 7338 7234 7339
f 7236 7235 7340
f 7235 7246 7341
f 7235 7341 7340
f 7236 7340 7342
f 7342 7240 7236
f 7237 7243 7238
f 7343 7249 7238
f 7238 7344 7343
f 7344 7238 7243
f 7240 7345 7239
f 7345 7245 7239
f 7346 7240 7347
f 7346 7348 7240
f 7347 7240 7342
f 7348 7345 7240
f 7242 7241 7244
f 7243 7242 7349
f 7242 7350 7349
f 7245 7350 7242
f 7244 7245 7242
f 7349 7343 7243
f 7343 7344 7243
f 7351 7350 7245
f 7345 7351 7245
f 7278 7341 7246
f 7352 7353 7247
f 7352 7247 7249
f 7353 7248 7247
f 7248 7353 7354
f 7354 7250 7248
f 7343 7355 7249
f 7355 7352 7249
f 7250 7354 7254
f 7251 7356 7339
f 7253 7357 7251
f 7357 7356 7251
f 7252 7358 7357
f 7252 7359 7358
f 7253 7252 7357
f 7359 7252 7254
f 7359 7254 7354
f 7327 7256 7255
f 7259 7256 7327
f 7261 7257 7258
f 7360 7261 7258
f 7360 7258 7361
f 7260 7362 7258
f 7361 7258 7362
f 7259 7327 7363
f 7364 7259 7363
f 7260 7259 7364
f 7364 7365 7260
f 7366 7260 7365
f 7362 7260 7366
f 7367 7261 7360
f 7367 7262 7261
f 7263 7262 7368
f 7368 7262 7367
f 7263 7368 7369
f 7369 7264 7263
f 7264 7370 7371
f 7372 7264 7369
f 7373 7264 7372
f 7264 7373 7370
f 7371 7279 7264
f 7374 7266 7270
f 7266 7375 7274
f 7375 7266 7374
f 7271 7268 7267
f 7271 7376 7268
f 7377 7268 7376
f 7377 7269 7268
f 7270 7269 7378
f 7376 7379 7269
f 7378 7269 7379
f 7377 7376 7269
f 7380 7270 7378
f 7381 7270 7380
f 7374 7270 7381
f 7382 7271 7282
f 7382 7376 7271
f 7272 7273 7277
f 7383 7277 7273
f 7273 7275 7375
f 7273 7375 7383
f 7375 7275 7274
f 7276 7277 7278
f 7384 7278 7277
f 7384 7277 7385
f 7383 7385 7277
f 7384 7341 7278
f 7279 7282 7281
f 7371 7282 7279
f 7282 7280 7281
f 7282 7371 7370
f 7386 7282 7370
f 7382 7282 7387
f 7386 7387 7282
f 7388 7284 7283
f 7283 7287 7388
f 7308 7284 7388
f 7389 7287 7286
f 7286 7356 7389
f 7356 7286 7337
f 7390 7388 7287
f 7287 7389 7390
f 7293 7288 7311
f 7311 7288 7391
f 7288 7289 7391
f 7391 7289 7290
f 7392 7391 7290
f 7393 7290 7292
f 7392 7290 7393
f 7301 7291 7300
f 7291 7301 7394
f 7292 7291 7394
f 7395 7292 7396
f 7393 7292 7395
f 7396 7292 7397
f 7292 7394 7397
f 7295 7307 7398
f 7399 7296 7295
f 7352 7399 7295
f 7352 7295 7398
f 7299 7296 7399
f 7298 7299 7297
f 7297 7400 7302
f 7400 7297 7299
f 7299 7401 7400
f 7299 7399 7401
f 7394 7301 7302
f 7402 7394 7302
f 7400 7402 7302
f 7304 7403 7303
f 7306 7303 7403
f 7304 7308 7404
f 7403 7304 7405
f 7406 7405 7304
f 7404 7406 7304
f 7305 7306 7407
f 7407 7307 7305
f 7403 7407 7306
f 7407 7398 7307
f 7408 7390 7308
f 7388 7408 7308
f 7404 7308 7390
f 7409 7322 7309
f 7409 7309 7310
f 7310 7410 7409
f 7410 7310 7315
f 7314 7311 7411
f 7391 7411 7311
f 7412 7316 7312
f 7412 7312 7413
f 7413 7312 7313
f 7414 7413 7313
f 7414 7313 7415
f 7415 7313 7314
f 7415 7314 7416
f 7416 7314 7417
f 7417 7314 7418
f 7418 7314 7411
f 7419 7315 7316
f 7419 7410 7315
f 7412 7419 7316
f 7319 7318 7335
f 7335 7318 7420
f 7318 7321 7421
f 7320 7321 7318
f 7421 7420 7318
f 7321 7323 7322
f 7321 7322 7421
f 7421 7322 7409
f 7363 7328 7324
f 7324 7326 7422
f 7422 7423 7324
f 7423 7363 7324
f 7329 7422 7325
f 7326 7325 7422
f 7328 7363 7327
f 7329 7330 7422
f 7424 7422 7330
f 7425 7330 7331
f 7425 7424 7330
f 7426 7331 7333
f 7425 7331 7426
f 7334 7333 7332
f 7333 7334 7427
f 7426 7333 7427
f 7427 7334 7336
f 7336 7335 7428
f 7420 7429 7335
f 7429 7428 7335
f 7336 7428 7430
f 7427 7336 7430
f 7339 7337 7338
f 7356 7337 7339
f 7340 7341 7431
f 7431 7342 7340
f 7431 7341 7384
f 7342 7431 7432
f 7432 7347 7342
f 7433 7434 7343
f 7435 7433 7343
f 7343 7349 7435
f 7355 7343 7434
f 7351 7345 7436
f 7437 7436 7345
f 7345 7348 7437
f 7437 7348 7346
f 7346 7438 7437
f 7438 7346 7347
f 7439 7440 7347
f 7439 7347 7432
f 7440 7438 7347
f 7350 7435 7349
f 7441 7435 7350
f 7442 7441 7350
f 7351 7442 7350
f 7442 7351 7443
f 7443 7351 7444
f 7445 7444 7351
f 7436 7445 7351
f 7446 7399 7352
f 7352 7398 7353
f 7447 7446 7352
f 7448 7447 7352
f 7448 7352 7355
f 7354 7353 7398
f 7359 7354 7398
f 7448 7355 7434
f 7357 7389 7356
f 7390 7389 7357
f 7406 7390 7357
f 7357 7358 7406
f 7406 7358 7405
f 7358 7449 7405
f 7449 7358 7359
f 7407 7450 7359
f 7407 7359 7398
f 7449 7359 7450
f 7451 7367 7360
f 7361 7451 7360
f 7452 7451 7361
f 7453 7452 7361
f 7454 7361 7362
f 7361 7454 7453
f 7455 7362 7366
f 7455 7456 7362
f 7454 7362 7456
f 7457 7363 7423
f 7457 7364 7363
f 7365 7364 7457
f 7457 7458 7365
f 7365 7458 7366
f 7455 7366 7458
f 7451 7368 7367
f 7459 7368 7451
f 7368 7459 7460
f 7460 7369 7368
f 7369 7460 7372
f 7461 7370 7373
f 7461 7386 7370
f 7462 7372 7460
f 7462 7463 7372
f 7463 7373 7372
f 7464 7373 7463
f 7464 7465 7373
f 7465 7461 7373
f 7381 7466 7374
f 7374 7467 7375
f 7374 7466 7467
f 7467 7383 7375
f 7376 7382 7468
f 7468 7379 7376
f 7378 7469 7380
f 7378 7379 7469
f 7379 7470 7469
f 7471 7470 7379
f 7472 7471 7379
f 7468 7472 7379
f 7469 7473 7380
f 7381 7380 7473
f 7381 7473 7474
f 7466 7381 7475
f 7474 7475 7381
f 7476 7382 7387
f 7382 7476 7468
f 7385 7383 7477
f 7383 7466 7475
f 7466 7383 7467
f 7475 7477 7383
f 7385 7431 7384
f 7477 7431 7385
f 7465 7386 7461
f 7465 7387 7386
f 7387 7465 7478
f 7478 7479 7387
f 7476 7387 7479
f 7408 7388 7390
f 7406 7404 7390
f 7392 7411 7391
f 7392 7480 7411
f 7481 7480 7392
f 7392 7482 7481
f 7482 7392 7483
f 7393 7483 7392
f 7393 7395 7484
f 7485 7393 7486
f 7486 7393 7484
f 7483 7393 7485
f 7397 7394 7402
f 7395 7396 7487
f 7484 7395 7486
f 7488 7395 7487
f 7486 7395 7488
f 7396 7397 7487
f 7487 7397 7402
f 7401 7399 7489
f 7490 7489 7399
f 7490 7399 7446
f 7491 7492 7400
f 7492 7402 7400
f 7401 7491 7400
f 7491 7401 7489
f 7487 7402 7492
f 7403 7405 7449
f 7403 7450 7407
f 7450 7403 7449
f 7421 7409 7410
f 7410 7493 7421
f 7419 7493 7410
f 7418 7411 7494
f 7494 7411 7480
f 7493 7419 7412
f 7413 7414 7412
f 7412 7495 7493
f 7414 7495 7412
f 7414 7496 7495
f 7414 7415 7497
f 7496 7414 7497
f 7497 7415 7416
f 7497 7416 7417
f 7418 7498 7417
f 7417 7498 7497
f 7494 7498 7418
f 7499 7420 7500
f 7500 7420 7493
f 7429 7420 7499
f 7421 7493 7420
f 7423 7422 7424
f 7501 7423 7424
f 7423 7501 7457
f 7424 7502 7501
f 7503 7424 7425
f 7502 7424 7503
f 7503 7425 7504
f 7505 7425 7426
f 7505 7504 7425
f 7426 7427 7506
f 7505 7426 7506
f 7506 7427 7430
f 7430 7428 7429
f 7429 7499 7430
f 7499 7507 7430
f 7508 7430 7507
f 7508 7506 7430
f 7509 7431 7477
f 7509 7432 7431
f 7509 7439 7432
f 7433 7510 7434
f 7511 7510 7433
f 7511 7433 7435
f 7512 7446 7434
f 7510 7512 7434
f 7434 7446 7448
f 7441 7511 7435
f 7513 7436 7437
f 7514 7445 7436
f 7515 7514 7436
f 7513 7515 7436
f 7437 7438 7516
f 7516 7513 7437
f 7517 7438 7518
f 7519 7516 7438
f 7517 7519 7438
f 7520 7518 7438
f 7520 7438 7440
f 7521 7439 7509
f 7521 7522 7439
f 7522 7523 7439
f 7523 7440 7439
f 7440 7524 7520
f 7523 7524 7440
f 7441 7525 7511
f 7442 7525 7441
f 7443 7525 7442
f 7525 7443 7526
f 7526 7443 7444
f 7527 7526 7444
f 7444 7528 7527
f 7445 7528 7444
f 7445 7529 7528
f 7445 7514 7529
f 7512 7530 7446
f 7530 7490 7446
f 7448 7446 7447
f 7451 7452 7459
f 7531 7452 7453
f 7531 7459 7452
f 7532 7453 7533
f 7532 7531 7453
f 7454 7534 7453
f 7535 7533 7453
f 7453 7534 7536
f 7535 7453 7536
f 7456 7537 7454
f 7537 7534 7454
f 7537 7456 7455
f 7455 7458 7538
f 7537 7455 7538
f 7501 7458 7457
f 7538 7458 7501
f 7462 7460 7459
f 7539 7459 7531
f 7459 7539 7462
f 7540 7462 7539
f 7540 7463 7462
f 7541 7463 7540
f 7541 7464 7463
f 7541 7542 7464
f 7543 7478 7464
f 7478 7465 7464
f 7464 7542 7543
f 7544 7472 7468
f 7468 7476 7545
f 7545 7544 7468
f 7469 7470 7473
f 7546 7547 7470
f 7546 7470 7471
f 7473 7470 7547
f 7471 7548 7546
f 7549 7548 7471
f 7544 7550 7471
f 7550 7551 7471
f 7544 7471 7472
f 7551 7549 7471
f 7552 7474 7473
f 7473 7547 7552
f 7475 7474 7553
f 7474 7552 7554
f 7474 7554 7555
f 7553 7474 7555
f 7553 7509 7475
f 7475 7509 7477
f 7476 7479 7556
f 7545 7476 7556
f 7543 7479 7478
f 7557 7558 7479
f 7543 7557 7479
f 7558 7556 7479
f 7494 7480 7559
f 7559 7480 7481
f 7559 7481 7482
f 7560 7482 7483
f 7561 7559 7482
f 7561 7482 7562
f 7562 7482 7560
f 7483 7485 7563
f 7560 7483 7564
f 7564 7483 7563
f 7563 7485 7565
f 7485 7486 7565
f 7488 7565 7486
f 7566 7487 7492
f 7488 7487 7566
f 7567 7565 7488
f 7527 7488 7566
f 7527 7568 7488
f 7488 7568 7567
f 7530 7491 7489
f 7530 7489 7490
f 7492 7491 7569
f 7569 7491 7530
f 7569 7566 7492
f 7495 7500 7493
f 7498 7494 7559
f 7500 7495 7570
f 7496 7570 7495
f 7496 7571 7570
f 7572 7571 7496
f 7496 7497 7572
f 7497 7498 7572
f 7559 7572 7498
f 7500 7573 7499
f 7507 7499 7574
f 7574 7499 7573
f 7573 7500 7575
f 7575 7500 7576
f 7576 7500 7570
f 7538 7501 7502
f 7577 7502 7503
f 7502 7577 7578
f 7538 7502 7578
f 7577 7503 7579
f 7504 7579 7503
f 7580 7504 7505
f 7579 7504 7580
f 7505 7506 7581
f 7580 7505 7581
f 7581 7506 7508
f 7582 7507 7574
f 7582 7508 7507
f 7508 7583 7581
f 7583 7508 7584
f 7584 7508 7582
f 7553 7521 7509
f 7525 7510 7511
f 7525 7585 7510
f 7585 7512 7510
f 7585 7530 7512
f 7515 7513 7586
f 7587 7586 7513
f 7587 7513 7516
f 7515 7529 7514
f 7529 7515 7568
f 7588 7568 7515
f 7515 7586 7588
f 7589 7516 7519
f 7589 7587 7516
f 7590 7591 7517
f 7592 7590 7517
f 7591 7519 7517
f 7518 7592 7517
f 7520 7592 7518
f 7591 7589 7519
f 7520 7524 7592
f 7521 7553 7522
f 7553 7555 7522
f 7555 7523 7522
f 7523 7555 7524
f 7590 7524 7555
f 7592 7524 7590
f 7525 7526 7585
f 7527 7585 7526
f 7569 7527 7566
f 7585 7527 7569
f 7568 7527 7529
f 7529 7527 7528
f 7569 7530 7585
f 7532 7593 7531
f 7594 7531 7593
f 7539 7531 7594
f 7595 7532 7533
f 7595 7593 7532
f 7595 7533 7596
f 7535 7597 7533
f 7598 7533 7597
f 7596 7533 7598
f 7534 7537 7538
f 7599 7534 7538
f 7536 7534 7599
f 7535 7536 7600
f 7597 7535 7600
f 7536 7599 7601
f 7536 7601 7600
f 7599 7538 7578
f 7540 7539 7594
f 7541 7540 7602
f 7603 7540 7594
f 7603 7602 7540
f 7602 7542 7541
f 7557 7543 7542
f 7604 7557 7542
f 7605 7542 7602
f 7605 7604 7542
f 7544 7606 7550
f 7544 7607 7606
f 7544 7545 7608
f 7607 7544 7608
f 7609 7545 7556
f 7609 7610 7545
f 7545 7610 7608
f 7548 7611 7546
f 7546 7611 7612
f 7547 7546 7612
f 7552 7547 7612
f 7549 7611 7548
f 7613 7614 7549
f 7549 7614 7611
f 7613 7549 7551
f 7551 7550 7613
f 7615 7613 7550
f 7606 7615 7550
f 7552 7612 7554
f 7554 7612 7616
f 7617 7554 7616
f 7590 7554 7617
f 7555 7554 7590
f 7556 7558 7618
f 7618 7609 7556
f 7557 7604 7558
f 7604 7618 7558
f 7572 7559 7561
f 7560 7619 7562
f 7619 7560 7564
f 7561 7620 7572
f 7561 7562 7619
f 7561 7619 7621
f 7561 7622 7620
f 7561 7621 7622
f 7565 7623 7563
f 7564 7563 7624
f 7624 7563 7623
f 7564 7625 7619
f 7564 7626 7625
f 7564 7624 7626
f 7567 7627 7565
f 7624 7623 7565
f 7565 7626 7624
f 7626 7565 7627
f 7567 7568 7627
f 7568 7628 7627
f 7568 7629 7628
f 7629 7568 7588
f 7576 7570 7630
f 7630 7570 7571
f 7630 7571 7631
f 7632 7631 7571
f 7620 7632 7571
f 7571 7572 7620
f 7573 7575 7574
f 7575 7633 7574
f 7582 7574 7633
f 7576 7633 7575
f 7634 7633 7576
f 7634 7576 7630
f 7635 7578 7577
f 7577 7636 7635
f 7577 7579 7637
f 7636 7577 7637
f 7635 7601 7578
f 7601 7599 7578
f 7579 7580 7638
f 7637 7579 7638
f 7583 7580 7581
f 7638 7580 7583
f 7582 7633 7639
f 7582 7639 7640
f 7584 7582 7640
f 7583 7584 7641
f 7583 7642 7638
f 7641 7642 7583
f 7641 7584 7640
f 7629 7588 7586
f 7643 7629 7586
f 7586 7644 7643
f 7586 7587 7644
f 7645 7646 7587
f 7645 7587 7589
f 7587 7646 7644
f 7589 7591 7645
f 7590 7617 7647
f 7591 7590 7647
f 7647 7645 7591
f 7648 7593 7649
f 7648 7594 7593
f 7595 7649 7593
f 7648 7603 7594
f 7650 7595 7596
f 7650 7649 7595
f 7598 7651 7596
f 7652 7596 7651
f 7650 7596 7652
f 7653 7597 7600
f 7597 7653 7598
f 7598 7653 7654
f 7651 7598 7654
f 7601 7655 7600
f 7653 7600 7655
f 7601 7635 7656
f 7655 7601 7656
f 7657 7605 7602
f 7603 7658 7602
f 7602 7658 7657
f 7648 7658 7603
f 7604 7605 7657
f 7657 7659 7604
f 7660 7618 7604
f 7659 7660 7604
f 7607 7661 7606
f 7661 7615 7606
f 7610 7607 7608
f 7610 7661 7607
f 7662 7609 7663
f 7609 7618 7663
f 7610 7609 7662
f 7661 7610 7664
f 7665 7664 7610
f 7662 7666 7610
f 7610 7666 7665
f 7611 7614 7616
f 7612 7611 7616
f 7613 7667 7614
f 7615 7667 7613
f 7614 7668 7669
f 7614 7669 7670
f 7670 7671 7614
f 7667 7668 7614
f 7614 7671 7616
f 7667 7615 7672
f 7673 7672 7615
f 7674 7615 7661
f 7674 7673 7615
f 7616 7671 7617
f 7675 7617 7671
f 7617 7675 7647
f 7676 7663 7618
f 7676 7618 7660
f 7619 7625 7677
f 7619 7677 7621
f 7632 7620 7678
f 7678 7620 7622
f 7622 7621 7679
f 7679 7621 7680
f 7621 7681 7680
f 7621 7677 7681
f 7678 7622 7682
f 7682 7622 7683
f 7683 7622 7679
f 7626 7677 7625
f 7626 7681 7677
f 7684 7681 7626
f 7684 7626 7627
f 7685 7627 7628
f 7627 7685 7684
f 7685 7628 7686
f 7687 7628 7629
f 7628 7687 7686
f 7687 7629 7643
f 7634 7630 7631
f 7688 7631 7632
f 7634 7631 7688
f 7678 7689 7632
f 7690 7632 7689
f 7688 7632 7690
f 7639 7633 7634
f 7634 7688 7691
f 7639 7634 7691
f 7656 7635 7636
f 7692 7656 7636
f 7636 7637 7693
f 7692 7636 7693
f 7637 7638 7694
f 7693 7637 7695
f 7695 7637 7694
f 7642 7694 7638
f 7640 7639 7696
f 7696 7639 7691
f 7696 7697 7640
f 7641 7640 7698
f 7640 7697 7698
f 7699 7642 7641
f 7699 7641 7698
f 7642 7699 7700
f 7700 7694 7642
f 7646 7643 7644
f 7701 7702 7643
f 7701 7643 7646
f 7687 7643 7702
f 7703 7646 7645
f 7703 7645 7647
f 7646 7703 7701
f 7647 7675 7703
f 7648 7649 7704
f 7648 7704 7705
f 7648 7705 7658
f 7650 7704 7649
f 7650 7652 7706
f 7706 7707 7650
f 7708 7650 7707
f 7704 7650 7708
f 7709 7651 7654
f 7710 7651 7711
f 7651 7710 7652
f 7651 7709 7712
f 7711 7651 7712
f 7710 7713 7652
f 7713 7706 7652
f 7655 7654 7653
f 7654 7655 7714
f 7709 7654 7714
f 7714 7655 7656
f 7714 7656 7692
f 7715 7657 7658
f 7716 7659 7657
f 7715 7716 7657
f 7715 7658 7705
f 7717 7659 7716
f 7660 7659 7718
f 7718 7659 7717
f 7718 7676 7660
f 7719 7674 7661
f 7661 7664 7719
f 7720 7666 7662
f 7662 7663 7720
f 7676 7721 7663
f 7721 7720 7663
f 7719 7664 7674
f 7722 7664 7665
f 7722 7723 7664
f 7723 7674 7664
f 7666 7722 7665
f 7720 7722 7666
f 7724 7725 7667
f 7726 7724 7667
f 7725 7668 7667
f 7672 7726 7667
f 7725 7727 7668
f 7727 7669 7668
f 7669 7727 7728
f 7669 7728 7670
f 7675 7671 7670
f 7670 7728 7675
f 7729 7726 7672
f 7729 7672 7673
f 7673 7730 7729
f 7731 7730 7673
f 7731 7673 7674
f 7723 7731 7674
f 7703 7675 7728
f 7732 7721 7676
f 7733 7732 7676
f 7718 7733 7676
f 7689 7678 7734
f 7678 7735 7734
f 7735 7678 7682
f 7683 7679 7680
f 7684 7680 7681
f 7736 7683 7680
f 7680 7684 7736
f 7737 7738 7682
f 7683 7737 7682
f 7682 7738 7735
f 7683 7739 7737
f 7739 7683 7736
f 7736 7684 7685
f 7686 7736 7685
f 7740 7736 7686
f 7702 7686 7687
f 7741 7686 7702
f 7741 7740 7686
f 7742 7688 7690
f 7688 7743 7691
f 7743 7688 7742
f 7689 7734 7690
f 7742 7690 7734
f 7743 7744 7691
f 7691 7697 7696
f 7745 7691 7744
f 7745 7697 7691
f 7692 7746 7714
f 7692 7693 7747
f 7748 7692 7747
f 7746 7692 7748
f 7693 7695 7747
f 7700 7695 7694
f 7700 7749 7695
f 7750 7747 7695
f 7750 7695 7749
f 7745 7751 7697
f 7752 7698 7697
f 7752 7697 7753
f 7753 7697 7751
f 7699 7698 7752
f 7700 7699 7754
f 7754 7699 7752
f 7755 7700 7754
f 7749 7700 7755
f 7702 7701 7741
f 7703 7741 7701
f 7741 7703 7728
f 7756 7704 7708
f 7757 7704 7756
f 7704 7757 7705
f 7705 7757 7758
f 7705 7758 7715
f 7759 7707 7706
f 7759 7706 7713
f 7760 7707 7759
f 7708 7707 7760
f 7756 7708 7760
f 7712 7709 7714
f 7710 7711 7712
f 7710 7712 7761
f 7710 7761 7713
f 7712 7714 7762
f 7712 7762 7761
f 7763 7713 7761
f 7713 7763 7759
f 7746 7762 7714
f 7758 7764 7715
f 7765 7716 7715
f 7766 7715 7764
f 7715 7766 7767
f 7765 7715 7767
f 7716 7765 7717
f 7767 7717 7765
f 7768 7717 7767
f 7717 7768 7769
f 7718 7717 7769
f 7718 7770 7733
f 7769 7770 7718
f 7771 7722 7720
f 7721 7771 7720
f 7772 7771 7721
f 7732 7772 7721
f 7722 7773 7723
f 7771 7773 7722
f 7773 7731 7723
f 7774 7724 7775
f 7724 7774 7725
f 7776 7775 7724
f 7726 7776 7724
f 7774 7777 7725
f 7725 7777 7778
f 7725 7778 7727
f 7726 7779 7776
f 7726 7729 7779
f 7727 7778 7728
f 7739 7728 7778
f 7728 7739 7740
f 7741 7728 7740
f 7780 7779 7729
f 7780 7729 7730
f 7781 7780 7730
f 7782 7730 7773
f 7782 7781 7730
f 7773 7730 7731
f 7732 7783 7772
f 7732 7784 7783
f 7733 7784 7732
f 7785 7733 7770
f 7786 7784 7733
f 7787 7786 7733
f 7788 7787 7733
f 7733 7785 7788
f 7775 7742 7734
f 7775 7734 7774
f 7735 7738 7734
f 7774 7734 7738
f 7736 7740 7739
f 7737 7777 7738
f 7739 7777 7737
f 7774 7738 7777
f 7739 7778 7777
f 7775 7743 7742
f 7744 7743 7789
f 7789 7743 7775
f 7744 7790 7745
f 7790 7744 7789
f 7745 7790 7776
f 7791 7745 7776
f 7751 7745 7791
f 7746 7792 7762
f 7792 7746 7748
f 7748 7747 7793
f 7747 7750 7793
f 7748 7793 7794
f 7748 7794 7795
f 7748 7796 7792
f 7795 7796 7748
f 7797 7750 7749
f 7797 7749 7755
f 7798 7793 7750
f 7798 7750 7799
f 7800 7799 7750
f 7800 7750 7797
f 7753 7751 7801
f 7802 7751 7791
f 7801 7751 7802
f 7803 7752 7753
f 7803 7754 7752
f 7753 7804 7803
f 7804 7753 7801
f 7803 7805 7754
f 7755 7754 7805
f 7806 7755 7805
f 7806 7797 7755
f 7756 7760 7807
f 7757 7756 7807
f 7758 7757 7807
f 7758 7807 7764
f 7759 7763 7808
f 7808 7809 7759
f 7759 7809 7807
f 7807 7760 7759
f 7762 7810 7761
f 7763 7761 7810
f 7792 7810 7762
f 7808 7763 7810
f 7811 7764 7807
f 7768 7764 7811
f 7764 7768 7766
f 7768 7767 7766
f 7812 7768 7811
f 7769 7768 7812
f 7769 7812 7770
f 7813 7785 7770
f 7813 7770 7812
f 7782 7773 7771
f 7771 7772 7782
f 7782 7772 7783
f 7790 7789 7775
f 7776 7790 7775
f 7802 7791 7776
f 7802 7776 7779
f 7802 7779 7814
f 7780 7814 7779
f 7815 7814 7780
f 7815 7780 7816
f 7816 7780 7781
f 7816 7781 7817
f 7781 7783 7817
f 7783 7781 7782
f 7783 7818 7817
f 7818 7783 7784
f 7786 7818 7784
f 7787 7785 7813
f 7785 7787 7788
f 7819 7818 7786
f 7786 7820 7819
f 7820 7786 7787
f 7821 7820 7787
f 7813 7821 7787
f 7810 7792 7796
f 7822 7794 7793
f 7798 7822 7793
f 7794 7823 7795
f 7823 7794 7822
f 7795 7823 7796
f 7823 7824 7796
f 7824 7810 7796
f 7825 7797 7806
f 7800 7797 7826
f 7826 7797 7825
f 7799 7827 7798
f 7798 7823 7822
f 7828 7823 7798
f 7828 7798 7827
f 7827 7799 7800
f 7827 7800 7826
f 7804 7801 7802
f 7802 7814 7804
f 7829 7803 7830
f 7803 7804 7830
f 7831 7803 7829
f 7803 7831 7805
f 7804 7814 7830
f 7832 7806 7805
f 7832 7805 7831
f 7806 7832 7833
f 7806 7833 7834
f 7834 7825 7806
f 7807 7809 7835
f 7811 7807 7835
f 7836 7809 7808
f 7808 7810 7824
f 7808 7824 7837
f 7836 7808 7837
f 7836 7835 7809
f 7835 7838 7811
f 7812 7811 7838
f 7812 7838 7839
f 7812 7839 7813
f 7839 7840 7813
f 7813 7840 7821
f 7830 7814 7829
f 7841 7829 7814
f 7814 7842 7841
f 7842 7814 7815
f 7843 7842 7815
f 7843 7815 7817
f 7817 7815 7816
f 7819 7817 7818
f 7844 7843 7817
f 7819 7844 7817
f 7820 7845 7819
f 7844 7819 7846
f 7846 7819 7845
f 7845 7820 7840
f 7821 7840 7820
f 7823 7828 7824
f 7824 7828 7837
f 7847 7826 7825
f 7847 7825 7834
f 7827 7826 7848
f 7847 7848 7826
f 7848 7828 7827
f 7828 7849 7837
f 7828 7848 7849
f 7831 7829 7841
f 7831 7841 7842
f 7831 7850 7832
f 7842 7850 7831
f 7851 7832 7850
f 7833 7832 7852
f 7852 7832 7851
f 7853 7834 7833
f 7854 7833 7852
f 7853 7833 7855
f 7855 7833 7854
f 7848 7847 7834
f 7848 7834 7856
f 7853 7856 7834
f 7835 7836 7838
f 7857 7836 7837
f 7857 7838 7836
f 7849 7857 7837
f 7858 7838 7857
f 7839 7838 7858
f 7858 7859 7839
f 7859 7840 7839
f 7840 7859 7860
f 7840 7860 7845
f 7842 7851 7850
f 7851 7842 7843
f 7843 7861 7851
f 7861 7843 7844
f 7862 7863 7844
f 7863 7861 7844
f 7846 7862 7844
f 7846 7845 7860
f 7860 7862 7846
f 7849 7848 7864
f 7864 7848 7856
f 7857 7849 7864
f 7851 7861 7852
f 7861 7854 7852
f 7855 7856 7853
f 7865 7854 7861
f 7855 7854 7865
f 7856 7855 7864
f 7855 7865 7864
f 7857 7864 7858
f 7864 7866 7858
f 7859 7858 7866
f 7862 7859 7866
f 7859 7862 7860
f 7861 7863 7865
f 7863 7862 7866
f 7863 7866 7865
f 7865 7866 7864

