# https://github.com/mikedh/trimesh

o sphere3.stl
v 0.65367371 -0.02160261 9.97858906
v -0.00000000 0.00002187 10.00000000
v 0.65081537 -0.06475701 9.97858906
v 0.64511114 -0.10762814 9.97858906
v 0.63658607 -0.15002856 9.97858906
v 0.62527734 -0.19177283 9.97858906
v 0.61123443 -0.23267844 9.97858906
v 0.59451872 -0.27256653 9.97858906
v 0.57520336 -0.31126264 9.97858906
v 0.55337280 -0.34859756 9.97858906
v 0.52912241 -0.38440809 9.97858906
v 0.50255835 -0.41853759 9.97858906
v 0.47379676 -0.45083684 9.97858906
v 0.44296333 -0.48116460 9.97858906
v 0.41019297 -0.50938827 9.97858906
v 0.37562892 -0.53538436 9.97858906
v 0.33942235 -0.55903929 9.97858906
v 0.30173156 -0.58024961 9.97858906
v 0.26272139 -0.59892255 9.97858906
v 0.22256239 -0.61497647 9.97858906
v 0.18143018 -0.62834108 9.97858906
v 0.13950463 -0.63895810 9.97858906
v 0.09696907 -0.64678097 9.97858906
v 0.05400947 -0.65177560 9.97858906
v 0.01081372 -0.65391999 9.97858906
v -0.03242933 -0.65320498 9.97858906
v -0.07553057 -0.64963347 9.97858906
v -0.11830153 -0.64322126 9.97858906
v -0.16055518 -0.63399625 9.97858906
v -0.20210679 -0.62199885 9.97858906
v -0.24277462 -0.60728151 9.97858906
v -0.28238085 -0.58990860 9.97858906
v -0.32075232 -0.56995612 9.97858906
v -0.35772121 -0.54751122 9.97858906
v -0.39312589 -0.52267212 9.97858906
v -0.42681152 -0.49554738 9.97858906
v -0.45863080 -0.46625564 9.97858906
v -0.48844463 -0.43492502 9.97858906
v -0.51612258 -0.40169248 9.97858906
v -0.54154366 -0.36670333 9.97858906
v -0.56459677 -0.33011058 9.97858906
v -0.58518100 -0.29207426 9.97858906
v -0.60320634 -0.25276068 9.97858906
v -0.61859405 -0.21234176 9.97858906
v -0.63127685 -0.17099419 9.97858906
v -0.64119917 -0.12889884 9.97858906
v -0.64831769 -0.08623974 9.97858906
v -0.65260136 -0.04320344 9.97858906
v -0.65403128 0.00002187 9.97858906
v -0.65260136 -0.04320344 -9.97858906
v -0.00000000 0.00002187 -10.00000000
v -0.64831769 -0.08623974 -9.97858906
v -0.64119917 -0.12889884 -9.97858906
v -0.63127685 -0.17099419 -9.97858906
v -0.61859405 -0.21234176 -9.97858906
v -0.60320634 -0.25276068 -9.97858906
v -0.58518100 -0.29207426 -9.97858906
v -0.56459677 -0.33011058 -9.97858906
v -0.54154366 -0.36670333 -9.97858906
v -0.51612258 -0.40169248 -9.97858906
v -0.48844463 -0.43492502 -9.97858906
v -0.45863080 -0.46625564 -9.97858906
v -0.42681152 -0.49554738 -9.97858906
v -0.39312589 -0.52267212 -9.97858906
v -0.35772121 -0.54751122 -9.97858906
v -0.32075232 -0.56995612 -9.97858906
v -0.28238085 -0.58990860 -9.97858906
v -0.24277462 -0.60728151 -9.97858906
v -0.20210679 -0.62199885 -9.97858906
v -0.16055518 -0.63399625 -9.97858906
v -0.11830153 -0.64322126 -9.97858906
v -0.07553057 -0.64963347 -9.97858906
v -0.03242933 -0.65320498 -9.97858906
v 0.01081372 -0.65391999 -9.97858906
v 0.05400947 -0.65177560 -9.97858906
v 0.09696907 -0.64678097 -9.97858906
v 0.13950463 -0.63895810 -9.97858906
v 0.18143018 -0.62834108 -9.97858906
v 0.22256239 -0.61497647 -9.97858906
v 0.26272139 -0.59892255 -9.97858906
v 0.30173156 -0.58024961 -9.97858906
v 0.33942235 -0.55903929 -9.97858906
v 0.37562892 -0.53538436 -9.97858906
v 0.41019297 -0.50938827 -9.97858906
v 0.44296333 -0.48116460 -9.97858906
v 0.47379676 -0.45083684 -9.97858906
v 0.50255835 -0.41853759 -9.97858906
v 0.52912241 -0.38440809 -9.97858906
v 0.55337280 -0.34859756 -9.97858906
v 0.57520336 -0.31126264 -9.97858906
v 0.59451872 -0.27256653 -9.97858906
v 0.61123443 -0.23267844 -9.97858906
v 0.62527734 -0.19177283 -9.97858906
v 0.63658607 -0.15002856 -9.97858906
v 0.64511114 -0.10762814 -9.97858906
v 0.65081537 -0.06475701 -9.97858906
v 0.65367371 -0.02160261 -9.97858906
v 0.65403128 0.00002187 -9.97858906
v 0.65367371 0.02164634 -9.97858906
v 0.65081537 0.06480074 -9.97858906
v 0.64511114 0.10767188 -9.97858906
v 0.63658607 0.15007229 -9.97858906
v 0.62527734 0.19181657 -9.97858906
v 0.61123443 0.23272218 -9.97858906
v 0.59451872 0.27261025 -9.97858906
v 0.57520336 0.31130636 -9.97858906
v 0.55337280 0.34864131 -9.97858906
v 0.52912241 0.38445181 -9.97858906
v 0.50255835 0.41858131 -9.97858906
v 0.47379676 0.45088056 -9.97858906
v 0.44296333 0.48120832 -9.97858906
v 0.41019297 0.50943196 -9.97858906
v 0.37562892 0.53542811 -9.97858906
v 0.33942235 0.55908304 -9.97858906
v 0.30173156 0.58029336 -9.97858906
v 0.26272139 0.59896630 -9.97858906
v 0.22256239 0.61502016 -9.97858906
v 0.18143018 0.62838483 -9.97858906
v 0.13950463 0.63900185 -9.97858906
v 0.09696907 0.64682472 -9.97858906
v 0.05400947 0.65181929 -9.97858906
v 0.01081372 0.65396374 -9.97858906
v -0.03242933 0.65324867 -9.97858906
v -0.07553057 0.64967722 -9.97858906
v -0.11830153 0.64326495 -9.97858906
v -0.16055518 0.63404000 -9.97858906
v -0.20210679 0.62204260 -9.97858906
v -0.24277462 0.60732526 -9.97858906
v -0.28238085 0.58995235 -9.97858906
v -0.32075232 0.56999981 -9.97858906
v -0.35772121 0.54755491 -9.97858906
v -0.39312589 0.52271581 -9.97858906
v -0.42681152 0.49559110 -9.97858906
v -0.45863080 0.46629938 -9.97858906
v -0.48844463 0.43496874 -9.97858906
v -0.51612258 0.40173620 -9.97858906
v -0.54154366 0.36674705 -9.97858906
v -0.56459677 0.33015433 -9.97858906
v -0.58518100 0.29211801 -9.97858906
v -0.60320634 0.25280443 -9.97858906
v -0.61859405 0.21238548 -9.97858906
v -0.63127685 0.17103793 -9.97858906
v -0.64119917 0.12894256 -9.97858906
v -0.64831769 0.08628348 -9.97858906
v -0.65260136 0.04324717 -9.97858906
v -0.65403128 0.00002187 -9.97858906
v -0.65260136 0.04324717 9.97858906
v -0.64831769 0.08628348 9.97858906
v -0.64119917 0.12894256 9.97858906
v -0.63127685 0.17103793 9.97858906
v -0.61859405 0.21238548 9.97858906
v -0.60320634 0.25280443 9.97858906
v -0.58518100 0.29211801 9.97858906
v -0.56459677 0.33015433 9.97858906
v -0.54154366 0.36674705 9.97858906
v -0.51612258 0.40173620 9.97858906
v -0.48844463 0.43496874 9.97858906
v -0.45863080 0.46629938 9.97858906
v -0.42681152 0.49559110 9.97858906
v -0.39312589 0.52271581 9.97858906
v -0.35772121 0.54755491 9.97858906
v -0.32075232 0.56999981 9.97858906
v -0.28238085 0.58995235 9.97858906
v -0.24277462 0.60732526 9.97858906
v -0.20210679 0.62204260 9.97858906
v -0.16055518 0.63404000 9.97858906
v -0.11830153 0.64326495 9.97858906
v -0.07553057 0.64967722 9.97858906
v -0.03242933 0.65324867 9.97858906
v 0.01081372 0.65396374 9.97858906
v 0.05400947 0.65181929 9.97858906
v 0.09696907 0.64682472 9.97858906
v 0.13950463 0.63900185 9.97858906
v 0.18143018 0.62838483 9.97858906
v 0.22256239 0.61502016 9.97858906
v 0.26272139 0.59896630 9.97858906
v 0.30173156 0.58029336 9.97858906
v 0.33942235 0.55908304 9.97858906
v 0.37562892 0.53542811 9.97858906
v 0.41019297 0.50943196 9.97858906
v 0.44296333 0.48120832 9.97858906
v 0.47379676 0.45088056 9.97858906
v 0.50255835 0.41858131 9.97858906
v 0.52912241 0.38445181 9.97858906
v 0.55337280 0.34864131 9.97858906
v 0.57520336 0.31130636 9.97858906
v 0.59451872 0.27261025 9.97858906
v 0.61123443 0.23272218 9.97858906
v 0.62527734 0.19181657 9.97858906
v 0.63658607 0.15007229 9.97858906
v 0.64511114 0.10767188 9.97858906
v 0.65081537 0.06480074 9.97858906
v 0.65367371 0.02164634 9.97858906
v 0.65403128 0.00002187 9.97858906
v 1.30526197 0.00002187 -9.91444874
v 1.30454826 -0.04313449 -9.91444874
v 1.29884386 -0.12925850 -9.91444874
v 1.28745985 -0.21481718 -9.91444874
v 1.27044618 -0.29943645 -9.91444874
v 1.24787712 -0.38274625 -9.91444874
v 1.21985137 -0.46438229 -9.91444874
v 1.18649161 -0.54398763 -9.91444874
v 1.14794362 -0.62121415 -9.91444874
v 1.10437596 -0.69572413 -9.91444874
v 1.05597913 -0.76719183 -9.91444874
v 1.00296474 -0.83530468 -9.91444874
v 0.94556463 -0.89976490 -9.91444874
v 0.88402987 -0.96029055 -9.91444874
v 0.81862944 -1.01661694 -9.91444874
v 0.74964935 -1.06849790 -9.91444874
v 0.67739123 -1.11570656 -9.91444874
v 0.60217106 -1.15803635 -9.91444874
v 0.52431774 -1.19530213 -9.91444874
v 0.44417173 -1.22734118 -9.91444874
v 0.36208346 -1.25401330 -9.91444874
v 0.27841190 -1.27520180 -9.91444874
v 0.19352290 -1.29081416 -9.91444874
v 0.10778768 -1.30078197 -9.91444874
v 0.02158113 -1.30506158 -9.91444874
v -0.06471979 -1.30363452 -9.91444874
v -0.15073770 -1.29650688 -9.91444874
v -0.23609647 -1.28370988 -9.91444874
v -0.32042286 -1.26529944 -9.91444874
v -0.40334812 -1.24135602 -9.91444874
v -0.48450965 -1.21198440 -9.91444874
v -0.56355250 -1.17731297 -9.91444874
v -0.64013112 -1.13749337 -9.91444874
v -0.71391058 -1.09269965 -9.91444874
v -0.78456831 -1.04312778 -9.91444874
v -0.85179532 -0.98899448 -9.91444874
v -0.91529769 -0.93053651 -9.91444874
v -0.97479767 -0.86800939 -9.91444874
v -1.03003502 -0.80168658 -9.91444874
v -1.08076835 -0.73185813 -9.91444874
v -1.12677586 -0.65882939 -9.91444874
v -1.16785610 -0.58291960 -9.91444874
v -1.20382965 -0.50446081 -9.91444874
v -1.23453927 -0.42379600 -9.91444874
v -1.25985038 -0.34127796 -9.91444874
v -1.27965260 -0.25726748 -9.91444874
v -1.29385924 -0.17213197 -9.91444874
v -1.30240810 -0.08624366 -9.91444874
v -1.30526197 0.00002187 -9.91444874
v -1.30240810 0.08628739 -9.91444874
v -1.29385924 0.17217569 -9.91444874
v -1.27965260 0.25731122 -9.91444874
v -1.25985038 0.34132168 -9.91444874
v -1.23453927 0.42383972 -9.91444874
v -1.20382965 0.50450450 -9.91444874
v -1.16785610 0.58296335 -9.91444874
v -1.12677586 0.65887308 -9.91444874
v -1.08076835 0.73190188 -9.91444874
v -1.03003502 0.80173033 -9.91444874
v -0.97479767 0.86805314 -9.91444874
v -0.91529769 0.93058020 -9.91444874
v -0.85179532 0.98903823 -9.91444874
v -0.78456831 1.04317153 -9.91444874
v -0.71391058 1.09274340 -9.91444874
v -0.64013112 1.13753712 -9.91444874
v -0.56355250 1.17735672 -9.91444874
v -0.48450965 1.21202815 -9.91444874
v -0.40334812 1.24139977 -9.91444874
v -0.32042286 1.26534307 -9.91444874
v -0.23609647 1.28375363 -9.91444874
v -0.15073770 1.29655063 -9.91444874
v -0.06471979 1.30367827 -9.91444874
v 0.02158113 1.30510533 -9.91444874
v 0.10778768 1.30082572 -9.91444874
v 0.19352290 1.29085791 -9.91444874
v 0.27841190 1.27524555 -9.91444874
v 0.36208346 1.25405705 -9.91444874
v 0.44417173 1.22738492 -9.91444874
v 0.52431774 1.19534588 -9.91444874
v 0.60217106 1.15807998 -9.91444874
v 0.67739123 1.11575019 -9.91444874
v 0.74964935 1.06854165 -9.91444874
v 0.81862944 1.01666069 -9.91444874
v 0.88402987 0.96033424 -9.91444874
v 0.94556463 0.89980865 -9.91444874
v 1.00296474 0.83534843 -9.91444874
v 1.05597913 0.76723558 -9.91444874
v 1.10437596 0.69576788 -9.91444874
v 1.14794362 0.62125790 -9.91444874
v 1.18649161 0.54403138 -9.91444874
v 1.21985137 0.46442601 -9.91444874
v 1.24787712 0.38278997 -9.91444874
v 1.27044618 0.29948017 -9.91444874
v 1.28745985 0.21486092 -9.91444874
v 1.29884386 0.12930222 -9.91444874
v 1.30454826 0.04317822 -9.91444874
v 1.95090318 0.00002187 -9.80785275
v 1.94983661 -0.06448157 -9.80785275
v 1.94131041 -0.19320638 -9.80785275
v 1.92429543 -0.32108626 -9.80785275
v 1.89886594 -0.44756201 -9.80785275
v 1.86513329 -0.57208055 -9.80785275
v 1.82324481 -0.69409752 -9.80785275
v 1.77338374 -0.81307924 -9.80785275
v 1.71576822 -0.92850542 -9.80785275
v 1.65064991 -1.03987145 -9.80785275
v 1.57831383 -1.14669025 -9.80785275
v 1.49907625 -1.24849486 -9.80785275
v 1.41328347 -1.34483993 -9.80785275
v 1.32131076 -1.43530428 -9.80785275
v 1.22356033 -1.51949227 -9.80785275
v 1.12045968 -1.59703588 -9.80785275
v 1.01245940 -1.66759598 -9.80785275
v 0.90003198 -1.73086405 -9.80785275
v 0.78366888 -1.78656328 -9.80785275
v 0.66387904 -1.83445024 -9.80785275
v 0.54118621 -1.87431562 -9.80785275
v 0.41612694 -1.90598488 -9.80785275
v 0.28924802 -1.92931974 -9.80785275
v 0.16110431 -1.94421804 -9.80785275
v 0.03225613 -1.95061469 -9.80785275
v -0.09673311 -1.94848168 -9.80785275
v -0.22529934 -1.93782842 -9.80785275
v -0.35288042 -1.91870141 -9.80785275
v -0.47891843 -1.89118421 -9.80785275
v -0.60286224 -1.85539734 -9.80785275
v -0.72416991 -1.81149721 -9.80785275
v -0.84231097 -1.75967574 -9.80785275
v -0.95676881 -1.70015955 -9.80785275
v -1.06704295 -1.63320887 -9.80785275
v -1.17265117 -1.55911660 -9.80785275
v -1.27313161 -1.47820652 -9.80785275
v -1.36804509 -1.39083254 -9.80785275
v -1.45697641 -1.29737675 -9.80785275
v -1.53953671 -1.19824767 -9.80785275
v -1.61536515 -1.09387898 -9.80785275
v -1.68412983 -0.98472685 -9.80785275
v -1.74553037 -0.87126869 -9.80785275
v -1.79929805 -0.75400060 -9.80785275
v -1.84519792 -0.63343537 -9.80785275
v -1.88302922 -0.51010019 -9.80785275
v -1.91262639 -0.38453439 -9.80785275
v -1.93386030 -0.25728700 -9.80785275
v -1.94663787 -0.12891448 -9.80785275
v -1.95090318 0.00002187 -9.80785275
v -1.94663787 0.12895820 -9.80785275
v -1.93386030 0.25733072 -9.80785275
v -1.91262639 0.38457811 -9.80785275
v -1.88302922 0.51014394 -9.80785275
v -1.84519792 0.63347912 -9.80785275
v -1.79929805 0.75404435 -9.80785275
v -1.74553037 0.87131244 -9.80785275
v -1.68412983 0.98477060 -9.80785275
v -1.61536515 1.09392273 -9.80785275
v -1.53953671 1.19829142 -9.80785275
v -1.45697641 1.29742050 -9.80785275
v -1.36804509 1.39087629 -9.80785275
v -1.27313161 1.47825027 -9.80785275
v -1.17265117 1.55916035 -9.80785275
v -1.06704295 1.63325262 -9.80785275
v -0.95676881 1.70020330 -9.80785275
v -0.84231097 1.75971949 -9.80785275
v -0.72416991 1.81154096 -9.80785275
v -0.60286224 1.85544109 -9.80785275
v -0.47891843 1.89122796 -9.80785275
v -0.35288042 1.91874504 -9.80785275
v -0.22529934 1.93787205 -9.80785275
v -0.09673311 1.94852543 -9.80785275
v 0.03225613 1.95065844 -9.80785275
v 0.16110431 1.94426179 -9.80785275
v 0.28924802 1.92936349 -9.80785275
v 0.41612694 1.90602863 -9.80785275
v 0.54118621 1.87435925 -9.80785275
v 0.66387904 1.83449399 -9.80785275
v 0.78366888 1.78660703 -9.80785275
v 0.90003198 1.73090768 -9.80785275
v 1.01245940 1.66763973 -9.80785275
v 1.12045968 1.59707963 -9.80785275
v 1.22356033 1.51953602 -9.80785275
v 1.32131076 1.43534803 -9.80785275
v 1.41328347 1.34488368 -9.80785275
v 1.49907625 1.24853849 -9.80785275
v 1.57831383 1.14673400 -9.80785275
v 1.65064991 1.03991520 -9.80785275
v 1.71576822 0.92854917 -9.80785275
v 1.77338374 0.81312293 -9.80785275
v 1.82324481 0.69414121 -9.80785275
v 1.86513329 0.57212430 -9.80785275
v 1.89886594 0.44760573 -9.80785275
v 1.92429543 0.32112998 -9.80785275
v 1.94131041 0.19325010 -9.80785275
v 1.94983661 0.06452530 -9.80785275
v 2.58819056 0.00002187 -9.65925789
v 2.58677530 -0.08555243 -9.65925789
v 2.57546401 -0.25632682 -9.65925789
v 2.55289102 -0.42598027 -9.65925789
v 2.51915455 -0.59377092 -9.65925789
v 2.47440267 -0.75896508 -9.65925789
v 2.41883087 -0.92084038 -9.65925789
v 2.35268211 -1.07868898 -9.65925789
v 2.27624559 -1.23182058 -9.65925789
v 2.18985558 -1.37956572 -9.65925789
v 2.09388995 -1.52127826 -9.65925789
v 1.98876846 -1.65633857 -9.65925789
v 1.87495041 -1.78415608 -9.65925789
v 1.75293374 -1.90417171 -9.65925789
v 1.62325191 -2.01586080 -9.65925789
v 1.48647201 -2.11873507 -9.65925789
v 1.34319210 -2.21234441 -9.65925789
v 1.19403875 -2.29627967 -9.65925789
v 1.03966427 -2.37017393 -9.65925789
v 0.88074356 -2.43370390 -9.65925789
v 0.71797156 -2.48659158 -9.65925789
v 0.55206007 -2.52860618 -9.65925789
v 0.38373455 -2.55956364 -9.65925789
v 0.21373108 -2.57932854 -9.65925789
v 0.04279300 -2.58781481 -9.65925789
v -0.12833220 -2.58498502 -9.65925789
v -0.29889622 -2.57085180 -9.65925789
v -0.46815327 -2.54547668 -9.65925789
v -0.63536322 -2.50897074 -9.65925789
v -0.79979485 -2.46149349 -9.65925789
v -0.96072918 -2.40325284 -9.65925789
v -1.11746252 -2.33450317 -9.65925789
v -1.26930940 -2.25554538 -9.65925789
v -1.41560602 -2.16672444 -9.65925789
v -1.55571246 -2.06842899 -9.65925789
v -1.68901622 -1.96108854 -9.65925789
v -1.81493437 -1.84517276 -9.65925789
v -1.93291616 -1.72118843 -9.65925789
v -2.04244590 -1.58967757 -9.65925789
v -2.14304447 -1.45121551 -9.65925789
v -2.23427224 -1.30640745 -9.65925789
v -2.31572986 -1.15588677 -9.65925789
v -2.38706160 -1.00031161 -9.65925789
v -2.44795513 -0.84036219 -9.65925789
v -2.49814439 -0.67673802 -9.65925789
v -2.53741002 -0.51015455 -9.65925789
v -2.56558013 -0.34134018 -9.65925789
v -2.58253169 -0.17103316 -9.65925789
v -2.58819056 0.00002187 -9.65925789
v -2.58253169 0.17107688 -9.65925789
v -2.56558013 0.34138393 -9.65925789
v -2.53741002 0.51019830 -9.65925789
v -2.49814439 0.67678177 -9.65925789
v -2.44795513 0.84040594 -9.65925789
v -2.38706160 1.00035536 -9.65925789
v -2.31572986 1.15593052 -9.65925789
v -2.23427224 1.30645120 -9.65925789
v -2.14304447 1.45125926 -9.65925789
v -2.04244590 1.58972132 -9.65925789
v -1.93291616 1.72123206 -9.65925789
v -1.81493437 1.84521651 -9.65925789
v -1.68901622 1.96113229 -9.65925789
v -1.55571246 2.06847262 -9.65925789
v -1.41560602 2.16676807 -9.65925789
v -1.26930940 2.25558901 -9.65925789
v -1.11746252 2.33454704 -9.65925789
v -0.96072918 2.40329647 -9.65925789
v -0.79979485 2.46153736 -9.65925789
v -0.63536322 2.50901437 -9.65925789
v -0.46815327 2.54552031 -9.65925789
v -0.29889622 2.57089543 -9.65925789
v -0.12833220 2.58502865 -9.65925789
v 0.04279300 2.58785844 -9.65925789
v 0.21373108 2.57937241 -9.65925789
v 0.38373455 2.55960727 -9.65925789
v 0.55206007 2.52864981 -9.65925789
v 0.71797156 2.48663545 -9.65925789
v 0.88074356 2.43374753 -9.65925789
v 1.03966427 2.37021756 -9.65925789
v 1.19403875 2.29632354 -9.65925789
v 1.34319210 2.21238828 -9.65925789
v 1.48647201 2.11877871 -9.65925789
v 1.62325191 2.01590466 -9.65925789
v 1.75293374 1.90421546 -9.65925789
v 1.87495041 1.78419983 -9.65925789
v 1.98876846 1.65638232 -9.65925789
v 2.09388995 1.52132201 -9.65925789
v 2.18985558 1.37960947 -9.65925789
v 2.27624559 1.23186433 -9.65925789
v 2.35268211 1.07873273 -9.65925789
v 2.41883087 0.92088407 -9.65925789
v 2.47440267 0.75900882 -9.65925789
v 2.51915455 0.59381467 -9.65925789
v 2.55289102 0.42602402 -9.65925789
v 2.57546401 0.25637057 -9.65925789
v 2.58677530 0.08559616 -9.65925789
v 3.21439457 0.00002187 -9.46930122
v 3.21263719 -0.10625685 -9.46930122
v 3.19858909 -0.31834957 -9.46930122
v 3.17055440 -0.52905011 -9.46930122
v 3.12865591 -0.73743713 -9.46930122
v 3.07307625 -0.94259948 -9.46930122
v 3.00405908 -1.14363992 -9.46930122
v 2.92190576 -1.33967948 -9.46930122
v 2.82697582 -1.52986085 -9.46930122
v 2.71968412 -1.71335244 -9.46930122
v 2.60049987 -1.88935196 -9.46930122
v 2.46994448 -2.05708957 -9.46930122
v 2.32858849 -2.21583200 -9.46930122
v 2.17705035 -2.36488509 -9.46930122
v 2.01599240 -2.50359702 -9.46930122
v 1.84611893 -2.63136125 -9.46930122
v 1.66817307 -2.74761915 -9.46930122
v 1.48293257 -2.85186243 -9.46930122
v 1.29120767 -2.94363499 -9.46930122
v 1.09383655 -3.02253580 -9.46930122
v 0.89168245 -3.08821964 -9.46930122
v 0.68562919 -3.14039946 -9.46930122
v 0.47657788 -3.17884684 -9.46930122
v 0.26544261 -3.20339394 -9.46930122
v 0.05314662 -3.21393347 -9.46930122
v -0.15938176 -3.21041894 -9.46930122
v -0.37121320 -3.19286609 -9.46930122
v -0.58142143 -3.16135168 -9.46930122
v -0.78908724 -3.11601305 -9.46930122
v -0.99330258 -3.05704904 -9.46930122
v -1.19317448 -2.98471737 -9.46930122
v -1.38782883 -2.89933395 -9.46930122
v -1.57641470 -2.80127239 -9.46930122
v -1.75810719 -2.69096160 -9.46930122
v -1.93211198 -2.56888366 -9.46930122
v -2.09766817 -2.43557286 -9.46930122
v -2.25405169 -2.29161143 -9.46930122
v -2.40057898 -2.13762951 -9.46930122
v -2.53660893 -1.97430015 -9.46930122
v -2.66154718 -1.80233765 -9.46930122
v -2.77484703 -1.62249374 -9.46930122
v -2.87601328 -1.43555510 -9.46930122
v -2.96460319 -1.24233902 -9.46930122
v -3.04022980 -1.04369032 -9.46930122
v -3.10256243 -0.84047788 -9.46930122
v -3.15132809 -0.63359004 -9.46930122
v -3.18631387 -0.42393163 -9.46930122
v -3.20736670 -0.21241936 -9.46930122
v -3.21439457 0.00002187 -9.46930122
v -3.20736670 0.21246308 -9.46930122
v -3.18631387 0.42397535 -9.46930122
v -3.15132809 0.63363379 -9.46930122
v -3.10256243 0.84052157 -9.46930122
v -3.04022980 1.04373407 -9.46930122
v -2.96460319 1.24238276 -9.46930122
v -2.87601328 1.43559885 -9.46930122
v -2.77484703 1.62253749 -9.46930122
v -2.66154718 1.80238140 -9.46930122
v -2.53660893 1.97434390 -9.46930122
v -2.40057898 2.13767338 -9.46930122
v -2.25405169 2.29165530 -9.46930122
v -2.09766817 2.43561649 -9.46930122
v -1.93211198 2.56892753 -9.46930122
v -1.75810719 2.69100523 -9.46930122
v -1.57641470 2.80131626 -9.46930122
v -1.38782883 2.89937758 -9.46930122
v -1.19317448 2.98476100 -9.46930122
v -0.99330258 3.05709291 -9.46930122
v -0.78908724 3.11605692 -9.46930122
v -0.58142143 3.16139531 -9.46930122
v -0.37121320 3.19290996 -9.46930122
v -0.15938176 3.21046281 -9.46930122
v 0.05314662 3.21397710 -9.46930122
v 0.26544261 3.20343781 -9.46930122
v 0.47657788 3.17889071 -9.46930122
v 0.68562919 3.14044309 -9.46930122
v 0.89168245 3.08826327 -9.46930122
v 1.09383655 3.02257943 -9.46930122
v 1.29120767 2.94367886 -9.46930122
v 1.48293257 2.85190606 -9.46930122
v 1.66817307 2.74766302 -9.46930122
v 1.84611893 2.63140512 -9.46930122
v 2.01599240 2.50364089 -9.46930122
v 2.17705035 2.36492896 -9.46930122
v 2.32858849 2.21587586 -9.46930122
v 2.46994448 2.05713344 -9.46930122
v 2.60049987 1.88939559 -9.46930122
v 2.71968412 1.71339619 -9.46930122
v 2.82697582 1.52990460 -9.46930122
v 2.92190576 1.33972323 -9.46930122
v 3.00405908 1.14368367 -9.46930122
v 3.07307625 0.94264323 -9.46930122
v 3.12865591 0.73748088 -9.46930122
v 3.17055440 0.52909386 -9.46930122
v 3.19858909 0.31839329 -9.46930122
v 3.21263719 0.10630058 -9.46930122
v 3.82683444 0.00002187 -9.23879528
v 3.82474208 -0.12650616 -9.23879528
v 3.80801749 -0.37900898 -9.23879528
v 3.77464128 -0.62985438 -9.23879528
v 3.72475958 -0.87794548 -9.23879528
v 3.65859056 -1.12219739 -9.23879528
v 3.57642341 -1.36154222 -9.23879528
v 3.47861743 -1.59493327 -9.23879528
v 3.36560035 -1.82134998 -9.23879528
v 3.23786640 -2.03980231 -9.23879528
v 3.09597397 -2.24933481 -9.23879528
v 2.94054365 -2.44903183 -9.23879528
v 2.77225518 -2.63801932 -9.23879528
v 2.59184432 -2.81547165 -9.23879528
v 2.40009999 -2.98061252 -9.23879528
v 2.19786072 -3.13271976 -9.23879528
v 1.98601055 -3.27112818 -9.23879528
v 1.76547623 -3.39523292 -9.23879528
v 1.53722179 -3.50449085 -9.23879528
v 1.30224562 -3.59842467 -9.23879528
v 1.06157494 -3.67662334 -9.23879528
v 0.81626236 -3.73874497 -9.23879528
v 0.56738043 -3.78451777 -9.23879528
v 0.31601748 -3.81374192 -9.23879528
v 0.06327267 -3.82628942 -9.23879528
v -0.18974881 -3.82210541 -9.23879528
v -0.44194058 -3.80120802 -9.23879528
v -0.69219983 -3.76368904 -9.23879528
v -0.93943226 -3.70971227 -9.23879528
v -1.18255687 -3.63951397 -9.23879528
v -1.42051041 -3.55340052 -9.23879528
v -1.65225232 -3.45174909 -9.23879528
v -1.87676954 -3.33500385 -9.23879528
v -2.09308004 -3.20367551 -9.23879528
v -2.30023789 -3.05833817 -9.23879528
v -2.49733758 -2.89962745 -9.23879528
v -2.68351698 -2.72823715 -9.23879528
v -2.85796213 -2.54491711 -9.23879528
v -3.01991010 -2.35046840 -9.23879528
v -3.16865253 -2.14574170 -9.23879528
v -3.30353951 -1.93163216 -9.23879528
v -3.42398095 -1.70907605 -9.23879528
v -3.52945018 -1.47904646 -9.23879528
v -3.61948586 -1.24254918 -9.23879528
v -3.69369459 -1.00061858 -9.23879528
v -3.75175166 -0.75431234 -9.23879528
v -3.79340339 -0.50470763 -9.23879528
v -3.81846738 -0.25289586 -9.23879528
v -3.82683444 0.00002187 -9.23879528
v -3.81846738 0.25293958 -9.23879528
v -3.79340339 0.50475132 -9.23879528
v -3.75175166 0.75435609 -9.23879528
v -3.69369459 1.00066233 -9.23879528
v -3.61948586 1.24259293 -9.23879528
v -3.52945018 1.47909009 -9.23879528
v -3.42398095 1.70911980 -9.23879528
v -3.30353951 1.93167591 -9.23879528
v -3.16865253 2.14578557 -9.23879528
v -3.01991010 2.35051227 -9.23879528
v -2.85796213 2.54496074 -9.23879528
v -2.68351698 2.72828102 -9.23879528
v -2.49733758 2.89967108 -9.23879528
v -2.30023789 3.05838203 -9.23879528
v -2.09308004 3.20371938 -9.23879528
v -1.87676954 3.33504772 -9.23879528
v -1.65225232 3.45179296 -9.23879528
v -1.42051041 3.55344439 -9.23879528
v -1.18255687 3.63955760 -9.23879528
v -0.93943226 3.70975614 -9.23879528
v -0.69219983 3.76373291 -9.23879528
v -0.44194058 3.80125189 -9.23879528
v -0.18974881 3.82214904 -9.23879528
v 0.06327267 3.82633305 -9.23879528
v 0.31601748 3.81378555 -9.23879528
v 0.56738043 3.78456163 -9.23879528
v 0.81626236 3.73878860 -9.23879528
v 1.06157494 3.67666698 -9.23879528
v 1.30224562 3.59846830 -9.23879528
v 1.53722179 3.50453472 -9.23879528
v 1.76547623 3.39527655 -9.23879528
v 1.98601055 3.27117205 -9.23879528
v 2.19786072 3.13276339 -9.23879528
v 2.40009999 2.98065615 -9.23879528
v 2.59184432 2.81551528 -9.23879528
v 2.77225518 2.63806319 -9.23879528
v 2.94054365 2.44907546 -9.23879528
v 3.09597397 2.24937868 -9.23879528
v 3.23786640 2.03984594 -9.23879528
v 3.36560035 1.82139373 -9.23879528
v 3.47861743 1.59497702 -9.23879528
v 3.57642341 1.36158597 -9.23879528
v 3.65859056 1.12224114 -9.23879528
v 3.72475958 0.87798917 -9.23879528
v 3.77464128 0.62989807 -9.23879528
v 3.80801749 0.37905270 -9.23879528
v 3.82474208 0.12654990 -9.23879528
v 4.42288685 0.00002187 -8.96872711
v 4.42046881 -0.14621368 -8.96872711
v 4.40113926 -0.43804532 -8.96872711
v 4.36256456 -0.72796142 -8.96872711
v 4.30491352 -1.01469421 -8.96872711
v 4.22843790 -1.29698992 -8.96872711
v 4.13347292 -1.57361412 -8.96872711
v 4.02043295 -1.84335721 -8.96872711
v 3.88981295 -2.10503960 -8.96872711
v 3.74218369 -2.35751724 -8.96872711
v 3.57819057 -2.59968591 -8.96872711
v 3.39855123 -2.83048654 -8.96872711
v 3.20405078 -3.04891038 -8.96872711
v 2.99553990 -3.25400186 -8.96872711
v 2.77393007 -3.44486427 -8.96872711
v 2.54019070 -3.62066317 -8.96872711
v 2.29534364 -3.78062963 -8.96872711
v 2.04045987 -3.92406440 -8.96872711
v 1.77665341 -4.05034018 -8.96872711
v 1.50507820 -4.15890455 -8.96872711
v 1.22692168 -4.24928284 -8.96872711
v 0.94340014 -4.32108021 -8.96872711
v 0.65575337 -4.37398291 -8.96872711
v 0.36523911 -4.40775871 -8.96872711
v 0.07312777 -4.42226028 -8.96872711
v -0.21930334 -4.41742468 -8.96872711
v -0.51077551 -4.39327288 -8.96872711
v -0.80001414 -4.34990978 -8.96872711
v -1.08575451 -4.28752565 -8.96872711
v -1.36674726 -4.20639372 -8.96872711
v -1.64176345 -4.10686779 -8.96872711
v -1.90960062 -3.98938322 -8.96872711
v -2.16908765 -3.85445428 -8.96872711
v -2.41908979 -3.70267081 -8.96872711
v -2.65851402 -3.53469634 -8.96872711
v -2.88631296 -3.35126519 -8.96872711
v -3.10149097 -3.15318012 -8.96872711
v -3.30310702 -2.94130659 -8.96872711
v -3.49027920 -2.71657157 -8.96872711
v -3.66218948 -2.47995734 -8.96872711
v -3.81808567 -2.23249912 -8.96872711
v -3.95728660 -1.97527838 -8.96872711
v -4.07918310 -1.70942020 -8.96872711
v -4.18324280 -1.43608713 -8.96872711
v -4.26901007 -1.15647435 -8.96872711
v -4.33610964 -0.87180448 -8.96872711
v -4.38424873 -0.58332229 -8.96872711
v -4.41321659 -0.29228932 -8.96872711
v -4.42288685 0.00002187 -8.96872711
v -4.41321659 0.29233304 -8.96872711
v -4.38424873 0.58336604 -8.96872711
v -4.33610964 0.87184817 -8.96872711
v -4.26901007 1.15651810 -8.96872711
v -4.18324280 1.43613088 -8.96872711
v -4.07918310 1.70946395 -8.96872711
v -3.95728660 1.97532213 -8.96872711
v -3.81808567 2.23254275 -8.96872711
v -3.66218948 2.48000121 -8.96872711
v -3.49027920 2.71661520 -8.96872711
v -3.30310702 2.94135022 -8.96872711
v -3.10149097 3.15322375 -8.96872711
v -2.88631296 3.35130906 -8.96872711
v -2.65851402 3.53473997 -8.96872711
v -2.41908979 3.70271444 -8.96872711
v -2.16908765 3.85449815 -8.96872711
v -1.90960062 3.98942709 -8.96872711
v -1.64176345 4.10691118 -8.96872711
v -1.36674726 4.20643711 -8.96872711
v -1.08575451 4.28756952 -8.96872711
v -0.80001414 4.34995365 -8.96872711
v -0.51077551 4.39331627 -8.96872711
v -0.21930334 4.41746855 -8.96872711
v 0.07312777 4.42230415 -8.96872711
v 0.36523911 4.40780258 -8.96872711
v 0.65575337 4.37402630 -8.96872711
v 0.94340014 4.32112408 -8.96872711
v 1.22692168 4.24932671 -8.96872711
v 1.50507820 4.15894794 -8.96872711
v 1.77665341 4.05038357 -8.96872711
v 2.04045987 3.92410803 -8.96872711
v 2.29534364 3.78067327 -8.96872711
v 2.54019070 3.62070680 -8.96872711
v 2.77393007 3.44490790 -8.96872711
v 2.99553990 3.25404549 -8.96872711
v 3.20405078 3.04895401 -8.96872711
v 3.39855123 2.83053041 -8.96872711
v 3.57819057 2.59972954 -8.96872711
v 3.74218369 2.35756087 -8.96872711
v 3.88981295 2.10508347 -8.96872711
v 4.02043295 1.84340096 -8.96872711
v 4.13347292 1.57365775 -8.96872711
v 4.22843790 1.29703367 -8.96872711
v 4.30491352 1.01473796 -8.96872711
v 4.36256456 0.72800511 -8.96872711
v 4.40113926 0.43808904 -8.96872711
v 4.42046881 0.14625742 -8.96872711
v 5.00000000 0.00002187 -8.66025448
v 4.99726629 -0.16529498 -8.66025448
v 4.97541428 -0.49520579 -8.66025448
v 4.93180656 -0.82295108 -8.66025448
v 4.86663294 -1.14709771 -8.66025448
v 4.78017902 -1.46622837 -8.66025448
v 4.67282248 -1.77894735 -8.66025448
v 4.54503250 -2.08388734 -8.66025448
v 4.39736891 -2.37971520 -8.66025448
v 4.23047638 -2.66513681 -8.66025448
v 4.04508495 -2.93890429 -8.66025448
v 3.84200549 -3.19982076 -8.66025448
v 3.62212610 -3.44674516 -8.66025448
v 3.38640785 -3.67859769 -8.66025448
v 3.13588190 -3.89436460 -8.66025448
v 2.87164330 -4.09310198 -8.66025448
v 2.59484792 -4.27394152 -8.66025448
v 2.30670571 -4.43609238 -8.66025448
v 2.00847721 -4.57884455 -8.66025448
v 1.70146585 -4.70157528 -8.66025448
v 1.38701451 -4.80374670 -8.66025448
v 1.06649816 -4.88491249 -8.66025448
v 0.74131823 -4.94471741 -8.66025448
v 0.41289672 -4.98290062 -8.66025448
v 0.08266973 -4.99929476 -8.66025448
v -0.24791877 -4.99382782 -8.66025448
v -0.57742316 -4.96652460 -8.66025448
v -0.90440267 -4.91750336 -8.66025448
v -1.22742748 -4.84697962 -8.66025448
v -1.54508495 -4.75526094 -8.66025448
v -1.85598624 -4.64274836 -8.66025448
v -2.15877175 -4.50993443 -8.66025448
v -2.45211744 -4.35739946 -8.66025448
v -2.73474073 -4.18581057 -8.66025448
v -3.00540566 -3.99591804 -8.66025448
v -3.26292872 -3.78855252 -8.66025448
v -3.50618386 -3.56462049 -8.66025448
v -3.73410749 -3.32510090 -8.66025448
v -3.94570255 -3.07104158 -8.66025448
v -4.14004421 -2.80355334 -8.66025448
v -4.31628227 -2.52380586 -8.66025448
v -4.47364664 -2.23302221 -8.66025448
v -4.61144876 -1.93247402 -8.66025448
v -4.72908640 -1.62347543 -8.66025448
v -4.82604456 -1.30737782 -8.66025448
v -4.90189981 -0.98556328 -8.66025448
v -4.95632029 -0.65943897 -8.66025448
v -4.98906803 -0.33043104 -8.66025448
v -5.00000000 0.00002187 -8.66025448
v -4.98906803 0.33047479 -8.66025448
v -4.95632029 0.65948272 -8.66025448
v -4.90189981 0.98560703 -8.66025448
v -4.82604456 1.30742157 -8.66025448
v -4.72908640 1.62351918 -8.66025448
v -4.61144876 1.93251777 -8.66025448
v -4.47364664 2.23306584 -8.66025448
v -4.31628227 2.52384949 -8.66025448
v -4.14004421 2.80359721 -8.66025448
v -3.94570255 3.07108545 -8.66025448
v -3.73410749 3.32514477 -8.66025448
v -3.50618386 3.56466413 -8.66025448
v -3.26292872 3.78859615 -8.66025448
v -3.00540566 3.99596190 -8.66025448
v -2.73474073 4.18585443 -8.66025448
v -2.45211744 4.35744286 -8.66025448
v -2.15877175 4.50997782 -8.66025448
v -1.85598624 4.64279222 -8.66025448
v -1.54508495 4.75530434 -8.66025448
v -1.22742748 4.84702301 -8.66025448
v -0.90440267 4.91754723 -8.66025448
v -0.57742316 4.96656799 -8.66025448
v -0.24791877 4.99387169 -8.66025448
v 0.08266973 4.99933863 -8.66025448
v 0.41289672 4.98294449 -8.66025448
v 0.74131823 4.94476128 -8.66025448
v 1.06649816 4.88495588 -8.66025448
v 1.38701451 4.80379009 -8.66025448
v 1.70146585 4.70161867 -8.66025448
v 2.00847721 4.57888842 -8.66025448
v 2.30670571 4.43613577 -8.66025448
v 2.59484792 4.27398539 -8.66025448
v 2.87164330 4.09314585 -8.66025448
v 3.13588190 3.89440823 -8.66025448
v 3.38640785 3.67864132 -8.66025448
v 3.62212610 3.44678903 -8.66025448
v 3.84200549 3.19986463 -8.66025448
v 4.04508495 2.93894815 -8.66025448
v 4.23047638 2.66518044 -8.66025448
v 4.39736891 2.37975883 -8.66025448
v 4.54503250 2.08393121 -8.66025448
v 4.67282248 1.77899110 -8.66025448
v 4.78017902 1.46627200 -8.66025448
v 4.86663294 1.14714146 -8.66025448
v 4.93180656 0.82299483 -8.66025448
v 4.97541428 0.49524951 -8.66025448
v 4.99726629 0.16533871 -8.66025448
v 5.55570221 0.00002187 -8.31469631
v 5.55266476 -0.18366838 -8.31469631
v 5.52838421 -0.55024564 -8.31469631
v 5.47992992 -0.91441667 -8.31469631
v 5.40751266 -1.27458918 -8.31469631
v 5.31145000 -1.62918806 -8.31469631
v 5.19216204 -1.97666287 -8.31469631
v 5.05016994 -2.31549406 -8.31469631
v 4.88609457 -2.64420009 -8.31469631
v 4.70065355 -2.96134377 -8.31469631
v 4.49465752 -3.26553798 -8.31469631
v 4.26900768 -3.55545282 -8.31469631
v 4.02469063 -3.82982039 -8.31469631
v 3.76277471 -4.08744097 -8.31469631
v 3.48440504 -4.32718849 -8.31469631
v 3.19079900 -4.54801369 -8.31469631
v 2.88324046 -4.74895191 -8.31469631
v 2.56307411 -4.92912388 -8.31469631
v 2.23170018 -5.08774233 -8.31469631
v 1.89056754 -5.22411299 -8.31469631
v 1.54116797 -5.33763981 -8.31469631
v 1.18502927 -5.42782593 -8.31469631
v 0.82370871 -5.49427795 -8.31469631
v 0.45878625 -5.53670502 -8.31469631
v 0.09185768 -5.55492115 -8.31469631
v -0.27547258 -5.54884672 -8.31469631
v -0.64159828 -5.51850891 -8.31469631
v -1.00491846 -5.46403980 -8.31469631
v -1.36384428 -5.38567734 -8.31469631
v -1.71680641 -5.28376484 -8.31469631
v -2.06226134 -5.15874815 -8.31469631
v -2.39869857 -5.01117277 -8.31469631
v -2.72464705 -4.84168530 -8.31469631
v -3.03868127 -4.65102577 -8.31469631
v -3.33942795 -4.44002867 -8.31469631
v -3.62557220 -4.20961618 -8.31469631
v -3.89586282 -3.96079636 -8.31469631
v -4.14911795 -3.69465661 -8.31469631
v -4.38422966 -3.41236115 -8.31469631
v -4.60017061 -3.11514401 -8.31469631
v -4.79599619 -2.80430532 -8.31469631
v -4.97084999 -2.48120379 -8.31469631
v -5.12396717 -2.14725256 -8.31469631
v -5.25467920 -1.80391169 -8.31469631
v -5.36241341 -1.45268285 -8.31469631
v -5.44669914 -1.09510171 -8.31469631
v -5.50716829 -0.73273176 -8.31469631
v -5.54355526 -0.36715776 -8.31469631
v -5.55570221 0.00002187 -8.31469631
v -5.54355526 0.36720148 -8.31469631
v -5.50716829 0.73277551 -8.31469631
v -5.44669914 1.09514534 -8.31469631
v -5.36241341 1.45272660 -8.31469631
v -5.25467920 1.80395544 -8.31469631
v -5.12396717 2.14729619 -8.31469631
v -4.97084999 2.48124743 -8.31469631
v -4.79599619 2.80434895 -8.31469631
v -4.60017061 3.11518788 -8.31469631
v -4.38422966 3.41240478 -8.31469631
v -4.14911795 3.69470048 -8.31469631
v -3.89586282 3.96084023 -8.31469631
v -3.62557220 4.20966005 -8.31469631
v -3.33942795 4.44007254 -8.31469631
v -3.03868127 4.65106964 -8.31469631
v -2.72464705 4.84172869 -8.31469631
v -2.39869857 5.01121664 -8.31469631
v -2.06226134 5.15879154 -8.31469631
v -1.71680641 5.28380871 -8.31469631
v -1.36384428 5.38572121 -8.31469631
v -1.00491846 5.46408319 -8.31469631
v -0.64159828 5.51855230 -8.31469631
v -0.27547258 5.54889059 -8.31469631
v 0.09185768 5.55496454 -8.31469631
v 0.45878625 5.53674889 -8.31469631
v 0.82370871 5.49432182 -8.31469631
v 1.18502927 5.42786980 -8.31469631
v 1.54116797 5.33768320 -8.31469631
v 1.89056754 5.22415638 -8.31469631
v 2.23170018 5.08778572 -8.31469631
v 2.56307411 4.92916775 -8.31469631
v 2.88324046 4.74899578 -8.31469631
v 3.19079900 4.54805756 -8.31469631
v 3.48440504 4.32723236 -8.31469631
v 3.76277471 4.08748484 -8.31469631
v 4.02469063 3.82986426 -8.31469631
v 4.26900768 3.55549669 -8.31469631
v 4.49465752 3.26558185 -8.31469631
v 4.70065355 2.96138740 -8.31469631
v 4.88609457 2.64424396 -8.31469631
v 5.05016994 2.31553793 -8.31469631
v 5.19216204 1.97670662 -8.31469631
v 5.31145000 1.62923181 -8.31469631
v 5.40751266 1.27463293 -8.31469631
v 5.47992992 0.91446042 -8.31469631
v 5.52838421 0.55028933 -8.31469631
v 5.55266476 0.18371211 -8.31469631
v 6.08761406 0.00002187 -7.93353319
v 6.08428574 -0.20125517 -7.93353319
v 6.05768108 -0.60292912 -7.93353319
v 6.00458717 -1.00196648 -7.93353319
v 5.92523670 -1.39662242 -7.93353319
v 5.81997728 -1.78517127 -7.93353319
v 5.68926811 -2.16591382 -7.93353319
v 5.53368139 -2.53718543 -7.93353319
v 5.35389709 -2.89736223 -7.93353319
v 5.15070152 -3.24486971 -7.93353319
v 4.92498350 -3.57818794 -7.93353319
v 4.67772961 -3.89585972 -7.93353319
v 4.41002131 -4.19649601 -7.93353319
v 4.12302876 -4.47878170 -7.93353319
v 3.81800771 -4.74148273 -7.93353319
v 3.49629140 -4.98345041 -7.93353319
v 3.15928650 -5.20362663 -7.93353319
v 2.80846715 -5.40104866 -7.93353319
v 2.44536686 -5.57485294 -7.93353319
v 2.07157350 -5.72427988 -7.93353319
v 1.68872190 -5.84867573 -7.93353319
v 1.29848588 -5.94749689 -7.93353319
v 0.90257192 -6.02031136 -7.93353319
v 0.50271118 -6.06680012 -7.93353319
v 0.10065228 -6.08676004 -7.93353319
v -0.30184677 -6.08010435 -7.93353319
v -0.70302594 -6.04686165 -7.93353319
v -1.10113096 -5.98717785 -7.93353319
v -1.49442101 -5.90131283 -7.93353319
v -1.88117623 -5.78964329 -7.93353319
v -2.25970578 -5.65265703 -7.93353319
v -2.62835407 -5.49095297 -7.93353319
v -2.98550916 -5.30523825 -7.93353319
v -3.32960939 -5.09632492 -7.93353319
v -3.65915012 -4.86512661 -7.93353319
v -3.97269034 -4.61265421 -7.93353319
v -4.26885891 -4.34001160 -7.93353319
v -4.54636097 -4.04839134 -7.93353319
v -4.80398321 -3.73906827 -7.93353319
v -5.04059839 -3.41339517 -7.93353319
v -5.25517225 -3.07279611 -7.93353319
v -5.44676685 -2.71876025 -7.93353319
v -5.61454439 -2.35283589 -7.93353319
v -5.75777054 -1.97662330 -7.93353319
v -5.87581968 -1.59176719 -7.93353319
v -5.96817493 -1.19995058 -7.93353319
v -6.03443336 -0.80288678 -7.93353319
v -6.07430458 -0.40231213 -7.93353319
v -6.08761406 0.00002187 -7.93353319
v -6.07430458 0.40235585 -7.93353319
v -6.03443336 0.80293053 -7.93353319
v -5.96817493 1.19999433 -7.93353319
v -5.87581968 1.59181094 -7.93353319
v -5.75777054 1.97666705 -7.93353319
v -5.61454439 2.35287976 -7.93353319
v -5.44676685 2.71880412 -7.93353319
v -5.25517225 3.07283974 -7.93353319
v -5.04059839 3.41343880 -7.93353319
v -4.80398321 3.73911190 -7.93353319
v -4.54636097 4.04843473 -7.93353319
v -4.26885891 4.34005547 -7.93353319
v -3.97269034 4.61269760 -7.93353319
v -3.65915012 4.86517000 -7.93353319
v -3.32960939 5.09636831 -7.93353319
v -2.98550916 5.30528164 -7.93353319
v -2.62835407 5.49099636 -7.93353319
v -2.25970578 5.65270090 -7.93353319
v -1.88117623 5.78968716 -7.93353319
v -1.49442101 5.90135670 -7.93353319
v -1.10113096 5.98722124 -7.93353319
v -0.70302594 6.04690552 -7.93353319
v -0.30184677 6.08014822 -7.93353319
v 0.10065228 6.08680391 -7.93353319
v 0.50271118 6.06684399 -7.93353319
v 0.90257192 6.02035522 -7.93353319
v 1.29848588 5.94754076 -7.93353319
v 1.68872190 5.84871960 -7.93353319
v 2.07157350 5.72432375 -7.93353319
v 2.44536686 5.57489681 -7.93353319
v 2.80846715 5.40109205 -7.93353319
v 3.15928650 5.20367002 -7.93353319
v 3.49629140 4.98349380 -7.93353319
v 3.81800771 4.74152613 -7.93353319
v 4.12302876 4.47882509 -7.93353319
v 4.41002131 4.19653940 -7.93353319
v 4.67772961 3.89590359 -7.93353319
v 4.92498350 3.57823181 -7.93353319
v 5.15070152 3.24491334 -7.93353319
v 5.35389709 2.89740610 -7.93353319
v 5.53368139 2.53722906 -7.93353319
v 5.68926811 2.16595769 -7.93353319
v 5.81997728 1.78521502 -7.93353319
v 5.92523670 1.39666617 -7.93353319
v 6.00458717 1.00201023 -7.93353319
v 6.05768108 0.60297287 -7.93353319
v 6.08428574 0.20129891 -7.93353319
v 6.59345818 0.00002187 -7.51839828
v 6.58985329 -0.21798007 -7.51839828
v 6.56103754 -0.65303069 -7.51839828
v 6.50353193 -1.08522570 -7.51839828
v 6.41758823 -1.51267517 -7.51839828
v 6.30358171 -1.93350995 -7.51839828
v 6.16201162 -2.34589005 -7.51839828
v 5.99349642 -2.74801183 -7.51839828
v 5.79877329 -3.13811731 -7.51839828
v 5.57869387 -3.51450062 -7.51839828
v 5.33421993 -3.87551570 -7.51839828
v 5.06642056 -4.21958399 -7.51839828
v 4.77646732 -4.54520082 -7.51839828
v 4.46562767 -4.85094309 -7.51839828
v 4.13526106 -5.13547277 -7.51839828
v 3.78681207 -5.39754677 -7.51839828
v 3.42180419 -5.63601828 -7.51839828
v 3.04183364 -5.84984446 -7.51839828
v 2.64856195 -6.03809118 -7.51839828
v 2.24370885 -6.19993448 -7.51839828
v 1.82904446 -6.33466721 -7.51839828
v 1.40638220 -6.44169998 -7.51839828
v 0.97757018 -6.52056456 -7.51839828
v 0.54448348 -6.57091618 -7.51839828
v 0.10901587 -6.59253502 -7.51839828
v -0.32692841 -6.58532619 -7.51839828
v -0.76144314 -6.54932117 -7.51839828
v -1.19262826 -6.48467779 -7.51839828
v -1.61859834 -6.39167833 -7.51839828
v -2.03749061 -6.27072954 -7.51839828
v -2.44747353 -6.12236023 -7.51839828
v -2.84675431 -5.94721937 -7.51839828
v -3.23358679 -5.74607325 -7.51839828
v -3.60627985 -5.51980019 -7.51839828
v -3.96320343 -5.26939058 -7.51839828
v -4.30279684 -4.99593925 -7.51839828
v -4.62357521 -4.70064211 -7.51839828
v -4.92413616 -4.38478994 -7.51839828
v -5.20316505 -4.04976416 -7.51839828
v -5.45944166 -3.69702935 -7.51839828
v -5.69184542 -3.32812858 -7.51839828
v -5.89936018 -2.94467473 -7.51839828
v -6.08107901 -2.54834414 -7.51839828
v -6.23620653 -2.14087057 -7.51839828
v -6.36406469 -1.72403514 -7.51839828
v -6.46409416 -1.29966104 -7.51839828
v -6.53585815 -0.86960363 -7.51839828
v -6.57904243 -0.43574363 -7.51839828
v -6.59345818 0.00002187 -7.51839828
v -6.57904243 0.43578738 -7.51839828
v -6.53585815 0.86964738 -7.51839828
v -6.46409416 1.29970479 -7.51839828
v -6.36406469 1.72407889 -7.51839828
v -6.23620653 2.14091420 -7.51839828
v -6.08107901 2.54838800 -7.51839828
v -5.89936018 2.94471836 -7.51839828
v -5.69184542 3.32817221 -7.51839828
v -5.45944166 3.69707322 -7.51839828
v -5.20316505 4.04980755 -7.51839828
v -4.92413616 4.38483334 -7.51839828
v -4.62357521 4.70068598 -7.51839828
v -4.30279684 4.99598312 -7.51839828
v -3.96320343 5.26943445 -7.51839828
v -3.60627985 5.51984406 -7.51839828
v -3.23358679 5.74611664 -7.51839828
v -2.84675431 5.94726324 -7.51839828
v -2.44747353 6.12240410 -7.51839828
v -2.03749061 6.27077341 -7.51839828
v -1.61859834 6.39172173 -7.51839828
v -1.19262826 6.48472118 -7.51839828
v -0.76144314 6.54936504 -7.51839828
v -0.32692841 6.58537006 -7.51839828
v 0.10901587 6.59257889 -7.51839828
v 0.54448348 6.57096004 -7.51839828
v 0.97757018 6.52060843 -7.51839828
v 1.40638220 6.44174385 -7.51839828
v 1.82904446 6.33471107 -7.51839828
v 2.24370885 6.19997835 -7.51839828
v 2.64856195 6.03813505 -7.51839828
v 3.04183364 5.84988832 -7.51839828
v 3.42180419 5.63606167 -7.51839828
v 3.78681207 5.39759016 -7.51839828
v 4.13526106 5.13551664 -7.51839828
v 4.46562767 4.85098648 -7.51839828
v 4.77646732 4.54524469 -7.51839828
v 5.06642056 4.21962786 -7.51839828
v 5.33421993 3.87555933 -7.51839828
v 5.57869387 3.51454425 -7.51839828
v 5.79877329 3.13816118 -7.51839828
v 5.99349642 2.74805570 -7.51839828
v 6.16201162 2.34593368 -7.51839828
v 6.30358171 1.93355370 -7.51839828
v 6.41758823 1.51271892 -7.51839828
v 6.50353193 1.08526945 -7.51839828
v 6.56103754 0.65307444 -7.51839828
v 6.58985329 0.21802381 -7.51839828
v 7.07106781 0.00002187 -7.07106781
v 7.06720161 -0.23377146 -7.07106781
v 7.03629875 -0.70033580 -7.07106781
v 6.97462749 -1.16383767 -7.07106781
v 6.88245821 -1.62225020 -7.07106781
v 6.76019382 -2.07356906 -7.07106781
v 6.60836887 -2.51582050 -7.07106781
v 6.42764664 -2.94707084 -7.07106781
v 6.21881866 -3.36543441 -7.07106781
v 5.98279667 -3.76908159 -7.07106781
v 5.72061396 -4.15624762 -7.07106781
v 5.43341637 -4.52523899 -7.07106781
v 5.12245989 -4.87444305 -7.07106781
v 4.78910398 -5.20233202 -7.07106781
v 4.43480635 -5.50747204 -7.07106781
v 4.06111670 -5.78852987 -7.07106781
v 3.66966915 -6.04427528 -7.07106781
v 3.26217461 -6.27359104 -7.07106781
v 2.84041548 -6.47547340 -7.07106781
v 2.40623617 -6.64904022 -7.07106781
v 1.96153474 -6.79353237 -7.07106781
v 1.50825620 -6.90831804 -7.07106781
v 1.04838228 -6.99289560 -7.07106781
v 0.58392417 -7.04689455 -7.07106781
v 0.11691265 -7.07007933 -7.07106781
v -0.35061008 -7.06234837 -7.07106781
v -0.81659973 -7.02373552 -7.07106781
v -1.27901852 -6.95440912 -7.07106781
v -1.73584449 -6.85467339 -7.07106781
v -2.18508005 -6.72496319 -7.07106781
v -2.62476087 -6.56584692 -7.07106781
v -3.05296421 -6.37801933 -7.07106781
v -3.46781778 -6.16230249 -7.07106781
v -3.86750746 -5.91963911 -7.07106781
v -4.25028563 -5.65109062 -7.07106781
v -4.61447811 -5.35783148 -7.07106781
v -4.95849276 -5.04114342 -7.07106781
v -5.28082514 -4.70241213 -7.07106781
v -5.58006620 -4.34311771 -7.07106781
v -5.85490656 -3.96483231 -7.07106781
v -6.10414505 -3.56920958 -7.07106781
v -6.32669163 -3.15797925 -7.07106781
v -6.52157354 -2.73293996 -7.07106781
v -6.68793774 -2.29595017 -7.07106781
v -6.82505751 -1.84892058 -7.07106781
v -6.93233299 -1.39380598 -7.07106781
v -7.00929546 -0.93259662 -7.07106781
v -7.05560780 -0.46730915 -7.07106781
v -7.07106781 0.00002187 -7.07106781
v -7.05560780 0.46735287 -7.07106781
v -7.00929546 0.93264037 -7.07106781
v -6.93233299 1.39384973 -7.07106781
v -6.82505751 1.84896421 -7.07106781
v -6.68793774 2.29599380 -7.07106781
v -6.52157354 2.73298359 -7.07106781
v -6.32669163 3.15802312 -7.07106781
v -6.10414505 3.56925321 -7.07106781
v -5.85490656 3.96487617 -7.07106781
v -5.58006620 4.34316158 -7.07106781
v -5.28082514 4.70245552 -7.07106781
v -4.95849276 5.04118729 -7.07106781
v -4.61447811 5.35787487 -7.07106781
v -4.25028563 5.65113449 -7.07106781
v -3.86750746 5.91968298 -7.07106781
v -3.46781778 6.16234589 -7.07106781
v -3.05296421 6.37806320 -7.07106781
v -2.62476087 6.56589031 -7.07106781
v -2.18508005 6.72500706 -7.07106781
v -1.73584449 6.85471678 -7.07106781
v -1.27901852 6.95445299 -7.07106781
v -0.81659973 7.02377892 -7.07106781
v -0.35061008 7.06239223 -7.07106781
v 0.11691265 7.07012320 -7.07106781
v 0.58392417 7.04693842 -7.07106781
v 1.04838228 6.99293947 -7.07106781
v 1.50825620 6.90836191 -7.07106781
v 1.96153474 6.79357624 -7.07106781
v 2.40623617 6.64908409 -7.07106781
v 2.84041548 6.47551727 -7.07106781
v 3.26217461 6.27363443 -7.07106781
v 3.66966915 6.04431915 -7.07106781
v 4.06111670 5.78857327 -7.07106781
v 4.43480635 5.50751591 -7.07106781
v 4.78910398 5.20237541 -7.07106781
v 5.12245989 4.87448645 -7.07106781
v 5.43341637 4.52528286 -7.07106781
v 5.72061396 4.15629101 -7.07106781
v 5.98279667 3.76912546 -7.07106781
v 6.21881866 3.36547804 -7.07106781
v 6.42764664 2.94711471 -7.07106781
v 6.60836887 2.51586437 -7.07106781
v 6.76019382 2.07361269 -7.07106781
v 6.88245821 1.62229395 -7.07106781
v 6.97462749 1.16388142 -7.07106781
v 7.03629875 0.70037955 -7.07106781
v 7.06720161 0.23381519 -7.07106781
v 7.51839828 0.00002187 -6.59345818
v 7.51428747 -0.24856171 -6.59345818
v 7.48142958 -0.74464184 -6.59345818
v 7.41585684 -1.23746574 -6.59345818
v 7.31785679 -1.72487855 -6.59345818
v 7.18785763 -2.20474863 -6.59345818
v 7.02642775 -2.67497802 -6.59345818
v 6.83427286 -3.13351011 -6.59345818
v 6.61223364 -3.57834005 -6.59345818
v 6.36128092 -4.00752306 -6.59345818
v 6.08251190 -4.41918182 -6.59345818
v 5.77714539 -4.81151628 -6.59345818
v 5.44651699 -5.18281126 -6.59345818
v 5.09207249 -5.53144360 -6.59345818
v 4.71536160 -5.85588741 -6.59345818
v 4.31803131 -6.15472555 -6.59345818
v 3.90181994 -6.42665005 -6.59345818
v 3.46854663 -6.67047262 -6.59345818
v 3.02010608 -6.88512659 -6.59345818
v 2.55845952 -7.06967354 -6.59345818
v 2.08562541 -7.22330666 -6.59345818
v 1.60367155 -7.34535408 -6.59345818
v 1.11470509 -7.43528175 -6.59345818
v 0.62086439 -7.49269724 -6.59345818
v 0.12430878 -7.51734829 -6.59345818
v -0.37279040 -7.50912857 -6.59345818
v -0.86825949 -7.46807241 -6.59345818
v -1.35993183 -7.39436102 -6.59345818
v -1.84565759 -7.28831530 -6.59345818
v -2.32331276 -7.15039968 -6.59345818
v -2.79080868 -6.98121691 -6.59345818
v -3.24610114 -6.78150749 -6.59345818
v -3.68719912 -6.55214357 -6.59345818
v -4.11217403 -6.29412889 -6.59345818
v -4.51916742 -6.00859165 -6.59345818
v -4.90639973 -5.69678020 -6.59345818
v -5.27217722 -5.36005783 -6.59345818
v -5.61490107 -4.99989748 -6.59345818
v -5.93307257 -4.61787367 -6.59345818
v -6.22529984 -4.21565723 -6.59345818
v -6.49030590 -3.79500628 -6.59345818
v -6.72693110 -3.35776091 -6.59345818
v -6.93414164 -2.90583277 -6.59345818
v -7.11103058 -2.44119811 -6.59345818
v -7.25682497 -1.96588838 -6.59345818
v -7.37088680 -1.48198247 -6.59345818
v -7.45271778 -0.99159598 -6.59345818
v -7.50196028 -0.49687347 -6.59345818
v -7.51839828 0.00002187 -6.59345818
v -7.50196028 0.49691719 -6.59345818
v -7.45271778 0.99163973 -6.59345818
v -7.37088680 1.48202610 -6.59345818
v -7.25682497 1.96593213 -6.59345818
v -7.11103058 2.44124174 -6.59345818
v -6.93414164 2.90587640 -6.59345818
v -6.72693110 3.35780478 -6.59345818
v -6.49030590 3.79505014 -6.59345818
v -6.22529984 4.21570110 -6.59345818
v -5.93307257 4.61791754 -6.59345818
v -5.61490107 4.99994135 -6.59345818
v -5.27217722 5.36010170 -6.59345818
v -4.90639973 5.69682407 -6.59345818
v -4.51916742 6.00863552 -6.59345818
v -4.11217403 6.29417276 -6.59345818
v -3.68719912 6.55218744 -6.59345818
v -3.24610114 6.78155088 -6.59345818
v -2.79080868 6.98126078 -6.59345818
v -2.32331276 7.15044355 -6.59345818
v -1.84565759 7.28835917 -6.59345818
v -1.35993183 7.39440441 -6.59345818
v -0.86825949 7.46811628 -6.59345818
v -0.37279040 7.50917196 -6.59345818
v 0.12430878 7.51739216 -6.59345818
v 0.62086439 7.49274063 -6.59345818
v 1.11470509 7.43532562 -6.59345818
v 1.60367155 7.34539795 -6.59345818
v 2.08562541 7.22335052 -6.59345818
v 2.55845952 7.06971741 -6.59345818
v 3.02010608 6.88517046 -6.59345818
v 3.46854663 6.67051601 -6.59345818
v 3.90181994 6.42669392 -6.59345818
v 4.31803131 6.15476894 -6.59345818
v 4.71536160 5.85593128 -6.59345818
v 5.09207249 5.53148699 -6.59345818
v 5.44651699 5.18285513 -6.59345818
v 5.77714539 4.81156015 -6.59345818
v 6.08251190 4.41922522 -6.59345818
v 6.36128092 4.00756645 -6.59345818
v 6.61223364 3.57838392 -6.59345818
v 6.83427286 3.13355374 -6.59345818
v 7.02642775 2.67502165 -6.59345818
v 7.18785763 2.20479250 -6.59345818
v 7.31785679 1.72492218 -6.59345818
v 7.41585684 1.23750949 -6.59345818
v 7.48142958 0.74468559 -6.59345818
v 7.51428747 0.24860543 -6.59345818
v 7.93353319 0.00002187 -6.08761406
v 7.92919588 -0.26228747 -6.08761406
v 7.89452362 -0.78575915 -6.08761406
v 7.82533026 -1.30579484 -6.08761406
v 7.72191906 -1.82012045 -6.08761406
v 7.58474159 -2.32648706 -6.08761406
v 7.41439819 -2.82268047 -6.08761406
v 7.21163368 -3.30653095 -6.08761406
v 6.97733450 -3.77592278 -6.08761406
v 6.71252489 -4.22880316 -6.08761406
v 6.41836357 -4.66319227 -6.08761406
v 6.09613609 -5.07718992 -6.08761406
v 5.74725151 -5.46898651 -6.08761406
v 5.37323618 -5.83686829 -6.08761406
v 4.97572470 -6.17922688 -6.08761406
v 4.55645561 -6.49456549 -6.08761406
v 4.11726236 -6.78150463 -6.08761406
v 3.66006541 -7.03879023 -6.08761406
v 3.18686414 -7.26529646 -6.08761406
v 2.69972730 -7.46003342 -6.08761406
v 2.20078516 -7.62214947 -6.08761406
v 1.69221973 -7.75093555 -6.08761406
v 1.17625463 -7.84582901 -6.08761406
v 0.65514600 -7.90641451 -6.08761406
v 0.13117260 -7.93242693 -6.08761406
v -0.39337438 -7.92375326 -6.08761406
v -0.91620123 -7.88043022 -6.08761406
v -1.43502176 -7.80264854 -6.08761406
v -1.94756734 -7.69074774 -6.08761406
v -2.45159674 -7.54521656 -6.08761406
v -2.94490576 -7.36669254 -6.08761406
v -3.42533755 -7.15595579 -6.08761406
v -3.89079118 -6.91392756 -6.08761406
v -4.33923149 -6.64166641 -6.08761406
v -4.76869726 -6.34036303 -6.08761406
v -5.17731094 -6.01133442 -6.08761406
v -5.56328535 -5.65601969 -6.08761406
v -5.92493296 -5.27597284 -6.08761406
v -6.26067257 -4.87285519 -6.08761406
v -6.56903553 -4.44842958 -6.08761406
v -6.84867430 -4.00455236 -6.08761406
v -7.09836483 -3.54316401 -6.08761406
v -7.31701660 -3.06628227 -6.08761406
v -7.50367260 -2.57599211 -6.08761406
v -7.65751696 -2.07443810 -6.08761406
v -7.77787733 -1.56381261 -6.08761406
v -7.86422682 -1.04634905 -6.08761406
v -7.91618776 -0.52430999 -6.08761406
v -7.93353319 0.00002187 -6.08761406
v -7.91618776 0.52435374 -6.08761406
v -7.86422682 1.04639280 -6.08761406
v -7.77787733 1.56385636 -6.08761406
v -7.65751696 2.07448173 -6.08761406
v -7.50367260 2.57603598 -6.08761406
v -7.31701660 3.06632590 -6.08761406
v -7.09836483 3.54320765 -6.08761406
v -6.84867430 4.00459623 -6.08761406
v -6.56903553 4.44847345 -6.08761406
v -6.26067257 4.87289906 -6.08761406
v -5.92493296 5.27601671 -6.08761406
v -5.56328535 5.65606356 -6.08761406
v -5.17731094 6.01137829 -6.08761406
v -4.76869726 6.34040642 -6.08761406
v -4.33923149 6.64171028 -6.08761406
v -3.89079118 6.91397142 -6.08761406
v -3.42533755 7.15599918 -6.08761406
v -2.94490576 7.36673641 -6.08761406
v -2.45159674 7.54526043 -6.08761406
v -1.94756734 7.69079113 -6.08761406
v -1.43502176 7.80269241 -6.08761406
v -0.91620123 7.88047409 -6.08761406
v -0.39337438 7.92379665 -6.08761406
v 0.13117260 7.93247080 -6.08761406
v 0.65514600 7.90645838 -6.08761406
v 1.17625463 7.84587288 -6.08761406
v 1.69221973 7.75097942 -6.08761406
v 2.20078516 7.62219334 -6.08761406
v 2.69972730 7.46007729 -6.08761406
v 3.18686414 7.26534033 -6.08761406
v 3.66006541 7.03883362 -6.08761406
v 4.11726236 6.78154850 -6.08761406
v 4.55645561 6.49460936 -6.08761406
v 4.97572470 6.17927074 -6.08761406
v 5.37323618 5.83691216 -6.08761406
v 5.74725151 5.46903038 -6.08761406
v 6.09613609 5.07723379 -6.08761406
v 6.41836357 4.66323566 -6.08761406
v 6.71252489 4.22884703 -6.08761406
v 6.97733450 3.77596641 -6.08761406
v 7.21163368 3.30657458 -6.08761406
v 7.41439819 2.82272434 -6.08761406
v 7.58474159 2.32653093 -6.08761406
v 7.72191906 1.82016420 -6.08761406
v 7.82533026 1.30583858 -6.08761406
v 7.89452362 0.78580290 -6.08761406
v 7.92919588 0.26233122 -6.08761406
v 8.31469631 0.00002187 -5.55570221
v 8.31015015 -0.27489001 -5.55570221
v 8.27381229 -0.82351160 -5.55570221
v 8.20129490 -1.36853218 -5.55570221
v 8.09291458 -1.90756834 -5.55570221
v 7.94914722 -2.43826318 -5.55570221
v 7.77061939 -2.95829582 -5.55570221
v 7.55811310 -3.46539259 -5.55570221
v 7.31255722 -3.95733619 -5.55570221
v 7.03502512 -4.43197489 -5.55570221
v 6.72673035 -4.88723373 -5.55570221
v 6.38902187 -5.32112217 -5.55570221
v 6.02337551 -5.73174238 -5.55570221
v 5.63139057 -6.11729908 -5.55570221
v 5.21478081 -6.47610617 -5.55570221
v 4.77536821 -6.80659485 -5.55570221
v 4.31507444 -7.10731983 -5.55570221
v 3.83591151 -7.37696648 -5.55570221
v 3.33997536 -7.61435509 -5.55570221
v 2.82943439 -7.81844807 -5.55570221
v 2.30652094 -7.98835278 -5.55570221
v 1.77352166 -8.12332630 -5.55570221
v 1.23276722 -8.22277927 -5.55570221
v 0.68662214 -8.28627491 -5.55570221
v 0.13747473 -8.31353760 -5.55570221
v -0.41227385 -8.30444717 -5.55570221
v -0.96021968 -8.25904274 -5.55570221
v -1.50396669 -8.17752361 -5.55570221
v -2.04113722 -8.06024647 -5.55570221
v -2.56938243 -7.90772390 -5.55570221
v -3.08639240 -7.72062302 -5.55570221
v -3.58990622 -7.49976110 -5.55570221
v -4.07772255 -7.24610472 -5.55570221
v -4.54770756 -6.96076298 -5.55570221
v -4.99780703 -6.64498329 -5.55570221
v -5.42605209 -6.30014706 -5.55570221
v -5.83057070 -5.92776155 -5.55570221
v -6.20959377 -5.52945518 -5.55570221
v -6.56146336 -5.10697031 -5.55570221
v -6.88464165 -4.66215324 -5.55570221
v -7.17771530 -4.19694996 -5.55570221
v -7.43940258 -3.71339464 -5.55570221
v -7.66855907 -3.21360135 -5.55570221
v -7.86418295 -2.69975567 -5.55570221
v -8.02541924 -2.17410445 -5.55570221
v -8.15156174 -1.63894629 -5.55570221
v -8.24205971 -1.09662151 -5.55570221
v -8.29651737 -0.54950124 -5.55570221
v -8.31469631 0.00002187 -5.55570221
v -8.29651737 0.54954499 -5.55570221
v -8.24205971 1.09666514 -5.55570221
v -8.15156174 1.63899004 -5.55570221
v -8.02541924 2.17414808 -5.55570221
v -7.86418295 2.69979930 -5.55570221
v -7.66855907 3.21364498 -5.55570221
v -7.43940258 3.71343827 -5.55570221
v -7.17771530 4.19699383 -5.55570221
v -6.88464165 4.66219711 -5.55570221
v -6.56146336 5.10701370 -5.55570221
v -6.20959377 5.52949905 -5.55570221
v -5.83057070 5.92780542 -5.55570221
v -5.42605209 6.30019093 -5.55570221
v -4.99780703 6.64502716 -5.55570221
v -4.54770756 6.96080685 -5.55570221
v -4.07772255 7.24614859 -5.55570221
v -3.58990622 7.49980497 -5.55570221
v -3.08639240 7.72066641 -5.55570221
v -2.56938243 7.90776777 -5.55570221
v -2.04113722 8.06029034 -5.55570221
v -1.50396669 8.17756748 -5.55570221
v -0.96021968 8.25908661 -5.55570221
v -0.41227385 8.30449104 -5.55570221
v 0.13747473 8.31358147 -5.55570221
v 0.68662214 8.28631878 -5.55570221
v 1.23276722 8.22282314 -5.55570221
v 1.77352166 8.12337017 -5.55570221
v 2.30652094 7.98839664 -5.55570221
v 2.82943439 7.81849194 -5.55570221
v 3.33997536 7.61439896 -5.55570221
v 3.83591151 7.37700987 -5.55570221
v 4.31507444 7.10736370 -5.55570221
v 4.77536821 6.80663824 -5.55570221
v 5.21478081 6.47614956 -5.55570221
v 5.63139057 6.11734247 -5.55570221
v 6.02337551 5.73178577 -5.55570221
v 6.38902187 5.32116604 -5.55570221
v 6.72673035 4.88727760 -5.55570221
v 7.03502512 4.43201876 -5.55570221
v 7.31255722 3.95737982 -5.55570221
v 7.55811310 3.46543646 -5.55570221
v 7.77061939 2.95833969 -5.55570221
v 7.94914722 2.43830681 -5.55570221
v 8.09291458 1.90761209 -5.55570221
v 8.20129490 1.36857581 -5.55570221
v 8.27381229 0.82355535 -5.55570221
v 8.31015015 0.27493373 -5.55570221
v 8.66025448 0.00002187 -5.00000000
v 8.65551949 -0.28631532 -5.00000000
v 8.61767101 -0.85773760 -5.00000000
v 8.54213905 -1.42540908 -5.00000000
v 8.42925549 -1.98684752 -5.00000000
v 8.27951241 -2.53959799 -5.00000000
v 8.09356594 -3.08124328 -5.00000000
v 7.87222767 -3.60941482 -5.00000000
v 7.61646605 -4.12180328 -5.00000000
v 7.32739973 -4.61616850 -5.00000000
v 7.00629282 -5.09034777 -5.00000000
v 6.65454865 -5.54226828 -5.00000000
v 6.27370644 -5.96995401 -5.00000000
v 5.86543036 -6.37153387 -5.00000000
v 5.43150663 -6.74525309 -5.00000000
v 4.97383213 -7.08947706 -5.00000000
v 4.49440813 -7.40269995 -5.00000000
v 3.99533176 -7.68355322 -5.00000000
v 3.47878432 -7.93080759 -5.00000000
v 2.94702530 -8.14338303 -5.00000000
v 2.40237975 -8.32034874 -5.00000000
v 1.84722900 -8.46093273 -5.00000000
v 1.28400087 -8.56451797 -5.00000000
v 0.71515810 -8.63065338 -5.00000000
v 0.14318816 -8.65904808 -5.00000000
v -0.42940792 -8.64958000 -5.00000000
v -1.00012624 -8.60228825 -5.00000000
v -1.56647134 -8.51738167 -5.00000000
v -2.12596679 -8.39523029 -5.00000000
v -2.67616558 -8.23636913 -5.00000000
v -3.21466255 -8.04149246 -5.00000000
v -3.73910236 -7.81145144 -5.00000000
v -4.24719191 -7.54725313 -5.00000000
v -4.73671007 -7.25005245 -5.00000000
v -5.20551538 -6.92114925 -5.00000000
v -5.65155840 -6.56198120 -5.00000000
v -6.07288885 -6.17411947 -5.00000000
v -6.46766376 -5.75925970 -5.00000000
v -6.83415747 -5.31921625 -5.00000000
v -7.17076683 -4.85591316 -5.00000000
v -7.47602034 -4.37137604 -5.00000000
v -7.74858332 -3.86772394 -5.00000000
v -7.98726368 -3.34715915 -5.00000000
v -8.19101715 -2.81195807 -5.00000000
v -8.35895443 -2.26446080 -5.00000000
v -8.49033928 -1.70706165 -5.00000000
v -8.58459854 -1.14219785 -5.00000000
v -8.64131927 -0.57233936 -5.00000000
v -8.66025448 0.00002187 -5.00000000
v -8.64131927 0.57238311 -5.00000000
v -8.58459854 1.14224160 -5.00000000
v -8.49033928 1.70710540 -5.00000000
v -8.35895443 2.26450467 -5.00000000
v -8.19101715 2.81200171 -5.00000000
v -7.98726368 3.34720278 -5.00000000
v -7.74858332 3.86776757 -5.00000000
v -7.47602034 4.37141943 -5.00000000
v -7.17076683 4.85595655 -5.00000000
v -6.83415747 5.31926012 -5.00000000
v -6.46766376 5.75930357 -5.00000000
v -6.07288885 6.17416334 -5.00000000
v -5.65155840 6.56202507 -5.00000000
v -5.20551538 6.92119312 -5.00000000
v -4.73671007 7.25009632 -5.00000000
v -4.24719191 7.54729700 -5.00000000
v -3.73910236 7.81149483 -5.00000000
v -3.21466255 8.04153538 -5.00000000
v -2.67616558 8.23641300 -5.00000000
v -2.12596679 8.39527416 -5.00000000
v -1.56647134 8.51742554 -5.00000000
v -1.00012624 8.60233212 -5.00000000
v -0.42940792 8.64962387 -5.00000000
v 0.14318816 8.65909195 -5.00000000
v 0.71515810 8.63069630 -5.00000000
v 1.28400087 8.56456184 -5.00000000
v 1.84722900 8.46097565 -5.00000000
v 2.40237975 8.32039261 -5.00000000
v 2.94702530 8.14342690 -5.00000000
v 3.47878432 7.93085146 -5.00000000
v 3.99533176 7.68359709 -5.00000000
v 4.49440813 7.40274382 -5.00000000
v 4.97383213 7.08952093 -5.00000000
v 5.43150663 6.74529696 -5.00000000
v 5.86543036 6.37157774 -5.00000000
v 6.27370644 5.96999741 -5.00000000
v 6.65454865 5.54231215 -5.00000000
v 7.00629282 5.09039164 -5.00000000
v 7.32739973 4.61621189 -5.00000000
v 7.61646605 4.12184715 -5.00000000
v 7.87222767 3.60945868 -5.00000000
v 8.09356594 3.08128691 -5.00000000
v 8.27951241 2.53964162 -5.00000000
v 8.42925549 1.98689127 -5.00000000
v 8.54213905 1.42545283 -5.00000000
v 8.61767101 0.85778129 -5.00000000
v 8.65551949 0.28635904 -5.00000000
v 8.96872711 0.00002187 -4.42288685
v 8.96382427 -0.29651448 -4.42288685
v 8.92462730 -0.88829052 -4.42288685
v 8.84640598 -1.47618210 -4.42288685
v 8.72950077 -2.05761862 -4.42288685
v 8.57442474 -2.63005781 -4.42288685
v 8.38185406 -3.19099617 -4.42288685
v 8.15263176 -3.73798108 -4.42288685
v 7.88776016 -4.26862049 -4.42288685
v 7.58839750 -4.78059435 -4.42288685
v 7.25585270 -5.27166367 -4.42288685
v 6.89158010 -5.73968172 -4.42288685
v 6.49717236 -6.18260098 -4.42288685
v 6.07435369 -6.59848547 -4.42288685
v 5.62497377 -6.98551607 -4.42288685
v 5.15099716 -7.34200096 -4.42288685
v 4.65449667 -7.66638088 -4.42288685
v 4.13764334 -7.95723772 -4.42288685
v 3.60269666 -8.21329975 -4.42288685
v 3.05199671 -8.43344688 -4.42288685
v 2.48795104 -8.61671638 -4.42288685
v 1.91302621 -8.76230717 -4.42288685
v 1.32973623 -8.86958218 -4.42288685
v 0.74063164 -8.93807316 -4.42288685
v 0.14828844 -8.96747971 -4.42288685
v -0.44470319 -8.95767403 -4.42288685
v -1.03575027 -8.90869808 -4.42288685
v -1.62226820 -8.82076740 -4.42288685
v -2.20169234 -8.69426441 -4.42288685
v -2.77148914 -8.52974510 -4.42288685
v -3.32916689 -8.32792664 -4.42288685
v -3.87228703 -8.08969116 -4.42288685
v -4.39847469 -7.81608295 -4.42288685
v -4.90542889 -7.50829601 -4.42288685
v -5.39093304 -7.16767740 -4.42288685
v -5.85286379 -6.79571629 -4.42288685
v -6.28920174 -6.39403915 -4.42288685
v -6.69803810 -5.96440220 -4.42288685
v -7.07758617 -5.50868464 -4.42288685
v -7.42618561 -5.02887869 -4.42288685
v -7.74231195 -4.52708244 -4.42288685
v -8.02458382 -4.00549078 -4.42288685
v -8.27176571 -3.46638393 -4.42288685
v -8.48277664 -2.91211915 -4.42288685
v -8.65669537 -2.34512043 -4.42288685
v -8.79276085 -1.76786697 -4.42288685
v -8.89037704 -1.18288302 -4.42288685
v -8.94911861 -0.59272659 -4.42288685
v -8.96872711 0.00002187 -4.42288685
v -8.94911861 0.59277028 -4.42288685
v -8.89037704 1.18292677 -4.42288685
v -8.79276085 1.76791072 -4.42288685
v -8.65669537 2.34516430 -4.42288685
v -8.48277664 2.91216278 -4.42288685
v -8.27176571 3.46642756 -4.42288685
v -8.02458382 4.00553465 -4.42288685
v -7.74231195 4.52712631 -4.42288685
v -7.42618561 5.02892256 -4.42288685
v -7.07758617 5.50872803 -4.42288685
v -6.69803810 5.96444607 -4.42288685
v -6.28920174 6.39408255 -4.42288685
v -5.85286379 6.79576015 -4.42288685
v -5.39093304 7.16772127 -4.42288685
v -4.90542889 7.50833988 -4.42288685
v -4.39847469 7.81612635 -4.42288685
v -3.87228703 8.08973503 -4.42288685
v -3.32916689 8.32796955 -4.42288685
v -2.77148914 8.52978897 -4.42288685
v -2.20169234 8.69430828 -4.42288685
v -1.62226820 8.82081032 -4.42288685
v -1.03575027 8.90874195 -4.42288685
v -0.44470319 8.95771790 -4.42288685
v 0.14828844 8.96752357 -4.42288685
v 0.74063164 8.93811607 -4.42288685
v 1.32973623 8.86962605 -4.42288685
v 1.91302621 8.76235008 -4.42288685
v 2.48795104 8.61675930 -4.42288685
v 3.05199671 8.43348980 -4.42288685
v 3.60269666 8.21334362 -4.42288685
v 4.13764334 7.95728159 -4.42288685
v 4.65449667 7.66642475 -4.42288685
v 5.15099716 7.34204483 -4.42288685
v 5.62497377 6.98555994 -4.42288685
v 6.07435369 6.59852886 -4.42288685
v 6.49717236 6.18264484 -4.42288685
v 6.89158010 5.73972511 -4.42288685
v 7.25585270 5.27170753 -4.42288685
v 7.58839750 4.78063822 -4.42288685
v 7.88776016 4.26866436 -4.42288685
v 8.15263176 3.73802471 -4.42288685
v 8.38185406 3.19103980 -4.42288685
v 8.57442474 2.63010144 -4.42288685
v 8.72950077 2.05766249 -4.42288685
v 8.84640598 1.47622585 -4.42288685
v 8.92462730 0.88833421 -4.42288685
v 8.96382427 0.29655820 -4.42288685
v 9.23879528 0.00002187 -3.82683444
v 9.23374367 -0.30544382 -3.82683444
v 9.19336700 -0.91503954 -3.82683444
v 9.11279011 -1.52063382 -3.82683444
v 8.99236488 -2.11957884 -3.82683444
v 8.83261871 -2.70925522 -3.82683444
v 8.63424969 -3.28708458 -3.82683444
v 8.39812565 -3.85054040 -3.82683444
v 8.12527752 -4.39715862 -3.82683444
v 7.81690073 -4.92454910 -3.82683444
v 7.47434235 -5.43040562 -3.82683444
v 7.09910059 -5.91251659 -3.82683444
v 6.69281626 -6.36877298 -3.82683444
v 6.25726604 -6.79718065 -3.82683444
v 5.79435396 -7.19586611 -3.82683444
v 5.30610514 -7.56308508 -3.82683444
v 4.79465389 -7.89723301 -3.82683444
v 4.26223660 -8.19684792 -3.82683444
v 3.71118188 -8.46062088 -3.82683444
v 3.14389896 -8.68739605 -3.82683444
v 2.56286860 -8.87618446 -3.82683444
v 1.97063160 -9.02615929 -3.82683444
v 1.36977744 -9.13666534 -3.82683444
v 0.76293367 -9.20721817 -3.82683444
v 0.15275373 -9.23751068 -3.82683444
v -0.45809415 -9.22740936 -3.82683444
v -1.06693888 -9.17695904 -3.82683444
v -1.67111826 -9.08638000 -3.82683444
v -2.26799011 -8.95606899 -3.82683444
v -2.85494471 -8.78659439 -3.82683444
v -3.42941546 -8.57869911 -3.82683444
v -3.98889017 -8.33329010 -3.82683444
v -4.53092241 -8.05144310 -3.82683444
v -5.05314207 -7.73438787 -3.82683444
v -5.55326557 -7.38351250 -3.82683444
v -6.02910614 -7.00035095 -3.82683444
v -6.47858334 -6.58657837 -3.82683444
v -6.89973068 -6.14400387 -3.82683444
v -7.29070759 -5.67456388 -3.82683444
v -7.64980412 -5.18030977 -3.82683444
v -7.97545004 -4.66340351 -3.82683444
v -8.26622105 -4.12610531 -3.82683444
v -8.52084637 -3.57076478 -3.82683444
v -8.73821163 -2.99980998 -3.82683444
v -8.91736794 -2.41573787 -3.82683444
v -9.05752945 -1.82110202 -3.82683444
v -9.15808582 -1.21850288 -3.82683444
v -9.21859550 -0.61057550 -3.82683444
v -9.23879528 0.00002187 -3.82683444
v -9.21859550 0.61061925 -3.82683444
v -9.15808582 1.21854663 -3.82683444
v -9.05752945 1.82114577 -3.82683444
v -8.91736794 2.41578150 -3.82683444
v -8.73821163 2.99985385 -3.82683444
v -8.52084637 3.57080865 -3.82683444
v -8.26622105 4.12614918 -3.82683444
v -7.97545004 4.66344738 -3.82683444
v -7.64980412 5.18035364 -3.82683444
v -7.29070759 5.67460728 -3.82683444
v -6.89973068 6.14404774 -3.82683444
v -6.47858334 6.58662176 -3.82683444
v -6.02910614 7.00039434 -3.82683444
v -5.55326557 7.38355637 -3.82683444
v -5.05314207 7.73443174 -3.82683444
v -4.53092241 8.05148602 -3.82683444
v -3.98889017 8.33333397 -3.82683444
v -3.42941546 8.57874298 -3.82683444
v -2.85494471 8.78663826 -3.82683444
v -2.26799011 8.95611286 -3.82683444
v -1.67111826 9.08642387 -3.82683444
v -1.06693888 9.17700291 -3.82683444
v -0.45809415 9.22745323 -3.82683444
v 0.15275373 9.23755455 -3.82683444
v 0.76293367 9.20726204 -3.82683444
v 1.36977744 9.13670921 -3.82683444
v 1.97063160 9.02620316 -3.82683444
v 2.56286860 8.87622833 -3.82683444
v 3.14389896 8.68743992 -3.82683444
v 3.71118188 8.46066380 -3.82683444
v 4.26223660 8.19689178 -3.82683444
v 4.79465389 7.89727688 -3.82683444
v 5.30610514 7.56312895 -3.82683444
v 5.79435396 7.19590950 -3.82683444
v 6.25726604 6.79722452 -3.82683444
v 6.69281626 6.36881685 -3.82683444
v 7.09910059 5.91256046 -3.82683444
v 7.47434235 5.43044949 -3.82683444
v 7.81690073 4.92459297 -3.82683444
v 8.12527752 4.39720249 -3.82683444
v 8.39812565 3.85058427 -3.82683444
v 8.63424969 3.28712845 -3.82683444
v 8.83261871 2.70929885 -3.82683444
v 8.99236488 2.11962247 -3.82683444
v 9.11279011 1.52067757 -3.82683444
v 9.19336700 0.91508323 -3.82683444
v 9.23374367 0.30548757 -3.82683444
v 9.46930122 0.00002187 -3.21439457
v 9.46412373 -0.31306514 -3.21439457
v 9.42273998 -0.93787009 -3.21439457
v 9.34015274 -1.55857396 -3.21439457
v 9.21672249 -2.17246246 -3.21439457
v 9.05299091 -2.77685118 -3.21439457
v 8.84967232 -3.36909723 -3.21439457
v 8.60765648 -3.94661117 -3.21439457
v 8.32800198 -4.50686741 -3.21439457
v 8.01193047 -5.04741621 -3.21439457
v 7.66082573 -5.56589365 -3.21439457
v 7.27622175 -6.06003284 -3.21439457
v 6.85980034 -6.52767324 -3.21439457
v 6.41338348 -6.96676970 -3.21439457
v 5.93892193 -7.37540197 -3.21439457
v 5.43849134 -7.75178337 -3.21439457
v 4.91427946 -8.09426785 -3.21439457
v 4.36857843 -8.40135860 -3.21439457
v 3.80377507 -8.67171192 -3.21439457
v 3.22233868 -8.90414619 -3.21439457
v 2.62681174 -9.09764385 -3.21439457
v 2.01979852 -9.25136089 -3.21439457
v 1.40395319 -9.36462307 -3.21439457
v 0.78196871 -9.43693733 -3.21439457
v 0.15656491 -9.46798515 -3.21439457
v -0.46952352 -9.45763206 -3.21439457
v -1.09355879 -9.40592289 -3.21439457
v -1.71281230 -9.31308365 -3.21439457
v -2.32457614 -9.17952156 -3.21439457
v -2.92617512 -9.00581837 -3.21439457
v -3.51497865 -8.79273605 -3.21439457
v -4.08841228 -8.54120445 -3.21439457
v -4.64396811 -8.25232506 -3.21439457
v -5.17921686 -7.92735958 -3.21439457
v -5.69181871 -7.56772995 -3.21439457
v -6.17953110 -7.17500830 -3.21439457
v -6.64022255 -6.75091219 -3.21439457
v -7.07187748 -6.29729605 -3.21439457
v -7.47260904 -5.81614351 -3.21439457
v -7.84066486 -5.30955791 -3.21439457
v -8.17443562 -4.77975512 -3.21439457
v -8.47246170 -4.22905159 -3.21439457
v -8.73343945 -3.65985513 -3.21439457
v -8.95622826 -3.07465529 -3.21439457
v -9.13985443 -2.47601056 -3.21439457
v -9.28351307 -1.86653864 -3.21439457
v -9.38657856 -1.24890482 -3.21439457
v -9.44859791 -0.62580979 -3.21439457
v -9.46930122 0.00002187 -3.21439457
v -9.44859791 0.62585354 -3.21439457
v -9.38657856 1.24894857 -3.21439457
v -9.28351307 1.86658239 -3.21439457
v -9.13985443 2.47605419 -3.21439457
v -8.95622826 3.07469893 -3.21439457
v -8.73343945 3.65989900 -3.21439457
v -8.47246170 4.22909498 -3.21439457
v -8.17443562 4.77979898 -3.21439457
v -7.84066486 5.30960178 -3.21439457
v -7.47260904 5.81618690 -3.21439457
v -7.07187748 6.29733992 -3.21439457
v -6.64022255 6.75095606 -3.21439457
v -6.17953110 7.17505217 -3.21439457
v -5.69181871 7.56777382 -3.21439457
v -5.17921686 7.92740345 -3.21439457
v -4.64396811 8.25236893 -3.21439457
v -4.08841228 8.54124832 -3.21439457
v -3.51497865 8.79277992 -3.21439457
v -2.92617512 9.00586224 -3.21439457
v -2.32457614 9.17956543 -3.21439457
v -1.71281230 9.31312752 -3.21439457
v -1.09355879 9.40596676 -3.21439457
v -0.46952352 9.45767593 -3.21439457
v 0.15656491 9.46802902 -3.21439457
v 0.78196871 9.43698025 -3.21439457
v 1.40395319 9.36466694 -3.21439457
v 2.01979852 9.25140476 -3.21439457
v 2.62681174 9.09768772 -3.21439457
v 3.22233868 8.90418911 -3.21439457
v 3.80377507 8.67175579 -3.21439457
v 4.36857843 8.40140247 -3.21439457
v 4.91427946 8.09431171 -3.21439457
v 5.43849134 7.75182676 -3.21439457
v 5.93892193 7.37544537 -3.21439457
v 6.41338348 6.96681309 -3.21439457
v 6.85980034 6.52771711 -3.21439457
v 7.27622175 6.06007671 -3.21439457
v 7.66082573 5.56593752 -3.21439457
v 8.01193047 5.04746008 -3.21439457
v 8.32800198 4.50691128 -3.21439457
v 8.60765648 3.94665480 -3.21439457
v 8.84967232 3.36914110 -3.21439457
v 9.05299091 2.77689481 -3.21439457
v 9.21672249 2.17250609 -3.21439457
v 9.34015274 1.55861759 -3.21439457
v 9.42273998 0.93791384 -3.21439457
v 9.46412373 0.31310886 -3.21439457
v 9.65925789 0.00002187 -2.58819056
v 9.65397739 -0.31934577 -2.58819056
v 9.61176300 -0.95668447 -2.58819056
v 9.52751827 -1.58983982 -2.58819056
v 9.40161324 -2.21604300 -2.58819056
v 9.23459625 -2.83255601 -2.58819056
v 9.02719975 -3.43668270 -2.58819056
v 8.78032875 -4.02578163 -2.58819056
v 8.49506378 -4.59727669 -2.58819056
v 8.17265224 -5.14866924 -2.58819056
v 7.81450415 -5.67754745 -2.58819056
v 7.42218494 -6.18159962 -2.58819056
v 6.99741030 -6.65862083 -2.58819056
v 6.54203749 -7.10652542 -2.58819056
v 6.05805826 -7.52335501 -2.58819056
v 5.54758883 -7.90728664 -2.58819056
v 5.01286125 -8.25664139 -2.58819056
v 4.45621347 -8.56989288 -2.58819056
v 3.88007975 -8.84566879 -2.58819056
v 3.28697968 -9.08276558 -2.58819056
v 2.67950630 -9.28014565 -2.58819056
v 2.06031632 -9.43694592 -2.58819056
v 1.43211687 -9.55248070 -2.58819056
v 0.79765522 -9.62624550 -2.58819056
v 0.15970564 -9.65791607 -2.58819056
v -0.47894230 -9.64735508 -2.58819056
v -1.11549592 -9.59460926 -2.58819056
v -1.74717176 -9.49990749 -2.58819056
v -2.37120771 -9.36366558 -2.58819056
v -2.98487496 -9.18647861 -2.58819056
v -3.58548999 -8.96912098 -2.58819056
v -4.17042685 -8.71254444 -2.58819056
v -4.73712730 -8.41786957 -2.58819056
v -5.28311348 -8.08638573 -2.58819056
v -5.80599785 -7.71954155 -2.58819056
v -6.30349445 -7.31894159 -2.58819056
v -6.77342701 -6.88633823 -2.58819056
v -7.21374130 -6.42362213 -2.58819056
v -7.62251186 -5.93281746 -2.58819056
v -7.99795103 -5.41606951 -2.58819056
v -8.33841705 -4.87563896 -2.58819056
v -8.64242172 -4.31388807 -2.58819056
v -8.90863514 -3.73327351 -2.58819056
v -9.13589287 -3.13633418 -2.58819056
v -9.32320213 -2.52568030 -2.58819056
v -9.46974373 -1.90398240 -2.58819056
v -9.57487583 -1.27395868 -2.58819056
v -9.63813972 -0.63836414 -2.58819056
v -9.65925789 0.00002187 -2.58819056
v -9.63813972 0.63840789 -2.58819056
v -9.57487583 1.27400243 -2.58819056
v -9.46974373 1.90402615 -2.58819056
v -9.32320213 2.52572417 -2.58819056
v -9.13589287 3.13637781 -2.58819056
v -8.90863514 3.73331714 -2.58819056
v -8.64242172 4.31393147 -2.58819056
v -8.33841705 4.87568235 -2.58819056
v -7.99795103 5.41611338 -2.58819056
v -7.62251186 5.93286085 -2.58819056
v -7.21374130 6.42366600 -2.58819056
v -6.77342701 6.88638210 -2.58819056
v -6.30349445 7.31898546 -2.58819056
v -5.80599785 7.71958494 -2.58819056
v -5.28311348 8.08642864 -2.58819056
v -4.73712730 8.41791344 -2.58819056
v -4.17042685 8.71258831 -2.58819056
v -3.58548999 8.96916485 -2.58819056
v -2.98487496 9.18652248 -2.58819056
v -2.37120771 9.36370945 -2.58819056
v -1.74717176 9.49995136 -2.58819056
v -1.11549592 9.59465218 -2.58819056
v -0.47894230 9.64739895 -2.58819056
v 0.15970564 9.65795994 -2.58819056
v 0.79765522 9.62628841 -2.58819056
v 1.43211687 9.55252457 -2.58819056
v 2.06031632 9.43698978 -2.58819056
v 2.67950630 9.28018951 -2.58819056
v 3.28697968 9.08280945 -2.58819056
v 3.88007975 8.84571266 -2.58819056
v 4.45621347 8.56993580 -2.58819056
v 5.01286125 8.25668526 -2.58819056
v 5.54758883 7.90733051 -2.58819056
v 6.05805826 7.52339888 -2.58819056
v 6.54203749 7.10656929 -2.58819056
v 6.99741030 6.65866470 -2.58819056
v 7.42218494 6.18164349 -2.58819056
v 7.81450415 5.67759132 -2.58819056
v 8.17265224 5.14871311 -2.58819056
v 8.49506378 4.59732056 -2.58819056
v 8.78032875 4.02582550 -2.58819056
v 9.02719975 3.43672657 -2.58819056
v 9.23459625 2.83259964 -2.58819056
v 9.40161324 2.21608686 -2.58819056
v 9.52751827 1.58988357 -2.58819056
v 9.61176300 0.95672822 -2.58819056
v 9.65397739 0.31938949 -2.58819056
v 9.80785275 0.00002187 -1.95090318
v 9.80249023 -0.32425880 -1.95090318
v 9.75962639 -0.97140211 -1.95090318
v 9.67408657 -1.61429763 -1.95090318
v 9.54624367 -2.25013423 -1.95090318
v 9.37665844 -2.87613130 -1.95090318
v 9.16607094 -3.48955178 -1.95090318
v 8.91540241 -4.08771324 -1.95090318
v 8.62574863 -4.66800022 -1.95090318
v 8.29837799 -5.22787476 -1.95090318
v 7.93471956 -5.76488924 -1.95090318
v 7.53636503 -6.27669525 -1.95090318
v 7.10505581 -6.76105499 -1.95090318
v 6.64267778 -7.21584988 -1.95090318
v 6.15125322 -7.63909197 -1.95090318
v 5.63293076 -8.02892971 -1.95090318
v 5.08997726 -8.38365936 -1.95090318
v 4.52476645 -8.70172882 -1.95090318
v 3.93976951 -8.98174858 -1.95090318
v 3.33754539 -9.22249222 -1.95090318
v 2.72072697 -9.42290878 -1.95090318
v 2.09201145 -9.58212090 -1.95090318
v 1.45414805 -9.69943333 -1.95090318
v 0.80992609 -9.77433205 -1.95090318
v 0.16216250 -9.80648994 -1.95090318
v -0.48631015 -9.79576683 -1.95090318
v -1.13265634 -9.74220943 -1.95090318
v -1.77404964 -9.64605141 -1.95090318
v -2.40768552 -9.50771332 -1.95090318
v -3.03079319 -9.32780075 -1.95090318
v -3.64064789 -9.10709953 -1.95090318
v -4.23458290 -8.84657574 -1.95090318
v -4.81000137 -8.54736710 -1.95090318
v -5.36438704 -8.21078396 -1.95090318
v -5.89531565 -7.83829641 -1.95090318
v -6.40046501 -7.43153381 -1.95090318
v -6.87762737 -6.99227524 -1.95090318
v -7.32471514 -6.52244139 -1.95090318
v -7.73977375 -6.02408600 -1.95090318
v -8.12098885 -5.49938869 -1.95090318
v -8.46669292 -4.95064402 -1.95090318
v -8.77537346 -4.38025141 -1.95090318
v -9.04568195 -3.79070520 -1.95090318
v -9.27643585 -3.18458271 -1.95090318
v -9.46662712 -2.56453490 -1.95090318
v -9.61542225 -1.93327296 -1.95090318
v -9.72217178 -1.29355717 -1.95090318
v -9.78640938 -0.64818484 -1.95090318
v -9.80785275 0.00002187 -1.95090318
v -9.78640938 0.64822859 -1.95090318
v -9.72217178 1.29360092 -1.95090318
v -9.61542225 1.93331671 -1.95090318
v -9.46662712 2.56457853 -1.95090318
v -9.27643585 3.18462658 -1.95090318
v -9.04568195 3.79074883 -1.95090318
v -8.77537346 4.38029528 -1.95090318
v -8.46669292 4.95068789 -1.95090318
v -8.12098885 5.49943256 -1.95090318
v -7.73977375 6.02412987 -1.95090318
v -7.32471514 6.52248478 -1.95090318
v -6.87762737 6.99231911 -1.95090318
v -6.40046501 7.43157768 -1.95090318
v -5.89531565 7.83834028 -1.95090318
v -5.36438704 8.21082783 -1.95090318
v -4.81000137 8.54741096 -1.95090318
v -4.23458290 8.84661865 -1.95090318
v -3.64064789 9.10714340 -1.95090318
v -3.03079319 9.32784462 -1.95090318
v -2.40768552 9.50775719 -1.95090318
v -1.77404964 9.64609528 -1.95090318
v -1.13265634 9.74225330 -1.95090318
v -0.48631015 9.79581070 -1.95090318
v 0.16216250 9.80653381 -1.95090318
v 0.80992609 9.77437592 -1.95090318
v 1.45414805 9.69947720 -1.95090318
v 2.09201145 9.58216476 -1.95090318
v 2.72072697 9.42295265 -1.95090318
v 3.33754539 9.22253609 -1.95090318
v 3.93976951 8.98179150 -1.95090318
v 4.52476645 8.70177269 -1.95090318
v 5.08997726 8.38370323 -1.95090318
v 5.63293076 8.02897358 -1.95090318
v 6.15125322 7.63913536 -1.95090318
v 6.64267778 7.21589375 -1.95090318
v 7.10505581 6.76109886 -1.95090318
v 7.53636503 6.27673912 -1.95090318
v 7.93471956 5.76493311 -1.95090318
v 8.29837799 5.22791862 -1.95090318
v 8.62574863 4.66804361 -1.95090318
v 8.91540241 4.08775711 -1.95090318
v 9.16607094 3.48959565 -1.95090318
v 9.37665844 2.87617517 -1.95090318
v 9.54624367 2.25017786 -1.95090318
v 9.67408657 1.61434138 -1.95090318
v 9.75962639 0.97144586 -1.95090318
v 9.80249023 0.32430252 -1.95090318
v 9.91444874 0.00002187 -1.30526197
v 9.90902805 -0.32778320 -1.30526197
v 9.86569786 -0.98195994 -1.30526197
v 9.77922821 -1.63184273 -1.30526197
v 9.64999676 -2.27458978 -1.30526197
v 9.47856808 -2.90739059 -1.30526197
v 9.26569176 -3.52747798 -1.30526197
v 9.01229858 -4.13214064 -1.30526197
v 8.71949768 -4.71873426 -1.30526197
v 8.38856792 -5.28469372 -1.30526197
v 8.02095699 -5.82754469 -1.30526197
v 7.61827326 -6.34491348 -1.30526197
v 7.18227625 -6.83453703 -1.30526197
v 6.71487331 -7.29427481 -1.30526197
v 6.21810770 -7.72211695 -1.30526197
v 5.69415188 -8.11619186 -1.30526197
v 5.14529705 -8.47477627 -1.30526197
v 4.57394314 -8.79630280 -1.30526197
v 3.98258853 -9.07936573 -1.30526197
v 3.37381911 -9.32272625 -1.30526197
v 2.75029683 -9.52532101 -1.30526197
v 2.11474824 -9.68626404 -1.30526197
v 1.46995234 -9.80485058 -1.30526197
v 0.81872869 -9.88056374 -1.30526197
v 0.16392495 -9.91307163 -1.30526197
v -0.49159560 -9.90223122 -1.30526197
v -1.14496648 -9.84809208 -1.30526197
v -1.79333079 -9.75088882 -1.30526197
v -2.43385315 -9.61104679 -1.30526197
v -3.06373310 -9.42917919 -1.30526197
v -3.68021607 -9.20607948 -1.30526197
v -4.28060627 -8.94272423 -1.30526197
v -4.86227846 -8.64026356 -1.30526197
v -5.42268944 -8.30002213 -1.30526197
v -5.95938826 -7.92348623 -1.30526197
v -6.47002792 -7.51230335 -1.30526197
v -6.95237589 -7.06827068 -1.30526197
v -7.40432310 -6.59332991 -1.30526197
v -7.82389307 -6.08955860 -1.30526197
v -8.20925140 -5.55915880 -1.30526197
v -8.55871201 -5.00445032 -1.30526197
v -8.87074757 -4.42785835 -1.30526197
v -9.14399433 -3.83190417 -1.30526197
v -9.37725639 -3.21919441 -1.30526197
v -9.56951427 -2.59240746 -1.30526197
v -9.71992683 -1.95428479 -1.30526197
v -9.82783699 -1.30761623 -1.30526197
v -9.89277172 -0.65522987 -1.30526197
v -9.91444874 0.00002187 -1.30526197
v -9.89277172 0.65527356 -1.30526197
v -9.82783699 1.30765998 -1.30526197
v -9.71992683 1.95432854 -1.30526197
v -9.56951427 2.59245133 -1.30526197
v -9.37725639 3.21923804 -1.30526197
v -9.14399433 3.83194804 -1.30526197
v -8.87074757 4.42790174 -1.30526197
v -8.55871201 5.00449371 -1.30526197
v -8.20925140 5.55920267 -1.30526197
v -7.82389307 6.08960247 -1.30526197
v -7.40432310 6.59337378 -1.30526197
v -6.95237589 7.06831455 -1.30526197
v -6.47002792 7.51234722 -1.30526197
v -5.95938826 7.92353010 -1.30526197
v -5.42268944 8.30006599 -1.30526197
v -4.86227846 8.64030743 -1.30526197
v -4.28060627 8.94276714 -1.30526197
v -3.68021607 9.20612335 -1.30526197
v -3.06373310 9.42922306 -1.30526197
v -2.43385315 9.61109066 -1.30526197
v -1.79333079 9.75093269 -1.30526197
v -1.14496648 9.84813595 -1.30526197
v -0.49159560 9.90227509 -1.30526197
v 0.16392495 9.91311550 -1.30526197
v 0.81872869 9.88060760 -1.30526197
v 1.46995234 9.80489445 -1.30526197
v 2.11474824 9.68630791 -1.30526197
v 2.75029683 9.52536488 -1.30526197
v 3.37381911 9.32277012 -1.30526197
v 3.98258853 9.07940960 -1.30526197
v 4.57394314 8.79634666 -1.30526197
v 5.14529705 8.47482014 -1.30526197
v 5.69415188 8.11623573 -1.30526197
v 6.21810770 7.72216082 -1.30526197
v 6.71487331 7.29431868 -1.30526197
v 7.18227625 6.83458090 -1.30526197
v 7.61827326 6.34495687 -1.30526197
v 8.02095699 5.82758856 -1.30526197
v 8.38856792 5.28473759 -1.30526197
v 8.71949768 4.71877766 -1.30526197
v 9.01229858 4.13218403 -1.30526197
v 9.26569176 3.52752161 -1.30526197
v 9.47856808 2.90743423 -1.30526197
v 9.64999676 2.27463365 -1.30526197
v 9.77922821 1.63188648 -1.30526197
v 9.86569786 0.98200369 -1.30526197
v 9.90902805 0.32782695 -1.30526197
v 9.97858906 0.00002187 -0.65403128
v 9.97313309 -0.32990393 -0.65403128
v 9.92952347 -0.98831278 -0.65403128
v 9.84249401 -1.64239991 -0.65403128
v 9.71242619 -2.28930521 -0.65403128
v 9.53988838 -2.92619991 -0.65403128
v 9.32563496 -3.55029869 -0.65403128
v 9.07060242 -4.15887308 -0.65403128
v 8.77590752 -4.74926186 -0.65403128
v 8.44283676 -5.31888294 -0.65403128
v 8.07284832 -5.86524582 -0.65403128
v 7.66755915 -6.38596153 -0.65403128
v 7.22874165 -6.87875271 -0.65403128
v 6.75831461 -7.34146500 -0.65403128
v 6.25833511 -7.77207470 -0.65403128
v 5.73098993 -8.16869926 -0.65403128
v 5.17858410 -8.52960396 -0.65403128
v 4.60353374 -8.85321045 -0.65403128
v 4.00835371 -9.13810444 -0.65403128
v 3.39564586 -9.38303947 -0.65403128
v 2.76808977 -9.58694458 -0.65403128
v 2.12842941 -9.74892807 -0.65403128
v 1.47946203 -9.86828232 -0.65403128
v 0.82402539 -9.94448566 -0.65403128
v 0.16498545 -9.97720337 -0.65403128
v -0.49477592 -9.96629333 -0.65403128
v -1.15237379 -9.91180325 -0.65403128
v -1.80493259 -9.81397152 -0.65403128
v -2.44959879 -9.67322540 -0.65403128
v -3.08355355 -9.49018002 -0.65403128
v -3.70402479 -9.26563740 -0.65403128
v -4.30829954 -9.00057793 -0.65403128
v -4.89373493 -8.69616127 -0.65403128
v -5.45777082 -8.35371876 -0.65403128
v -5.99794197 -7.97474670 -0.65403128
v -6.51188517 -7.56090355 -0.65403128
v -6.99735403 -7.11399841 -0.65403128
v -7.45222473 -6.63598537 -0.65403128
v -7.87450886 -6.12895441 -0.65403128
v -8.26235962 -5.59512329 -0.65403128
v -8.61408138 -5.03682613 -0.65403128
v -8.92813683 -4.45650387 -0.65403128
v -9.20315075 -3.85669470 -0.65403128
v -9.43792152 -3.24002075 -0.65403128
v -9.63142300 -2.60917902 -0.65403128
v -9.78280926 -1.96692801 -0.65403128
v -9.89141655 -1.31607592 -0.65403128
v -9.95677185 -0.65946895 -0.65403128
v -9.97858906 0.00002187 -0.65403128
v -9.95677185 0.65951264 -0.65403128
v -9.89141655 1.31611967 -0.65403128
v -9.78280926 1.96697176 -0.65403128
v -9.63142300 2.60922289 -0.65403128
v -9.43792152 3.24006438 -0.65403128
v -9.20315075 3.85673833 -0.65403128
v -8.92813683 4.45654774 -0.65403128
v -8.61408138 5.03687000 -0.65403128
v -8.26235962 5.59516716 -0.65403128
v -7.87450886 6.12899828 -0.65403128
v -7.45222473 6.63602877 -0.65403128
v -6.99735403 7.11404181 -0.65403128
v -6.51188517 7.56094742 -0.65403128
v -5.99794197 7.97479057 -0.65403128
v -5.45777082 8.35376263 -0.65403128
v -4.89373493 8.69620514 -0.65403128
v -4.30829954 9.00062180 -0.65403128
v -3.70402479 9.26568127 -0.65403128
v -3.08355355 9.49022388 -0.65403128
v -2.44959879 9.67326927 -0.65403128
v -1.80493259 9.81401539 -0.65403128
v -1.15237379 9.91184711 -0.65403128
v -0.49477592 9.96633720 -0.65403128
v 0.16498545 9.97724724 -0.65403128
v 0.82402539 9.94452953 -0.65403128
v 1.47946203 9.86832619 -0.65403128
v 2.12842941 9.74897194 -0.65403128
v 2.76808977 9.58698845 -0.65403128
v 3.39564586 9.38308239 -0.65403128
v 4.00835371 9.13814735 -0.65403128
v 4.60353374 8.85325432 -0.65403128
v 5.17858410 8.52964687 -0.65403128
v 5.73098993 8.16874218 -0.65403128
v 6.25833511 7.77211809 -0.65403128
v 6.75831461 7.34150839 -0.65403128
v 7.22874165 6.87879658 -0.65403128
v 7.66755915 6.38600492 -0.65403128
v 8.07284832 5.86528969 -0.65403128
v 8.44283676 5.31892633 -0.65403128
v 8.77590752 4.74930525 -0.65403128
v 9.07060242 4.15891695 -0.65403128
v 9.32563496 3.55034256 -0.65403128
v 9.53988838 2.92624354 -0.65403128
v 9.71242619 2.28934884 -0.65403128
v 9.84249401 1.64244366 -0.65403128
v 9.92952347 0.98835653 -0.65403128
v 9.97313309 0.32994765 -0.65403128
v 10.00000000 0.00002187 0.00000000
v 9.99453259 -0.33061182 0.00000000
v 9.95082855 -0.99043345 0.00000000
v 9.86361313 -1.64592409 0.00000000
v 9.73326588 -2.29421735 0.00000000
v 9.56035805 -2.93247843 0.00000000
v 9.34564495 -3.55791664 0.00000000
v 9.09006500 -4.16779661 0.00000000
v 8.79473782 -4.75945187 0.00000000
v 8.46095276 -5.33029556 0.00000000
v 8.09016991 -5.87783051 0.00000000
v 7.68401098 -6.39966345 0.00000000
v 7.24425220 -6.89351225 0.00000000
v 6.77281570 -7.35721731 0.00000000
v 6.27176380 -7.78875113 0.00000000
v 5.74328661 -8.18622589 0.00000000
v 5.18969584 -8.54790497 0.00000000
v 4.61341143 -8.87220669 0.00000000
v 4.01695442 -9.15771103 0.00000000
v 3.40293169 -9.40317249 0.00000000
v 2.77402902 -9.60751534 0.00000000
v 2.13299632 -9.76984692 0.00000000
v 1.48263645 -9.88945675 0.00000000
v 0.82579345 -9.96582317 0.00000000
v 0.16533946 -9.99861145 0.00000000
v -0.49583754 -9.98767757 0.00000000
v -1.15484631 -9.93307114 0.00000000
v -1.80880535 -9.83502865 0.00000000
v -2.45485497 -9.69398117 0.00000000
v -3.09016991 -9.51054287 0.00000000
v -3.71197248 -9.28551865 0.00000000
v -4.31754351 -9.01989079 0.00000000
v -4.90423489 -8.71482086 0.00000000
v -5.46948147 -8.37164307 0.00000000
v -6.01081133 -7.99185801 0.00000000
v -6.52585745 -7.57712698 0.00000000
v -7.01236773 -7.12926245 0.00000000
v -7.46821499 -6.65022373 0.00000000
v -7.89140511 -6.14210510 0.00000000
v -8.28008842 -5.60712862 0.00000000
v -8.63256454 -5.04763365 0.00000000
v -8.94729328 -4.46606636 0.00000000
v -9.22289753 -3.86496973 0.00000000
v -9.45817280 -3.24697280 0.00000000
v -9.65208912 -2.61477757 0.00000000
v -9.80379963 -1.97114837 0.00000000
v -9.91264057 -1.31889987 0.00000000
v -9.97813606 -0.66088396 0.00000000
v -10.00000000 0.00002187 0.00000000
v -9.97813606 0.66092771 0.00000000
v -9.91264057 1.31894362 0.00000000
v -9.80379963 1.97119212 0.00000000
v -9.65208912 2.61482120 0.00000000
v -9.45817280 3.24701667 0.00000000
v -9.22289753 3.86501360 0.00000000
v -8.94729328 4.46610975 0.00000000
v -8.63256454 5.04767704 0.00000000
v -8.28008842 5.60717249 0.00000000
v -7.89140511 6.14214897 0.00000000
v -7.46821499 6.65026760 0.00000000
v -7.01236773 7.12930632 0.00000000
v -6.52585745 7.57717037 0.00000000
v -6.01081133 7.99190187 0.00000000
v -5.46948147 8.37168694 0.00000000
v -4.90423489 8.71486473 0.00000000
v -4.31754351 9.01993370 0.00000000
v -3.71197248 9.28556252 0.00000000
v -3.09016991 9.51058674 0.00000000
v -2.45485497 9.69402409 0.00000000
v -1.80880535 9.83507252 0.00000000
v -1.15484631 9.93311501 0.00000000
v -0.49583754 9.98772144 0.00000000
v 0.16533946 9.99865532 0.00000000
v 0.82579345 9.96586704 0.00000000
v 1.48263645 9.88950062 0.00000000
v 2.13299632 9.76988983 0.00000000
v 2.77402902 9.60755825 0.00000000
v 3.40293169 9.40321541 0.00000000
v 4.01695442 9.15775490 0.00000000
v 4.61341143 8.87224960 0.00000000
v 5.18969584 8.54794884 0.00000000
v 5.74328661 8.18626976 0.00000000
v 6.27176380 7.78879452 0.00000000
v 6.77281570 7.35726118 0.00000000
v 7.24425220 6.89355612 0.00000000
v 7.68401098 6.39970732 0.00000000
v 8.09016991 5.87787437 0.00000000
v 8.46095276 5.33033895 0.00000000
v 8.79473782 4.75949574 0.00000000
v 9.09006500 4.16784048 0.00000000
v 9.34564495 3.55796027 0.00000000
v 9.56035805 2.93252230 0.00000000
v 9.73326588 2.29426098 0.00000000
v 9.86361313 1.64596772 0.00000000
v 9.95082855 0.99047714 0.00000000
v 9.99453259 0.33065554 0.00000000
v 9.97858906 0.00002187 0.65403128
v 9.97313309 -0.32990393 0.65403128
v 9.92952347 -0.98831278 0.65403128
v 9.84249401 -1.64239991 0.65403128
v 9.71242619 -2.28930521 0.65403128
v 9.53988838 -2.92619991 0.65403128
v 9.32563496 -3.55029869 0.65403128
v 9.07060242 -4.15887308 0.65403128
v 8.77590752 -4.74926186 0.65403128
v 8.44283676 -5.31888294 0.65403128
v 8.07284832 -5.86524582 0.65403128
v 7.66755915 -6.38596153 0.65403128
v 7.22874165 -6.87875271 0.65403128
v 6.75831461 -7.34146500 0.65403128
v 6.25833511 -7.77207470 0.65403128
v 5.73098993 -8.16869926 0.65403128
v 5.17858410 -8.52960396 0.65403128
v 4.60353374 -8.85321045 0.65403128
v 4.00835371 -9.13810444 0.65403128
v 3.39564586 -9.38303947 0.65403128
v 2.76808977 -9.58694458 0.65403128
v 2.12842941 -9.74892807 0.65403128
v 1.47946203 -9.86828232 0.65403128
v 0.82402539 -9.94448566 0.65403128
v 0.16498545 -9.97720337 0.65403128
v -0.49477592 -9.96629333 0.65403128
v -1.15237379 -9.91180325 0.65403128
v -1.80493259 -9.81397152 0.65403128
v -2.44959879 -9.67322540 0.65403128
v -3.08355355 -9.49018002 0.65403128
v -3.70402479 -9.26563740 0.65403128
v -4.30829954 -9.00057793 0.65403128
v -4.89373493 -8.69616127 0.65403128
v -5.45777082 -8.35371876 0.65403128
v -5.99794197 -7.97474670 0.65403128
v -6.51188517 -7.56090355 0.65403128
v -6.99735403 -7.11399841 0.65403128
v -7.45222473 -6.63598537 0.65403128
v -7.87450886 -6.12895441 0.65403128
v -8.26235962 -5.59512329 0.65403128
v -8.61408138 -5.03682613 0.65403128
v -8.92813683 -4.45650387 0.65403128
v -9.20315075 -3.85669470 0.65403128
v -9.43792152 -3.24002075 0.65403128
v -9.63142300 -2.60917902 0.65403128
v -9.78280926 -1.96692801 0.65403128
v -9.89141655 -1.31607592 0.65403128
v -9.95677185 -0.65946895 0.65403128
v -9.97858906 0.00002187 0.65403128
v -9.95677185 0.65951264 0.65403128
v -9.89141655 1.31611967 0.65403128
v -9.78280926 1.96697176 0.65403128
v -9.63142300 2.60922289 0.65403128
v -9.43792152 3.24006438 0.65403128
v -9.20315075 3.85673833 0.65403128
v -8.92813683 4.45654774 0.65403128
v -8.61408138 5.03687000 0.65403128
v -8.26235962 5.59516716 0.65403128
v -7.87450886 6.12899828 0.65403128
v -7.45222473 6.63602877 0.65403128
v -6.99735403 7.11404181 0.65403128
v -6.51188517 7.56094742 0.65403128
v -5.99794197 7.97479057 0.65403128
v -5.45777082 8.35376263 0.65403128
v -4.89373493 8.69620514 0.65403128
v -4.30829954 9.00062180 0.65403128
v -3.70402479 9.26568127 0.65403128
v -3.08355355 9.49022388 0.65403128
v -2.44959879 9.67326927 0.65403128
v -1.80493259 9.81401539 0.65403128
v -1.15237379 9.91184711 0.65403128
v -0.49477592 9.96633720 0.65403128
v 0.16498545 9.97724724 0.65403128
v 0.82402539 9.94452953 0.65403128
v 1.47946203 9.86832619 0.65403128
v 2.12842941 9.74897194 0.65403128
v 2.76808977 9.58698845 0.65403128
v 3.39564586 9.38308239 0.65403128
v 4.00835371 9.13814735 0.65403128
v 4.60353374 8.85325432 0.65403128
v 5.17858410 8.52964687 0.65403128
v 5.73098993 8.16874218 0.65403128
v 6.25833511 7.77211809 0.65403128
v 6.75831461 7.34150839 0.65403128
v 7.22874165 6.87879658 0.65403128
v 7.66755915 6.38600492 0.65403128
v 8.07284832 5.86528969 0.65403128
v 8.44283676 5.31892633 0.65403128
v 8.77590752 4.74930525 0.65403128
v 9.07060242 4.15891695 0.65403128
v 9.32563496 3.55034256 0.65403128
v 9.53988838 2.92624354 0.65403128
v 9.71242619 2.28934884 0.65403128
v 9.84249401 1.64244366 0.65403128
v 9.92952347 0.98835653 0.65403128
v 9.97313309 0.32994765 0.65403128
v 9.91444874 0.00002187 1.30526197
v 9.90902805 -0.32778320 1.30526197
v 9.86569786 -0.98195994 1.30526197
v 9.77922821 -1.63184273 1.30526197
v 9.64999676 -2.27458978 1.30526197
v 9.47856808 -2.90739059 1.30526197
v 9.26569176 -3.52747798 1.30526197
v 9.01229858 -4.13214064 1.30526197
v 8.71949768 -4.71873426 1.30526197
v 8.38856792 -5.28469372 1.30526197
v 8.02095699 -5.82754469 1.30526197
v 7.61827326 -6.34491348 1.30526197
v 7.18227625 -6.83453703 1.30526197
v 6.71487331 -7.29427481 1.30526197
v 6.21810770 -7.72211695 1.30526197
v 5.69415188 -8.11619186 1.30526197
v 5.14529705 -8.47477627 1.30526197
v 4.57394314 -8.79630280 1.30526197
v 3.98258853 -9.07936573 1.30526197
v 3.37381911 -9.32272625 1.30526197
v 2.75029683 -9.52532101 1.30526197
v 2.11474824 -9.68626404 1.30526197
v 1.46995234 -9.80485058 1.30526197
v 0.81872869 -9.88056374 1.30526197
v 0.16392495 -9.91307163 1.30526197
v -0.49159560 -9.90223122 1.30526197
v -1.14496648 -9.84809208 1.30526197
v -1.79333079 -9.75088882 1.30526197
v -2.43385315 -9.61104679 1.30526197
v -3.06373310 -9.42917919 1.30526197
v -3.68021607 -9.20607948 1.30526197
v -4.28060627 -8.94272423 1.30526197
v -4.86227846 -8.64026356 1.30526197
v -5.42268944 -8.30002213 1.30526197
v -5.95938826 -7.92348623 1.30526197
v -6.47002792 -7.51230335 1.30526197
v -6.95237589 -7.06827068 1.30526197
v -7.40432310 -6.59332991 1.30526197
v -7.82389307 -6.08955860 1.30526197
v -8.20925140 -5.55915880 1.30526197
v -8.55871201 -5.00445032 1.30526197
v -8.87074757 -4.42785835 1.30526197
v -9.14399433 -3.83190417 1.30526197
v -9.37725639 -3.21919441 1.30526197
v -9.56951427 -2.59240746 1.30526197
v -9.71992683 -1.95428479 1.30526197
v -9.82783699 -1.30761623 1.30526197
v -9.89277172 -0.65522987 1.30526197
v -9.91444874 0.00002187 1.30526197
v -9.89277172 0.65527356 1.30526197
v -9.82783699 1.30765998 1.30526197
v -9.71992683 1.95432854 1.30526197
v -9.56951427 2.59245133 1.30526197
v -9.37725639 3.21923804 1.30526197
v -9.14399433 3.83194804 1.30526197
v -8.87074757 4.42790174 1.30526197
v -8.55871201 5.00449371 1.30526197
v -8.20925140 5.55920267 1.30526197
v -7.82389307 6.08960247 1.30526197
v -7.40432310 6.59337378 1.30526197
v -6.95237589 7.06831455 1.30526197
v -6.47002792 7.51234722 1.30526197
v -5.95938826 7.92353010 1.30526197
v -5.42268944 8.30006599 1.30526197
v -4.86227846 8.64030743 1.30526197
v -4.28060627 8.94276714 1.30526197
v -3.68021607 9.20612335 1.30526197
v -3.06373310 9.42922306 1.30526197
v -2.43385315 9.61109066 1.30526197
v -1.79333079 9.75093269 1.30526197
v -1.14496648 9.84813595 1.30526197
v -0.49159560 9.90227509 1.30526197
v 0.16392495 9.91311550 1.30526197
v 0.81872869 9.88060760 1.30526197
v 1.46995234 9.80489445 1.30526197
v 2.11474824 9.68630791 1.30526197
v 2.75029683 9.52536488 1.30526197
v 3.37381911 9.32277012 1.30526197
v 3.98258853 9.07940960 1.30526197
v 4.57394314 8.79634666 1.30526197
v 5.14529705 8.47482014 1.30526197
v 5.69415188 8.11623573 1.30526197
v 6.21810770 7.72216082 1.30526197
v 6.71487331 7.29431868 1.30526197
v 7.18227625 6.83458090 1.30526197
v 7.61827326 6.34495687 1.30526197
v 8.02095699 5.82758856 1.30526197
v 8.38856792 5.28473759 1.30526197
v 8.71949768 4.71877766 1.30526197
v 9.01229858 4.13218403 1.30526197
v 9.26569176 3.52752161 1.30526197
v 9.47856808 2.90743423 1.30526197
v 9.64999676 2.27463365 1.30526197
v 9.77922821 1.63188648 1.30526197
v 9.86569786 0.98200369 1.30526197
v 9.90902805 0.32782695 1.30526197
v 9.80785275 0.00002187 1.95090318
v 9.80249023 -0.32425880 1.95090318
v 9.75962639 -0.97140211 1.95090318
v 9.67408657 -1.61429763 1.95090318
v 9.54624367 -2.25013423 1.95090318
v 9.37665844 -2.87613130 1.95090318
v 9.16607094 -3.48955178 1.95090318
v 8.91540241 -4.08771324 1.95090318
v 8.62574863 -4.66800022 1.95090318
v 8.29837799 -5.22787476 1.95090318
v 7.93471956 -5.76488924 1.95090318
v 7.53636503 -6.27669525 1.95090318
v 7.10505581 -6.76105499 1.95090318
v 6.64267778 -7.21584988 1.95090318
v 6.15125322 -7.63909197 1.95090318
v 5.63293076 -8.02892971 1.95090318
v 5.08997726 -8.38365936 1.95090318
v 4.52476645 -8.70172882 1.95090318
v 3.93976951 -8.98174858 1.95090318
v 3.33754539 -9.22249222 1.95090318
v 2.72072697 -9.42290878 1.95090318
v 2.09201145 -9.58212090 1.95090318
v 1.45414805 -9.69943333 1.95090318
v 0.80992609 -9.77433205 1.95090318
v 0.16216250 -9.80648994 1.95090318
v -0.48631015 -9.79576683 1.95090318
v -1.13265634 -9.74220943 1.95090318
v -1.77404964 -9.64605141 1.95090318
v -2.40768552 -9.50771332 1.95090318
v -3.03079319 -9.32780075 1.95090318
v -3.64064789 -9.10709953 1.95090318
v -4.23458290 -8.84657574 1.95090318
v -4.81000137 -8.54736710 1.95090318
v -5.36438704 -8.21078396 1.95090318
v -5.89531565 -7.83829641 1.95090318
v -6.40046501 -7.43153381 1.95090318
v -6.87762737 -6.99227524 1.95090318
v -7.32471514 -6.52244139 1.95090318
v -7.73977375 -6.02408600 1.95090318
v -8.12098885 -5.49938869 1.95090318
v -8.46669292 -4.95064402 1.95090318
v -8.77537346 -4.38025141 1.95090318
v -9.04568195 -3.79070520 1.95090318
v -9.27643585 -3.18458271 1.95090318
v -9.46662712 -2.56453490 1.95090318
v -9.61542225 -1.93327296 1.95090318
v -9.72217178 -1.29355717 1.95090318
v -9.78640938 -0.64818484 1.95090318
v -9.80785275 0.00002187 1.95090318
v -9.78640938 0.64822859 1.95090318
v -9.72217178 1.29360092 1.95090318
v -9.61542225 1.93331671 1.95090318
v -9.46662712 2.56457853 1.95090318
v -9.27643585 3.18462658 1.95090318
v -9.04568195 3.79074883 1.95090318
v -8.77537346 4.38029528 1.95090318
v -8.46669292 4.95068789 1.95090318
v -8.12098885 5.49943256 1.95090318
v -7.73977375 6.02412987 1.95090318
v -7.32471514 6.52248478 1.95090318
v -6.87762737 6.99231911 1.95090318
v -6.40046501 7.43157768 1.95090318
v -5.89531565 7.83834028 1.95090318
v -5.36438704 8.21082783 1.95090318
v -4.81000137 8.54741096 1.95090318
v -4.23458290 8.84661865 1.95090318
v -3.64064789 9.10714340 1.95090318
v -3.03079319 9.32784462 1.95090318
v -2.40768552 9.50775719 1.95090318
v -1.77404964 9.64609528 1.95090318
v -1.13265634 9.74225330 1.95090318
v -0.48631015 9.79581070 1.95090318
v 0.16216250 9.80653381 1.95090318
v 0.80992609 9.77437592 1.95090318
v 1.45414805 9.69947720 1.95090318
v 2.09201145 9.58216476 1.95090318
v 2.72072697 9.42295265 1.95090318
v 3.33754539 9.22253609 1.95090318
v 3.93976951 8.98179150 1.95090318
v 4.52476645 8.70177269 1.95090318
v 5.08997726 8.38370323 1.95090318
v 5.63293076 8.02897358 1.95090318
v 6.15125322 7.63913536 1.95090318
v 6.64267778 7.21589375 1.95090318
v 7.10505581 6.76109886 1.95090318
v 7.53636503 6.27673912 1.95090318
v 7.93471956 5.76493311 1.95090318
v 8.29837799 5.22791862 1.95090318
v 8.62574863 4.66804361 1.95090318
v 8.91540241 4.08775711 1.95090318
v 9.16607094 3.48959565 1.95090318
v 9.37665844 2.87617517 1.95090318
v 9.54624367 2.25017786 1.95090318
v 9.67408657 1.61434138 1.95090318
v 9.75962639 0.97144586 1.95090318
v 9.80249023 0.32430252 1.95090318
v 9.65925789 0.00002187 2.58819056
v 9.65397739 -0.31934577 2.58819056
v 9.61176300 -0.95668447 2.58819056
v 9.52751827 -1.58983982 2.58819056
v 9.40161324 -2.21604300 2.58819056
v 9.23459625 -2.83255601 2.58819056
v 9.02719975 -3.43668270 2.58819056
v 8.78032875 -4.02578163 2.58819056
v 8.49506378 -4.59727669 2.58819056
v 8.17265224 -5.14866924 2.58819056
v 7.81450415 -5.67754745 2.58819056
v 7.42218494 -6.18159962 2.58819056
v 6.99741030 -6.65862083 2.58819056
v 6.54203749 -7.10652542 2.58819056
v 6.05805826 -7.52335501 2.58819056
v 5.54758883 -7.90728664 2.58819056
v 5.01286125 -8.25664139 2.58819056
v 4.45621347 -8.56989288 2.58819056
v 3.88007975 -8.84566879 2.58819056
v 3.28697968 -9.08276558 2.58819056
v 2.67950630 -9.28014565 2.58819056
v 2.06031632 -9.43694592 2.58819056
v 1.43211687 -9.55248070 2.58819056
v 0.79765522 -9.62624550 2.58819056
v 0.15970564 -9.65791607 2.58819056
v -0.47894230 -9.64735508 2.58819056
v -1.11549592 -9.59460926 2.58819056
v -1.74717176 -9.49990749 2.58819056
v -2.37120771 -9.36366558 2.58819056
v -2.98487496 -9.18647861 2.58819056
v -3.58548999 -8.96912098 2.58819056
v -4.17042685 -8.71254444 2.58819056
v -4.73712730 -8.41786957 2.58819056
v -5.28311348 -8.08638573 2.58819056
v -5.80599785 -7.71954155 2.58819056
v -6.30349445 -7.31894159 2.58819056
v -6.77342701 -6.88633823 2.58819056
v -7.21374130 -6.42362213 2.58819056
v -7.62251186 -5.93281746 2.58819056
v -7.99795103 -5.41606951 2.58819056
v -8.33841705 -4.87563896 2.58819056
v -8.64242172 -4.31388807 2.58819056
v -8.90863514 -3.73327351 2.58819056
v -9.13589287 -3.13633418 2.58819056
v -9.32320213 -2.52568030 2.58819056
v -9.46974373 -1.90398240 2.58819056
v -9.57487583 -1.27395868 2.58819056
v -9.63813972 -0.63836414 2.58819056
v -9.65925789 0.00002187 2.58819056
v -9.63813972 0.63840789 2.58819056
v -9.57487583 1.27400243 2.58819056
v -9.46974373 1.90402615 2.58819056
v -9.32320213 2.52572417 2.58819056
v -9.13589287 3.13637781 2.58819056
v -8.90863514 3.73331714 2.58819056
v -8.64242172 4.31393147 2.58819056
v -8.33841705 4.87568235 2.58819056
v -7.99795103 5.41611338 2.58819056
v -7.62251186 5.93286085 2.58819056
v -7.21374130 6.42366600 2.58819056
v -6.77342701 6.88638210 2.58819056
v -6.30349445 7.31898546 2.58819056
v -5.80599785 7.71958494 2.58819056
v -5.28311348 8.08642864 2.58819056
v -4.73712730 8.41791344 2.58819056
v -4.17042685 8.71258831 2.58819056
v -3.58548999 8.96916485 2.58819056
v -2.98487496 9.18652248 2.58819056
v -2.37120771 9.36370945 2.58819056
v -1.74717176 9.49995136 2.58819056
v -1.11549592 9.59465218 2.58819056
v -0.47894230 9.64739895 2.58819056
v 0.15970564 9.65795994 2.58819056
v 0.79765522 9.62628841 2.58819056
v 1.43211687 9.55252457 2.58819056
v 2.06031632 9.43698978 2.58819056
v 2.67950630 9.28018951 2.58819056
v 3.28697968 9.08280945 2.58819056
v 3.88007975 8.84571266 2.58819056
v 4.45621347 8.56993580 2.58819056
v 5.01286125 8.25668526 2.58819056
v 5.54758883 7.90733051 2.58819056
v 6.05805826 7.52339888 2.58819056
v 6.54203749 7.10656929 2.58819056
v 6.99741030 6.65866470 2.58819056
v 7.42218494 6.18164349 2.58819056
v 7.81450415 5.67759132 2.58819056
v 8.17265224 5.14871311 2.58819056
v 8.49506378 4.59732056 2.58819056
v 8.78032875 4.02582550 2.58819056
v 9.02719975 3.43672657 2.58819056
v 9.23459625 2.83259964 2.58819056
v 9.40161324 2.21608686 2.58819056
v 9.52751827 1.58988357 2.58819056
v 9.61176300 0.95672822 2.58819056
v 9.65397739 0.31938949 2.58819056
v 9.46930122 0.00002187 3.21439457
v 9.46412373 -0.31306514 3.21439457
v 9.42273998 -0.93787009 3.21439457
v 9.34015274 -1.55857396 3.21439457
v 9.21672249 -2.17246246 3.21439457
v 9.05299091 -2.77685118 3.21439457
v 8.84967232 -3.36909723 3.21439457
v 8.60765648 -3.94661117 3.21439457
v 8.32800198 -4.50686741 3.21439457
v 8.01193047 -5.04741621 3.21439457
v 7.66082573 -5.56589365 3.21439457
v 7.27622175 -6.06003284 3.21439457
v 6.85980034 -6.52767324 3.21439457
v 6.41338348 -6.96676970 3.21439457
v 5.93892193 -7.37540197 3.21439457
v 5.43849134 -7.75178337 3.21439457
v 4.91427946 -8.09426785 3.21439457
v 4.36857843 -8.40135860 3.21439457
v 3.80377507 -8.67171192 3.21439457
v 3.22233868 -8.90414619 3.21439457
v 2.62681174 -9.09764385 3.21439457
v 2.01979852 -9.25136089 3.21439457
v 1.40395319 -9.36462307 3.21439457
v 0.78196871 -9.43693733 3.21439457
v 0.15656491 -9.46798515 3.21439457
v -0.46952352 -9.45763206 3.21439457
v -1.09355879 -9.40592289 3.21439457
v -1.71281230 -9.31308365 3.21439457
v -2.32457614 -9.17952156 3.21439457
v -2.92617512 -9.00581837 3.21439457
v -3.51497865 -8.79273605 3.21439457
v -4.08841228 -8.54120445 3.21439457
v -4.64396811 -8.25232506 3.21439457
v -5.17921686 -7.92735958 3.21439457
v -5.69181871 -7.56772995 3.21439457
v -6.17953110 -7.17500830 3.21439457
v -6.64022255 -6.75091219 3.21439457
v -7.07187748 -6.29729605 3.21439457
v -7.47260904 -5.81614351 3.21439457
v -7.84066486 -5.30955791 3.21439457
v -8.17443562 -4.77975512 3.21439457
v -8.47246170 -4.22905159 3.21439457
v -8.73343945 -3.65985513 3.21439457
v -8.95622826 -3.07465529 3.21439457
v -9.13985443 -2.47601056 3.21439457
v -9.28351307 -1.86653864 3.21439457
v -9.38657856 -1.24890482 3.21439457
v -9.44859791 -0.62580979 3.21439457
v -9.46930122 0.00002187 3.21439457
v -9.44859791 0.62585354 3.21439457
v -9.38657856 1.24894857 3.21439457
v -9.28351307 1.86658239 3.21439457
v -9.13985443 2.47605419 3.21439457
v -8.95622826 3.07469893 3.21439457
v -8.73343945 3.65989900 3.21439457
v -8.47246170 4.22909498 3.21439457
v -8.17443562 4.77979898 3.21439457
v -7.84066486 5.30960178 3.21439457
v -7.47260904 5.81618690 3.21439457
v -7.07187748 6.29733992 3.21439457
v -6.64022255 6.75095606 3.21439457
v -6.17953110 7.17505217 3.21439457
v -5.69181871 7.56777382 3.21439457
v -5.17921686 7.92740345 3.21439457
v -4.64396811 8.25236893 3.21439457
v -4.08841228 8.54124832 3.21439457
v -3.51497865 8.79277992 3.21439457
v -2.92617512 9.00586224 3.21439457
v -2.32457614 9.17956543 3.21439457
v -1.71281230 9.31312752 3.21439457
v -1.09355879 9.40596676 3.21439457
v -0.46952352 9.45767593 3.21439457
v 0.15656491 9.46802902 3.21439457
v 0.78196871 9.43698025 3.21439457
v 1.40395319 9.36466694 3.21439457
v 2.01979852 9.25140476 3.21439457
v 2.62681174 9.09768772 3.21439457
v 3.22233868 8.90418911 3.21439457
v 3.80377507 8.67175579 3.21439457
v 4.36857843 8.40140247 3.21439457
v 4.91427946 8.09431171 3.21439457
v 5.43849134 7.75182676 3.21439457
v 5.93892193 7.37544537 3.21439457
v 6.41338348 6.96681309 3.21439457
v 6.85980034 6.52771711 3.21439457
v 7.27622175 6.06007671 3.21439457
v 7.66082573 5.56593752 3.21439457
v 8.01193047 5.04746008 3.21439457
v 8.32800198 4.50691128 3.21439457
v 8.60765648 3.94665480 3.21439457
v 8.84967232 3.36914110 3.21439457
v 9.05299091 2.77689481 3.21439457
v 9.21672249 2.17250609 3.21439457
v 9.34015274 1.55861759 3.21439457
v 9.42273998 0.93791384 3.21439457
v 9.46412373 0.31310886 3.21439457
v 9.23879528 0.00002187 3.82683444
v 9.23374367 -0.30544382 3.82683444
v 9.19336700 -0.91503954 3.82683444
v 9.11279011 -1.52063382 3.82683444
v 8.99236488 -2.11957884 3.82683444
v 8.83261871 -2.70925522 3.82683444
v 8.63424969 -3.28708458 3.82683444
v 8.39812565 -3.85054040 3.82683444
v 8.12527752 -4.39715862 3.82683444
v 7.81690073 -4.92454910 3.82683444
v 7.47434235 -5.43040562 3.82683444
v 7.09910059 -5.91251659 3.82683444
v 6.69281626 -6.36877298 3.82683444
v 6.25726604 -6.79718065 3.82683444
v 5.79435396 -7.19586611 3.82683444
v 5.30610514 -7.56308508 3.82683444
v 4.79465389 -7.89723301 3.82683444
v 4.26223660 -8.19684792 3.82683444
v 3.71118188 -8.46062088 3.82683444
v 3.14389896 -8.68739605 3.82683444
v 2.56286860 -8.87618446 3.82683444
v 1.97063160 -9.02615929 3.82683444
v 1.36977744 -9.13666534 3.82683444
v 0.76293367 -9.20721817 3.82683444
v 0.15275373 -9.23751068 3.82683444
v -0.45809415 -9.22740936 3.82683444
v -1.06693888 -9.17695904 3.82683444
v -1.67111826 -9.08638000 3.82683444
v -2.26799011 -8.95606899 3.82683444
v -2.85494471 -8.78659439 3.82683444
v -3.42941546 -8.57869911 3.82683444
v -3.98889017 -8.33329010 3.82683444
v -4.53092241 -8.05144310 3.82683444
v -5.05314207 -7.73438787 3.82683444
v -5.55326557 -7.38351250 3.82683444
v -6.02910614 -7.00035095 3.82683444
v -6.47858334 -6.58657837 3.82683444
v -6.89973068 -6.14400387 3.82683444
v -7.29070759 -5.67456388 3.82683444
v -7.64980412 -5.18030977 3.82683444
v -7.97545004 -4.66340351 3.82683444
v -8.26622105 -4.12610531 3.82683444
v -8.52084637 -3.57076478 3.82683444
v -8.73821163 -2.99980998 3.82683444
v -8.91736794 -2.41573787 3.82683444
v -9.05752945 -1.82110202 3.82683444
v -9.15808582 -1.21850288 3.82683444
v -9.21859550 -0.61057550 3.82683444
v -9.23879528 0.00002187 3.82683444
v -9.21859550 0.61061925 3.82683444
v -9.15808582 1.21854663 3.82683444
v -9.05752945 1.82114577 3.82683444
v -8.91736794 2.41578150 3.82683444
v -8.73821163 2.99985385 3.82683444
v -8.52084637 3.57080865 3.82683444
v -8.26622105 4.12614918 3.82683444
v -7.97545004 4.66344738 3.82683444
v -7.64980412 5.18035364 3.82683444
v -7.29070759 5.67460728 3.82683444
v -6.89973068 6.14404774 3.82683444
v -6.47858334 6.58662176 3.82683444
v -6.02910614 7.00039434 3.82683444
v -5.55326557 7.38355637 3.82683444
v -5.05314207 7.73443174 3.82683444
v -4.53092241 8.05148602 3.82683444
v -3.98889017 8.33333397 3.82683444
v -3.42941546 8.57874298 3.82683444
v -2.85494471 8.78663826 3.82683444
v -2.26799011 8.95611286 3.82683444
v -1.67111826 9.08642387 3.82683444
v -1.06693888 9.17700291 3.82683444
v -0.45809415 9.22745323 3.82683444
v 0.15275373 9.23755455 3.82683444
v 0.76293367 9.20726204 3.82683444
v 1.36977744 9.13670921 3.82683444
v 1.97063160 9.02620316 3.82683444
v 2.56286860 8.87622833 3.82683444
v 3.14389896 8.68743992 3.82683444
v 3.71118188 8.46066380 3.82683444
v 4.26223660 8.19689178 3.82683444
v 4.79465389 7.89727688 3.82683444
v 5.30610514 7.56312895 3.82683444
v 5.79435396 7.19590950 3.82683444
v 6.25726604 6.79722452 3.82683444
v 6.69281626 6.36881685 3.82683444
v 7.09910059 5.91256046 3.82683444
v 7.47434235 5.43044949 3.82683444
v 7.81690073 4.92459297 3.82683444
v 8.12527752 4.39720249 3.82683444
v 8.39812565 3.85058427 3.82683444
v 8.63424969 3.28712845 3.82683444
v 8.83261871 2.70929885 3.82683444
v 8.99236488 2.11962247 3.82683444
v 9.11279011 1.52067757 3.82683444
v 9.19336700 0.91508323 3.82683444
v 9.23374367 0.30548757 3.82683444
v 8.96872711 0.00002187 4.42288685
v 8.96382427 -0.29651448 4.42288685
v 8.92462730 -0.88829052 4.42288685
v 8.84640598 -1.47618210 4.42288685
v 8.72950077 -2.05761862 4.42288685
v 8.57442474 -2.63005781 4.42288685
v 8.38185406 -3.19099617 4.42288685
v 8.15263176 -3.73798108 4.42288685
v 7.88776016 -4.26862049 4.42288685
v 7.58839750 -4.78059435 4.42288685
v 7.25585270 -5.27166367 4.42288685
v 6.89158010 -5.73968172 4.42288685
v 6.49717236 -6.18260098 4.42288685
v 6.07435369 -6.59848547 4.42288685
v 5.62497377 -6.98551607 4.42288685
v 5.15099716 -7.34200096 4.42288685
v 4.65449667 -7.66638088 4.42288685
v 4.13764334 -7.95723772 4.42288685
v 3.60269666 -8.21329975 4.42288685
v 3.05199671 -8.43344688 4.42288685
v 2.48795104 -8.61671638 4.42288685
v 1.91302621 -8.76230717 4.42288685
v 1.32973623 -8.86958218 4.42288685
v 0.74063164 -8.93807316 4.42288685
v 0.14828844 -8.96747971 4.42288685
v -0.44470319 -8.95767403 4.42288685
v -1.03575027 -8.90869808 4.42288685
v -1.62226820 -8.82076740 4.42288685
v -2.20169234 -8.69426441 4.42288685
v -2.77148914 -8.52974510 4.42288685
v -3.32916689 -8.32792664 4.42288685
v -3.87228703 -8.08969116 4.42288685
v -4.39847469 -7.81608295 4.42288685
v -4.90542889 -7.50829601 4.42288685
v -5.39093304 -7.16767740 4.42288685
v -5.85286379 -6.79571629 4.42288685
v -6.28920174 -6.39403915 4.42288685
v -6.69803810 -5.96440220 4.42288685
v -7.07758617 -5.50868464 4.42288685
v -7.42618561 -5.02887869 4.42288685
v -7.74231195 -4.52708244 4.42288685
v -8.02458382 -4.00549078 4.42288685
v -8.27176571 -3.46638393 4.42288685
v -8.48277664 -2.91211915 4.42288685
v -8.65669537 -2.34512043 4.42288685
v -8.79276085 -1.76786697 4.42288685
v -8.89037704 -1.18288302 4.42288685
v -8.94911861 -0.59272659 4.42288685
v -8.96872711 0.00002187 4.42288685
v -8.94911861 0.59277028 4.42288685
v -8.89037704 1.18292677 4.42288685
v -8.79276085 1.76791072 4.42288685
v -8.65669537 2.34516430 4.42288685
v -8.48277664 2.91216278 4.42288685
v -8.27176571 3.46642756 4.42288685
v -8.02458382 4.00553465 4.42288685
v -7.74231195 4.52712631 4.42288685
v -7.42618561 5.02892256 4.42288685
v -7.07758617 5.50872803 4.42288685
v -6.69803810 5.96444607 4.42288685
v -6.28920174 6.39408255 4.42288685
v -5.85286379 6.79576015 4.42288685
v -5.39093304 7.16772127 4.42288685
v -4.90542889 7.50833988 4.42288685
v -4.39847469 7.81612635 4.42288685
v -3.87228703 8.08973503 4.42288685
v -3.32916689 8.32796955 4.42288685
v -2.77148914 8.52978897 4.42288685
v -2.20169234 8.69430828 4.42288685
v -1.62226820 8.82081032 4.42288685
v -1.03575027 8.90874195 4.42288685
v -0.44470319 8.95771790 4.42288685
v 0.14828844 8.96752357 4.42288685
v 0.74063164 8.93811607 4.42288685
v 1.32973623 8.86962605 4.42288685
v 1.91302621 8.76235008 4.42288685
v 2.48795104 8.61675930 4.42288685
v 3.05199671 8.43348980 4.42288685
v 3.60269666 8.21334362 4.42288685
v 4.13764334 7.95728159 4.42288685
v 4.65449667 7.66642475 4.42288685
v 5.15099716 7.34204483 4.42288685
v 5.62497377 6.98555994 4.42288685
v 6.07435369 6.59852886 4.42288685
v 6.49717236 6.18264484 4.42288685
v 6.89158010 5.73972511 4.42288685
v 7.25585270 5.27170753 4.42288685
v 7.58839750 4.78063822 4.42288685
v 7.88776016 4.26866436 4.42288685
v 8.15263176 3.73802471 4.42288685
v 8.38185406 3.19103980 4.42288685
v 8.57442474 2.63010144 4.42288685
v 8.72950077 2.05766249 4.42288685
v 8.84640598 1.47622585 4.42288685
v 8.92462730 0.88833421 4.42288685
v 8.96382427 0.29655820 4.42288685
v 8.66025448 0.00002187 5.00000000
v 8.65551949 -0.28631532 5.00000000
v 8.61767101 -0.85773760 5.00000000
v 8.54213905 -1.42540908 5.00000000
v 8.42925549 -1.98684752 5.00000000
v 8.27951241 -2.53959799 5.00000000
v 8.09356594 -3.08124328 5.00000000
v 7.87222767 -3.60941482 5.00000000
v 7.61646605 -4.12180328 5.00000000
v 7.32739973 -4.61616850 5.00000000
v 7.00629282 -5.09034777 5.00000000
v 6.65454865 -5.54226828 5.00000000
v 6.27370644 -5.96995401 5.00000000
v 5.86543036 -6.37153387 5.00000000
v 5.43150663 -6.74525309 5.00000000
v 4.97383213 -7.08947706 5.00000000
v 4.49440813 -7.40269995 5.00000000
v 3.99533176 -7.68355322 5.00000000
v 3.47878432 -7.93080759 5.00000000
v 2.94702530 -8.14338303 5.00000000
v 2.40237975 -8.32034874 5.00000000
v 1.84722900 -8.46093273 5.00000000
v 1.28400087 -8.56451797 5.00000000
v 0.71515810 -8.63065338 5.00000000
v 0.14318816 -8.65904808 5.00000000
v -0.42940792 -8.64958000 5.00000000
v -1.00012624 -8.60228825 5.00000000
v -1.56647134 -8.51738167 5.00000000
v -2.12596679 -8.39523029 5.00000000
v -2.67616558 -8.23636913 5.00000000
v -3.21466255 -8.04149246 5.00000000
v -3.73910236 -7.81145144 5.00000000
v -4.24719191 -7.54725313 5.00000000
v -4.73671007 -7.25005245 5.00000000
v -5.20551538 -6.92114925 5.00000000
v -5.65155840 -6.56198120 5.00000000
v -6.07288885 -6.17411947 5.00000000
v -6.46766376 -5.75925970 5.00000000
v -6.83415747 -5.31921625 5.00000000
v -7.17076683 -4.85591316 5.00000000
v -7.47602034 -4.37137604 5.00000000
v -7.74858332 -3.86772394 5.00000000
v -7.98726368 -3.34715915 5.00000000
v -8.19101715 -2.81195807 5.00000000
v -8.35895443 -2.26446080 5.00000000
v -8.49033928 -1.70706165 5.00000000
v -8.58459854 -1.14219785 5.00000000
v -8.64131927 -0.57233936 5.00000000
v -8.66025448 0.00002187 5.00000000
v -8.64131927 0.57238311 5.00000000
v -8.58459854 1.14224160 5.00000000
v -8.49033928 1.70710540 5.00000000
v -8.35895443 2.26450467 5.00000000
v -8.19101715 2.81200171 5.00000000
v -7.98726368 3.34720278 5.00000000
v -7.74858332 3.86776757 5.00000000
v -7.47602034 4.37141943 5.00000000
v -7.17076683 4.85595655 5.00000000
v -6.83415747 5.31926012 5.00000000
v -6.46766376 5.75930357 5.00000000
v -6.07288885 6.17416334 5.00000000
v -5.65155840 6.56202507 5.00000000
v -5.20551538 6.92119312 5.00000000
v -4.73671007 7.25009632 5.00000000
v -4.24719191 7.54729700 5.00000000
v -3.73910236 7.81149483 5.00000000
v -3.21466255 8.04153538 5.00000000
v -2.67616558 8.23641300 5.00000000
v -2.12596679 8.39527416 5.00000000
v -1.56647134 8.51742554 5.00000000
v -1.00012624 8.60233212 5.00000000
v -0.42940792 8.64962387 5.00000000
v 0.14318816 8.65909195 5.00000000
v 0.71515810 8.63069630 5.00000000
v 1.28400087 8.56456184 5.00000000
v 1.84722900 8.46097565 5.00000000
v 2.40237975 8.32039261 5.00000000
v 2.94702530 8.14342690 5.00000000
v 3.47878432 7.93085146 5.00000000
v 3.99533176 7.68359709 5.00000000
v 4.49440813 7.40274382 5.00000000
v 4.97383213 7.08952093 5.00000000
v 5.43150663 6.74529696 5.00000000
v 5.86543036 6.37157774 5.00000000
v 6.27370644 5.96999741 5.00000000
v 6.65454865 5.54231215 5.00000000
v 7.00629282 5.09039164 5.00000000
v 7.32739973 4.61621189 5.00000000
v 7.61646605 4.12184715 5.00000000
v 7.87222767 3.60945868 5.00000000
v 8.09356594 3.08128691 5.00000000
v 8.27951241 2.53964162 5.00000000
v 8.42925549 1.98689127 5.00000000
v 8.54213905 1.42545283 5.00000000
v 8.61767101 0.85778129 5.00000000
v 8.65551949 0.28635904 5.00000000
v 8.31469631 0.00002187 5.55570221
v 8.31015015 -0.27489001 5.55570221
v 8.27381229 -0.82351160 5.55570221
v 8.20129490 -1.36853218 5.55570221
v 8.09291458 -1.90756834 5.55570221
v 7.94914722 -2.43826318 5.55570221
v 7.77061939 -2.95829582 5.55570221
v 7.55811310 -3.46539259 5.55570221
v 7.31255722 -3.95733619 5.55570221
v 7.03502512 -4.43197489 5.55570221
v 6.72673035 -4.88723373 5.55570221
v 6.38902187 -5.32112217 5.55570221
v 6.02337551 -5.73174238 5.55570221
v 5.63139057 -6.11729908 5.55570221
v 5.21478081 -6.47610617 5.55570221
v 4.77536821 -6.80659485 5.55570221
v 4.31507444 -7.10731983 5.55570221
v 3.83591151 -7.37696648 5.55570221
v 3.33997536 -7.61435509 5.55570221
v 2.82943439 -7.81844807 5.55570221
v 2.30652094 -7.98835278 5.55570221
v 1.77352166 -8.12332630 5.55570221
v 1.23276722 -8.22277927 5.55570221
v 0.68662214 -8.28627491 5.55570221
v 0.13747473 -8.31353760 5.55570221
v -0.41227385 -8.30444717 5.55570221
v -0.96021968 -8.25904274 5.55570221
v -1.50396669 -8.17752361 5.55570221
v -2.04113722 -8.06024647 5.55570221
v -2.56938243 -7.90772390 5.55570221
v -3.08639240 -7.72062302 5.55570221
v -3.58990622 -7.49976110 5.55570221
v -4.07772255 -7.24610472 5.55570221
v -4.54770756 -6.96076298 5.55570221
v -4.99780703 -6.64498329 5.55570221
v -5.42605209 -6.30014706 5.55570221
v -5.83057070 -5.92776155 5.55570221
v -6.20959377 -5.52945518 5.55570221
v -6.56146336 -5.10697031 5.55570221
v -6.88464165 -4.66215324 5.55570221
v -7.17771530 -4.19694996 5.55570221
v -7.43940258 -3.71339464 5.55570221
v -7.66855907 -3.21360135 5.55570221
v -7.86418295 -2.69975567 5.55570221
v -8.02541924 -2.17410445 5.55570221
v -8.15156174 -1.63894629 5.55570221
v -8.24205971 -1.09662151 5.55570221
v -8.29651737 -0.54950124 5.55570221
v -8.31469631 0.00002187 5.55570221
v -8.29651737 0.54954499 5.55570221
v -8.24205971 1.09666514 5.55570221
v -8.15156174 1.63899004 5.55570221
v -8.02541924 2.17414808 5.55570221
v -7.86418295 2.69979930 5.55570221
v -7.66855907 3.21364498 5.55570221
v -7.43940258 3.71343827 5.55570221
v -7.17771530 4.19699383 5.55570221
v -6.88464165 4.66219711 5.55570221
v -6.56146336 5.10701370 5.55570221
v -6.20959377 5.52949905 5.55570221
v -5.83057070 5.92780542 5.55570221
v -5.42605209 6.30019093 5.55570221
v -4.99780703 6.64502716 5.55570221
v -4.54770756 6.96080685 5.55570221
v -4.07772255 7.24614859 5.55570221
v -3.58990622 7.49980497 5.55570221
v -3.08639240 7.72066641 5.55570221
v -2.56938243 7.90776777 5.55570221
v -2.04113722 8.06029034 5.55570221
v -1.50396669 8.17756748 5.55570221
v -0.96021968 8.25908661 5.55570221
v -0.41227385 8.30449104 5.55570221
v 0.13747473 8.31358147 5.55570221
v 0.68662214 8.28631878 5.55570221
v 1.23276722 8.22282314 5.55570221
v 1.77352166 8.12337017 5.55570221
v 2.30652094 7.98839664 5.55570221
v 2.82943439 7.81849194 5.55570221
v 3.33997536 7.61439896 5.55570221
v 3.83591151 7.37700987 5.55570221
v 4.31507444 7.10736370 5.55570221
v 4.77536821 6.80663824 5.55570221
v 5.21478081 6.47614956 5.55570221
v 5.63139057 6.11734247 5.55570221
v 6.02337551 5.73178577 5.55570221
v 6.38902187 5.32116604 5.55570221
v 6.72673035 4.88727760 5.55570221
v 7.03502512 4.43201876 5.55570221
v 7.31255722 3.95737982 5.55570221
v 7.55811310 3.46543646 5.55570221
v 7.77061939 2.95833969 5.55570221
v 7.94914722 2.43830681 5.55570221
v 8.09291458 1.90761209 5.55570221
v 8.20129490 1.36857581 5.55570221
v 8.27381229 0.82355535 5.55570221
v 8.31015015 0.27493373 5.55570221
v 7.93353319 0.00002187 6.08761406
v 7.92919588 -0.26228747 6.08761406
v 7.89452362 -0.78575915 6.08761406
v 7.82533026 -1.30579484 6.08761406
v 7.72191906 -1.82012045 6.08761406
v 7.58474159 -2.32648706 6.08761406
v 7.41439819 -2.82268047 6.08761406
v 7.21163368 -3.30653095 6.08761406
v 6.97733450 -3.77592278 6.08761406
v 6.71252489 -4.22880316 6.08761406
v 6.41836357 -4.66319227 6.08761406
v 6.09613609 -5.07718992 6.08761406
v 5.74725151 -5.46898651 6.08761406
v 5.37323618 -5.83686829 6.08761406
v 4.97572470 -6.17922688 6.08761406
v 4.55645561 -6.49456549 6.08761406
v 4.11726236 -6.78150463 6.08761406
v 3.66006541 -7.03879023 6.08761406
v 3.18686414 -7.26529646 6.08761406
v 2.69972730 -7.46003342 6.08761406
v 2.20078516 -7.62214947 6.08761406
v 1.69221973 -7.75093555 6.08761406
v 1.17625463 -7.84582901 6.08761406
v 0.65514600 -7.90641451 6.08761406
v 0.13117260 -7.93242693 6.08761406
v -0.39337438 -7.92375326 6.08761406
v -0.91620123 -7.88043022 6.08761406
v -1.43502176 -7.80264854 6.08761406
v -1.94756734 -7.69074774 6.08761406
v -2.45159674 -7.54521656 6.08761406
v -2.94490576 -7.36669254 6.08761406
v -3.42533755 -7.15595579 6.08761406
v -3.89079118 -6.91392756 6.08761406
v -4.33923149 -6.64166641 6.08761406
v -4.76869726 -6.34036303 6.08761406
v -5.17731094 -6.01133442 6.08761406
v -5.56328535 -5.65601969 6.08761406
v -5.92493296 -5.27597284 6.08761406
v -6.26067257 -4.87285519 6.08761406
v -6.56903553 -4.44842958 6.08761406
v -6.84867430 -4.00455236 6.08761406
v -7.09836483 -3.54316401 6.08761406
v -7.31701660 -3.06628227 6.08761406
v -7.50367260 -2.57599211 6.08761406
v -7.65751696 -2.07443810 6.08761406
v -7.77787733 -1.56381261 6.08761406
v -7.86422682 -1.04634905 6.08761406
v -7.91618776 -0.52430999 6.08761406
v -7.93353319 0.00002187 6.08761406
v -7.91618776 0.52435374 6.08761406
v -7.86422682 1.04639280 6.08761406
v -7.77787733 1.56385636 6.08761406
v -7.65751696 2.07448173 6.08761406
v -7.50367260 2.57603598 6.08761406
v -7.31701660 3.06632590 6.08761406
v -7.09836483 3.54320765 6.08761406
v -6.84867430 4.00459623 6.08761406
v -6.56903553 4.44847345 6.08761406
v -6.26067257 4.87289906 6.08761406
v -5.92493296 5.27601671 6.08761406
v -5.56328535 5.65606356 6.08761406
v -5.17731094 6.01137829 6.08761406
v -4.76869726 6.34040642 6.08761406
v -4.33923149 6.64171028 6.08761406
v -3.89079118 6.91397142 6.08761406
v -3.42533755 7.15599918 6.08761406
v -2.94490576 7.36673641 6.08761406
v -2.45159674 7.54526043 6.08761406
v -1.94756734 7.69079113 6.08761406
v -1.43502176 7.80269241 6.08761406
v -0.91620123 7.88047409 6.08761406
v -0.39337438 7.92379665 6.08761406
v 0.13117260 7.93247080 6.08761406
v 0.65514600 7.90645838 6.08761406
v 1.17625463 7.84587288 6.08761406
v 1.69221973 7.75097942 6.08761406
v 2.20078516 7.62219334 6.08761406
v 2.69972730 7.46007729 6.08761406
v 3.18686414 7.26534033 6.08761406
v 3.66006541 7.03883362 6.08761406
v 4.11726236 6.78154850 6.08761406
v 4.55645561 6.49460936 6.08761406
v 4.97572470 6.17927074 6.08761406
v 5.37323618 5.83691216 6.08761406
v 5.74725151 5.46903038 6.08761406
v 6.09613609 5.07723379 6.08761406
v 6.41836357 4.66323566 6.08761406
v 6.71252489 4.22884703 6.08761406
v 6.97733450 3.77596641 6.08761406
v 7.21163368 3.30657458 6.08761406
v 7.41439819 2.82272434 6.08761406
v 7.58474159 2.32653093 6.08761406
v 7.72191906 1.82016420 6.08761406
v 7.82533026 1.30583858 6.08761406
v 7.89452362 0.78580290 6.08761406
v 7.92919588 0.26233122 6.08761406
v 7.51839828 0.00002187 6.59345818
v 7.51428747 -0.24856171 6.59345818
v 7.48142958 -0.74464184 6.59345818
v 7.41585684 -1.23746574 6.59345818
v 7.31785679 -1.72487855 6.59345818
v 7.18785763 -2.20474863 6.59345818
v 7.02642775 -2.67497802 6.59345818
v 6.83427286 -3.13351011 6.59345818
v 6.61223364 -3.57834005 6.59345818
v 6.36128092 -4.00752306 6.59345818
v 6.08251190 -4.41918182 6.59345818
v 5.77714539 -4.81151628 6.59345818
v 5.44651699 -5.18281126 6.59345818
v 5.09207249 -5.53144360 6.59345818
v 4.71536160 -5.85588741 6.59345818
v 4.31803131 -6.15472555 6.59345818
v 3.90181994 -6.42665005 6.59345818
v 3.46854663 -6.67047262 6.59345818
v 3.02010608 -6.88512659 6.59345818
v 2.55845952 -7.06967354 6.59345818
v 2.08562541 -7.22330666 6.59345818
v 1.60367155 -7.34535408 6.59345818
v 1.11470509 -7.43528175 6.59345818
v 0.62086439 -7.49269724 6.59345818
v 0.12430878 -7.51734829 6.59345818
v -0.37279040 -7.50912857 6.59345818
v -0.86825949 -7.46807241 6.59345818
v -1.35993183 -7.39436102 6.59345818
v -1.84565759 -7.28831530 6.59345818
v -2.32331276 -7.15039968 6.59345818
v -2.79080868 -6.98121691 6.59345818
v -3.24610114 -6.78150749 6.59345818
v -3.68719912 -6.55214357 6.59345818
v -4.11217403 -6.29412889 6.59345818
v -4.51916742 -6.00859165 6.59345818
v -4.90639973 -5.69678020 6.59345818
v -5.27217722 -5.36005783 6.59345818
v -5.61490107 -4.99989748 6.59345818
v -5.93307257 -4.61787367 6.59345818
v -6.22529984 -4.21565723 6.59345818
v -6.49030590 -3.79500628 6.59345818
v -6.72693110 -3.35776091 6.59345818
v -6.93414164 -2.90583277 6.59345818
v -7.11103058 -2.44119811 6.59345818
v -7.25682497 -1.96588838 6.59345818
v -7.37088680 -1.48198247 6.59345818
v -7.45271778 -0.99159598 6.59345818
v -7.50196028 -0.49687347 6.59345818
v -7.51839828 0.00002187 6.59345818
v -7.50196028 0.49691719 6.59345818
v -7.45271778 0.99163973 6.59345818
v -7.37088680 1.48202610 6.59345818
v -7.25682497 1.96593213 6.59345818
v -7.11103058 2.44124174 6.59345818
v -6.93414164 2.90587640 6.59345818
v -6.72693110 3.35780478 6.59345818
v -6.49030590 3.79505014 6.59345818
v -6.22529984 4.21570110 6.59345818
v -5.93307257 4.61791754 6.59345818
v -5.61490107 4.99994135 6.59345818
v -5.27217722 5.36010170 6.59345818
v -4.90639973 5.69682407 6.59345818
v -4.51916742 6.00863552 6.59345818
v -4.11217403 6.29417276 6.59345818
v -3.68719912 6.55218744 6.59345818
v -3.24610114 6.78155088 6.59345818
v -2.79080868 6.98126078 6.59345818
v -2.32331276 7.15044355 6.59345818
v -1.84565759 7.28835917 6.59345818
v -1.35993183 7.39440441 6.59345818
v -0.86825949 7.46811628 6.59345818
v -0.37279040 7.50917196 6.59345818
v 0.12430878 7.51739216 6.59345818
v 0.62086439 7.49274063 6.59345818
v 1.11470509 7.43532562 6.59345818
v 1.60367155 7.34539795 6.59345818
v 2.08562541 7.22335052 6.59345818
v 2.55845952 7.06971741 6.59345818
v 3.02010608 6.88517046 6.59345818
v 3.46854663 6.67051601 6.59345818
v 3.90181994 6.42669392 6.59345818
v 4.31803131 6.15476894 6.59345818
v 4.71536160 5.85593128 6.59345818
v 5.09207249 5.53148699 6.59345818
v 5.44651699 5.18285513 6.59345818
v 5.77714539 4.81156015 6.59345818
v 6.08251190 4.41922522 6.59345818
v 6.36128092 4.00756645 6.59345818
v 6.61223364 3.57838392 6.59345818
v 6.83427286 3.13355374 6.59345818
v 7.02642775 2.67502165 6.59345818
v 7.18785763 2.20479250 6.59345818
v 7.31785679 1.72492218 6.59345818
v 7.41585684 1.23750949 6.59345818
v 7.48142958 0.74468559 6.59345818
v 7.51428747 0.24860543 6.59345818
v 7.07106781 0.00002187 7.07106781
v 7.06720161 -0.23377146 7.07106781
v 7.03629875 -0.70033580 7.07106781
v 6.97462749 -1.16383767 7.07106781
v 6.88245821 -1.62225020 7.07106781
v 6.76019382 -2.07356906 7.07106781
v 6.60836887 -2.51582050 7.07106781
v 6.42764664 -2.94707084 7.07106781
v 6.21881866 -3.36543441 7.07106781
v 5.98279667 -3.76908159 7.07106781
v 5.72061396 -4.15624762 7.07106781
v 5.43341637 -4.52523899 7.07106781
v 5.12245989 -4.87444305 7.07106781
v 4.78910398 -5.20233202 7.07106781
v 4.43480635 -5.50747204 7.07106781
v 4.06111670 -5.78852987 7.07106781
v 3.66966915 -6.04427528 7.07106781
v 3.26217461 -6.27359104 7.07106781
v 2.84041548 -6.47547340 7.07106781
v 2.40623617 -6.64904022 7.07106781
v 1.96153474 -6.79353237 7.07106781
v 1.50825620 -6.90831804 7.07106781
v 1.04838228 -6.99289560 7.07106781
v 0.58392417 -7.04689455 7.07106781
v 0.11691265 -7.07007933 7.07106781
v -0.35061008 -7.06234837 7.07106781
v -0.81659973 -7.02373552 7.07106781
v -1.27901852 -6.95440912 7.07106781
v -1.73584449 -6.85467339 7.07106781
v -2.18508005 -6.72496319 7.07106781
v -2.62476087 -6.56584692 7.07106781
v -3.05296421 -6.37801933 7.07106781
v -3.46781778 -6.16230249 7.07106781
v -3.86750746 -5.91963911 7.07106781
v -4.25028563 -5.65109062 7.07106781
v -4.61447811 -5.35783148 7.07106781
v -4.95849276 -5.04114342 7.07106781
v -5.28082514 -4.70241213 7.07106781
v -5.58006620 -4.34311771 7.07106781
v -5.85490656 -3.96483231 7.07106781
v -6.10414505 -3.56920958 7.07106781
v -6.32669163 -3.15797925 7.07106781
v -6.52157354 -2.73293996 7.07106781
v -6.68793774 -2.29595017 7.07106781
v -6.82505751 -1.84892058 7.07106781
v -6.93233299 -1.39380598 7.07106781
v -7.00929546 -0.93259662 7.07106781
v -7.05560780 -0.46730915 7.07106781
v -7.07106781 0.00002187 7.07106781
v -7.05560780 0.46735287 7.07106781
v -7.00929546 0.93264037 7.07106781
v -6.93233299 1.39384973 7.07106781
v -6.82505751 1.84896421 7.07106781
v -6.68793774 2.29599380 7.07106781
v -6.52157354 2.73298359 7.07106781
v -6.32669163 3.15802312 7.07106781
v -6.10414505 3.56925321 7.07106781
v -5.85490656 3.96487617 7.07106781
v -5.58006620 4.34316158 7.07106781
v -5.28082514 4.70245552 7.07106781
v -4.95849276 5.04118729 7.07106781
v -4.61447811 5.35787487 7.07106781
v -4.25028563 5.65113449 7.07106781
v -3.86750746 5.91968298 7.07106781
v -3.46781778 6.16234589 7.07106781
v -3.05296421 6.37806320 7.07106781
v -2.62476087 6.56589031 7.07106781
v -2.18508005 6.72500706 7.07106781
v -1.73584449 6.85471678 7.07106781
v -1.27901852 6.95445299 7.07106781
v -0.81659973 7.02377892 7.07106781
v -0.35061008 7.06239223 7.07106781
v 0.11691265 7.07012320 7.07106781
v 0.58392417 7.04693842 7.07106781
v 1.04838228 6.99293947 7.07106781
v 1.50825620 6.90836191 7.07106781
v 1.96153474 6.79357624 7.07106781
v 2.40623617 6.64908409 7.07106781
v 2.84041548 6.47551727 7.07106781
v 3.26217461 6.27363443 7.07106781
v 3.66966915 6.04431915 7.07106781
v 4.06111670 5.78857327 7.07106781
v 4.43480635 5.50751591 7.07106781
v 4.78910398 5.20237541 7.07106781
v 5.12245989 4.87448645 7.07106781
v 5.43341637 4.52528286 7.07106781
v 5.72061396 4.15629101 7.07106781
v 5.98279667 3.76912546 7.07106781
v 6.21881866 3.36547804 7.07106781
v 6.42764664 2.94711471 7.07106781
v 6.60836887 2.51586437 7.07106781
v 6.76019382 2.07361269 7.07106781
v 6.88245821 1.62229395 7.07106781
v 6.97462749 1.16388142 7.07106781
v 7.03629875 0.70037955 7.07106781
v 7.06720161 0.23381519 7.07106781
v 6.59345818 0.00002187 7.51839828
v 6.58985329 -0.21798007 7.51839828
v 6.56103754 -0.65303069 7.51839828
v 6.50353193 -1.08522570 7.51839828
v 6.41758823 -1.51267517 7.51839828
v 6.30358171 -1.93350995 7.51839828
v 6.16201162 -2.34589005 7.51839828
v 5.99349642 -2.74801183 7.51839828
v 5.79877329 -3.13811731 7.51839828
v 5.57869387 -3.51450062 7.51839828
v 5.33421993 -3.87551570 7.51839828
v 5.06642056 -4.21958399 7.51839828
v 4.77646732 -4.54520082 7.51839828
v 4.46562767 -4.85094309 7.51839828
v 4.13526106 -5.13547277 7.51839828
v 3.78681207 -5.39754677 7.51839828
v 3.42180419 -5.63601828 7.51839828
v 3.04183364 -5.84984446 7.51839828
v 2.64856195 -6.03809118 7.51839828
v 2.24370885 -6.19993448 7.51839828
v 1.82904446 -6.33466721 7.51839828
v 1.40638220 -6.44169998 7.51839828
v 0.97757018 -6.52056456 7.51839828
v 0.54448348 -6.57091618 7.51839828
v 0.10901587 -6.59253502 7.51839828
v -0.32692841 -6.58532619 7.51839828
v -0.76144314 -6.54932117 7.51839828
v -1.19262826 -6.48467779 7.51839828
v -1.61859834 -6.39167833 7.51839828
v -2.03749061 -6.27072954 7.51839828
v -2.44747353 -6.12236023 7.51839828
v -2.84675431 -5.94721937 7.51839828
v -3.23358679 -5.74607325 7.51839828
v -3.60627985 -5.51980019 7.51839828
v -3.96320343 -5.26939058 7.51839828
v -4.30279684 -4.99593925 7.51839828
v -4.62357521 -4.70064211 7.51839828
v -4.92413616 -4.38478994 7.51839828
v -5.20316505 -4.04976416 7.51839828
v -5.45944166 -3.69702935 7.51839828
v -5.69184542 -3.32812858 7.51839828
v -5.89936018 -2.94467473 7.51839828
v -6.08107901 -2.54834414 7.51839828
v -6.23620653 -2.14087057 7.51839828
v -6.36406469 -1.72403514 7.51839828
v -6.46409416 -1.29966104 7.51839828
v -6.53585815 -0.86960363 7.51839828
v -6.57904243 -0.43574363 7.51839828
v -6.59345818 0.00002187 7.51839828
v -6.57904243 0.43578738 7.51839828
v -6.53585815 0.86964738 7.51839828
v -6.46409416 1.29970479 7.51839828
v -6.36406469 1.72407889 7.51839828
v -6.23620653 2.14091420 7.51839828
v -6.08107901 2.54838800 7.51839828
v -5.89936018 2.94471836 7.51839828
v -5.69184542 3.32817221 7.51839828
v -5.45944166 3.69707322 7.51839828
v -5.20316505 4.04980755 7.51839828
v -4.92413616 4.38483334 7.51839828
v -4.62357521 4.70068598 7.51839828
v -4.30279684 4.99598312 7.51839828
v -3.96320343 5.26943445 7.51839828
v -3.60627985 5.51984406 7.51839828
v -3.23358679 5.74611664 7.51839828
v -2.84675431 5.94726324 7.51839828
v -2.44747353 6.12240410 7.51839828
v -2.03749061 6.27077341 7.51839828
v -1.61859834 6.39172173 7.51839828
v -1.19262826 6.48472118 7.51839828
v -0.76144314 6.54936504 7.51839828
v -0.32692841 6.58537006 7.51839828
v 0.10901587 6.59257889 7.51839828
v 0.54448348 6.57096004 7.51839828
v 0.97757018 6.52060843 7.51839828
v 1.40638220 6.44174385 7.51839828
v 1.82904446 6.33471107 7.51839828
v 2.24370885 6.19997835 7.51839828
v 2.64856195 6.03813505 7.51839828
v 3.04183364 5.84988832 7.51839828
v 3.42180419 5.63606167 7.51839828
v 3.78681207 5.39759016 7.51839828
v 4.13526106 5.13551664 7.51839828
v 4.46562767 4.85098648 7.51839828
v 4.77646732 4.54524469 7.51839828
v 5.06642056 4.21962786 7.51839828
v 5.33421993 3.87555933 7.51839828
v 5.57869387 3.51454425 7.51839828
v 5.79877329 3.13816118 7.51839828
v 5.99349642 2.74805570 7.51839828
v 6.16201162 2.34593368 7.51839828
v 6.30358171 1.93355370 7.51839828
v 6.41758823 1.51271892 7.51839828
v 6.50353193 1.08526945 7.51839828
v 6.56103754 0.65307444 7.51839828
v 6.58985329 0.21802381 7.51839828
v 6.08761406 0.00002187 7.93353319
v 6.08428574 -0.20125517 7.93353319
v 6.05768108 -0.60292912 7.93353319
v 6.00458717 -1.00196648 7.93353319
v 5.92523670 -1.39662242 7.93353319
v 5.81997728 -1.78517127 7.93353319
v 5.68926811 -2.16591382 7.93353319
v 5.53368139 -2.53718543 7.93353319
v 5.35389709 -2.89736223 7.93353319
v 5.15070152 -3.24486971 7.93353319
v 4.92498350 -3.57818794 7.93353319
v 4.67772961 -3.89585972 7.93353319
v 4.41002131 -4.19649601 7.93353319
v 4.12302876 -4.47878170 7.93353319
v 3.81800771 -4.74148273 7.93353319
v 3.49629140 -4.98345041 7.93353319
v 3.15928650 -5.20362663 7.93353319
v 2.80846715 -5.40104866 7.93353319
v 2.44536686 -5.57485294 7.93353319
v 2.07157350 -5.72427988 7.93353319
v 1.68872190 -5.84867573 7.93353319
v 1.29848588 -5.94749689 7.93353319
v 0.90257192 -6.02031136 7.93353319
v 0.50271118 -6.06680012 7.93353319
v 0.10065228 -6.08676004 7.93353319
v -0.30184677 -6.08010435 7.93353319
v -0.70302594 -6.04686165 7.93353319
v -1.10113096 -5.98717785 7.93353319
v -1.49442101 -5.90131283 7.93353319
v -1.88117623 -5.78964329 7.93353319
v -2.25970578 -5.65265703 7.93353319
v -2.62835407 -5.49095297 7.93353319
v -2.98550916 -5.30523825 7.93353319
v -3.32960939 -5.09632492 7.93353319
v -3.65915012 -4.86512661 7.93353319
v -3.97269034 -4.61265421 7.93353319
v -4.26885891 -4.34001160 7.93353319
v -4.54636097 -4.04839134 7.93353319
v -4.80398321 -3.73906827 7.93353319
v -5.04059839 -3.41339517 7.93353319
v -5.25517225 -3.07279611 7.93353319
v -5.44676685 -2.71876025 7.93353319
v -5.61454439 -2.35283589 7.93353319
v -5.75777054 -1.97662330 7.93353319
v -5.87581968 -1.59176719 7.93353319
v -5.96817493 -1.19995058 7.93353319
v -6.03443336 -0.80288678 7.93353319
v -6.07430458 -0.40231213 7.93353319
v -6.08761406 0.00002187 7.93353319
v -6.07430458 0.40235585 7.93353319
v -6.03443336 0.80293053 7.93353319
v -5.96817493 1.19999433 7.93353319
v -5.87581968 1.59181094 7.93353319
v -5.75777054 1.97666705 7.93353319
v -5.61454439 2.35287976 7.93353319
v -5.44676685 2.71880412 7.93353319
v -5.25517225 3.07283974 7.93353319
v -5.04059839 3.41343880 7.93353319
v -4.80398321 3.73911190 7.93353319
v -4.54636097 4.04843473 7.93353319
v -4.26885891 4.34005547 7.93353319
v -3.97269034 4.61269760 7.93353319
v -3.65915012 4.86517000 7.93353319
v -3.32960939 5.09636831 7.93353319
v -2.98550916 5.30528164 7.93353319
v -2.62835407 5.49099636 7.93353319
v -2.25970578 5.65270090 7.93353319
v -1.88117623 5.78968716 7.93353319
v -1.49442101 5.90135670 7.93353319
v -1.10113096 5.98722124 7.93353319
v -0.70302594 6.04690552 7.93353319
v -0.30184677 6.08014822 7.93353319
v 0.10065228 6.08680391 7.93353319
v 0.50271118 6.06684399 7.93353319
v 0.90257192 6.02035522 7.93353319
v 1.29848588 5.94754076 7.93353319
v 1.68872190 5.84871960 7.93353319
v 2.07157350 5.72432375 7.93353319
v 2.44536686 5.57489681 7.93353319
v 2.80846715 5.40109205 7.93353319
v 3.15928650 5.20367002 7.93353319
v 3.49629140 4.98349380 7.93353319
v 3.81800771 4.74152613 7.93353319
v 4.12302876 4.47882509 7.93353319
v 4.41002131 4.19653940 7.93353319
v 4.67772961 3.89590359 7.93353319
v 4.92498350 3.57823181 7.93353319
v 5.15070152 3.24491334 7.93353319
v 5.35389709 2.89740610 7.93353319
v 5.53368139 2.53722906 7.93353319
v 5.68926811 2.16595769 7.93353319
v 5.81997728 1.78521502 7.93353319
v 5.92523670 1.39666617 7.93353319
v 6.00458717 1.00201023 7.93353319
v 6.05768108 0.60297287 7.93353319
v 6.08428574 0.20129891 7.93353319
v 5.55570221 0.00002187 8.31469631
v 5.55266476 -0.18366838 8.31469631
v 5.52838421 -0.55024564 8.31469631
v 5.47992992 -0.91441667 8.31469631
v 5.40751266 -1.27458918 8.31469631
v 5.31145000 -1.62918806 8.31469631
v 5.19216204 -1.97666287 8.31469631
v 5.05016994 -2.31549406 8.31469631
v 4.88609457 -2.64420009 8.31469631
v 4.70065355 -2.96134377 8.31469631
v 4.49465752 -3.26553798 8.31469631
v 4.26900768 -3.55545282 8.31469631
v 4.02469063 -3.82982039 8.31469631
v 3.76277471 -4.08744097 8.31469631
v 3.48440504 -4.32718849 8.31469631
v 3.19079900 -4.54801369 8.31469631
v 2.88324046 -4.74895191 8.31469631
v 2.56307411 -4.92912388 8.31469631
v 2.23170018 -5.08774233 8.31469631
v 1.89056754 -5.22411299 8.31469631
v 1.54116797 -5.33763981 8.31469631
v 1.18502927 -5.42782593 8.31469631
v 0.82370871 -5.49427795 8.31469631
v 0.45878625 -5.53670502 8.31469631
v 0.09185768 -5.55492115 8.31469631
v -0.27547258 -5.54884672 8.31469631
v -0.64159828 -5.51850891 8.31469631
v -1.00491846 -5.46403980 8.31469631
v -1.36384428 -5.38567734 8.31469631
v -1.71680641 -5.28376484 8.31469631
v -2.06226134 -5.15874815 8.31469631
v -2.39869857 -5.01117277 8.31469631
v -2.72464705 -4.84168530 8.31469631
v -3.03868127 -4.65102577 8.31469631
v -3.33942795 -4.44002867 8.31469631
v -3.62557220 -4.20961618 8.31469631
v -3.89586282 -3.96079636 8.31469631
v -4.14911795 -3.69465661 8.31469631
v -4.38422966 -3.41236115 8.31469631
v -4.60017061 -3.11514401 8.31469631
v -4.79599619 -2.80430532 8.31469631
v -4.97084999 -2.48120379 8.31469631
v -5.12396717 -2.14725256 8.31469631
v -5.25467920 -1.80391169 8.31469631
v -5.36241341 -1.45268285 8.31469631
v -5.44669914 -1.09510171 8.31469631
v -5.50716829 -0.73273176 8.31469631
v -5.54355526 -0.36715776 8.31469631
v -5.55570221 0.00002187 8.31469631
v -5.54355526 0.36720148 8.31469631
v -5.50716829 0.73277551 8.31469631
v -5.44669914 1.09514534 8.31469631
v -5.36241341 1.45272660 8.31469631
v -5.25467920 1.80395544 8.31469631
v -5.12396717 2.14729619 8.31469631
v -4.97084999 2.48124743 8.31469631
v -4.79599619 2.80434895 8.31469631
v -4.60017061 3.11518788 8.31469631
v -4.38422966 3.41240478 8.31469631
v -4.14911795 3.69470048 8.31469631
v -3.89586282 3.96084023 8.31469631
v -3.62557220 4.20966005 8.31469631
v -3.33942795 4.44007254 8.31469631
v -3.03868127 4.65106964 8.31469631
v -2.72464705 4.84172869 8.31469631
v -2.39869857 5.01121664 8.31469631
v -2.06226134 5.15879154 8.31469631
v -1.71680641 5.28380871 8.31469631
v -1.36384428 5.38572121 8.31469631
v -1.00491846 5.46408319 8.31469631
v -0.64159828 5.51855230 8.31469631
v -0.27547258 5.54889059 8.31469631
v 0.09185768 5.55496454 8.31469631
v 0.45878625 5.53674889 8.31469631
v 0.82370871 5.49432182 8.31469631
v 1.18502927 5.42786980 8.31469631
v 1.54116797 5.33768320 8.31469631
v 1.89056754 5.22415638 8.31469631
v 2.23170018 5.08778572 8.31469631
v 2.56307411 4.92916775 8.31469631
v 2.88324046 4.74899578 8.31469631
v 3.19079900 4.54805756 8.31469631
v 3.48440504 4.32723236 8.31469631
v 3.76277471 4.08748484 8.31469631
v 4.02469063 3.82986426 8.31469631
v 4.26900768 3.55549669 8.31469631
v 4.49465752 3.26558185 8.31469631
v 4.70065355 2.96138740 8.31469631
v 4.88609457 2.64424396 8.31469631
v 5.05016994 2.31553793 8.31469631
v 5.19216204 1.97670662 8.31469631
v 5.31145000 1.62923181 8.31469631
v 5.40751266 1.27463293 8.31469631
v 5.47992992 0.91446042 8.31469631
v 5.52838421 0.55028933 8.31469631
v 5.55266476 0.18371211 8.31469631
v 5.00000000 0.00002187 8.66025448
v 4.99726629 -0.16529498 8.66025448
v 4.97541428 -0.49520579 8.66025448
v 4.93180656 -0.82295108 8.66025448
v 4.86663294 -1.14709771 8.66025448
v 4.78017902 -1.46622837 8.66025448
v 4.67282248 -1.77894735 8.66025448
v 4.54503250 -2.08388734 8.66025448
v 4.39736891 -2.37971520 8.66025448
v 4.23047638 -2.66513681 8.66025448
v 4.04508495 -2.93890429 8.66025448
v 3.84200549 -3.19982076 8.66025448
v 3.62212610 -3.44674516 8.66025448
v 3.38640785 -3.67859769 8.66025448
v 3.13588190 -3.89436460 8.66025448
v 2.87164330 -4.09310198 8.66025448
v 2.59484792 -4.27394152 8.66025448
v 2.30670571 -4.43609238 8.66025448
v 2.00847721 -4.57884455 8.66025448
v 1.70146585 -4.70157528 8.66025448
v 1.38701451 -4.80374670 8.66025448
v 1.06649816 -4.88491249 8.66025448
v 0.74131823 -4.94471741 8.66025448
v 0.41289672 -4.98290062 8.66025448
v 0.08266973 -4.99929476 8.66025448
v -0.24791877 -4.99382782 8.66025448
v -0.57742316 -4.96652460 8.66025448
v -0.90440267 -4.91750336 8.66025448
v -1.22742748 -4.84697962 8.66025448
v -1.54508495 -4.75526094 8.66025448
v -1.85598624 -4.64274836 8.66025448
v -2.15877175 -4.50993443 8.66025448
v -2.45211744 -4.35739946 8.66025448
v -2.73474073 -4.18581057 8.66025448
v -3.00540566 -3.99591804 8.66025448
v -3.26292872 -3.78855252 8.66025448
v -3.50618386 -3.56462049 8.66025448
v -3.73410749 -3.32510090 8.66025448
v -3.94570255 -3.07104158 8.66025448
v -4.14004421 -2.80355334 8.66025448
v -4.31628227 -2.52380586 8.66025448
v -4.47364664 -2.23302221 8.66025448
v -4.61144876 -1.93247402 8.66025448
v -4.72908640 -1.62347543 8.66025448
v -4.82604456 -1.30737782 8.66025448
v -4.90189981 -0.98556328 8.66025448
v -4.95632029 -0.65943897 8.66025448
v -4.98906803 -0.33043104 8.66025448
v -5.00000000 0.00002187 8.66025448
v -4.98906803 0.33047479 8.66025448
v -4.95632029 0.65948272 8.66025448
v -4.90189981 0.98560703 8.66025448
v -4.82604456 1.30742157 8.66025448
v -4.72908640 1.62351918 8.66025448
v -4.61144876 1.93251777 8.66025448
v -4.47364664 2.23306584 8.66025448
v -4.31628227 2.52384949 8.66025448
v -4.14004421 2.80359721 8.66025448
v -3.94570255 3.07108545 8.66025448
v -3.73410749 3.32514477 8.66025448
v -3.50618386 3.56466413 8.66025448
v -3.26292872 3.78859615 8.66025448
v -3.00540566 3.99596190 8.66025448
v -2.73474073 4.18585443 8.66025448
v -2.45211744 4.35744286 8.66025448
v -2.15877175 4.50997782 8.66025448
v -1.85598624 4.64279222 8.66025448
v -1.54508495 4.75530434 8.66025448
v -1.22742748 4.84702301 8.66025448
v -0.90440267 4.91754723 8.66025448
v -0.57742316 4.96656799 8.66025448
v -0.24791877 4.99387169 8.66025448
v 0.08266973 4.99933863 8.66025448
v 0.41289672 4.98294449 8.66025448
v 0.74131823 4.94476128 8.66025448
v 1.06649816 4.88495588 8.66025448
v 1.38701451 4.80379009 8.66025448
v 1.70146585 4.70161867 8.66025448
v 2.00847721 4.57888842 8.66025448
v 2.30670571 4.43613577 8.66025448
v 2.59484792 4.27398539 8.66025448
v 2.87164330 4.09314585 8.66025448
v 3.13588190 3.89440823 8.66025448
v 3.38640785 3.67864132 8.66025448
v 3.62212610 3.44678903 8.66025448
v 3.84200549 3.19986463 8.66025448
v 4.04508495 2.93894815 8.66025448
v 4.23047638 2.66518044 8.66025448
v 4.39736891 2.37975883 8.66025448
v 4.54503250 2.08393121 8.66025448
v 4.67282248 1.77899110 8.66025448
v 4.78017902 1.46627200 8.66025448
v 4.86663294 1.14714146 8.66025448
v 4.93180656 0.82299483 8.66025448
v 4.97541428 0.49524951 8.66025448
v 4.99726629 0.16533871 8.66025448
v 4.42288685 0.00002187 8.96872711
v 4.42046881 -0.14621368 8.96872711
v 4.40113926 -0.43804532 8.96872711
v 4.36256456 -0.72796142 8.96872711
v 4.30491352 -1.01469421 8.96872711
v 4.22843790 -1.29698992 8.96872711
v 4.13347292 -1.57361412 8.96872711
v 4.02043295 -1.84335721 8.96872711
v 3.88981295 -2.10503960 8.96872711
v 3.74218369 -2.35751724 8.96872711
v 3.57819057 -2.59968591 8.96872711
v 3.39855123 -2.83048654 8.96872711
v 3.20405078 -3.04891038 8.96872711
v 2.99553990 -3.25400186 8.96872711
v 2.77393007 -3.44486427 8.96872711
v 2.54019070 -3.62066317 8.96872711
v 2.29534364 -3.78062963 8.96872711
v 2.04045987 -3.92406440 8.96872711
v 1.77665341 -4.05034018 8.96872711
v 1.50507820 -4.15890455 8.96872711
v 1.22692168 -4.24928284 8.96872711
v 0.94340014 -4.32108021 8.96872711
v 0.65575337 -4.37398291 8.96872711
v 0.36523911 -4.40775871 8.96872711
v 0.07312777 -4.42226028 8.96872711
v -0.21930334 -4.41742468 8.96872711
v -0.51077551 -4.39327288 8.96872711
v -0.80001414 -4.34990978 8.96872711
v -1.08575451 -4.28752565 8.96872711
v -1.36674726 -4.20639372 8.96872711
v -1.64176345 -4.10686779 8.96872711
v -1.90960062 -3.98938322 8.96872711
v -2.16908765 -3.85445428 8.96872711
v -2.41908979 -3.70267081 8.96872711
v -2.65851402 -3.53469634 8.96872711
v -2.88631296 -3.35126519 8.96872711
v -3.10149097 -3.15318012 8.96872711
v -3.30310702 -2.94130659 8.96872711
v -3.49027920 -2.71657157 8.96872711
v -3.66218948 -2.47995734 8.96872711
v -3.81808567 -2.23249912 8.96872711
v -3.95728660 -1.97527838 8.96872711
v -4.07918310 -1.70942020 8.96872711
v -4.18324280 -1.43608713 8.96872711
v -4.26901007 -1.15647435 8.96872711
v -4.33610964 -0.87180448 8.96872711
v -4.38424873 -0.58332229 8.96872711
v -4.41321659 -0.29228932 8.96872711
v -4.42288685 0.00002187 8.96872711
v -4.41321659 0.29233304 8.96872711
v -4.38424873 0.58336604 8.96872711
v -4.33610964 0.87184817 8.96872711
v -4.26901007 1.15651810 8.96872711
v -4.18324280 1.43613088 8.96872711
v -4.07918310 1.70946395 8.96872711
v -3.95728660 1.97532213 8.96872711
v -3.81808567 2.23254275 8.96872711
v -3.66218948 2.48000121 8.96872711
v -3.49027920 2.71661520 8.96872711
v -3.30310702 2.94135022 8.96872711
v -3.10149097 3.15322375 8.96872711
v -2.88631296 3.35130906 8.96872711
v -2.65851402 3.53473997 8.96872711
v -2.41908979 3.70271444 8.96872711
v -2.16908765 3.85449815 8.96872711
v -1.90960062 3.98942709 8.96872711
v -1.64176345 4.10691118 8.96872711
v -1.36674726 4.20643711 8.96872711
v -1.08575451 4.28756952 8.96872711
v -0.80001414 4.34995365 8.96872711
v -0.51077551 4.39331627 8.96872711
v -0.21930334 4.41746855 8.96872711
v 0.07312777 4.42230415 8.96872711
v 0.36523911 4.40780258 8.96872711
v 0.65575337 4.37402630 8.96872711
v 0.94340014 4.32112408 8.96872711
v 1.22692168 4.24932671 8.96872711
v 1.50507820 4.15894794 8.96872711
v 1.77665341 4.05038357 8.96872711
v 2.04045987 3.92410803 8.96872711
v 2.29534364 3.78067327 8.96872711
v 2.54019070 3.62070680 8.96872711
v 2.77393007 3.44490790 8.96872711
v 2.99553990 3.25404549 8.96872711
v 3.20405078 3.04895401 8.96872711
v 3.39855123 2.83053041 8.96872711
v 3.57819057 2.59972954 8.96872711
v 3.74218369 2.35756087 8.96872711
v 3.88981295 2.10508347 8.96872711
v 4.02043295 1.84340096 8.96872711
v 4.13347292 1.57365775 8.96872711
v 4.22843790 1.29703367 8.96872711
v 4.30491352 1.01473796 8.96872711
v 4.36256456 0.72800511 8.96872711
v 4.40113926 0.43808904 8.96872711
v 4.42046881 0.14625742 8.96872711
v 3.82683444 0.00002187 9.23879528
v 3.82474208 -0.12650616 9.23879528
v 3.80801749 -0.37900898 9.23879528
v 3.77464128 -0.62985438 9.23879528
v 3.72475958 -0.87794548 9.23879528
v 3.65859056 -1.12219739 9.23879528
v 3.57642341 -1.36154222 9.23879528
v 3.47861743 -1.59493327 9.23879528
v 3.36560035 -1.82134998 9.23879528
v 3.23786640 -2.03980231 9.23879528
v 3.09597397 -2.24933481 9.23879528
v 2.94054365 -2.44903183 9.23879528
v 2.77225518 -2.63801932 9.23879528
v 2.59184432 -2.81547165 9.23879528
v 2.40009999 -2.98061252 9.23879528
v 2.19786072 -3.13271976 9.23879528
v 1.98601055 -3.27112818 9.23879528
v 1.76547623 -3.39523292 9.23879528
v 1.53722179 -3.50449085 9.23879528
v 1.30224562 -3.59842467 9.23879528
v 1.06157494 -3.67662334 9.23879528
v 0.81626236 -3.73874497 9.23879528
v 0.56738043 -3.78451777 9.23879528
v 0.31601748 -3.81374192 9.23879528
v 0.06327267 -3.82628942 9.23879528
v -0.18974881 -3.82210541 9.23879528
v -0.44194058 -3.80120802 9.23879528
v -0.69219983 -3.76368904 9.23879528
v -0.93943226 -3.70971227 9.23879528
v -1.18255687 -3.63951397 9.23879528
v -1.42051041 -3.55340052 9.23879528
v -1.65225232 -3.45174909 9.23879528
v -1.87676954 -3.33500385 9.23879528
v -2.09308004 -3.20367551 9.23879528
v -2.30023789 -3.05833817 9.23879528
v -2.49733758 -2.89962745 9.23879528
v -2.68351698 -2.72823715 9.23879528
v -2.85796213 -2.54491711 9.23879528
v -3.01991010 -2.35046840 9.23879528
v -3.16865253 -2.14574170 9.23879528
v -3.30353951 -1.93163216 9.23879528
v -3.42398095 -1.70907605 9.23879528
v -3.52945018 -1.47904646 9.23879528
v -3.61948586 -1.24254918 9.23879528
v -3.69369459 -1.00061858 9.23879528
v -3.75175166 -0.75431234 9.23879528
v -3.79340339 -0.50470763 9.23879528
v -3.81846738 -0.25289586 9.23879528
v -3.82683444 0.00002187 9.23879528
v -3.81846738 0.25293958 9.23879528
v -3.79340339 0.50475132 9.23879528
v -3.75175166 0.75435609 9.23879528
v -3.69369459 1.00066233 9.23879528
v -3.61948586 1.24259293 9.23879528
v -3.52945018 1.47909009 9.23879528
v -3.42398095 1.70911980 9.23879528
v -3.30353951 1.93167591 9.23879528
v -3.16865253 2.14578557 9.23879528
v -3.01991010 2.35051227 9.23879528
v -2.85796213 2.54496074 9.23879528
v -2.68351698 2.72828102 9.23879528
v -2.49733758 2.89967108 9.23879528
v -2.30023789 3.05838203 9.23879528
v -2.09308004 3.20371938 9.23879528
v -1.87676954 3.33504772 9.23879528
v -1.65225232 3.45179296 9.23879528
v -1.42051041 3.55344439 9.23879528
v -1.18255687 3.63955760 9.23879528
v -0.93943226 3.70975614 9.23879528
v -0.69219983 3.76373291 9.23879528
v -0.44194058 3.80125189 9.23879528
v -0.18974881 3.82214904 9.23879528
v 0.06327267 3.82633305 9.23879528
v 0.31601748 3.81378555 9.23879528
v 0.56738043 3.78456163 9.23879528
v 0.81626236 3.73878860 9.23879528
v 1.06157494 3.67666698 9.23879528
v 1.30224562 3.59846830 9.23879528
v 1.53722179 3.50453472 9.23879528
v 1.76547623 3.39527655 9.23879528
v 1.98601055 3.27117205 9.23879528
v 2.19786072 3.13276339 9.23879528
v 2.40009999 2.98065615 9.23879528
v 2.59184432 2.81551528 9.23879528
v 2.77225518 2.63806319 9.23879528
v 2.94054365 2.44907546 9.23879528
v 3.09597397 2.24937868 9.23879528
v 3.23786640 2.03984594 9.23879528
v 3.36560035 1.82139373 9.23879528
v 3.47861743 1.59497702 9.23879528
v 3.57642341 1.36158597 9.23879528
v 3.65859056 1.12224114 9.23879528
v 3.72475958 0.87798917 9.23879528
v 3.77464128 0.62989807 9.23879528
v 3.80801749 0.37905270 9.23879528
v 3.82474208 0.12654990 9.23879528
v 3.21439457 0.00002187 9.46930122
v 3.21263719 -0.10625685 9.46930122
v 3.19858909 -0.31834957 9.46930122
v 3.17055440 -0.52905011 9.46930122
v 3.12865591 -0.73743713 9.46930122
v 3.07307625 -0.94259948 9.46930122
v 3.00405908 -1.14363992 9.46930122
v 2.92190576 -1.33967948 9.46930122
v 2.82697582 -1.52986085 9.46930122
v 2.71968412 -1.71335244 9.46930122
v 2.60049987 -1.88935196 9.46930122
v 2.46994448 -2.05708957 9.46930122
v 2.32858849 -2.21583200 9.46930122
v 2.17705035 -2.36488509 9.46930122
v 2.01599240 -2.50359702 9.46930122
v 1.84611893 -2.63136125 9.46930122
v 1.66817307 -2.74761915 9.46930122
v 1.48293257 -2.85186243 9.46930122
v 1.29120767 -2.94363499 9.46930122
v 1.09383655 -3.02253580 9.46930122
v 0.89168245 -3.08821964 9.46930122
v 0.68562919 -3.14039946 9.46930122
v 0.47657788 -3.17884684 9.46930122
v 0.26544261 -3.20339394 9.46930122
v 0.05314662 -3.21393347 9.46930122
v -0.15938176 -3.21041894 9.46930122
v -0.37121320 -3.19286609 9.46930122
v -0.58142143 -3.16135168 9.46930122
v -0.78908724 -3.11601305 9.46930122
v -0.99330258 -3.05704904 9.46930122
v -1.19317448 -2.98471737 9.46930122
v -1.38782883 -2.89933395 9.46930122
v -1.57641470 -2.80127239 9.46930122
v -1.75810719 -2.69096160 9.46930122
v -1.93211198 -2.56888366 9.46930122
v -2.09766817 -2.43557286 9.46930122
v -2.25405169 -2.29161143 9.46930122
v -2.40057898 -2.13762951 9.46930122
v -2.53660893 -1.97430015 9.46930122
v -2.66154718 -1.80233765 9.46930122
v -2.77484703 -1.62249374 9.46930122
v -2.87601328 -1.43555510 9.46930122
v -2.96460319 -1.24233902 9.46930122
v -3.04022980 -1.04369032 9.46930122
v -3.10256243 -0.84047788 9.46930122
v -3.15132809 -0.63359004 9.46930122
v -3.18631387 -0.42393163 9.46930122
v -3.20736670 -0.21241936 9.46930122
v -3.21439457 0.00002187 9.46930122
v -3.20736670 0.21246308 9.46930122
v -3.18631387 0.42397535 9.46930122
v -3.15132809 0.63363379 9.46930122
v -3.10256243 0.84052157 9.46930122
v -3.04022980 1.04373407 9.46930122
v -2.96460319 1.24238276 9.46930122
v -2.87601328 1.43559885 9.46930122
v -2.77484703 1.62253749 9.46930122
v -2.66154718 1.80238140 9.46930122
v -2.53660893 1.97434390 9.46930122
v -2.40057898 2.13767338 9.46930122
v -2.25405169 2.29165530 9.46930122
v -2.09766817 2.43561649 9.46930122
v -1.93211198 2.56892753 9.46930122
v -1.75810719 2.69100523 9.46930122
v -1.57641470 2.80131626 9.46930122
v -1.38782883 2.89937758 9.46930122
v -1.19317448 2.98476100 9.46930122
v -0.99330258 3.05709291 9.46930122
v -0.78908724 3.11605692 9.46930122
v -0.58142143 3.16139531 9.46930122
v -0.37121320 3.19290996 9.46930122
v -0.15938176 3.21046281 9.46930122
v 0.05314662 3.21397710 9.46930122
v 0.26544261 3.20343781 9.46930122
v 0.47657788 3.17889071 9.46930122
v 0.68562919 3.14044309 9.46930122
v 0.89168245 3.08826327 9.46930122
v 1.09383655 3.02257943 9.46930122
v 1.29120767 2.94367886 9.46930122
v 1.48293257 2.85190606 9.46930122
v 1.66817307 2.74766302 9.46930122
v 1.84611893 2.63140512 9.46930122
v 2.01599240 2.50364089 9.46930122
v 2.17705035 2.36492896 9.46930122
v 2.32858849 2.21587586 9.46930122
v 2.46994448 2.05713344 9.46930122
v 2.60049987 1.88939559 9.46930122
v 2.71968412 1.71339619 9.46930122
v 2.82697582 1.52990460 9.46930122
v 2.92190576 1.33972323 9.46930122
v 3.00405908 1.14368367 9.46930122
v 3.07307625 0.94264323 9.46930122
v 3.12865591 0.73748088 9.46930122
v 3.17055440 0.52909386 9.46930122
v 3.19858909 0.31839329 9.46930122
v 3.21263719 0.10630058 9.46930122
v 2.58819056 0.00002187 9.65925789
v 2.58677530 -0.08555243 9.65925789
v 2.57546401 -0.25632682 9.65925789
v 2.55289102 -0.42598027 9.65925789
v 2.51915455 -0.59377092 9.65925789
v 2.47440267 -0.75896508 9.65925789
v 2.41883087 -0.92084038 9.65925789
v 2.35268211 -1.07868898 9.65925789
v 2.27624559 -1.23182058 9.65925789
v 2.18985558 -1.37956572 9.65925789
v 2.09388995 -1.52127826 9.65925789
v 1.98876846 -1.65633857 9.65925789
v 1.87495041 -1.78415608 9.65925789
v 1.75293374 -1.90417171 9.65925789
v 1.62325191 -2.01586080 9.65925789
v 1.48647201 -2.11873507 9.65925789
v 1.34319210 -2.21234441 9.65925789
v 1.19403875 -2.29627967 9.65925789
v 1.03966427 -2.37017393 9.65925789
v 0.88074356 -2.43370390 9.65925789
v 0.71797156 -2.48659158 9.65925789
v 0.55206007 -2.52860618 9.65925789
v 0.38373455 -2.55956364 9.65925789
v 0.21373108 -2.57932854 9.65925789
v 0.04279300 -2.58781481 9.65925789
v -0.12833220 -2.58498502 9.65925789
v -0.29889622 -2.57085180 9.65925789
v -0.46815327 -2.54547668 9.65925789
v -0.63536322 -2.50897074 9.65925789
v -0.79979485 -2.46149349 9.65925789
v -0.96072918 -2.40325284 9.65925789
v -1.11746252 -2.33450317 9.65925789
v -1.26930940 -2.25554538 9.65925789
v -1.41560602 -2.16672444 9.65925789
v -1.55571246 -2.06842899 9.65925789
v -1.68901622 -1.96108854 9.65925789
v -1.81493437 -1.84517276 9.65925789
v -1.93291616 -1.72118843 9.65925789
v -2.04244590 -1.58967757 9.65925789
v -2.14304447 -1.45121551 9.65925789
v -2.23427224 -1.30640745 9.65925789
v -2.31572986 -1.15588677 9.65925789
v -2.38706160 -1.00031161 9.65925789
v -2.44795513 -0.84036219 9.65925789
v -2.49814439 -0.67673802 9.65925789
v -2.53741002 -0.51015455 9.65925789
v -2.56558013 -0.34134018 9.65925789
v -2.58253169 -0.17103316 9.65925789
v -2.58819056 0.00002187 9.65925789
v -2.58253169 0.17107688 9.65925789
v -2.56558013 0.34138393 9.65925789
v -2.53741002 0.51019830 9.65925789
v -2.49814439 0.67678177 9.65925789
v -2.44795513 0.84040594 9.65925789
v -2.38706160 1.00035536 9.65925789
v -2.31572986 1.15593052 9.65925789
v -2.23427224 1.30645120 9.65925789
v -2.14304447 1.45125926 9.65925789
v -2.04244590 1.58972132 9.65925789
v -1.93291616 1.72123206 9.65925789
v -1.81493437 1.84521651 9.65925789
v -1.68901622 1.96113229 9.65925789
v -1.55571246 2.06847262 9.65925789
v -1.41560602 2.16676807 9.65925789
v -1.26930940 2.25558901 9.65925789
v -1.11746252 2.33454704 9.65925789
v -0.96072918 2.40329647 9.65925789
v -0.79979485 2.46153736 9.65925789
v -0.63536322 2.50901437 9.65925789
v -0.46815327 2.54552031 9.65925789
v -0.29889622 2.57089543 9.65925789
v -0.12833220 2.58502865 9.65925789
v 0.04279300 2.58785844 9.65925789
v 0.21373108 2.57937241 9.65925789
v 0.38373455 2.55960727 9.65925789
v 0.55206007 2.52864981 9.65925789
v 0.71797156 2.48663545 9.65925789
v 0.88074356 2.43374753 9.65925789
v 1.03966427 2.37021756 9.65925789
v 1.19403875 2.29632354 9.65925789
v 1.34319210 2.21238828 9.65925789
v 1.48647201 2.11877871 9.65925789
v 1.62325191 2.01590466 9.65925789
v 1.75293374 1.90421546 9.65925789
v 1.87495041 1.78419983 9.65925789
v 1.98876846 1.65638232 9.65925789
v 2.09388995 1.52132201 9.65925789
v 2.18985558 1.37960947 9.65925789
v 2.27624559 1.23186433 9.65925789
v 2.35268211 1.07873273 9.65925789
v 2.41883087 0.92088407 9.65925789
v 2.47440267 0.75900882 9.65925789
v 2.51915455 0.59381467 9.65925789
v 2.55289102 0.42602402 9.65925789
v 2.57546401 0.25637057 9.65925789
v 2.58677530 0.08559616 9.65925789
v 1.95090318 0.00002187 9.80785275
v 1.94983661 -0.06448157 9.80785275
v 1.94131041 -0.19320638 9.80785275
v 1.92429543 -0.32108626 9.80785275
v 1.89886594 -0.44756201 9.80785275
v 1.86513329 -0.57208055 9.80785275
v 1.82324481 -0.69409752 9.80785275
v 1.77338374 -0.81307924 9.80785275
v 1.71576822 -0.92850542 9.80785275
v 1.65064991 -1.03987145 9.80785275
v 1.57831383 -1.14669025 9.80785275
v 1.49907625 -1.24849486 9.80785275
v 1.41328347 -1.34483993 9.80785275
v 1.32131076 -1.43530428 9.80785275
v 1.22356033 -1.51949227 9.80785275
v 1.12045968 -1.59703588 9.80785275
v 1.01245940 -1.66759598 9.80785275
v 0.90003198 -1.73086405 9.80785275
v 0.78366888 -1.78656328 9.80785275
v 0.66387904 -1.83445024 9.80785275
v 0.54118621 -1.87431562 9.80785275
v 0.41612694 -1.90598488 9.80785275
v 0.28924802 -1.92931974 9.80785275
v 0.16110431 -1.94421804 9.80785275
v 0.03225613 -1.95061469 9.80785275
v -0.09673311 -1.94848168 9.80785275
v -0.22529934 -1.93782842 9.80785275
v -0.35288042 -1.91870141 9.80785275
v -0.47891843 -1.89118421 9.80785275
v -0.60286224 -1.85539734 9.80785275
v -0.72416991 -1.81149721 9.80785275
v -0.84231097 -1.75967574 9.80785275
v -0.95676881 -1.70015955 9.80785275
v -1.06704295 -1.63320887 9.80785275
v -1.17265117 -1.55911660 9.80785275
v -1.27313161 -1.47820652 9.80785275
v -1.36804509 -1.39083254 9.80785275
v -1.45697641 -1.29737675 9.80785275
v -1.53953671 -1.19824767 9.80785275
v -1.61536515 -1.09387898 9.80785275
v -1.68412983 -0.98472685 9.80785275
v -1.74553037 -0.87126869 9.80785275
v -1.79929805 -0.75400060 9.80785275
v -1.84519792 -0.63343537 9.80785275
v -1.88302922 -0.51010019 9.80785275
v -1.91262639 -0.38453439 9.80785275
v -1.93386030 -0.25728700 9.80785275
v -1.94663787 -0.12891448 9.80785275
v -1.95090318 0.00002187 9.80785275
v -1.94663787 0.12895820 9.80785275
v -1.93386030 0.25733072 9.80785275
v -1.91262639 0.38457811 9.80785275
v -1.88302922 0.51014394 9.80785275
v -1.84519792 0.63347912 9.80785275
v -1.79929805 0.75404435 9.80785275
v -1.74553037 0.87131244 9.80785275
v -1.68412983 0.98477060 9.80785275
v -1.61536515 1.09392273 9.80785275
v -1.53953671 1.19829142 9.80785275
v -1.45697641 1.29742050 9.80785275
v -1.36804509 1.39087629 9.80785275
v -1.27313161 1.47825027 9.80785275
v -1.17265117 1.55916035 9.80785275
v -1.06704295 1.63325262 9.80785275
v -0.95676881 1.70020330 9.80785275
v -0.84231097 1.75971949 9.80785275
v -0.72416991 1.81154096 9.80785275
v -0.60286224 1.85544109 9.80785275
v -0.47891843 1.89122796 9.80785275
v -0.35288042 1.91874504 9.80785275
v -0.22529934 1.93787205 9.80785275
v -0.09673311 1.94852543 9.80785275
v 0.03225613 1.95065844 9.80785275
v 0.16110431 1.94426179 9.80785275
v 0.28924802 1.92936349 9.80785275
v 0.41612694 1.90602863 9.80785275
v 0.54118621 1.87435925 9.80785275
v 0.66387904 1.83449399 9.80785275
v 0.78366888 1.78660703 9.80785275
v 0.90003198 1.73090768 9.80785275
v 1.01245940 1.66763973 9.80785275
v 1.12045968 1.59707963 9.80785275
v 1.22356033 1.51953602 9.80785275
v 1.32131076 1.43534803 9.80785275
v 1.41328347 1.34488368 9.80785275
v 1.49907625 1.24853849 9.80785275
v 1.57831383 1.14673400 9.80785275
v 1.65064991 1.03991520 9.80785275
v 1.71576822 0.92854917 9.80785275
v 1.77338374 0.81312293 9.80785275
v 1.82324481 0.69414121 9.80785275
v 1.86513329 0.57212430 9.80785275
v 1.89886594 0.44760573 9.80785275
v 1.92429543 0.32112998 9.80785275
v 1.94131041 0.19325010 9.80785275
v 1.94983661 0.06452530 9.80785275
v 1.30526197 0.00002187 9.91444874
v 1.30454826 -0.04313449 9.91444874
v 1.29884386 -0.12925850 9.91444874
v 1.28745985 -0.21481718 9.91444874
v 1.27044618 -0.29943645 9.91444874
v 1.24787712 -0.38274625 9.91444874
v 1.21985137 -0.46438229 9.91444874
v 1.18649161 -0.54398763 9.91444874
v 1.14794362 -0.62121415 9.91444874
v 1.10437596 -0.69572413 9.91444874
v 1.05597913 -0.76719183 9.91444874
v 1.00296474 -0.83530468 9.91444874
v 0.94556463 -0.89976490 9.91444874
v 0.88402987 -0.96029055 9.91444874
v 0.81862944 -1.01661694 9.91444874
v 0.74964935 -1.06849790 9.91444874
v 0.67739123 -1.11570656 9.91444874
v 0.60217106 -1.15803635 9.91444874
v 0.52431774 -1.19530213 9.91444874
v 0.44417173 -1.22734118 9.91444874
v 0.36208346 -1.25401330 9.91444874
v 0.27841190 -1.27520180 9.91444874
v 0.19352290 -1.29081416 9.91444874
v 0.10778768 -1.30078197 9.91444874
v 0.02158113 -1.30506158 9.91444874
v -0.06471979 -1.30363452 9.91444874
v -0.15073770 -1.29650688 9.91444874
v -0.23609647 -1.28370988 9.91444874
v -0.32042286 -1.26529944 9.91444874
v -0.40334812 -1.24135602 9.91444874
v -0.48450965 -1.21198440 9.91444874
v -0.56355250 -1.17731297 9.91444874
v -0.64013112 -1.13749337 9.91444874
v -0.71391058 -1.09269965 9.91444874
v -0.78456831 -1.04312778 9.91444874
v -0.85179532 -0.98899448 9.91444874
v -0.91529769 -0.93053651 9.91444874
v -0.97479767 -0.86800939 9.91444874
v -1.03003502 -0.80168658 9.91444874
v -1.08076835 -0.73185813 9.91444874
v -1.12677586 -0.65882939 9.91444874
v -1.16785610 -0.58291960 9.91444874
v -1.20382965 -0.50446081 9.91444874
v -1.23453927 -0.42379600 9.91444874
v -1.25985038 -0.34127796 9.91444874
v -1.27965260 -0.25726748 9.91444874
v -1.29385924 -0.17213197 9.91444874
v -1.30240810 -0.08624366 9.91444874
v -1.30526197 0.00002187 9.91444874
v -1.30240810 0.08628739 9.91444874
v -1.29385924 0.17217569 9.91444874
v -1.27965260 0.25731122 9.91444874
v -1.25985038 0.34132168 9.91444874
v -1.23453927 0.42383972 9.91444874
v -1.20382965 0.50450450 9.91444874
v -1.16785610 0.58296335 9.91444874
v -1.12677586 0.65887308 9.91444874
v -1.08076835 0.73190188 9.91444874
v -1.03003502 0.80173033 9.91444874
v -0.97479767 0.86805314 9.91444874
v -0.91529769 0.93058020 9.91444874
v -0.85179532 0.98903823 9.91444874
v -0.78456831 1.04317153 9.91444874
v -0.71391058 1.09274340 9.91444874
v -0.64013112 1.13753712 9.91444874
v -0.56355250 1.17735672 9.91444874
v -0.48450965 1.21202815 9.91444874
v -0.40334812 1.24139977 9.91444874
v -0.32042286 1.26534307 9.91444874
v -0.23609647 1.28375363 9.91444874
v -0.15073770 1.29655063 9.91444874
v -0.06471979 1.30367827 9.91444874
v 0.02158113 1.30510533 9.91444874
v 0.10778768 1.30082572 9.91444874
v 0.19352290 1.29085791 9.91444874
v 0.27841190 1.27524555 9.91444874
v 0.36208346 1.25405705 9.91444874
v 0.44417173 1.22738492 9.91444874
v 0.52431774 1.19534588 9.91444874
v 0.60217106 1.15807998 9.91444874
v 0.67739123 1.11575019 9.91444874
v 0.74964935 1.06854165 9.91444874
v 0.81862944 1.01666069 9.91444874
v 0.88402987 0.96033424 9.91444874
v 0.94556463 0.89980865 9.91444874
v 1.00296474 0.83534843 9.91444874
v 1.05597913 0.76723558 9.91444874
v 1.10437596 0.69576788 9.91444874
v 1.14794362 0.62125790 9.91444874
v 1.18649161 0.54403138 9.91444874
v 1.21985137 0.46442601 9.91444874
v 1.24787712 0.38278997 9.91444874
v 1.27044618 0.29948017 9.91444874
v 1.28745985 0.21486092 9.91444874
v 1.29884386 0.12930222 9.91444874
v 1.30454826 0.04317822 9.91444874
f 1 2 3
f 3 2 4
f 4 2 5
f 5 2 6
f 6 2 7
f 7 2 8
f 8 2 9
f 9 2 10
f 10 2 11
f 11 2 12
f 12 2 13
f 13 2 14
f 14 2 15
f 15 2 16
f 16 2 17
f 17 2 18
f 18 2 19
f 19 2 20
f 20 2 21
f 21 2 22
f 22 2 23
f 23 2 24
f 24 2 25
f 25 2 26
f 26 2 27
f 27 2 28
f 28 2 29
f 29 2 30
f 30 2 31
f 31 2 32
f 32 2 33
f 33 2 34
f 34 2 35
f 35 2 36
f 36 2 37
f 37 2 38
f 38 2 39
f 39 2 40
f 40 2 41
f 41 2 42
f 42 2 43
f 43 2 44
f 44 2 45
f 45 2 46
f 46 2 47
f 47 2 48
f 48 2 49
f 50 51 52
f 52 51 53
f 53 51 54
f 54 51 55
f 55 51 56
f 56 51 57
f 57 51 58
f 58 51 59
f 59 51 60
f 60 51 61
f 61 51 62
f 62 51 63
f 63 51 64
f 64 51 65
f 65 51 66
f 66 51 67
f 67 51 68
f 68 51 69
f 69 51 70
f 70 51 71
f 71 51 72
f 72 51 73
f 73 51 74
f 74 51 75
f 75 51 76
f 76 51 77
f 77 51 78
f 78 51 79
f 79 51 80
f 80 51 81
f 81 51 82
f 82 51 83
f 83 51 84
f 84 51 85
f 85 51 86
f 86 51 87
f 87 51 88
f 88 51 89
f 89 51 90
f 90 51 91
f 91 51 92
f 92 51 93
f 93 51 94
f 94 51 95
f 95 51 96
f 96 51 97
f 97 51 98
f 99 51 100
f 100 51 101
f 101 51 102
f 102 51 103
f 103 51 104
f 104 51 105
f 105 51 106
f 106 51 107
f 107 51 108
f 108 51 109
f 109 51 110
f 110 51 111
f 111 51 112
f 112 51 113
f 113 51 114
f 114 51 115
f 115 51 116
f 116 51 117
f 117 51 118
f 118 51 119
f 119 51 120
f 120 51 121
f 121 51 122
f 122 51 123
f 123 51 124
f 124 51 125
f 125 51 126
f 126 51 127
f 127 51 128
f 128 51 129
f 129 51 130
f 130 51 131
f 131 51 132
f 132 51 133
f 133 51 134
f 134 51 135
f 135 51 136
f 136 51 137
f 137 51 138
f 138 51 139
f 139 51 140
f 140 51 141
f 141 51 142
f 142 51 143
f 143 51 144
f 144 51 145
f 145 51 146
f 147 2 148
f 148 2 149
f 149 2 150
f 150 2 151
f 151 2 152
f 152 2 153
f 153 2 154
f 154 2 155
f 155 2 156
f 156 2 157
f 157 2 158
f 158 2 159
f 159 2 160
f 160 2 161
f 161 2 162
f 162 2 163
f 163 2 164
f 164 2 165
f 165 2 166
f 166 2 167
f 167 2 168
f 168 2 169
f 169 2 170
f 170 2 171
f 171 2 172
f 172 2 173
f 173 2 174
f 174 2 175
f 175 2 176
f 176 2 177
f 177 2 178
f 178 2 179
f 179 2 180
f 180 2 181
f 181 2 182
f 182 2 183
f 183 2 184
f 184 2 185
f 185 2 186
f 186 2 187
f 187 2 188
f 188 2 189
f 189 2 190
f 190 2 191
f 191 2 192
f 192 2 193
f 193 2 194
f 98 195 97
f 97 195 196
f 97 196 96
f 96 196 197
f 96 197 95
f 95 197 198
f 95 198 94
f 94 198 199
f 94 199 93
f 93 199 200
f 93 200 92
f 92 200 201
f 92 201 91
f 91 201 202
f 91 202 90
f 90 202 203
f 90 203 89
f 89 203 204
f 89 204 88
f 88 204 205
f 88 205 87
f 87 205 206
f 87 206 86
f 86 206 207
f 86 207 85
f 85 207 208
f 85 208 84
f 84 208 209
f 84 209 83
f 83 209 210
f 83 210 82
f 82 210 211
f 82 211 81
f 81 211 212
f 81 212 80
f 80 212 213
f 80 213 79
f 79 213 214
f 79 214 78
f 78 214 215
f 78 215 77
f 77 215 216
f 77 216 76
f 76 216 217
f 76 217 75
f 75 217 218
f 75 218 74
f 74 218 219
f 74 219 73
f 73 219 220
f 73 220 72
f 72 220 221
f 72 221 71
f 71 221 222
f 71 222 70
f 70 222 223
f 70 223 69
f 69 223 224
f 69 224 68
f 68 224 225
f 68 225 67
f 67 225 226
f 67 226 66
f 66 226 227
f 66 227 65
f 65 227 228
f 65 228 64
f 64 228 229
f 64 229 63
f 63 229 230
f 63 230 62
f 62 230 231
f 62 231 61
f 61 231 232
f 61 232 60
f 60 232 233
f 60 233 59
f 59 233 234
f 59 234 58
f 58 234 235
f 58 235 57
f 57 235 236
f 57 236 56
f 56 236 237
f 56 237 55
f 55 237 238
f 55 238 54
f 54 238 239
f 54 239 53
f 53 239 240
f 53 240 52
f 52 240 241
f 52 241 50
f 50 241 242
f 50 242 146
f 146 242 243
f 146 243 145
f 145 243 244
f 145 244 144
f 144 244 245
f 144 245 143
f 143 245 246
f 143 246 142
f 142 246 247
f 142 247 141
f 141 247 248
f 141 248 140
f 140 248 249
f 140 249 139
f 139 249 250
f 139 250 138
f 138 250 251
f 138 251 137
f 137 251 252
f 137 252 136
f 136 252 253
f 136 253 135
f 135 253 254
f 135 254 134
f 134 254 255
f 134 255 133
f 133 255 256
f 133 256 132
f 132 256 257
f 132 257 131
f 131 257 258
f 131 258 130
f 130 258 259
f 130 259 129
f 129 259 260
f 129 260 128
f 128 260 261
f 128 261 127
f 127 261 262
f 127 262 126
f 126 262 263
f 126 263 125
f 125 263 264
f 125 264 124
f 124 264 265
f 124 265 123
f 123 265 266
f 123 266 122
f 122 266 267
f 122 267 121
f 121 267 268
f 121 268 120
f 120 268 269
f 120 269 119
f 119 269 270
f 119 270 118
f 118 270 271
f 118 271 117
f 117 271 272
f 117 272 116
f 116 272 273
f 116 273 115
f 115 273 274
f 115 274 114
f 114 274 275
f 114 275 113
f 113 275 276
f 113 276 112
f 112 276 277
f 112 277 111
f 111 277 278
f 111 278 110
f 110 278 279
f 110 279 109
f 109 279 280
f 109 280 108
f 108 280 281
f 108 281 107
f 107 281 282
f 107 282 106
f 106 282 283
f 106 283 105
f 105 283 284
f 105 284 104
f 104 284 285
f 104 285 103
f 103 285 286
f 103 286 102
f 102 286 287
f 102 287 101
f 101 287 288
f 101 288 100
f 100 288 289
f 100 289 99
f 99 289 290
f 99 290 98
f 98 290 195
f 98 51 99
f 195 291 196
f 196 291 292
f 196 292 197
f 197 292 293
f 197 293 198
f 198 293 294
f 198 294 199
f 199 294 295
f 199 295 200
f 200 295 296
f 200 296 201
f 201 296 297
f 201 297 202
f 202 297 298
f 202 298 203
f 203 298 299
f 203 299 204
f 204 299 300
f 204 300 205
f 205 300 301
f 205 301 206
f 206 301 302
f 206 302 207
f 207 302 303
f 207 303 208
f 208 303 304
f 208 304 209
f 209 304 305
f 209 305 210
f 210 305 306
f 210 306 211
f 211 306 307
f 211 307 212
f 212 307 308
f 212 308 213
f 213 308 309
f 213 309 214
f 214 309 310
f 214 310 215
f 215 310 311
f 215 311 216
f 216 311 312
f 216 312 217
f 217 312 313
f 217 313 218
f 218 313 314
f 218 314 219
f 219 314 315
f 219 315 220
f 220 315 316
f 220 316 221
f 221 316 317
f 221 317 222
f 222 317 318
f 222 318 223
f 223 318 319
f 223 319 224
f 224 319 320
f 224 320 225
f 225 320 321
f 225 321 226
f 226 321 322
f 226 322 227
f 227 322 323
f 227 323 228
f 228 323 324
f 228 324 229
f 229 324 325
f 229 325 230
f 230 325 326
f 230 326 231
f 231 326 327
f 231 327 232
f 232 327 328
f 232 328 233
f 233 328 329
f 233 329 234
f 234 329 330
f 234 330 235
f 235 330 331
f 235 331 236
f 236 331 332
f 236 332 237
f 237 332 333
f 237 333 238
f 238 333 334
f 238 334 239
f 239 334 335
f 239 335 240
f 240 335 336
f 240 336 241
f 241 336 337
f 241 337 242
f 242 337 338
f 242 338 243
f 243 338 339
f 243 339 244
f 244 339 340
f 244 340 245
f 245 340 341
f 245 341 246
f 246 341 342
f 246 342 247
f 247 342 343
f 247 343 248
f 248 343 344
f 248 344 249
f 249 344 345
f 249 345 250
f 250 345 346
f 250 346 251
f 251 346 347
f 251 347 252
f 252 347 348
f 252 348 253
f 253 348 349
f 253 349 254
f 254 349 350
f 254 350 255
f 255 350 351
f 255 351 256
f 256 351 352
f 256 352 257
f 257 352 353
f 257 353 258
f 258 353 354
f 258 354 259
f 259 354 355
f 259 355 260
f 260 355 356
f 260 356 261
f 261 356 357
f 261 357 262
f 262 357 358
f 262 358 263
f 263 358 359
f 263 359 264
f 264 359 360
f 264 360 265
f 265 360 361
f 265 361 266
f 266 361 362
f 266 362 267
f 267 362 363
f 267 363 268
f 268 363 364
f 268 364 269
f 269 364 365
f 269 365 270
f 270 365 366
f 270 366 271
f 271 366 367
f 271 367 272
f 272 367 368
f 272 368 273
f 273 368 369
f 273 369 274
f 274 369 370
f 274 370 275
f 275 370 371
f 275 371 276
f 276 371 372
f 276 372 277
f 277 372 373
f 277 373 278
f 278 373 374
f 278 374 279
f 279 374 375
f 279 375 280
f 280 375 376
f 280 376 281
f 281 376 377
f 281 377 282
f 282 377 378
f 282 378 283
f 283 378 379
f 283 379 284
f 284 379 380
f 284 380 285
f 285 380 381
f 285 381 286
f 286 381 382
f 286 382 287
f 287 382 383
f 287 383 288
f 288 383 384
f 288 384 289
f 289 384 385
f 289 385 290
f 290 385 386
f 290 386 195
f 195 386 291
f 291 387 292
f 292 387 388
f 292 388 293
f 293 388 389
f 293 389 294
f 294 389 390
f 294 390 295
f 295 390 391
f 295 391 296
f 296 391 392
f 296 392 297
f 297 392 393
f 297 393 298
f 298 393 394
f 298 394 299
f 299 394 395
f 299 395 300
f 300 395 396
f 300 396 301
f 301 396 397
f 301 397 302
f 302 397 398
f 302 398 303
f 303 398 399
f 303 399 304
f 304 399 400
f 304 400 305
f 305 400 401
f 305 401 306
f 306 401 402
f 306 402 307
f 307 402 403
f 307 403 308
f 308 403 404
f 308 404 309
f 309 404 405
f 309 405 310
f 310 405 406
f 310 406 311
f 311 406 407
f 311 407 312
f 312 407 408
f 312 408 313
f 313 408 409
f 313 409 314
f 314 409 410
f 314 410 315
f 315 410 411
f 315 411 316
f 316 411 412
f 316 412 317
f 317 412 413
f 317 413 318
f 318 413 414
f 318 414 319
f 319 414 415
f 319 415 320
f 320 415 416
f 320 416 321
f 321 416 417
f 321 417 322
f 322 417 418
f 322 418 323
f 323 418 419
f 323 419 324
f 324 419 420
f 324 420 325
f 325 420 421
f 325 421 326
f 326 421 422
f 326 422 327
f 327 422 423
f 327 423 328
f 328 423 424
f 328 424 329
f 329 424 425
f 329 425 330
f 330 425 426
f 330 426 331
f 331 426 427
f 331 427 332
f 332 427 428
f 332 428 333
f 333 428 429
f 333 429 334
f 334 429 430
f 334 430 335
f 335 430 431
f 335 431 336
f 336 431 432
f 336 432 337
f 337 432 433
f 337 433 338
f 338 433 434
f 338 434 339
f 339 434 435
f 339 435 340
f 340 435 436
f 340 436 341
f 341 436 437
f 341 437 342
f 342 437 438
f 342 438 343
f 343 438 439
f 343 439 344
f 344 439 440
f 344 440 345
f 345 440 441
f 345 441 346
f 346 441 442
f 346 442 347
f 347 442 443
f 347 443 348
f 348 443 444
f 348 444 349
f 349 444 445
f 349 445 350
f 350 445 446
f 350 446 351
f 351 446 447
f 351 447 352
f 352 447 448
f 352 448 353
f 353 448 449
f 353 449 354
f 354 449 450
f 354 450 355
f 355 450 451
f 355 451 356
f 356 451 452
f 356 452 357
f 357 452 453
f 357 453 358
f 358 453 454
f 358 454 359
f 359 454 455
f 359 455 360
f 360 455 456
f 360 456 361
f 361 456 457
f 361 457 362
f 362 457 458
f 362 458 363
f 363 458 459
f 363 459 364
f 364 459 460
f 364 460 365
f 365 460 461
f 365 461 366
f 366 461 462
f 366 462 367
f 367 462 463
f 367 463 368
f 368 463 464
f 368 464 369
f 369 464 465
f 369 465 370
f 370 465 466
f 370 466 371
f 371 466 467
f 371 467 372
f 372 467 468
f 372 468 373
f 373 468 469
f 373 469 374
f 374 469 470
f 374 470 375
f 375 470 471
f 375 471 376
f 376 471 472
f 376 472 377
f 377 472 473
f 377 473 378
f 378 473 474
f 378 474 379
f 379 474 475
f 379 475 380
f 380 475 476
f 380 476 381
f 381 476 477
f 381 477 382
f 382 477 478
f 382 478 383
f 383 478 479
f 383 479 384
f 384 479 480
f 384 480 385
f 385 480 481
f 385 481 386
f 386 481 482
f 386 482 291
f 291 482 387
f 387 483 388
f 388 483 484
f 388 484 389
f 389 484 485
f 389 485 390
f 390 485 486
f 390 486 391
f 391 486 487
f 391 487 392
f 392 487 488
f 392 488 393
f 393 488 489
f 393 489 394
f 394 489 490
f 394 490 395
f 395 490 491
f 395 491 396
f 396 491 492
f 396 492 397
f 397 492 493
f 397 493 398
f 398 493 494
f 398 494 399
f 399 494 495
f 399 495 400
f 400 495 496
f 400 496 401
f 401 496 497
f 401 497 402
f 402 497 498
f 402 498 403
f 403 498 499
f 403 499 404
f 404 499 500
f 404 500 405
f 405 500 501
f 405 501 406
f 406 501 502
f 406 502 407
f 407 502 503
f 407 503 408
f 408 503 504
f 408 504 409
f 409 504 505
f 409 505 410
f 410 505 506
f 410 506 411
f 411 506 507
f 411 507 412
f 412 507 508
f 412 508 413
f 413 508 509
f 413 509 414
f 414 509 510
f 414 510 415
f 415 510 511
f 415 511 416
f 416 511 512
f 416 512 417
f 417 512 513
f 417 513 418
f 418 513 514
f 418 514 419
f 419 514 515
f 419 515 420
f 420 515 516
f 420 516 421
f 421 516 517
f 421 517 422
f 422 517 518
f 422 518 423
f 423 518 519
f 423 519 424
f 424 519 520
f 424 520 425
f 425 520 521
f 425 521 426
f 426 521 522
f 426 522 427
f 427 522 523
f 427 523 428
f 428 523 524
f 428 524 429
f 429 524 525
f 429 525 430
f 430 525 526
f 430 526 431
f 431 526 527
f 431 527 432
f 432 527 528
f 432 528 433
f 433 528 529
f 433 529 434
f 434 529 530
f 434 530 435
f 435 530 531
f 435 531 436
f 436 531 532
f 436 532 437
f 437 532 533
f 437 533 438
f 438 533 534
f 438 534 439
f 439 534 535
f 439 535 440
f 440 535 536
f 440 536 441
f 441 536 537
f 441 537 442
f 442 537 538
f 442 538 443
f 443 538 539
f 443 539 444
f 444 539 540
f 444 540 445
f 445 540 541
f 445 541 446
f 446 541 542
f 446 542 447
f 447 542 543
f 447 543 448
f 448 543 544
f 448 544 449
f 449 544 545
f 449 545 450
f 450 545 546
f 450 546 451
f 451 546 547
f 451 547 452
f 452 547 548
f 452 548 453
f 453 548 549
f 453 549 454
f 454 549 550
f 454 550 455
f 455 550 551
f 455 551 456
f 456 551 552
f 456 552 457
f 457 552 553
f 457 553 458
f 458 553 554
f 458 554 459
f 459 554 555
f 459 555 460
f 460 555 556
f 460 556 461
f 461 556 557
f 461 557 462
f 462 557 558
f 462 558 463
f 463 558 559
f 463 559 464
f 464 559 560
f 464 560 465
f 465 560 561
f 465 561 466
f 466 561 562
f 466 562 467
f 467 562 563
f 467 563 468
f 468 563 564
f 468 564 469
f 469 564 565
f 469 565 470
f 470 565 566
f 470 566 471
f 471 566 567
f 471 567 472
f 472 567 568
f 472 568 473
f 473 568 569
f 473 569 474
f 474 569 570
f 474 570 475
f 475 570 571
f 475 571 476
f 476 571 572
f 476 572 477
f 477 572 573
f 477 573 478
f 478 573 574
f 478 574 479
f 479 574 575
f 479 575 480
f 480 575 576
f 480 576 481
f 481 576 577
f 481 577 482
f 482 577 578
f 482 578 387
f 387 578 483
f 483 579 484
f 484 579 580
f 484 580 485
f 485 580 581
f 485 581 486
f 486 581 582
f 486 582 487
f 487 582 583
f 487 583 488
f 488 583 584
f 488 584 489
f 489 584 585
f 489 585 490
f 490 585 586
f 490 586 491
f 491 586 587
f 491 587 492
f 492 587 588
f 492 588 493
f 493 588 589
f 493 589 494
f 494 589 590
f 494 590 495
f 495 590 591
f 495 591 496
f 496 591 592
f 496 592 497
f 497 592 593
f 497 593 498
f 498 593 594
f 498 594 499
f 499 594 595
f 499 595 500
f 500 595 596
f 500 596 501
f 501 596 597
f 501 597 502
f 502 597 598
f 502 598 503
f 503 598 599
f 503 599 504
f 504 599 600
f 504 600 505
f 505 600 601
f 505 601 506
f 506 601 602
f 506 602 507
f 507 602 603
f 507 603 508
f 508 603 604
f 508 604 509
f 509 604 605
f 509 605 510
f 510 605 606
f 510 606 511
f 511 606 607
f 511 607 512
f 512 607 608
f 512 608 513
f 513 608 609
f 513 609 514
f 514 609 610
f 514 610 515
f 515 610 611
f 515 611 516
f 516 611 612
f 516 612 517
f 517 612 613
f 517 613 518
f 518 613 614
f 518 614 519
f 519 614 615
f 519 615 520
f 520 615 616
f 520 616 521
f 521 616 617
f 521 617 522
f 522 617 618
f 522 618 523
f 523 618 619
f 523 619 524
f 524 619 620
f 524 620 525
f 525 620 621
f 525 621 526
f 526 621 622
f 526 622 527
f 527 622 623
f 527 623 528
f 528 623 624
f 528 624 529
f 529 624 625
f 529 625 530
f 530 625 626
f 530 626 531
f 531 626 627
f 531 627 532
f 532 627 628
f 532 628 533
f 533 628 629
f 533 629 534
f 534 629 630
f 534 630 535
f 535 630 631
f 535 631 536
f 536 631 632
f 536 632 537
f 537 632 633
f 537 633 538
f 538 633 634
f 538 634 539
f 539 634 635
f 539 635 540
f 540 635 636
f 540 636 541
f 541 636 637
f 541 637 542
f 542 637 638
f 542 638 543
f 543 638 639
f 543 639 544
f 544 639 640
f 544 640 545
f 545 640 641
f 545 641 546
f 546 641 642
f 546 642 547
f 547 642 643
f 547 643 548
f 548 643 644
f 548 644 549
f 549 644 645
f 549 645 550
f 550 645 646
f 550 646 551
f 551 646 647
f 551 647 552
f 552 647 648
f 552 648 553
f 553 648 649
f 553 649 554
f 554 649 650
f 554 650 555
f 555 650 651
f 555 651 556
f 556 651 652
f 556 652 557
f 557 652 653
f 557 653 558
f 558 653 654
f 558 654 559
f 559 654 655
f 559 655 560
f 560 655 656
f 560 656 561
f 561 656 657
f 561 657 562
f 562 657 658
f 562 658 563
f 563 658 659
f 563 659 564
f 564 659 660
f 564 660 565
f 565 660 661
f 565 661 566
f 566 661 662
f 566 662 567
f 567 662 663
f 567 663 568
f 568 663 664
f 568 664 569
f 569 664 665
f 569 665 570
f 570 665 666
f 570 666 571
f 571 666 667
f 571 667 572
f 572 667 668
f 572 668 573
f 573 668 669
f 573 669 574
f 574 669 670
f 574 670 575
f 575 670 671
f 575 671 576
f 576 671 672
f 576 672 577
f 577 672 673
f 577 673 578
f 578 673 674
f 578 674 483
f 483 674 579
f 579 675 580
f 580 675 676
f 580 676 581
f 581 676 677
f 581 677 582
f 582 677 678
f 582 678 583
f 583 678 679
f 583 679 584
f 584 679 680
f 584 680 585
f 585 680 681
f 585 681 586
f 586 681 682
f 586 682 587
f 587 682 683
f 587 683 588
f 588 683 684
f 588 684 589
f 589 684 685
f 589 685 590
f 590 685 686
f 590 686 591
f 591 686 687
f 591 687 592
f 592 687 688
f 592 688 593
f 593 688 689
f 593 689 594
f 594 689 690
f 594 690 595
f 595 690 691
f 595 691 596
f 596 691 692
f 596 692 597
f 597 692 693
f 597 693 598
f 598 693 694
f 598 694 599
f 599 694 695
f 599 695 600
f 600 695 696
f 600 696 601
f 601 696 697
f 601 697 602
f 602 697 698
f 602 698 603
f 603 698 699
f 603 699 604
f 604 699 700
f 604 700 605
f 605 700 701
f 605 701 606
f 606 701 702
f 606 702 607
f 607 702 703
f 607 703 608
f 608 703 704
f 608 704 609
f 609 704 705
f 609 705 610
f 610 705 706
f 610 706 611
f 611 706 707
f 611 707 612
f 612 707 708
f 612 708 613
f 613 708 709
f 613 709 614
f 614 709 710
f 614 710 615
f 615 710 711
f 615 711 616
f 616 711 712
f 616 712 617
f 617 712 713
f 617 713 618
f 618 713 714
f 618 714 619
f 619 714 715
f 619 715 620
f 620 715 716
f 620 716 621
f 621 716 717
f 621 717 622
f 622 717 718
f 622 718 623
f 623 718 719
f 623 719 624
f 624 719 720
f 624 720 625
f 625 720 721
f 625 721 626
f 626 721 722
f 626 722 627
f 627 722 723
f 627 723 628
f 628 723 724
f 628 724 629
f 629 724 725
f 629 725 630
f 630 725 726
f 630 726 631
f 631 726 727
f 631 727 632
f 632 727 728
f 632 728 633
f 633 728 729
f 633 729 634
f 634 729 730
f 634 730 635
f 635 730 731
f 635 731 636
f 636 731 732
f 636 732 637
f 637 732 733
f 637 733 638
f 638 733 734
f 638 734 639
f 639 734 735
f 639 735 640
f 640 735 736
f 640 736 641
f 641 736 737
f 641 737 642
f 642 737 738
f 642 738 643
f 643 738 739
f 643 739 644
f 644 739 740
f 644 740 645
f 645 740 741
f 645 741 646
f 646 741 742
f 646 742 647
f 647 742 743
f 647 743 648
f 648 743 744
f 648 744 649
f 649 744 745
f 649 745 650
f 650 745 746
f 650 746 651
f 651 746 747
f 651 747 652
f 652 747 748
f 652 748 653
f 653 748 749
f 653 749 654
f 654 749 750
f 654 750 655
f 655 750 751
f 655 751 656
f 656 751 752
f 656 752 657
f 657 752 753
f 657 753 658
f 658 753 754
f 658 754 659
f 659 754 755
f 659 755 660
f 660 755 756
f 660 756 661
f 661 756 757
f 661 757 662
f 662 757 758
f 662 758 663
f 663 758 759
f 663 759 664
f 664 759 760
f 664 760 665
f 665 760 761
f 665 761 666
f 666 761 762
f 666 762 667
f 667 762 763
f 667 763 668
f 668 763 764
f 668 764 669
f 669 764 765
f 669 765 670
f 670 765 766
f 670 766 671
f 671 766 767
f 671 767 672
f 672 767 768
f 672 768 673
f 673 768 769
f 673 769 674
f 674 769 770
f 674 770 579
f 579 770 675
f 675 771 676
f 676 771 772
f 676 772 677
f 677 772 773
f 677 773 678
f 678 773 774
f 678 774 679
f 679 774 775
f 679 775 680
f 680 775 776
f 680 776 681
f 681 776 777
f 681 777 682
f 682 777 778
f 682 778 683
f 683 778 779
f 683 779 684
f 684 779 780
f 684 780 685
f 685 780 781
f 685 781 686
f 686 781 782
f 686 782 687
f 687 782 783
f 687 783 688
f 688 783 784
f 688 784 689
f 689 784 785
f 689 785 690
f 690 785 786
f 690 786 691
f 691 786 787
f 691 787 692
f 692 787 788
f 692 788 693
f 693 788 789
f 693 789 694
f 694 789 790
f 694 790 695
f 695 790 791
f 695 791 696
f 696 791 792
f 696 792 697
f 697 792 793
f 697 793 698
f 698 793 794
f 698 794 699
f 699 794 795
f 699 795 700
f 700 795 796
f 700 796 701
f 701 796 797
f 701 797 702
f 702 797 798
f 702 798 703
f 703 798 799
f 703 799 704
f 704 799 800
f 704 800 705
f 705 800 801
f 705 801 706
f 706 801 802
f 706 802 707
f 707 802 803
f 707 803 708
f 708 803 804
f 708 804 709
f 709 804 805
f 709 805 710
f 710 805 806
f 710 806 711
f 711 806 807
f 711 807 712
f 712 807 808
f 712 808 713
f 713 808 809
f 713 809 714
f 714 809 810
f 714 810 715
f 715 810 811
f 715 811 716
f 716 811 812
f 716 812 717
f 717 812 813
f 717 813 718
f 718 813 814
f 718 814 719
f 719 814 815
f 719 815 720
f 720 815 816
f 720 816 721
f 721 816 817
f 721 817 722
f 722 817 818
f 722 818 723
f 723 818 819
f 723 819 724
f 724 819 820
f 724 820 725
f 725 820 821
f 725 821 726
f 726 821 822
f 726 822 727
f 727 822 823
f 727 823 728
f 728 823 824
f 728 824 729
f 729 824 825
f 729 825 730
f 730 825 826
f 730 826 731
f 731 826 827
f 731 827 732
f 732 827 828
f 732 828 733
f 733 828 829
f 733 829 734
f 734 829 830
f 734 830 735
f 735 830 831
f 735 831 736
f 736 831 832
f 736 832 737
f 737 832 833
f 737 833 738
f 738 833 834
f 738 834 739
f 739 834 835
f 739 835 740
f 740 835 836
f 740 836 741
f 741 836 837
f 741 837 742
f 742 837 838
f 742 838 743
f 743 838 839
f 743 839 744
f 744 839 840
f 744 840 745
f 745 840 841
f 745 841 746
f 746 841 842
f 746 842 747
f 747 842 843
f 747 843 748
f 748 843 844
f 748 844 749
f 749 844 845
f 749 845 750
f 750 845 846
f 750 846 751
f 751 846 847
f 751 847 752
f 752 847 848
f 752 848 753
f 753 848 849
f 753 849 754
f 754 849 850
f 754 850 755
f 755 850 851
f 755 851 756
f 756 851 852
f 756 852 757
f 757 852 853
f 757 853 758
f 758 853 854
f 758 854 759
f 759 854 855
f 759 855 760
f 760 855 856
f 760 856 761
f 761 856 857
f 761 857 762
f 762 857 858
f 762 858 763
f 763 858 859
f 763 859 764
f 764 859 860
f 764 860 765
f 765 860 861
f 765 861 766
f 766 861 862
f 766 862 767
f 767 862 863
f 767 863 768
f 768 863 864
f 768 864 769
f 769 864 865
f 769 865 770
f 770 865 866
f 770 866 675
f 675 866 771
f 771 867 772
f 772 867 868
f 772 868 773
f 773 868 869
f 773 869 774
f 774 869 870
f 774 870 775
f 775 870 871
f 775 871 776
f 776 871 872
f 776 872 777
f 777 872 873
f 777 873 778
f 778 873 874
f 778 874 779
f 779 874 875
f 779 875 780
f 780 875 876
f 780 876 781
f 781 876 877
f 781 877 782
f 782 877 878
f 782 878 783
f 783 878 879
f 783 879 784
f 784 879 880
f 784 880 785
f 785 880 881
f 785 881 786
f 786 881 882
f 786 882 787
f 787 882 883
f 787 883 788
f 788 883 884
f 788 884 789
f 789 884 885
f 789 885 790
f 790 885 886
f 790 886 791
f 791 886 887
f 791 887 792
f 792 887 888
f 792 888 793
f 793 888 889
f 793 889 794
f 794 889 890
f 794 890 795
f 795 890 891
f 795 891 796
f 796 891 892
f 796 892 797
f 797 892 893
f 797 893 798
f 798 893 894
f 798 894 799
f 799 894 895
f 799 895 800
f 800 895 896
f 800 896 801
f 801 896 897
f 801 897 802
f 802 897 898
f 802 898 803
f 803 898 899
f 803 899 804
f 804 899 900
f 804 900 805
f 805 900 901
f 805 901 806
f 806 901 902
f 806 902 807
f 807 902 903
f 807 903 808
f 808 903 904
f 808 904 809
f 809 904 905
f 809 905 810
f 810 905 906
f 810 906 811
f 811 906 907
f 811 907 812
f 812 907 908
f 812 908 813
f 813 908 909
f 813 909 814
f 814 909 910
f 814 910 815
f 815 910 911
f 815 911 816
f 816 911 912
f 816 912 817
f 817 912 913
f 817 913 818
f 818 913 914
f 818 914 819
f 819 914 915
f 819 915 820
f 820 915 916
f 820 916 821
f 821 916 917
f 821 917 822
f 822 917 918
f 822 918 823
f 823 918 919
f 823 919 824
f 824 919 920
f 824 920 825
f 825 920 921
f 825 921 826
f 826 921 922
f 826 922 827
f 827 922 923
f 827 923 828
f 828 923 924
f 828 924 829
f 829 924 925
f 829 925 830
f 830 925 926
f 830 926 831
f 831 926 927
f 831 927 832
f 832 927 928
f 832 928 833
f 833 928 929
f 833 929 834
f 834 929 930
f 834 930 835
f 835 930 931
f 835 931 836
f 836 931 932
f 836 932 837
f 837 932 933
f 837 933 838
f 838 933 934
f 838 934 839
f 839 934 935
f 839 935 840
f 840 935 936
f 840 936 841
f 841 936 937
f 841 937 842
f 842 937 938
f 842 938 843
f 843 938 939
f 843 939 844
f 844 939 940
f 844 940 845
f 845 940 941
f 845 941 846
f 846 941 942
f 846 942 847
f 847 942 943
f 847 943 848
f 848 943 944
f 848 944 849
f 849 944 945
f 849 945 850
f 850 945 946
f 850 946 851
f 851 946 947
f 851 947 852
f 852 947 948
f 852 948 853
f 853 948 949
f 853 949 854
f 854 949 950
f 854 950 855
f 855 950 951
f 855 951 856
f 856 951 952
f 856 952 857
f 857 952 953
f 857 953 858
f 858 953 954
f 858 954 859
f 859 954 955
f 859 955 860
f 860 955 956
f 860 956 861
f 861 956 957
f 861 957 862
f 862 957 958
f 862 958 863
f 863 958 959
f 863 959 864
f 864 959 960
f 864 960 865
f 865 960 961
f 865 961 866
f 866 961 962
f 866 962 771
f 771 962 867
f 867 963 868
f 868 963 964
f 868 964 869
f 869 964 965
f 869 965 870
f 870 965 966
f 870 966 871
f 871 966 967
f 871 967 872
f 872 967 968
f 872 968 873
f 873 968 969
f 873 969 874
f 874 969 970
f 874 970 875
f 875 970 971
f 875 971 876
f 876 971 972
f 876 972 877
f 877 972 973
f 877 973 878
f 878 973 974
f 878 974 879
f 879 974 975
f 879 975 880
f 880 975 976
f 880 976 881
f 881 976 977
f 881 977 882
f 882 977 978
f 882 978 883
f 883 978 979
f 883 979 884
f 884 979 980
f 884 980 885
f 885 980 981
f 885 981 886
f 886 981 982
f 886 982 887
f 887 982 983
f 887 983 888
f 888 983 984
f 888 984 889
f 889 984 985
f 889 985 890
f 890 985 986
f 890 986 891
f 891 986 987
f 891 987 892
f 892 987 988
f 892 988 893
f 893 988 989
f 893 989 894
f 894 989 990
f 894 990 895
f 895 990 991
f 895 991 896
f 896 991 992
f 896 992 897
f 897 992 993
f 897 993 898
f 898 993 994
f 898 994 899
f 899 994 995
f 899 995 900
f 900 995 996
f 900 996 901
f 901 996 997
f 901 997 902
f 902 997 998
f 902 998 903
f 903 998 999
f 903 999 904
f 904 999 1000
f 904 1000 905
f 905 1000 1001
f 905 1001 906
f 906 1001 1002
f 906 1002 907
f 907 1002 1003
f 907 1003 908
f 908 1003 1004
f 908 1004 909
f 909 1004 1005
f 909 1005 910
f 910 1005 1006
f 910 1006 911
f 911 1006 1007
f 911 1007 912
f 912 1007 1008
f 912 1008 913
f 913 1008 1009
f 913 1009 914
f 914 1009 1010
f 914 1010 915
f 915 1010 1011
f 915 1011 916
f 916 1011 1012
f 916 1012 917
f 917 1012 1013
f 917 1013 918
f 918 1013 1014
f 918 1014 919
f 919 1014 1015
f 919 1015 920
f 920 1015 1016
f 920 1016 921
f 921 1016 1017
f 921 1017 922
f 922 1017 1018
f 922 1018 923
f 923 1018 1019
f 923 1019 924
f 924 1019 1020
f 924 1020 925
f 925 1020 1021
f 925 1021 926
f 926 1021 1022
f 926 1022 927
f 927 1022 1023
f 927 1023 928
f 928 1023 1024
f 928 1024 929
f 929 1024 1025
f 929 1025 930
f 930 1025 1026
f 930 1026 931
f 931 1026 1027
f 931 1027 932
f 932 1027 1028
f 932 1028 933
f 933 1028 1029
f 933 1029 934
f 934 1029 1030
f 934 1030 935
f 935 1030 1031
f 935 1031 936
f 936 1031 1032
f 936 1032 937
f 937 1032 1033
f 937 1033 938
f 938 1033 1034
f 938 1034 939
f 939 1034 1035
f 939 1035 940
f 940 1035 1036
f 940 1036 941
f 941 1036 1037
f 941 1037 942
f 942 1037 1038
f 942 1038 943
f 943 1038 1039
f 943 1039 944
f 944 1039 1040
f 944 1040 945
f 945 1040 1041
f 945 1041 946
f 946 1041 1042
f 946 1042 947
f 947 1042 1043
f 947 1043 948
f 948 1043 1044
f 948 1044 949
f 949 1044 1045
f 949 1045 950
f 950 1045 1046
f 950 1046 951
f 951 1046 1047
f 951 1047 952
f 952 1047 1048
f 952 1048 953
f 953 1048 1049
f 953 1049 954
f 954 1049 1050
f 954 1050 955
f 955 1050 1051
f 955 1051 956
f 956 1051 1052
f 956 1052 957
f 957 1052 1053
f 957 1053 958
f 958 1053 1054
f 958 1054 959
f 959 1054 1055
f 959 1055 960
f 960 1055 1056
f 960 1056 961
f 961 1056 1057
f 961 1057 962
f 962 1057 1058
f 962 1058 867
f 867 1058 963
f 963 1059 964
f 964 1059 1060
f 964 1060 965
f 965 1060 1061
f 965 1061 966
f 966 1061 1062
f 966 1062 967
f 967 1062 1063
f 967 1063 968
f 968 1063 1064
f 968 1064 969
f 969 1064 1065
f 969 1065 970
f 970 1065 1066
f 970 1066 971
f 971 1066 1067
f 971 1067 972
f 972 1067 1068
f 972 1068 973
f 973 1068 1069
f 973 1069 974
f 974 1069 1070
f 974 1070 975
f 975 1070 1071
f 975 1071 976
f 976 1071 1072
f 976 1072 977
f 977 1072 1073
f 977 1073 978
f 978 1073 1074
f 978 1074 979
f 979 1074 1075
f 979 1075 980
f 980 1075 1076
f 980 1076 981
f 981 1076 1077
f 981 1077 982
f 982 1077 1078
f 982 1078 983
f 983 1078 1079
f 983 1079 984
f 984 1079 1080
f 984 1080 985
f 985 1080 1081
f 985 1081 986
f 986 1081 1082
f 986 1082 987
f 987 1082 1083
f 987 1083 988
f 988 1083 1084
f 988 1084 989
f 989 1084 1085
f 989 1085 990
f 990 1085 1086
f 990 1086 991
f 991 1086 1087
f 991 1087 992
f 992 1087 1088
f 992 1088 993
f 993 1088 1089
f 993 1089 994
f 994 1089 1090
f 994 1090 995
f 995 1090 1091
f 995 1091 996
f 996 1091 1092
f 996 1092 997
f 997 1092 1093
f 997 1093 998
f 998 1093 1094
f 998 1094 999
f 999 1094 1095
f 999 1095 1000
f 1000 1095 1096
f 1000 1096 1001
f 1001 1096 1097
f 1001 1097 1002
f 1002 1097 1098
f 1002 1098 1003
f 1003 1098 1099
f 1003 1099 1004
f 1004 1099 1100
f 1004 1100 1005
f 1005 1100 1101
f 1005 1101 1006
f 1006 1101 1102
f 1006 1102 1007
f 1007 1102 1103
f 1007 1103 1008
f 1008 1103 1104
f 1008 1104 1009
f 1009 1104 1105
f 1009 1105 1010
f 1010 1105 1106
f 1010 1106 1011
f 1011 1106 1107
f 1011 1107 1012
f 1012 1107 1108
f 1012 1108 1013
f 1013 1108 1109
f 1013 1109 1014
f 1014 1109 1110
f 1014 1110 1015
f 1015 1110 1111
f 1015 1111 1016
f 1016 1111 1112
f 1016 1112 1017
f 1017 1112 1113
f 1017 1113 1018
f 1018 1113 1114
f 1018 1114 1019
f 1019 1114 1115
f 1019 1115 1020
f 1020 1115 1116
f 1020 1116 1021
f 1021 1116 1117
f 1021 1117 1022
f 1022 1117 1118
f 1022 1118 1023
f 1023 1118 1119
f 1023 1119 1024
f 1024 1119 1120
f 1024 1120 1025
f 1025 1120 1121
f 1025 1121 1026
f 1026 1121 1122
f 1026 1122 1027
f 1027 1122 1123
f 1027 1123 1028
f 1028 1123 1124
f 1028 1124 1029
f 1029 1124 1125
f 1029 1125 1030
f 1030 1125 1126
f 1030 1126 1031
f 1031 1126 1127
f 1031 1127 1032
f 1032 1127 1128
f 1032 1128 1033
f 1033 1128 1129
f 1033 1129 1034
f 1034 1129 1130
f 1034 1130 1035
f 1035 1130 1131
f 1035 1131 1036
f 1036 1131 1132
f 1036 1132 1037
f 1037 1132 1133
f 1037 1133 1038
f 1038 1133 1134
f 1038 1134 1039
f 1039 1134 1135
f 1039 1135 1040
f 1040 1135 1136
f 1040 1136 1041
f 1041 1136 1137
f 1041 1137 1042
f 1042 1137 1138
f 1042 1138 1043
f 1043 1138 1139
f 1043 1139 1044
f 1044 1139 1140
f 1044 1140 1045
f 1045 1140 1141
f 1045 1141 1046
f 1046 1141 1142
f 1046 1142 1047
f 1047 1142 1143
f 1047 1143 1048
f 1048 1143 1144
f 1048 1144 1049
f 1049 1144 1145
f 1049 1145 1050
f 1050 1145 1146
f 1050 1146 1051
f 1051 1146 1147
f 1051 1147 1052
f 1052 1147 1148
f 1052 1148 1053
f 1053 1148 1149
f 1053 1149 1054
f 1054 1149 1150
f 1054 1150 1055
f 1055 1150 1151
f 1055 1151 1056
f 1056 1151 1152
f 1056 1152 1057
f 1057 1152 1153
f 1057 1153 1058
f 1058 1153 1154
f 1058 1154 963
f 963 1154 1059
f 1059 1155 1060
f 1060 1155 1156
f 1060 1156 1061
f 1061 1156 1157
f 1061 1157 1062
f 1062 1157 1158
f 1062 1158 1063
f 1063 1158 1159
f 1063 1159 1064
f 1064 1159 1160
f 1064 1160 1065
f 1065 1160 1161
f 1065 1161 1066
f 1066 1161 1162
f 1066 1162 1067
f 1067 1162 1163
f 1067 1163 1068
f 1068 1163 1164
f 1068 1164 1069
f 1069 1164 1165
f 1069 1165 1070
f 1070 1165 1166
f 1070 1166 1071
f 1071 1166 1167
f 1071 1167 1072
f 1072 1167 1168
f 1072 1168 1073
f 1073 1168 1169
f 1073 1169 1074
f 1074 1169 1170
f 1074 1170 1075
f 1075 1170 1171
f 1075 1171 1076
f 1076 1171 1172
f 1076 1172 1077
f 1077 1172 1173
f 1077 1173 1078
f 1078 1173 1174
f 1078 1174 1079
f 1079 1174 1175
f 1079 1175 1080
f 1080 1175 1176
f 1080 1176 1081
f 1081 1176 1177
f 1081 1177 1082
f 1082 1177 1178
f 1082 1178 1083
f 1083 1178 1179
f 1083 1179 1084
f 1084 1179 1180
f 1084 1180 1085
f 1085 1180 1181
f 1085 1181 1086
f 1086 1181 1182
f 1086 1182 1087
f 1087 1182 1183
f 1087 1183 1088
f 1088 1183 1184
f 1088 1184 1089
f 1089 1184 1185
f 1089 1185 1090
f 1090 1185 1186
f 1090 1186 1091
f 1091 1186 1187
f 1091 1187 1092
f 1092 1187 1188
f 1092 1188 1093
f 1093 1188 1189
f 1093 1189 1094
f 1094 1189 1190
f 1094 1190 1095
f 1095 1190 1191
f 1095 1191 1096
f 1096 1191 1192
f 1096 1192 1097
f 1097 1192 1193
f 1097 1193 1098
f 1098 1193 1194
f 1098 1194 1099
f 1099 1194 1195
f 1099 1195 1100
f 1100 1195 1196
f 1100 1196 1101
f 1101 1196 1197
f 1101 1197 1102
f 1102 1197 1198
f 1102 1198 1103
f 1103 1198 1199
f 1103 1199 1104
f 1104 1199 1200
f 1104 1200 1105
f 1105 1200 1201
f 1105 1201 1106
f 1106 1201 1202
f 1106 1202 1107
f 1107 1202 1203
f 1107 1203 1108
f 1108 1203 1204
f 1108 1204 1109
f 1109 1204 1205
f 1109 1205 1110
f 1110 1205 1206
f 1110 1206 1111
f 1111 1206 1207
f 1111 1207 1112
f 1112 1207 1208
f 1112 1208 1113
f 1113 1208 1209
f 1113 1209 1114
f 1114 1209 1210
f 1114 1210 1115
f 1115 1210 1211
f 1115 1211 1116
f 1116 1211 1212
f 1116 1212 1117
f 1117 1212 1213
f 1117 1213 1118
f 1118 1213 1214
f 1118 1214 1119
f 1119 1214 1215
f 1119 1215 1120
f 1120 1215 1216
f 1120 1216 1121
f 1121 1216 1217
f 1121 1217 1122
f 1122 1217 1218
f 1122 1218 1123
f 1123 1218 1219
f 1123 1219 1124
f 1124 1219 1220
f 1124 1220 1125
f 1125 1220 1221
f 1125 1221 1126
f 1126 1221 1222
f 1126 1222 1127
f 1127 1222 1223
f 1127 1223 1128
f 1128 1223 1224
f 1128 1224 1129
f 1129 1224 1225
f 1129 1225 1130
f 1130 1225 1226
f 1130 1226 1131
f 1131 1226 1227
f 1131 1227 1132
f 1132 1227 1228
f 1132 1228 1133
f 1133 1228 1229
f 1133 1229 1134
f 1134 1229 1230
f 1134 1230 1135
f 1135 1230 1231
f 1135 1231 1136
f 1136 1231 1232
f 1136 1232 1137
f 1137 1232 1233
f 1137 1233 1138
f 1138 1233 1234
f 1138 1234 1139
f 1139 1234 1235
f 1139 1235 1140
f 1140 1235 1236
f 1140 1236 1141
f 1141 1236 1237
f 1141 1237 1142
f 1142 1237 1238
f 1142 1238 1143
f 1143 1238 1239
f 1143 1239 1144
f 1144 1239 1240
f 1144 1240 1145
f 1145 1240 1241
f 1145 1241 1146
f 1146 1241 1242
f 1146 1242 1147
f 1147 1242 1243
f 1147 1243 1148
f 1148 1243 1244
f 1148 1244 1149
f 1149 1244 1245
f 1149 1245 1150
f 1150 1245 1246
f 1150 1246 1151
f 1151 1246 1247
f 1151 1247 1152
f 1152 1247 1248
f 1152 1248 1153
f 1153 1248 1249
f 1153 1249 1154
f 1154 1249 1250
f 1154 1250 1059
f 1059 1250 1155
f 1155 1251 1156
f 1156 1251 1252
f 1156 1252 1157
f 1157 1252 1253
f 1157 1253 1158
f 1158 1253 1254
f 1158 1254 1159
f 1159 1254 1255
f 1159 1255 1160
f 1160 1255 1256
f 1160 1256 1161
f 1161 1256 1257
f 1161 1257 1162
f 1162 1257 1258
f 1162 1258 1163
f 1163 1258 1259
f 1163 1259 1164
f 1164 1259 1260
f 1164 1260 1165
f 1165 1260 1261
f 1165 1261 1166
f 1166 1261 1262
f 1166 1262 1167
f 1167 1262 1263
f 1167 1263 1168
f 1168 1263 1264
f 1168 1264 1169
f 1169 1264 1265
f 1169 1265 1170
f 1170 1265 1266
f 1170 1266 1171
f 1171 1266 1267
f 1171 1267 1172
f 1172 1267 1268
f 1172 1268 1173
f 1173 1268 1269
f 1173 1269 1174
f 1174 1269 1270
f 1174 1270 1175
f 1175 1270 1271
f 1175 1271 1176
f 1176 1271 1272
f 1176 1272 1177
f 1177 1272 1273
f 1177 1273 1178
f 1178 1273 1274
f 1178 1274 1179
f 1179 1274 1275
f 1179 1275 1180
f 1180 1275 1276
f 1180 1276 1181
f 1181 1276 1277
f 1181 1277 1182
f 1182 1277 1278
f 1182 1278 1183
f 1183 1278 1279
f 1183 1279 1184
f 1184 1279 1280
f 1184 1280 1185
f 1185 1280 1281
f 1185 1281 1186
f 1186 1281 1282
f 1186 1282 1187
f 1187 1282 1283
f 1187 1283 1188
f 1188 1283 1284
f 1188 1284 1189
f 1189 1284 1285
f 1189 1285 1190
f 1190 1285 1286
f 1190 1286 1191
f 1191 1286 1287
f 1191 1287 1192
f 1192 1287 1288
f 1192 1288 1193
f 1193 1288 1289
f 1193 1289 1194
f 1194 1289 1290
f 1194 1290 1195
f 1195 1290 1291
f 1195 1291 1196
f 1196 1291 1292
f 1196 1292 1197
f 1197 1292 1293
f 1197 1293 1198
f 1198 1293 1294
f 1198 1294 1199
f 1199 1294 1295
f 1199 1295 1200
f 1200 1295 1296
f 1200 1296 1201
f 1201 1296 1297
f 1201 1297 1202
f 1202 1297 1298
f 1202 1298 1203
f 1203 1298 1299
f 1203 1299 1204
f 1204 1299 1300
f 1204 1300 1205
f 1205 1300 1301
f 1205 1301 1206
f 1206 1301 1302
f 1206 1302 1207
f 1207 1302 1303
f 1207 1303 1208
f 1208 1303 1304
f 1208 1304 1209
f 1209 1304 1305
f 1209 1305 1210
f 1210 1305 1306
f 1210 1306 1211
f 1211 1306 1307
f 1211 1307 1212
f 1212 1307 1308
f 1212 1308 1213
f 1213 1308 1309
f 1213 1309 1214
f 1214 1309 1310
f 1214 1310 1215
f 1215 1310 1311
f 1215 1311 1216
f 1216 1311 1312
f 1216 1312 1217
f 1217 1312 1313
f 1217 1313 1218
f 1218 1313 1314
f 1218 1314 1219
f 1219 1314 1315
f 1219 1315 1220
f 1220 1315 1316
f 1220 1316 1221
f 1221 1316 1317
f 1221 1317 1222
f 1222 1317 1318
f 1222 1318 1223
f 1223 1318 1319
f 1223 1319 1224
f 1224 1319 1320
f 1224 1320 1225
f 1225 1320 1321
f 1225 1321 1226
f 1226 1321 1322
f 1226 1322 1227
f 1227 1322 1323
f 1227 1323 1228
f 1228 1323 1324
f 1228 1324 1229
f 1229 1324 1325
f 1229 1325 1230
f 1230 1325 1326
f 1230 1326 1231
f 1231 1326 1327
f 1231 1327 1232
f 1232 1327 1328
f 1232 1328 1233
f 1233 1328 1329
f 1233 1329 1234
f 1234 1329 1330
f 1234 1330 1235
f 1235 1330 1331
f 1235 1331 1236
f 1236 1331 1332
f 1236 1332 1237
f 1237 1332 1333
f 1237 1333 1238
f 1238 1333 1334
f 1238 1334 1239
f 1239 1334 1335
f 1239 1335 1240
f 1240 1335 1336
f 1240 1336 1241
f 1241 1336 1337
f 1241 1337 1242
f 1242 1337 1338
f 1242 1338 1243
f 1243 1338 1339
f 1243 1339 1244
f 1244 1339 1340
f 1244 1340 1245
f 1245 1340 1341
f 1245 1341 1246
f 1246 1341 1342
f 1246 1342 1247
f 1247 1342 1343
f 1247 1343 1248
f 1248 1343 1344
f 1248 1344 1249
f 1249 1344 1345
f 1249 1345 1250
f 1250 1345 1346
f 1250 1346 1155
f 1155 1346 1251
f 1251 1347 1252
f 1252 1347 1348
f 1252 1348 1253
f 1253 1348 1349
f 1253 1349 1254
f 1254 1349 1350
f 1254 1350 1255
f 1255 1350 1351
f 1255 1351 1256
f 1256 1351 1352
f 1256 1352 1257
f 1257 1352 1353
f 1257 1353 1258
f 1258 1353 1354
f 1258 1354 1259
f 1259 1354 1355
f 1259 1355 1260
f 1260 1355 1356
f 1260 1356 1261
f 1261 1356 1357
f 1261 1357 1262
f 1262 1357 1358
f 1262 1358 1263
f 1263 1358 1359
f 1263 1359 1264
f 1264 1359 1360
f 1264 1360 1265
f 1265 1360 1361
f 1265 1361 1266
f 1266 1361 1362
f 1266 1362 1267
f 1267 1362 1363
f 1267 1363 1268
f 1268 1363 1364
f 1268 1364 1269
f 1269 1364 1365
f 1269 1365 1270
f 1270 1365 1366
f 1270 1366 1271
f 1271 1366 1367
f 1271 1367 1272
f 1272 1367 1368
f 1272 1368 1273
f 1273 1368 1369
f 1273 1369 1274
f 1274 1369 1370
f 1274 1370 1275
f 1275 1370 1371
f 1275 1371 1276
f 1276 1371 1372
f 1276 1372 1277
f 1277 1372 1373
f 1277 1373 1278
f 1278 1373 1374
f 1278 1374 1279
f 1279 1374 1375
f 1279 1375 1280
f 1280 1375 1376
f 1280 1376 1281
f 1281 1376 1377
f 1281 1377 1282
f 1282 1377 1378
f 1282 1378 1283
f 1283 1378 1379
f 1283 1379 1284
f 1284 1379 1380
f 1284 1380 1285
f 1285 1380 1381
f 1285 1381 1286
f 1286 1381 1382
f 1286 1382 1287
f 1287 1382 1383
f 1287 1383 1288
f 1288 1383 1384
f 1288 1384 1289
f 1289 1384 1385
f 1289 1385 1290
f 1290 1385 1386
f 1290 1386 1291
f 1291 1386 1387
f 1291 1387 1292
f 1292 1387 1388
f 1292 1388 1293
f 1293 1388 1389
f 1293 1389 1294
f 1294 1389 1390
f 1294 1390 1295
f 1295 1390 1391
f 1295 1391 1296
f 1296 1391 1392
f 1296 1392 1297
f 1297 1392 1393
f 1297 1393 1298
f 1298 1393 1394
f 1298 1394 1299
f 1299 1394 1395
f 1299 1395 1300
f 1300 1395 1396
f 1300 1396 1301
f 1301 1396 1397
f 1301 1397 1302
f 1302 1397 1398
f 1302 1398 1303
f 1303 1398 1399
f 1303 1399 1304
f 1304 1399 1400
f 1304 1400 1305
f 1305 1400 1401
f 1305 1401 1306
f 1306 1401 1402
f 1306 1402 1307
f 1307 1402 1403
f 1307 1403 1308
f 1308 1403 1404
f 1308 1404 1309
f 1309 1404 1405
f 1309 1405 1310
f 1310 1405 1406
f 1310 1406 1311
f 1311 1406 1407
f 1311 1407 1312
f 1312 1407 1408
f 1312 1408 1313
f 1313 1408 1409
f 1313 1409 1314
f 1314 1409 1410
f 1314 1410 1315
f 1315 1410 1411
f 1315 1411 1316
f 1316 1411 1412
f 1316 1412 1317
f 1317 1412 1413
f 1317 1413 1318
f 1318 1413 1414
f 1318 1414 1319
f 1319 1414 1415
f 1319 1415 1320
f 1320 1415 1416
f 1320 1416 1321
f 1321 1416 1417
f 1321 1417 1322
f 1322 1417 1418
f 1322 1418 1323
f 1323 1418 1419
f 1323 1419 1324
f 1324 1419 1420
f 1324 1420 1325
f 1325 1420 1421
f 1325 1421 1326
f 1326 1421 1422
f 1326 1422 1327
f 1327 1422 1423
f 1327 1423 1328
f 1328 1423 1424
f 1328 1424 1329
f 1329 1424 1425
f 1329 1425 1330
f 1330 1425 1426
f 1330 1426 1331
f 1331 1426 1427
f 1331 1427 1332
f 1332 1427 1428
f 1332 1428 1333
f 1333 1428 1429
f 1333 1429 1334
f 1334 1429 1430
f 1334 1430 1335
f 1335 1430 1431
f 1335 1431 1336
f 1336 1431 1432
f 1336 1432 1337
f 1337 1432 1433
f 1337 1433 1338
f 1338 1433 1434
f 1338 1434 1339
f 1339 1434 1435
f 1339 1435 1340
f 1340 1435 1436
f 1340 1436 1341
f 1341 1436 1437
f 1341 1437 1342
f 1342 1437 1438
f 1342 1438 1343
f 1343 1438 1439
f 1343 1439 1344
f 1344 1439 1440
f 1344 1440 1345
f 1345 1440 1441
f 1345 1441 1346
f 1346 1441 1442
f 1346 1442 1251
f 1251 1442 1347
f 1347 1443 1348
f 1348 1443 1444
f 1348 1444 1349
f 1349 1444 1445
f 1349 1445 1350
f 1350 1445 1446
f 1350 1446 1351
f 1351 1446 1447
f 1351 1447 1352
f 1352 1447 1448
f 1352 1448 1353
f 1353 1448 1449
f 1353 1449 1354
f 1354 1449 1450
f 1354 1450 1355
f 1355 1450 1451
f 1355 1451 1356
f 1356 1451 1452
f 1356 1452 1357
f 1357 1452 1453
f 1357 1453 1358
f 1358 1453 1454
f 1358 1454 1359
f 1359 1454 1455
f 1359 1455 1360
f 1360 1455 1456
f 1360 1456 1361
f 1361 1456 1457
f 1361 1457 1362
f 1362 1457 1458
f 1362 1458 1363
f 1363 1458 1459
f 1363 1459 1364
f 1364 1459 1460
f 1364 1460 1365
f 1365 1460 1461
f 1365 1461 1366
f 1366 1461 1462
f 1366 1462 1367
f 1367 1462 1463
f 1367 1463 1368
f 1368 1463 1464
f 1368 1464 1369
f 1369 1464 1465
f 1369 1465 1370
f 1370 1465 1466
f 1370 1466 1371
f 1371 1466 1467
f 1371 1467 1372
f 1372 1467 1468
f 1372 1468 1373
f 1373 1468 1469
f 1373 1469 1374
f 1374 1469 1470
f 1374 1470 1375
f 1375 1470 1471
f 1375 1471 1376
f 1376 1471 1472
f 1376 1472 1377
f 1377 1472 1473
f 1377 1473 1378
f 1378 1473 1474
f 1378 1474 1379
f 1379 1474 1475
f 1379 1475 1380
f 1380 1475 1476
f 1380 1476 1381
f 1381 1476 1477
f 1381 1477 1382
f 1382 1477 1478
f 1382 1478 1383
f 1383 1478 1479
f 1383 1479 1384
f 1384 1479 1480
f 1384 1480 1385
f 1385 1480 1481
f 1385 1481 1386
f 1386 1481 1482
f 1386 1482 1387
f 1387 1482 1483
f 1387 1483 1388
f 1388 1483 1484
f 1388 1484 1389
f 1389 1484 1485
f 1389 1485 1390
f 1390 1485 1486
f 1390 1486 1391
f 1391 1486 1487
f 1391 1487 1392
f 1392 1487 1488
f 1392 1488 1393
f 1393 1488 1489
f 1393 1489 1394
f 1394 1489 1490
f 1394 1490 1395
f 1395 1490 1491
f 1395 1491 1396
f 1396 1491 1492
f 1396 1492 1397
f 1397 1492 1493
f 1397 1493 1398
f 1398 1493 1494
f 1398 1494 1399
f 1399 1494 1495
f 1399 1495 1400
f 1400 1495 1496
f 1400 1496 1401
f 1401 1496 1497
f 1401 1497 1402
f 1402 1497 1498
f 1402 1498 1403
f 1403 1498 1499
f 1403 1499 1404
f 1404 1499 1500
f 1404 1500 1405
f 1405 1500 1501
f 1405 1501 1406
f 1406 1501 1502
f 1406 1502 1407
f 1407 1502 1503
f 1407 1503 1408
f 1408 1503 1504
f 1408 1504 1409
f 1409 1504 1505
f 1409 1505 1410
f 1410 1505 1506
f 1410 1506 1411
f 1411 1506 1507
f 1411 1507 1412
f 1412 1507 1508
f 1412 1508 1413
f 1413 1508 1509
f 1413 1509 1414
f 1414 1509 1510
f 1414 1510 1415
f 1415 1510 1511
f 1415 1511 1416
f 1416 1511 1512
f 1416 1512 1417
f 1417 1512 1513
f 1417 1513 1418
f 1418 1513 1514
f 1418 1514 1419
f 1419 1514 1515
f 1419 1515 1420
f 1420 1515 1516
f 1420 1516 1421
f 1421 1516 1517
f 1421 1517 1422
f 1422 1517 1518
f 1422 1518 1423
f 1423 1518 1519
f 1423 1519 1424
f 1424 1519 1520
f 1424 1520 1425
f 1425 1520 1521
f 1425 1521 1426
f 1426 1521 1522
f 1426 1522 1427
f 1427 1522 1523
f 1427 1523 1428
f 1428 1523 1524
f 1428 1524 1429
f 1429 1524 1525
f 1429 1525 1430
f 1430 1525 1526
f 1430 1526 1431
f 1431 1526 1527
f 1431 1527 1432
f 1432 1527 1528
f 1432 1528 1433
f 1433 1528 1529
f 1433 1529 1434
f 1434 1529 1530
f 1434 1530 1435
f 1435 1530 1531
f 1435 1531 1436
f 1436 1531 1532
f 1436 1532 1437
f 1437 1532 1533
f 1437 1533 1438
f 1438 1533 1534
f 1438 1534 1439
f 1439 1534 1535
f 1439 1535 1440
f 1440 1535 1536
f 1440 1536 1441
f 1441 1536 1537
f 1441 1537 1442
f 1442 1537 1538
f 1442 1538 1347
f 1347 1538 1443
f 1443 1539 1444
f 1444 1539 1540
f 1444 1540 1445
f 1445 1540 1541
f 1445 1541 1446
f 1446 1541 1542
f 1446 1542 1447
f 1447 1542 1543
f 1447 1543 1448
f 1448 1543 1544
f 1448 1544 1449
f 1449 1544 1545
f 1449 1545 1450
f 1450 1545 1546
f 1450 1546 1451
f 1451 1546 1547
f 1451 1547 1452
f 1452 1547 1548
f 1452 1548 1453
f 1453 1548 1549
f 1453 1549 1454
f 1454 1549 1550
f 1454 1550 1455
f 1455 1550 1551
f 1455 1551 1456
f 1456 1551 1552
f 1456 1552 1457
f 1457 1552 1553
f 1457 1553 1458
f 1458 1553 1554
f 1458 1554 1459
f 1459 1554 1555
f 1459 1555 1460
f 1460 1555 1556
f 1460 1556 1461
f 1461 1556 1557
f 1461 1557 1462
f 1462 1557 1558
f 1462 1558 1463
f 1463 1558 1559
f 1463 1559 1464
f 1464 1559 1560
f 1464 1560 1465
f 1465 1560 1561
f 1465 1561 1466
f 1466 1561 1562
f 1466 1562 1467
f 1467 1562 1563
f 1467 1563 1468
f 1468 1563 1564
f 1468 1564 1469
f 1469 1564 1565
f 1469 1565 1470
f 1470 1565 1566
f 1470 1566 1471
f 1471 1566 1567
f 1471 1567 1472
f 1472 1567 1568
f 1472 1568 1473
f 1473 1568 1569
f 1473 1569 1474
f 1474 1569 1570
f 1474 1570 1475
f 1475 1570 1571
f 1475 1571 1476
f 1476 1571 1572
f 1476 1572 1477
f 1477 1572 1573
f 1477 1573 1478
f 1478 1573 1574
f 1478 1574 1479
f 1479 1574 1575
f 1479 1575 1480
f 1480 1575 1576
f 1480 1576 1481
f 1481 1576 1577
f 1481 1577 1482
f 1482 1577 1578
f 1482 1578 1483
f 1483 1578 1579
f 1483 1579 1484
f 1484 1579 1580
f 1484 1580 1485
f 1485 1580 1581
f 1485 1581 1486
f 1486 1581 1582
f 1486 1582 1487
f 1487 1582 1583
f 1487 1583 1488
f 1488 1583 1584
f 1488 1584 1489
f 1489 1584 1585
f 1489 1585 1490
f 1490 1585 1586
f 1490 1586 1491
f 1491 1586 1587
f 1491 1587 1492
f 1492 1587 1588
f 1492 1588 1493
f 1493 1588 1589
f 1493 1589 1494
f 1494 1589 1590
f 1494 1590 1495
f 1495 1590 1591
f 1495 1591 1496
f 1496 1591 1592
f 1496 1592 1497
f 1497 1592 1593
f 1497 1593 1498
f 1498 1593 1594
f 1498 1594 1499
f 1499 1594 1595
f 1499 1595 1500
f 1500 1595 1596
f 1500 1596 1501
f 1501 1596 1597
f 1501 1597 1502
f 1502 1597 1598
f 1502 1598 1503
f 1503 1598 1599
f 1503 1599 1504
f 1504 1599 1600
f 1504 1600 1505
f 1505 1600 1601
f 1505 1601 1506
f 1506 1601 1602
f 1506 1602 1507
f 1507 1602 1603
f 1507 1603 1508
f 1508 1603 1604
f 1508 1604 1509
f 1509 1604 1605
f 1509 1605 1510
f 1510 1605 1606
f 1510 1606 1511
f 1511 1606 1607
f 1511 1607 1512
f 1512 1607 1608
f 1512 1608 1513
f 1513 1608 1609
f 1513 1609 1514
f 1514 1609 1610
f 1514 1610 1515
f 1515 1610 1611
f 1515 1611 1516
f 1516 1611 1612
f 1516 1612 1517
f 1517 1612 1613
f 1517 1613 1518
f 1518 1613 1614
f 1518 1614 1519
f 1519 1614 1615
f 1519 1615 1520
f 1520 1615 1616
f 1520 1616 1521
f 1521 1616 1617
f 1521 1617 1522
f 1522 1617 1618
f 1522 1618 1523
f 1523 1618 1619
f 1523 1619 1524
f 1524 1619 1620
f 1524 1620 1525
f 1525 1620 1621
f 1525 1621 1526
f 1526 1621 1622
f 1526 1622 1527
f 1527 1622 1623
f 1527 1623 1528
f 1528 1623 1624
f 1528 1624 1529
f 1529 1624 1625
f 1529 1625 1530
f 1530 1625 1626
f 1530 1626 1531
f 1531 1626 1627
f 1531 1627 1532
f 1532 1627 1628
f 1532 1628 1533
f 1533 1628 1629
f 1533 1629 1534
f 1534 1629 1630
f 1534 1630 1535
f 1535 1630 1631
f 1535 1631 1536
f 1536 1631 1632
f 1536 1632 1537
f 1537 1632 1633
f 1537 1633 1538
f 1538 1633 1634
f 1538 1634 1443
f 1443 1634 1539
f 1539 1635 1540
f 1540 1635 1636
f 1540 1636 1541
f 1541 1636 1637
f 1541 1637 1542
f 1542 1637 1638
f 1542 1638 1543
f 1543 1638 1639
f 1543 1639 1544
f 1544 1639 1640
f 1544 1640 1545
f 1545 1640 1641
f 1545 1641 1546
f 1546 1641 1642
f 1546 1642 1547
f 1547 1642 1643
f 1547 1643 1548
f 1548 1643 1644
f 1548 1644 1549
f 1549 1644 1645
f 1549 1645 1550
f 1550 1645 1646
f 1550 1646 1551
f 1551 1646 1647
f 1551 1647 1552
f 1552 1647 1648
f 1552 1648 1553
f 1553 1648 1649
f 1553 1649 1554
f 1554 1649 1650
f 1554 1650 1555
f 1555 1650 1651
f 1555 1651 1556
f 1556 1651 1652
f 1556 1652 1557
f 1557 1652 1653
f 1557 1653 1558
f 1558 1653 1654
f 1558 1654 1559
f 1559 1654 1655
f 1559 1655 1560
f 1560 1655 1656
f 1560 1656 1561
f 1561 1656 1657
f 1561 1657 1562
f 1562 1657 1658
f 1562 1658 1563
f 1563 1658 1659
f 1563 1659 1564
f 1564 1659 1660
f 1564 1660 1565
f 1565 1660 1661
f 1565 1661 1566
f 1566 1661 1662
f 1566 1662 1567
f 1567 1662 1663
f 1567 1663 1568
f 1568 1663 1664
f 1568 1664 1569
f 1569 1664 1665
f 1569 1665 1570
f 1570 1665 1666
f 1570 1666 1571
f 1571 1666 1667
f 1571 1667 1572
f 1572 1667 1668
f 1572 1668 1573
f 1573 1668 1669
f 1573 1669 1574
f 1574 1669 1670
f 1574 1670 1575
f 1575 1670 1671
f 1575 1671 1576
f 1576 1671 1672
f 1576 1672 1577
f 1577 1672 1673
f 1577 1673 1578
f 1578 1673 1674
f 1578 1674 1579
f 1579 1674 1675
f 1579 1675 1580
f 1580 1675 1676
f 1580 1676 1581
f 1581 1676 1677
f 1581 1677 1582
f 1582 1677 1678
f 1582 1678 1583
f 1583 1678 1679
f 1583 1679 1584
f 1584 1679 1680
f 1584 1680 1585
f 1585 1680 1681
f 1585 1681 1586
f 1586 1681 1682
f 1586 1682 1587
f 1587 1682 1683
f 1587 1683 1588
f 1588 1683 1684
f 1588 1684 1589
f 1589 1684 1685
f 1589 1685 1590
f 1590 1685 1686
f 1590 1686 1591
f 1591 1686 1687
f 1591 1687 1592
f 1592 1687 1688
f 1592 1688 1593
f 1593 1688 1689
f 1593 1689 1594
f 1594 1689 1690
f 1594 1690 1595
f 1595 1690 1691
f 1595 1691 1596
f 1596 1691 1692
f 1596 1692 1597
f 1597 1692 1693
f 1597 1693 1598
f 1598 1693 1694
f 1598 1694 1599
f 1599 1694 1695
f 1599 1695 1600
f 1600 1695 1696
f 1600 1696 1601
f 1601 1696 1697
f 1601 1697 1602
f 1602 1697 1698
f 1602 1698 1603
f 1603 1698 1699
f 1603 1699 1604
f 1604 1699 1700
f 1604 1700 1605
f 1605 1700 1701
f 1605 1701 1606
f 1606 1701 1702
f 1606 1702 1607
f 1607 1702 1703
f 1607 1703 1608
f 1608 1703 1704
f 1608 1704 1609
f 1609 1704 1705
f 1609 1705 1610
f 1610 1705 1706
f 1610 1706 1611
f 1611 1706 1707
f 1611 1707 1612
f 1612 1707 1708
f 1612 1708 1613
f 1613 1708 1709
f 1613 1709 1614
f 1614 1709 1710
f 1614 1710 1615
f 1615 1710 1711
f 1615 1711 1616
f 1616 1711 1712
f 1616 1712 1617
f 1617 1712 1713
f 1617 1713 1618
f 1618 1713 1714
f 1618 1714 1619
f 1619 1714 1715
f 1619 1715 1620
f 1620 1715 1716
f 1620 1716 1621
f 1621 1716 1717
f 1621 1717 1622
f 1622 1717 1718
f 1622 1718 1623
f 1623 1718 1719
f 1623 1719 1624
f 1624 1719 1720
f 1624 1720 1625
f 1625 1720 1721
f 1625 1721 1626
f 1626 1721 1722
f 1626 1722 1627
f 1627 1722 1723
f 1627 1723 1628
f 1628 1723 1724
f 1628 1724 1629
f 1629 1724 1725
f 1629 1725 1630
f 1630 1725 1726
f 1630 1726 1631
f 1631 1726 1727
f 1631 1727 1632
f 1632 1727 1728
f 1632 1728 1633
f 1633 1728 1729
f 1633 1729 1634
f 1634 1729 1730
f 1634 1730 1539
f 1539 1730 1635
f 1635 1731 1636
f 1636 1731 1732
f 1636 1732 1637
f 1637 1732 1733
f 1637 1733 1638
f 1638 1733 1734
f 1638 1734 1639
f 1639 1734 1735
f 1639 1735 1640
f 1640 1735 1736
f 1640 1736 1641
f 1641 1736 1737
f 1641 1737 1642
f 1642 1737 1738
f 1642 1738 1643
f 1643 1738 1739
f 1643 1739 1644
f 1644 1739 1740
f 1644 1740 1645
f 1645 1740 1741
f 1645 1741 1646
f 1646 1741 1742
f 1646 1742 1647
f 1647 1742 1743
f 1647 1743 1648
f 1648 1743 1744
f 1648 1744 1649
f 1649 1744 1745
f 1649 1745 1650
f 1650 1745 1746
f 1650 1746 1651
f 1651 1746 1747
f 1651 1747 1652
f 1652 1747 1748
f 1652 1748 1653
f 1653 1748 1749
f 1653 1749 1654
f 1654 1749 1750
f 1654 1750 1655
f 1655 1750 1751
f 1655 1751 1656
f 1656 1751 1752
f 1656 1752 1657
f 1657 1752 1753
f 1657 1753 1658
f 1658 1753 1754
f 1658 1754 1659
f 1659 1754 1755
f 1659 1755 1660
f 1660 1755 1756
f 1660 1756 1661
f 1661 1756 1757
f 1661 1757 1662
f 1662 1757 1758
f 1662 1758 1663
f 1663 1758 1759
f 1663 1759 1664
f 1664 1759 1760
f 1664 1760 1665
f 1665 1760 1761
f 1665 1761 1666
f 1666 1761 1762
f 1666 1762 1667
f 1667 1762 1763
f 1667 1763 1668
f 1668 1763 1764
f 1668 1764 1669
f 1669 1764 1765
f 1669 1765 1670
f 1670 1765 1766
f 1670 1766 1671
f 1671 1766 1767
f 1671 1767 1672
f 1672 1767 1768
f 1672 1768 1673
f 1673 1768 1769
f 1673 1769 1674
f 1674 1769 1770
f 1674 1770 1675
f 1675 1770 1771
f 1675 1771 1676
f 1676 1771 1772
f 1676 1772 1677
f 1677 1772 1773
f 1677 1773 1678
f 1678 1773 1774
f 1678 1774 1679
f 1679 1774 1775
f 1679 1775 1680
f 1680 1775 1776
f 1680 1776 1681
f 1681 1776 1777
f 1681 1777 1682
f 1682 1777 1778
f 1682 1778 1683
f 1683 1778 1779
f 1683 1779 1684
f 1684 1779 1780
f 1684 1780 1685
f 1685 1780 1781
f 1685 1781 1686
f 1686 1781 1782
f 1686 1782 1687
f 1687 1782 1783
f 1687 1783 1688
f 1688 1783 1784
f 1688 1784 1689
f 1689 1784 1785
f 1689 1785 1690
f 1690 1785 1786
f 1690 1786 1691
f 1691 1786 1787
f 1691 1787 1692
f 1692 1787 1788
f 1692 1788 1693
f 1693 1788 1789
f 1693 1789 1694
f 1694 1789 1790
f 1694 1790 1695
f 1695 1790 1791
f 1695 1791 1696
f 1696 1791 1792
f 1696 1792 1697
f 1697 1792 1793
f 1697 1793 1698
f 1698 1793 1794
f 1698 1794 1699
f 1699 1794 1795
f 1699 1795 1700
f 1700 1795 1796
f 1700 1796 1701
f 1701 1796 1797
f 1701 1797 1702
f 1702 1797 1798
f 1702 1798 1703
f 1703 1798 1799
f 1703 1799 1704
f 1704 1799 1800
f 1704 1800 1705
f 1705 1800 1801
f 1705 1801 1706
f 1706 1801 1802
f 1706 1802 1707
f 1707 1802 1803
f 1707 1803 1708
f 1708 1803 1804
f 1708 1804 1709
f 1709 1804 1805
f 1709 1805 1710
f 1710 1805 1806
f 1710 1806 1711
f 1711 1806 1807
f 1711 1807 1712
f 1712 1807 1808
f 1712 1808 1713
f 1713 1808 1809
f 1713 1809 1714
f 1714 1809 1810
f 1714 1810 1715
f 1715 1810 1811
f 1715 1811 1716
f 1716 1811 1812
f 1716 1812 1717
f 1717 1812 1813
f 1717 1813 1718
f 1718 1813 1814
f 1718 1814 1719
f 1719 1814 1815
f 1719 1815 1720
f 1720 1815 1816
f 1720 1816 1721
f 1721 1816 1817
f 1721 1817 1722
f 1722 1817 1818
f 1722 1818 1723
f 1723 1818 1819
f 1723 1819 1724
f 1724 1819 1820
f 1724 1820 1725
f 1725 1820 1821
f 1725 1821 1726
f 1726 1821 1822
f 1726 1822 1727
f 1727 1822 1823
f 1727 1823 1728
f 1728 1823 1824
f 1728 1824 1729
f 1729 1824 1825
f 1729 1825 1730
f 1730 1825 1826
f 1730 1826 1635
f 1635 1826 1731
f 1731 1827 1732
f 1732 1827 1828
f 1732 1828 1733
f 1733 1828 1829
f 1733 1829 1734
f 1734 1829 1830
f 1734 1830 1735
f 1735 1830 1831
f 1735 1831 1736
f 1736 1831 1832
f 1736 1832 1737
f 1737 1832 1833
f 1737 1833 1738
f 1738 1833 1834
f 1738 1834 1739
f 1739 1834 1835
f 1739 1835 1740
f 1740 1835 1836
f 1740 1836 1741
f 1741 1836 1837
f 1741 1837 1742
f 1742 1837 1838
f 1742 1838 1743
f 1743 1838 1839
f 1743 1839 1744
f 1744 1839 1840
f 1744 1840 1745
f 1745 1840 1841
f 1745 1841 1746
f 1746 1841 1842
f 1746 1842 1747
f 1747 1842 1843
f 1747 1843 1748
f 1748 1843 1844
f 1748 1844 1749
f 1749 1844 1845
f 1749 1845 1750
f 1750 1845 1846
f 1750 1846 1751
f 1751 1846 1847
f 1751 1847 1752
f 1752 1847 1848
f 1752 1848 1753
f 1753 1848 1849
f 1753 1849 1754
f 1754 1849 1850
f 1754 1850 1755
f 1755 1850 1851
f 1755 1851 1756
f 1756 1851 1852
f 1756 1852 1757
f 1757 1852 1853
f 1757 1853 1758
f 1758 1853 1854
f 1758 1854 1759
f 1759 1854 1855
f 1759 1855 1760
f 1760 1855 1856
f 1760 1856 1761
f 1761 1856 1857
f 1761 1857 1762
f 1762 1857 1858
f 1762 1858 1763
f 1763 1858 1859
f 1763 1859 1764
f 1764 1859 1860
f 1764 1860 1765
f 1765 1860 1861
f 1765 1861 1766
f 1766 1861 1862
f 1766 1862 1767
f 1767 1862 1863
f 1767 1863 1768
f 1768 1863 1864
f 1768 1864 1769
f 1769 1864 1865
f 1769 1865 1770
f 1770 1865 1866
f 1770 1866 1771
f 1771 1866 1867
f 1771 1867 1772
f 1772 1867 1868
f 1772 1868 1773
f 1773 1868 1869
f 1773 1869 1774
f 1774 1869 1870
f 1774 1870 1775
f 1775 1870 1871
f 1775 1871 1776
f 1776 1871 1872
f 1776 1872 1777
f 1777 1872 1873
f 1777 1873 1778
f 1778 1873 1874
f 1778 1874 1779
f 1779 1874 1875
f 1779 1875 1780
f 1780 1875 1876
f 1780 1876 1781
f 1781 1876 1877
f 1781 1877 1782
f 1782 1877 1878
f 1782 1878 1783
f 1783 1878 1879
f 1783 1879 1784
f 1784 1879 1880
f 1784 1880 1785
f 1785 1880 1881
f 1785 1881 1786
f 1786 1881 1882
f 1786 1882 1787
f 1787 1882 1883
f 1787 1883 1788
f 1788 1883 1884
f 1788 1884 1789
f 1789 1884 1885
f 1789 1885 1790
f 1790 1885 1886
f 1790 1886 1791
f 1791 1886 1887
f 1791 1887 1792
f 1792 1887 1888
f 1792 1888 1793
f 1793 1888 1889
f 1793 1889 1794
f 1794 1889 1890
f 1794 1890 1795
f 1795 1890 1891
f 1795 1891 1796
f 1796 1891 1892
f 1796 1892 1797
f 1797 1892 1893
f 1797 1893 1798
f 1798 1893 1894
f 1798 1894 1799
f 1799 1894 1895
f 1799 1895 1800
f 1800 1895 1896
f 1800 1896 1801
f 1801 1896 1897
f 1801 1897 1802
f 1802 1897 1898
f 1802 1898 1803
f 1803 1898 1899
f 1803 1899 1804
f 1804 1899 1900
f 1804 1900 1805
f 1805 1900 1901
f 1805 1901 1806
f 1806 1901 1902
f 1806 1902 1807
f 1807 1902 1903
f 1807 1903 1808
f 1808 1903 1904
f 1808 1904 1809
f 1809 1904 1905
f 1809 1905 1810
f 1810 1905 1906
f 1810 1906 1811
f 1811 1906 1907
f 1811 1907 1812
f 1812 1907 1908
f 1812 1908 1813
f 1813 1908 1909
f 1813 1909 1814
f 1814 1909 1910
f 1814 1910 1815
f 1815 1910 1911
f 1815 1911 1816
f 1816 1911 1912
f 1816 1912 1817
f 1817 1912 1913
f 1817 1913 1818
f 1818 1913 1914
f 1818 1914 1819
f 1819 1914 1915
f 1819 1915 1820
f 1820 1915 1916
f 1820 1916 1821
f 1821 1916 1917
f 1821 1917 1822
f 1822 1917 1918
f 1822 1918 1823
f 1823 1918 1919
f 1823 1919 1824
f 1824 1919 1920
f 1824 1920 1825
f 1825 1920 1921
f 1825 1921 1826
f 1826 1921 1922
f 1826 1922 1731
f 1731 1922 1827
f 1827 1923 1828
f 1828 1923 1924
f 1828 1924 1829
f 1829 1924 1925
f 1829 1925 1830
f 1830 1925 1926
f 1830 1926 1831
f 1831 1926 1927
f 1831 1927 1832
f 1832 1927 1928
f 1832 1928 1833
f 1833 1928 1929
f 1833 1929 1834
f 1834 1929 1930
f 1834 1930 1835
f 1835 1930 1931
f 1835 1931 1836
f 1836 1931 1932
f 1836 1932 1837
f 1837 1932 1933
f 1837 1933 1838
f 1838 1933 1934
f 1838 1934 1839
f 1839 1934 1935
f 1839 1935 1840
f 1840 1935 1936
f 1840 1936 1841
f 1841 1936 1937
f 1841 1937 1842
f 1842 1937 1938
f 1842 1938 1843
f 1843 1938 1939
f 1843 1939 1844
f 1844 1939 1940
f 1844 1940 1845
f 1845 1940 1941
f 1845 1941 1846
f 1846 1941 1942
f 1846 1942 1847
f 1847 1942 1943
f 1847 1943 1848
f 1848 1943 1944
f 1848 1944 1849
f 1849 1944 1945
f 1849 1945 1850
f 1850 1945 1946
f 1850 1946 1851
f 1851 1946 1947
f 1851 1947 1852
f 1852 1947 1948
f 1852 1948 1853
f 1853 1948 1949
f 1853 1949 1854
f 1854 1949 1950
f 1854 1950 1855
f 1855 1950 1951
f 1855 1951 1856
f 1856 1951 1952
f 1856 1952 1857
f 1857 1952 1953
f 1857 1953 1858
f 1858 1953 1954
f 1858 1954 1859
f 1859 1954 1955
f 1859 1955 1860
f 1860 1955 1956
f 1860 1956 1861
f 1861 1956 1957
f 1861 1957 1862
f 1862 1957 1958
f 1862 1958 1863
f 1863 1958 1959
f 1863 1959 1864
f 1864 1959 1960
f 1864 1960 1865
f 1865 1960 1961
f 1865 1961 1866
f 1866 1961 1962
f 1866 1962 1867
f 1867 1962 1963
f 1867 1963 1868
f 1868 1963 1964
f 1868 1964 1869
f 1869 1964 1965
f 1869 1965 1870
f 1870 1965 1966
f 1870 1966 1871
f 1871 1966 1967
f 1871 1967 1872
f 1872 1967 1968
f 1872 1968 1873
f 1873 1968 1969
f 1873 1969 1874
f 1874 1969 1970
f 1874 1970 1875
f 1875 1970 1971
f 1875 1971 1876
f 1876 1971 1972
f 1876 1972 1877
f 1877 1972 1973
f 1877 1973 1878
f 1878 1973 1974
f 1878 1974 1879
f 1879 1974 1975
f 1879 1975 1880
f 1880 1975 1976
f 1880 1976 1881
f 1881 1976 1977
f 1881 1977 1882
f 1882 1977 1978
f 1882 1978 1883
f 1883 1978 1979
f 1883 1979 1884
f 1884 1979 1980
f 1884 1980 1885
f 1885 1980 1981
f 1885 1981 1886
f 1886 1981 1982
f 1886 1982 1887
f 1887 1982 1983
f 1887 1983 1888
f 1888 1983 1984
f 1888 1984 1889
f 1889 1984 1985
f 1889 1985 1890
f 1890 1985 1986
f 1890 1986 1891
f 1891 1986 1987
f 1891 1987 1892
f 1892 1987 1988
f 1892 1988 1893
f 1893 1988 1989
f 1893 1989 1894
f 1894 1989 1990
f 1894 1990 1895
f 1895 1990 1991
f 1895 1991 1896
f 1896 1991 1992
f 1896 1992 1897
f 1897 1992 1993
f 1897 1993 1898
f 1898 1993 1994
f 1898 1994 1899
f 1899 1994 1995
f 1899 1995 1900
f 1900 1995 1996
f 1900 1996 1901
f 1901 1996 1997
f 1901 1997 1902
f 1902 1997 1998
f 1902 1998 1903
f 1903 1998 1999
f 1903 1999 1904
f 1904 1999 2000
f 1904 2000 1905
f 1905 2000 2001
f 1905 2001 1906
f 1906 2001 2002
f 1906 2002 1907
f 1907 2002 2003
f 1907 2003 1908
f 1908 2003 2004
f 1908 2004 1909
f 1909 2004 2005
f 1909 2005 1910
f 1910 2005 2006
f 1910 2006 1911
f 1911 2006 2007
f 1911 2007 1912
f 1912 2007 2008
f 1912 2008 1913
f 1913 2008 2009
f 1913 2009 1914
f 1914 2009 2010
f 1914 2010 1915
f 1915 2010 2011
f 1915 2011 1916
f 1916 2011 2012
f 1916 2012 1917
f 1917 2012 2013
f 1917 2013 1918
f 1918 2013 2014
f 1918 2014 1919
f 1919 2014 2015
f 1919 2015 1920
f 1920 2015 2016
f 1920 2016 1921
f 1921 2016 2017
f 1921 2017 1922
f 1922 2017 2018
f 1922 2018 1827
f 1827 2018 1923
f 1923 2019 1924
f 1924 2019 2020
f 1924 2020 1925
f 1925 2020 2021
f 1925 2021 1926
f 1926 2021 2022
f 1926 2022 1927
f 1927 2022 2023
f 1927 2023 1928
f 1928 2023 2024
f 1928 2024 1929
f 1929 2024 2025
f 1929 2025 1930
f 1930 2025 2026
f 1930 2026 1931
f 1931 2026 2027
f 1931 2027 1932
f 1932 2027 2028
f 1932 2028 1933
f 1933 2028 2029
f 1933 2029 1934
f 1934 2029 2030
f 1934 2030 1935
f 1935 2030 2031
f 1935 2031 1936
f 1936 2031 2032
f 1936 2032 1937
f 1937 2032 2033
f 1937 2033 1938
f 1938 2033 2034
f 1938 2034 1939
f 1939 2034 2035
f 1939 2035 1940
f 1940 2035 2036
f 1940 2036 1941
f 1941 2036 2037
f 1941 2037 1942
f 1942 2037 2038
f 1942 2038 1943
f 1943 2038 2039
f 1943 2039 1944
f 1944 2039 2040
f 1944 2040 1945
f 1945 2040 2041
f 1945 2041 1946
f 1946 2041 2042
f 1946 2042 1947
f 1947 2042 2043
f 1947 2043 1948
f 1948 2043 2044
f 1948 2044 1949
f 1949 2044 2045
f 1949 2045 1950
f 1950 2045 2046
f 1950 2046 1951
f 1951 2046 2047
f 1951 2047 1952
f 1952 2047 2048
f 1952 2048 1953
f 1953 2048 2049
f 1953 2049 1954
f 1954 2049 2050
f 1954 2050 1955
f 1955 2050 2051
f 1955 2051 1956
f 1956 2051 2052
f 1956 2052 1957
f 1957 2052 2053
f 1957 2053 1958
f 1958 2053 2054
f 1958 2054 1959
f 1959 2054 2055
f 1959 2055 1960
f 1960 2055 2056
f 1960 2056 1961
f 1961 2056 2057
f 1961 2057 1962
f 1962 2057 2058
f 1962 2058 1963
f 1963 2058 2059
f 1963 2059 1964
f 1964 2059 2060
f 1964 2060 1965
f 1965 2060 2061
f 1965 2061 1966
f 1966 2061 2062
f 1966 2062 1967
f 1967 2062 2063
f 1967 2063 1968
f 1968 2063 2064
f 1968 2064 1969
f 1969 2064 2065
f 1969 2065 1970
f 1970 2065 2066
f 1970 2066 1971
f 1971 2066 2067
f 1971 2067 1972
f 1972 2067 2068
f 1972 2068 1973
f 1973 2068 2069
f 1973 2069 1974
f 1974 2069 2070
f 1974 2070 1975
f 1975 2070 2071
f 1975 2071 1976
f 1976 2071 2072
f 1976 2072 1977
f 1977 2072 2073
f 1977 2073 1978
f 1978 2073 2074
f 1978 2074 1979
f 1979 2074 2075
f 1979 2075 1980
f 1980 2075 2076
f 1980 2076 1981
f 1981 2076 2077
f 1981 2077 1982
f 1982 2077 2078
f 1982 2078 1983
f 1983 2078 2079
f 1983 2079 1984
f 1984 2079 2080
f 1984 2080 1985
f 1985 2080 2081
f 1985 2081 1986
f 1986 2081 2082
f 1986 2082 1987
f 1987 2082 2083
f 1987 2083 1988
f 1988 2083 2084
f 1988 2084 1989
f 1989 2084 2085
f 1989 2085 1990
f 1990 2085 2086
f 1990 2086 1991
f 1991 2086 2087
f 1991 2087 1992
f 1992 2087 2088
f 1992 2088 1993
f 1993 2088 2089
f 1993 2089 1994
f 1994 2089 2090
f 1994 2090 1995
f 1995 2090 2091
f 1995 2091 1996
f 1996 2091 2092
f 1996 2092 1997
f 1997 2092 2093
f 1997 2093 1998
f 1998 2093 2094
f 1998 2094 1999
f 1999 2094 2095
f 1999 2095 2000
f 2000 2095 2096
f 2000 2096 2001
f 2001 2096 2097
f 2001 2097 2002
f 2002 2097 2098
f 2002 2098 2003
f 2003 2098 2099
f 2003 2099 2004
f 2004 2099 2100
f 2004 2100 2005
f 2005 2100 2101
f 2005 2101 2006
f 2006 2101 2102
f 2006 2102 2007
f 2007 2102 2103
f 2007 2103 2008
f 2008 2103 2104
f 2008 2104 2009
f 2009 2104 2105
f 2009 2105 2010
f 2010 2105 2106
f 2010 2106 2011
f 2011 2106 2107
f 2011 2107 2012
f 2012 2107 2108
f 2012 2108 2013
f 2013 2108 2109
f 2013 2109 2014
f 2014 2109 2110
f 2014 2110 2015
f 2015 2110 2111
f 2015 2111 2016
f 2016 2111 2112
f 2016 2112 2017
f 2017 2112 2113
f 2017 2113 2018
f 2018 2113 2114
f 2018 2114 1923
f 1923 2114 2019
f 2019 2115 2020
f 2020 2115 2116
f 2020 2116 2021
f 2021 2116 2117
f 2021 2117 2022
f 2022 2117 2118
f 2022 2118 2023
f 2023 2118 2119
f 2023 2119 2024
f 2024 2119 2120
f 2024 2120 2025
f 2025 2120 2121
f 2025 2121 2026
f 2026 2121 2122
f 2026 2122 2027
f 2027 2122 2123
f 2027 2123 2028
f 2028 2123 2124
f 2028 2124 2029
f 2029 2124 2125
f 2029 2125 2030
f 2030 2125 2126
f 2030 2126 2031
f 2031 2126 2127
f 2031 2127 2032
f 2032 2127 2128
f 2032 2128 2033
f 2033 2128 2129
f 2033 2129 2034
f 2034 2129 2130
f 2034 2130 2035
f 2035 2130 2131
f 2035 2131 2036
f 2036 2131 2132
f 2036 2132 2037
f 2037 2132 2133
f 2037 2133 2038
f 2038 2133 2134
f 2038 2134 2039
f 2039 2134 2135
f 2039 2135 2040
f 2040 2135 2136
f 2040 2136 2041
f 2041 2136 2137
f 2041 2137 2042
f 2042 2137 2138
f 2042 2138 2043
f 2043 2138 2139
f 2043 2139 2044
f 2044 2139 2140
f 2044 2140 2045
f 2045 2140 2141
f 2045 2141 2046
f 2046 2141 2142
f 2046 2142 2047
f 2047 2142 2143
f 2047 2143 2048
f 2048 2143 2144
f 2048 2144 2049
f 2049 2144 2145
f 2049 2145 2050
f 2050 2145 2146
f 2050 2146 2051
f 2051 2146 2147
f 2051 2147 2052
f 2052 2147 2148
f 2052 2148 2053
f 2053 2148 2149
f 2053 2149 2054
f 2054 2149 2150
f 2054 2150 2055
f 2055 2150 2151
f 2055 2151 2056
f 2056 2151 2152
f 2056 2152 2057
f 2057 2152 2153
f 2057 2153 2058
f 2058 2153 2154
f 2058 2154 2059
f 2059 2154 2155
f 2059 2155 2060
f 2060 2155 2156
f 2060 2156 2061
f 2061 2156 2157
f 2061 2157 2062
f 2062 2157 2158
f 2062 2158 2063
f 2063 2158 2159
f 2063 2159 2064
f 2064 2159 2160
f 2064 2160 2065
f 2065 2160 2161
f 2065 2161 2066
f 2066 2161 2162
f 2066 2162 2067
f 2067 2162 2163
f 2067 2163 2068
f 2068 2163 2164
f 2068 2164 2069
f 2069 2164 2165
f 2069 2165 2070
f 2070 2165 2166
f 2070 2166 2071
f 2071 2166 2167
f 2071 2167 2072
f 2072 2167 2168
f 2072 2168 2073
f 2073 2168 2169
f 2073 2169 2074
f 2074 2169 2170
f 2074 2170 2075
f 2075 2170 2171
f 2075 2171 2076
f 2076 2171 2172
f 2076 2172 2077
f 2077 2172 2173
f 2077 2173 2078
f 2078 2173 2174
f 2078 2174 2079
f 2079 2174 2175
f 2079 2175 2080
f 2080 2175 2176
f 2080 2176 2081
f 2081 2176 2177
f 2081 2177 2082
f 2082 2177 2178
f 2082 2178 2083
f 2083 2178 2179
f 2083 2179 2084
f 2084 2179 2180
f 2084 2180 2085
f 2085 2180 2181
f 2085 2181 2086
f 2086 2181 2182
f 2086 2182 2087
f 2087 2182 2183
f 2087 2183 2088
f 2088 2183 2184
f 2088 2184 2089
f 2089 2184 2185
f 2089 2185 2090
f 2090 2185 2186
f 2090 2186 2091
f 2091 2186 2187
f 2091 2187 2092
f 2092 2187 2188
f 2092 2188 2093
f 2093 2188 2189
f 2093 2189 2094
f 2094 2189 2190
f 2094 2190 2095
f 2095 2190 2191
f 2095 2191 2096
f 2096 2191 2192
f 2096 2192 2097
f 2097 2192 2193
f 2097 2193 2098
f 2098 2193 2194
f 2098 2194 2099
f 2099 2194 2195
f 2099 2195 2100
f 2100 2195 2196
f 2100 2196 2101
f 2101 2196 2197
f 2101 2197 2102
f 2102 2197 2198
f 2102 2198 2103
f 2103 2198 2199
f 2103 2199 2104
f 2104 2199 2200
f 2104 2200 2105
f 2105 2200 2201
f 2105 2201 2106
f 2106 2201 2202
f 2106 2202 2107
f 2107 2202 2203
f 2107 2203 2108
f 2108 2203 2204
f 2108 2204 2109
f 2109 2204 2205
f 2109 2205 2110
f 2110 2205 2206
f 2110 2206 2111
f 2111 2206 2207
f 2111 2207 2112
f 2112 2207 2208
f 2112 2208 2113
f 2113 2208 2209
f 2113 2209 2114
f 2114 2209 2210
f 2114 2210 2019
f 2019 2210 2115
f 2115 2211 2116
f 2116 2211 2212
f 2116 2212 2117
f 2117 2212 2213
f 2117 2213 2118
f 2118 2213 2214
f 2118 2214 2119
f 2119 2214 2215
f 2119 2215 2120
f 2120 2215 2216
f 2120 2216 2121
f 2121 2216 2217
f 2121 2217 2122
f 2122 2217 2218
f 2122 2218 2123
f 2123 2218 2219
f 2123 2219 2124
f 2124 2219 2220
f 2124 2220 2125
f 2125 2220 2221
f 2125 2221 2126
f 2126 2221 2222
f 2126 2222 2127
f 2127 2222 2223
f 2127 2223 2128
f 2128 2223 2224
f 2128 2224 2129
f 2129 2224 2225
f 2129 2225 2130
f 2130 2225 2226
f 2130 2226 2131
f 2131 2226 2227
f 2131 2227 2132
f 2132 2227 2228
f 2132 2228 2133
f 2133 2228 2229
f 2133 2229 2134
f 2134 2229 2230
f 2134 2230 2135
f 2135 2230 2231
f 2135 2231 2136
f 2136 2231 2232
f 2136 2232 2137
f 2137 2232 2233
f 2137 2233 2138
f 2138 2233 2234
f 2138 2234 2139
f 2139 2234 2235
f 2139 2235 2140
f 2140 2235 2236
f 2140 2236 2141
f 2141 2236 2237
f 2141 2237 2142
f 2142 2237 2238
f 2142 2238 2143
f 2143 2238 2239
f 2143 2239 2144
f 2144 2239 2240
f 2144 2240 2145
f 2145 2240 2241
f 2145 2241 2146
f 2146 2241 2242
f 2146 2242 2147
f 2147 2242 2243
f 2147 2243 2148
f 2148 2243 2244
f 2148 2244 2149
f 2149 2244 2245
f 2149 2245 2150
f 2150 2245 2246
f 2150 2246 2151
f 2151 2246 2247
f 2151 2247 2152
f 2152 2247 2248
f 2152 2248 2153
f 2153 2248 2249
f 2153 2249 2154
f 2154 2249 2250
f 2154 2250 2155
f 2155 2250 2251
f 2155 2251 2156
f 2156 2251 2252
f 2156 2252 2157
f 2157 2252 2253
f 2157 2253 2158
f 2158 2253 2254
f 2158 2254 2159
f 2159 2254 2255
f 2159 2255 2160
f 2160 2255 2256
f 2160 2256 2161
f 2161 2256 2257
f 2161 2257 2162
f 2162 2257 2258
f 2162 2258 2163
f 2163 2258 2259
f 2163 2259 2164
f 2164 2259 2260
f 2164 2260 2165
f 2165 2260 2261
f 2165 2261 2166
f 2166 2261 2262
f 2166 2262 2167
f 2167 2262 2263
f 2167 2263 2168
f 2168 2263 2264
f 2168 2264 2169
f 2169 2264 2265
f 2169 2265 2170
f 2170 2265 2266
f 2170 2266 2171
f 2171 2266 2267
f 2171 2267 2172
f 2172 2267 2268
f 2172 2268 2173
f 2173 2268 2269
f 2173 2269 2174
f 2174 2269 2270
f 2174 2270 2175
f 2175 2270 2271
f 2175 2271 2176
f 2176 2271 2272
f 2176 2272 2177
f 2177 2272 2273
f 2177 2273 2178
f 2178 2273 2274
f 2178 2274 2179
f 2179 2274 2275
f 2179 2275 2180
f 2180 2275 2276
f 2180 2276 2181
f 2181 2276 2277
f 2181 2277 2182
f 2182 2277 2278
f 2182 2278 2183
f 2183 2278 2279
f 2183 2279 2184
f 2184 2279 2280
f 2184 2280 2185
f 2185 2280 2281
f 2185 2281 2186
f 2186 2281 2282
f 2186 2282 2187
f 2187 2282 2283
f 2187 2283 2188
f 2188 2283 2284
f 2188 2284 2189
f 2189 2284 2285
f 2189 2285 2190
f 2190 2285 2286
f 2190 2286 2191
f 2191 2286 2287
f 2191 2287 2192
f 2192 2287 2288
f 2192 2288 2193
f 2193 2288 2289
f 2193 2289 2194
f 2194 2289 2290
f 2194 2290 2195
f 2195 2290 2291
f 2195 2291 2196
f 2196 2291 2292
f 2196 2292 2197
f 2197 2292 2293
f 2197 2293 2198
f 2198 2293 2294
f 2198 2294 2199
f 2199 2294 2295
f 2199 2295 2200
f 2200 2295 2296
f 2200 2296 2201
f 2201 2296 2297
f 2201 2297 2202
f 2202 2297 2298
f 2202 2298 2203
f 2203 2298 2299
f 2203 2299 2204
f 2204 2299 2300
f 2204 2300 2205
f 2205 2300 2301
f 2205 2301 2206
f 2206 2301 2302
f 2206 2302 2207
f 2207 2302 2303
f 2207 2303 2208
f 2208 2303 2304
f 2208 2304 2209
f 2209 2304 2305
f 2209 2305 2210
f 2210 2305 2306
f 2210 2306 2115
f 2115 2306 2211
f 2211 2307 2212
f 2212 2307 2308
f 2212 2308 2213
f 2213 2308 2309
f 2213 2309 2214
f 2214 2309 2310
f 2214 2310 2215
f 2215 2310 2311
f 2215 2311 2216
f 2216 2311 2312
f 2216 2312 2217
f 2217 2312 2313
f 2217 2313 2218
f 2218 2313 2314
f 2218 2314 2219
f 2219 2314 2315
f 2219 2315 2220
f 2220 2315 2316
f 2220 2316 2221
f 2221 2316 2317
f 2221 2317 2222
f 2222 2317 2318
f 2222 2318 2223
f 2223 2318 2319
f 2223 2319 2224
f 2224 2319 2320
f 2224 2320 2225
f 2225 2320 2321
f 2225 2321 2226
f 2226 2321 2322
f 2226 2322 2227
f 2227 2322 2323
f 2227 2323 2228
f 2228 2323 2324
f 2228 2324 2229
f 2229 2324 2325
f 2229 2325 2230
f 2230 2325 2326
f 2230 2326 2231
f 2231 2326 2327
f 2231 2327 2232
f 2232 2327 2328
f 2232 2328 2233
f 2233 2328 2329
f 2233 2329 2234
f 2234 2329 2330
f 2234 2330 2235
f 2235 2330 2331
f 2235 2331 2236
f 2236 2331 2332
f 2236 2332 2237
f 2237 2332 2333
f 2237 2333 2238
f 2238 2333 2334
f 2238 2334 2239
f 2239 2334 2335
f 2239 2335 2240
f 2240 2335 2336
f 2240 2336 2241
f 2241 2336 2337
f 2241 2337 2242
f 2242 2337 2338
f 2242 2338 2243
f 2243 2338 2339
f 2243 2339 2244
f 2244 2339 2340
f 2244 2340 2245
f 2245 2340 2341
f 2245 2341 2246
f 2246 2341 2342
f 2246 2342 2247
f 2247 2342 2343
f 2247 2343 2248
f 2248 2343 2344
f 2248 2344 2249
f 2249 2344 2345
f 2249 2345 2250
f 2250 2345 2346
f 2250 2346 2251
f 2251 2346 2347
f 2251 2347 2252
f 2252 2347 2348
f 2252 2348 2253
f 2253 2348 2349
f 2253 2349 2254
f 2254 2349 2350
f 2254 2350 2255
f 2255 2350 2351
f 2255 2351 2256
f 2256 2351 2352
f 2256 2352 2257
f 2257 2352 2353
f 2257 2353 2258
f 2258 2353 2354
f 2258 2354 2259
f 2259 2354 2355
f 2259 2355 2260
f 2260 2355 2356
f 2260 2356 2261
f 2261 2356 2357
f 2261 2357 2262
f 2262 2357 2358
f 2262 2358 2263
f 2263 2358 2359
f 2263 2359 2264
f 2264 2359 2360
f 2264 2360 2265
f 2265 2360 2361
f 2265 2361 2266
f 2266 2361 2362
f 2266 2362 2267
f 2267 2362 2363
f 2267 2363 2268
f 2268 2363 2364
f 2268 2364 2269
f 2269 2364 2365
f 2269 2365 2270
f 2270 2365 2366
f 2270 2366 2271
f 2271 2366 2367
f 2271 2367 2272
f 2272 2367 2368
f 2272 2368 2273
f 2273 2368 2369
f 2273 2369 2274
f 2274 2369 2370
f 2274 2370 2275
f 2275 2370 2371
f 2275 2371 2276
f 2276 2371 2372
f 2276 2372 2277
f 2277 2372 2373
f 2277 2373 2278
f 2278 2373 2374
f 2278 2374 2279
f 2279 2374 2375
f 2279 2375 2280
f 2280 2375 2376
f 2280 2376 2281
f 2281 2376 2377
f 2281 2377 2282
f 2282 2377 2378
f 2282 2378 2283
f 2283 2378 2379
f 2283 2379 2284
f 2284 2379 2380
f 2284 2380 2285
f 2285 2380 2381
f 2285 2381 2286
f 2286 2381 2382
f 2286 2382 2287
f 2287 2382 2383
f 2287 2383 2288
f 2288 2383 2384
f 2288 2384 2289
f 2289 2384 2385
f 2289 2385 2290
f 2290 2385 2386
f 2290 2386 2291
f 2291 2386 2387
f 2291 2387 2292
f 2292 2387 2388
f 2292 2388 2293
f 2293 2388 2389
f 2293 2389 2294
f 2294 2389 2390
f 2294 2390 2295
f 2295 2390 2391
f 2295 2391 2296
f 2296 2391 2392
f 2296 2392 2297
f 2297 2392 2393
f 2297 2393 2298
f 2298 2393 2394
f 2298 2394 2299
f 2299 2394 2395
f 2299 2395 2300
f 2300 2395 2396
f 2300 2396 2301
f 2301 2396 2397
f 2301 2397 2302
f 2302 2397 2398
f 2302 2398 2303
f 2303 2398 2399
f 2303 2399 2304
f 2304 2399 2400
f 2304 2400 2305
f 2305 2400 2401
f 2305 2401 2306
f 2306 2401 2402
f 2306 2402 2211
f 2211 2402 2307
f 2307 2403 2308
f 2308 2403 2404
f 2308 2404 2309
f 2309 2404 2405
f 2309 2405 2310
f 2310 2405 2406
f 2310 2406 2311
f 2311 2406 2407
f 2311 2407 2312
f 2312 2407 2408
f 2312 2408 2313
f 2313 2408 2409
f 2313 2409 2314
f 2314 2409 2410
f 2314 2410 2315
f 2315 2410 2411
f 2315 2411 2316
f 2316 2411 2412
f 2316 2412 2317
f 2317 2412 2413
f 2317 2413 2318
f 2318 2413 2414
f 2318 2414 2319
f 2319 2414 2415
f 2319 2415 2320
f 2320 2415 2416
f 2320 2416 2321
f 2321 2416 2417
f 2321 2417 2322
f 2322 2417 2418
f 2322 2418 2323
f 2323 2418 2419
f 2323 2419 2324
f 2324 2419 2420
f 2324 2420 2325
f 2325 2420 2421
f 2325 2421 2326
f 2326 2421 2422
f 2326 2422 2327
f 2327 2422 2423
f 2327 2423 2328
f 2328 2423 2424
f 2328 2424 2329
f 2329 2424 2425
f 2329 2425 2330
f 2330 2425 2426
f 2330 2426 2331
f 2331 2426 2427
f 2331 2427 2332
f 2332 2427 2428
f 2332 2428 2333
f 2333 2428 2429
f 2333 2429 2334
f 2334 2429 2430
f 2334 2430 2335
f 2335 2430 2431
f 2335 2431 2336
f 2336 2431 2432
f 2336 2432 2337
f 2337 2432 2433
f 2337 2433 2338
f 2338 2433 2434
f 2338 2434 2339
f 2339 2434 2435
f 2339 2435 2340
f 2340 2435 2436
f 2340 2436 2341
f 2341 2436 2437
f 2341 2437 2342
f 2342 2437 2438
f 2342 2438 2343
f 2343 2438 2439
f 2343 2439 2344
f 2344 2439 2440
f 2344 2440 2345
f 2345 2440 2441
f 2345 2441 2346
f 2346 2441 2442
f 2346 2442 2347
f 2347 2442 2443
f 2347 2443 2348
f 2348 2443 2444
f 2348 2444 2349
f 2349 2444 2445
f 2349 2445 2350
f 2350 2445 2446
f 2350 2446 2351
f 2351 2446 2447
f 2351 2447 2352
f 2352 2447 2448
f 2352 2448 2353
f 2353 2448 2449
f 2353 2449 2354
f 2354 2449 2450
f 2354 2450 2355
f 2355 2450 2451
f 2355 2451 2356
f 2356 2451 2452
f 2356 2452 2357
f 2357 2452 2453
f 2357 2453 2358
f 2358 2453 2454
f 2358 2454 2359
f 2359 2454 2455
f 2359 2455 2360
f 2360 2455 2456
f 2360 2456 2361
f 2361 2456 2457
f 2361 2457 2362
f 2362 2457 2458
f 2362 2458 2363
f 2363 2458 2459
f 2363 2459 2364
f 2364 2459 2460
f 2364 2460 2365
f 2365 2460 2461
f 2365 2461 2366
f 2366 2461 2462
f 2366 2462 2367
f 2367 2462 2463
f 2367 2463 2368
f 2368 2463 2464
f 2368 2464 2369
f 2369 2464 2465
f 2369 2465 2370
f 2370 2465 2466
f 2370 2466 2371
f 2371 2466 2467
f 2371 2467 2372
f 2372 2467 2468
f 2372 2468 2373
f 2373 2468 2469
f 2373 2469 2374
f 2374 2469 2470
f 2374 2470 2375
f 2375 2470 2471
f 2375 2471 2376
f 2376 2471 2472
f 2376 2472 2377
f 2377 2472 2473
f 2377 2473 2378
f 2378 2473 2474
f 2378 2474 2379
f 2379 2474 2475
f 2379 2475 2380
f 2380 2475 2476
f 2380 2476 2381
f 2381 2476 2477
f 2381 2477 2382
f 2382 2477 2478
f 2382 2478 2383
f 2383 2478 2479
f 2383 2479 2384
f 2384 2479 2480
f 2384 2480 2385
f 2385 2480 2481
f 2385 2481 2386
f 2386 2481 2482
f 2386 2482 2387
f 2387 2482 2483
f 2387 2483 2388
f 2388 2483 2484
f 2388 2484 2389
f 2389 2484 2485
f 2389 2485 2390
f 2390 2485 2486
f 2390 2486 2391
f 2391 2486 2487
f 2391 2487 2392
f 2392 2487 2488
f 2392 2488 2393
f 2393 2488 2489
f 2393 2489 2394
f 2394 2489 2490
f 2394 2490 2395
f 2395 2490 2491
f 2395 2491 2396
f 2396 2491 2492
f 2396 2492 2397
f 2397 2492 2493
f 2397 2493 2398
f 2398 2493 2494
f 2398 2494 2399
f 2399 2494 2495
f 2399 2495 2400
f 2400 2495 2496
f 2400 2496 2401
f 2401 2496 2497
f 2401 2497 2402
f 2402 2497 2498
f 2402 2498 2307
f 2307 2498 2403
f 2403 2499 2404
f 2404 2499 2500
f 2404 2500 2405
f 2405 2500 2501
f 2405 2501 2406
f 2406 2501 2502
f 2406 2502 2407
f 2407 2502 2503
f 2407 2503 2408
f 2408 2503 2504
f 2408 2504 2409
f 2409 2504 2505
f 2409 2505 2410
f 2410 2505 2506
f 2410 2506 2411
f 2411 2506 2507
f 2411 2507 2412
f 2412 2507 2508
f 2412 2508 2413
f 2413 2508 2509
f 2413 2509 2414
f 2414 2509 2510
f 2414 2510 2415
f 2415 2510 2511
f 2415 2511 2416
f 2416 2511 2512
f 2416 2512 2417
f 2417 2512 2513
f 2417 2513 2418
f 2418 2513 2514
f 2418 2514 2419
f 2419 2514 2515
f 2419 2515 2420
f 2420 2515 2516
f 2420 2516 2421
f 2421 2516 2517
f 2421 2517 2422
f 2422 2517 2518
f 2422 2518 2423
f 2423 2518 2519
f 2423 2519 2424
f 2424 2519 2520
f 2424 2520 2425
f 2425 2520 2521
f 2425 2521 2426
f 2426 2521 2522
f 2426 2522 2427
f 2427 2522 2523
f 2427 2523 2428
f 2428 2523 2524
f 2428 2524 2429
f 2429 2524 2525
f 2429 2525 2430
f 2430 2525 2526
f 2430 2526 2431
f 2431 2526 2527
f 2431 2527 2432
f 2432 2527 2528
f 2432 2528 2433
f 2433 2528 2529
f 2433 2529 2434
f 2434 2529 2530
f 2434 2530 2435
f 2435 2530 2531
f 2435 2531 2436
f 2436 2531 2532
f 2436 2532 2437
f 2437 2532 2533
f 2437 2533 2438
f 2438 2533 2534
f 2438 2534 2439
f 2439 2534 2535
f 2439 2535 2440
f 2440 2535 2536
f 2440 2536 2441
f 2441 2536 2537
f 2441 2537 2442
f 2442 2537 2538
f 2442 2538 2443
f 2443 2538 2539
f 2443 2539 2444
f 2444 2539 2540
f 2444 2540 2445
f 2445 2540 2541
f 2445 2541 2446
f 2446 2541 2542
f 2446 2542 2447
f 2447 2542 2543
f 2447 2543 2448
f 2448 2543 2544
f 2448 2544 2449
f 2449 2544 2545
f 2449 2545 2450
f 2450 2545 2546
f 2450 2546 2451
f 2451 2546 2547
f 2451 2547 2452
f 2452 2547 2548
f 2452 2548 2453
f 2453 2548 2549
f 2453 2549 2454
f 2454 2549 2550
f 2454 2550 2455
f 2455 2550 2551
f 2455 2551 2456
f 2456 2551 2552
f 2456 2552 2457
f 2457 2552 2553
f 2457 2553 2458
f 2458 2553 2554
f 2458 2554 2459
f 2459 2554 2555
f 2459 2555 2460
f 2460 2555 2556
f 2460 2556 2461
f 2461 2556 2557
f 2461 2557 2462
f 2462 2557 2558
f 2462 2558 2463
f 2463 2558 2559
f 2463 2559 2464
f 2464 2559 2560
f 2464 2560 2465
f 2465 2560 2561
f 2465 2561 2466
f 2466 2561 2562
f 2466 2562 2467
f 2467 2562 2563
f 2467 2563 2468
f 2468 2563 2564
f 2468 2564 2469
f 2469 2564 2565
f 2469 2565 2470
f 2470 2565 2566
f 2470 2566 2471
f 2471 2566 2567
f 2471 2567 2472
f 2472 2567 2568
f 2472 2568 2473
f 2473 2568 2569
f 2473 2569 2474
f 2474 2569 2570
f 2474 2570 2475
f 2475 2570 2571
f 2475 2571 2476
f 2476 2571 2572
f 2476 2572 2477
f 2477 2572 2573
f 2477 2573 2478
f 2478 2573 2574
f 2478 2574 2479
f 2479 2574 2575
f 2479 2575 2480
f 2480 2575 2576
f 2480 2576 2481
f 2481 2576 2577
f 2481 2577 2482
f 2482 2577 2578
f 2482 2578 2483
f 2483 2578 2579
f 2483 2579 2484
f 2484 2579 2580
f 2484 2580 2485
f 2485 2580 2581
f 2485 2581 2486
f 2486 2581 2582
f 2486 2582 2487
f 2487 2582 2583
f 2487 2583 2488
f 2488 2583 2584
f 2488 2584 2489
f 2489 2584 2585
f 2489 2585 2490
f 2490 2585 2586
f 2490 2586 2491
f 2491 2586 2587
f 2491 2587 2492
f 2492 2587 2588
f 2492 2588 2493
f 2493 2588 2589
f 2493 2589 2494
f 2494 2589 2590
f 2494 2590 2495
f 2495 2590 2591
f 2495 2591 2496
f 2496 2591 2592
f 2496 2592 2497
f 2497 2592 2593
f 2497 2593 2498
f 2498 2593 2594
f 2498 2594 2403
f 2403 2594 2499
f 2499 2595 2500
f 2500 2595 2596
f 2500 2596 2501
f 2501 2596 2597
f 2501 2597 2502
f 2502 2597 2598
f 2502 2598 2503
f 2503 2598 2599
f 2503 2599 2504
f 2504 2599 2600
f 2504 2600 2505
f 2505 2600 2601
f 2505 2601 2506
f 2506 2601 2602
f 2506 2602 2507
f 2507 2602 2603
f 2507 2603 2508
f 2508 2603 2604
f 2508 2604 2509
f 2509 2604 2605
f 2509 2605 2510
f 2510 2605 2606
f 2510 2606 2511
f 2511 2606 2607
f 2511 2607 2512
f 2512 2607 2608
f 2512 2608 2513
f 2513 2608 2609
f 2513 2609 2514
f 2514 2609 2610
f 2514 2610 2515
f 2515 2610 2611
f 2515 2611 2516
f 2516 2611 2612
f 2516 2612 2517
f 2517 2612 2613
f 2517 2613 2518
f 2518 2613 2614
f 2518 2614 2519
f 2519 2614 2615
f 2519 2615 2520
f 2520 2615 2616
f 2520 2616 2521
f 2521 2616 2617
f 2521 2617 2522
f 2522 2617 2618
f 2522 2618 2523
f 2523 2618 2619
f 2523 2619 2524
f 2524 2619 2620
f 2524 2620 2525
f 2525 2620 2621
f 2525 2621 2526
f 2526 2621 2622
f 2526 2622 2527
f 2527 2622 2623
f 2527 2623 2528
f 2528 2623 2624
f 2528 2624 2529
f 2529 2624 2625
f 2529 2625 2530
f 2530 2625 2626
f 2530 2626 2531
f 2531 2626 2627
f 2531 2627 2532
f 2532 2627 2628
f 2532 2628 2533
f 2533 2628 2629
f 2533 2629 2534
f 2534 2629 2630
f 2534 2630 2535
f 2535 2630 2631
f 2535 2631 2536
f 2536 2631 2632
f 2536 2632 2537
f 2537 2632 2633
f 2537 2633 2538
f 2538 2633 2634
f 2538 2634 2539
f 2539 2634 2635
f 2539 2635 2540
f 2540 2635 2636
f 2540 2636 2541
f 2541 2636 2637
f 2541 2637 2542
f 2542 2637 2638
f 2542 2638 2543
f 2543 2638 2639
f 2543 2639 2544
f 2544 2639 2640
f 2544 2640 2545
f 2545 2640 2641
f 2545 2641 2546
f 2546 2641 2642
f 2546 2642 2547
f 2547 2642 2643
f 2547 2643 2548
f 2548 2643 2644
f 2548 2644 2549
f 2549 2644 2645
f 2549 2645 2550
f 2550 2645 2646
f 2550 2646 2551
f 2551 2646 2647
f 2551 2647 2552
f 2552 2647 2648
f 2552 2648 2553
f 2553 2648 2649
f 2553 2649 2554
f 2554 2649 2650
f 2554 2650 2555
f 2555 2650 2651
f 2555 2651 2556
f 2556 2651 2652
f 2556 2652 2557
f 2557 2652 2653
f 2557 2653 2558
f 2558 2653 2654
f 2558 2654 2559
f 2559 2654 2655
f 2559 2655 2560
f 2560 2655 2656
f 2560 2656 2561
f 2561 2656 2657
f 2561 2657 2562
f 2562 2657 2658
f 2562 2658 2563
f 2563 2658 2659
f 2563 2659 2564
f 2564 2659 2660
f 2564 2660 2565
f 2565 2660 2661
f 2565 2661 2566
f 2566 2661 2662
f 2566 2662 2567
f 2567 2662 2663
f 2567 2663 2568
f 2568 2663 2664
f 2568 2664 2569
f 2569 2664 2665
f 2569 2665 2570
f 2570 2665 2666
f 2570 2666 2571
f 2571 2666 2667
f 2571 2667 2572
f 2572 2667 2668
f 2572 2668 2573
f 2573 2668 2669
f 2573 2669 2574
f 2574 2669 2670
f 2574 2670 2575
f 2575 2670 2671
f 2575 2671 2576
f 2576 2671 2672
f 2576 2672 2577
f 2577 2672 2673
f 2577 2673 2578
f 2578 2673 2674
f 2578 2674 2579
f 2579 2674 2675
f 2579 2675 2580
f 2580 2675 2676
f 2580 2676 2581
f 2581 2676 2677
f 2581 2677 2582
f 2582 2677 2678
f 2582 2678 2583
f 2583 2678 2679
f 2583 2679 2584
f 2584 2679 2680
f 2584 2680 2585
f 2585 2680 2681
f 2585 2681 2586
f 2586 2681 2682
f 2586 2682 2587
f 2587 2682 2683
f 2587 2683 2588
f 2588 2683 2684
f 2588 2684 2589
f 2589 2684 2685
f 2589 2685 2590
f 2590 2685 2686
f 2590 2686 2591
f 2591 2686 2687
f 2591 2687 2592
f 2592 2687 2688
f 2592 2688 2593
f 2593 2688 2689
f 2593 2689 2594
f 2594 2689 2690
f 2594 2690 2499
f 2499 2690 2595
f 2595 2691 2596
f 2596 2691 2692
f 2596 2692 2597
f 2597 2692 2693
f 2597 2693 2598
f 2598 2693 2694
f 2598 2694 2599
f 2599 2694 2695
f 2599 2695 2600
f 2600 2695 2696
f 2600 2696 2601
f 2601 2696 2697
f 2601 2697 2602
f 2602 2697 2698
f 2602 2698 2603
f 2603 2698 2699
f 2603 2699 2604
f 2604 2699 2700
f 2604 2700 2605
f 2605 2700 2701
f 2605 2701 2606
f 2606 2701 2702
f 2606 2702 2607
f 2607 2702 2703
f 2607 2703 2608
f 2608 2703 2704
f 2608 2704 2609
f 2609 2704 2705
f 2609 2705 2610
f 2610 2705 2706
f 2610 2706 2611
f 2611 2706 2707
f 2611 2707 2612
f 2612 2707 2708
f 2612 2708 2613
f 2613 2708 2709
f 2613 2709 2614
f 2614 2709 2710
f 2614 2710 2615
f 2615 2710 2711
f 2615 2711 2616
f 2616 2711 2712
f 2616 2712 2617
f 2617 2712 2713
f 2617 2713 2618
f 2618 2713 2714
f 2618 2714 2619
f 2619 2714 2715
f 2619 2715 2620
f 2620 2715 2716
f 2620 2716 2621
f 2621 2716 2717
f 2621 2717 2622
f 2622 2717 2718
f 2622 2718 2623
f 2623 2718 2719
f 2623 2719 2624
f 2624 2719 2720
f 2624 2720 2625
f 2625 2720 2721
f 2625 2721 2626
f 2626 2721 2722
f 2626 2722 2627
f 2627 2722 2723
f 2627 2723 2628
f 2628 2723 2724
f 2628 2724 2629
f 2629 2724 2725
f 2629 2725 2630
f 2630 2725 2726
f 2630 2726 2631
f 2631 2726 2727
f 2631 2727 2632
f 2632 2727 2728
f 2632 2728 2633
f 2633 2728 2729
f 2633 2729 2634
f 2634 2729 2730
f 2634 2730 2635
f 2635 2730 2731
f 2635 2731 2636
f 2636 2731 2732
f 2636 2732 2637
f 2637 2732 2733
f 2637 2733 2638
f 2638 2733 2734
f 2638 2734 2639
f 2639 2734 2735
f 2639 2735 2640
f 2640 2735 2736
f 2640 2736 2641
f 2641 2736 2737
f 2641 2737 2642
f 2642 2737 2738
f 2642 2738 2643
f 2643 2738 2739
f 2643 2739 2644
f 2644 2739 2740
f 2644 2740 2645
f 2645 2740 2741
f 2645 2741 2646
f 2646 2741 2742
f 2646 2742 2647
f 2647 2742 2743
f 2647 2743 2648
f 2648 2743 2744
f 2648 2744 2649
f 2649 2744 2745
f 2649 2745 2650
f 2650 2745 2746
f 2650 2746 2651
f 2651 2746 2747
f 2651 2747 2652
f 2652 2747 2748
f 2652 2748 2653
f 2653 2748 2749
f 2653 2749 2654
f 2654 2749 2750
f 2654 2750 2655
f 2655 2750 2751
f 2655 2751 2656
f 2656 2751 2752
f 2656 2752 2657
f 2657 2752 2753
f 2657 2753 2658
f 2658 2753 2754
f 2658 2754 2659
f 2659 2754 2755
f 2659 2755 2660
f 2660 2755 2756
f 2660 2756 2661
f 2661 2756 2757
f 2661 2757 2662
f 2662 2757 2758
f 2662 2758 2663
f 2663 2758 2759
f 2663 2759 2664
f 2664 2759 2760
f 2664 2760 2665
f 2665 2760 2761
f 2665 2761 2666
f 2666 2761 2762
f 2666 2762 2667
f 2667 2762 2763
f 2667 2763 2668
f 2668 2763 2764
f 2668 2764 2669
f 2669 2764 2765
f 2669 2765 2670
f 2670 2765 2766
f 2670 2766 2671
f 2671 2766 2767
f 2671 2767 2672
f 2672 2767 2768
f 2672 2768 2673
f 2673 2768 2769
f 2673 2769 2674
f 2674 2769 2770
f 2674 2770 2675
f 2675 2770 2771
f 2675 2771 2676
f 2676 2771 2772
f 2676 2772 2677
f 2677 2772 2773
f 2677 2773 2678
f 2678 2773 2774
f 2678 2774 2679
f 2679 2774 2775
f 2679 2775 2680
f 2680 2775 2776
f 2680 2776 2681
f 2681 2776 2777
f 2681 2777 2682
f 2682 2777 2778
f 2682 2778 2683
f 2683 2778 2779
f 2683 2779 2684
f 2684 2779 2780
f 2684 2780 2685
f 2685 2780 2781
f 2685 2781 2686
f 2686 2781 2782
f 2686 2782 2687
f 2687 2782 2783
f 2687 2783 2688
f 2688 2783 2784
f 2688 2784 2689
f 2689 2784 2785
f 2689 2785 2690
f 2690 2785 2786
f 2690 2786 2595
f 2595 2786 2691
f 2691 2787 2692
f 2692 2787 2788
f 2692 2788 2693
f 2693 2788 2789
f 2693 2789 2694
f 2694 2789 2790
f 2694 2790 2695
f 2695 2790 2791
f 2695 2791 2696
f 2696 2791 2792
f 2696 2792 2697
f 2697 2792 2793
f 2697 2793 2698
f 2698 2793 2794
f 2698 2794 2699
f 2699 2794 2795
f 2699 2795 2700
f 2700 2795 2796
f 2700 2796 2701
f 2701 2796 2797
f 2701 2797 2702
f 2702 2797 2798
f 2702 2798 2703
f 2703 2798 2799
f 2703 2799 2704
f 2704 2799 2800
f 2704 2800 2705
f 2705 2800 2801
f 2705 2801 2706
f 2706 2801 2802
f 2706 2802 2707
f 2707 2802 2803
f 2707 2803 2708
f 2708 2803 2804
f 2708 2804 2709
f 2709 2804 2805
f 2709 2805 2710
f 2710 2805 2806
f 2710 2806 2711
f 2711 2806 2807
f 2711 2807 2712
f 2712 2807 2808
f 2712 2808 2713
f 2713 2808 2809
f 2713 2809 2714
f 2714 2809 2810
f 2714 2810 2715
f 2715 2810 2811
f 2715 2811 2716
f 2716 2811 2812
f 2716 2812 2717
f 2717 2812 2813
f 2717 2813 2718
f 2718 2813 2814
f 2718 2814 2719
f 2719 2814 2815
f 2719 2815 2720
f 2720 2815 2816
f 2720 2816 2721
f 2721 2816 2817
f 2721 2817 2722
f 2722 2817 2818
f 2722 2818 2723
f 2723 2818 2819
f 2723 2819 2724
f 2724 2819 2820
f 2724 2820 2725
f 2725 2820 2821
f 2725 2821 2726
f 2726 2821 2822
f 2726 2822 2727
f 2727 2822 2823
f 2727 2823 2728
f 2728 2823 2824
f 2728 2824 2729
f 2729 2824 2825
f 2729 2825 2730
f 2730 2825 2826
f 2730 2826 2731
f 2731 2826 2827
f 2731 2827 2732
f 2732 2827 2828
f 2732 2828 2733
f 2733 2828 2829
f 2733 2829 2734
f 2734 2829 2830
f 2734 2830 2735
f 2735 2830 2831
f 2735 2831 2736
f 2736 2831 2832
f 2736 2832 2737
f 2737 2832 2833
f 2737 2833 2738
f 2738 2833 2834
f 2738 2834 2739
f 2739 2834 2835
f 2739 2835 2740
f 2740 2835 2836
f 2740 2836 2741
f 2741 2836 2837
f 2741 2837 2742
f 2742 2837 2838
f 2742 2838 2743
f 2743 2838 2839
f 2743 2839 2744
f 2744 2839 2840
f 2744 2840 2745
f 2745 2840 2841
f 2745 2841 2746
f 2746 2841 2842
f 2746 2842 2747
f 2747 2842 2843
f 2747 2843 2748
f 2748 2843 2844
f 2748 2844 2749
f 2749 2844 2845
f 2749 2845 2750
f 2750 2845 2846
f 2750 2846 2751
f 2751 2846 2847
f 2751 2847 2752
f 2752 2847 2848
f 2752 2848 2753
f 2753 2848 2849
f 2753 2849 2754
f 2754 2849 2850
f 2754 2850 2755
f 2755 2850 2851
f 2755 2851 2756
f 2756 2851 2852
f 2756 2852 2757
f 2757 2852 2853
f 2757 2853 2758
f 2758 2853 2854
f 2758 2854 2759
f 2759 2854 2855
f 2759 2855 2760
f 2760 2855 2856
f 2760 2856 2761
f 2761 2856 2857
f 2761 2857 2762
f 2762 2857 2858
f 2762 2858 2763
f 2763 2858 2859
f 2763 2859 2764
f 2764 2859 2860
f 2764 2860 2765
f 2765 2860 2861
f 2765 2861 2766
f 2766 2861 2862
f 2766 2862 2767
f 2767 2862 2863
f 2767 2863 2768
f 2768 2863 2864
f 2768 2864 2769
f 2769 2864 2865
f 2769 2865 2770
f 2770 2865 2866
f 2770 2866 2771
f 2771 2866 2867
f 2771 2867 2772
f 2772 2867 2868
f 2772 2868 2773
f 2773 2868 2869
f 2773 2869 2774
f 2774 2869 2870
f 2774 2870 2775
f 2775 2870 2871
f 2775 2871 2776
f 2776 2871 2872
f 2776 2872 2777
f 2777 2872 2873
f 2777 2873 2778
f 2778 2873 2874
f 2778 2874 2779
f 2779 2874 2875
f 2779 2875 2780
f 2780 2875 2876
f 2780 2876 2781
f 2781 2876 2877
f 2781 2877 2782
f 2782 2877 2878
f 2782 2878 2783
f 2783 2878 2879
f 2783 2879 2784
f 2784 2879 2880
f 2784 2880 2785
f 2785 2880 2881
f 2785 2881 2786
f 2786 2881 2882
f 2786 2882 2691
f 2691 2882 2787
f 2787 2883 2788
f 2788 2883 2884
f 2788 2884 2789
f 2789 2884 2885
f 2789 2885 2790
f 2790 2885 2886
f 2790 2886 2791
f 2791 2886 2887
f 2791 2887 2792
f 2792 2887 2888
f 2792 2888 2793
f 2793 2888 2889
f 2793 2889 2794
f 2794 2889 2890
f 2794 2890 2795
f 2795 2890 2891
f 2795 2891 2796
f 2796 2891 2892
f 2796 2892 2797
f 2797 2892 2893
f 2797 2893 2798
f 2798 2893 2894
f 2798 2894 2799
f 2799 2894 2895
f 2799 2895 2800
f 2800 2895 2896
f 2800 2896 2801
f 2801 2896 2897
f 2801 2897 2802
f 2802 2897 2898
f 2802 2898 2803
f 2803 2898 2899
f 2803 2899 2804
f 2804 2899 2900
f 2804 2900 2805
f 2805 2900 2901
f 2805 2901 2806
f 2806 2901 2902
f 2806 2902 2807
f 2807 2902 2903
f 2807 2903 2808
f 2808 2903 2904
f 2808 2904 2809
f 2809 2904 2905
f 2809 2905 2810
f 2810 2905 2906
f 2810 2906 2811
f 2811 2906 2907
f 2811 2907 2812
f 2812 2907 2908
f 2812 2908 2813
f 2813 2908 2909
f 2813 2909 2814
f 2814 2909 2910
f 2814 2910 2815
f 2815 2910 2911
f 2815 2911 2816
f 2816 2911 2912
f 2816 2912 2817
f 2817 2912 2913
f 2817 2913 2818
f 2818 2913 2914
f 2818 2914 2819
f 2819 2914 2915
f 2819 2915 2820
f 2820 2915 2916
f 2820 2916 2821
f 2821 2916 2917
f 2821 2917 2822
f 2822 2917 2918
f 2822 2918 2823
f 2823 2918 2919
f 2823 2919 2824
f 2824 2919 2920
f 2824 2920 2825
f 2825 2920 2921
f 2825 2921 2826
f 2826 2921 2922
f 2826 2922 2827
f 2827 2922 2923
f 2827 2923 2828
f 2828 2923 2924
f 2828 2924 2829
f 2829 2924 2925
f 2829 2925 2830
f 2830 2925 2926
f 2830 2926 2831
f 2831 2926 2927
f 2831 2927 2832
f 2832 2927 2928
f 2832 2928 2833
f 2833 2928 2929
f 2833 2929 2834
f 2834 2929 2930
f 2834 2930 2835
f 2835 2930 2931
f 2835 2931 2836
f 2836 2931 2932
f 2836 2932 2837
f 2837 2932 2933
f 2837 2933 2838
f 2838 2933 2934
f 2838 2934 2839
f 2839 2934 2935
f 2839 2935 2840
f 2840 2935 2936
f 2840 2936 2841
f 2841 2936 2937
f 2841 2937 2842
f 2842 2937 2938
f 2842 2938 2843
f 2843 2938 2939
f 2843 2939 2844
f 2844 2939 2940
f 2844 2940 2845
f 2845 2940 2941
f 2845 2941 2846
f 2846 2941 2942
f 2846 2942 2847
f 2847 2942 2943
f 2847 2943 2848
f 2848 2943 2944
f 2848 2944 2849
f 2849 2944 2945
f 2849 2945 2850
f 2850 2945 2946
f 2850 2946 2851
f 2851 2946 2947
f 2851 2947 2852
f 2852 2947 2948
f 2852 2948 2853
f 2853 2948 2949
f 2853 2949 2854
f 2854 2949 2950
f 2854 2950 2855
f 2855 2950 2951
f 2855 2951 2856
f 2856 2951 2952
f 2856 2952 2857
f 2857 2952 2953
f 2857 2953 2858
f 2858 2953 2954
f 2858 2954 2859
f 2859 2954 2955
f 2859 2955 2860
f 2860 2955 2956
f 2860 2956 2861
f 2861 2956 2957
f 2861 2957 2862
f 2862 2957 2958
f 2862 2958 2863
f 2863 2958 2959
f 2863 2959 2864
f 2864 2959 2960
f 2864 2960 2865
f 2865 2960 2961
f 2865 2961 2866
f 2866 2961 2962
f 2866 2962 2867
f 2867 2962 2963
f 2867 2963 2868
f 2868 2963 2964
f 2868 2964 2869
f 2869 2964 2965
f 2869 2965 2870
f 2870 2965 2966
f 2870 2966 2871
f 2871 2966 2967
f 2871 2967 2872
f 2872 2967 2968
f 2872 2968 2873
f 2873 2968 2969
f 2873 2969 2874
f 2874 2969 2970
f 2874 2970 2875
f 2875 2970 2971
f 2875 2971 2876
f 2876 2971 2972
f 2876 2972 2877
f 2877 2972 2973
f 2877 2973 2878
f 2878 2973 2974
f 2878 2974 2879
f 2879 2974 2975
f 2879 2975 2880
f 2880 2975 2976
f 2880 2976 2881
f 2881 2976 2977
f 2881 2977 2882
f 2882 2977 2978
f 2882 2978 2787
f 2787 2978 2883
f 2883 2979 2884
f 2884 2979 2980
f 2884 2980 2885
f 2885 2980 2981
f 2885 2981 2886
f 2886 2981 2982
f 2886 2982 2887
f 2887 2982 2983
f 2887 2983 2888
f 2888 2983 2984
f 2888 2984 2889
f 2889 2984 2985
f 2889 2985 2890
f 2890 2985 2986
f 2890 2986 2891
f 2891 2986 2987
f 2891 2987 2892
f 2892 2987 2988
f 2892 2988 2893
f 2893 2988 2989
f 2893 2989 2894
f 2894 2989 2990
f 2894 2990 2895
f 2895 2990 2991
f 2895 2991 2896
f 2896 2991 2992
f 2896 2992 2897
f 2897 2992 2993
f 2897 2993 2898
f 2898 2993 2994
f 2898 2994 2899
f 2899 2994 2995
f 2899 2995 2900
f 2900 2995 2996
f 2900 2996 2901
f 2901 2996 2997
f 2901 2997 2902
f 2902 2997 2998
f 2902 2998 2903
f 2903 2998 2999
f 2903 2999 2904
f 2904 2999 3000
f 2904 3000 2905
f 2905 3000 3001
f 2905 3001 2906
f 2906 3001 3002
f 2906 3002 2907
f 2907 3002 3003
f 2907 3003 2908
f 2908 3003 3004
f 2908 3004 2909
f 2909 3004 3005
f 2909 3005 2910
f 2910 3005 3006
f 2910 3006 2911
f 2911 3006 3007
f 2911 3007 2912
f 2912 3007 3008
f 2912 3008 2913
f 2913 3008 3009
f 2913 3009 2914
f 2914 3009 3010
f 2914 3010 2915
f 2915 3010 3011
f 2915 3011 2916
f 2916 3011 3012
f 2916 3012 2917
f 2917 3012 3013
f 2917 3013 2918
f 2918 3013 3014
f 2918 3014 2919
f 2919 3014 3015
f 2919 3015 2920
f 2920 3015 3016
f 2920 3016 2921
f 2921 3016 3017
f 2921 3017 2922
f 2922 3017 3018
f 2922 3018 2923
f 2923 3018 3019
f 2923 3019 2924
f 2924 3019 3020
f 2924 3020 2925
f 2925 3020 3021
f 2925 3021 2926
f 2926 3021 3022
f 2926 3022 2927
f 2927 3022 3023
f 2927 3023 2928
f 2928 3023 3024
f 2928 3024 2929
f 2929 3024 3025
f 2929 3025 2930
f 2930 3025 3026
f 2930 3026 2931
f 2931 3026 3027
f 2931 3027 2932
f 2932 3027 3028
f 2932 3028 2933
f 2933 3028 3029
f 2933 3029 2934
f 2934 3029 3030
f 2934 3030 2935
f 2935 3030 3031
f 2935 3031 2936
f 2936 3031 3032
f 2936 3032 2937
f 2937 3032 3033
f 2937 3033 2938
f 2938 3033 3034
f 2938 3034 2939
f 2939 3034 3035
f 2939 3035 2940
f 2940 3035 3036
f 2940 3036 2941
f 2941 3036 3037
f 2941 3037 2942
f 2942 3037 3038
f 2942 3038 2943
f 2943 3038 3039
f 2943 3039 2944
f 2944 3039 3040
f 2944 3040 2945
f 2945 3040 3041
f 2945 3041 2946
f 2946 3041 3042
f 2946 3042 2947
f 2947 3042 3043
f 2947 3043 2948
f 2948 3043 3044
f 2948 3044 2949
f 2949 3044 3045
f 2949 3045 2950
f 2950 3045 3046
f 2950 3046 2951
f 2951 3046 3047
f 2951 3047 2952
f 2952 3047 3048
f 2952 3048 2953
f 2953 3048 3049
f 2953 3049 2954
f 2954 3049 3050
f 2954 3050 2955
f 2955 3050 3051
f 2955 3051 2956
f 2956 3051 3052
f 2956 3052 2957
f 2957 3052 3053
f 2957 3053 2958
f 2958 3053 3054
f 2958 3054 2959
f 2959 3054 3055
f 2959 3055 2960
f 2960 3055 3056
f 2960 3056 2961
f 2961 3056 3057
f 2961 3057 2962
f 2962 3057 3058
f 2962 3058 2963
f 2963 3058 3059
f 2963 3059 2964
f 2964 3059 3060
f 2964 3060 2965
f 2965 3060 3061
f 2965 3061 2966
f 2966 3061 3062
f 2966 3062 2967
f 2967 3062 3063
f 2967 3063 2968
f 2968 3063 3064
f 2968 3064 2969
f 2969 3064 3065
f 2969 3065 2970
f 2970 3065 3066
f 2970 3066 2971
f 2971 3066 3067
f 2971 3067 2972
f 2972 3067 3068
f 2972 3068 2973
f 2973 3068 3069
f 2973 3069 2974
f 2974 3069 3070
f 2974 3070 2975
f 2975 3070 3071
f 2975 3071 2976
f 2976 3071 3072
f 2976 3072 2977
f 2977 3072 3073
f 2977 3073 2978
f 2978 3073 3074
f 2978 3074 2883
f 2883 3074 2979
f 2979 3075 2980
f 2980 3075 3076
f 2980 3076 2981
f 2981 3076 3077
f 2981 3077 2982
f 2982 3077 3078
f 2982 3078 2983
f 2983 3078 3079
f 2983 3079 2984
f 2984 3079 3080
f 2984 3080 2985
f 2985 3080 3081
f 2985 3081 2986
f 2986 3081 3082
f 2986 3082 2987
f 2987 3082 3083
f 2987 3083 2988
f 2988 3083 3084
f 2988 3084 2989
f 2989 3084 3085
f 2989 3085 2990
f 2990 3085 3086
f 2990 3086 2991
f 2991 3086 3087
f 2991 3087 2992
f 2992 3087 3088
f 2992 3088 2993
f 2993 3088 3089
f 2993 3089 2994
f 2994 3089 3090
f 2994 3090 2995
f 2995 3090 3091
f 2995 3091 2996
f 2996 3091 3092
f 2996 3092 2997
f 2997 3092 3093
f 2997 3093 2998
f 2998 3093 3094
f 2998 3094 2999
f 2999 3094 3095
f 2999 3095 3000
f 3000 3095 3096
f 3000 3096 3001
f 3001 3096 3097
f 3001 3097 3002
f 3002 3097 3098
f 3002 3098 3003
f 3003 3098 3099
f 3003 3099 3004
f 3004 3099 3100
f 3004 3100 3005
f 3005 3100 3101
f 3005 3101 3006
f 3006 3101 3102
f 3006 3102 3007
f 3007 3102 3103
f 3007 3103 3008
f 3008 3103 3104
f 3008 3104 3009
f 3009 3104 3105
f 3009 3105 3010
f 3010 3105 3106
f 3010 3106 3011
f 3011 3106 3107
f 3011 3107 3012
f 3012 3107 3108
f 3012 3108 3013
f 3013 3108 3109
f 3013 3109 3014
f 3014 3109 3110
f 3014 3110 3015
f 3015 3110 3111
f 3015 3111 3016
f 3016 3111 3112
f 3016 3112 3017
f 3017 3112 3113
f 3017 3113 3018
f 3018 3113 3114
f 3018 3114 3019
f 3019 3114 3115
f 3019 3115 3020
f 3020 3115 3116
f 3020 3116 3021
f 3021 3116 3117
f 3021 3117 3022
f 3022 3117 3118
f 3022 3118 3023
f 3023 3118 3119
f 3023 3119 3024
f 3024 3119 3120
f 3024 3120 3025
f 3025 3120 3121
f 3025 3121 3026
f 3026 3121 3122
f 3026 3122 3027
f 3027 3122 3123
f 3027 3123 3028
f 3028 3123 3124
f 3028 3124 3029
f 3029 3124 3125
f 3029 3125 3030
f 3030 3125 3126
f 3030 3126 3031
f 3031 3126 3127
f 3031 3127 3032
f 3032 3127 3128
f 3032 3128 3033
f 3033 3128 3129
f 3033 3129 3034
f 3034 3129 3130
f 3034 3130 3035
f 3035 3130 3131
f 3035 3131 3036
f 3036 3131 3132
f 3036 3132 3037
f 3037 3132 3133
f 3037 3133 3038
f 3038 3133 3134
f 3038 3134 3039
f 3039 3134 3135
f 3039 3135 3040
f 3040 3135 3136
f 3040 3136 3041
f 3041 3136 3137
f 3041 3137 3042
f 3042 3137 3138
f 3042 3138 3043
f 3043 3138 3139
f 3043 3139 3044
f 3044 3139 3140
f 3044 3140 3045
f 3045 3140 3141
f 3045 3141 3046
f 3046 3141 3142
f 3046 3142 3047
f 3047 3142 3143
f 3047 3143 3048
f 3048 3143 3144
f 3048 3144 3049
f 3049 3144 3145
f 3049 3145 3050
f 3050 3145 3146
f 3050 3146 3051
f 3051 3146 3147
f 3051 3147 3052
f 3052 3147 3148
f 3052 3148 3053
f 3053 3148 3149
f 3053 3149 3054
f 3054 3149 3150
f 3054 3150 3055
f 3055 3150 3151
f 3055 3151 3056
f 3056 3151 3152
f 3056 3152 3057
f 3057 3152 3153
f 3057 3153 3058
f 3058 3153 3154
f 3058 3154 3059
f 3059 3154 3155
f 3059 3155 3060
f 3060 3155 3156
f 3060 3156 3061
f 3061 3156 3157
f 3061 3157 3062
f 3062 3157 3158
f 3062 3158 3063
f 3063 3158 3159
f 3063 3159 3064
f 3064 3159 3160
f 3064 3160 3065
f 3065 3160 3161
f 3065 3161 3066
f 3066 3161 3162
f 3066 3162 3067
f 3067 3162 3163
f 3067 3163 3068
f 3068 3163 3164
f 3068 3164 3069
f 3069 3164 3165
f 3069 3165 3070
f 3070 3165 3166
f 3070 3166 3071
f 3071 3166 3167
f 3071 3167 3072
f 3072 3167 3168
f 3072 3168 3073
f 3073 3168 3169
f 3073 3169 3074
f 3074 3169 3170
f 3074 3170 2979
f 2979 3170 3075
f 3075 3171 3076
f 3076 3171 3172
f 3076 3172 3077
f 3077 3172 3173
f 3077 3173 3078
f 3078 3173 3174
f 3078 3174 3079
f 3079 3174 3175
f 3079 3175 3080
f 3080 3175 3176
f 3080 3176 3081
f 3081 3176 3177
f 3081 3177 3082
f 3082 3177 3178
f 3082 3178 3083
f 3083 3178 3179
f 3083 3179 3084
f 3084 3179 3180
f 3084 3180 3085
f 3085 3180 3181
f 3085 3181 3086
f 3086 3181 3182
f 3086 3182 3087
f 3087 3182 3183
f 3087 3183 3088
f 3088 3183 3184
f 3088 3184 3089
f 3089 3184 3185
f 3089 3185 3090
f 3090 3185 3186
f 3090 3186 3091
f 3091 3186 3187
f 3091 3187 3092
f 3092 3187 3188
f 3092 3188 3093
f 3093 3188 3189
f 3093 3189 3094
f 3094 3189 3190
f 3094 3190 3095
f 3095 3190 3191
f 3095 3191 3096
f 3096 3191 3192
f 3096 3192 3097
f 3097 3192 3193
f 3097 3193 3098
f 3098 3193 3194
f 3098 3194 3099
f 3099 3194 3195
f 3099 3195 3100
f 3100 3195 3196
f 3100 3196 3101
f 3101 3196 3197
f 3101 3197 3102
f 3102 3197 3198
f 3102 3198 3103
f 3103 3198 3199
f 3103 3199 3104
f 3104 3199 3200
f 3104 3200 3105
f 3105 3200 3201
f 3105 3201 3106
f 3106 3201 3202
f 3106 3202 3107
f 3107 3202 3203
f 3107 3203 3108
f 3108 3203 3204
f 3108 3204 3109
f 3109 3204 3205
f 3109 3205 3110
f 3110 3205 3206
f 3110 3206 3111
f 3111 3206 3207
f 3111 3207 3112
f 3112 3207 3208
f 3112 3208 3113
f 3113 3208 3209
f 3113 3209 3114
f 3114 3209 3210
f 3114 3210 3115
f 3115 3210 3211
f 3115 3211 3116
f 3116 3211 3212
f 3116 3212 3117
f 3117 3212 3213
f 3117 3213 3118
f 3118 3213 3214
f 3118 3214 3119
f 3119 3214 3215
f 3119 3215 3120
f 3120 3215 3216
f 3120 3216 3121
f 3121 3216 3217
f 3121 3217 3122
f 3122 3217 3218
f 3122 3218 3123
f 3123 3218 3219
f 3123 3219 3124
f 3124 3219 3220
f 3124 3220 3125
f 3125 3220 3221
f 3125 3221 3126
f 3126 3221 3222
f 3126 3222 3127
f 3127 3222 3223
f 3127 3223 3128
f 3128 3223 3224
f 3128 3224 3129
f 3129 3224 3225
f 3129 3225 3130
f 3130 3225 3226
f 3130 3226 3131
f 3131 3226 3227
f 3131 3227 3132
f 3132 3227 3228
f 3132 3228 3133
f 3133 3228 3229
f 3133 3229 3134
f 3134 3229 3230
f 3134 3230 3135
f 3135 3230 3231
f 3135 3231 3136
f 3136 3231 3232
f 3136 3232 3137
f 3137 3232 3233
f 3137 3233 3138
f 3138 3233 3234
f 3138 3234 3139
f 3139 3234 3235
f 3139 3235 3140
f 3140 3235 3236
f 3140 3236 3141
f 3141 3236 3237
f 3141 3237 3142
f 3142 3237 3238
f 3142 3238 3143
f 3143 3238 3239
f 3143 3239 3144
f 3144 3239 3240
f 3144 3240 3145
f 3145 3240 3241
f 3145 3241 3146
f 3146 3241 3242
f 3146 3242 3147
f 3147 3242 3243
f 3147 3243 3148
f 3148 3243 3244
f 3148 3244 3149
f 3149 3244 3245
f 3149 3245 3150
f 3150 3245 3246
f 3150 3246 3151
f 3151 3246 3247
f 3151 3247 3152
f 3152 3247 3248
f 3152 3248 3153
f 3153 3248 3249
f 3153 3249 3154
f 3154 3249 3250
f 3154 3250 3155
f 3155 3250 3251
f 3155 3251 3156
f 3156 3251 3252
f 3156 3252 3157
f 3157 3252 3253
f 3157 3253 3158
f 3158 3253 3254
f 3158 3254 3159
f 3159 3254 3255
f 3159 3255 3160
f 3160 3255 3256
f 3160 3256 3161
f 3161 3256 3257
f 3161 3257 3162
f 3162 3257 3258
f 3162 3258 3163
f 3163 3258 3259
f 3163 3259 3164
f 3164 3259 3260
f 3164 3260 3165
f 3165 3260 3261
f 3165 3261 3166
f 3166 3261 3262
f 3166 3262 3167
f 3167 3262 3263
f 3167 3263 3168
f 3168 3263 3264
f 3168 3264 3169
f 3169 3264 3265
f 3169 3265 3170
f 3170 3265 3266
f 3170 3266 3075
f 3075 3266 3171
f 3171 3267 3172
f 3172 3267 3268
f 3172 3268 3173
f 3173 3268 3269
f 3173 3269 3174
f 3174 3269 3270
f 3174 3270 3175
f 3175 3270 3271
f 3175 3271 3176
f 3176 3271 3272
f 3176 3272 3177
f 3177 3272 3273
f 3177 3273 3178
f 3178 3273 3274
f 3178 3274 3179
f 3179 3274 3275
f 3179 3275 3180
f 3180 3275 3276
f 3180 3276 3181
f 3181 3276 3277
f 3181 3277 3182
f 3182 3277 3278
f 3182 3278 3183
f 3183 3278 3279
f 3183 3279 3184
f 3184 3279 3280
f 3184 3280 3185
f 3185 3280 3281
f 3185 3281 3186
f 3186 3281 3282
f 3186 3282 3187
f 3187 3282 3283
f 3187 3283 3188
f 3188 3283 3284
f 3188 3284 3189
f 3189 3284 3285
f 3189 3285 3190
f 3190 3285 3286
f 3190 3286 3191
f 3191 3286 3287
f 3191 3287 3192
f 3192 3287 3288
f 3192 3288 3193
f 3193 3288 3289
f 3193 3289 3194
f 3194 3289 3290
f 3194 3290 3195
f 3195 3290 3291
f 3195 3291 3196
f 3196 3291 3292
f 3196 3292 3197
f 3197 3292 3293
f 3197 3293 3198
f 3198 3293 3294
f 3198 3294 3199
f 3199 3294 3295
f 3199 3295 3200
f 3200 3295 3296
f 3200 3296 3201
f 3201 3296 3297
f 3201 3297 3202
f 3202 3297 3298
f 3202 3298 3203
f 3203 3298 3299
f 3203 3299 3204
f 3204 3299 3300
f 3204 3300 3205
f 3205 3300 3301
f 3205 3301 3206
f 3206 3301 3302
f 3206 3302 3207
f 3207 3302 3303
f 3207 3303 3208
f 3208 3303 3304
f 3208 3304 3209
f 3209 3304 3305
f 3209 3305 3210
f 3210 3305 3306
f 3210 3306 3211
f 3211 3306 3307
f 3211 3307 3212
f 3212 3307 3308
f 3212 3308 3213
f 3213 3308 3309
f 3213 3309 3214
f 3214 3309 3310
f 3214 3310 3215
f 3215 3310 3311
f 3215 3311 3216
f 3216 3311 3312
f 3216 3312 3217
f 3217 3312 3313
f 3217 3313 3218
f 3218 3313 3314
f 3218 3314 3219
f 3219 3314 3315
f 3219 3315 3220
f 3220 3315 3316
f 3220 3316 3221
f 3221 3316 3317
f 3221 3317 3222
f 3222 3317 3318
f 3222 3318 3223
f 3223 3318 3319
f 3223 3319 3224
f 3224 3319 3320
f 3224 3320 3225
f 3225 3320 3321
f 3225 3321 3226
f 3226 3321 3322
f 3226 3322 3227
f 3227 3322 3323
f 3227 3323 3228
f 3228 3323 3324
f 3228 3324 3229
f 3229 3324 3325
f 3229 3325 3230
f 3230 3325 3326
f 3230 3326 3231
f 3231 3326 3327
f 3231 3327 3232
f 3232 3327 3328
f 3232 3328 3233
f 3233 3328 3329
f 3233 3329 3234
f 3234 3329 3330
f 3234 3330 3235
f 3235 3330 3331
f 3235 3331 3236
f 3236 3331 3332
f 3236 3332 3237
f 3237 3332 3333
f 3237 3333 3238
f 3238 3333 3334
f 3238 3334 3239
f 3239 3334 3335
f 3239 3335 3240
f 3240 3335 3336
f 3240 3336 3241
f 3241 3336 3337
f 3241 3337 3242
f 3242 3337 3338
f 3242 3338 3243
f 3243 3338 3339
f 3243 3339 3244
f 3244 3339 3340
f 3244 3340 3245
f 3245 3340 3341
f 3245 3341 3246
f 3246 3341 3342
f 3246 3342 3247
f 3247 3342 3343
f 3247 3343 3248
f 3248 3343 3344
f 3248 3344 3249
f 3249 3344 3345
f 3249 3345 3250
f 3250 3345 3346
f 3250 3346 3251
f 3251 3346 3347
f 3251 3347 3252
f 3252 3347 3348
f 3252 3348 3253
f 3253 3348 3349
f 3253 3349 3254
f 3254 3349 3350
f 3254 3350 3255
f 3255 3350 3351
f 3255 3351 3256
f 3256 3351 3352
f 3256 3352 3257
f 3257 3352 3353
f 3257 3353 3258
f 3258 3353 3354
f 3258 3354 3259
f 3259 3354 3355
f 3259 3355 3260
f 3260 3355 3356
f 3260 3356 3261
f 3261 3356 3357
f 3261 3357 3262
f 3262 3357 3358
f 3262 3358 3263
f 3263 3358 3359
f 3263 3359 3264
f 3264 3359 3360
f 3264 3360 3265
f 3265 3360 3361
f 3265 3361 3266
f 3266 3361 3362
f 3266 3362 3171
f 3171 3362 3267
f 3267 3363 3268
f 3268 3363 3364
f 3268 3364 3269
f 3269 3364 3365
f 3269 3365 3270
f 3270 3365 3366
f 3270 3366 3271
f 3271 3366 3367
f 3271 3367 3272
f 3272 3367 3368
f 3272 3368 3273
f 3273 3368 3369
f 3273 3369 3274
f 3274 3369 3370
f 3274 3370 3275
f 3275 3370 3371
f 3275 3371 3276
f 3276 3371 3372
f 3276 3372 3277
f 3277 3372 3373
f 3277 3373 3278
f 3278 3373 3374
f 3278 3374 3279
f 3279 3374 3375
f 3279 3375 3280
f 3280 3375 3376
f 3280 3376 3281
f 3281 3376 3377
f 3281 3377 3282
f 3282 3377 3378
f 3282 3378 3283
f 3283 3378 3379
f 3283 3379 3284
f 3284 3379 3380
f 3284 3380 3285
f 3285 3380 3381
f 3285 3381 3286
f 3286 3381 3382
f 3286 3382 3287
f 3287 3382 3383
f 3287 3383 3288
f 3288 3383 3384
f 3288 3384 3289
f 3289 3384 3385
f 3289 3385 3290
f 3290 3385 3386
f 3290 3386 3291
f 3291 3386 3387
f 3291 3387 3292
f 3292 3387 3388
f 3292 3388 3293
f 3293 3388 3389
f 3293 3389 3294
f 3294 3389 3390
f 3294 3390 3295
f 3295 3390 3391
f 3295 3391 3296
f 3296 3391 3392
f 3296 3392 3297
f 3297 3392 3393
f 3297 3393 3298
f 3298 3393 3394
f 3298 3394 3299
f 3299 3394 3395
f 3299 3395 3300
f 3300 3395 3396
f 3300 3396 3301
f 3301 3396 3397
f 3301 3397 3302
f 3302 3397 3398
f 3302 3398 3303
f 3303 3398 3399
f 3303 3399 3304
f 3304 3399 3400
f 3304 3400 3305
f 3305 3400 3401
f 3305 3401 3306
f 3306 3401 3402
f 3306 3402 3307
f 3307 3402 3403
f 3307 3403 3308
f 3308 3403 3404
f 3308 3404 3309
f 3309 3404 3405
f 3309 3405 3310
f 3310 3405 3406
f 3310 3406 3311
f 3311 3406 3407
f 3311 3407 3312
f 3312 3407 3408
f 3312 3408 3313
f 3313 3408 3409
f 3313 3409 3314
f 3314 3409 3410
f 3314 3410 3315
f 3315 3410 3411
f 3315 3411 3316
f 3316 3411 3412
f 3316 3412 3317
f 3317 3412 3413
f 3317 3413 3318
f 3318 3413 3414
f 3318 3414 3319
f 3319 3414 3415
f 3319 3415 3320
f 3320 3415 3416
f 3320 3416 3321
f 3321 3416 3417
f 3321 3417 3322
f 3322 3417 3418
f 3322 3418 3323
f 3323 3418 3419
f 3323 3419 3324
f 3324 3419 3420
f 3324 3420 3325
f 3325 3420 3421
f 3325 3421 3326
f 3326 3421 3422
f 3326 3422 3327
f 3327 3422 3423
f 3327 3423 3328
f 3328 3423 3424
f 3328 3424 3329
f 3329 3424 3425
f 3329 3425 3330
f 3330 3425 3426
f 3330 3426 3331
f 3331 3426 3427
f 3331 3427 3332
f 3332 3427 3428
f 3332 3428 3333
f 3333 3428 3429
f 3333 3429 3334
f 3334 3429 3430
f 3334 3430 3335
f 3335 3430 3431
f 3335 3431 3336
f 3336 3431 3432
f 3336 3432 3337
f 3337 3432 3433
f 3337 3433 3338
f 3338 3433 3434
f 3338 3434 3339
f 3339 3434 3435
f 3339 3435 3340
f 3340 3435 3436
f 3340 3436 3341
f 3341 3436 3437
f 3341 3437 3342
f 3342 3437 3438
f 3342 3438 3343
f 3343 3438 3439
f 3343 3439 3344
f 3344 3439 3440
f 3344 3440 3345
f 3345 3440 3441
f 3345 3441 3346
f 3346 3441 3442
f 3346 3442 3347
f 3347 3442 3443
f 3347 3443 3348
f 3348 3443 3444
f 3348 3444 3349
f 3349 3444 3445
f 3349 3445 3350
f 3350 3445 3446
f 3350 3446 3351
f 3351 3446 3447
f 3351 3447 3352
f 3352 3447 3448
f 3352 3448 3353
f 3353 3448 3449
f 3353 3449 3354
f 3354 3449 3450
f 3354 3450 3355
f 3355 3450 3451
f 3355 3451 3356
f 3356 3451 3452
f 3356 3452 3357
f 3357 3452 3453
f 3357 3453 3358
f 3358 3453 3454
f 3358 3454 3359
f 3359 3454 3455
f 3359 3455 3360
f 3360 3455 3456
f 3360 3456 3361
f 3361 3456 3457
f 3361 3457 3362
f 3362 3457 3458
f 3362 3458 3267
f 3267 3458 3363
f 3363 3459 3364
f 3364 3459 3460
f 3364 3460 3365
f 3365 3460 3461
f 3365 3461 3366
f 3366 3461 3462
f 3366 3462 3367
f 3367 3462 3463
f 3367 3463 3368
f 3368 3463 3464
f 3368 3464 3369
f 3369 3464 3465
f 3369 3465 3370
f 3370 3465 3466
f 3370 3466 3371
f 3371 3466 3467
f 3371 3467 3372
f 3372 3467 3468
f 3372 3468 3373
f 3373 3468 3469
f 3373 3469 3374
f 3374 3469 3470
f 3374 3470 3375
f 3375 3470 3471
f 3375 3471 3376
f 3376 3471 3472
f 3376 3472 3377
f 3377 3472 3473
f 3377 3473 3378
f 3378 3473 3474
f 3378 3474 3379
f 3379 3474 3475
f 3379 3475 3380
f 3380 3475 3476
f 3380 3476 3381
f 3381 3476 3477
f 3381 3477 3382
f 3382 3477 3478
f 3382 3478 3383
f 3383 3478 3479
f 3383 3479 3384
f 3384 3479 3480
f 3384 3480 3385
f 3385 3480 3481
f 3385 3481 3386
f 3386 3481 3482
f 3386 3482 3387
f 3387 3482 3483
f 3387 3483 3388
f 3388 3483 3484
f 3388 3484 3389
f 3389 3484 3485
f 3389 3485 3390
f 3390 3485 3486
f 3390 3486 3391
f 3391 3486 3487
f 3391 3487 3392
f 3392 3487 3488
f 3392 3488 3393
f 3393 3488 3489
f 3393 3489 3394
f 3394 3489 3490
f 3394 3490 3395
f 3395 3490 3491
f 3395 3491 3396
f 3396 3491 3492
f 3396 3492 3397
f 3397 3492 3493
f 3397 3493 3398
f 3398 3493 3494
f 3398 3494 3399
f 3399 3494 3495
f 3399 3495 3400
f 3400 3495 3496
f 3400 3496 3401
f 3401 3496 3497
f 3401 3497 3402
f 3402 3497 3498
f 3402 3498 3403
f 3403 3498 3499
f 3403 3499 3404
f 3404 3499 3500
f 3404 3500 3405
f 3405 3500 3501
f 3405 3501 3406
f 3406 3501 3502
f 3406 3502 3407
f 3407 3502 3503
f 3407 3503 3408
f 3408 3503 3504
f 3408 3504 3409
f 3409 3504 3505
f 3409 3505 3410
f 3410 3505 3506
f 3410 3506 3411
f 3411 3506 3507
f 3411 3507 3412
f 3412 3507 3508
f 3412 3508 3413
f 3413 3508 3509
f 3413 3509 3414
f 3414 3509 3510
f 3414 3510 3415
f 3415 3510 3511
f 3415 3511 3416
f 3416 3511 3512
f 3416 3512 3417
f 3417 3512 3513
f 3417 3513 3418
f 3418 3513 3514
f 3418 3514 3419
f 3419 3514 3515
f 3419 3515 3420
f 3420 3515 3516
f 3420 3516 3421
f 3421 3516 3517
f 3421 3517 3422
f 3422 3517 3518
f 3422 3518 3423
f 3423 3518 3519
f 3423 3519 3424
f 3424 3519 3520
f 3424 3520 3425
f 3425 3520 3521
f 3425 3521 3426
f 3426 3521 3522
f 3426 3522 3427
f 3427 3522 3523
f 3427 3523 3428
f 3428 3523 3524
f 3428 3524 3429
f 3429 3524 3525
f 3429 3525 3430
f 3430 3525 3526
f 3430 3526 3431
f 3431 3526 3527
f 3431 3527 3432
f 3432 3527 3528
f 3432 3528 3433
f 3433 3528 3529
f 3433 3529 3434
f 3434 3529 3530
f 3434 3530 3435
f 3435 3530 3531
f 3435 3531 3436
f 3436 3531 3532
f 3436 3532 3437
f 3437 3532 3533
f 3437 3533 3438
f 3438 3533 3534
f 3438 3534 3439
f 3439 3534 3535
f 3439 3535 3440
f 3440 3535 3536
f 3440 3536 3441
f 3441 3536 3537
f 3441 3537 3442
f 3442 3537 3538
f 3442 3538 3443
f 3443 3538 3539
f 3443 3539 3444
f 3444 3539 3540
f 3444 3540 3445
f 3445 3540 3541
f 3445 3541 3446
f 3446 3541 3542
f 3446 3542 3447
f 3447 3542 3543
f 3447 3543 3448
f 3448 3543 3544
f 3448 3544 3449
f 3449 3544 3545
f 3449 3545 3450
f 3450 3545 3546
f 3450 3546 3451
f 3451 3546 3547
f 3451 3547 3452
f 3452 3547 3548
f 3452 3548 3453
f 3453 3548 3549
f 3453 3549 3454
f 3454 3549 3550
f 3454 3550 3455
f 3455 3550 3551
f 3455 3551 3456
f 3456 3551 3552
f 3456 3552 3457
f 3457 3552 3553
f 3457 3553 3458
f 3458 3553 3554
f 3458 3554 3363
f 3363 3554 3459
f 3459 3555 3460
f 3460 3555 3556
f 3460 3556 3461
f 3461 3556 3557
f 3461 3557 3462
f 3462 3557 3558
f 3462 3558 3463
f 3463 3558 3559
f 3463 3559 3464
f 3464 3559 3560
f 3464 3560 3465
f 3465 3560 3561
f 3465 3561 3466
f 3466 3561 3562
f 3466 3562 3467
f 3467 3562 3563
f 3467 3563 3468
f 3468 3563 3564
f 3468 3564 3469
f 3469 3564 3565
f 3469 3565 3470
f 3470 3565 3566
f 3470 3566 3471
f 3471 3566 3567
f 3471 3567 3472
f 3472 3567 3568
f 3472 3568 3473
f 3473 3568 3569
f 3473 3569 3474
f 3474 3569 3570
f 3474 3570 3475
f 3475 3570 3571
f 3475 3571 3476
f 3476 3571 3572
f 3476 3572 3477
f 3477 3572 3573
f 3477 3573 3478
f 3478 3573 3574
f 3478 3574 3479
f 3479 3574 3575
f 3479 3575 3480
f 3480 3575 3576
f 3480 3576 3481
f 3481 3576 3577
f 3481 3577 3482
f 3482 3577 3578
f 3482 3578 3483
f 3483 3578 3579
f 3483 3579 3484
f 3484 3579 3580
f 3484 3580 3485
f 3485 3580 3581
f 3485 3581 3486
f 3486 3581 3582
f 3486 3582 3487
f 3487 3582 3583
f 3487 3583 3488
f 3488 3583 3584
f 3488 3584 3489
f 3489 3584 3585
f 3489 3585 3490
f 3490 3585 3586
f 3490 3586 3491
f 3491 3586 3587
f 3491 3587 3492
f 3492 3587 3588
f 3492 3588 3493
f 3493 3588 3589
f 3493 3589 3494
f 3494 3589 3590
f 3494 3590 3495
f 3495 3590 3591
f 3495 3591 3496
f 3496 3591 3592
f 3496 3592 3497
f 3497 3592 3593
f 3497 3593 3498
f 3498 3593 3594
f 3498 3594 3499
f 3499 3594 3595
f 3499 3595 3500
f 3500 3595 3596
f 3500 3596 3501
f 3501 3596 3597
f 3501 3597 3502
f 3502 3597 3598
f 3502 3598 3503
f 3503 3598 3599
f 3503 3599 3504
f 3504 3599 3600
f 3504 3600 3505
f 3505 3600 3601
f 3505 3601 3506
f 3506 3601 3602
f 3506 3602 3507
f 3507 3602 3603
f 3507 3603 3508
f 3508 3603 3604
f 3508 3604 3509
f 3509 3604 3605
f 3509 3605 3510
f 3510 3605 3606
f 3510 3606 3511
f 3511 3606 3607
f 3511 3607 3512
f 3512 3607 3608
f 3512 3608 3513
f 3513 3608 3609
f 3513 3609 3514
f 3514 3609 3610
f 3514 3610 3515
f 3515 3610 3611
f 3515 3611 3516
f 3516 3611 3612
f 3516 3612 3517
f 3517 3612 3613
f 3517 3613 3518
f 3518 3613 3614
f 3518 3614 3519
f 3519 3614 3615
f 3519 3615 3520
f 3520 3615 3616
f 3520 3616 3521
f 3521 3616 3617
f 3521 3617 3522
f 3522 3617 3618
f 3522 3618 3523
f 3523 3618 3619
f 3523 3619 3524
f 3524 3619 3620
f 3524 3620 3525
f 3525 3620 3621
f 3525 3621 3526
f 3526 3621 3622
f 3526 3622 3527
f 3527 3622 3623
f 3527 3623 3528
f 3528 3623 3624
f 3528 3624 3529
f 3529 3624 3625
f 3529 3625 3530
f 3530 3625 3626
f 3530 3626 3531
f 3531 3626 3627
f 3531 3627 3532
f 3532 3627 3628
f 3532 3628 3533
f 3533 3628 3629
f 3533 3629 3534
f 3534 3629 3630
f 3534 3630 3535
f 3535 3630 3631
f 3535 3631 3536
f 3536 3631 3632
f 3536 3632 3537
f 3537 3632 3633
f 3537 3633 3538
f 3538 3633 3634
f 3538 3634 3539
f 3539 3634 3635
f 3539 3635 3540
f 3540 3635 3636
f 3540 3636 3541
f 3541 3636 3637
f 3541 3637 3542
f 3542 3637 3638
f 3542 3638 3543
f 3543 3638 3639
f 3543 3639 3544
f 3544 3639 3640
f 3544 3640 3545
f 3545 3640 3641
f 3545 3641 3546
f 3546 3641 3642
f 3546 3642 3547
f 3547 3642 3643
f 3547 3643 3548
f 3548 3643 3644
f 3548 3644 3549
f 3549 3644 3645
f 3549 3645 3550
f 3550 3645 3646
f 3550 3646 3551
f 3551 3646 3647
f 3551 3647 3552
f 3552 3647 3648
f 3552 3648 3553
f 3553 3648 3649
f 3553 3649 3554
f 3554 3649 3650
f 3554 3650 3459
f 3459 3650 3555
f 3555 3651 3556
f 3556 3651 3652
f 3556 3652 3557
f 3557 3652 3653
f 3557 3653 3558
f 3558 3653 3654
f 3558 3654 3559
f 3559 3654 3655
f 3559 3655 3560
f 3560 3655 3656
f 3560 3656 3561
f 3561 3656 3657
f 3561 3657 3562
f 3562 3657 3658
f 3562 3658 3563
f 3563 3658 3659
f 3563 3659 3564
f 3564 3659 3660
f 3564 3660 3565
f 3565 3660 3661
f 3565 3661 3566
f 3566 3661 3662
f 3566 3662 3567
f 3567 3662 3663
f 3567 3663 3568
f 3568 3663 3664
f 3568 3664 3569
f 3569 3664 3665
f 3569 3665 3570
f 3570 3665 3666
f 3570 3666 3571
f 3571 3666 3667
f 3571 3667 3572
f 3572 3667 3668
f 3572 3668 3573
f 3573 3668 3669
f 3573 3669 3574
f 3574 3669 3670
f 3574 3670 3575
f 3575 3670 3671
f 3575 3671 3576
f 3576 3671 3672
f 3576 3672 3577
f 3577 3672 3673
f 3577 3673 3578
f 3578 3673 3674
f 3578 3674 3579
f 3579 3674 3675
f 3579 3675 3580
f 3580 3675 3676
f 3580 3676 3581
f 3581 3676 3677
f 3581 3677 3582
f 3582 3677 3678
f 3582 3678 3583
f 3583 3678 3679
f 3583 3679 3584
f 3584 3679 3680
f 3584 3680 3585
f 3585 3680 3681
f 3585 3681 3586
f 3586 3681 3682
f 3586 3682 3587
f 3587 3682 3683
f 3587 3683 3588
f 3588 3683 3684
f 3588 3684 3589
f 3589 3684 3685
f 3589 3685 3590
f 3590 3685 3686
f 3590 3686 3591
f 3591 3686 3687
f 3591 3687 3592
f 3592 3687 3688
f 3592 3688 3593
f 3593 3688 3689
f 3593 3689 3594
f 3594 3689 3690
f 3594 3690 3595
f 3595 3690 3691
f 3595 3691 3596
f 3596 3691 3692
f 3596 3692 3597
f 3597 3692 3693
f 3597 3693 3598
f 3598 3693 3694
f 3598 3694 3599
f 3599 3694 3695
f 3599 3695 3600
f 3600 3695 3696
f 3600 3696 3601
f 3601 3696 3697
f 3601 3697 3602
f 3602 3697 3698
f 3602 3698 3603
f 3603 3698 3699
f 3603 3699 3604
f 3604 3699 3700
f 3604 3700 3605
f 3605 3700 3701
f 3605 3701 3606
f 3606 3701 3702
f 3606 3702 3607
f 3607 3702 3703
f 3607 3703 3608
f 3608 3703 3704
f 3608 3704 3609
f 3609 3704 3705
f 3609 3705 3610
f 3610 3705 3706
f 3610 3706 3611
f 3611 3706 3707
f 3611 3707 3612
f 3612 3707 3708
f 3612 3708 3613
f 3613 3708 3709
f 3613 3709 3614
f 3614 3709 3710
f 3614 3710 3615
f 3615 3710 3711
f 3615 3711 3616
f 3616 3711 3712
f 3616 3712 3617
f 3617 3712 3713
f 3617 3713 3618
f 3618 3713 3714
f 3618 3714 3619
f 3619 3714 3715
f 3619 3715 3620
f 3620 3715 3716
f 3620 3716 3621
f 3621 3716 3717
f 3621 3717 3622
f 3622 3717 3718
f 3622 3718 3623
f 3623 3718 3719
f 3623 3719 3624
f 3624 3719 3720
f 3624 3720 3625
f 3625 3720 3721
f 3625 3721 3626
f 3626 3721 3722
f 3626 3722 3627
f 3627 3722 3723
f 3627 3723 3628
f 3628 3723 3724
f 3628 3724 3629
f 3629 3724 3725
f 3629 3725 3630
f 3630 3725 3726
f 3630 3726 3631
f 3631 3726 3727
f 3631 3727 3632
f 3632 3727 3728
f 3632 3728 3633
f 3633 3728 3729
f 3633 3729 3634
f 3634 3729 3730
f 3634 3730 3635
f 3635 3730 3731
f 3635 3731 3636
f 3636 3731 3732
f 3636 3732 3637
f 3637 3732 3733
f 3637 3733 3638
f 3638 3733 3734
f 3638 3734 3639
f 3639 3734 3735
f 3639 3735 3640
f 3640 3735 3736
f 3640 3736 3641
f 3641 3736 3737
f 3641 3737 3642
f 3642 3737 3738
f 3642 3738 3643
f 3643 3738 3739
f 3643 3739 3644
f 3644 3739 3740
f 3644 3740 3645
f 3645 3740 3741
f 3645 3741 3646
f 3646 3741 3742
f 3646 3742 3647
f 3647 3742 3743
f 3647 3743 3648
f 3648 3743 3744
f 3648 3744 3649
f 3649 3744 3745
f 3649 3745 3650
f 3650 3745 3746
f 3650 3746 3555
f 3555 3746 3651
f 3651 3747 3652
f 3652 3747 3748
f 3652 3748 3653
f 3653 3748 3749
f 3653 3749 3654
f 3654 3749 3750
f 3654 3750 3655
f 3655 3750 3751
f 3655 3751 3656
f 3656 3751 3752
f 3656 3752 3657
f 3657 3752 3753
f 3657 3753 3658
f 3658 3753 3754
f 3658 3754 3659
f 3659 3754 3755
f 3659 3755 3660
f 3660 3755 3756
f 3660 3756 3661
f 3661 3756 3757
f 3661 3757 3662
f 3662 3757 3758
f 3662 3758 3663
f 3663 3758 3759
f 3663 3759 3664
f 3664 3759 3760
f 3664 3760 3665
f 3665 3760 3761
f 3665 3761 3666
f 3666 3761 3762
f 3666 3762 3667
f 3667 3762 3763
f 3667 3763 3668
f 3668 3763 3764
f 3668 3764 3669
f 3669 3764 3765
f 3669 3765 3670
f 3670 3765 3766
f 3670 3766 3671
f 3671 3766 3767
f 3671 3767 3672
f 3672 3767 3768
f 3672 3768 3673
f 3673 3768 3769
f 3673 3769 3674
f 3674 3769 3770
f 3674 3770 3675
f 3675 3770 3771
f 3675 3771 3676
f 3676 3771 3772
f 3676 3772 3677
f 3677 3772 3773
f 3677 3773 3678
f 3678 3773 3774
f 3678 3774 3679
f 3679 3774 3775
f 3679 3775 3680
f 3680 3775 3776
f 3680 3776 3681
f 3681 3776 3777
f 3681 3777 3682
f 3682 3777 3778
f 3682 3778 3683
f 3683 3778 3779
f 3683 3779 3684
f 3684 3779 3780
f 3684 3780 3685
f 3685 3780 3781
f 3685 3781 3686
f 3686 3781 3782
f 3686 3782 3687
f 3687 3782 3783
f 3687 3783 3688
f 3688 3783 3784
f 3688 3784 3689
f 3689 3784 3785
f 3689 3785 3690
f 3690 3785 3786
f 3690 3786 3691
f 3691 3786 3787
f 3691 3787 3692
f 3692 3787 3788
f 3692 3788 3693
f 3693 3788 3789
f 3693 3789 3694
f 3694 3789 3790
f 3694 3790 3695
f 3695 3790 3791
f 3695 3791 3696
f 3696 3791 3792
f 3696 3792 3697
f 3697 3792 3793
f 3697 3793 3698
f 3698 3793 3794
f 3698 3794 3699
f 3699 3794 3795
f 3699 3795 3700
f 3700 3795 3796
f 3700 3796 3701
f 3701 3796 3797
f 3701 3797 3702
f 3702 3797 3798
f 3702 3798 3703
f 3703 3798 3799
f 3703 3799 3704
f 3704 3799 3800
f 3704 3800 3705
f 3705 3800 3801
f 3705 3801 3706
f 3706 3801 3802
f 3706 3802 3707
f 3707 3802 3803
f 3707 3803 3708
f 3708 3803 3804
f 3708 3804 3709
f 3709 3804 3805
f 3709 3805 3710
f 3710 3805 3806
f 3710 3806 3711
f 3711 3806 3807
f 3711 3807 3712
f 3712 3807 3808
f 3712 3808 3713
f 3713 3808 3809
f 3713 3809 3714
f 3714 3809 3810
f 3714 3810 3715
f 3715 3810 3811
f 3715 3811 3716
f 3716 3811 3812
f 3716 3812 3717
f 3717 3812 3813
f 3717 3813 3718
f 3718 3813 3814
f 3718 3814 3719
f 3719 3814 3815
f 3719 3815 3720
f 3720 3815 3816
f 3720 3816 3721
f 3721 3816 3817
f 3721 3817 3722
f 3722 3817 3818
f 3722 3818 3723
f 3723 3818 3819
f 3723 3819 3724
f 3724 3819 3820
f 3724 3820 3725
f 3725 3820 3821
f 3725 3821 3726
f 3726 3821 3822
f 3726 3822 3727
f 3727 3822 3823
f 3727 3823 3728
f 3728 3823 3824
f 3728 3824 3729
f 3729 3824 3825
f 3729 3825 3730
f 3730 3825 3826
f 3730 3826 3731
f 3731 3826 3827
f 3731 3827 3732
f 3732 3827 3828
f 3732 3828 3733
f 3733 3828 3829
f 3733 3829 3734
f 3734 3829 3830
f 3734 3830 3735
f 3735 3830 3831
f 3735 3831 3736
f 3736 3831 3832
f 3736 3832 3737
f 3737 3832 3833
f 3737 3833 3738
f 3738 3833 3834
f 3738 3834 3739
f 3739 3834 3835
f 3739 3835 3740
f 3740 3835 3836
f 3740 3836 3741
f 3741 3836 3837
f 3741 3837 3742
f 3742 3837 3838
f 3742 3838 3743
f 3743 3838 3839
f 3743 3839 3744
f 3744 3839 3840
f 3744 3840 3745
f 3745 3840 3841
f 3745 3841 3746
f 3746 3841 3842
f 3746 3842 3651
f 3651 3842 3747
f 3747 3843 3748
f 3748 3843 3844
f 3748 3844 3749
f 3749 3844 3845
f 3749 3845 3750
f 3750 3845 3846
f 3750 3846 3751
f 3751 3846 3847
f 3751 3847 3752
f 3752 3847 3848
f 3752 3848 3753
f 3753 3848 3849
f 3753 3849 3754
f 3754 3849 3850
f 3754 3850 3755
f 3755 3850 3851
f 3755 3851 3756
f 3756 3851 3852
f 3756 3852 3757
f 3757 3852 3853
f 3757 3853 3758
f 3758 3853 3854
f 3758 3854 3759
f 3759 3854 3855
f 3759 3855 3760
f 3760 3855 3856
f 3760 3856 3761
f 3761 3856 3857
f 3761 3857 3762
f 3762 3857 3858
f 3762 3858 3763
f 3763 3858 3859
f 3763 3859 3764
f 3764 3859 3860
f 3764 3860 3765
f 3765 3860 3861
f 3765 3861 3766
f 3766 3861 3862
f 3766 3862 3767
f 3767 3862 3863
f 3767 3863 3768
f 3768 3863 3864
f 3768 3864 3769
f 3769 3864 3865
f 3769 3865 3770
f 3770 3865 3866
f 3770 3866 3771
f 3771 3866 3867
f 3771 3867 3772
f 3772 3867 3868
f 3772 3868 3773
f 3773 3868 3869
f 3773 3869 3774
f 3774 3869 3870
f 3774 3870 3775
f 3775 3870 3871
f 3775 3871 3776
f 3776 3871 3872
f 3776 3872 3777
f 3777 3872 3873
f 3777 3873 3778
f 3778 3873 3874
f 3778 3874 3779
f 3779 3874 3875
f 3779 3875 3780
f 3780 3875 3876
f 3780 3876 3781
f 3781 3876 3877
f 3781 3877 3782
f 3782 3877 3878
f 3782 3878 3783
f 3783 3878 3879
f 3783 3879 3784
f 3784 3879 3880
f 3784 3880 3785
f 3785 3880 3881
f 3785 3881 3786
f 3786 3881 3882
f 3786 3882 3787
f 3787 3882 3883
f 3787 3883 3788
f 3788 3883 3884
f 3788 3884 3789
f 3789 3884 3885
f 3789 3885 3790
f 3790 3885 3886
f 3790 3886 3791
f 3791 3886 3887
f 3791 3887 3792
f 3792 3887 3888
f 3792 3888 3793
f 3793 3888 3889
f 3793 3889 3794
f 3794 3889 3890
f 3794 3890 3795
f 3795 3890 3891
f 3795 3891 3796
f 3796 3891 3892
f 3796 3892 3797
f 3797 3892 3893
f 3797 3893 3798
f 3798 3893 3894
f 3798 3894 3799
f 3799 3894 3895
f 3799 3895 3800
f 3800 3895 3896
f 3800 3896 3801
f 3801 3896 3897
f 3801 3897 3802
f 3802 3897 3898
f 3802 3898 3803
f 3803 3898 3899
f 3803 3899 3804
f 3804 3899 3900
f 3804 3900 3805
f 3805 3900 3901
f 3805 3901 3806
f 3806 3901 3902
f 3806 3902 3807
f 3807 3902 3903
f 3807 3903 3808
f 3808 3903 3904
f 3808 3904 3809
f 3809 3904 3905
f 3809 3905 3810
f 3810 3905 3906
f 3810 3906 3811
f 3811 3906 3907
f 3811 3907 3812
f 3812 3907 3908
f 3812 3908 3813
f 3813 3908 3909
f 3813 3909 3814
f 3814 3909 3910
f 3814 3910 3815
f 3815 3910 3911
f 3815 3911 3816
f 3816 3911 3912
f 3816 3912 3817
f 3817 3912 3913
f 3817 3913 3818
f 3818 3913 3914
f 3818 3914 3819
f 3819 3914 3915
f 3819 3915 3820
f 3820 3915 3916
f 3820 3916 3821
f 3821 3916 3917
f 3821 3917 3822
f 3822 3917 3918
f 3822 3918 3823
f 3823 3918 3919
f 3823 3919 3824
f 3824 3919 3920
f 3824 3920 3825
f 3825 3920 3921
f 3825 3921 3826
f 3826 3921 3922
f 3826 3922 3827
f 3827 3922 3923
f 3827 3923 3828
f 3828 3923 3924
f 3828 3924 3829
f 3829 3924 3925
f 3829 3925 3830
f 3830 3925 3926
f 3830 3926 3831
f 3831 3926 3927
f 3831 3927 3832
f 3832 3927 3928
f 3832 3928 3833
f 3833 3928 3929
f 3833 3929 3834
f 3834 3929 3930
f 3834 3930 3835
f 3835 3930 3931
f 3835 3931 3836
f 3836 3931 3932
f 3836 3932 3837
f 3837 3932 3933
f 3837 3933 3838
f 3838 3933 3934
f 3838 3934 3839
f 3839 3934 3935
f 3839 3935 3840
f 3840 3935 3936
f 3840 3936 3841
f 3841 3936 3937
f 3841 3937 3842
f 3842 3937 3938
f 3842 3938 3747
f 3747 3938 3843
f 3843 3939 3844
f 3844 3939 3940
f 3844 3940 3845
f 3845 3940 3941
f 3845 3941 3846
f 3846 3941 3942
f 3846 3942 3847
f 3847 3942 3943
f 3847 3943 3848
f 3848 3943 3944
f 3848 3944 3849
f 3849 3944 3945
f 3849 3945 3850
f 3850 3945 3946
f 3850 3946 3851
f 3851 3946 3947
f 3851 3947 3852
f 3852 3947 3948
f 3852 3948 3853
f 3853 3948 3949
f 3853 3949 3854
f 3854 3949 3950
f 3854 3950 3855
f 3855 3950 3951
f 3855 3951 3856
f 3856 3951 3952
f 3856 3952 3857
f 3857 3952 3953
f 3857 3953 3858
f 3858 3953 3954
f 3858 3954 3859
f 3859 3954 3955
f 3859 3955 3860
f 3860 3955 3956
f 3860 3956 3861
f 3861 3956 3957
f 3861 3957 3862
f 3862 3957 3958
f 3862 3958 3863
f 3863 3958 3959
f 3863 3959 3864
f 3864 3959 3960
f 3864 3960 3865
f 3865 3960 3961
f 3865 3961 3866
f 3866 3961 3962
f 3866 3962 3867
f 3867 3962 3963
f 3867 3963 3868
f 3868 3963 3964
f 3868 3964 3869
f 3869 3964 3965
f 3869 3965 3870
f 3870 3965 3966
f 3870 3966 3871
f 3871 3966 3967
f 3871 3967 3872
f 3872 3967 3968
f 3872 3968 3873
f 3873 3968 3969
f 3873 3969 3874
f 3874 3969 3970
f 3874 3970 3875
f 3875 3970 3971
f 3875 3971 3876
f 3876 3971 3972
f 3876 3972 3877
f 3877 3972 3973
f 3877 3973 3878
f 3878 3973 3974
f 3878 3974 3879
f 3879 3974 3975
f 3879 3975 3880
f 3880 3975 3976
f 3880 3976 3881
f 3881 3976 3977
f 3881 3977 3882
f 3882 3977 3978
f 3882 3978 3883
f 3883 3978 3979
f 3883 3979 3884
f 3884 3979 3980
f 3884 3980 3885
f 3885 3980 3981
f 3885 3981 3886
f 3886 3981 3982
f 3886 3982 3887
f 3887 3982 3983
f 3887 3983 3888
f 3888 3983 3984
f 3888 3984 3889
f 3889 3984 3985
f 3889 3985 3890
f 3890 3985 3986
f 3890 3986 3891
f 3891 3986 3987
f 3891 3987 3892
f 3892 3987 3988
f 3892 3988 3893
f 3893 3988 3989
f 3893 3989 3894
f 3894 3989 3990
f 3894 3990 3895
f 3895 3990 3991
f 3895 3991 3896
f 3896 3991 3992
f 3896 3992 3897
f 3897 3992 3993
f 3897 3993 3898
f 3898 3993 3994
f 3898 3994 3899
f 3899 3994 3995
f 3899 3995 3900
f 3900 3995 3996
f 3900 3996 3901
f 3901 3996 3997
f 3901 3997 3902
f 3902 3997 3998
f 3902 3998 3903
f 3903 3998 3999
f 3903 3999 3904
f 3904 3999 4000
f 3904 4000 3905
f 3905 4000 4001
f 3905 4001 3906
f 3906 4001 4002
f 3906 4002 3907
f 3907 4002 4003
f 3907 4003 3908
f 3908 4003 4004
f 3908 4004 3909
f 3909 4004 4005
f 3909 4005 3910
f 3910 4005 4006
f 3910 4006 3911
f 3911 4006 4007
f 3911 4007 3912
f 3912 4007 4008
f 3912 4008 3913
f 3913 4008 4009
f 3913 4009 3914
f 3914 4009 4010
f 3914 4010 3915
f 3915 4010 4011
f 3915 4011 3916
f 3916 4011 4012
f 3916 4012 3917
f 3917 4012 4013
f 3917 4013 3918
f 3918 4013 4014
f 3918 4014 3919
f 3919 4014 4015
f 3919 4015 3920
f 3920 4015 4016
f 3920 4016 3921
f 3921 4016 4017
f 3921 4017 3922
f 3922 4017 4018
f 3922 4018 3923
f 3923 4018 4019
f 3923 4019 3924
f 3924 4019 4020
f 3924 4020 3925
f 3925 4020 4021
f 3925 4021 3926
f 3926 4021 4022
f 3926 4022 3927
f 3927 4022 4023
f 3927 4023 3928
f 3928 4023 4024
f 3928 4024 3929
f 3929 4024 4025
f 3929 4025 3930
f 3930 4025 4026
f 3930 4026 3931
f 3931 4026 4027
f 3931 4027 3932
f 3932 4027 4028
f 3932 4028 3933
f 3933 4028 4029
f 3933 4029 3934
f 3934 4029 4030
f 3934 4030 3935
f 3935 4030 4031
f 3935 4031 3936
f 3936 4031 4032
f 3936 4032 3937
f 3937 4032 4033
f 3937 4033 3938
f 3938 4033 4034
f 3938 4034 3843
f 3843 4034 3939
f 3939 4035 3940
f 3940 4035 4036
f 3940 4036 3941
f 3941 4036 4037
f 3941 4037 3942
f 3942 4037 4038
f 3942 4038 3943
f 3943 4038 4039
f 3943 4039 3944
f 3944 4039 4040
f 3944 4040 3945
f 3945 4040 4041
f 3945 4041 3946
f 3946 4041 4042
f 3946 4042 3947
f 3947 4042 4043
f 3947 4043 3948
f 3948 4043 4044
f 3948 4044 3949
f 3949 4044 4045
f 3949 4045 3950
f 3950 4045 4046
f 3950 4046 3951
f 3951 4046 4047
f 3951 4047 3952
f 3952 4047 4048
f 3952 4048 3953
f 3953 4048 4049
f 3953 4049 3954
f 3954 4049 4050
f 3954 4050 3955
f 3955 4050 4051
f 3955 4051 3956
f 3956 4051 4052
f 3956 4052 3957
f 3957 4052 4053
f 3957 4053 3958
f 3958 4053 4054
f 3958 4054 3959
f 3959 4054 4055
f 3959 4055 3960
f 3960 4055 4056
f 3960 4056 3961
f 3961 4056 4057
f 3961 4057 3962
f 3962 4057 4058
f 3962 4058 3963
f 3963 4058 4059
f 3963 4059 3964
f 3964 4059 4060
f 3964 4060 3965
f 3965 4060 4061
f 3965 4061 3966
f 3966 4061 4062
f 3966 4062 3967
f 3967 4062 4063
f 3967 4063 3968
f 3968 4063 4064
f 3968 4064 3969
f 3969 4064 4065
f 3969 4065 3970
f 3970 4065 4066
f 3970 4066 3971
f 3971 4066 4067
f 3971 4067 3972
f 3972 4067 4068
f 3972 4068 3973
f 3973 4068 4069
f 3973 4069 3974
f 3974 4069 4070
f 3974 4070 3975
f 3975 4070 4071
f 3975 4071 3976
f 3976 4071 4072
f 3976 4072 3977
f 3977 4072 4073
f 3977 4073 3978
f 3978 4073 4074
f 3978 4074 3979
f 3979 4074 4075
f 3979 4075 3980
f 3980 4075 4076
f 3980 4076 3981
f 3981 4076 4077
f 3981 4077 3982
f 3982 4077 4078
f 3982 4078 3983
f 3983 4078 4079
f 3983 4079 3984
f 3984 4079 4080
f 3984 4080 3985
f 3985 4080 4081
f 3985 4081 3986
f 3986 4081 4082
f 3986 4082 3987
f 3987 4082 4083
f 3987 4083 3988
f 3988 4083 4084
f 3988 4084 3989
f 3989 4084 4085
f 3989 4085 3990
f 3990 4085 4086
f 3990 4086 3991
f 3991 4086 4087
f 3991 4087 3992
f 3992 4087 4088
f 3992 4088 3993
f 3993 4088 4089
f 3993 4089 3994
f 3994 4089 4090
f 3994 4090 3995
f 3995 4090 4091
f 3995 4091 3996
f 3996 4091 4092
f 3996 4092 3997
f 3997 4092 4093
f 3997 4093 3998
f 3998 4093 4094
f 3998 4094 3999
f 3999 4094 4095
f 3999 4095 4000
f 4000 4095 4096
f 4000 4096 4001
f 4001 4096 4097
f 4001 4097 4002
f 4002 4097 4098
f 4002 4098 4003
f 4003 4098 4099
f 4003 4099 4004
f 4004 4099 4100
f 4004 4100 4005
f 4005 4100 4101
f 4005 4101 4006
f 4006 4101 4102
f 4006 4102 4007
f 4007 4102 4103
f 4007 4103 4008
f 4008 4103 4104
f 4008 4104 4009
f 4009 4104 4105
f 4009 4105 4010
f 4010 4105 4106
f 4010 4106 4011
f 4011 4106 4107
f 4011 4107 4012
f 4012 4107 4108
f 4012 4108 4013
f 4013 4108 4109
f 4013 4109 4014
f 4014 4109 4110
f 4014 4110 4015
f 4015 4110 4111
f 4015 4111 4016
f 4016 4111 4112
f 4016 4112 4017
f 4017 4112 4113
f 4017 4113 4018
f 4018 4113 4114
f 4018 4114 4019
f 4019 4114 4115
f 4019 4115 4020
f 4020 4115 4116
f 4020 4116 4021
f 4021 4116 4117
f 4021 4117 4022
f 4022 4117 4118
f 4022 4118 4023
f 4023 4118 4119
f 4023 4119 4024
f 4024 4119 4120
f 4024 4120 4025
f 4025 4120 4121
f 4025 4121 4026
f 4026 4121 4122
f 4026 4122 4027
f 4027 4122 4123
f 4027 4123 4028
f 4028 4123 4124
f 4028 4124 4029
f 4029 4124 4125
f 4029 4125 4030
f 4030 4125 4126
f 4030 4126 4031
f 4031 4126 4127
f 4031 4127 4032
f 4032 4127 4128
f 4032 4128 4033
f 4033 4128 4129
f 4033 4129 4034
f 4034 4129 4130
f 4034 4130 3939
f 3939 4130 4035
f 4035 4131 4036
f 4036 4131 4132
f 4036 4132 4037
f 4037 4132 4133
f 4037 4133 4038
f 4038 4133 4134
f 4038 4134 4039
f 4039 4134 4135
f 4039 4135 4040
f 4040 4135 4136
f 4040 4136 4041
f 4041 4136 4137
f 4041 4137 4042
f 4042 4137 4138
f 4042 4138 4043
f 4043 4138 4139
f 4043 4139 4044
f 4044 4139 4140
f 4044 4140 4045
f 4045 4140 4141
f 4045 4141 4046
f 4046 4141 4142
f 4046 4142 4047
f 4047 4142 4143
f 4047 4143 4048
f 4048 4143 4144
f 4048 4144 4049
f 4049 4144 4145
f 4049 4145 4050
f 4050 4145 4146
f 4050 4146 4051
f 4051 4146 4147
f 4051 4147 4052
f 4052 4147 4148
f 4052 4148 4053
f 4053 4148 4149
f 4053 4149 4054
f 4054 4149 4150
f 4054 4150 4055
f 4055 4150 4151
f 4055 4151 4056
f 4056 4151 4152
f 4056 4152 4057
f 4057 4152 4153
f 4057 4153 4058
f 4058 4153 4154
f 4058 4154 4059
f 4059 4154 4155
f 4059 4155 4060
f 4060 4155 4156
f 4060 4156 4061
f 4061 4156 4157
f 4061 4157 4062
f 4062 4157 4158
f 4062 4158 4063
f 4063 4158 4159
f 4063 4159 4064
f 4064 4159 4160
f 4064 4160 4065
f 4065 4160 4161
f 4065 4161 4066
f 4066 4161 4162
f 4066 4162 4067
f 4067 4162 4163
f 4067 4163 4068
f 4068 4163 4164
f 4068 4164 4069
f 4069 4164 4165
f 4069 4165 4070
f 4070 4165 4166
f 4070 4166 4071
f 4071 4166 4167
f 4071 4167 4072
f 4072 4167 4168
f 4072 4168 4073
f 4073 4168 4169
f 4073 4169 4074
f 4074 4169 4170
f 4074 4170 4075
f 4075 4170 4171
f 4075 4171 4076
f 4076 4171 4172
f 4076 4172 4077
f 4077 4172 4173
f 4077 4173 4078
f 4078 4173 4174
f 4078 4174 4079
f 4079 4174 4175
f 4079 4175 4080
f 4080 4175 4176
f 4080 4176 4081
f 4081 4176 4177
f 4081 4177 4082
f 4082 4177 4178
f 4082 4178 4083
f 4083 4178 4179
f 4083 4179 4084
f 4084 4179 4180
f 4084 4180 4085
f 4085 4180 4181
f 4085 4181 4086
f 4086 4181 4182
f 4086 4182 4087
f 4087 4182 4183
f 4087 4183 4088
f 4088 4183 4184
f 4088 4184 4089
f 4089 4184 4185
f 4089 4185 4090
f 4090 4185 4186
f 4090 4186 4091
f 4091 4186 4187
f 4091 4187 4092
f 4092 4187 4188
f 4092 4188 4093
f 4093 4188 4189
f 4093 4189 4094
f 4094 4189 4190
f 4094 4190 4095
f 4095 4190 4191
f 4095 4191 4096
f 4096 4191 4192
f 4096 4192 4097
f 4097 4192 4193
f 4097 4193 4098
f 4098 4193 4194
f 4098 4194 4099
f 4099 4194 4195
f 4099 4195 4100
f 4100 4195 4196
f 4100 4196 4101
f 4101 4196 4197
f 4101 4197 4102
f 4102 4197 4198
f 4102 4198 4103
f 4103 4198 4199
f 4103 4199 4104
f 4104 4199 4200
f 4104 4200 4105
f 4105 4200 4201
f 4105 4201 4106
f 4106 4201 4202
f 4106 4202 4107
f 4107 4202 4203
f 4107 4203 4108
f 4108 4203 4204
f 4108 4204 4109
f 4109 4204 4205
f 4109 4205 4110
f 4110 4205 4206
f 4110 4206 4111
f 4111 4206 4207
f 4111 4207 4112
f 4112 4207 4208
f 4112 4208 4113
f 4113 4208 4209
f 4113 4209 4114
f 4114 4209 4210
f 4114 4210 4115
f 4115 4210 4211
f 4115 4211 4116
f 4116 4211 4212
f 4116 4212 4117
f 4117 4212 4213
f 4117 4213 4118
f 4118 4213 4214
f 4118 4214 4119
f 4119 4214 4215
f 4119 4215 4120
f 4120 4215 4216
f 4120 4216 4121
f 4121 4216 4217
f 4121 4217 4122
f 4122 4217 4218
f 4122 4218 4123
f 4123 4218 4219
f 4123 4219 4124
f 4124 4219 4220
f 4124 4220 4125
f 4125 4220 4221
f 4125 4221 4126
f 4126 4221 4222
f 4126 4222 4127
f 4127 4222 4223
f 4127 4223 4128
f 4128 4223 4224
f 4128 4224 4129
f 4129 4224 4225
f 4129 4225 4130
f 4130 4225 4226
f 4130 4226 4035
f 4035 4226 4131
f 4131 4227 4132
f 4132 4227 4228
f 4132 4228 4133
f 4133 4228 4229
f 4133 4229 4134
f 4134 4229 4230
f 4134 4230 4135
f 4135 4230 4231
f 4135 4231 4136
f 4136 4231 4232
f 4136 4232 4137
f 4137 4232 4233
f 4137 4233 4138
f 4138 4233 4234
f 4138 4234 4139
f 4139 4234 4235
f 4139 4235 4140
f 4140 4235 4236
f 4140 4236 4141
f 4141 4236 4237
f 4141 4237 4142
f 4142 4237 4238
f 4142 4238 4143
f 4143 4238 4239
f 4143 4239 4144
f 4144 4239 4240
f 4144 4240 4145
f 4145 4240 4241
f 4145 4241 4146
f 4146 4241 4242
f 4146 4242 4147
f 4147 4242 4243
f 4147 4243 4148
f 4148 4243 4244
f 4148 4244 4149
f 4149 4244 4245
f 4149 4245 4150
f 4150 4245 4246
f 4150 4246 4151
f 4151 4246 4247
f 4151 4247 4152
f 4152 4247 4248
f 4152 4248 4153
f 4153 4248 4249
f 4153 4249 4154
f 4154 4249 4250
f 4154 4250 4155
f 4155 4250 4251
f 4155 4251 4156
f 4156 4251 4252
f 4156 4252 4157
f 4157 4252 4253
f 4157 4253 4158
f 4158 4253 4254
f 4158 4254 4159
f 4159 4254 4255
f 4159 4255 4160
f 4160 4255 4256
f 4160 4256 4161
f 4161 4256 4257
f 4161 4257 4162
f 4162 4257 4258
f 4162 4258 4163
f 4163 4258 4259
f 4163 4259 4164
f 4164 4259 4260
f 4164 4260 4165
f 4165 4260 4261
f 4165 4261 4166
f 4166 4261 4262
f 4166 4262 4167
f 4167 4262 4263
f 4167 4263 4168
f 4168 4263 4264
f 4168 4264 4169
f 4169 4264 4265
f 4169 4265 4170
f 4170 4265 4266
f 4170 4266 4171
f 4171 4266 4267
f 4171 4267 4172
f 4172 4267 4268
f 4172 4268 4173
f 4173 4268 4269
f 4173 4269 4174
f 4174 4269 4270
f 4174 4270 4175
f 4175 4270 4271
f 4175 4271 4176
f 4176 4271 4272
f 4176 4272 4177
f 4177 4272 4273
f 4177 4273 4178
f 4178 4273 4274
f 4178 4274 4179
f 4179 4274 4275
f 4179 4275 4180
f 4180 4275 4276
f 4180 4276 4181
f 4181 4276 4277
f 4181 4277 4182
f 4182 4277 4278
f 4182 4278 4183
f 4183 4278 4279
f 4183 4279 4184
f 4184 4279 4280
f 4184 4280 4185
f 4185 4280 4281
f 4185 4281 4186
f 4186 4281 4282
f 4186 4282 4187
f 4187 4282 4283
f 4187 4283 4188
f 4188 4283 4284
f 4188 4284 4189
f 4189 4284 4285
f 4189 4285 4190
f 4190 4285 4286
f 4190 4286 4191
f 4191 4286 4287
f 4191 4287 4192
f 4192 4287 4288
f 4192 4288 4193
f 4193 4288 4289
f 4193 4289 4194
f 4194 4289 4290
f 4194 4290 4195
f 4195 4290 4291
f 4195 4291 4196
f 4196 4291 4292
f 4196 4292 4197
f 4197 4292 4293
f 4197 4293 4198
f 4198 4293 4294
f 4198 4294 4199
f 4199 4294 4295
f 4199 4295 4200
f 4200 4295 4296
f 4200 4296 4201
f 4201 4296 4297
f 4201 4297 4202
f 4202 4297 4298
f 4202 4298 4203
f 4203 4298 4299
f 4203 4299 4204
f 4204 4299 4300
f 4204 4300 4205
f 4205 4300 4301
f 4205 4301 4206
f 4206 4301 4302
f 4206 4302 4207
f 4207 4302 4303
f 4207 4303 4208
f 4208 4303 4304
f 4208 4304 4209
f 4209 4304 4305
f 4209 4305 4210
f 4210 4305 4306
f 4210 4306 4211
f 4211 4306 4307
f 4211 4307 4212
f 4212 4307 4308
f 4212 4308 4213
f 4213 4308 4309
f 4213 4309 4214
f 4214 4309 4310
f 4214 4310 4215
f 4215 4310 4311
f 4215 4311 4216
f 4216 4311 4312
f 4216 4312 4217
f 4217 4312 4313
f 4217 4313 4218
f 4218 4313 4314
f 4218 4314 4219
f 4219 4314 4315
f 4219 4315 4220
f 4220 4315 4316
f 4220 4316 4221
f 4221 4316 4317
f 4221 4317 4222
f 4222 4317 4318
f 4222 4318 4223
f 4223 4318 4319
f 4223 4319 4224
f 4224 4319 4320
f 4224 4320 4225
f 4225 4320 4321
f 4225 4321 4226
f 4226 4321 4322
f 4226 4322 4131
f 4131 4322 4227
f 4227 4323 4228
f 4228 4323 4324
f 4228 4324 4229
f 4229 4324 4325
f 4229 4325 4230
f 4230 4325 4326
f 4230 4326 4231
f 4231 4326 4327
f 4231 4327 4232
f 4232 4327 4328
f 4232 4328 4233
f 4233 4328 4329
f 4233 4329 4234
f 4234 4329 4330
f 4234 4330 4235
f 4235 4330 4331
f 4235 4331 4236
f 4236 4331 4332
f 4236 4332 4237
f 4237 4332 4333
f 4237 4333 4238
f 4238 4333 4334
f 4238 4334 4239
f 4239 4334 4335
f 4239 4335 4240
f 4240 4335 4336
f 4240 4336 4241
f 4241 4336 4337
f 4241 4337 4242
f 4242 4337 4338
f 4242 4338 4243
f 4243 4338 4339
f 4243 4339 4244
f 4244 4339 4340
f 4244 4340 4245
f 4245 4340 4341
f 4245 4341 4246
f 4246 4341 4342
f 4246 4342 4247
f 4247 4342 4343
f 4247 4343 4248
f 4248 4343 4344
f 4248 4344 4249
f 4249 4344 4345
f 4249 4345 4250
f 4250 4345 4346
f 4250 4346 4251
f 4251 4346 4347
f 4251 4347 4252
f 4252 4347 4348
f 4252 4348 4253
f 4253 4348 4349
f 4253 4349 4254
f 4254 4349 4350
f 4254 4350 4255
f 4255 4350 4351
f 4255 4351 4256
f 4256 4351 4352
f 4256 4352 4257
f 4257 4352 4353
f 4257 4353 4258
f 4258 4353 4354
f 4258 4354 4259
f 4259 4354 4355
f 4259 4355 4260
f 4260 4355 4356
f 4260 4356 4261
f 4261 4356 4357
f 4261 4357 4262
f 4262 4357 4358
f 4262 4358 4263
f 4263 4358 4359
f 4263 4359 4264
f 4264 4359 4360
f 4264 4360 4265
f 4265 4360 4361
f 4265 4361 4266
f 4266 4361 4362
f 4266 4362 4267
f 4267 4362 4363
f 4267 4363 4268
f 4268 4363 4364
f 4268 4364 4269
f 4269 4364 4365
f 4269 4365 4270
f 4270 4365 4366
f 4270 4366 4271
f 4271 4366 4367
f 4271 4367 4272
f 4272 4367 4368
f 4272 4368 4273
f 4273 4368 4369
f 4273 4369 4274
f 4274 4369 4370
f 4274 4370 4275
f 4275 4370 4371
f 4275 4371 4276
f 4276 4371 4372
f 4276 4372 4277
f 4277 4372 4373
f 4277 4373 4278
f 4278 4373 4374
f 4278 4374 4279
f 4279 4374 4375
f 4279 4375 4280
f 4280 4375 4376
f 4280 4376 4281
f 4281 4376 4377
f 4281 4377 4282
f 4282 4377 4378
f 4282 4378 4283
f 4283 4378 4379
f 4283 4379 4284
f 4284 4379 4380
f 4284 4380 4285
f 4285 4380 4381
f 4285 4381 4286
f 4286 4381 4382
f 4286 4382 4287
f 4287 4382 4383
f 4287 4383 4288
f 4288 4383 4384
f 4288 4384 4289
f 4289 4384 4385
f 4289 4385 4290
f 4290 4385 4386
f 4290 4386 4291
f 4291 4386 4387
f 4291 4387 4292
f 4292 4387 4388
f 4292 4388 4293
f 4293 4388 4389
f 4293 4389 4294
f 4294 4389 4390
f 4294 4390 4295
f 4295 4390 4391
f 4295 4391 4296
f 4296 4391 4392
f 4296 4392 4297
f 4297 4392 4393
f 4297 4393 4298
f 4298 4393 4394
f 4298 4394 4299
f 4299 4394 4395
f 4299 4395 4300
f 4300 4395 4396
f 4300 4396 4301
f 4301 4396 4397
f 4301 4397 4302
f 4302 4397 4398
f 4302 4398 4303
f 4303 4398 4399
f 4303 4399 4304
f 4304 4399 4400
f 4304 4400 4305
f 4305 4400 4401
f 4305 4401 4306
f 4306 4401 4402
f 4306 4402 4307
f 4307 4402 4403
f 4307 4403 4308
f 4308 4403 4404
f 4308 4404 4309
f 4309 4404 4405
f 4309 4405 4310
f 4310 4405 4406
f 4310 4406 4311
f 4311 4406 4407
f 4311 4407 4312
f 4312 4407 4408
f 4312 4408 4313
f 4313 4408 4409
f 4313 4409 4314
f 4314 4409 4410
f 4314 4410 4315
f 4315 4410 4411
f 4315 4411 4316
f 4316 4411 4412
f 4316 4412 4317
f 4317 4412 4413
f 4317 4413 4318
f 4318 4413 4414
f 4318 4414 4319
f 4319 4414 4415
f 4319 4415 4320
f 4320 4415 4416
f 4320 4416 4321
f 4321 4416 4417
f 4321 4417 4322
f 4322 4417 4418
f 4322 4418 4227
f 4227 4418 4323
f 4323 4419 4324
f 4324 4419 4420
f 4324 4420 4325
f 4325 4420 4421
f 4325 4421 4326
f 4326 4421 4422
f 4326 4422 4327
f 4327 4422 4423
f 4327 4423 4328
f 4328 4423 4424
f 4328 4424 4329
f 4329 4424 4425
f 4329 4425 4330
f 4330 4425 4426
f 4330 4426 4331
f 4331 4426 4427
f 4331 4427 4332
f 4332 4427 4428
f 4332 4428 4333
f 4333 4428 4429
f 4333 4429 4334
f 4334 4429 4430
f 4334 4430 4335
f 4335 4430 4431
f 4335 4431 4336
f 4336 4431 4432
f 4336 4432 4337
f 4337 4432 4433
f 4337 4433 4338
f 4338 4433 4434
f 4338 4434 4339
f 4339 4434 4435
f 4339 4435 4340
f 4340 4435 4436
f 4340 4436 4341
f 4341 4436 4437
f 4341 4437 4342
f 4342 4437 4438
f 4342 4438 4343
f 4343 4438 4439
f 4343 4439 4344
f 4344 4439 4440
f 4344 4440 4345
f 4345 4440 4441
f 4345 4441 4346
f 4346 4441 4442
f 4346 4442 4347
f 4347 4442 4443
f 4347 4443 4348
f 4348 4443 4444
f 4348 4444 4349
f 4349 4444 4445
f 4349 4445 4350
f 4350 4445 4446
f 4350 4446 4351
f 4351 4446 4447
f 4351 4447 4352
f 4352 4447 4448
f 4352 4448 4353
f 4353 4448 4449
f 4353 4449 4354
f 4354 4449 4450
f 4354 4450 4355
f 4355 4450 4451
f 4355 4451 4356
f 4356 4451 4452
f 4356 4452 4357
f 4357 4452 4453
f 4357 4453 4358
f 4358 4453 4454
f 4358 4454 4359
f 4359 4454 4455
f 4359 4455 4360
f 4360 4455 4456
f 4360 4456 4361
f 4361 4456 4457
f 4361 4457 4362
f 4362 4457 4458
f 4362 4458 4363
f 4363 4458 4459
f 4363 4459 4364
f 4364 4459 4460
f 4364 4460 4365
f 4365 4460 4461
f 4365 4461 4366
f 4366 4461 4462
f 4366 4462 4367
f 4367 4462 4463
f 4367 4463 4368
f 4368 4463 4464
f 4368 4464 4369
f 4369 4464 4465
f 4369 4465 4370
f 4370 4465 4466
f 4370 4466 4371
f 4371 4466 4467
f 4371 4467 4372
f 4372 4467 4468
f 4372 4468 4373
f 4373 4468 4469
f 4373 4469 4374
f 4374 4469 4470
f 4374 4470 4375
f 4375 4470 4471
f 4375 4471 4376
f 4376 4471 4472
f 4376 4472 4377
f 4377 4472 4473
f 4377 4473 4378
f 4378 4473 4474
f 4378 4474 4379
f 4379 4474 4475
f 4379 4475 4380
f 4380 4475 4476
f 4380 4476 4381
f 4381 4476 4477
f 4381 4477 4382
f 4382 4477 4478
f 4382 4478 4383
f 4383 4478 4479
f 4383 4479 4384
f 4384 4479 4480
f 4384 4480 4385
f 4385 4480 4481
f 4385 4481 4386
f 4386 4481 4482
f 4386 4482 4387
f 4387 4482 4483
f 4387 4483 4388
f 4388 4483 4484
f 4388 4484 4389
f 4389 4484 4485
f 4389 4485 4390
f 4390 4485 4486
f 4390 4486 4391
f 4391 4486 4487
f 4391 4487 4392
f 4392 4487 4488
f 4392 4488 4393
f 4393 4488 4489
f 4393 4489 4394
f 4394 4489 4490
f 4394 4490 4395
f 4395 4490 4491
f 4395 4491 4396
f 4396 4491 4492
f 4396 4492 4397
f 4397 4492 4493
f 4397 4493 4398
f 4398 4493 4494
f 4398 4494 4399
f 4399 4494 4495
f 4399 4495 4400
f 4400 4495 4496
f 4400 4496 4401
f 4401 4496 4497
f 4401 4497 4402
f 4402 4497 4498
f 4402 4498 4403
f 4403 4498 4499
f 4403 4499 4404
f 4404 4499 4500
f 4404 4500 4405
f 4405 4500 4501
f 4405 4501 4406
f 4406 4501 4502
f 4406 4502 4407
f 4407 4502 4503
f 4407 4503 4408
f 4408 4503 4504
f 4408 4504 4409
f 4409 4504 4505
f 4409 4505 4410
f 4410 4505 4506
f 4410 4506 4411
f 4411 4506 4507
f 4411 4507 4412
f 4412 4507 4508
f 4412 4508 4413
f 4413 4508 4509
f 4413 4509 4414
f 4414 4509 4510
f 4414 4510 4415
f 4415 4510 4511
f 4415 4511 4416
f 4416 4511 4512
f 4416 4512 4417
f 4417 4512 4513
f 4417 4513 4418
f 4418 4513 4514
f 4418 4514 4323
f 4323 4514 4419
f 4419 194 4420
f 4420 194 1
f 4420 1 4421
f 4421 1 3
f 4421 3 4422
f 4422 3 4
f 4422 4 4423
f 4423 4 5
f 4423 5 4424
f 4424 5 6
f 4424 6 4425
f 4425 6 7
f 4425 7 4426
f 4426 7 8
f 4426 8 4427
f 4427 8 9
f 4427 9 4428
f 4428 9 10
f 4428 10 4429
f 4429 10 11
f 4429 11 4430
f 4430 11 12
f 4430 12 4431
f 4431 12 13
f 4431 13 4432
f 4432 13 14
f 4432 14 4433
f 4433 14 15
f 4433 15 4434
f 4434 15 16
f 4434 16 4435
f 4435 16 17
f 4435 17 4436
f 4436 17 18
f 4436 18 4437
f 4437 18 19
f 4437 19 4438
f 4438 19 20
f 4438 20 4439
f 4439 20 21
f 4439 21 4440
f 4440 21 22
f 4440 22 4441
f 4441 22 23
f 4441 23 4442
f 4442 23 24
f 4442 24 4443
f 4443 24 25
f 4443 25 4444
f 4444 25 26
f 4444 26 4445
f 4445 26 27
f 4445 27 4446
f 4446 27 28
f 4446 28 4447
f 4447 28 29
f 4447 29 4448
f 4448 29 30
f 4448 30 4449
f 4449 30 31
f 4449 31 4450
f 4450 31 32
f 4450 32 4451
f 4451 32 33
f 4451 33 4452
f 4452 33 34
f 4452 34 4453
f 4453 34 35
f 4453 35 4454
f 4454 35 36
f 4454 36 4455
f 4455 36 37
f 4455 37 4456
f 4456 37 38
f 4456 38 4457
f 4457 38 39
f 4457 39 4458
f 4458 39 40
f 4458 40 4459
f 4459 40 41
f 4459 41 4460
f 4460 41 42
f 4460 42 4461
f 4461 42 43
f 4461 43 4462
f 4462 43 44
f 4462 44 4463
f 4463 44 45
f 4463 45 4464
f 4464 45 46
f 4464 46 4465
f 4465 46 47
f 4465 47 4466
f 4466 47 48
f 4466 48 4467
f 4467 48 49
f 4467 49 4468
f 4468 49 147
f 4468 147 4469
f 4469 147 148
f 4469 148 4470
f 4470 148 149
f 4470 149 4471
f 4471 149 150
f 4471 150 4472
f 4472 150 151
f 4472 151 4473
f 4473 151 152
f 4473 152 4474
f 4474 152 153
f 4474 153 4475
f 4475 153 154
f 4475 154 4476
f 4476 154 155
f 4476 155 4477
f 4477 155 156
f 4477 156 4478
f 4478 156 157
f 4478 157 4479
f 4479 157 158
f 4479 158 4480
f 4480 158 159
f 4480 159 4481
f 4481 159 160
f 4481 160 4482
f 4482 160 161
f 4482 161 4483
f 4483 161 162
f 4483 162 4484
f 4484 162 163
f 4484 163 4485
f 4485 163 164
f 4485 164 4486
f 4486 164 165
f 4486 165 4487
f 4487 165 166
f 4487 166 4488
f 4488 166 167
f 4488 167 4489
f 4489 167 168
f 4489 168 4490
f 4490 168 169
f 4490 169 4491
f 4491 169 170
f 4491 170 4492
f 4492 170 171
f 4492 171 4493
f 4493 171 172
f 4493 172 4494
f 4494 172 173
f 4494 173 4495
f 4495 173 174
f 4495 174 4496
f 4496 174 175
f 4496 175 4497
f 4497 175 176
f 4497 176 4498
f 4498 176 177
f 4498 177 4499
f 4499 177 178
f 4499 178 4500
f 4500 178 179
f 4500 179 4501
f 4501 179 180
f 4501 180 4502
f 4502 180 181
f 4502 181 4503
f 4503 181 182
f 4503 182 4504
f 4504 182 183
f 4504 183 4505
f 4505 183 184
f 4505 184 4506
f 4506 184 185
f 4506 185 4507
f 4507 185 186
f 4507 186 4508
f 4508 186 187
f 4508 187 4509
f 4509 187 188
f 4509 188 4510
f 4510 188 189
f 4510 189 4511
f 4511 189 190
f 4511 190 4512
f 4512 190 191
f 4512 191 4513
f 4513 191 192
f 4513 192 4514
f 4514 192 193
f 4514 193 4419
f 4419 193 194
f 194 2 1
f 49 2 147
f 146 51 50

