# https://github.com/mikedh/trimesh

o sphere1.stl
v 1.30735731 -0.04322555 19.95717812
v 0.00000990 0.00002341 20.00000000
v 1.30164063 -0.12953435 19.95717812
v 1.29023218 -0.21527661 19.95717812
v 1.27318203 -0.30007744 19.95717812
v 1.25056458 -0.38356599 19.95717812
v 1.22247875 -0.46537721 19.95717812
v 1.18904734 -0.54515338 19.95717812
v 1.15041661 -0.62254560 19.95717812
v 1.10675550 -0.69721544 19.95717812
v 1.05825472 -0.76883650 19.95717812
v 1.00512660 -0.83709550 19.95717812
v 0.94760340 -0.90169400 19.95717812
v 0.88593656 -0.96234953 19.95717812
v 0.82039583 -1.01879680 19.95717812
v 0.75126773 -1.07078910 19.95717812
v 0.67885458 -1.11809897 19.95717812
v 0.60347301 -1.16051960 19.95717812
v 0.52545267 -1.19786537 19.95717812
v 0.44513467 -1.22997320 19.95717812
v 0.36287028 -1.25670254 19.95717812
v 0.27901918 -1.27793646 19.95717812
v 0.19394803 -1.29358232 19.95717812
v 0.10802885 -1.30357146 19.95717812
v 0.02163733 -1.30786037 19.95717812
v -0.06484876 -1.30643022 19.95717812
v -0.15105124 -1.29928732 19.95717812
v -0.23659316 -1.28646278 19.95717812
v -0.32110047 -1.26801276 19.95717812
v -0.40420368 -1.24401808 19.95717812
v -0.48553935 -1.21458340 19.95717812
v -0.56475180 -1.17983758 19.95717812
v -0.64149475 -1.13993251 19.95717812
v -0.71543252 -1.09504271 19.95717812
v -0.78624189 -1.04536450 19.95717812
v -0.85361314 -0.99111509 19.95717812
v -0.91725171 -0.93253160 19.95717812
v -0.97687936 -0.86987036 19.95717812
v -1.03223526 -0.80340528 19.95717812
v -1.08307743 -0.73342699 19.95717812
v -1.12918365 -0.66024148 19.95717812
v -1.17035210 -0.58416885 19.95717812
v -1.20640278 -0.50554168 19.95717812
v -1.23717821 -0.42470384 19.95717812
v -1.26254380 -0.34200871 19.95717812
v -1.28238845 -0.25781801 19.95717812
v -1.29662549 -0.17249981 19.95717812
v -1.30519283 -0.08642721 19.95717812
v -1.30805266 0.00002341 19.95717812
v -1.30519283 -0.08642721 -19.95717812
v 0.00000990 0.00002341 -20.00000000
v -1.29662549 -0.17249981 -19.95717812
v -1.28238845 -0.25781801 -19.95717812
v -1.26254380 -0.34200871 -19.95717812
v -1.23717821 -0.42470384 -19.95717812
v -1.20640278 -0.50554168 -19.95717812
v -1.17035210 -0.58416885 -19.95717812
v -1.12918365 -0.66024148 -19.95717812
v -1.08307743 -0.73342699 -19.95717812
v -1.03223526 -0.80340528 -19.95717812
v -0.97687936 -0.86987036 -19.95717812
v -0.91725171 -0.93253160 -19.95717812
v -0.85361314 -0.99111509 -19.95717812
v -0.78624189 -1.04536450 -19.95717812
v -0.71543252 -1.09504271 -19.95717812
v -0.64149475 -1.13993251 -19.95717812
v -0.56475180 -1.17983758 -19.95717812
v -0.48553935 -1.21458340 -19.95717812
v -0.40420368 -1.24401808 -19.95717812
v -0.32110047 -1.26801276 -19.95717812
v -0.23659316 -1.28646278 -19.95717812
v -0.15105124 -1.29928732 -19.95717812
v -0.06484876 -1.30643022 -19.95717812
v 0.02163733 -1.30786037 -19.95717812
v 0.10802885 -1.30357146 -19.95717812
v 0.19394803 -1.29358232 -19.95717812
v 0.27901918 -1.27793646 -19.95717812
v 0.36287028 -1.25670254 -19.95717812
v 0.44513467 -1.22997320 -19.95717812
v 0.52545267 -1.19786537 -19.95717812
v 0.60347301 -1.16051960 -19.95717812
v 0.67885458 -1.11809897 -19.95717812
v 0.75126773 -1.07078910 -19.95717812
v 0.82039583 -1.01879680 -19.95717812
v 0.88593656 -0.96234953 -19.95717812
v 0.94760340 -0.90169400 -19.95717812
v 1.00512660 -0.83709550 -19.95717812
v 1.05825472 -0.76883650 -19.95717812
v 1.10675550 -0.69721544 -19.95717812
v 1.15041661 -0.62254560 -19.95717812
v 1.18904734 -0.54515338 -19.95717812
v 1.22247875 -0.46537721 -19.95717812
v 1.25056458 -0.38356599 -19.95717812
v 1.27318203 -0.30007744 -19.95717812
v 1.29023218 -0.21527661 -19.95717812
v 1.30164063 -0.12953435 -19.95717812
v 1.30735731 -0.04322555 -19.95717812
v 1.30807245 0.00002341 -19.95717812
v 1.30735731 0.04327236 -19.95717812
v 1.30164063 0.12958115 -19.95717812
v 1.29023218 0.21532343 -19.95717812
v 1.27318203 0.30012426 -19.95717812
v 1.25056458 0.38361281 -19.95717812
v 1.22247875 0.46542403 -19.95717812
v 1.18904734 0.54520017 -19.95717812
v 1.15041661 0.62259239 -19.95717812
v 1.10675550 0.69726229 -19.95717812
v 1.05825472 0.76888329 -19.95717812
v 1.00512660 0.83714229 -19.95717812
v 0.94760340 0.90174079 -19.95717812
v 0.88593656 0.96239632 -19.95717812
v 0.82039583 1.01884365 -19.95717812
v 0.75126773 1.07083595 -19.95717812
v 0.67885458 1.11814582 -19.95717812
v 0.60347301 1.16056633 -19.95717812
v 0.52545267 1.19791222 -19.95717812
v 0.44513467 1.23002005 -19.95717812
v 0.36287028 1.25674939 -19.95717812
v 0.27901918 1.27798331 -19.95717812
v 0.19394803 1.29362917 -19.95717812
v 0.10802885 1.30361831 -19.95717812
v 0.02163733 1.30790722 -19.95717812
v -0.06484876 1.30647707 -19.95717812
v -0.15105124 1.29933405 -19.95717812
v -0.23659316 1.28650963 -19.95717812
v -0.32110047 1.26805961 -19.95717812
v -0.40420368 1.24406481 -19.95717812
v -0.48553935 1.21463025 -19.95717812
v -0.56475180 1.17988443 -19.95717812
v -0.64149475 1.13997936 -19.95717812
v -0.71543252 1.09508955 -19.95717812
v -0.78624189 1.04541135 -19.95717812
v -0.85361314 0.99116188 -19.95717812
v -0.91725171 0.93257844 -19.95717812
v -0.97687936 0.86991715 -19.95717812
v -1.03223526 0.80345207 -19.95717812
v -1.08307743 0.73347378 -19.95717812
v -1.12918365 0.66028833 -19.95717812
v -1.17035210 0.58421570 -19.95717812
v -1.20640278 0.50558853 -19.95717812
v -1.23717821 0.42475063 -19.95717812
v -1.26254380 0.34205553 -19.95717812
v -1.28238845 0.25786480 -19.95717812
v -1.29662549 0.17254663 -19.95717812
v -1.30519283 0.08647402 -19.95717812
v -1.30805266 0.00002341 -19.95717812
v -1.30519283 0.08647402 19.95717812
v -1.29662549 0.17254663 19.95717812
v -1.28238845 0.25786480 19.95717812
v -1.26254380 0.34205553 19.95717812
v -1.23717821 0.42475063 19.95717812
v -1.20640278 0.50558853 19.95717812
v -1.17035210 0.58421570 19.95717812
v -1.12918365 0.66028833 19.95717812
v -1.08307743 0.73347378 19.95717812
v -1.03223526 0.80345207 19.95717812
v -0.97687936 0.86991715 19.95717812
v -0.91725171 0.93257844 19.95717812
v -0.85361314 0.99116188 19.95717812
v -0.78624189 1.04541135 19.95717812
v -0.71543252 1.09508955 19.95717812
v -0.64149475 1.13997936 19.95717812
v -0.56475180 1.17988443 19.95717812
v -0.48553935 1.21463025 19.95717812
v -0.40420368 1.24406481 19.95717812
v -0.32110047 1.26805961 19.95717812
v -0.23659316 1.28650963 19.95717812
v -0.15105124 1.29933405 19.95717812
v -0.06484876 1.30647707 19.95717812
v 0.02163733 1.30790722 19.95717812
v 0.10802885 1.30361831 19.95717812
v 0.19394803 1.29362917 19.95717812
v 0.27901918 1.27798331 19.95717812
v 0.36287028 1.25674939 19.95717812
v 0.44513467 1.23002005 19.95717812
v 0.52545267 1.19791222 19.95717812
v 0.60347301 1.16056633 19.95717812
v 0.67885458 1.11814582 19.95717812
v 0.75126773 1.07083595 19.95717812
v 0.82039583 1.01884365 19.95717812
v 0.88593656 0.96239632 19.95717812
v 0.94760340 0.90174079 19.95717812
v 1.00512660 0.83714229 19.95717812
v 1.05825472 0.76888329 19.95717812
v 1.10675550 0.69726229 19.95717812
v 1.15041661 0.62259239 19.95717812
v 1.18904734 0.54520017 19.95717812
v 1.22247875 0.46542403 19.95717812
v 1.25056458 0.38361281 19.95717812
v 1.27318203 0.30012426 19.95717812
v 1.29023218 0.21532343 19.95717812
v 1.30164063 0.12958115 19.95717812
v 1.30735731 0.04327236 19.95717812
v 1.30807245 0.00002341 19.95717812
v 2.61053371 0.00002341 -19.82889748
v 2.60910654 -0.08628931 -19.82889748
v 2.59769750 -0.25853732 -19.82889748
v 2.57492971 -0.42965469 -19.82889748
v 2.54090214 -0.59889323 -19.82889748
v 2.49576402 -0.76551282 -19.82889748
v 2.43971276 -0.92878491 -19.82889748
v 2.37299323 -1.08799553 -19.82889748
v 2.29589701 -1.24244857 -19.82889748
v 2.20876169 -1.39146864 -19.82889748
v 2.11196804 -1.53440404 -19.82889748
v 2.00593925 -1.67062974 -19.82889748
v 1.89113915 -1.79955006 -19.82889748
v 1.76806962 -1.92060137 -19.82889748
v 1.63726878 -2.03325438 -19.82889748
v 1.49930859 -2.13701630 -19.82889748
v 1.35479236 -2.23143339 -19.82889748
v 1.20435202 -2.31609297 -19.82889748
v 1.04864538 -2.39062476 -19.82889748
v 0.88835335 -2.45470285 -19.82889748
v 0.72417682 -2.50804687 -19.82889748
v 0.55683368 -2.55042410 -19.82889748
v 0.38705570 -2.58164859 -19.82889748
v 0.21558525 -2.60158420 -19.82889748
v 0.04317215 -2.61014366 -19.82889748
v -0.12942968 -2.60728931 -19.82889748
v -0.30146551 -2.59303403 -19.82889748
v -0.47218305 -2.56744003 -19.82889748
v -0.64083582 -2.53061914 -19.82889748
v -0.80668634 -2.48273230 -19.82889748
v -0.96900940 -2.42398906 -19.82889748
v -1.12709510 -2.35464621 -19.82889748
v -1.28025234 -2.27500701 -19.82889748
v -1.42781126 -2.18541956 -19.82889748
v -1.56912673 -2.08627582 -19.82889748
v -1.70358074 -1.97800934 -19.82889748
v -1.83058548 -1.86109328 -19.82889748
v -1.94958532 -1.73603904 -19.82889748
v -2.06006026 -1.60339355 -19.82889748
v -2.16152692 -1.46373665 -19.82889748
v -2.25354171 -1.31767905 -19.82889748
v -2.33570242 -1.16585958 -19.82889748
v -2.40764952 -1.00894189 -19.82889748
v -2.46906853 -0.84761232 -19.82889748
v -2.51969099 -0.68257624 -19.82889748
v -2.55929542 -0.51455528 -19.82889748
v -2.58770871 -0.34428427 -19.82889748
v -2.60480642 -0.17250764 -19.82889748
v -2.61051393 0.00002341 -19.82889748
v -2.60480642 0.17255445 -19.82889748
v -2.58770871 0.34433106 -19.82889748
v -2.55929542 0.51460212 -19.82889748
v -2.51969099 0.68262303 -19.82889748
v -2.46906853 0.84765911 -19.82889748
v -2.40764952 1.00898874 -19.82889748
v -2.33570242 1.16590631 -19.82889748
v -2.25354171 1.31772590 -19.82889748
v -2.16152692 1.46378338 -19.82889748
v -2.06006026 1.60344028 -19.82889748
v -1.94958532 1.73608589 -19.82889748
v -1.83058548 1.86114013 -19.82889748
v -1.70358074 1.97805619 -19.82889748
v -1.56912673 2.08632278 -19.82889748
v -1.42781126 2.18546653 -19.82889748
v -1.28025234 2.27505374 -19.82889748
v -1.12709510 2.35469294 -19.82889748
v -0.96900940 2.42403579 -19.82889748
v -0.80668634 2.48277903 -19.82889748
v -0.64083582 2.53066587 -19.82889748
v -0.47218305 2.56748676 -19.82889748
v -0.30146551 2.59308100 -19.82889748
v -0.12942968 2.60733628 -19.82889748
v 0.04317215 2.61019039 -19.82889748
v 0.21558525 2.60163093 -19.82889748
v 0.38705570 2.58169532 -19.82889748
v 0.55683368 2.55047083 -19.82889748
v 0.72417682 2.50809383 -19.82889748
v 0.88835335 2.45474958 -19.82889748
v 1.04864538 2.39067149 -19.82889748
v 1.20435202 2.31613970 -19.82889748
v 1.35479236 2.23148012 -19.82889748
v 1.49930859 2.13706303 -19.82889748
v 1.63726878 2.03330112 -19.82889748
v 1.76806962 1.92064822 -19.82889748
v 1.89113915 1.79959691 -19.82889748
v 2.00593925 1.67067659 -19.82889748
v 2.11196804 1.53445077 -19.82889748
v 2.20876169 1.39151549 -19.82889748
v 2.29589701 1.24249542 -19.82889748
v 2.37299323 1.08804238 -19.82889748
v 2.43971276 0.92883170 -19.82889748
v 2.49576402 0.76555961 -19.82889748
v 2.54090214 0.59894001 -19.82889748
v 2.57492971 0.42970151 -19.82889748
v 2.59769750 0.25858411 -19.82889748
v 2.60910654 0.08633612 -19.82889748
v 3.90181637 0.00002341 -19.61570549
v 3.89968300 -0.12898347 -19.61570549
v 3.88263083 -0.38643309 -19.61570549
v 3.84860086 -0.64219284 -19.61570549
v 3.79774189 -0.89514434 -19.61570549
v 3.73027658 -1.14418149 -19.61570549
v 3.64649963 -1.38821530 -19.61570549
v 3.54677749 -1.62617874 -19.61570549
v 3.43154621 -1.85703123 -19.61570549
v 3.30130982 -2.07976317 -19.61570549
v 3.15663767 -2.29340076 -19.61570549
v 2.99816227 -2.49700999 -19.61570549
v 2.82657671 -2.68970013 -19.61570549
v 2.64263153 -2.87062883 -19.61570549
v 2.44713068 -3.03900504 -19.61570549
v 2.24092913 -3.19409227 -19.61570549
v 2.02492881 -3.33521223 -19.61570549
v 1.80007386 -3.46174836 -19.61570549
v 1.56734765 -3.57314682 -19.61570549
v 1.32776797 -3.66892076 -19.61570549
v 1.08238232 -3.74865150 -19.61570549
v 0.83226377 -3.81199002 -19.61570549
v 0.57850593 -3.85865974 -19.61570549
v 0.32221851 -3.88845634 -19.61570549
v 0.06452215 -3.90124965 -19.61570549
v -0.19345632 -3.89698362 -19.61570549
v -0.45058879 -3.87567711 -19.61570549
v -0.70575094 -3.83742309 -19.61570549
v -0.95782697 -3.78238869 -19.61570549
v -1.20571458 -3.71081495 -19.61570549
v -1.44832993 -3.62301469 -19.61570549
v -1.68461204 -3.51937175 -19.61570549
v -1.91352773 -3.40033937 -19.61570549
v -2.13407588 -3.26643825 -19.61570549
v -2.34529233 -3.11825347 -19.61570549
v -2.54625344 -2.95643330 -19.61570549
v -2.73608041 -2.78168535 -19.61570549
v -2.91394305 -2.59477377 -19.61570549
v -3.07906365 -2.39651561 -19.61570549
v -3.23072028 -2.18777823 -19.61570549
v -3.36824989 -1.96947408 -19.61570549
v -3.49105072 -1.74255776 -19.61570549
v -3.59858632 -1.50802159 -19.61570549
v -3.69038582 -1.26689112 -19.61570549
v -3.76604843 -1.02022076 -19.61570549
v -3.82524300 -0.76908910 -19.61570549
v -3.86771059 -0.51459432 -19.61570549
v -3.89326572 -0.25784928 -19.61570549
v -3.90179658 0.00002341 -19.61570549
v -3.89326572 0.25789607 -19.61570549
v -3.86771059 0.51464111 -19.61570549
v -3.82524300 0.76913589 -19.61570549
v -3.76604843 1.02026749 -19.61570549
v -3.69038582 1.26693785 -19.61570549
v -3.59858632 1.50806832 -19.61570549
v -3.49105072 1.74260449 -19.61570549
v -3.36824989 1.96952081 -19.61570549
v -3.23072028 2.18782496 -19.61570549
v -3.07906365 2.39656258 -19.61570549
v -2.91394305 2.59482050 -19.61570549
v -2.73608041 2.78173232 -19.61570549
v -2.54625344 2.95648026 -19.61570549
v -2.34529233 3.11830020 -19.61570549
v -2.13407588 3.26648498 -19.61570549
v -1.91352773 3.40038633 -19.61570549
v -1.68461204 3.51941848 -19.61570549
v -1.44832993 3.62306142 -19.61570549
v -1.20571458 3.71086192 -19.61570549
v -0.95782697 3.78243566 -19.61570549
v -0.70575094 3.83746982 -19.61570549
v -0.45058879 3.87572384 -19.61570549
v -0.19345632 3.89703059 -19.61570549
v 0.06452215 3.90129638 -19.61570549
v 0.32221851 3.88850331 -19.61570549
v 0.57850593 3.85870647 -19.61570549
v 0.83226377 3.81203699 -19.61570549
v 1.08238232 3.74869823 -19.61570549
v 1.32776797 3.66896772 -19.61570549
v 1.56734765 3.57319355 -19.61570549
v 1.80007386 3.46179509 -19.61570549
v 2.02492881 3.33525920 -19.61570549
v 2.24092913 3.19413900 -19.61570549
v 2.44713068 3.03905177 -19.61570549
v 2.64263153 2.87067580 -19.61570549
v 2.82657671 2.68974710 -19.61570549
v 2.99816227 2.49705672 -19.61570549
v 3.15663767 2.29344773 -19.61570549
v 3.30130982 2.07981014 -19.61570549
v 3.43154621 1.85707796 -19.61570549
v 3.54677749 1.62622559 -19.61570549
v 3.64649963 1.38826215 -19.61570549
v 3.73027658 1.14422834 -19.61570549
v 3.79774189 0.89519113 -19.61570549
v 3.84860086 0.64223963 -19.61570549
v 3.88263083 0.38647988 -19.61570549
v 3.89968300 0.12903027 -19.61570549
v 5.17639065 0.00002341 -19.31851578
v 5.17356062 -0.17112519 -19.31851578
v 5.15093803 -0.51267397 -19.31851578
v 5.10579157 -0.85198087 -19.31851578
v 5.03831911 -1.18756223 -19.31851578
v 4.94881535 -1.51795053 -19.31851578
v 4.83767176 -1.84170103 -19.31851578
v 4.70537376 -2.15739822 -19.31851578
v 4.55250120 -2.46366167 -19.31851578
v 4.37972116 -2.75915194 -19.31851578
v 4.18778992 -3.04257703 -19.31851578
v 3.97754669 -3.31269741 -19.31851578
v 3.74991059 -3.56833243 -19.31851578
v 3.50587726 -3.80836391 -19.31851578
v 3.24651361 -4.03174210 -19.31851578
v 2.97295380 -4.23749065 -19.31851578
v 2.68639398 -4.42470932 -19.31851578
v 2.38808751 -4.59257984 -19.31851578
v 2.07933831 -4.74036837 -19.31851578
v 1.76149702 -4.86742783 -19.31851578
v 1.43595302 -4.97320366 -19.31851578
v 1.10413003 -5.05723238 -19.31851578
v 0.76747900 -5.11914730 -19.31851578
v 0.42747205 -5.15867758 -19.31851578
v 0.08559589 -5.17565012 -19.31851578
v -0.25665450 -5.16999054 -19.31851578
v -0.59778255 -5.14172363 -19.31851578
v -0.93629664 -5.09097338 -19.31851578
v -1.27071655 -5.01796150 -19.31851578
v -1.59957981 -4.92300749 -19.31851578
v -1.92144847 -4.80652618 -19.31851578
v -2.23491502 -4.66902685 -19.31851578
v -2.53860903 -4.51111078 -19.31851578
v -2.83120203 -4.33346939 -19.31851578
v -3.11141515 -4.13687801 -19.31851578
v -3.37802267 -3.92219734 -19.31851578
v -3.62985873 -3.69036579 -19.31851578
v -3.86582255 -3.44239712 -19.31851578
v -4.08488178 -3.17937565 -19.31851578
v -4.28607941 -2.90245128 -19.31851578
v -4.46853447 -2.61283517 -19.31851578
v -4.63144970 -2.31179380 -19.31851578
v -4.77411318 -2.00064349 -19.31851578
v -4.89590025 -1.68074477 -19.31851578
v -4.99627924 -1.35349631 -19.31851578
v -5.07481003 -1.02032936 -19.31851578
v -5.13115072 -0.68270069 -19.31851578
v -5.16505337 -0.34208664 -19.31851578
v -5.17637110 0.00002341 -19.31851578
v -5.16505337 0.34213343 -19.31851578
v -5.13115072 0.68274754 -19.31851578
v -5.07481003 1.02037621 -19.31851578
v -4.99627924 1.35354316 -19.31851578
v -4.89590025 1.68079150 -19.31851578
v -4.77411318 2.00069022 -19.31851578
v -4.63144970 2.31184077 -19.31851578
v -4.46853447 2.61288214 -19.31851578
v -4.28607941 2.90249801 -19.31851578
v -4.08488178 3.17942238 -19.31851578
v -3.86582255 3.44244385 -19.31851578
v -3.62985873 3.69041252 -19.31851578
v -3.37802267 3.92224407 -19.31851578
v -3.11141515 4.13692474 -19.31851578
v -2.83120203 4.33351612 -19.31851578
v -2.53860903 4.51115799 -19.31851578
v -2.23491502 4.66907358 -19.31851578
v -1.92144847 4.80657291 -19.31851578
v -1.59957981 4.92305422 -19.31851578
v -1.27071655 5.01800823 -19.31851578
v -0.93629664 5.09102011 -19.31851578
v -0.59778255 5.14177036 -19.31851578
v -0.25665450 5.17003727 -19.31851578
v 0.08559589 5.17569685 -19.31851578
v 0.42747205 5.15872431 -19.31851578
v 0.76747900 5.11919451 -19.31851578
v 1.10413003 5.05727959 -19.31851578
v 1.43595302 4.97325039 -19.31851578
v 1.76149702 4.86747456 -19.31851578
v 2.07933831 4.74041510 -19.31851578
v 2.38808751 4.59262657 -19.31851578
v 2.68639398 4.42475605 -19.31851578
v 2.97295380 4.23753738 -19.31851578
v 3.24651361 4.03178883 -19.31851578
v 3.50587726 3.80841064 -19.31851578
v 3.74991059 3.56837916 -19.31851578
v 3.97754669 3.31274438 -19.31851578
v 4.18778992 3.04262376 -19.31851578
v 4.37972116 2.75919867 -19.31851578
v 4.55250120 2.46370840 -19.31851578
v 4.70537376 2.15744495 -19.31851578
v 4.83767176 1.84174788 -19.31851578
v 4.94881535 1.51799726 -19.31851578
v 5.03831911 1.18760896 -19.31851578
v 5.10579157 0.85202771 -19.31851578
v 5.15093803 0.51272082 -19.31851578
v 5.17356062 0.17117199 -19.31851578
v 6.42879915 0.00002341 -18.93860245
v 6.42528439 -0.21253403 -18.93860245
v 6.39718819 -0.63671947 -18.93860245
v 6.34111881 -1.05812049 -18.93860245
v 6.25732136 -1.47489464 -18.93860245
v 6.14616251 -1.88521934 -18.93860245
v 6.00812817 -2.28730035 -18.93860245
v 5.84382153 -2.67937946 -18.93860245
v 5.65396118 -3.05974221 -18.93860245
v 5.43937778 -3.42672539 -18.93860245
v 5.20100975 -3.77872419 -18.93860245
v 4.93989897 -4.11419964 -18.93860245
v 4.65718699 -4.43168449 -18.93860245
v 4.35411024 -4.72979069 -18.93860245
v 4.03199434 -5.00721455 -18.93860245
v 3.69224787 -5.26274300 -18.93860245
v 3.33635592 -5.49525881 -18.93860245
v 2.96587515 -5.70374537 -18.93860245
v 2.58242512 -5.88729048 -18.93860245
v 2.18768311 -6.04509163 -18.93860245
v 1.78337479 -6.17645979 -18.93860245
v 1.37126827 -6.28081894 -18.93860245
v 0.95316565 -6.35771418 -18.93860245
v 0.53089511 -6.40680838 -18.93860245
v 0.10630314 -6.42788696 -18.93860245
v -0.31875363 -6.42085838 -18.93860245
v -0.74241650 -6.38575268 -18.93860245
v -1.16283298 -6.32272339 -18.93860245
v -1.57816458 -6.23204660 -18.93860245
v -1.98659527 -6.11411858 -18.93860245
v -2.38633895 -5.96945477 -18.93860245
v -2.77564788 -5.79868793 -18.93860245
v -3.15281940 -5.60256529 -18.93860245
v -3.51620460 -5.38194370 -18.93860245
v -3.86421418 -5.13778782 -18.93860245
v -4.19532633 -4.87116575 -18.93860245
v -4.50809383 -4.58324337 -18.93860245
v -4.80114794 -4.27527952 -18.93860245
v -5.07320833 -3.94862080 -18.93860245
v -5.32308435 -3.60469556 -18.93860245
v -5.54968405 -3.24500799 -18.93860245
v -5.75201654 -2.87113047 -18.93860245
v -5.92919683 -2.48469830 -18.93860245
v -6.08045006 -2.08740115 -18.93860245
v -6.20511484 -1.68097603 -18.93860245
v -6.30264616 -1.26720047 -18.93860245
v -6.37261772 -0.84788358 -18.93860245
v -6.41472387 -0.42485905 -18.93860245
v -6.42877960 0.00002341 -18.93860245
v -6.41472387 0.42490584 -18.93860245
v -6.37261772 0.84793037 -18.93860245
v -6.30264616 1.26724720 -18.93860245
v -6.20511484 1.68102288 -18.93860245
v -6.08045006 2.08744788 -18.93860245
v -5.92919683 2.48474503 -18.93860245
v -5.75201654 2.87117743 -18.93860245
v -5.54968405 3.24505472 -18.93860245
v -5.32308435 3.60474229 -18.93860245
v -5.07320833 3.94866753 -18.93860245
v -4.80114794 4.27532625 -18.93860245
v -4.50809383 4.58329010 -18.93860245
v -4.19532633 4.87121248 -18.93860245
v -3.86421418 5.13783455 -18.93860245
v -3.51620460 5.38199043 -18.93860245
v -3.15281940 5.60261202 -18.93860245
v -2.77564788 5.79873514 -18.93860245
v -2.38633895 5.96950150 -18.93860245
v -1.98659527 6.11416531 -18.93860245
v -1.57816458 6.23209333 -18.93860245
v -1.16283298 6.32277012 -18.93860245
v -0.74241650 6.38579941 -18.93860245
v -0.31875363 6.42090511 -18.93860245
v 0.10630314 6.42793369 -18.93860245
v 0.53089511 6.40685511 -18.93860245
v 0.95316565 6.35776091 -18.93860245
v 1.37126827 6.28086567 -18.93860245
v 1.78337479 6.17650652 -18.93860245
v 2.18768311 6.04513884 -18.93860245
v 2.58242512 5.88733721 -18.93860245
v 2.96587515 5.70379210 -18.93860245
v 3.33635592 5.49530554 -18.93860245
v 3.69224787 5.26278973 -18.93860245
v 4.03199434 5.00726128 -18.93860245
v 4.35411024 4.72983742 -18.93860245
v 4.65718699 4.43173122 -18.93860245
v 4.93989897 4.11424637 -18.93860245
v 5.20100975 3.77877092 -18.93860245
v 5.43937778 3.42677212 -18.93860245
v 5.65396118 3.05978894 -18.93860245
v 5.84382153 2.67942619 -18.93860245
v 6.00812817 2.28734708 -18.93860245
v 6.14616251 1.88526607 -18.93860245
v 6.25732136 1.47494149 -18.93860245
v 6.34111881 1.05816734 -18.93860245
v 6.39718819 0.63676625 -18.93860245
v 6.42528439 0.21258084 -18.93860245
v 7.65367842 0.00002341 -18.47759056
v 7.64949417 -0.25303265 -18.47759056
v 7.61604452 -0.75803828 -18.47759056
v 7.54929256 -1.25972903 -18.47759056
v 7.44952917 -1.75591123 -18.47759056
v 7.31719112 -2.24441528 -18.47759056
v 7.15285683 -2.72310472 -18.47759056
v 6.95724487 -3.18988681 -18.47759056
v 6.73121071 -3.64272022 -18.47759056
v 6.47574282 -4.07962465 -18.47759056
v 6.19195795 -4.49869013 -18.47759056
v 5.88109732 -4.89808369 -18.47759056
v 5.54452038 -5.27605915 -18.47759056
v 5.18369865 -5.63096380 -18.47759056
v 4.80021000 -5.96124506 -18.47759056
v 4.39573097 -6.26545954 -18.47759056
v 3.97203112 -6.54227686 -18.47759056
v 3.53096223 -6.79048586 -18.47759056
v 3.07445359 -7.00900221 -18.47759056
v 2.60450101 -7.19686985 -18.47759056
v 2.12315989 -7.35326672 -18.47759056
v 1.63253462 -7.47750998 -18.47759056
v 1.13477075 -7.56905603 -18.47759056
v 0.63204485 -7.62750387 -18.47759056
v 0.12655523 -7.65259886 -18.47759056
v -0.37948772 -7.64423084 -18.47759056
v -0.88387126 -7.60243654 -18.47759056
v -1.38438976 -7.52739859 -18.47759056
v -1.87885463 -7.41944504 -18.47759056
v -2.36510372 -7.27904797 -18.47759056
v -2.84101081 -7.10682154 -18.47759056
v -3.30449486 -6.90351868 -18.47759056
v -3.75352907 -6.67002821 -18.47759056
v -4.18615007 -6.40737152 -18.47759056
v -4.60046625 -6.11669683 -18.47759056
v -4.99466515 -5.79927492 -18.47759056
v -5.36702394 -5.45649481 -18.47759056
v -5.71591425 -5.08985424 -18.47759056
v -6.03981018 -4.70095730 -18.47759056
v -6.33729553 -4.29150391 -18.47759056
v -6.60706902 -3.86328483 -18.47759056
v -6.84795189 -3.41817236 -18.47759056
v -7.05889034 -2.95811319 -18.47759056
v -7.23896170 -2.48511863 -18.47759056
v -7.38737917 -2.00125742 -18.47759056
v -7.50349331 -1.50864506 -18.47759056
v -7.58679676 -1.00943553 -18.47759056
v -7.63692474 -0.50581205 -18.47759056
v -7.65365887 0.00002341 -18.47759056
v -7.63692474 0.50585884 -18.47759056
v -7.58679676 1.00948238 -18.47759056
v -7.50349331 1.50869179 -18.47759056
v -7.38737917 2.00130415 -18.47759056
v -7.23896170 2.48516560 -18.47759056
v -7.05889034 2.95815992 -18.47759056
v -6.84795189 3.41821933 -18.47759056
v -6.60706902 3.86333156 -18.47759056
v -6.33729553 4.29155064 -18.47759056
v -6.03981018 4.70100403 -18.47759056
v -5.71591425 5.08990097 -18.47759056
v -5.36702394 5.45654154 -18.47759056
v -4.99466515 5.79932213 -18.47759056
v -4.60046625 6.11674356 -18.47759056
v -4.18615007 6.40741825 -18.47759056
v -3.75352907 6.67007494 -18.47759056
v -3.30449486 6.90356541 -18.47759056
v -2.84101081 7.10686827 -18.47759056
v -2.36510372 7.27909470 -18.47759056
v -1.87885463 7.41949177 -18.47759056
v -1.38438976 7.52744532 -18.47759056
v -0.88387126 7.60248327 -18.47759056
v -0.37948772 7.64427757 -18.47759056
v 0.12655523 7.65264606 -18.47759056
v 0.63204485 7.62755108 -18.47759056
v 1.13477075 7.56910276 -18.47759056
v 1.63253462 7.47755671 -18.47759056
v 2.12315989 7.35331392 -18.47759056
v 2.60450101 7.19691658 -18.47759056
v 3.07445359 7.00904894 -18.47759056
v 3.53096223 6.79053307 -18.47759056
v 3.97203112 6.54232359 -18.47759056
v 4.39573097 6.26550627 -18.47759056
v 4.80021000 5.96129179 -18.47759056
v 5.18369865 5.63101053 -18.47759056
v 5.54452038 5.27610588 -18.47759056
v 5.88109732 4.89813042 -18.47759056
v 6.19195795 4.49873686 -18.47759056
v 6.47574282 4.07967186 -18.47759056
v 6.73121071 3.64276695 -18.47759056
v 6.95724487 3.18993378 -18.47759056
v 7.15285683 2.72315168 -18.47759056
v 7.31719112 2.24446201 -18.47759056
v 7.44952917 1.75595808 -18.47759056
v 7.54929256 1.25977588 -18.47759056
v 7.61604452 0.75808507 -18.47759056
v 7.64949417 0.25307947 -18.47759056
v 8.84578323 0.00002341 -17.93745422
v 8.84094715 -0.29244769 -17.93745422
v 8.80228806 -0.87611097 -17.93745422
v 8.72513866 -1.45594311 -17.93745422
v 8.60983658 -2.02940869 -17.93745422
v 8.45688629 -2.59400010 -17.93745422
v 8.26695538 -3.14724851 -17.93745422
v 8.04087639 -3.68673468 -17.93745422
v 7.77963591 -4.21009970 -17.93745422
v 7.48437691 -4.71505451 -17.93745422
v 7.15639114 -5.19939184 -17.93745422
v 6.79711246 -5.66099358 -17.93745422
v 6.40811157 -6.09784079 -17.93745422
v 5.99108934 -6.50802374 -17.93745422
v 5.54787016 -6.88974905 -17.93745422
v 5.08039141 -7.24134636 -17.93745422
v 4.59069729 -7.56127977 -17.93745422
v 4.08092928 -7.84814882 -17.93745422
v 3.55331683 -8.10070038 -17.93745422
v 3.01016641 -8.31782913 -17.93745422
v 2.45385337 -8.49858665 -17.93745422
v 1.88681018 -8.64218140 -17.93745422
v 1.31151664 -8.74798584 -17.93745422
v 0.73048812 -8.81553745 -17.93745422
v 0.14626543 -8.84454155 -17.93745422
v -0.43859679 -8.83486938 -17.93745422
v -1.02154112 -8.78656578 -17.93745422
v -1.60001838 -8.69983959 -17.93745422
v -2.17149925 -8.57507229 -17.93745422
v -2.73348451 -8.41280746 -17.93745422
v -3.28351712 -8.21375561 -17.93745422
v -3.81919146 -7.97878695 -17.93745422
v -4.33816528 -7.70892906 -17.93745422
v -4.83816957 -7.40536213 -17.93745422
v -5.31701803 -7.06941271 -17.93745422
v -5.77261591 -6.70255089 -17.93745422
v -6.20297194 -6.30638027 -17.93745422
v -6.60620403 -5.88263369 -17.93745422
v -6.98054838 -5.43316317 -17.93745422
v -7.32436895 -4.95993519 -17.93745422
v -7.63616180 -4.46501827 -17.93745422
v -7.91456318 -3.95057702 -17.93745422
v -8.15835667 -3.41886091 -17.93745422
v -8.36647511 -2.87219477 -17.93745422
v -8.53800964 -2.31296897 -17.93745422
v -8.67220974 -1.74362922 -17.93745422
v -8.76848793 -1.16666496 -17.93745422
v -8.82642365 -0.58459896 -17.93745422
v -8.84576416 0.00002341 -17.93745422
v -8.82642365 0.58464575 -17.93745422
v -8.76848793 1.16671169 -17.93745422
v -8.67220974 1.74367607 -17.93745422
v -8.53800964 2.31301570 -17.93745422
v -8.36647511 2.87224150 -17.93745422
v -8.15835667 3.41890764 -17.93745422
v -7.91456318 3.95062399 -17.93745422
v -7.63616180 4.46506500 -17.93745422
v -7.32436895 4.95998192 -17.93745422
v -6.98054838 5.43320990 -17.93745422
v -6.60620403 5.88268042 -17.93745422
v -6.20297194 6.30642700 -17.93745422
v -5.77261591 6.70259762 -17.93745422
v -5.31701803 7.06945944 -17.93745422
v -4.83816957 7.40540886 -17.93745422
v -4.33816528 7.70897579 -17.93745422
v -3.81919146 7.97883368 -17.93745422
v -3.28351712 8.21380234 -17.93745422
v -2.73348451 8.41285419 -17.93745422
v -2.17149925 8.57511902 -17.93745422
v -1.60001838 8.69988728 -17.93745422
v -1.02154112 8.78661251 -17.93745422
v -0.43859679 8.83491707 -17.93745422
v 0.14626543 8.84458828 -17.93745422
v 0.73048812 8.81558418 -17.93745422
v 1.31151664 8.74803257 -17.93745422
v 1.88681018 8.64222813 -17.93745422
v 2.45385337 8.49863338 -17.93745422
v 3.01016641 8.31787586 -17.93745422
v 3.55331683 8.10074711 -17.93745422
v 4.08092928 7.84819555 -17.93745422
v 4.59069729 7.56132650 -17.93745422
v 5.08039141 7.24139357 -17.93745422
v 5.54787016 6.88979578 -17.93745422
v 5.99108934 6.50807047 -17.93745422
v 6.40811157 6.09788752 -17.93745422
v 6.79711246 5.66104031 -17.93745422
v 7.15639114 5.19943857 -17.93745422
v 7.48437691 4.71510172 -17.93745422
v 7.77963591 4.21014643 -17.93745422
v 8.04087639 3.68678141 -17.93745422
v 8.26695538 3.14729524 -17.93745422
v 8.45688629 2.59404683 -17.93745422
v 8.60983658 2.02945542 -17.93745422
v 8.72513866 1.45598996 -17.93745422
v 8.80228806 0.87615776 -17.93745422
v 8.84094715 0.29249451 -17.93745422
v 10.00000954 0.00002341 -17.32050896
v 9.99454212 -0.33061028 -17.32050896
v 9.95083904 -0.99043190 -17.32050896
v 9.86362267 -1.64592254 -17.32050896
v 9.73327541 -2.29421568 -17.32050896
v 9.56036758 -2.93247700 -17.32050896
v 9.34565449 -3.55791497 -17.32050896
v 9.09007549 -4.16779518 -17.32050896
v 8.79474735 -4.75945044 -17.32050896
v 8.46096230 -5.33029366 -17.32050896
v 8.09017944 -5.87782907 -17.32050896
v 7.68402100 -6.39966202 -17.32050896
v 7.24426174 -6.89351082 -17.32050896
v 6.77282572 -7.35721588 -17.32050896
v 6.27177334 -7.78874922 -17.32050896
v 5.74329662 -8.18622494 -17.32050896
v 5.18970585 -8.54790401 -17.32050896
v 4.61342144 -8.87220478 -17.32050896
v 4.01696396 -9.15771008 -17.32050896
v 3.40294170 -9.40317059 -17.32050896
v 2.77403903 -9.60751343 -17.32050896
v 2.13300610 -9.76984501 -17.32050896
v 1.48264635 -9.88945484 -17.32050896
v 0.82580334 -9.96582127 -17.32050896
v 0.16534935 -9.99860954 -17.32050896
v -0.49582765 -9.98767662 -17.32050896
v -1.15483642 -9.93306923 -17.32050896
v -1.80879545 -9.83502769 -17.32050896
v -2.45484495 -9.69397926 -17.32050896
v -3.09016013 -9.51054192 -17.32050896
v -3.71196270 -9.28551674 -17.32050896
v -4.31753349 -9.01988888 -17.32050896
v -4.90422535 -8.71481895 -17.32050896
v -5.46947145 -8.37164116 -17.32050896
v -6.01080179 -7.99185658 -17.32050896
v -6.52584791 -7.57712507 -17.32050896
v -7.01235771 -7.12926102 -17.32050896
v -7.46820498 -6.65022230 -17.32050896
v -7.89139509 -6.14210367 -17.32050896
v -8.28007889 -5.60712719 -17.32050896
v -8.63255501 -5.04763174 -17.32050896
v -8.94728374 -4.46606445 -17.32050896
v -9.22288799 -3.86496830 -17.32050896
v -9.45816231 -3.24697137 -17.32050896
v -9.65207958 -2.61477590 -17.32050896
v -9.80379009 -1.97114682 -17.32050896
v -9.91263103 -1.31889832 -17.32050896
v -9.97812653 -0.66088241 -17.32050896
v -9.99999046 0.00002341 -17.32050896
v -9.97812653 0.66092926 -17.32050896
v -9.91263103 1.31894517 -17.32050896
v -9.80379009 1.97119367 -17.32050896
v -9.65207958 2.61482286 -17.32050896
v -9.45816231 3.24701810 -17.32050896
v -9.22288799 3.86501503 -17.32050896
v -8.94728374 4.46611166 -17.32050896
v -8.63255501 5.04767895 -17.32050896
v -8.28007889 5.60717392 -17.32050896
v -7.89139509 6.14215040 -17.32050896
v -7.46820498 6.65026903 -17.32050896
v -7.01235771 7.12930775 -17.32050896
v -6.52584791 7.57717228 -17.32050896
v -6.01080179 7.99190331 -17.32050896
v -5.46947145 8.37168789 -17.32050896
v -4.90422535 8.71486568 -17.32050896
v -4.31753349 9.01993561 -17.32050896
v -3.71196270 9.28556347 -17.32050896
v -3.09016013 9.51058865 -17.32050896
v -2.45484495 9.69402599 -17.32050896
v -1.80879545 9.83507442 -17.32050896
v -1.15483642 9.93311596 -17.32050896
v -0.49582765 9.98772335 -17.32050896
v 0.16534935 9.99865627 -17.32050896
v 0.82580334 9.96586800 -17.32050896
v 1.48264635 9.88950253 -17.32050896
v 2.13300610 9.76989174 -17.32050896
v 2.77403903 9.60756016 -17.32050896
v 3.40294170 9.40321732 -17.32050896
v 4.01696396 9.15775681 -17.32050896
v 4.61342144 8.87225151 -17.32050896
v 5.18970585 8.54795074 -17.32050896
v 5.74329662 8.18627167 -17.32050896
v 6.27177334 7.78879642 -17.32050896
v 6.77282572 7.35726261 -17.32050896
v 7.24426174 6.89355755 -17.32050896
v 7.68402100 6.39970875 -17.32050896
v 8.09017944 5.87787580 -17.32050896
v 8.46096230 5.33034086 -17.32050896
v 8.79474735 4.75949717 -17.32050896
v 9.09007549 4.16784191 -17.32050896
v 9.34565449 3.55796194 -17.32050896
v 9.56036758 2.93252373 -17.32050896
v 9.73327541 2.29426265 -17.32050896
v 9.86362267 1.64596927 -17.32050896
v 9.95083904 0.99047869 -17.32050896
v 9.99454212 0.33065709 -17.32050896
v 11.11141491 0.00002341 -16.62939262
v 11.10533905 -0.36735708 -16.62939262
v 11.05677891 -1.10051155 -16.62939262
v 10.95986938 -1.82885373 -16.62939262
v 10.81503582 -2.54919863 -16.62939262
v 10.62291050 -3.25839639 -16.62939262
v 10.38433361 -3.95334601 -16.62939262
v 10.10034943 -4.63100863 -16.62939262
v 9.77219868 -5.28842068 -16.62939262
v 9.40131664 -5.92270803 -16.62939262
v 8.98932552 -6.53109646 -16.62939262
v 8.53802586 -7.11092615 -16.62939262
v 8.04939175 -7.65966129 -16.62939262
v 7.52555943 -8.17490292 -16.62939262
v 6.96882010 -8.65439701 -16.62939262
v 6.38160801 -9.09604836 -16.62939262
v 5.76649094 -9.49792385 -16.62939262
v 5.12615824 -9.85826874 -16.62939262
v 4.46341038 -10.17550468 -16.62939262
v 3.78114510 -10.44824600 -16.62939262
v 3.08234596 -10.67529964 -16.62939262
v 2.37006831 -10.85567284 -16.62939262
v 1.64742732 -10.98857689 -16.62939262
v 0.91758239 -11.07343006 -16.62939262
v 0.18372525 -11.10986233 -16.62939262
v -0.55093527 -11.09771347 -16.62939262
v -1.28318667 -11.03703785 -16.62939262
v -2.00982690 -10.92809963 -16.62939262
v -2.72767878 -10.77137566 -16.62939262
v -3.43360305 -10.56755066 -16.62939262
v -4.12451315 -10.31751633 -16.62939262
v -4.79738760 -10.02236652 -16.62939262
v -5.44928408 -9.68339062 -16.62939262
v -6.07735252 -9.30207253 -16.62939262
v -6.67884588 -8.88007736 -16.62939262
v -7.25113440 -8.41925335 -16.62939262
v -7.79171562 -7.92161322 -16.62939262
v -8.29822540 -7.38933372 -16.62939262
v -8.76844978 -6.82474279 -16.62939262
v -9.20033169 -6.23030853 -16.62939262
v -9.59198189 -5.60863066 -16.62939262
v -9.94168949 -4.96242762 -16.62939262
v -10.24792480 -4.29452515 -16.62939262
v -10.50934792 -3.60784388 -16.62939262
v -10.72481728 -2.90538597 -16.62939262
v -10.89338875 -2.19022369 -16.62939262
v -11.01432610 -1.46548390 -16.62939262
v -11.08710098 -0.73433584 -16.62939262
v -11.11139488 0.00002341 -16.62939262
v -11.08710098 0.73438263 -16.62939262
v -11.01432610 1.46553063 -16.62939262
v -10.89338875 2.19027042 -16.62939262
v -10.72481728 2.90543294 -16.62939262
v -10.50934792 3.60789061 -16.62939262
v -10.24792480 4.29457188 -16.62939262
v -9.94168949 4.96247435 -16.62939262
v -9.59198189 5.60867739 -16.62939262
v -9.20033169 6.23035526 -16.62939262
v -8.76844978 6.82478952 -16.62939262
v -8.29822540 7.38938046 -16.62939262
v -7.79171562 7.92165995 -16.62939262
v -7.25113440 8.41930008 -16.62939262
v -6.67884588 8.88012505 -16.62939262
v -6.07735252 9.30211926 -16.62939262
v -5.44928408 9.68343735 -16.62939262
v -4.79738760 10.02241325 -16.62939262
v -4.12451315 10.31756306 -16.62939262
v -3.43360305 10.56759739 -16.62939262
v -2.72767878 10.77142239 -16.62939262
v -2.00982690 10.92814636 -16.62939262
v -1.28318667 11.03708458 -16.62939262
v -0.55093527 11.09776115 -16.62939262
v 0.18372525 11.10990906 -16.62939262
v 0.91758239 11.07347679 -16.62939262
v 1.64742732 10.98862362 -16.62939262
v 2.37006831 10.85571957 -16.62939262
v 3.08234596 10.67534637 -16.62939262
v 3.78114510 10.44829273 -16.62939262
v 4.46341038 10.17555141 -16.62939262
v 5.12615824 9.85831547 -16.62939262
v 5.76649094 9.49797153 -16.62939262
v 6.38160801 9.09609509 -16.62939262
v 6.96882010 8.65444374 -16.62939262
v 7.52555943 8.17494965 -16.62939262
v 8.04939175 7.65970802 -16.62939262
v 8.53802586 7.11097288 -16.62939262
v 8.98932552 6.53114319 -16.62939262
v 9.40131664 5.92275476 -16.62939262
v 9.77219868 5.28846741 -16.62939262
v 10.10034943 4.63105536 -16.62939262
v 10.38433361 3.95339274 -16.62939262
v 10.62291050 3.25844336 -16.62939262
v 10.81503582 2.54924536 -16.62939262
v 10.95986938 1.82890046 -16.62939262
v 11.05677891 1.10055840 -16.62939262
v 11.10533905 0.36740389 -16.62939262
v 12.17523861 0.00002341 -15.86706638
v 12.16858196 -0.40253067 -15.86706638
v 12.11537170 -1.20587862 -15.86706638
v 12.00918388 -2.00395346 -15.86706638
v 11.85048389 -2.79326534 -15.86706638
v 11.63996410 -3.57036281 -15.86706638
v 11.37854576 -4.33184814 -15.86706638
v 11.06737232 -5.07439089 -15.86706638
v 10.70780373 -5.79474497 -15.86706638
v 10.30141258 -6.48975992 -15.86706638
v 9.84997654 -7.15639639 -15.86706638
v 9.35546875 -7.79173994 -15.86706638
v 8.82005215 -8.39301205 -15.86706638
v 8.24606800 -8.95758343 -15.86706638
v 7.63602543 -9.48298550 -15.86706638
v 6.99259281 -9.96692085 -15.86706638
v 6.31858301 -10.40727329 -15.86706638
v 5.61694384 -10.80211735 -15.86706638
v 4.89074373 -11.14972591 -15.86706638
v 4.14315701 -11.44857979 -15.86706638
v 3.37745380 -11.69737244 -15.86706638
v 2.59698176 -11.89501476 -15.86706638
v 1.80515373 -12.04064274 -15.86706638
v 1.00543225 -12.13362026 -15.86706638
v 0.20131445 -12.17354107 -15.86706638
v -0.60368365 -12.16022968 -15.86706638
v -1.40604198 -12.09374428 -15.86706638
v -2.20225191 -11.97437572 -15.86706638
v -2.98883200 -11.80264664 -15.86706638
v -3.76234269 -11.57930660 -15.86706638
v -4.51940155 -11.30533409 -15.86706638
v -5.25669813 -10.98192596 -15.86706638
v -5.97100830 -10.61049652 -15.86706638
v -6.65920877 -10.19266987 -15.86706638
v -7.31829023 -9.73027325 -15.86706638
v -7.94537115 -9.22532845 -15.86706638
v -8.53770828 -8.68004322 -15.86706638
v -9.09271240 -8.09680271 -15.86706638
v -9.60795593 -7.47815657 -15.86706638
v -10.08118725 -6.82681036 -15.86706638
v -10.51033497 -6.14561224 -15.86706638
v -10.89352417 -5.43754101 -15.86706638
v -11.22907829 -4.70569229 -15.86706638
v -11.51553154 -3.95326686 -15.86706638
v -11.75162888 -3.18355465 -15.86706638
v -11.93634033 -2.39992142 -15.86706638
v -12.06885719 -1.60579395 -15.86706638
v -12.14859867 -0.80464458 -15.86706638
v -12.17521858 0.00002341 -15.86706638
v -12.14859867 0.80469137 -15.86706638
v -12.06885719 1.60584068 -15.86706638
v -11.93634033 2.39996839 -15.86706638
v -11.75162888 3.18360138 -15.86706638
v -11.51553154 3.95331359 -15.86706638
v -11.22907829 4.70573902 -15.86706638
v -10.89352417 5.43758774 -15.86706638
v -10.51033497 6.14565897 -15.86706638
v -10.08118725 6.82685757 -15.86706638
v -9.60795593 7.47820377 -15.86706638
v -9.09271240 8.09684944 -15.86706638
v -8.53770828 8.68008995 -15.86706638
v -7.94537115 9.22537518 -15.86706638
v -7.31829023 9.73031998 -15.86706638
v -6.65920877 10.19271660 -15.86706638
v -5.97100830 10.61054325 -15.86706638
v -5.25669813 10.98197269 -15.86706638
v -4.51940155 11.30538082 -15.86706638
v -3.76234269 11.57935429 -15.86706638
v -2.98883200 11.80269337 -15.86706638
v -2.20225191 11.97442245 -15.86706638
v -1.40604198 12.09379101 -15.86706638
v -0.60368365 12.16027641 -15.86706638
v 0.20131445 12.17358780 -15.86706638
v 1.00543225 12.13366699 -15.86706638
v 1.80515373 12.04068947 -15.86706638
v 2.59698176 11.89506149 -15.86706638
v 3.37745380 11.69741917 -15.86706638
v 4.14315701 11.44862652 -15.86706638
v 4.89074373 11.14977264 -15.86706638
v 5.61694384 10.80216408 -15.86706638
v 6.31858301 10.40732002 -15.86706638
v 6.99259281 9.96696758 -15.86706638
v 7.63602543 9.48303223 -15.86706638
v 8.24606800 8.95763016 -15.86706638
v 8.82005215 8.39305878 -15.86706638
v 9.35546875 7.79178667 -15.86706638
v 9.84997654 7.15644312 -15.86706638
v 10.30141258 6.48980665 -15.86706638
v 10.70780373 5.79479170 -15.86706638
v 11.06737232 5.07443762 -15.86706638
v 11.37854576 4.33189487 -15.86706638
v 11.63996410 3.57040954 -15.86706638
v 11.85048389 2.79331207 -15.86706638
v 12.00918388 2.00400019 -15.86706638
v 12.11537170 1.20592535 -15.86706638
v 12.16858196 0.40257749 -15.86706638
v 13.18692589 0.00002341 -15.03679657
v 13.17971611 -0.43598047 -15.03679657
v 13.12208462 -1.30608177 -15.03679657
v 13.00707340 -2.17047167 -15.03679657
v 12.83518600 -3.02537060 -15.03679657
v 12.60717392 -3.86704040 -15.03679657
v 12.32403374 -4.69180012 -15.03679657
v 11.98700333 -5.49604416 -15.03679657
v 11.59755707 -6.27625513 -15.03679657
v 11.15739727 -7.02902126 -15.03679657
v 10.66844940 -7.75105143 -15.03679657
v 10.13285065 -8.43918800 -15.03679657
v 9.55294418 -9.09042263 -15.03679657
v 8.93126488 -9.70190620 -15.03679657
v 8.27053165 -10.27096653 -15.03679657
v 7.57363367 -10.79511356 -15.03679657
v 6.84361839 -11.27205658 -15.03679657
v 6.08367729 -11.69970989 -15.03679657
v 5.29713392 -12.07620239 -15.03679657
v 4.48742771 -12.39988995 -15.03679657
v 3.65809894 -12.66935444 -15.03679657
v 2.81277418 -12.88341999 -15.03679657
v 1.95515025 -13.04114914 -15.03679657
v 1.08897686 -13.14185333 -15.03679657
v 0.21804164 -13.18509007 -15.03679657
v -0.65384692 -13.17067242 -15.03679657
v -1.52287638 -13.09866238 -15.03679657
v -2.38524652 -12.96937561 -15.03679657
v -3.23718667 -12.78337669 -15.03679657
v -4.07497120 -12.54147911 -15.03679657
v -4.89493704 -12.24474144 -15.03679657
v -5.69349861 -11.89445972 -15.03679657
v -6.46716356 -11.49216652 -15.03679657
v -7.21254969 -11.03962040 -15.03679657
v -7.92639685 -10.53880215 -15.03679657
v -8.60558414 -9.99189949 -15.03679657
v -9.24714088 -9.40130424 -15.03679657
v -9.84826279 -8.76959991 -15.03679657
v -10.40631962 -8.09954834 -15.03679657
v -10.91887283 -7.39407921 -15.03679657
v -11.38368130 -6.65627766 -15.03679657
v -11.79871082 -5.88936949 -15.03679657
v -12.16214752 -5.09670877 -15.03679657
v -12.47240257 -4.28176117 -15.03679657
v -12.72811890 -3.44809079 -15.03679657
v -12.92817879 -2.59934235 -15.03679657
v -13.07170677 -1.73922765 -15.03679657
v -13.15807533 -0.87150759 -15.03679657
v -13.18690681 0.00002341 -15.03679657
v -13.15807533 0.87155443 -15.03679657
v -13.07170677 1.73927438 -15.03679657
v -12.92817879 2.59938908 -15.03679657
v -12.72811890 3.44813752 -15.03679657
v -12.47240257 4.28180790 -15.03679657
v -12.16214752 5.09675550 -15.03679657
v -11.79871082 5.88941622 -15.03679657
v -11.38368130 6.65632439 -15.03679657
v -10.91887283 7.39412594 -15.03679657
v -10.40631962 8.09959507 -15.03679657
v -9.84826279 8.76964664 -15.03679657
v -9.24714088 9.40135098 -15.03679657
v -8.60558414 9.99194622 -15.03679657
v -7.92639685 10.53884888 -15.03679657
v -7.21254969 11.03966808 -15.03679657
v -6.46716356 11.49221325 -15.03679657
v -5.69349861 11.89450645 -15.03679657
v -4.89493704 12.24478817 -15.03679657
v -4.07497120 12.54152584 -15.03679657
v -3.23718667 12.78342342 -15.03679657
v -2.38524652 12.96942234 -15.03679657
v -1.52287638 13.09870911 -15.03679657
v -0.65384692 13.17071915 -15.03679657
v 0.21804164 13.18513680 -15.03679657
v 1.08897686 13.14190006 -15.03679657
v 1.95515025 13.04119587 -15.03679657
v 2.81277418 12.88346672 -15.03679657
v 3.65809894 12.66940212 -15.03679657
v 4.48742771 12.39993668 -15.03679657
v 5.29713392 12.07625008 -15.03679657
v 6.08367729 11.69975662 -15.03679657
v 6.84361839 11.27210331 -15.03679657
v 7.57363367 10.79516029 -15.03679657
v 8.27053165 10.27101326 -15.03679657
v 8.93126488 9.70195293 -15.03679657
v 9.55294418 9.09046936 -15.03679657
v 10.13285065 8.43923473 -15.03679657
v 10.66844940 7.75109816 -15.03679657
v 11.15739727 7.02906799 -15.03679657
v 11.59755707 6.27630186 -15.03679657
v 11.98700333 5.49609089 -15.03679657
v 12.32403374 4.69184685 -15.03679657
v 12.60717392 3.86708713 -15.03679657
v 12.83518600 3.02541733 -15.03679657
v 13.00707340 2.17051840 -15.03679657
v 13.12208462 1.30612850 -15.03679657
v 13.17971611 0.43602729 -15.03679657
v 14.14214516 0.00002341 -14.14213562
v 14.13441372 -0.46756324 -14.14213562
v 14.07260704 -1.40069187 -14.14213562
v 13.94926548 -2.32769561 -14.14213562
v 13.76492691 -3.24452090 -14.14213562
v 13.52039719 -4.14715862 -14.14213562
v 13.21674728 -5.03166151 -14.14213562
v 12.85530376 -5.89416218 -14.14213562
v 12.43764687 -6.73088932 -14.14213562
v 11.96560383 -7.53818369 -14.14213562
v 11.44123840 -8.31251526 -14.14213562
v 10.86684227 -9.05049896 -14.14213562
v 10.24492931 -9.74890614 -14.14213562
v 9.57821751 -10.40468407 -14.14213562
v 8.86962318 -11.01496506 -14.14213562
v 8.12224388 -11.57707977 -14.14213562
v 7.33934784 -12.08857059 -14.14213562
v 6.52435923 -12.54720211 -14.14213562
v 5.68084097 -12.95096684 -14.14213562
v 4.81248236 -13.29810047 -14.14213562
v 3.92307949 -13.58708572 -14.14213562
v 3.01652217 -13.81665707 -14.14213562
v 2.09677458 -13.98581123 -14.14213562
v 1.16785824 -14.09381008 -14.14213562
v 0.23383519 -14.14017868 -14.14213562
v -0.70121026 -14.12471676 -14.14213562
v -1.63318956 -14.04749107 -14.14213562
v -2.55802727 -13.90883923 -14.14213562
v -3.47167921 -13.70936680 -14.14213562
v -4.37015057 -13.44994640 -14.14213562
v -5.24951172 -13.13171387 -14.14213562
v -6.10591888 -12.75605869 -14.14213562
v -6.93562603 -12.32462502 -14.14213562
v -7.73500490 -11.83929825 -14.14213562
v -8.50056076 -11.30220127 -14.14213562
v -9.22894669 -10.71568298 -14.14213562
v -9.91697598 -10.08230782 -14.14213562
v -10.56164074 -9.40484428 -14.14213562
v -11.16012192 -8.68625641 -14.14213562
v -11.70980358 -7.92968512 -14.14213562
v -12.20828056 -7.13843918 -14.14213562
v -12.65337372 -6.31597900 -14.14213562
v -13.04313660 -5.46590042 -14.14213562
v -13.37586594 -4.59192038 -14.14213562
v -13.65010548 -3.69786143 -14.14213562
v -13.86465645 -2.78763223 -14.14213562
v -14.01858139 -1.86521351 -14.14213562
v -14.11120605 -0.93463862 -14.14213562
v -14.14212608 0.00002341 -14.14213562
v -14.11120605 0.93468541 -14.14213562
v -14.01858139 1.86526036 -14.14213562
v -13.86465645 2.78767920 -14.14213562
v -13.65010548 3.69790816 -14.14213562
v -13.37586594 4.59196711 -14.14213562
v -13.04313660 5.46594715 -14.14213562
v -12.65337372 6.31602573 -14.14213562
v -12.20828056 7.13848591 -14.14213562
v -11.70980358 7.92973185 -14.14213562
v -11.16012192 8.68630314 -14.14213562
v -10.56164074 9.40489101 -14.14213562
v -9.91697598 10.08235455 -14.14213562
v -9.22894669 10.71572971 -14.14213562
v -8.50056076 11.30224800 -14.14213562
v -7.73500490 11.83934498 -14.14213562
v -6.93562603 12.32467175 -14.14213562
v -6.10591888 12.75610542 -14.14213562
v -5.24951172 13.13176060 -14.14213562
v -4.37015057 13.44999409 -14.14213562
v -3.47167921 13.70941353 -14.14213562
v -2.55802727 13.90888596 -14.14213562
v -1.63318956 14.04753780 -14.14213562
v -0.70121026 14.12476349 -14.14213562
v 0.23383519 14.14022541 -14.14213562
v 1.16785824 14.09385681 -14.14213562
v 2.09677458 13.98585796 -14.14213562
v 3.01652217 13.81670380 -14.14213562
v 3.92307949 13.58713245 -14.14213562
v 4.81248236 13.29814816 -14.14213562
v 5.68084097 12.95101357 -14.14213562
v 6.52435923 12.54724884 -14.14213562
v 7.33934784 12.08861828 -14.14213562
v 8.12224388 11.57712650 -14.14213562
v 8.86962318 11.01501179 -14.14213562
v 9.57821751 10.40473080 -14.14213562
v 10.24492931 9.74895287 -14.14213562
v 10.86684227 9.05054569 -14.14213562
v 11.44123840 8.31256199 -14.14213562
v 11.96560383 7.53823042 -14.14213562
v 12.43764687 6.73093605 -14.14213562
v 12.85530376 5.89420891 -14.14213562
v 13.21674728 5.03170824 -14.14213562
v 13.52039719 4.14720535 -14.14213562
v 13.76492691 3.24456763 -14.14213562
v 13.94926548 2.32774234 -14.14213562
v 14.07260704 1.40073872 -14.14213562
v 14.13441372 0.46761006 -14.14213562
v 15.03680611 0.00002341 -13.18691635
v 15.02858448 -0.49714375 -13.18691635
v 14.96286869 -1.48930407 -13.18691635
v 14.83172417 -2.47495198 -13.18691635
v 14.63572311 -3.44977736 -13.18691635
v 14.37572479 -4.40951777 -13.18691635
v 14.05286503 -5.34997606 -13.18691635
v 13.66855621 -6.26704025 -13.18691635
v 13.22447777 -7.15670061 -13.18691635
v 12.72257137 -8.01506615 -13.18691635
v 12.16503334 -8.83838367 -13.18691635
v 11.55430031 -9.62305355 -13.18691635
v 10.89304447 -10.36564350 -13.18691635
v 10.18415451 -11.06290722 -13.18691635
v 9.43073273 -11.71179581 -13.18691635
v 8.63607311 -12.30947113 -13.18691635
v 7.80364943 -12.85332012 -13.18691635
v 6.93710279 -13.34096527 -13.18691635
v 6.04022217 -13.77027321 -13.18691635
v 5.11692905 -14.13936710 -13.18691635
v 4.17126083 -14.44663334 -13.18691635
v 3.20735288 -14.69072819 -13.18691635
v 2.22942019 -14.87058449 -13.18691635
v 1.24173868 -14.98541451 -13.18691635
v 0.24862745 -15.03471756 -13.18691635
v -0.74557090 -15.01827717 -13.18691635
v -1.73650908 -14.93616581 -13.18691635
v -2.71985388 -14.78874207 -13.18691635
v -3.69130540 -14.57665062 -13.18691635
v -4.64661551 -14.30081940 -13.18691635
v -5.58160734 -13.96245480 -13.18691635
v -6.49219227 -13.56303501 -13.18691635
v -7.37438822 -13.10430717 -13.18691635
v -8.22433853 -12.58827782 -13.18691635
v -9.03832436 -12.01720333 -13.18691635
v -9.81278896 -11.39358044 -13.18691635
v -10.54434490 -10.72013664 -13.18691635
v -11.22979259 -9.99981594 -13.18691635
v -11.86613464 -9.23576832 -13.18691635
v -12.45059013 -8.43133450 -13.18691635
v -12.98060226 -7.59003305 -13.18691635
v -13.45385265 -6.71554232 -13.18691635
v -13.86827278 -5.81168604 -13.18691635
v -14.22205162 -4.88241625 -13.18691635
v -14.51363945 -3.93179727 -13.18691635
v -14.74176407 -2.96398520 -13.18691635
v -14.90542603 -1.98321223 -13.18691635
v -15.00391006 -0.99376726 -13.18691635
v -15.03678608 0.00002341 -13.18691635
v -15.00391006 0.99381405 -13.18691635
v -14.90542603 1.98325908 -13.18691635
v -14.74176407 2.96403193 -13.18691635
v -14.51363945 3.93184400 -13.18691635
v -14.22205162 4.88246298 -13.18691635
v -13.86827278 5.81173277 -13.18691635
v -13.45385265 6.71558905 -13.18691635
v -12.98060226 7.59007978 -13.18691635
v -12.45059013 8.43138123 -13.18691635
v -11.86613464 9.23581505 -13.18691635
v -11.22979259 9.99986267 -13.18691635
v -10.54434490 10.72018337 -13.18691635
v -9.81278896 11.39362717 -13.18691635
v -9.03832436 12.01725006 -13.18691635
v -8.22433853 12.58832550 -13.18691635
v -7.37438822 13.10435390 -13.18691635
v -6.49219227 13.56308174 -13.18691635
v -5.58160734 13.96250153 -13.18691635
v -4.64661551 14.30086613 -13.18691635
v -3.69130540 14.57669735 -13.18691635
v -2.71985388 14.78878880 -13.18691635
v -1.73650908 14.93621254 -13.18691635
v -0.74557090 15.01832390 -13.18691635
v 0.24862745 15.03476429 -13.18691635
v 1.24173868 14.98546124 -13.18691635
v 2.22942019 14.87063122 -13.18691635
v 3.20735288 14.69077492 -13.18691635
v 4.17126083 14.44668102 -13.18691635
v 5.11692905 14.13941479 -13.18691635
v 6.04022217 13.77031994 -13.18691635
v 6.93710279 13.34101200 -13.18691635
v 7.80364943 12.85336685 -13.18691635
v 8.63607311 12.30951786 -13.18691635
v 9.43073273 11.71184254 -13.18691635
v 10.18415451 11.06295395 -13.18691635
v 10.89304447 10.36569023 -13.18691635
v 11.55430031 9.62310028 -13.18691635
v 12.16503334 8.83843040 -13.18691635
v 12.72257137 8.01511288 -13.18691635
v 13.22447777 7.15674734 -13.18691635
v 13.66855621 6.26708746 -13.18691635
v 14.05286503 5.35002279 -13.18691635
v 14.37572479 4.40956450 -13.18691635
v 14.63572311 3.44982409 -13.18691635
v 14.83172417 2.47499871 -13.18691635
v 14.96286869 1.48935080 -13.18691635
v 15.02858448 0.49719054 -13.18691635
v 15.86707687 0.00002341 -12.17522812
v 15.85840130 -0.52459526 -12.17522812
v 15.78905678 -1.57153869 -12.17522812
v 15.65067101 -2.61160994 -12.17522812
v 15.44384766 -3.64026117 -12.17522812
v 15.16949368 -4.65299463 -12.17522812
v 14.82880688 -5.64538145 -12.17522812
v 14.42327690 -6.61308241 -12.17522812
v 13.95467854 -7.55186558 -12.17522812
v 13.42505932 -8.45762634 -12.17522812
v 12.83673668 -9.32640457 -12.17522812
v 12.19228172 -10.15439987 -12.17522812
v 11.49451256 -10.93799305 -12.17522812
v 10.74648190 -11.67375660 -12.17522812
v 9.95145893 -12.35847473 -12.17522812
v 9.11292076 -12.98915100 -12.17522812
v 8.23453522 -13.56302929 -12.17522812
v 7.32014084 -14.07760048 -12.17522812
v 6.37373781 -14.53061295 -12.17522812
v 5.39946461 -14.92008686 -12.17522812
v 4.40158033 -15.24431896 -12.17522812
v 3.38444948 -15.50189209 -12.17522812
v 2.35251904 -15.69167900 -12.17522812
v 1.31030190 -15.81284904 -12.17522812
v 0.26235509 -15.86487484 -12.17522812
v -0.78673887 -15.84752655 -12.17522812
v -1.83239257 -15.76088142 -12.17522812
v -2.87003374 -15.60531712 -12.17522812
v -3.89512467 -15.38151550 -12.17522812
v -4.90318346 -15.09045410 -12.17522812
v -5.88980150 -14.73340511 -12.17522812
v -6.85066509 -14.31193161 -12.17522812
v -7.78157282 -13.82787514 -12.17522812
v -8.67845345 -13.28335285 -12.17522812
v -9.53738499 -12.68074608 -12.17522812
v -10.35461235 -12.02268887 -12.17522812
v -11.12656116 -11.31206036 -12.17522812
v -11.84985638 -10.55196571 -12.17522812
v -12.52133560 -9.74573040 -12.17522812
v -13.13806152 -8.89688015 -12.17522812
v -13.69733810 -8.00912476 -12.17522812
v -14.19672012 -7.08634853 -12.17522812
v -14.63402367 -6.13258457 -12.17522812
v -15.00733566 -5.15200472 -12.17522812
v -15.31502438 -4.14889622 -12.17522812
v -15.55574417 -3.12764573 -12.17522812
v -15.72844315 -2.09271860 -12.17522812
v -15.83236599 -1.04864037 -12.17522812
v -15.86705685 0.00002341 -12.17522812
v -15.83236599 1.04868710 -12.17522812
v -15.72844315 2.09276533 -12.17522812
v -15.55574417 3.12769246 -12.17522812
v -15.31502438 4.14894295 -12.17522812
v -15.00733566 5.15205145 -12.17522812
v -14.63402367 6.13263178 -12.17522812
v -14.19672012 7.08639526 -12.17522812
v -13.69733810 8.00917149 -12.17522812
v -13.13806152 8.89692688 -12.17522812
v -12.52133560 9.74577713 -12.17522812
v -11.84985638 10.55201244 -12.17522812
v -11.12656116 11.31210709 -12.17522812
v -10.35461235 12.02273560 -12.17522812
v -9.53738499 12.68079281 -12.17522812
v -8.67845345 13.28339958 -12.17522812
v -7.78157282 13.82792187 -12.17522812
v -6.85066509 14.31197834 -12.17522812
v -5.88980150 14.73345280 -12.17522812
v -4.90318346 15.09050083 -12.17522812
v -3.89512467 15.38156223 -12.17522812
v -2.87003374 15.60536385 -12.17522812
v -1.83239257 15.76092815 -12.17522812
v -0.78673887 15.84757328 -12.17522812
v 0.26235509 15.86492157 -12.17522812
v 1.31030190 15.81289577 -12.17522812
v 2.35251904 15.69172573 -12.17522812
v 3.38444948 15.50193882 -12.17522812
v 4.40158033 15.24436569 -12.17522812
v 5.39946461 14.92013359 -12.17522812
v 6.37373781 14.53065968 -12.17522812
v 7.32014084 14.07764721 -12.17522812
v 8.23453522 13.56307602 -12.17522812
v 9.11292076 12.98919773 -12.17522812
v 9.95145893 12.35852146 -12.17522812
v 10.74648190 11.67380428 -12.17522812
v 11.49451256 10.93803978 -12.17522812
v 12.19228172 10.15444660 -12.17522812
v 12.83673668 9.32645130 -12.17522812
v 13.42505932 8.45767307 -12.17522812
v 13.95467854 7.55191231 -12.17522812
v 14.42327690 6.61312914 -12.17522812
v 14.82880688 5.64542818 -12.17522812
v 15.16949368 4.65304136 -12.17522812
v 15.44384766 3.64030814 -12.17522812
v 15.65067101 2.61165667 -12.17522812
v 15.78905678 1.57158542 -12.17522812
v 15.85840130 0.52464211 -12.17522812
v 16.62940216 0.00002341 -11.11140442
v 16.62030983 -0.54980034 -11.11140442
v 16.54763412 -1.64704359 -11.11140442
v 16.40259933 -2.73708463 -11.11140442
v 16.18584061 -3.81515694 -11.11140442
v 15.89830399 -4.87654638 -11.11140442
v 15.54124928 -5.91661215 -11.11140442
v 15.11623573 -6.93080568 -11.11140442
v 14.62512398 -7.91469240 -11.11140442
v 14.07005978 -8.86397076 -11.11140442
v 13.45347118 -9.77448845 -11.11140442
v 12.77805328 -10.64226437 -11.11140442
v 12.04676056 -11.46350479 -11.11140442
v 11.26279068 -12.23461819 -11.11140442
v 10.42957115 -12.95223236 -11.11140442
v 9.55074692 -13.61320972 -11.11140442
v 8.63015842 -14.21465969 -11.11140442
v 7.67183304 -14.75395298 -11.11140442
v 6.67996073 -15.22873020 -11.11140442
v 5.65887880 -15.63691616 -11.11140442
v 4.61305189 -15.97672653 -11.11140442
v 3.54705310 -16.24667358 -11.11140442
v 2.46554422 -16.44557953 -11.11140442
v 1.37325418 -16.57257080 -11.11140442
v 0.27495936 -16.62709618 -11.11140442
v -0.82453781 -16.60891342 -11.11140442
v -1.92042947 -16.51810646 -11.11140442
v -3.00792336 -16.35506821 -11.11140442
v -4.08226442 -16.12051392 -11.11140442
v -5.13875484 -15.81546879 -11.11140442
v -6.17277479 -15.44126606 -11.11140442
v -7.17980242 -14.99954224 -11.11140442
v -8.15543461 -14.49222946 -11.11140442
v -9.09540558 -13.92154598 -11.11140442
v -9.99560452 -13.28998756 -11.11140442
v -10.85209465 -12.60031414 -11.11140442
v -11.66113186 -11.85554314 -11.11140442
v -12.41917706 -11.05893135 -11.11140442
v -13.12291718 -10.21396065 -11.11140442
v -13.76927376 -9.32432747 -11.11140442
v -14.35542107 -8.39392090 -11.11140442
v -14.87879467 -7.42680979 -11.11140442
v -15.33710861 -6.42722273 -11.11140442
v -15.72835636 -5.39953136 -11.11140442
v -16.05082703 -4.34822893 -11.11140442
v -16.30311394 -3.27791286 -11.11140442
v -16.48410988 -2.19326329 -11.11140442
v -16.59302521 -1.09902287 -11.11140442
v -16.62938309 0.00002341 -11.11140442
v -16.59302521 1.09906971 -11.11140442
v -16.48410988 2.19331002 -11.11140442
v -16.30311394 3.27795982 -11.11140442
v -16.05082703 4.34827614 -11.11140442
v -15.72835636 5.39957809 -11.11140442
v -15.33710861 6.42726946 -11.11140442
v -14.87879467 7.42685652 -11.11140442
v -14.35542107 8.39396763 -11.11140442
v -13.76927376 9.32437420 -11.11140442
v -13.12291718 10.21400738 -11.11140442
v -12.41917706 11.05897808 -11.11140442
v -11.66113186 11.85558987 -11.11140442
v -10.85209465 12.60036087 -11.11140442
v -9.99560452 13.29003429 -11.11140442
v -9.09540558 13.92159271 -11.11140442
v -8.15543461 14.49227715 -11.11140442
v -7.17980242 14.99958897 -11.11140442
v -6.17277479 15.44131279 -11.11140442
v -5.13875484 15.81551552 -11.11140442
v -4.08226442 16.12056160 -11.11140442
v -3.00792336 16.35511589 -11.11140442
v -1.92042947 16.51815224 -11.11140442
v -0.82453781 16.60896111 -11.11140442
v 0.27495936 16.62714195 -11.11140442
v 1.37325418 16.57261848 -11.11140442
v 2.46554422 16.44562531 -11.11140442
v 3.54705310 16.24672127 -11.11140442
v 4.61305189 15.97677326 -11.11140442
v 5.65887880 15.63696384 -11.11140442
v 6.67996073 15.22877693 -11.11140442
v 7.67183304 14.75399971 -11.11140442
v 8.63015842 14.21470642 -11.11140442
v 9.55074692 13.61325645 -11.11140442
v 10.42957115 12.95227909 -11.11140442
v 11.26279068 12.23466492 -11.11140442
v 12.04676056 11.46355152 -11.11140442
v 12.77805328 10.64231110 -11.11140442
v 13.45347118 9.77453518 -11.11140442
v 14.07005978 8.86401749 -11.11140442
v 14.62512398 7.91473913 -11.11140442
v 15.11623573 6.93085241 -11.11140442
v 15.54124928 5.91665888 -11.11140442
v 15.89830399 4.87659311 -11.11140442
v 16.18584061 3.81520367 -11.11140442
v 16.40259933 2.73713136 -11.11140442
v 16.54763412 1.64709044 -11.11140442
v 16.62030983 0.54984713 -11.11140442
v 17.32051849 0.00002341 -10.00000000
v 17.31104851 -0.57265097 -10.00000000
v 17.23535156 -1.71549547 -10.00000000
v 17.08428955 -2.85083842 -10.00000000
v 16.85852051 -3.97371554 -10.00000000
v 16.55903625 -5.07921600 -10.00000000
v 16.18714142 -6.16250658 -10.00000000
v 15.74446487 -7.21885014 -10.00000000
v 15.23294258 -8.24362755 -10.00000000
v 14.65480995 -9.23235703 -10.00000000
v 14.01259518 -10.18071556 -10.00000000
v 13.30910778 -11.08455658 -10.00000000
v 12.54742241 -11.93992805 -10.00000000
v 11.73087120 -12.74308872 -10.00000000
v 10.86302280 -13.49052715 -10.00000000
v 9.94767380 -14.17897415 -10.00000000
v 8.98882675 -14.80542088 -10.00000000
v 7.99067307 -15.36712646 -10.00000000
v 6.95757866 -15.86163616 -10.00000000
v 5.89406061 -16.28678703 -10.00000000
v 4.80476904 -16.64071846 -10.00000000
v 3.69446778 -16.92188454 -10.00000000
v 2.56801152 -17.12905693 -10.00000000
v 1.43032610 -17.26132584 -10.00000000
v 0.28638622 -17.31811714 -10.00000000
v -0.85880595 -17.29917908 -10.00000000
v -2.00024271 -17.20459747 -10.00000000
v -3.13293290 -17.03478432 -10.00000000
v -4.25192356 -16.79048157 -10.00000000
v -5.35232162 -16.47275925 -10.00000000
v -6.42931509 -16.08300400 -10.00000000
v -7.47819471 -15.62292290 -10.00000000
v -8.49437428 -15.09452629 -10.00000000
v -9.47340965 -14.50012493 -10.00000000
v -10.41102123 -13.84231853 -10.00000000
v -11.30310726 -13.12398338 -10.00000000
v -12.14576721 -12.34825993 -10.00000000
v -12.93531799 -11.51854038 -10.00000000
v -13.66830444 -10.63845253 -10.00000000
v -14.34152412 -9.71184635 -10.00000000
v -14.95203114 -8.74277210 -10.00000000
v -15.49715710 -7.73546791 -10.00000000
v -15.97451687 -6.69433880 -10.00000000
v -16.38202477 -5.62393618 -10.00000000
v -16.71789932 -4.52894211 -10.00000000
v -16.98066902 -3.41414356 -10.00000000
v -17.16918755 -2.28441596 -10.00000000
v -17.28262901 -1.14469910 -10.00000000
v -17.32049751 0.00002341 -10.00000000
v -17.28262901 1.14474595 -10.00000000
v -17.16918755 2.28446293 -10.00000000
v -16.98066902 3.41419053 -10.00000000
v -16.71789932 4.52898884 -10.00000000
v -16.38202477 5.62398338 -10.00000000
v -15.97451687 6.69438553 -10.00000000
v -15.49715710 7.73551464 -10.00000000
v -14.95203114 8.74281883 -10.00000000
v -14.34152412 9.71189308 -10.00000000
v -13.66830444 10.63849926 -10.00000000
v -12.93531799 11.51858711 -10.00000000
v -12.14576721 12.34830666 -10.00000000
v -11.30310726 13.12403011 -10.00000000
v -10.41102123 13.84236526 -10.00000000
v -9.47340965 14.50017262 -10.00000000
v -8.49437428 15.09457302 -10.00000000
v -7.47819471 15.62296963 -10.00000000
v -6.42931509 16.08305168 -10.00000000
v -5.35232162 16.47280502 -10.00000000
v -4.25192356 16.79052925 -10.00000000
v -3.13293290 17.03483009 -10.00000000
v -2.00024271 17.20464516 -10.00000000
v -0.85880595 17.29922676 -10.00000000
v 0.28638622 17.31816292 -10.00000000
v 1.43032610 17.26137352 -10.00000000
v 2.56801152 17.12910271 -10.00000000
v 3.69446778 16.92193222 -10.00000000
v 4.80476904 16.64076614 -10.00000000
v 5.89406061 16.28683281 -10.00000000
v 6.95757866 15.86168289 -10.00000000
v 7.99067307 15.36717319 -10.00000000
v 8.98882675 14.80546761 -10.00000000
v 9.94767380 14.17902088 -10.00000000
v 10.86302280 13.49057388 -10.00000000
v 11.73087120 12.74313545 -10.00000000
v 12.54742241 11.93997478 -10.00000000
v 13.30910778 11.08460331 -10.00000000
v 14.01259518 10.18076229 -10.00000000
v 14.65480995 9.23240376 -10.00000000
v 15.23294258 8.24367428 -10.00000000
v 15.74446487 7.21889687 -10.00000000
v 16.18714142 6.16255379 -10.00000000
v 16.55903625 5.07926321 -10.00000000
v 16.85852051 3.97376227 -10.00000000
v 17.08428955 2.85088539 -10.00000000
v 17.23535156 1.71554232 -10.00000000
v 17.31104851 0.57269776 -10.00000000
v 17.93746567 0.00002341 -8.84577370
v 17.92765808 -0.59304929 -8.84577370
v 17.84926414 -1.77660131 -8.84577370
v 17.69282150 -2.95238471 -8.84577370
v 17.45901108 -4.11525774 -8.84577370
v 17.14885902 -5.26013613 -8.84577370
v 16.76371765 -6.38201284 -8.84577370
v 16.30527306 -7.47598219 -8.84577370
v 15.77553082 -8.53726101 -8.84577370
v 15.17680550 -9.56120872 -8.84577370
v 14.51171589 -10.54334831 -8.84577370
v 13.78316975 -11.47938347 -8.84577370
v 12.99435425 -12.36522198 -8.84577370
v 12.14871788 -13.19699097 -8.84577370
v 11.24995708 -13.97105217 -8.84577370
v 10.30200481 -14.68402195 -8.84577370
v 9.30900288 -15.33278179 -8.84577370
v 8.27529621 -15.91449547 -8.84577370
v 7.20540333 -16.42661858 -8.84577370
v 6.10400343 -16.86691284 -8.84577370
v 4.97591209 -17.23345184 -8.84577370
v 3.82606244 -17.52463341 -8.84577370
v 2.65948248 -17.73918343 -8.84577370
v 1.48127317 -17.87616539 -8.84577370
v 0.29658678 -17.93498039 -8.84577370
v -0.88939649 -17.91536713 -8.84577370
v -2.07149053 -17.81741714 -8.84577370
v -3.24452662 -17.64155388 -8.84577370
v -4.40337515 -17.38854980 -8.84577370
v -5.54296827 -17.05950928 -8.84577370
v -6.65832376 -16.65587234 -8.84577370
v -7.74456453 -16.17940331 -8.84577370
v -8.79693985 -15.63218594 -8.84577370
v -9.81084824 -15.01661205 -8.84577370
v -10.78185558 -14.33537483 -8.84577370
v -11.70571804 -13.59145260 -8.84577370
v -12.57839298 -12.78809834 -8.84577370
v -13.39606667 -11.92882442 -8.84577370
v -14.15516281 -11.01738930 -8.84577370
v -14.85236073 -10.05777740 -8.84577370
v -15.48461437 -9.05418587 -8.84577370
v -16.04915619 -8.01100159 -8.84577370
v -16.54351997 -6.93278790 -8.84577370
v -16.96554375 -5.82425880 -8.84577370
v -17.31338120 -4.69026136 -8.84577370
v -17.58551216 -3.53575444 -8.84577370
v -17.78074455 -2.36578655 -8.84577370
v -17.89822769 -1.18547344 -8.84577370
v -17.93744469 0.00002341 -8.84577370
v -17.89822769 1.18552029 -8.84577370
v -17.78074455 2.36583328 -8.84577370
v -17.58551216 3.53580117 -8.84577370
v -17.31338120 4.69030809 -8.84577370
v -16.96554375 5.82430553 -8.84577370
v -16.54351997 6.93283463 -8.84577370
v -16.04915619 8.01104832 -8.84577370
v -15.48461437 9.05423260 -8.84577370
v -14.85236073 10.05782413 -8.84577370
v -14.15516281 11.01743603 -8.84577370
v -13.39606667 11.92887115 -8.84577370
v -12.57839298 12.78814507 -8.84577370
v -11.70571804 13.59149933 -8.84577370
v -10.78185558 14.33542156 -8.84577370
v -9.81084824 15.01665974 -8.84577370
v -8.79693985 15.63223267 -8.84577370
v -7.74456453 16.17945099 -8.84577370
v -6.65832376 16.65592003 -8.84577370
v -5.54296827 17.05955696 -8.84577370
v -4.40337515 17.38859749 -8.84577370
v -3.24452662 17.64160156 -8.84577370
v -2.07149053 17.81746292 -8.84577370
v -0.88939649 17.91541481 -8.84577370
v 0.29658678 17.93502617 -8.84577370
v 1.48127317 17.87621307 -8.84577370
v 2.65948248 17.73923111 -8.84577370
v 3.82606244 17.52468109 -8.84577370
v 4.97591209 17.23349953 -8.84577370
v 6.10400343 16.86696053 -8.84577370
v 7.20540333 16.42666626 -8.84577370
v 8.27529621 15.91454220 -8.84577370
v 9.30900288 15.33282948 -8.84577370
v 10.30200481 14.68406868 -8.84577370
v 11.24995708 13.97109985 -8.84577370
v 12.14871788 13.19703770 -8.84577370
v 12.99435425 12.36526871 -8.84577370
v 13.78316975 11.47943020 -8.84577370
v 14.51171589 10.54339504 -8.84577370
v 15.17680550 9.56125641 -8.84577370
v 15.77553082 8.53730869 -8.84577370
v 16.30527306 7.47602940 -8.84577370
v 16.76371765 6.38205957 -8.84577370
v 17.14885902 5.26018286 -8.84577370
v 17.45901108 4.11530447 -8.84577370
v 17.69282150 2.95243144 -8.84577370
v 17.84926414 1.77664816 -8.84577370
v 17.92765808 0.59309608 -8.84577370
v 18.47760010 0.00002341 -7.65366888
v 18.46749878 -0.61090797 -7.65366888
v 18.38674355 -1.83009934 -7.65366888
v 18.22558975 -3.04128814 -7.65366888
v 17.98474121 -4.23917770 -7.65366888
v 17.66524696 -5.41853094 -7.65366888
v 17.26850891 -6.57418966 -7.65366888
v 16.79626083 -7.70110130 -7.65366888
v 16.25056648 -8.79433727 -7.65366888
v 15.63381195 -9.84911823 -7.65366888
v 14.94869518 -10.86083221 -7.65366888
v 14.19821072 -11.82505322 -7.65366888
v 13.38564205 -12.73756695 -7.65366888
v 12.51454163 -13.59438229 -7.65366888
v 11.58871746 -14.39175224 -7.65366888
v 10.61221981 -15.12619114 -7.65366888
v 9.58931732 -15.79448605 -7.65366888
v 8.52448273 -16.39371681 -7.65366888
v 7.42237329 -16.92126083 -7.65366888
v 6.28780794 -17.37481308 -7.65366888
v 5.12574720 -17.75238991 -7.65366888
v 3.94127321 -18.05233955 -7.65366888
v 2.73956490 -18.27334976 -7.65366888
v 1.52587724 -18.41445732 -7.65366888
v 0.30551735 -18.47504234 -7.65366888
v -0.91617841 -18.45483971 -7.65366888
v -2.13386798 -18.35393906 -7.65366888
v -3.34222651 -18.17278099 -7.65366888
v -4.53597021 -17.91215706 -7.65366888
v -5.70987940 -17.57320976 -7.65366888
v -6.85882092 -17.15741730 -7.65366888
v -7.97777033 -16.66660118 -7.65366888
v -9.06183529 -16.10290527 -7.65366888
v -10.10627460 -15.46879578 -7.65366888
v -11.10652161 -14.76704502 -7.65366888
v -12.05820274 -14.00072193 -7.65366888
v -12.95715618 -13.17317677 -7.65366888
v -13.79945183 -12.28802872 -7.65366888
v -14.58140564 -11.34914780 -7.65366888
v -15.29959869 -10.36063957 -7.65366888
v -15.95088959 -9.32682800 -7.65366888
v -16.53243256 -8.25223160 -7.65366888
v -17.04168320 -7.14155006 -7.65366888
v -17.47641373 -5.99964046 -7.65366888
v -17.83472443 -4.83149576 -7.65366888
v -18.11504936 -3.64222431 -7.65366888
v -18.31616211 -2.43702626 -7.65366888
v -18.43718147 -1.22117138 -7.65366888
v -18.47758102 0.00002341 -7.65366888
v -18.43718147 1.22121811 -7.65366888
v -18.31616211 2.43707299 -7.65366888
v -18.11504936 3.64227104 -7.65366888
v -17.83472443 4.83154249 -7.65366888
v -17.47641373 5.99968719 -7.65366888
v -17.04168320 7.14159679 -7.65366888
v -16.53243256 8.25227833 -7.65366888
v -15.95088959 9.32687473 -7.65366888
v -15.29959869 10.36068630 -7.65366888
v -14.58140564 11.34919453 -7.65366888
v -13.79945183 12.28807545 -7.65366888
v -12.95715618 13.17322350 -7.65366888
v -12.05820274 14.00076866 -7.65366888
v -11.10652161 14.76709175 -7.65366888
v -10.10627460 15.46884251 -7.65366888
v -9.06183529 16.10295296 -7.65366888
v -7.97777033 16.66664886 -7.65366888
v -6.85882092 17.15746498 -7.65366888
v -5.70987940 17.57325554 -7.65366888
v -4.53597021 17.91220474 -7.65366888
v -3.34222651 18.17282677 -7.65366888
v -2.13386798 18.35398483 -7.65366888
v -0.91617841 18.45488548 -7.65366888
v 0.30551735 18.47508812 -7.65366888
v 1.52587724 18.41450310 -7.65366888
v 2.73956490 18.27339745 -7.65366888
v 3.94127321 18.05238533 -7.65366888
v 5.12574720 17.75243568 -7.65366888
v 6.28780794 17.37486076 -7.65366888
v 7.42237329 16.92130852 -7.65366888
v 8.52448273 16.39376259 -7.65366888
v 9.58931732 15.79453278 -7.65366888
v 10.61221981 15.12623787 -7.65366888
v 11.58871746 14.39179897 -7.65366888
v 12.51454163 13.59442902 -7.65366888
v 13.38564205 12.73761368 -7.65366888
v 14.19821072 11.82509995 -7.65366888
v 14.94869518 10.86087894 -7.65366888
v 15.63381195 9.84916592 -7.65366888
v 16.25056648 8.79438496 -7.65366888
v 16.79626083 7.70114803 -7.65366888
v 17.26850891 6.57423639 -7.65366888
v 17.66524696 5.41857767 -7.65366888
v 17.98474121 4.23922491 -7.65366888
v 18.22558975 3.04133487 -7.65366888
v 18.38674355 1.83014619 -7.65366888
v 18.46749878 0.61095482 -7.65366888
v 18.93861198 0.00002341 -6.42878914
v 18.92825890 -0.62615061 -6.42878914
v 18.84548950 -1.87576056 -6.42878914
v 18.68031502 -3.11716819 -6.42878914
v 18.43345642 -4.34494495 -6.42878914
v 18.10599136 -5.55372238 -6.42878914
v 17.69935417 -6.73821497 -6.42878914
v 17.21532249 -7.89324284 -6.42878914
v 16.65601349 -9.01375484 -6.42878914
v 16.02387238 -10.09485245 -6.42878914
v 15.32166100 -11.13180828 -6.42878914
v 14.55245304 -12.12008667 -6.42878914
v 13.71961117 -13.05536652 -6.42878914
v 12.82677650 -13.93355942 -6.42878914
v 11.87785339 -14.75082397 -6.42878914
v 10.87699223 -15.50358677 -6.42878914
v 9.82856846 -16.18855667 -6.42878914
v 8.73716640 -16.80273628 -6.42878914
v 7.60755968 -17.34344292 -6.42878914
v 6.44468689 -17.80831146 -6.42878914
v 5.25363350 -18.19530869 -6.42878914
v 4.03960705 -18.50274277 -6.42878914
v 2.80791616 -18.72926712 -6.42878914
v 1.56394732 -18.87389374 -6.42878914
v 0.31313971 -18.93599129 -6.42878914
v -0.93903714 -18.91528320 -6.42878914
v -2.18710780 -18.81186676 -6.42878914
v -3.42561460 -18.62618828 -6.42878914
v -4.64914227 -18.35906219 -6.42878914
v -5.85234022 -18.01165771 -6.42878914
v -7.02994728 -17.58549309 -6.42878914
v -8.17681408 -17.08242989 -6.42878914
v -9.28792572 -16.50467110 -6.42878914
v -10.35842419 -15.85474014 -6.42878914
v -11.38362694 -15.13548088 -6.42878914
v -12.35905266 -14.35003757 -6.42878914
v -13.28043461 -13.50184536 -6.42878914
v -14.14374542 -12.59461308 -6.42878914
v -14.94520855 -11.63230705 -6.42878914
v -15.68132019 -10.61913586 -6.42878914
v -16.34886169 -9.55953026 -6.42878914
v -16.94491386 -8.45812321 -6.42878914
v -17.46686935 -7.31973076 -6.42878914
v -17.91244698 -6.14933062 -6.42878914
v -18.27969742 -4.95204115 -6.42878914
v -18.56701660 -3.73309755 -6.42878914
v -18.77314568 -2.49782991 -6.42878914
v -18.89718628 -1.25163996 -6.42878914
v -18.93859291 0.00002341 -6.42878914
v -18.89718628 1.25168669 -6.42878914
v -18.77314568 2.49787688 -6.42878914
v -18.56701660 3.73314452 -6.42878914
v -18.27969742 4.95208788 -6.42878914
v -17.91244698 6.14937782 -6.42878914
v -17.46686935 7.31977749 -6.42878914
v -16.94491386 8.45816994 -6.42878914
v -16.34886169 9.55957699 -6.42878914
v -15.68132019 10.61918259 -6.42878914
v -14.94520855 11.63235378 -6.42878914
v -14.14374542 12.59465981 -6.42878914
v -13.28043461 13.50189209 -6.42878914
v -12.35905266 14.35008430 -6.42878914
v -11.38362694 15.13552761 -6.42878914
v -10.35842419 15.85478687 -6.42878914
v -9.28792572 16.50471687 -6.42878914
v -8.17681408 17.08247757 -6.42878914
v -7.02994728 17.58553886 -6.42878914
v -5.85234022 18.01170540 -6.42878914
v -4.64914227 18.35910988 -6.42878914
v -3.42561460 18.62623596 -6.42878914
v -2.18710780 18.81191254 -6.42878914
v -0.93903714 18.91533089 -6.42878914
v 0.31313971 18.93603706 -6.42878914
v 1.56394732 18.87394142 -6.42878914
v 2.80791616 18.72931480 -6.42878914
v 4.03960705 18.50278854 -6.42878914
v 5.25363350 18.19535637 -6.42878914
v 6.44468689 17.80835915 -6.42878914
v 7.60755968 17.34349060 -6.42878914
v 8.73716640 16.80278397 -6.42878914
v 9.82856846 16.18860245 -6.42878914
v 10.87699223 15.50363350 -6.42878914
v 11.87785339 14.75087070 -6.42878914
v 12.82677650 13.93360615 -6.42878914
v 13.71961117 13.05541325 -6.42878914
v 14.55245304 12.12013340 -6.42878914
v 15.32166100 11.13185501 -6.42878914
v 16.02387238 10.09489918 -6.42878914
v 16.65601349 9.01380157 -6.42878914
v 17.21532249 7.89328957 -6.42878914
v 17.69935417 6.73826170 -6.42878914
v 18.10599136 5.55376911 -6.42878914
v 18.43345642 4.34499168 -6.42878914
v 18.68031502 3.11721492 -6.42878914
v 18.84548950 1.87580729 -6.42878914
v 18.92825890 0.62619740 -6.42878914
v 19.31852722 0.00002341 -5.17638111
v 19.30796432 -0.63871187 -5.17638111
v 19.22353554 -1.91338933 -5.17638111
v 19.05504799 -3.17969990 -5.17638111
v 18.80323601 -4.43210649 -5.17638111
v 18.46920204 -5.66513252 -5.17638111
v 18.05440903 -6.87338591 -5.17638111
v 17.56066704 -8.05158424 -5.17638111
v 16.99013901 -9.19457436 -5.17638111
v 16.34531593 -10.29735851 -5.17638111
v 15.62901783 -11.35511589 -5.17638111
v 14.84437943 -12.36321926 -5.17638111
v 13.99483013 -13.31726170 -5.17638111
v 13.08408546 -14.21307087 -5.17638111
v 12.11612701 -15.04673004 -5.17638111
v 11.09518719 -15.81459332 -5.17638111
v 10.02573204 -16.51330376 -5.17638111
v 8.91243649 -17.13980484 -5.17638111
v 7.76016951 -17.69135857 -5.17638111
v 6.57396936 -18.16555214 -5.17638111
v 5.35902262 -18.56031227 -5.17638111
v 4.12064219 -18.87391281 -5.17638111
v 2.86424351 -19.10498238 -5.17638111
v 1.59532034 -19.25251007 -5.17638111
v 0.31942117 -19.31585312 -5.17638111
v -0.95787472 -19.29473114 -5.17638111
v -2.23098207 -19.18923759 -5.17638111
v -3.49433374 -18.99983597 -5.17638111
v -4.74240541 -18.72735214 -5.17638111
v -5.96973991 -18.37297821 -5.17638111
v -7.17097044 -17.93826294 -5.17638111
v -8.34084415 -17.42510986 -5.17638111
v -9.47424507 -16.83576012 -5.17638111
v -10.56621742 -16.17279053 -5.17638111
v -11.61198616 -15.43910313 -5.17638111
v -12.60697937 -14.63790417 -5.17638111
v -13.54684448 -13.77269650 -5.17638111
v -14.42747307 -12.84726524 -5.17638111
v -15.24501419 -11.86565495 -5.17638111
v -15.99589252 -10.83216000 -5.17638111
v -16.67682457 -9.75129795 -5.17638111
v -17.28483391 -8.62779617 -5.17638111
v -17.81726074 -7.46656704 -5.17638111
v -18.27177620 -6.27268887 -5.17638111
v -18.64639473 -5.05138111 -5.17638111
v -18.93947601 -3.80798507 -5.17638111
v -19.14974213 -2.54793763 -5.17638111
v -19.27626991 -1.27674866 -5.17638111
v -19.31850624 0.00002341 -5.17638111
v -19.27626991 1.27679551 -5.17638111
v -19.14974213 2.54798460 -5.17638111
v -18.93947601 3.80803204 -5.17638111
v -18.64639473 5.05142784 -5.17638111
v -18.27177620 6.27273560 -5.17638111
v -17.81726074 7.46661377 -5.17638111
v -17.28483391 8.62784290 -5.17638111
v -16.67682457 9.75134468 -5.17638111
v -15.99589252 10.83220673 -5.17638111
v -15.24501419 11.86570168 -5.17638111
v -14.42747307 12.84731197 -5.17638111
v -13.54684448 13.77274323 -5.17638111
v -12.60697937 14.63795090 -5.17638111
v -11.61198616 15.43914986 -5.17638111
v -10.56621742 16.17283821 -5.17638111
v -9.47424507 16.83580589 -5.17638111
v -8.34084415 17.42515564 -5.17638111
v -7.17097044 17.93831062 -5.17638111
v -5.96973991 18.37302399 -5.17638111
v -4.74240541 18.72739792 -5.17638111
v -3.49433374 18.99988174 -5.17638111
v -2.23098207 19.18928528 -5.17638111
v -0.95787472 19.29477692 -5.17638111
v 0.31942117 19.31589890 -5.17638111
v 1.59532034 19.25255775 -5.17638111
v 2.86424351 19.10503006 -5.17638111
v 4.12064219 18.87396049 -5.17638111
v 5.35902262 18.56035995 -5.17638111
v 6.57396936 18.16559982 -5.17638111
v 7.76016951 17.69140625 -5.17638111
v 8.91243649 17.13985252 -5.17638111
v 10.02573204 16.51335144 -5.17638111
v 11.09518719 15.81464005 -5.17638111
v 12.11612701 15.04677677 -5.17638111
v 13.08408546 14.21311760 -5.17638111
v 13.99483013 13.31730843 -5.17638111
v 14.84437943 12.36326599 -5.17638111
v 15.62901783 11.35516262 -5.17638111
v 16.34531593 10.29740524 -5.17638111
v 16.99013901 9.19462109 -5.17638111
v 17.56066704 8.05163097 -5.17638111
v 18.05440903 6.87343264 -5.17638111
v 18.46920204 5.66517925 -5.17638111
v 18.80323601 4.43215322 -5.17638111
v 19.05504799 3.17974663 -5.17638111
v 19.22353554 1.91343617 -5.17638111
v 19.30796432 0.63875866 -5.17638111
v 19.61571503 0.00002341 -3.90180635
v 19.60499001 -0.64853793 -3.90180635
v 19.51926231 -1.94282460 -3.90180635
v 19.34818268 -3.22861552 -3.90180635
v 19.09249878 -4.50028849 -3.90180635
v 18.75332642 -5.75228310 -3.90180635
v 18.33215141 -6.97912407 -3.90180635
v 17.83081436 -8.17544651 -3.90180635
v 17.25150871 -9.33602047 -3.90180635
v 16.59676552 -10.45577049 -3.90180635
v 15.86944866 -11.52979946 -3.90180635
v 15.07273960 -12.55341148 -3.90180635
v 14.21012115 -13.52213001 -3.90180635
v 13.28536606 -14.43171978 -3.90180635
v 12.30251694 -15.27820396 -3.90180635
v 11.26587200 -16.05788040 -3.90180635
v 10.17996407 -16.76733971 -3.90180635
v 9.04954243 -17.40347862 -3.90180635
v 7.87954903 -17.96351624 -3.90180635
v 6.67510080 -18.44500542 -3.90180635
v 5.44146347 -18.84583855 -3.90180635
v 4.18403244 -19.16426277 -3.90180635
v 2.90830588 -19.39888763 -3.90180635
v 1.61986208 -19.54868507 -3.90180635
v 0.32433489 -19.61300087 -3.90180635
v -0.97261041 -19.59155464 -3.90180635
v -2.26530266 -19.48443794 -3.90180635
v -3.54808950 -19.29212189 -3.90180635
v -4.81536102 -19.01544762 -3.90180635
v -6.06157637 -18.65562057 -3.90180635
v -7.28128624 -18.21422005 -3.90180635
v -8.46915627 -17.69317055 -3.90180635
v -9.61999321 -17.09475517 -3.90180635
v -10.72876453 -16.42158699 -3.90180635
v -11.79062080 -15.67661285 -3.90180635
v -12.80092049 -14.86308861 -3.90180635
v -13.75524426 -13.98457146 -3.90180635
v -14.64942074 -13.04490280 -3.90180635
v -15.47953796 -12.04819202 -3.90180635
v -16.24196815 -10.99879837 -3.90180635
v -16.93337440 -9.90130901 -3.90180635
v -17.55073738 -8.76052380 -3.90180635
v -18.09135437 -7.58143044 -3.90180635
v -18.55286217 -6.36918592 -3.90180635
v -18.93324471 -5.12909031 -3.90180635
v -19.23083496 -3.86656618 -3.90180635
v -19.44433403 -2.58713460 -3.90180635
v -19.57280922 -1.29639006 -3.90180635
v -19.61569595 0.00002341 -3.90180635
v -19.57280922 1.29643691 -3.90180635
v -19.44433403 2.58718133 -3.90180635
v -19.23083496 3.86661291 -3.90180635
v -18.93324471 5.12913704 -3.90180635
v -18.55286217 6.36923265 -3.90180635
v -18.09135437 7.58147717 -3.90180635
v -17.55073738 8.76057053 -3.90180635
v -16.93337440 9.90135574 -3.90180635
v -16.24196815 10.99884510 -3.90180635
v -15.47953796 12.04823875 -3.90180635
v -14.64942074 13.04494953 -3.90180635
v -13.75524426 13.98461819 -3.90180635
v -12.80092049 14.86313534 -3.90180635
v -11.79062080 15.67665958 -3.90180635
v -10.72876453 16.42163467 -3.90180635
v -9.61999321 17.09480095 -3.90180635
v -8.46915627 17.69321823 -3.90180635
v -7.28128624 18.21426582 -3.90180635
v -6.06157637 18.65566826 -3.90180635
v -4.81536102 19.01549339 -3.90180635
v -3.54808950 19.29216957 -3.90180635
v -2.26530266 19.48448563 -3.90180635
v -0.97261041 19.59160042 -3.90180635
v 0.32433489 19.61304855 -3.90180635
v 1.61986208 19.54873085 -3.90180635
v 2.90830588 19.39893341 -3.90180635
v 4.18403244 19.16430855 -3.90180635
v 5.44146347 18.84588432 -3.90180635
v 6.67510080 18.44505119 -3.90180635
v 7.87954903 17.96356392 -3.90180635
v 9.04954243 17.40352440 -3.90180635
v 10.17996407 16.76738548 -3.90180635
v 11.26587200 16.05792618 -3.90180635
v 12.30251694 15.27825069 -3.90180635
v 13.28536606 14.43176746 -3.90180635
v 14.21012115 13.52217674 -3.90180635
v 15.07273960 12.55345821 -3.90180635
v 15.86944866 11.52984619 -3.90180635
v 16.59676552 10.45581722 -3.90180635
v 17.25150871 9.33606720 -3.90180635
v 17.83081436 8.17549324 -3.90180635
v 18.33215141 6.97917080 -3.90180635
v 18.75332642 5.75232983 -3.90180635
v 19.09249878 4.50033569 -3.90180635
v 19.34818268 3.22866249 -3.90180635
v 19.51926231 1.94287133 -3.90180635
v 19.60499001 0.64858472 -3.90180635
v 19.82890701 0.00002341 -2.61052394
v 19.81806564 -0.65558672 -2.61052394
v 19.73140717 -1.96394026 -2.61052394
v 19.55846596 -3.26370573 -2.61052394
v 19.30000305 -4.54920006 -2.61052394
v 18.95714569 -5.81480122 -2.61052394
v 18.53139305 -7.05497599 -2.61052394
v 18.02460670 -8.26430130 -2.61052394
v 17.43900490 -9.43748856 -2.61052394
v 16.77714539 -10.56940842 -2.61052394
v 16.04192543 -11.65511036 -2.61052394
v 15.23655701 -12.68984699 -2.61052394
v 14.36456299 -13.66909409 -2.61052394
v 13.42975616 -14.58857059 -2.61052394
v 12.43622589 -15.44425392 -2.61052394
v 11.38831425 -16.23240471 -2.61052394
v 10.29060459 -16.94957352 -2.61052394
v 9.14789677 -17.59262657 -2.61052394
v 7.96518707 -18.15875244 -2.61052394
v 6.74764824 -18.64547348 -2.61052394
v 5.50060368 -19.05066299 -2.61052394
v 4.22950649 -19.37254715 -2.61052394
v 2.93991446 -19.60972214 -2.61052394
v 1.63746727 -19.76114845 -2.61052394
v 0.32785979 -19.82616425 -2.61052394
v -0.98318130 -19.80448341 -2.61052394
v -2.28992319 -19.69620323 -2.61052394
v -3.58665156 -19.50179672 -2.61052394
v -4.86769676 -19.22211456 -2.61052394
v -6.12745619 -18.85837936 -2.61052394
v -7.36042213 -18.41217995 -2.61052394
v -8.56120300 -17.88546753 -2.61052394
v -9.72454739 -17.28054810 -2.61052394
v -10.84536934 -16.60006523 -2.61052394
v -11.91876602 -15.84699345 -2.61052394
v -12.94004631 -15.02462673 -2.61052394
v -13.90474224 -14.13656139 -2.61052394
v -14.80863667 -13.18668079 -2.61052394
v -15.64777660 -12.17913723 -2.61052394
v -16.41849136 -11.11833763 -2.61052394
v -17.11741447 -10.00892067 -2.61052394
v -17.74148560 -8.85573673 -2.61052394
v -18.28797913 -7.66382885 -2.61052394
v -18.75450325 -6.43840885 -2.61052394
v -19.13901901 -5.18483543 -2.61052394
v -19.43984413 -3.90858984 -2.61052394
v -19.65566254 -2.61525297 -2.61052394
v -19.78553391 -1.31048000 -2.61052394
v -19.82888794 0.00002341 -2.61052394
v -19.78553391 1.31052685 -2.61052394
v -19.65566254 2.61529970 -2.61052394
v -19.43984413 3.90863657 -2.61052394
v -19.13901901 5.18488216 -2.61052394
v -18.75450325 6.43845558 -2.61052394
v -18.28797913 7.66387558 -2.61052394
v -17.74148560 8.85578346 -2.61052394
v -17.11741447 10.00896740 -2.61052394
v -16.41849136 11.11838436 -2.61052394
v -15.64777660 12.17918396 -2.61052394
v -14.80863667 13.18672752 -2.61052394
v -13.90474224 14.13660812 -2.61052394
v -12.94004631 15.02467346 -2.61052394
v -11.91876602 15.84704018 -2.61052394
v -10.84536934 16.60011101 -2.61052394
v -9.72454739 17.28059578 -2.61052394
v -8.56120300 17.88551521 -2.61052394
v -7.36042213 18.41222572 -2.61052394
v -6.12745619 18.85842514 -2.61052394
v -4.86769676 19.22216225 -2.61052394
v -3.58665156 19.50184441 -2.61052394
v -2.28992319 19.69625092 -2.61052394
v -0.98318130 19.80453110 -2.61052394
v 0.32785979 19.82621002 -2.61052394
v 1.63746727 19.76119423 -2.61052394
v 2.93991446 19.60976982 -2.61052394
v 4.22950649 19.37259483 -2.61052394
v 5.50060368 19.05070877 -2.61052394
v 6.74764824 18.64551926 -2.61052394
v 7.96518707 18.15879822 -2.61052394
v 9.14789677 17.59267426 -2.61052394
v 10.29060459 16.94962120 -2.61052394
v 11.38831425 16.23245049 -2.61052394
v 12.43622589 15.44430065 -2.61052394
v 13.42975616 14.58861732 -2.61052394
v 14.36456299 13.66914177 -2.61052394
v 15.23655701 12.68989372 -2.61052394
v 16.04192543 11.65515709 -2.61052394
v 16.77714539 10.56945515 -2.61052394
v 17.43900490 9.43753529 -2.61052394
v 18.02460670 8.26434803 -2.61052394
v 18.53139305 7.05502319 -2.61052394
v 18.95714569 5.81484842 -2.61052394
v 19.30000305 4.54924679 -2.61052394
v 19.55846596 3.26375270 -2.61052394
v 19.73140717 1.96398699 -2.61052394
v 19.81806564 0.65563357 -2.61052394
v 19.95718765 0.00002341 -1.30806255
v 19.94627762 -0.65982819 -1.30806255
v 19.85905647 -1.97664595 -1.30806255
v 19.68499756 -3.28482032 -1.30806255
v 19.42486191 -4.57863092 -1.30806255
v 19.07978630 -5.85241985 -1.30806255
v 18.65127945 -7.10061789 -1.30806255
v 18.14121628 -8.31776619 -1.30806255
v 17.55182457 -9.49854374 -1.30806255
v 16.88568306 -10.63778591 -1.30806255
v 16.14570618 -11.73051167 -1.30806255
v 15.33512783 -12.77194309 -1.30806255
v 14.45749283 -13.75752544 -1.30806255
v 13.51663876 -14.68295002 -1.30806255
v 12.51668072 -15.54416943 -1.30806255
v 11.46198940 -16.33741760 -1.30806255
v 10.35717869 -17.05922699 -1.30806255
v 9.20707798 -17.70643997 -1.30806255
v 8.01671696 -18.27622795 -1.30806255
v 6.79130173 -18.76609802 -1.30806255
v 5.53618908 -19.17390823 -1.30806255
v 4.25686884 -19.49787712 -1.30806255
v 2.95893407 -19.73658562 -1.30806255
v 1.64806068 -19.88899040 -1.30806255
v 0.32998079 -19.95442772 -1.30806255
v -0.98954195 -19.93260765 -1.30806255
v -2.30473757 -19.82362747 -1.30806255
v -3.60985518 -19.62796211 -1.30806255
v -4.89918756 -19.34646988 -1.30806255
v -6.16709757 -18.98038101 -1.30806255
v -7.40804005 -18.53129578 -1.30806255
v -8.61658859 -18.00117683 -1.30806255
v -9.78745937 -17.39234352 -1.30806255
v -10.91553211 -16.70745659 -1.30806255
v -11.99587345 -15.94951439 -1.30806255
v -13.02376080 -15.12182713 -1.30806255
v -13.99469757 -14.22801685 -1.30806255
v -14.90443993 -13.27199078 -1.30806255
v -15.74900818 -12.25792885 -1.30806255
v -16.52470970 -11.19026661 -1.30806255
v -17.22815323 -10.07367229 -1.30806255
v -17.85626221 -8.91302872 -1.30806255
v -18.40629196 -7.71340942 -1.30806255
v -18.87583351 -6.48006201 -1.30806255
v -19.26283646 -5.21837854 -1.30806255
v -19.56560898 -3.93387628 -1.30806255
v -19.78282356 -2.63217211 -1.30806255
v -19.91353416 -1.31895816 -1.30806255
v -19.95716858 0.00002341 -1.30806255
v -19.91353416 1.31900501 -1.30806255
v -19.78282356 2.63221908 -1.30806255
v -19.56560898 3.93392301 -1.30806255
v -19.26283646 5.21842527 -1.30806255
v -18.87583351 6.48010874 -1.30806255
v -18.40629196 7.71345615 -1.30806255
v -17.85626221 8.91307545 -1.30806255
v -17.22815323 10.07371902 -1.30806255
v -16.52470970 11.19031429 -1.30806255
v -15.74900818 12.25797653 -1.30806255
v -14.90443993 13.27203751 -1.30806255
v -13.99469757 14.22806358 -1.30806255
v -13.02376080 15.12187386 -1.30806255
v -11.99587345 15.94956112 -1.30806255
v -10.91553211 16.70750427 -1.30806255
v -9.78745937 17.39238930 -1.30806255
v -8.61658859 18.00122261 -1.30806255
v -7.40804005 18.53134155 -1.30806255
v -6.16709757 18.98042870 -1.30806255
v -4.89918756 19.34651756 -1.30806255
v -3.60985518 19.62800980 -1.30806255
v -2.30473757 19.82367325 -1.30806255
v -0.98954195 19.93265343 -1.30806255
v 0.32998079 19.95447350 -1.30806255
v 1.64806068 19.88903809 -1.30806255
v 2.95893407 19.73663330 -1.30806255
v 4.25686884 19.49792480 -1.30806255
v 5.53618908 19.17395592 -1.30806255
v 6.79130173 18.76614571 -1.30806255
v 8.01671696 18.27627563 -1.30806255
v 9.20707798 17.70648766 -1.30806255
v 10.35717869 17.05927467 -1.30806255
v 11.46198940 16.33746529 -1.30806255
v 12.51668072 15.54421616 -1.30806255
v 13.51663876 14.68299675 -1.30806255
v 14.45749283 13.75757217 -1.30806255
v 15.33512783 12.77198982 -1.30806255
v 16.14570618 11.73055840 -1.30806255
v 16.88568306 10.63783264 -1.30806255
v 17.55182457 9.49859047 -1.30806255
v 18.14121628 8.31781292 -1.30806255
v 18.65127945 7.10066462 -1.30806255
v 19.07978630 5.85246658 -1.30806255
v 19.42486191 4.57867765 -1.30806255
v 19.68499756 3.28486705 -1.30806255
v 19.85905647 1.97669268 -1.30806255
v 19.94627762 0.65987498 -1.30806255
v 20.00000954 0.00002341 0.00000000
v 19.98907471 -0.66124398 0.00000000
v 19.90166855 -1.98088717 0.00000000
v 19.72723579 -3.29186845 0.00000000
v 19.46654129 -4.58845520 0.00000000
v 19.12072563 -5.86497736 0.00000000
v 18.69129944 -7.11585331 0.00000000
v 18.18014145 -8.33561420 0.00000000
v 17.58948517 -9.51892471 0.00000000
v 16.92191505 -10.66061115 0.00000000
v 16.18034935 -11.75568199 0.00000000
v 15.36803246 -12.79934788 0.00000000
v 14.48851395 -13.78704453 0.00000000
v 13.54564095 -14.71445465 0.00000000
v 12.54353714 -15.57752228 0.00000000
v 11.48658276 -16.37247276 0.00000000
v 10.37940121 -17.09583092 0.00000000
v 9.22683334 -17.74443245 0.00000000
v 8.03391838 -18.31544304 0.00000000
v 6.80587339 -18.80636406 0.00000000
v 5.54806805 -19.21504974 0.00000000
v 4.26600266 -19.53971291 0.00000000
v 2.96528292 -19.77893448 0.00000000
v 1.65159678 -19.93166733 0.00000000
v 0.33068880 -19.99724197 0.00000000
v -0.99166518 -19.97537613 0.00000000
v -2.30968285 -19.86616135 0.00000000
v -3.61760068 -19.67007828 0.00000000
v -4.90969992 -19.38798141 0.00000000
v -6.18032980 -19.02110672 0.00000000
v -7.42393494 -18.57105827 0.00000000
v -8.63507748 -18.03980064 0.00000000
v -9.80846024 -17.42966080 0.00000000
v -10.93895340 -16.74330711 0.00000000
v -12.02161312 -15.98373699 0.00000000
v -13.05170536 -15.15427399 0.00000000
v -14.02472591 -14.25854588 0.00000000
v -14.93641949 -13.30046844 0.00000000
v -15.78280067 -12.28423119 0.00000000
v -16.56016731 -11.21427727 0.00000000
v -17.26511955 -10.09528732 0.00000000
v -17.89457703 -8.93215275 0.00000000
v -18.44578552 -7.72995996 0.00000000
v -18.91633415 -6.49396610 0.00000000
v -19.30416870 -5.22957563 0.00000000
v -19.60758972 -3.94231725 0.00000000
v -19.82527161 -2.63782001 0.00000000
v -19.95626259 -1.32178831 0.00000000
v -19.99999046 0.00002341 0.00000000
v -19.95626259 1.32183504 0.00000000
v -19.82527161 2.63786674 0.00000000
v -19.60758972 3.94236398 0.00000000
v -19.30416870 5.22962236 0.00000000
v -18.91633415 6.49401283 0.00000000
v -18.44578552 7.73000669 0.00000000
v -17.89457703 8.93219948 0.00000000
v -17.26511955 10.09533405 0.00000000
v -16.56016731 11.21432495 0.00000000
v -15.78280067 12.28427792 0.00000000
v -14.93641949 13.30051517 0.00000000
v -14.02472591 14.25859261 0.00000000
v -13.05170536 15.15432072 0.00000000
v -12.02161312 15.98378372 0.00000000
v -10.93895340 16.74335289 0.00000000
v -9.80846024 17.42970848 0.00000000
v -8.63507748 18.03984833 0.00000000
v -7.42393494 18.57110405 0.00000000
v -6.18032980 19.02115440 0.00000000
v -4.90969992 19.38802910 0.00000000
v -3.61760068 19.67012405 0.00000000
v -2.30968285 19.86620903 0.00000000
v -0.99166518 19.97542191 0.00000000
v 0.33068880 19.99728966 0.00000000
v 1.65159678 19.93171310 0.00000000
v 2.96528292 19.77898026 0.00000000
v 4.26600266 19.53976059 0.00000000
v 5.54806805 19.21509743 0.00000000
v 6.80587339 18.80641174 0.00000000
v 8.03391838 18.31549072 0.00000000
v 9.22683334 17.74448013 0.00000000
v 10.37940121 17.09587860 0.00000000
v 11.48658276 16.37252045 0.00000000
v 12.54353714 15.57756901 0.00000000
v 13.54564095 14.71450138 0.00000000
v 14.48851395 13.78709126 0.00000000
v 15.36803246 12.79939461 0.00000000
v 16.18034935 11.75572872 0.00000000
v 16.92191505 10.66065788 0.00000000
v 17.58948517 9.51897144 0.00000000
v 18.18014145 8.33566093 0.00000000
v 18.69129944 7.11590052 0.00000000
v 19.12072563 5.86502409 0.00000000
v 19.46654129 4.58850193 0.00000000
v 19.72723579 3.29191518 0.00000000
v 19.90166855 1.98093402 0.00000000
v 19.98907471 0.66129076 0.00000000
v 19.95718765 0.00002341 1.30806255
v 19.94627762 -0.65982819 1.30806255
v 19.85905647 -1.97664595 1.30806255
v 19.68499756 -3.28482032 1.30806255
v 19.42486191 -4.57863092 1.30806255
v 19.07978630 -5.85241985 1.30806255
v 18.65127945 -7.10061789 1.30806255
v 18.14121628 -8.31776619 1.30806255
v 17.55182457 -9.49854374 1.30806255
v 16.88568306 -10.63778591 1.30806255
v 16.14570618 -11.73051167 1.30806255
v 15.33512783 -12.77194309 1.30806255
v 14.45749283 -13.75752544 1.30806255
v 13.51663876 -14.68295002 1.30806255
v 12.51668072 -15.54416943 1.30806255
v 11.46198940 -16.33741760 1.30806255
v 10.35717869 -17.05922699 1.30806255
v 9.20707798 -17.70643997 1.30806255
v 8.01671696 -18.27622795 1.30806255
v 6.79130173 -18.76609802 1.30806255
v 5.53618908 -19.17390823 1.30806255
v 4.25686884 -19.49787712 1.30806255
v 2.95893407 -19.73658562 1.30806255
v 1.64806068 -19.88899040 1.30806255
v 0.32998079 -19.95442772 1.30806255
v -0.98954195 -19.93260765 1.30806255
v -2.30473757 -19.82362747 1.30806255
v -3.60985518 -19.62796211 1.30806255
v -4.89918756 -19.34646988 1.30806255
v -6.16709757 -18.98038101 1.30806255
v -7.40804005 -18.53129578 1.30806255
v -8.61658859 -18.00117683 1.30806255
v -9.78745937 -17.39234352 1.30806255
v -10.91553211 -16.70745659 1.30806255
v -11.99587345 -15.94951439 1.30806255
v -13.02376080 -15.12182713 1.30806255
v -13.99469757 -14.22801685 1.30806255
v -14.90443993 -13.27199078 1.30806255
v -15.74900818 -12.25792885 1.30806255
v -16.52470970 -11.19026661 1.30806255
v -17.22815323 -10.07367229 1.30806255
v -17.85626221 -8.91302872 1.30806255
v -18.40629196 -7.71340942 1.30806255
v -18.87583351 -6.48006201 1.30806255
v -19.26283646 -5.21837854 1.30806255
v -19.56560898 -3.93387628 1.30806255
v -19.78282356 -2.63217211 1.30806255
v -19.91353416 -1.31895816 1.30806255
v -19.95716858 0.00002341 1.30806255
v -19.91353416 1.31900501 1.30806255
v -19.78282356 2.63221908 1.30806255
v -19.56560898 3.93392301 1.30806255
v -19.26283646 5.21842527 1.30806255
v -18.87583351 6.48010874 1.30806255
v -18.40629196 7.71345615 1.30806255
v -17.85626221 8.91307545 1.30806255
v -17.22815323 10.07371902 1.30806255
v -16.52470970 11.19031429 1.30806255
v -15.74900818 12.25797653 1.30806255
v -14.90443993 13.27203751 1.30806255
v -13.99469757 14.22806358 1.30806255
v -13.02376080 15.12187386 1.30806255
v -11.99587345 15.94956112 1.30806255
v -10.91553211 16.70750427 1.30806255
v -9.78745937 17.39238930 1.30806255
v -8.61658859 18.00122261 1.30806255
v -7.40804005 18.53134155 1.30806255
v -6.16709757 18.98042870 1.30806255
v -4.89918756 19.34651756 1.30806255
v -3.60985518 19.62800980 1.30806255
v -2.30473757 19.82367325 1.30806255
v -0.98954195 19.93265343 1.30806255
v 0.32998079 19.95447350 1.30806255
v 1.64806068 19.88903809 1.30806255
v 2.95893407 19.73663330 1.30806255
v 4.25686884 19.49792480 1.30806255
v 5.53618908 19.17395592 1.30806255
v 6.79130173 18.76614571 1.30806255
v 8.01671696 18.27627563 1.30806255
v 9.20707798 17.70648766 1.30806255
v 10.35717869 17.05927467 1.30806255
v 11.46198940 16.33746529 1.30806255
v 12.51668072 15.54421616 1.30806255
v 13.51663876 14.68299675 1.30806255
v 14.45749283 13.75757217 1.30806255
v 15.33512783 12.77198982 1.30806255
v 16.14570618 11.73055840 1.30806255
v 16.88568306 10.63783264 1.30806255
v 17.55182457 9.49859047 1.30806255
v 18.14121628 8.31781292 1.30806255
v 18.65127945 7.10066462 1.30806255
v 19.07978630 5.85246658 1.30806255
v 19.42486191 4.57867765 1.30806255
v 19.68499756 3.28486705 1.30806255
v 19.85905647 1.97669268 1.30806255
v 19.94627762 0.65987498 1.30806255
v 19.82890701 0.00002341 2.61052394
v 19.81806564 -0.65558672 2.61052394
v 19.73140717 -1.96394026 2.61052394
v 19.55846596 -3.26370573 2.61052394
v 19.30000305 -4.54920006 2.61052394
v 18.95714569 -5.81480122 2.61052394
v 18.53139305 -7.05497599 2.61052394
v 18.02460670 -8.26430130 2.61052394
v 17.43900490 -9.43748856 2.61052394
v 16.77714539 -10.56940842 2.61052394
v 16.04192543 -11.65511036 2.61052394
v 15.23655701 -12.68984699 2.61052394
v 14.36456299 -13.66909409 2.61052394
v 13.42975616 -14.58857059 2.61052394
v 12.43622589 -15.44425392 2.61052394
v 11.38831425 -16.23240471 2.61052394
v 10.29060459 -16.94957352 2.61052394
v 9.14789677 -17.59262657 2.61052394
v 7.96518707 -18.15875244 2.61052394
v 6.74764824 -18.64547348 2.61052394
v 5.50060368 -19.05066299 2.61052394
v 4.22950649 -19.37254715 2.61052394
v 2.93991446 -19.60972214 2.61052394
v 1.63746727 -19.76114845 2.61052394
v 0.32785979 -19.82616425 2.61052394
v -0.98318130 -19.80448341 2.61052394
v -2.28992319 -19.69620323 2.61052394
v -3.58665156 -19.50179672 2.61052394
v -4.86769676 -19.22211456 2.61052394
v -6.12745619 -18.85837936 2.61052394
v -7.36042213 -18.41217995 2.61052394
v -8.56120300 -17.88546753 2.61052394
v -9.72454739 -17.28054810 2.61052394
v -10.84536934 -16.60006523 2.61052394
v -11.91876602 -15.84699345 2.61052394
v -12.94004631 -15.02462673 2.61052394
v -13.90474224 -14.13656139 2.61052394
v -14.80863667 -13.18668079 2.61052394
v -15.64777660 -12.17913723 2.61052394
v -16.41849136 -11.11833763 2.61052394
v -17.11741447 -10.00892067 2.61052394
v -17.74148560 -8.85573673 2.61052394
v -18.28797913 -7.66382885 2.61052394
v -18.75450325 -6.43840885 2.61052394
v -19.13901901 -5.18483543 2.61052394
v -19.43984413 -3.90858984 2.61052394
v -19.65566254 -2.61525297 2.61052394
v -19.78553391 -1.31048000 2.61052394
v -19.82888794 0.00002341 2.61052394
v -19.78553391 1.31052685 2.61052394
v -19.65566254 2.61529970 2.61052394
v -19.43984413 3.90863657 2.61052394
v -19.13901901 5.18488216 2.61052394
v -18.75450325 6.43845558 2.61052394
v -18.28797913 7.66387558 2.61052394
v -17.74148560 8.85578346 2.61052394
v -17.11741447 10.00896740 2.61052394
v -16.41849136 11.11838436 2.61052394
v -15.64777660 12.17918396 2.61052394
v -14.80863667 13.18672752 2.61052394
v -13.90474224 14.13660812 2.61052394
v -12.94004631 15.02467346 2.61052394
v -11.91876602 15.84704018 2.61052394
v -10.84536934 16.60011101 2.61052394
v -9.72454739 17.28059578 2.61052394
v -8.56120300 17.88551521 2.61052394
v -7.36042213 18.41222572 2.61052394
v -6.12745619 18.85842514 2.61052394
v -4.86769676 19.22216225 2.61052394
v -3.58665156 19.50184441 2.61052394
v -2.28992319 19.69625092 2.61052394
v -0.98318130 19.80453110 2.61052394
v 0.32785979 19.82621002 2.61052394
v 1.63746727 19.76119423 2.61052394
v 2.93991446 19.60976982 2.61052394
v 4.22950649 19.37259483 2.61052394
v 5.50060368 19.05070877 2.61052394
v 6.74764824 18.64551926 2.61052394
v 7.96518707 18.15879822 2.61052394
v 9.14789677 17.59267426 2.61052394
v 10.29060459 16.94962120 2.61052394
v 11.38831425 16.23245049 2.61052394
v 12.43622589 15.44430065 2.61052394
v 13.42975616 14.58861732 2.61052394
v 14.36456299 13.66914177 2.61052394
v 15.23655701 12.68989372 2.61052394
v 16.04192543 11.65515709 2.61052394
v 16.77714539 10.56945515 2.61052394
v 17.43900490 9.43753529 2.61052394
v 18.02460670 8.26434803 2.61052394
v 18.53139305 7.05502319 2.61052394
v 18.95714569 5.81484842 2.61052394
v 19.30000305 4.54924679 2.61052394
v 19.55846596 3.26375270 2.61052394
v 19.73140717 1.96398699 2.61052394
v 19.81806564 0.65563357 2.61052394
v 19.61571503 0.00002341 3.90180635
v 19.60499001 -0.64853793 3.90180635
v 19.51926231 -1.94282460 3.90180635
v 19.34818268 -3.22861552 3.90180635
v 19.09249878 -4.50028849 3.90180635
v 18.75332642 -5.75228310 3.90180635
v 18.33215141 -6.97912407 3.90180635
v 17.83081436 -8.17544651 3.90180635
v 17.25150871 -9.33602047 3.90180635
v 16.59676552 -10.45577049 3.90180635
v 15.86944866 -11.52979946 3.90180635
v 15.07273960 -12.55341148 3.90180635
v 14.21012115 -13.52213001 3.90180635
v 13.28536606 -14.43171978 3.90180635
v 12.30251694 -15.27820396 3.90180635
v 11.26587200 -16.05788040 3.90180635
v 10.17996407 -16.76733971 3.90180635
v 9.04954243 -17.40347862 3.90180635
v 7.87954903 -17.96351624 3.90180635
v 6.67510080 -18.44500542 3.90180635
v 5.44146347 -18.84583855 3.90180635
v 4.18403244 -19.16426277 3.90180635
v 2.90830588 -19.39888763 3.90180635
v 1.61986208 -19.54868507 3.90180635
v 0.32433489 -19.61300087 3.90180635
v -0.97261041 -19.59155464 3.90180635
v -2.26530266 -19.48443794 3.90180635
v -3.54808950 -19.29212189 3.90180635
v -4.81536102 -19.01544762 3.90180635
v -6.06157637 -18.65562057 3.90180635
v -7.28128624 -18.21422005 3.90180635
v -8.46915627 -17.69317055 3.90180635
v -9.61999321 -17.09475517 3.90180635
v -10.72876453 -16.42158699 3.90180635
v -11.79062080 -15.67661285 3.90180635
v -12.80092049 -14.86308861 3.90180635
v -13.75524426 -13.98457146 3.90180635
v -14.64942074 -13.04490280 3.90180635
v -15.47953796 -12.04819202 3.90180635
v -16.24196815 -10.99879837 3.90180635
v -16.93337440 -9.90130901 3.90180635
v -17.55073738 -8.76052380 3.90180635
v -18.09135437 -7.58143044 3.90180635
v -18.55286217 -6.36918592 3.90180635
v -18.93324471 -5.12909031 3.90180635
v -19.23083496 -3.86656618 3.90180635
v -19.44433403 -2.58713460 3.90180635
v -19.57280922 -1.29639006 3.90180635
v -19.61569595 0.00002341 3.90180635
v -19.57280922 1.29643691 3.90180635
v -19.44433403 2.58718133 3.90180635
v -19.23083496 3.86661291 3.90180635
v -18.93324471 5.12913704 3.90180635
v -18.55286217 6.36923265 3.90180635
v -18.09135437 7.58147717 3.90180635
v -17.55073738 8.76057053 3.90180635
v -16.93337440 9.90135574 3.90180635
v -16.24196815 10.99884510 3.90180635
v -15.47953796 12.04823875 3.90180635
v -14.64942074 13.04494953 3.90180635
v -13.75524426 13.98461819 3.90180635
v -12.80092049 14.86313534 3.90180635
v -11.79062080 15.67665958 3.90180635
v -10.72876453 16.42163467 3.90180635
v -9.61999321 17.09480095 3.90180635
v -8.46915627 17.69321823 3.90180635
v -7.28128624 18.21426582 3.90180635
v -6.06157637 18.65566826 3.90180635
v -4.81536102 19.01549339 3.90180635
v -3.54808950 19.29216957 3.90180635
v -2.26530266 19.48448563 3.90180635
v -0.97261041 19.59160042 3.90180635
v 0.32433489 19.61304855 3.90180635
v 1.61986208 19.54873085 3.90180635
v 2.90830588 19.39893341 3.90180635
v 4.18403244 19.16430855 3.90180635
v 5.44146347 18.84588432 3.90180635
v 6.67510080 18.44505119 3.90180635
v 7.87954903 17.96356392 3.90180635
v 9.04954243 17.40352440 3.90180635
v 10.17996407 16.76738548 3.90180635
v 11.26587200 16.05792618 3.90180635
v 12.30251694 15.27825069 3.90180635
v 13.28536606 14.43176746 3.90180635
v 14.21012115 13.52217674 3.90180635
v 15.07273960 12.55345821 3.90180635
v 15.86944866 11.52984619 3.90180635
v 16.59676552 10.45581722 3.90180635
v 17.25150871 9.33606720 3.90180635
v 17.83081436 8.17549324 3.90180635
v 18.33215141 6.97917080 3.90180635
v 18.75332642 5.75232983 3.90180635
v 19.09249878 4.50033569 3.90180635
v 19.34818268 3.22866249 3.90180635
v 19.51926231 1.94287133 3.90180635
v 19.60499001 0.64858472 3.90180635
v 19.31852722 0.00002341 5.17638111
v 19.30796432 -0.63871187 5.17638111
v 19.22353554 -1.91338933 5.17638111
v 19.05504799 -3.17969990 5.17638111
v 18.80323601 -4.43210649 5.17638111
v 18.46920204 -5.66513252 5.17638111
v 18.05440903 -6.87338591 5.17638111
v 17.56066704 -8.05158424 5.17638111
v 16.99013901 -9.19457436 5.17638111
v 16.34531593 -10.29735851 5.17638111
v 15.62901783 -11.35511589 5.17638111
v 14.84437943 -12.36321926 5.17638111
v 13.99483013 -13.31726170 5.17638111
v 13.08408546 -14.21307087 5.17638111
v 12.11612701 -15.04673004 5.17638111
v 11.09518719 -15.81459332 5.17638111
v 10.02573204 -16.51330376 5.17638111
v 8.91243649 -17.13980484 5.17638111
v 7.76016951 -17.69135857 5.17638111
v 6.57396936 -18.16555214 5.17638111
v 5.35902262 -18.56031227 5.17638111
v 4.12064219 -18.87391281 5.17638111
v 2.86424351 -19.10498238 5.17638111
v 1.59532034 -19.25251007 5.17638111
v 0.31942117 -19.31585312 5.17638111
v -0.95787472 -19.29473114 5.17638111
v -2.23098207 -19.18923759 5.17638111
v -3.49433374 -18.99983597 5.17638111
v -4.74240541 -18.72735214 5.17638111
v -5.96973991 -18.37297821 5.17638111
v -7.17097044 -17.93826294 5.17638111
v -8.34084415 -17.42510986 5.17638111
v -9.47424507 -16.83576012 5.17638111
v -10.56621742 -16.17279053 5.17638111
v -11.61198616 -15.43910313 5.17638111
v -12.60697937 -14.63790417 5.17638111
v -13.54684448 -13.77269650 5.17638111
v -14.42747307 -12.84726524 5.17638111
v -15.24501419 -11.86565495 5.17638111
v -15.99589252 -10.83216000 5.17638111
v -16.67682457 -9.75129795 5.17638111
v -17.28483391 -8.62779617 5.17638111
v -17.81726074 -7.46656704 5.17638111
v -18.27177620 -6.27268887 5.17638111
v -18.64639473 -5.05138111 5.17638111
v -18.93947601 -3.80798507 5.17638111
v -19.14974213 -2.54793763 5.17638111
v -19.27626991 -1.27674866 5.17638111
v -19.31850624 0.00002341 5.17638111
v -19.27626991 1.27679551 5.17638111
v -19.14974213 2.54798460 5.17638111
v -18.93947601 3.80803204 5.17638111
v -18.64639473 5.05142784 5.17638111
v -18.27177620 6.27273560 5.17638111
v -17.81726074 7.46661377 5.17638111
v -17.28483391 8.62784290 5.17638111
v -16.67682457 9.75134468 5.17638111
v -15.99589252 10.83220673 5.17638111
v -15.24501419 11.86570168 5.17638111
v -14.42747307 12.84731197 5.17638111
v -13.54684448 13.77274323 5.17638111
v -12.60697937 14.63795090 5.17638111
v -11.61198616 15.43914986 5.17638111
v -10.56621742 16.17283821 5.17638111
v -9.47424507 16.83580589 5.17638111
v -8.34084415 17.42515564 5.17638111
v -7.17097044 17.93831062 5.17638111
v -5.96973991 18.37302399 5.17638111
v -4.74240541 18.72739792 5.17638111
v -3.49433374 18.99988174 5.17638111
v -2.23098207 19.18928528 5.17638111
v -0.95787472 19.29477692 5.17638111
v 0.31942117 19.31589890 5.17638111
v 1.59532034 19.25255775 5.17638111
v 2.86424351 19.10503006 5.17638111
v 4.12064219 18.87396049 5.17638111
v 5.35902262 18.56035995 5.17638111
v 6.57396936 18.16559982 5.17638111
v 7.76016951 17.69140625 5.17638111
v 8.91243649 17.13985252 5.17638111
v 10.02573204 16.51335144 5.17638111
v 11.09518719 15.81464005 5.17638111
v 12.11612701 15.04677677 5.17638111
v 13.08408546 14.21311760 5.17638111
v 13.99483013 13.31730843 5.17638111
v 14.84437943 12.36326599 5.17638111
v 15.62901783 11.35516262 5.17638111
v 16.34531593 10.29740524 5.17638111
v 16.99013901 9.19462109 5.17638111
v 17.56066704 8.05163097 5.17638111
v 18.05440903 6.87343264 5.17638111
v 18.46920204 5.66517925 5.17638111
v 18.80323601 4.43215322 5.17638111
v 19.05504799 3.17974663 5.17638111
v 19.22353554 1.91343617 5.17638111
v 19.30796432 0.63875866 5.17638111
v 18.93861198 0.00002341 6.42878914
v 18.92825890 -0.62615061 6.42878914
v 18.84548950 -1.87576056 6.42878914
v 18.68031502 -3.11716819 6.42878914
v 18.43345642 -4.34494495 6.42878914
v 18.10599136 -5.55372238 6.42878914
v 17.69935417 -6.73821497 6.42878914
v 17.21532249 -7.89324284 6.42878914
v 16.65601349 -9.01375484 6.42878914
v 16.02387238 -10.09485245 6.42878914
v 15.32166100 -11.13180828 6.42878914
v 14.55245304 -12.12008667 6.42878914
v 13.71961117 -13.05536652 6.42878914
v 12.82677650 -13.93355942 6.42878914
v 11.87785339 -14.75082397 6.42878914
v 10.87699223 -15.50358677 6.42878914
v 9.82856846 -16.18855667 6.42878914
v 8.73716640 -16.80273628 6.42878914
v 7.60755968 -17.34344292 6.42878914
v 6.44468689 -17.80831146 6.42878914
v 5.25363350 -18.19530869 6.42878914
v 4.03960705 -18.50274277 6.42878914
v 2.80791616 -18.72926712 6.42878914
v 1.56394732 -18.87389374 6.42878914
v 0.31313971 -18.93599129 6.42878914
v -0.93903714 -18.91528320 6.42878914
v -2.18710780 -18.81186676 6.42878914
v -3.42561460 -18.62618828 6.42878914
v -4.64914227 -18.35906219 6.42878914
v -5.85234022 -18.01165771 6.42878914
v -7.02994728 -17.58549309 6.42878914
v -8.17681408 -17.08242989 6.42878914
v -9.28792572 -16.50467110 6.42878914
v -10.35842419 -15.85474014 6.42878914
v -11.38362694 -15.13548088 6.42878914
v -12.35905266 -14.35003757 6.42878914
v -13.28043461 -13.50184536 6.42878914
v -14.14374542 -12.59461308 6.42878914
v -14.94520855 -11.63230705 6.42878914
v -15.68132019 -10.61913586 6.42878914
v -16.34886169 -9.55953026 6.42878914
v -16.94491386 -8.45812321 6.42878914
v -17.46686935 -7.31973076 6.42878914
v -17.91244698 -6.14933062 6.42878914
v -18.27969742 -4.95204115 6.42878914
v -18.56701660 -3.73309755 6.42878914
v -18.77314568 -2.49782991 6.42878914
v -18.89718628 -1.25163996 6.42878914
v -18.93859291 0.00002341 6.42878914
v -18.89718628 1.25168669 6.42878914
v -18.77314568 2.49787688 6.42878914
v -18.56701660 3.73314452 6.42878914
v -18.27969742 4.95208788 6.42878914
v -17.91244698 6.14937782 6.42878914
v -17.46686935 7.31977749 6.42878914
v -16.94491386 8.45816994 6.42878914
v -16.34886169 9.55957699 6.42878914
v -15.68132019 10.61918259 6.42878914
v -14.94520855 11.63235378 6.42878914
v -14.14374542 12.59465981 6.42878914
v -13.28043461 13.50189209 6.42878914
v -12.35905266 14.35008430 6.42878914
v -11.38362694 15.13552761 6.42878914
v -10.35842419 15.85478687 6.42878914
v -9.28792572 16.50471687 6.42878914
v -8.17681408 17.08247757 6.42878914
v -7.02994728 17.58553886 6.42878914
v -5.85234022 18.01170540 6.42878914
v -4.64914227 18.35910988 6.42878914
v -3.42561460 18.62623596 6.42878914
v -2.18710780 18.81191254 6.42878914
v -0.93903714 18.91533089 6.42878914
v 0.31313971 18.93603706 6.42878914
v 1.56394732 18.87394142 6.42878914
v 2.80791616 18.72931480 6.42878914
v 4.03960705 18.50278854 6.42878914
v 5.25363350 18.19535637 6.42878914
v 6.44468689 17.80835915 6.42878914
v 7.60755968 17.34349060 6.42878914
v 8.73716640 16.80278397 6.42878914
v 9.82856846 16.18860245 6.42878914
v 10.87699223 15.50363350 6.42878914
v 11.87785339 14.75087070 6.42878914
v 12.82677650 13.93360615 6.42878914
v 13.71961117 13.05541325 6.42878914
v 14.55245304 12.12013340 6.42878914
v 15.32166100 11.13185501 6.42878914
v 16.02387238 10.09489918 6.42878914
v 16.65601349 9.01380157 6.42878914
v 17.21532249 7.89328957 6.42878914
v 17.69935417 6.73826170 6.42878914
v 18.10599136 5.55376911 6.42878914
v 18.43345642 4.34499168 6.42878914
v 18.68031502 3.11721492 6.42878914
v 18.84548950 1.87580729 6.42878914
v 18.92825890 0.62619740 6.42878914
v 18.47760010 0.00002341 7.65366888
v 18.46749878 -0.61090797 7.65366888
v 18.38674355 -1.83009934 7.65366888
v 18.22558975 -3.04128814 7.65366888
v 17.98474121 -4.23917770 7.65366888
v 17.66524696 -5.41853094 7.65366888
v 17.26850891 -6.57418966 7.65366888
v 16.79626083 -7.70110130 7.65366888
v 16.25056648 -8.79433727 7.65366888
v 15.63381195 -9.84911823 7.65366888
v 14.94869518 -10.86083221 7.65366888
v 14.19821072 -11.82505322 7.65366888
v 13.38564205 -12.73756695 7.65366888
v 12.51454163 -13.59438229 7.65366888
v 11.58871746 -14.39175224 7.65366888
v 10.61221981 -15.12619114 7.65366888
v 9.58931732 -15.79448605 7.65366888
v 8.52448273 -16.39371681 7.65366888
v 7.42237329 -16.92126083 7.65366888
v 6.28780794 -17.37481308 7.65366888
v 5.12574720 -17.75238991 7.65366888
v 3.94127321 -18.05233955 7.65366888
v 2.73956490 -18.27334976 7.65366888
v 1.52587724 -18.41445732 7.65366888
v 0.30551735 -18.47504234 7.65366888
v -0.91617841 -18.45483971 7.65366888
v -2.13386798 -18.35393906 7.65366888
v -3.34222651 -18.17278099 7.65366888
v -4.53597021 -17.91215706 7.65366888
v -5.70987940 -17.57320976 7.65366888
v -6.85882092 -17.15741730 7.65366888
v -7.97777033 -16.66660118 7.65366888
v -9.06183529 -16.10290527 7.65366888
v -10.10627460 -15.46879578 7.65366888
v -11.10652161 -14.76704502 7.65366888
v -12.05820274 -14.00072193 7.65366888
v -12.95715618 -13.17317677 7.65366888
v -13.79945183 -12.28802872 7.65366888
v -14.58140564 -11.34914780 7.65366888
v -15.29959869 -10.36063957 7.65366888
v -15.95088959 -9.32682800 7.65366888
v -16.53243256 -8.25223160 7.65366888
v -17.04168320 -7.14155006 7.65366888
v -17.47641373 -5.99964046 7.65366888
v -17.83472443 -4.83149576 7.65366888
v -18.11504936 -3.64222431 7.65366888
v -18.31616211 -2.43702626 7.65366888
v -18.43718147 -1.22117138 7.65366888
v -18.47758102 0.00002341 7.65366888
v -18.43718147 1.22121811 7.65366888
v -18.31616211 2.43707299 7.65366888
v -18.11504936 3.64227104 7.65366888
v -17.83472443 4.83154249 7.65366888
v -17.47641373 5.99968719 7.65366888
v -17.04168320 7.14159679 7.65366888
v -16.53243256 8.25227833 7.65366888
v -15.95088959 9.32687473 7.65366888
v -15.29959869 10.36068630 7.65366888
v -14.58140564 11.34919453 7.65366888
v -13.79945183 12.28807545 7.65366888
v -12.95715618 13.17322350 7.65366888
v -12.05820274 14.00076866 7.65366888
v -11.10652161 14.76709175 7.65366888
v -10.10627460 15.46884251 7.65366888
v -9.06183529 16.10295296 7.65366888
v -7.97777033 16.66664886 7.65366888
v -6.85882092 17.15746498 7.65366888
v -5.70987940 17.57325554 7.65366888
v -4.53597021 17.91220474 7.65366888
v -3.34222651 18.17282677 7.65366888
v -2.13386798 18.35398483 7.65366888
v -0.91617841 18.45488548 7.65366888
v 0.30551735 18.47508812 7.65366888
v 1.52587724 18.41450310 7.65366888
v 2.73956490 18.27339745 7.65366888
v 3.94127321 18.05238533 7.65366888
v 5.12574720 17.75243568 7.65366888
v 6.28780794 17.37486076 7.65366888
v 7.42237329 16.92130852 7.65366888
v 8.52448273 16.39376259 7.65366888
v 9.58931732 15.79453278 7.65366888
v 10.61221981 15.12623787 7.65366888
v 11.58871746 14.39179897 7.65366888
v 12.51454163 13.59442902 7.65366888
v 13.38564205 12.73761368 7.65366888
v 14.19821072 11.82509995 7.65366888
v 14.94869518 10.86087894 7.65366888
v 15.63381195 9.84916592 7.65366888
v 16.25056648 8.79438496 7.65366888
v 16.79626083 7.70114803 7.65366888
v 17.26850891 6.57423639 7.65366888
v 17.66524696 5.41857767 7.65366888
v 17.98474121 4.23922491 7.65366888
v 18.22558975 3.04133487 7.65366888
v 18.38674355 1.83014619 7.65366888
v 18.46749878 0.61095482 7.65366888
v 17.93746567 0.00002341 8.84577370
v 17.92765808 -0.59304929 8.84577370
v 17.84926414 -1.77660131 8.84577370
v 17.69282150 -2.95238471 8.84577370
v 17.45901108 -4.11525774 8.84577370
v 17.14885902 -5.26013613 8.84577370
v 16.76371765 -6.38201284 8.84577370
v 16.30527306 -7.47598219 8.84577370
v 15.77553082 -8.53726101 8.84577370
v 15.17680550 -9.56120872 8.84577370
v 14.51171589 -10.54334831 8.84577370
v 13.78316975 -11.47938347 8.84577370
v 12.99435425 -12.36522198 8.84577370
v 12.14871788 -13.19699097 8.84577370
v 11.24995708 -13.97105217 8.84577370
v 10.30200481 -14.68402195 8.84577370
v 9.30900288 -15.33278179 8.84577370
v 8.27529621 -15.91449547 8.84577370
v 7.20540333 -16.42661858 8.84577370
v 6.10400343 -16.86691284 8.84577370
v 4.97591209 -17.23345184 8.84577370
v 3.82606244 -17.52463341 8.84577370
v 2.65948248 -17.73918343 8.84577370
v 1.48127317 -17.87616539 8.84577370
v 0.29658678 -17.93498039 8.84577370
v -0.88939649 -17.91536713 8.84577370
v -2.07149053 -17.81741714 8.84577370
v -3.24452662 -17.64155388 8.84577370
v -4.40337515 -17.38854980 8.84577370
v -5.54296827 -17.05950928 8.84577370
v -6.65832376 -16.65587234 8.84577370
v -7.74456453 -16.17940331 8.84577370
v -8.79693985 -15.63218594 8.84577370
v -9.81084824 -15.01661205 8.84577370
v -10.78185558 -14.33537483 8.84577370
v -11.70571804 -13.59145260 8.84577370
v -12.57839298 -12.78809834 8.84577370
v -13.39606667 -11.92882442 8.84577370
v -14.15516281 -11.01738930 8.84577370
v -14.85236073 -10.05777740 8.84577370
v -15.48461437 -9.05418587 8.84577370
v -16.04915619 -8.01100159 8.84577370
v -16.54351997 -6.93278790 8.84577370
v -16.96554375 -5.82425880 8.84577370
v -17.31338120 -4.69026136 8.84577370
v -17.58551216 -3.53575444 8.84577370
v -17.78074455 -2.36578655 8.84577370
v -17.89822769 -1.18547344 8.84577370
v -17.93744469 0.00002341 8.84577370
v -17.89822769 1.18552029 8.84577370
v -17.78074455 2.36583328 8.84577370
v -17.58551216 3.53580117 8.84577370
v -17.31338120 4.69030809 8.84577370
v -16.96554375 5.82430553 8.84577370
v -16.54351997 6.93283463 8.84577370
v -16.04915619 8.01104832 8.84577370
v -15.48461437 9.05423260 8.84577370
v -14.85236073 10.05782413 8.84577370
v -14.15516281 11.01743603 8.84577370
v -13.39606667 11.92887115 8.84577370
v -12.57839298 12.78814507 8.84577370
v -11.70571804 13.59149933 8.84577370
v -10.78185558 14.33542156 8.84577370
v -9.81084824 15.01665974 8.84577370
v -8.79693985 15.63223267 8.84577370
v -7.74456453 16.17945099 8.84577370
v -6.65832376 16.65592003 8.84577370
v -5.54296827 17.05955696 8.84577370
v -4.40337515 17.38859749 8.84577370
v -3.24452662 17.64160156 8.84577370
v -2.07149053 17.81746292 8.84577370
v -0.88939649 17.91541481 8.84577370
v 0.29658678 17.93502617 8.84577370
v 1.48127317 17.87621307 8.84577370
v 2.65948248 17.73923111 8.84577370
v 3.82606244 17.52468109 8.84577370
v 4.97591209 17.23349953 8.84577370
v 6.10400343 16.86696053 8.84577370
v 7.20540333 16.42666626 8.84577370
v 8.27529621 15.91454220 8.84577370
v 9.30900288 15.33282948 8.84577370
v 10.30200481 14.68406868 8.84577370
v 11.24995708 13.97109985 8.84577370
v 12.14871788 13.19703770 8.84577370
v 12.99435425 12.36526871 8.84577370
v 13.78316975 11.47943020 8.84577370
v 14.51171589 10.54339504 8.84577370
v 15.17680550 9.56125641 8.84577370
v 15.77553082 8.53730869 8.84577370
v 16.30527306 7.47602940 8.84577370
v 16.76371765 6.38205957 8.84577370
v 17.14885902 5.26018286 8.84577370
v 17.45901108 4.11530447 8.84577370
v 17.69282150 2.95243144 8.84577370
v 17.84926414 1.77664816 8.84577370
v 17.92765808 0.59309608 8.84577370
v 17.32051849 0.00002341 10.00000000
v 17.31104851 -0.57265097 10.00000000
v 17.23535156 -1.71549547 10.00000000
v 17.08428955 -2.85083842 10.00000000
v 16.85852051 -3.97371554 10.00000000
v 16.55903625 -5.07921600 10.00000000
v 16.18714142 -6.16250658 10.00000000
v 15.74446487 -7.21885014 10.00000000
v 15.23294258 -8.24362755 10.00000000
v 14.65480995 -9.23235703 10.00000000
v 14.01259518 -10.18071556 10.00000000
v 13.30910778 -11.08455658 10.00000000
v 12.54742241 -11.93992805 10.00000000
v 11.73087120 -12.74308872 10.00000000
v 10.86302280 -13.49052715 10.00000000
v 9.94767380 -14.17897415 10.00000000
v 8.98882675 -14.80542088 10.00000000
v 7.99067307 -15.36712646 10.00000000
v 6.95757866 -15.86163616 10.00000000
v 5.89406061 -16.28678703 10.00000000
v 4.80476904 -16.64071846 10.00000000
v 3.69446778 -16.92188454 10.00000000
v 2.56801152 -17.12905693 10.00000000
v 1.43032610 -17.26132584 10.00000000
v 0.28638622 -17.31811714 10.00000000
v -0.85880595 -17.29917908 10.00000000
v -2.00024271 -17.20459747 10.00000000
v -3.13293290 -17.03478432 10.00000000
v -4.25192356 -16.79048157 10.00000000
v -5.35232162 -16.47275925 10.00000000
v -6.42931509 -16.08300400 10.00000000
v -7.47819471 -15.62292290 10.00000000
v -8.49437428 -15.09452629 10.00000000
v -9.47340965 -14.50012493 10.00000000
v -10.41102123 -13.84231853 10.00000000
v -11.30310726 -13.12398338 10.00000000
v -12.14576721 -12.34825993 10.00000000
v -12.93531799 -11.51854038 10.00000000
v -13.66830444 -10.63845253 10.00000000
v -14.34152412 -9.71184635 10.00000000
v -14.95203114 -8.74277210 10.00000000
v -15.49715710 -7.73546791 10.00000000
v -15.97451687 -6.69433880 10.00000000
v -16.38202477 -5.62393618 10.00000000
v -16.71789932 -4.52894211 10.00000000
v -16.98066902 -3.41414356 10.00000000
v -17.16918755 -2.28441596 10.00000000
v -17.28262901 -1.14469910 10.00000000
v -17.32049751 0.00002341 10.00000000
v -17.28262901 1.14474595 10.00000000
v -17.16918755 2.28446293 10.00000000
v -16.98066902 3.41419053 10.00000000
v -16.71789932 4.52898884 10.00000000
v -16.38202477 5.62398338 10.00000000
v -15.97451687 6.69438553 10.00000000
v -15.49715710 7.73551464 10.00000000
v -14.95203114 8.74281883 10.00000000
v -14.34152412 9.71189308 10.00000000
v -13.66830444 10.63849926 10.00000000
v -12.93531799 11.51858711 10.00000000
v -12.14576721 12.34830666 10.00000000
v -11.30310726 13.12403011 10.00000000
v -10.41102123 13.84236526 10.00000000
v -9.47340965 14.50017262 10.00000000
v -8.49437428 15.09457302 10.00000000
v -7.47819471 15.62296963 10.00000000
v -6.42931509 16.08305168 10.00000000
v -5.35232162 16.47280502 10.00000000
v -4.25192356 16.79052925 10.00000000
v -3.13293290 17.03483009 10.00000000
v -2.00024271 17.20464516 10.00000000
v -0.85880595 17.29922676 10.00000000
v 0.28638622 17.31816292 10.00000000
v 1.43032610 17.26137352 10.00000000
v 2.56801152 17.12910271 10.00000000
v 3.69446778 16.92193222 10.00000000
v 4.80476904 16.64076614 10.00000000
v 5.89406061 16.28683281 10.00000000
v 6.95757866 15.86168289 10.00000000
v 7.99067307 15.36717319 10.00000000
v 8.98882675 14.80546761 10.00000000
v 9.94767380 14.17902088 10.00000000
v 10.86302280 13.49057388 10.00000000
v 11.73087120 12.74313545 10.00000000
v 12.54742241 11.93997478 10.00000000
v 13.30910778 11.08460331 10.00000000
v 14.01259518 10.18076229 10.00000000
v 14.65480995 9.23240376 10.00000000
v 15.23294258 8.24367428 10.00000000
v 15.74446487 7.21889687 10.00000000
v 16.18714142 6.16255379 10.00000000
v 16.55903625 5.07926321 10.00000000
v 16.85852051 3.97376227 10.00000000
v 17.08428955 2.85088539 10.00000000
v 17.23535156 1.71554232 10.00000000
v 17.31104851 0.57269776 10.00000000
v 16.62940216 0.00002341 11.11140442
v 16.62030983 -0.54980034 11.11140442
v 16.54763412 -1.64704359 11.11140442
v 16.40259933 -2.73708463 11.11140442
v 16.18584061 -3.81515694 11.11140442
v 15.89830399 -4.87654638 11.11140442
v 15.54124928 -5.91661215 11.11140442
v 15.11623573 -6.93080568 11.11140442
v 14.62512398 -7.91469240 11.11140442
v 14.07005978 -8.86397076 11.11140442
v 13.45347118 -9.77448845 11.11140442
v 12.77805328 -10.64226437 11.11140442
v 12.04676056 -11.46350479 11.11140442
v 11.26279068 -12.23461819 11.11140442
v 10.42957115 -12.95223236 11.11140442
v 9.55074692 -13.61320972 11.11140442
v 8.63015842 -14.21465969 11.11140442
v 7.67183304 -14.75395298 11.11140442
v 6.67996073 -15.22873020 11.11140442
v 5.65887880 -15.63691616 11.11140442
v 4.61305189 -15.97672653 11.11140442
v 3.54705310 -16.24667358 11.11140442
v 2.46554422 -16.44557953 11.11140442
v 1.37325418 -16.57257080 11.11140442
v 0.27495936 -16.62709618 11.11140442
v -0.82453781 -16.60891342 11.11140442
v -1.92042947 -16.51810646 11.11140442
v -3.00792336 -16.35506821 11.11140442
v -4.08226442 -16.12051392 11.11140442
v -5.13875484 -15.81546879 11.11140442
v -6.17277479 -15.44126606 11.11140442
v -7.17980242 -14.99954224 11.11140442
v -8.15543461 -14.49222946 11.11140442
v -9.09540558 -13.92154598 11.11140442
v -9.99560452 -13.28998756 11.11140442
v -10.85209465 -12.60031414 11.11140442
v -11.66113186 -11.85554314 11.11140442
v -12.41917706 -11.05893135 11.11140442
v -13.12291718 -10.21396065 11.11140442
v -13.76927376 -9.32432747 11.11140442
v -14.35542107 -8.39392090 11.11140442
v -14.87879467 -7.42680979 11.11140442
v -15.33710861 -6.42722273 11.11140442
v -15.72835636 -5.39953136 11.11140442
v -16.05082703 -4.34822893 11.11140442
v -16.30311394 -3.27791286 11.11140442
v -16.48410988 -2.19326329 11.11140442
v -16.59302521 -1.09902287 11.11140442
v -16.62938309 0.00002341 11.11140442
v -16.59302521 1.09906971 11.11140442
v -16.48410988 2.19331002 11.11140442
v -16.30311394 3.27795982 11.11140442
v -16.05082703 4.34827614 11.11140442
v -15.72835636 5.39957809 11.11140442
v -15.33710861 6.42726946 11.11140442
v -14.87879467 7.42685652 11.11140442
v -14.35542107 8.39396763 11.11140442
v -13.76927376 9.32437420 11.11140442
v -13.12291718 10.21400738 11.11140442
v -12.41917706 11.05897808 11.11140442
v -11.66113186 11.85558987 11.11140442
v -10.85209465 12.60036087 11.11140442
v -9.99560452 13.29003429 11.11140442
v -9.09540558 13.92159271 11.11140442
v -8.15543461 14.49227715 11.11140442
v -7.17980242 14.99958897 11.11140442
v -6.17277479 15.44131279 11.11140442
v -5.13875484 15.81551552 11.11140442
v -4.08226442 16.12056160 11.11140442
v -3.00792336 16.35511589 11.11140442
v -1.92042947 16.51815224 11.11140442
v -0.82453781 16.60896111 11.11140442
v 0.27495936 16.62714195 11.11140442
v 1.37325418 16.57261848 11.11140442
v 2.46554422 16.44562531 11.11140442
v 3.54705310 16.24672127 11.11140442
v 4.61305189 15.97677326 11.11140442
v 5.65887880 15.63696384 11.11140442
v 6.67996073 15.22877693 11.11140442
v 7.67183304 14.75399971 11.11140442
v 8.63015842 14.21470642 11.11140442
v 9.55074692 13.61325645 11.11140442
v 10.42957115 12.95227909 11.11140442
v 11.26279068 12.23466492 11.11140442
v 12.04676056 11.46355152 11.11140442
v 12.77805328 10.64231110 11.11140442
v 13.45347118 9.77453518 11.11140442
v 14.07005978 8.86401749 11.11140442
v 14.62512398 7.91473913 11.11140442
v 15.11623573 6.93085241 11.11140442
v 15.54124928 5.91665888 11.11140442
v 15.89830399 4.87659311 11.11140442
v 16.18584061 3.81520367 11.11140442
v 16.40259933 2.73713136 11.11140442
v 16.54763412 1.64709044 11.11140442
v 16.62030983 0.54984713 11.11140442
v 15.86707687 0.00002341 12.17522812
v 15.85840130 -0.52459526 12.17522812
v 15.78905678 -1.57153869 12.17522812
v 15.65067101 -2.61160994 12.17522812
v 15.44384766 -3.64026117 12.17522812
v 15.16949368 -4.65299463 12.17522812
v 14.82880688 -5.64538145 12.17522812
v 14.42327690 -6.61308241 12.17522812
v 13.95467854 -7.55186558 12.17522812
v 13.42505932 -8.45762634 12.17522812
v 12.83673668 -9.32640457 12.17522812
v 12.19228172 -10.15439987 12.17522812
v 11.49451256 -10.93799305 12.17522812
v 10.74648190 -11.67375660 12.17522812
v 9.95145893 -12.35847473 12.17522812
v 9.11292076 -12.98915100 12.17522812
v 8.23453522 -13.56302929 12.17522812
v 7.32014084 -14.07760048 12.17522812
v 6.37373781 -14.53061295 12.17522812
v 5.39946461 -14.92008686 12.17522812
v 4.40158033 -15.24431896 12.17522812
v 3.38444948 -15.50189209 12.17522812
v 2.35251904 -15.69167900 12.17522812
v 1.31030190 -15.81284904 12.17522812
v 0.26235509 -15.86487484 12.17522812
v -0.78673887 -15.84752655 12.17522812
v -1.83239257 -15.76088142 12.17522812
v -2.87003374 -15.60531712 12.17522812
v -3.89512467 -15.38151550 12.17522812
v -4.90318346 -15.09045410 12.17522812
v -5.88980150 -14.73340511 12.17522812
v -6.85066509 -14.31193161 12.17522812
v -7.78157282 -13.82787514 12.17522812
v -8.67845345 -13.28335285 12.17522812
v -9.53738499 -12.68074608 12.17522812
v -10.35461235 -12.02268887 12.17522812
v -11.12656116 -11.31206036 12.17522812
v -11.84985638 -10.55196571 12.17522812
v -12.52133560 -9.74573040 12.17522812
v -13.13806152 -8.89688015 12.17522812
v -13.69733810 -8.00912476 12.17522812
v -14.19672012 -7.08634853 12.17522812
v -14.63402367 -6.13258457 12.17522812
v -15.00733566 -5.15200472 12.17522812
v -15.31502438 -4.14889622 12.17522812
v -15.55574417 -3.12764573 12.17522812
v -15.72844315 -2.09271860 12.17522812
v -15.83236599 -1.04864037 12.17522812
v -15.86705685 0.00002341 12.17522812
v -15.83236599 1.04868710 12.17522812
v -15.72844315 2.09276533 12.17522812
v -15.55574417 3.12769246 12.17522812
v -15.31502438 4.14894295 12.17522812
v -15.00733566 5.15205145 12.17522812
v -14.63402367 6.13263178 12.17522812
v -14.19672012 7.08639526 12.17522812
v -13.69733810 8.00917149 12.17522812
v -13.13806152 8.89692688 12.17522812
v -12.52133560 9.74577713 12.17522812
v -11.84985638 10.55201244 12.17522812
v -11.12656116 11.31210709 12.17522812
v -10.35461235 12.02273560 12.17522812
v -9.53738499 12.68079281 12.17522812
v -8.67845345 13.28339958 12.17522812
v -7.78157282 13.82792187 12.17522812
v -6.85066509 14.31197834 12.17522812
v -5.88980150 14.73345280 12.17522812
v -4.90318346 15.09050083 12.17522812
v -3.89512467 15.38156223 12.17522812
v -2.87003374 15.60536385 12.17522812
v -1.83239257 15.76092815 12.17522812
v -0.78673887 15.84757328 12.17522812
v 0.26235509 15.86492157 12.17522812
v 1.31030190 15.81289577 12.17522812
v 2.35251904 15.69172573 12.17522812
v 3.38444948 15.50193882 12.17522812
v 4.40158033 15.24436569 12.17522812
v 5.39946461 14.92013359 12.17522812
v 6.37373781 14.53065968 12.17522812
v 7.32014084 14.07764721 12.17522812
v 8.23453522 13.56307602 12.17522812
v 9.11292076 12.98919773 12.17522812
v 9.95145893 12.35852146 12.17522812
v 10.74648190 11.67380428 12.17522812
v 11.49451256 10.93803978 12.17522812
v 12.19228172 10.15444660 12.17522812
v 12.83673668 9.32645130 12.17522812
v 13.42505932 8.45767307 12.17522812
v 13.95467854 7.55191231 12.17522812
v 14.42327690 6.61312914 12.17522812
v 14.82880688 5.64542818 12.17522812
v 15.16949368 4.65304136 12.17522812
v 15.44384766 3.64030814 12.17522812
v 15.65067101 2.61165667 12.17522812
v 15.78905678 1.57158542 12.17522812
v 15.85840130 0.52464211 12.17522812
v 15.03680611 0.00002341 13.18691635
v 15.02858448 -0.49714375 13.18691635
v 14.96286869 -1.48930407 13.18691635
v 14.83172417 -2.47495198 13.18691635
v 14.63572311 -3.44977736 13.18691635
v 14.37572479 -4.40951777 13.18691635
v 14.05286503 -5.34997606 13.18691635
v 13.66855621 -6.26704025 13.18691635
v 13.22447777 -7.15670061 13.18691635
v 12.72257137 -8.01506615 13.18691635
v 12.16503334 -8.83838367 13.18691635
v 11.55430031 -9.62305355 13.18691635
v 10.89304447 -10.36564350 13.18691635
v 10.18415451 -11.06290722 13.18691635
v 9.43073273 -11.71179581 13.18691635
v 8.63607311 -12.30947113 13.18691635
v 7.80364943 -12.85332012 13.18691635
v 6.93710279 -13.34096527 13.18691635
v 6.04022217 -13.77027321 13.18691635
v 5.11692905 -14.13936710 13.18691635
v 4.17126083 -14.44663334 13.18691635
v 3.20735288 -14.69072819 13.18691635
v 2.22942019 -14.87058449 13.18691635
v 1.24173868 -14.98541451 13.18691635
v 0.24862745 -15.03471756 13.18691635
v -0.74557090 -15.01827717 13.18691635
v -1.73650908 -14.93616581 13.18691635
v -2.71985388 -14.78874207 13.18691635
v -3.69130540 -14.57665062 13.18691635
v -4.64661551 -14.30081940 13.18691635
v -5.58160734 -13.96245480 13.18691635
v -6.49219227 -13.56303501 13.18691635
v -7.37438822 -13.10430717 13.18691635
v -8.22433853 -12.58827782 13.18691635
v -9.03832436 -12.01720333 13.18691635
v -9.81278896 -11.39358044 13.18691635
v -10.54434490 -10.72013664 13.18691635
v -11.22979259 -9.99981594 13.18691635
v -11.86613464 -9.23576832 13.18691635
v -12.45059013 -8.43133450 13.18691635
v -12.98060226 -7.59003305 13.18691635
v -13.45385265 -6.71554232 13.18691635
v -13.86827278 -5.81168604 13.18691635
v -14.22205162 -4.88241625 13.18691635
v -14.51363945 -3.93179727 13.18691635
v -14.74176407 -2.96398520 13.18691635
v -14.90542603 -1.98321223 13.18691635
v -15.00391006 -0.99376726 13.18691635
v -15.03678608 0.00002341 13.18691635
v -15.00391006 0.99381405 13.18691635
v -14.90542603 1.98325908 13.18691635
v -14.74176407 2.96403193 13.18691635
v -14.51363945 3.93184400 13.18691635
v -14.22205162 4.88246298 13.18691635
v -13.86827278 5.81173277 13.18691635
v -13.45385265 6.71558905 13.18691635
v -12.98060226 7.59007978 13.18691635
v -12.45059013 8.43138123 13.18691635
v -11.86613464 9.23581505 13.18691635
v -11.22979259 9.99986267 13.18691635
v -10.54434490 10.72018337 13.18691635
v -9.81278896 11.39362717 13.18691635
v -9.03832436 12.01725006 13.18691635
v -8.22433853 12.58832550 13.18691635
v -7.37438822 13.10435390 13.18691635
v -6.49219227 13.56308174 13.18691635
v -5.58160734 13.96250153 13.18691635
v -4.64661551 14.30086613 13.18691635
v -3.69130540 14.57669735 13.18691635
v -2.71985388 14.78878880 13.18691635
v -1.73650908 14.93621254 13.18691635
v -0.74557090 15.01832390 13.18691635
v 0.24862745 15.03476429 13.18691635
v 1.24173868 14.98546124 13.18691635
v 2.22942019 14.87063122 13.18691635
v 3.20735288 14.69077492 13.18691635
v 4.17126083 14.44668102 13.18691635
v 5.11692905 14.13941479 13.18691635
v 6.04022217 13.77031994 13.18691635
v 6.93710279 13.34101200 13.18691635
v 7.80364943 12.85336685 13.18691635
v 8.63607311 12.30951786 13.18691635
v 9.43073273 11.71184254 13.18691635
v 10.18415451 11.06295395 13.18691635
v 10.89304447 10.36569023 13.18691635
v 11.55430031 9.62310028 13.18691635
v 12.16503334 8.83843040 13.18691635
v 12.72257137 8.01511288 13.18691635
v 13.22447777 7.15674734 13.18691635
v 13.66855621 6.26708746 13.18691635
v 14.05286503 5.35002279 13.18691635
v 14.37572479 4.40956450 13.18691635
v 14.63572311 3.44982409 13.18691635
v 14.83172417 2.47499871 13.18691635
v 14.96286869 1.48935080 13.18691635
v 15.02858448 0.49719054 13.18691635
v 14.14214516 0.00002341 14.14213562
v 14.13441372 -0.46756324 14.14213562
v 14.07260704 -1.40069187 14.14213562
v 13.94926548 -2.32769561 14.14213562
v 13.76492691 -3.24452090 14.14213562
v 13.52039719 -4.14715862 14.14213562
v 13.21674728 -5.03166151 14.14213562
v 12.85530376 -5.89416218 14.14213562
v 12.43764687 -6.73088932 14.14213562
v 11.96560383 -7.53818369 14.14213562
v 11.44123840 -8.31251526 14.14213562
v 10.86684227 -9.05049896 14.14213562
v 10.24492931 -9.74890614 14.14213562
v 9.57821751 -10.40468407 14.14213562
v 8.86962318 -11.01496506 14.14213562
v 8.12224388 -11.57707977 14.14213562
v 7.33934784 -12.08857059 14.14213562
v 6.52435923 -12.54720211 14.14213562
v 5.68084097 -12.95096684 14.14213562
v 4.81248236 -13.29810047 14.14213562
v 3.92307949 -13.58708572 14.14213562
v 3.01652217 -13.81665707 14.14213562
v 2.09677458 -13.98581123 14.14213562
v 1.16785824 -14.09381008 14.14213562
v 0.23383519 -14.14017868 14.14213562
v -0.70121026 -14.12471676 14.14213562
v -1.63318956 -14.04749107 14.14213562
v -2.55802727 -13.90883923 14.14213562
v -3.47167921 -13.70936680 14.14213562
v -4.37015057 -13.44994640 14.14213562
v -5.24951172 -13.13171387 14.14213562
v -6.10591888 -12.75605869 14.14213562
v -6.93562603 -12.32462502 14.14213562
v -7.73500490 -11.83929825 14.14213562
v -8.50056076 -11.30220127 14.14213562
v -9.22894669 -10.71568298 14.14213562
v -9.91697598 -10.08230782 14.14213562
v -10.56164074 -9.40484428 14.14213562
v -11.16012192 -8.68625641 14.14213562
v -11.70980358 -7.92968512 14.14213562
v -12.20828056 -7.13843918 14.14213562
v -12.65337372 -6.31597900 14.14213562
v -13.04313660 -5.46590042 14.14213562
v -13.37586594 -4.59192038 14.14213562
v -13.65010548 -3.69786143 14.14213562
v -13.86465645 -2.78763223 14.14213562
v -14.01858139 -1.86521351 14.14213562
v -14.11120605 -0.93463862 14.14213562
v -14.14212608 0.00002341 14.14213562
v -14.11120605 0.93468541 14.14213562
v -14.01858139 1.86526036 14.14213562
v -13.86465645 2.78767920 14.14213562
v -13.65010548 3.69790816 14.14213562
v -13.37586594 4.59196711 14.14213562
v -13.04313660 5.46594715 14.14213562
v -12.65337372 6.31602573 14.14213562
v -12.20828056 7.13848591 14.14213562
v -11.70980358 7.92973185 14.14213562
v -11.16012192 8.68630314 14.14213562
v -10.56164074 9.40489101 14.14213562
v -9.91697598 10.08235455 14.14213562
v -9.22894669 10.71572971 14.14213562
v -8.50056076 11.30224800 14.14213562
v -7.73500490 11.83934498 14.14213562
v -6.93562603 12.32467175 14.14213562
v -6.10591888 12.75610542 14.14213562
v -5.24951172 13.13176060 14.14213562
v -4.37015057 13.44999409 14.14213562
v -3.47167921 13.70941353 14.14213562
v -2.55802727 13.90888596 14.14213562
v -1.63318956 14.04753780 14.14213562
v -0.70121026 14.12476349 14.14213562
v 0.23383519 14.14022541 14.14213562
v 1.16785824 14.09385681 14.14213562
v 2.09677458 13.98585796 14.14213562
v 3.01652217 13.81670380 14.14213562
v 3.92307949 13.58713245 14.14213562
v 4.81248236 13.29814816 14.14213562
v 5.68084097 12.95101357 14.14213562
v 6.52435923 12.54724884 14.14213562
v 7.33934784 12.08861828 14.14213562
v 8.12224388 11.57712650 14.14213562
v 8.86962318 11.01501179 14.14213562
v 9.57821751 10.40473080 14.14213562
v 10.24492931 9.74895287 14.14213562
v 10.86684227 9.05054569 14.14213562
v 11.44123840 8.31256199 14.14213562
v 11.96560383 7.53823042 14.14213562
v 12.43764687 6.73093605 14.14213562
v 12.85530376 5.89420891 14.14213562
v 13.21674728 5.03170824 14.14213562
v 13.52039719 4.14720535 14.14213562
v 13.76492691 3.24456763 14.14213562
v 13.94926548 2.32774234 14.14213562
v 14.07260704 1.40073872 14.14213562
v 14.13441372 0.46761006 14.14213562
v 13.18692589 0.00002341 15.03679657
v 13.17971611 -0.43598047 15.03679657
v 13.12208462 -1.30608177 15.03679657
v 13.00707340 -2.17047167 15.03679657
v 12.83518600 -3.02537060 15.03679657
v 12.60717392 -3.86704040 15.03679657
v 12.32403374 -4.69180012 15.03679657
v 11.98700333 -5.49604416 15.03679657
v 11.59755707 -6.27625513 15.03679657
v 11.15739727 -7.02902126 15.03679657
v 10.66844940 -7.75105143 15.03679657
v 10.13285065 -8.43918800 15.03679657
v 9.55294418 -9.09042263 15.03679657
v 8.93126488 -9.70190620 15.03679657
v 8.27053165 -10.27096653 15.03679657
v 7.57363367 -10.79511356 15.03679657
v 6.84361839 -11.27205658 15.03679657
v 6.08367729 -11.69970989 15.03679657
v 5.29713392 -12.07620239 15.03679657
v 4.48742771 -12.39988995 15.03679657
v 3.65809894 -12.66935444 15.03679657
v 2.81277418 -12.88341999 15.03679657
v 1.95515025 -13.04114914 15.03679657
v 1.08897686 -13.14185333 15.03679657
v 0.21804164 -13.18509007 15.03679657
v -0.65384692 -13.17067242 15.03679657
v -1.52287638 -13.09866238 15.03679657
v -2.38524652 -12.96937561 15.03679657
v -3.23718667 -12.78337669 15.03679657
v -4.07497120 -12.54147911 15.03679657
v -4.89493704 -12.24474144 15.03679657
v -5.69349861 -11.89445972 15.03679657
v -6.46716356 -11.49216652 15.03679657
v -7.21254969 -11.03962040 15.03679657
v -7.92639685 -10.53880215 15.03679657
v -8.60558414 -9.99189949 15.03679657
v -9.24714088 -9.40130424 15.03679657
v -9.84826279 -8.76959991 15.03679657
v -10.40631962 -8.09954834 15.03679657
v -10.91887283 -7.39407921 15.03679657
v -11.38368130 -6.65627766 15.03679657
v -11.79871082 -5.88936949 15.03679657
v -12.16214752 -5.09670877 15.03679657
v -12.47240257 -4.28176117 15.03679657
v -12.72811890 -3.44809079 15.03679657
v -12.92817879 -2.59934235 15.03679657
v -13.07170677 -1.73922765 15.03679657
v -13.15807533 -0.87150759 15.03679657
v -13.18690681 0.00002341 15.03679657
v -13.15807533 0.87155443 15.03679657
v -13.07170677 1.73927438 15.03679657
v -12.92817879 2.59938908 15.03679657
v -12.72811890 3.44813752 15.03679657
v -12.47240257 4.28180790 15.03679657
v -12.16214752 5.09675550 15.03679657
v -11.79871082 5.88941622 15.03679657
v -11.38368130 6.65632439 15.03679657
v -10.91887283 7.39412594 15.03679657
v -10.40631962 8.09959507 15.03679657
v -9.84826279 8.76964664 15.03679657
v -9.24714088 9.40135098 15.03679657
v -8.60558414 9.99194622 15.03679657
v -7.92639685 10.53884888 15.03679657
v -7.21254969 11.03966808 15.03679657
v -6.46716356 11.49221325 15.03679657
v -5.69349861 11.89450645 15.03679657
v -4.89493704 12.24478817 15.03679657
v -4.07497120 12.54152584 15.03679657
v -3.23718667 12.78342342 15.03679657
v -2.38524652 12.96942234 15.03679657
v -1.52287638 13.09870911 15.03679657
v -0.65384692 13.17071915 15.03679657
v 0.21804164 13.18513680 15.03679657
v 1.08897686 13.14190006 15.03679657
v 1.95515025 13.04119587 15.03679657
v 2.81277418 12.88346672 15.03679657
v 3.65809894 12.66940212 15.03679657
v 4.48742771 12.39993668 15.03679657
v 5.29713392 12.07625008 15.03679657
v 6.08367729 11.69975662 15.03679657
v 6.84361839 11.27210331 15.03679657
v 7.57363367 10.79516029 15.03679657
v 8.27053165 10.27101326 15.03679657
v 8.93126488 9.70195293 15.03679657
v 9.55294418 9.09046936 15.03679657
v 10.13285065 8.43923473 15.03679657
v 10.66844940 7.75109816 15.03679657
v 11.15739727 7.02906799 15.03679657
v 11.59755707 6.27630186 15.03679657
v 11.98700333 5.49609089 15.03679657
v 12.32403374 4.69184685 15.03679657
v 12.60717392 3.86708713 15.03679657
v 12.83518600 3.02541733 15.03679657
v 13.00707340 2.17051840 15.03679657
v 13.12208462 1.30612850 15.03679657
v 13.17971611 0.43602729 15.03679657
v 12.17523861 0.00002341 15.86706638
v 12.16858196 -0.40253067 15.86706638
v 12.11537170 -1.20587862 15.86706638
v 12.00918388 -2.00395346 15.86706638
v 11.85048389 -2.79326534 15.86706638
v 11.63996410 -3.57036281 15.86706638
v 11.37854576 -4.33184814 15.86706638
v 11.06737232 -5.07439089 15.86706638
v 10.70780373 -5.79474497 15.86706638
v 10.30141258 -6.48975992 15.86706638
v 9.84997654 -7.15639639 15.86706638
v 9.35546875 -7.79173994 15.86706638
v 8.82005215 -8.39301205 15.86706638
v 8.24606800 -8.95758343 15.86706638
v 7.63602543 -9.48298550 15.86706638
v 6.99259281 -9.96692085 15.86706638
v 6.31858301 -10.40727329 15.86706638
v 5.61694384 -10.80211735 15.86706638
v 4.89074373 -11.14972591 15.86706638
v 4.14315701 -11.44857979 15.86706638
v 3.37745380 -11.69737244 15.86706638
v 2.59698176 -11.89501476 15.86706638
v 1.80515373 -12.04064274 15.86706638
v 1.00543225 -12.13362026 15.86706638
v 0.20131445 -12.17354107 15.86706638
v -0.60368365 -12.16022968 15.86706638
v -1.40604198 -12.09374428 15.86706638
v -2.20225191 -11.97437572 15.86706638
v -2.98883200 -11.80264664 15.86706638
v -3.76234269 -11.57930660 15.86706638
v -4.51940155 -11.30533409 15.86706638
v -5.25669813 -10.98192596 15.86706638
v -5.97100830 -10.61049652 15.86706638
v -6.65920877 -10.19266987 15.86706638
v -7.31829023 -9.73027325 15.86706638
v -7.94537115 -9.22532845 15.86706638
v -8.53770828 -8.68004322 15.86706638
v -9.09271240 -8.09680271 15.86706638
v -9.60795593 -7.47815657 15.86706638
v -10.08118725 -6.82681036 15.86706638
v -10.51033497 -6.14561224 15.86706638
v -10.89352417 -5.43754101 15.86706638
v -11.22907829 -4.70569229 15.86706638
v -11.51553154 -3.95326686 15.86706638
v -11.75162888 -3.18355465 15.86706638
v -11.93634033 -2.39992142 15.86706638
v -12.06885719 -1.60579395 15.86706638
v -12.14859867 -0.80464458 15.86706638
v -12.17521858 0.00002341 15.86706638
v -12.14859867 0.80469137 15.86706638
v -12.06885719 1.60584068 15.86706638
v -11.93634033 2.39996839 15.86706638
v -11.75162888 3.18360138 15.86706638
v -11.51553154 3.95331359 15.86706638
v -11.22907829 4.70573902 15.86706638
v -10.89352417 5.43758774 15.86706638
v -10.51033497 6.14565897 15.86706638
v -10.08118725 6.82685757 15.86706638
v -9.60795593 7.47820377 15.86706638
v -9.09271240 8.09684944 15.86706638
v -8.53770828 8.68008995 15.86706638
v -7.94537115 9.22537518 15.86706638
v -7.31829023 9.73031998 15.86706638
v -6.65920877 10.19271660 15.86706638
v -5.97100830 10.61054325 15.86706638
v -5.25669813 10.98197269 15.86706638
v -4.51940155 11.30538082 15.86706638
v -3.76234269 11.57935429 15.86706638
v -2.98883200 11.80269337 15.86706638
v -2.20225191 11.97442245 15.86706638
v -1.40604198 12.09379101 15.86706638
v -0.60368365 12.16027641 15.86706638
v 0.20131445 12.17358780 15.86706638
v 1.00543225 12.13366699 15.86706638
v 1.80515373 12.04068947 15.86706638
v 2.59698176 11.89506149 15.86706638
v 3.37745380 11.69741917 15.86706638
v 4.14315701 11.44862652 15.86706638
v 4.89074373 11.14977264 15.86706638
v 5.61694384 10.80216408 15.86706638
v 6.31858301 10.40732002 15.86706638
v 6.99259281 9.96696758 15.86706638
v 7.63602543 9.48303223 15.86706638
v 8.24606800 8.95763016 15.86706638
v 8.82005215 8.39305878 15.86706638
v 9.35546875 7.79178667 15.86706638
v 9.84997654 7.15644312 15.86706638
v 10.30141258 6.48980665 15.86706638
v 10.70780373 5.79479170 15.86706638
v 11.06737232 5.07443762 15.86706638
v 11.37854576 4.33189487 15.86706638
v 11.63996410 3.57040954 15.86706638
v 11.85048389 2.79331207 15.86706638
v 12.00918388 2.00400019 15.86706638
v 12.11537170 1.20592535 15.86706638
v 12.16858196 0.40257749 15.86706638
v 11.11141491 0.00002341 16.62939262
v 11.10533905 -0.36735708 16.62939262
v 11.05677891 -1.10051155 16.62939262
v 10.95986938 -1.82885373 16.62939262
v 10.81503582 -2.54919863 16.62939262
v 10.62291050 -3.25839639 16.62939262
v 10.38433361 -3.95334601 16.62939262
v 10.10034943 -4.63100863 16.62939262
v 9.77219868 -5.28842068 16.62939262
v 9.40131664 -5.92270803 16.62939262
v 8.98932552 -6.53109646 16.62939262
v 8.53802586 -7.11092615 16.62939262
v 8.04939175 -7.65966129 16.62939262
v 7.52555943 -8.17490292 16.62939262
v 6.96882010 -8.65439701 16.62939262
v 6.38160801 -9.09604836 16.62939262
v 5.76649094 -9.49792385 16.62939262
v 5.12615824 -9.85826874 16.62939262
v 4.46341038 -10.17550468 16.62939262
v 3.78114510 -10.44824600 16.62939262
v 3.08234596 -10.67529964 16.62939262
v 2.37006831 -10.85567284 16.62939262
v 1.64742732 -10.98857689 16.62939262
v 0.91758239 -11.07343006 16.62939262
v 0.18372525 -11.10986233 16.62939262
v -0.55093527 -11.09771347 16.62939262
v -1.28318667 -11.03703785 16.62939262
v -2.00982690 -10.92809963 16.62939262
v -2.72767878 -10.77137566 16.62939262
v -3.43360305 -10.56755066 16.62939262
v -4.12451315 -10.31751633 16.62939262
v -4.79738760 -10.02236652 16.62939262
v -5.44928408 -9.68339062 16.62939262
v -6.07735252 -9.30207253 16.62939262
v -6.67884588 -8.88007736 16.62939262
v -7.25113440 -8.41925335 16.62939262
v -7.79171562 -7.92161322 16.62939262
v -8.29822540 -7.38933372 16.62939262
v -8.76844978 -6.82474279 16.62939262
v -9.20033169 -6.23030853 16.62939262
v -9.59198189 -5.60863066 16.62939262
v -9.94168949 -4.96242762 16.62939262
v -10.24792480 -4.29452515 16.62939262
v -10.50934792 -3.60784388 16.62939262
v -10.72481728 -2.90538597 16.62939262
v -10.89338875 -2.19022369 16.62939262
v -11.01432610 -1.46548390 16.62939262
v -11.08710098 -0.73433584 16.62939262
v -11.11139488 0.00002341 16.62939262
v -11.08710098 0.73438263 16.62939262
v -11.01432610 1.46553063 16.62939262
v -10.89338875 2.19027042 16.62939262
v -10.72481728 2.90543294 16.62939262
v -10.50934792 3.60789061 16.62939262
v -10.24792480 4.29457188 16.62939262
v -9.94168949 4.96247435 16.62939262
v -9.59198189 5.60867739 16.62939262
v -9.20033169 6.23035526 16.62939262
v -8.76844978 6.82478952 16.62939262
v -8.29822540 7.38938046 16.62939262
v -7.79171562 7.92165995 16.62939262
v -7.25113440 8.41930008 16.62939262
v -6.67884588 8.88012505 16.62939262
v -6.07735252 9.30211926 16.62939262
v -5.44928408 9.68343735 16.62939262
v -4.79738760 10.02241325 16.62939262
v -4.12451315 10.31756306 16.62939262
v -3.43360305 10.56759739 16.62939262
v -2.72767878 10.77142239 16.62939262
v -2.00982690 10.92814636 16.62939262
v -1.28318667 11.03708458 16.62939262
v -0.55093527 11.09776115 16.62939262
v 0.18372525 11.10990906 16.62939262
v 0.91758239 11.07347679 16.62939262
v 1.64742732 10.98862362 16.62939262
v 2.37006831 10.85571957 16.62939262
v 3.08234596 10.67534637 16.62939262
v 3.78114510 10.44829273 16.62939262
v 4.46341038 10.17555141 16.62939262
v 5.12615824 9.85831547 16.62939262
v 5.76649094 9.49797153 16.62939262
v 6.38160801 9.09609509 16.62939262
v 6.96882010 8.65444374 16.62939262
v 7.52555943 8.17494965 16.62939262
v 8.04939175 7.65970802 16.62939262
v 8.53802586 7.11097288 16.62939262
v 8.98932552 6.53114319 16.62939262
v 9.40131664 5.92275476 16.62939262
v 9.77219868 5.28846741 16.62939262
v 10.10034943 4.63105536 16.62939262
v 10.38433361 3.95339274 16.62939262
v 10.62291050 3.25844336 16.62939262
v 10.81503582 2.54924536 16.62939262
v 10.95986938 1.82890046 16.62939262
v 11.05677891 1.10055840 16.62939262
v 11.10533905 0.36740389 16.62939262
v 10.00000954 0.00002341 17.32050896
v 9.99454212 -0.33061028 17.32050896
v 9.95083904 -0.99043190 17.32050896
v 9.86362267 -1.64592254 17.32050896
v 9.73327541 -2.29421568 17.32050896
v 9.56036758 -2.93247700 17.32050896
v 9.34565449 -3.55791497 17.32050896
v 9.09007549 -4.16779518 17.32050896
v 8.79474735 -4.75945044 17.32050896
v 8.46096230 -5.33029366 17.32050896
v 8.09017944 -5.87782907 17.32050896
v 7.68402100 -6.39966202 17.32050896
v 7.24426174 -6.89351082 17.32050896
v 6.77282572 -7.35721588 17.32050896
v 6.27177334 -7.78874922 17.32050896
v 5.74329662 -8.18622494 17.32050896
v 5.18970585 -8.54790401 17.32050896
v 4.61342144 -8.87220478 17.32050896
v 4.01696396 -9.15771008 17.32050896
v 3.40294170 -9.40317059 17.32050896
v 2.77403903 -9.60751343 17.32050896
v 2.13300610 -9.76984501 17.32050896
v 1.48264635 -9.88945484 17.32050896
v 0.82580334 -9.96582127 17.32050896
v 0.16534935 -9.99860954 17.32050896
v -0.49582765 -9.98767662 17.32050896
v -1.15483642 -9.93306923 17.32050896
v -1.80879545 -9.83502769 17.32050896
v -2.45484495 -9.69397926 17.32050896
v -3.09016013 -9.51054192 17.32050896
v -3.71196270 -9.28551674 17.32050896
v -4.31753349 -9.01988888 17.32050896
v -4.90422535 -8.71481895 17.32050896
v -5.46947145 -8.37164116 17.32050896
v -6.01080179 -7.99185658 17.32050896
v -6.52584791 -7.57712507 17.32050896
v -7.01235771 -7.12926102 17.32050896
v -7.46820498 -6.65022230 17.32050896
v -7.89139509 -6.14210367 17.32050896
v -8.28007889 -5.60712719 17.32050896
v -8.63255501 -5.04763174 17.32050896
v -8.94728374 -4.46606445 17.32050896
v -9.22288799 -3.86496830 17.32050896
v -9.45816231 -3.24697137 17.32050896
v -9.65207958 -2.61477590 17.32050896
v -9.80379009 -1.97114682 17.32050896
v -9.91263103 -1.31889832 17.32050896
v -9.97812653 -0.66088241 17.32050896
v -9.99999046 0.00002341 17.32050896
v -9.97812653 0.66092926 17.32050896
v -9.91263103 1.31894517 17.32050896
v -9.80379009 1.97119367 17.32050896
v -9.65207958 2.61482286 17.32050896
v -9.45816231 3.24701810 17.32050896
v -9.22288799 3.86501503 17.32050896
v -8.94728374 4.46611166 17.32050896
v -8.63255501 5.04767895 17.32050896
v -8.28007889 5.60717392 17.32050896
v -7.89139509 6.14215040 17.32050896
v -7.46820498 6.65026903 17.32050896
v -7.01235771 7.12930775 17.32050896
v -6.52584791 7.57717228 17.32050896
v -6.01080179 7.99190331 17.32050896
v -5.46947145 8.37168789 17.32050896
v -4.90422535 8.71486568 17.32050896
v -4.31753349 9.01993561 17.32050896
v -3.71196270 9.28556347 17.32050896
v -3.09016013 9.51058865 17.32050896
v -2.45484495 9.69402599 17.32050896
v -1.80879545 9.83507442 17.32050896
v -1.15483642 9.93311596 17.32050896
v -0.49582765 9.98772335 17.32050896
v 0.16534935 9.99865627 17.32050896
v 0.82580334 9.96586800 17.32050896
v 1.48264635 9.88950253 17.32050896
v 2.13300610 9.76989174 17.32050896
v 2.77403903 9.60756016 17.32050896
v 3.40294170 9.40321732 17.32050896
v 4.01696396 9.15775681 17.32050896
v 4.61342144 8.87225151 17.32050896
v 5.18970585 8.54795074 17.32050896
v 5.74329662 8.18627167 17.32050896
v 6.27177334 7.78879642 17.32050896
v 6.77282572 7.35726261 17.32050896
v 7.24426174 6.89355755 17.32050896
v 7.68402100 6.39970875 17.32050896
v 8.09017944 5.87787580 17.32050896
v 8.46096230 5.33034086 17.32050896
v 8.79474735 4.75949717 17.32050896
v 9.09007549 4.16784191 17.32050896
v 9.34565449 3.55796194 17.32050896
v 9.56036758 2.93252373 17.32050896
v 9.73327541 2.29426265 17.32050896
v 9.86362267 1.64596927 17.32050896
v 9.95083904 0.99047869 17.32050896
v 9.99454212 0.33065709 17.32050896
v 8.84578323 0.00002341 17.93745422
v 8.84094715 -0.29244769 17.93745422
v 8.80228806 -0.87611097 17.93745422
v 8.72513866 -1.45594311 17.93745422
v 8.60983658 -2.02940869 17.93745422
v 8.45688629 -2.59400010 17.93745422
v 8.26695538 -3.14724851 17.93745422
v 8.04087639 -3.68673468 17.93745422
v 7.77963591 -4.21009970 17.93745422
v 7.48437691 -4.71505451 17.93745422
v 7.15639114 -5.19939184 17.93745422
v 6.79711246 -5.66099358 17.93745422
v 6.40811157 -6.09784079 17.93745422
v 5.99108934 -6.50802374 17.93745422
v 5.54787016 -6.88974905 17.93745422
v 5.08039141 -7.24134636 17.93745422
v 4.59069729 -7.56127977 17.93745422
v 4.08092928 -7.84814882 17.93745422
v 3.55331683 -8.10070038 17.93745422
v 3.01016641 -8.31782913 17.93745422
v 2.45385337 -8.49858665 17.93745422
v 1.88681018 -8.64218140 17.93745422
v 1.31151664 -8.74798584 17.93745422
v 0.73048812 -8.81553745 17.93745422
v 0.14626543 -8.84454155 17.93745422
v -0.43859679 -8.83486938 17.93745422
v -1.02154112 -8.78656578 17.93745422
v -1.60001838 -8.69983959 17.93745422
v -2.17149925 -8.57507229 17.93745422
v -2.73348451 -8.41280746 17.93745422
v -3.28351712 -8.21375561 17.93745422
v -3.81919146 -7.97878695 17.93745422
v -4.33816528 -7.70892906 17.93745422
v -4.83816957 -7.40536213 17.93745422
v -5.31701803 -7.06941271 17.93745422
v -5.77261591 -6.70255089 17.93745422
v -6.20297194 -6.30638027 17.93745422
v -6.60620403 -5.88263369 17.93745422
v -6.98054838 -5.43316317 17.93745422
v -7.32436895 -4.95993519 17.93745422
v -7.63616180 -4.46501827 17.93745422
v -7.91456318 -3.95057702 17.93745422
v -8.15835667 -3.41886091 17.93745422
v -8.36647511 -2.87219477 17.93745422
v -8.53800964 -2.31296897 17.93745422
v -8.67220974 -1.74362922 17.93745422
v -8.76848793 -1.16666496 17.93745422
v -8.82642365 -0.58459896 17.93745422
v -8.84576416 0.00002341 17.93745422
v -8.82642365 0.58464575 17.93745422
v -8.76848793 1.16671169 17.93745422
v -8.67220974 1.74367607 17.93745422
v -8.53800964 2.31301570 17.93745422
v -8.36647511 2.87224150 17.93745422
v -8.15835667 3.41890764 17.93745422
v -7.91456318 3.95062399 17.93745422
v -7.63616180 4.46506500 17.93745422
v -7.32436895 4.95998192 17.93745422
v -6.98054838 5.43320990 17.93745422
v -6.60620403 5.88268042 17.93745422
v -6.20297194 6.30642700 17.93745422
v -5.77261591 6.70259762 17.93745422
v -5.31701803 7.06945944 17.93745422
v -4.83816957 7.40540886 17.93745422
v -4.33816528 7.70897579 17.93745422
v -3.81919146 7.97883368 17.93745422
v -3.28351712 8.21380234 17.93745422
v -2.73348451 8.41285419 17.93745422
v -2.17149925 8.57511902 17.93745422
v -1.60001838 8.69988728 17.93745422
v -1.02154112 8.78661251 17.93745422
v -0.43859679 8.83491707 17.93745422
v 0.14626543 8.84458828 17.93745422
v 0.73048812 8.81558418 17.93745422
v 1.31151664 8.74803257 17.93745422
v 1.88681018 8.64222813 17.93745422
v 2.45385337 8.49863338 17.93745422
v 3.01016641 8.31787586 17.93745422
v 3.55331683 8.10074711 17.93745422
v 4.08092928 7.84819555 17.93745422
v 4.59069729 7.56132650 17.93745422
v 5.08039141 7.24139357 17.93745422
v 5.54787016 6.88979578 17.93745422
v 5.99108934 6.50807047 17.93745422
v 6.40811157 6.09788752 17.93745422
v 6.79711246 5.66104031 17.93745422
v 7.15639114 5.19943857 17.93745422
v 7.48437691 4.71510172 17.93745422
v 7.77963591 4.21014643 17.93745422
v 8.04087639 3.68678141 17.93745422
v 8.26695538 3.14729524 17.93745422
v 8.45688629 2.59404683 17.93745422
v 8.60983658 2.02945542 17.93745422
v 8.72513866 1.45598996 17.93745422
v 8.80228806 0.87615776 17.93745422
v 8.84094715 0.29249451 17.93745422
v 7.65367842 0.00002341 18.47759056
v 7.64949417 -0.25303265 18.47759056
v 7.61604452 -0.75803828 18.47759056
v 7.54929256 -1.25972903 18.47759056
v 7.44952917 -1.75591123 18.47759056
v 7.31719112 -2.24441528 18.47759056
v 7.15285683 -2.72310472 18.47759056
v 6.95724487 -3.18988681 18.47759056
v 6.73121071 -3.64272022 18.47759056
v 6.47574282 -4.07962465 18.47759056
v 6.19195795 -4.49869013 18.47759056
v 5.88109732 -4.89808369 18.47759056
v 5.54452038 -5.27605915 18.47759056
v 5.18369865 -5.63096380 18.47759056
v 4.80021000 -5.96124506 18.47759056
v 4.39573097 -6.26545954 18.47759056
v 3.97203112 -6.54227686 18.47759056
v 3.53096223 -6.79048586 18.47759056
v 3.07445359 -7.00900221 18.47759056
v 2.60450101 -7.19686985 18.47759056
v 2.12315989 -7.35326672 18.47759056
v 1.63253462 -7.47750998 18.47759056
v 1.13477075 -7.56905603 18.47759056
v 0.63204485 -7.62750387 18.47759056
v 0.12655523 -7.65259886 18.47759056
v -0.37948772 -7.64423084 18.47759056
v -0.88387126 -7.60243654 18.47759056
v -1.38438976 -7.52739859 18.47759056
v -1.87885463 -7.41944504 18.47759056
v -2.36510372 -7.27904797 18.47759056
v -2.84101081 -7.10682154 18.47759056
v -3.30449486 -6.90351868 18.47759056
v -3.75352907 -6.67002821 18.47759056
v -4.18615007 -6.40737152 18.47759056
v -4.60046625 -6.11669683 18.47759056
v -4.99466515 -5.79927492 18.47759056
v -5.36702394 -5.45649481 18.47759056
v -5.71591425 -5.08985424 18.47759056
v -6.03981018 -4.70095730 18.47759056
v -6.33729553 -4.29150391 18.47759056
v -6.60706902 -3.86328483 18.47759056
v -6.84795189 -3.41817236 18.47759056
v -7.05889034 -2.95811319 18.47759056
v -7.23896170 -2.48511863 18.47759056
v -7.38737917 -2.00125742 18.47759056
v -7.50349331 -1.50864506 18.47759056
v -7.58679676 -1.00943553 18.47759056
v -7.63692474 -0.50581205 18.47759056
v -7.65365887 0.00002341 18.47759056
v -7.63692474 0.50585884 18.47759056
v -7.58679676 1.00948238 18.47759056
v -7.50349331 1.50869179 18.47759056
v -7.38737917 2.00130415 18.47759056
v -7.23896170 2.48516560 18.47759056
v -7.05889034 2.95815992 18.47759056
v -6.84795189 3.41821933 18.47759056
v -6.60706902 3.86333156 18.47759056
v -6.33729553 4.29155064 18.47759056
v -6.03981018 4.70100403 18.47759056
v -5.71591425 5.08990097 18.47759056
v -5.36702394 5.45654154 18.47759056
v -4.99466515 5.79932213 18.47759056
v -4.60046625 6.11674356 18.47759056
v -4.18615007 6.40741825 18.47759056
v -3.75352907 6.67007494 18.47759056
v -3.30449486 6.90356541 18.47759056
v -2.84101081 7.10686827 18.47759056
v -2.36510372 7.27909470 18.47759056
v -1.87885463 7.41949177 18.47759056
v -1.38438976 7.52744532 18.47759056
v -0.88387126 7.60248327 18.47759056
v -0.37948772 7.64427757 18.47759056
v 0.12655523 7.65264606 18.47759056
v 0.63204485 7.62755108 18.47759056
v 1.13477075 7.56910276 18.47759056
v 1.63253462 7.47755671 18.47759056
v 2.12315989 7.35331392 18.47759056
v 2.60450101 7.19691658 18.47759056
v 3.07445359 7.00904894 18.47759056
v 3.53096223 6.79053307 18.47759056
v 3.97203112 6.54232359 18.47759056
v 4.39573097 6.26550627 18.47759056
v 4.80021000 5.96129179 18.47759056
v 5.18369865 5.63101053 18.47759056
v 5.54452038 5.27610588 18.47759056
v 5.88109732 4.89813042 18.47759056
v 6.19195795 4.49873686 18.47759056
v 6.47574282 4.07967186 18.47759056
v 6.73121071 3.64276695 18.47759056
v 6.95724487 3.18993378 18.47759056
v 7.15285683 2.72315168 18.47759056
v 7.31719112 2.24446201 18.47759056
v 7.44952917 1.75595808 18.47759056
v 7.54929256 1.25977588 18.47759056
v 7.61604452 0.75808507 18.47759056
v 7.64949417 0.25307947 18.47759056
v 6.42879915 0.00002341 18.93860245
v 6.42528439 -0.21253403 18.93860245
v 6.39718819 -0.63671947 18.93860245
v 6.34111881 -1.05812049 18.93860245
v 6.25732136 -1.47489464 18.93860245
v 6.14616251 -1.88521934 18.93860245
v 6.00812817 -2.28730035 18.93860245
v 5.84382153 -2.67937946 18.93860245
v 5.65396118 -3.05974221 18.93860245
v 5.43937778 -3.42672539 18.93860245
v 5.20100975 -3.77872419 18.93860245
v 4.93989897 -4.11419964 18.93860245
v 4.65718699 -4.43168449 18.93860245
v 4.35411024 -4.72979069 18.93860245
v 4.03199434 -5.00721455 18.93860245
v 3.69224787 -5.26274300 18.93860245
v 3.33635592 -5.49525881 18.93860245
v 2.96587515 -5.70374537 18.93860245
v 2.58242512 -5.88729048 18.93860245
v 2.18768311 -6.04509163 18.93860245
v 1.78337479 -6.17645979 18.93860245
v 1.37126827 -6.28081894 18.93860245
v 0.95316565 -6.35771418 18.93860245
v 0.53089511 -6.40680838 18.93860245
v 0.10630314 -6.42788696 18.93860245
v -0.31875363 -6.42085838 18.93860245
v -0.74241650 -6.38575268 18.93860245
v -1.16283298 -6.32272339 18.93860245
v -1.57816458 -6.23204660 18.93860245
v -1.98659527 -6.11411858 18.93860245
v -2.38633895 -5.96945477 18.93860245
v -2.77564788 -5.79868793 18.93860245
v -3.15281940 -5.60256529 18.93860245
v -3.51620460 -5.38194370 18.93860245
v -3.86421418 -5.13778782 18.93860245
v -4.19532633 -4.87116575 18.93860245
v -4.50809383 -4.58324337 18.93860245
v -4.80114794 -4.27527952 18.93860245
v -5.07320833 -3.94862080 18.93860245
v -5.32308435 -3.60469556 18.93860245
v -5.54968405 -3.24500799 18.93860245
v -5.75201654 -2.87113047 18.93860245
v -5.92919683 -2.48469830 18.93860245
v -6.08045006 -2.08740115 18.93860245
v -6.20511484 -1.68097603 18.93860245
v -6.30264616 -1.26720047 18.93860245
v -6.37261772 -0.84788358 18.93860245
v -6.41472387 -0.42485905 18.93860245
v -6.42877960 0.00002341 18.93860245
v -6.41472387 0.42490584 18.93860245
v -6.37261772 0.84793037 18.93860245
v -6.30264616 1.26724720 18.93860245
v -6.20511484 1.68102288 18.93860245
v -6.08045006 2.08744788 18.93860245
v -5.92919683 2.48474503 18.93860245
v -5.75201654 2.87117743 18.93860245
v -5.54968405 3.24505472 18.93860245
v -5.32308435 3.60474229 18.93860245
v -5.07320833 3.94866753 18.93860245
v -4.80114794 4.27532625 18.93860245
v -4.50809383 4.58329010 18.93860245
v -4.19532633 4.87121248 18.93860245
v -3.86421418 5.13783455 18.93860245
v -3.51620460 5.38199043 18.93860245
v -3.15281940 5.60261202 18.93860245
v -2.77564788 5.79873514 18.93860245
v -2.38633895 5.96950150 18.93860245
v -1.98659527 6.11416531 18.93860245
v -1.57816458 6.23209333 18.93860245
v -1.16283298 6.32277012 18.93860245
v -0.74241650 6.38579941 18.93860245
v -0.31875363 6.42090511 18.93860245
v 0.10630314 6.42793369 18.93860245
v 0.53089511 6.40685511 18.93860245
v 0.95316565 6.35776091 18.93860245
v 1.37126827 6.28086567 18.93860245
v 1.78337479 6.17650652 18.93860245
v 2.18768311 6.04513884 18.93860245
v 2.58242512 5.88733721 18.93860245
v 2.96587515 5.70379210 18.93860245
v 3.33635592 5.49530554 18.93860245
v 3.69224787 5.26278973 18.93860245
v 4.03199434 5.00726128 18.93860245
v 4.35411024 4.72983742 18.93860245
v 4.65718699 4.43173122 18.93860245
v 4.93989897 4.11424637 18.93860245
v 5.20100975 3.77877092 18.93860245
v 5.43937778 3.42677212 18.93860245
v 5.65396118 3.05978894 18.93860245
v 5.84382153 2.67942619 18.93860245
v 6.00812817 2.28734708 18.93860245
v 6.14616251 1.88526607 18.93860245
v 6.25732136 1.47494149 18.93860245
v 6.34111881 1.05816734 18.93860245
v 6.39718819 0.63676625 18.93860245
v 6.42528439 0.21258084 18.93860245
v 5.17639065 0.00002341 19.31851578
v 5.17356062 -0.17112519 19.31851578
v 5.15093803 -0.51267397 19.31851578
v 5.10579157 -0.85198087 19.31851578
v 5.03831911 -1.18756223 19.31851578
v 4.94881535 -1.51795053 19.31851578
v 4.83767176 -1.84170103 19.31851578
v 4.70537376 -2.15739822 19.31851578
v 4.55250120 -2.46366167 19.31851578
v 4.37972116 -2.75915194 19.31851578
v 4.18778992 -3.04257703 19.31851578
v 3.97754669 -3.31269741 19.31851578
v 3.74991059 -3.56833243 19.31851578
v 3.50587726 -3.80836391 19.31851578
v 3.24651361 -4.03174210 19.31851578
v 2.97295380 -4.23749065 19.31851578
v 2.68639398 -4.42470932 19.31851578
v 2.38808751 -4.59257984 19.31851578
v 2.07933831 -4.74036837 19.31851578
v 1.76149702 -4.86742783 19.31851578
v 1.43595302 -4.97320366 19.31851578
v 1.10413003 -5.05723238 19.31851578
v 0.76747900 -5.11914730 19.31851578
v 0.42747205 -5.15867758 19.31851578
v 0.08559589 -5.17565012 19.31851578
v -0.25665450 -5.16999054 19.31851578
v -0.59778255 -5.14172363 19.31851578
v -0.93629664 -5.09097338 19.31851578
v -1.27071655 -5.01796150 19.31851578
v -1.59957981 -4.92300749 19.31851578
v -1.92144847 -4.80652618 19.31851578
v -2.23491502 -4.66902685 19.31851578
v -2.53860903 -4.51111078 19.31851578
v -2.83120203 -4.33346939 19.31851578
v -3.11141515 -4.13687801 19.31851578
v -3.37802267 -3.92219734 19.31851578
v -3.62985873 -3.69036579 19.31851578
v -3.86582255 -3.44239712 19.31851578
v -4.08488178 -3.17937565 19.31851578
v -4.28607941 -2.90245128 19.31851578
v -4.46853447 -2.61283517 19.31851578
v -4.63144970 -2.31179380 19.31851578
v -4.77411318 -2.00064349 19.31851578
v -4.89590025 -1.68074477 19.31851578
v -4.99627924 -1.35349631 19.31851578
v -5.07481003 -1.02032936 19.31851578
v -5.13115072 -0.68270069 19.31851578
v -5.16505337 -0.34208664 19.31851578
v -5.17637110 0.00002341 19.31851578
v -5.16505337 0.34213343 19.31851578
v -5.13115072 0.68274754 19.31851578
v -5.07481003 1.02037621 19.31851578
v -4.99627924 1.35354316 19.31851578
v -4.89590025 1.68079150 19.31851578
v -4.77411318 2.00069022 19.31851578
v -4.63144970 2.31184077 19.31851578
v -4.46853447 2.61288214 19.31851578
v -4.28607941 2.90249801 19.31851578
v -4.08488178 3.17942238 19.31851578
v -3.86582255 3.44244385 19.31851578
v -3.62985873 3.69041252 19.31851578
v -3.37802267 3.92224407 19.31851578
v -3.11141515 4.13692474 19.31851578
v -2.83120203 4.33351612 19.31851578
v -2.53860903 4.51115799 19.31851578
v -2.23491502 4.66907358 19.31851578
v -1.92144847 4.80657291 19.31851578
v -1.59957981 4.92305422 19.31851578
v -1.27071655 5.01800823 19.31851578
v -0.93629664 5.09102011 19.31851578
v -0.59778255 5.14177036 19.31851578
v -0.25665450 5.17003727 19.31851578
v 0.08559589 5.17569685 19.31851578
v 0.42747205 5.15872431 19.31851578
v 0.76747900 5.11919451 19.31851578
v 1.10413003 5.05727959 19.31851578
v 1.43595302 4.97325039 19.31851578
v 1.76149702 4.86747456 19.31851578
v 2.07933831 4.74041510 19.31851578
v 2.38808751 4.59262657 19.31851578
v 2.68639398 4.42475605 19.31851578
v 2.97295380 4.23753738 19.31851578
v 3.24651361 4.03178883 19.31851578
v 3.50587726 3.80841064 19.31851578
v 3.74991059 3.56837916 19.31851578
v 3.97754669 3.31274438 19.31851578
v 4.18778992 3.04262376 19.31851578
v 4.37972116 2.75919867 19.31851578
v 4.55250120 2.46370840 19.31851578
v 4.70537376 2.15744495 19.31851578
v 4.83767176 1.84174788 19.31851578
v 4.94881535 1.51799726 19.31851578
v 5.03831911 1.18760896 19.31851578
v 5.10579157 0.85202771 19.31851578
v 5.15093803 0.51272082 19.31851578
v 5.17356062 0.17117199 19.31851578
v 3.90181637 0.00002341 19.61570549
v 3.89968300 -0.12898347 19.61570549
v 3.88263083 -0.38643309 19.61570549
v 3.84860086 -0.64219284 19.61570549
v 3.79774189 -0.89514434 19.61570549
v 3.73027658 -1.14418149 19.61570549
v 3.64649963 -1.38821530 19.61570549
v 3.54677749 -1.62617874 19.61570549
v 3.43154621 -1.85703123 19.61570549
v 3.30130982 -2.07976317 19.61570549
v 3.15663767 -2.29340076 19.61570549
v 2.99816227 -2.49700999 19.61570549
v 2.82657671 -2.68970013 19.61570549
v 2.64263153 -2.87062883 19.61570549
v 2.44713068 -3.03900504 19.61570549
v 2.24092913 -3.19409227 19.61570549
v 2.02492881 -3.33521223 19.61570549
v 1.80007386 -3.46174836 19.61570549
v 1.56734765 -3.57314682 19.61570549
v 1.32776797 -3.66892076 19.61570549
v 1.08238232 -3.74865150 19.61570549
v 0.83226377 -3.81199002 19.61570549
v 0.57850593 -3.85865974 19.61570549
v 0.32221851 -3.88845634 19.61570549
v 0.06452215 -3.90124965 19.61570549
v -0.19345632 -3.89698362 19.61570549
v -0.45058879 -3.87567711 19.61570549
v -0.70575094 -3.83742309 19.61570549
v -0.95782697 -3.78238869 19.61570549
v -1.20571458 -3.71081495 19.61570549
v -1.44832993 -3.62301469 19.61570549
v -1.68461204 -3.51937175 19.61570549
v -1.91352773 -3.40033937 19.61570549
v -2.13407588 -3.26643825 19.61570549
v -2.34529233 -3.11825347 19.61570549
v -2.54625344 -2.95643330 19.61570549
v -2.73608041 -2.78168535 19.61570549
v -2.91394305 -2.59477377 19.61570549
v -3.07906365 -2.39651561 19.61570549
v -3.23072028 -2.18777823 19.61570549
v -3.36824989 -1.96947408 19.61570549
v -3.49105072 -1.74255776 19.61570549
v -3.59858632 -1.50802159 19.61570549
v -3.69038582 -1.26689112 19.61570549
v -3.76604843 -1.02022076 19.61570549
v -3.82524300 -0.76908910 19.61570549
v -3.86771059 -0.51459432 19.61570549
v -3.89326572 -0.25784928 19.61570549
v -3.90179658 0.00002341 19.61570549
v -3.89326572 0.25789607 19.61570549
v -3.86771059 0.51464111 19.61570549
v -3.82524300 0.76913589 19.61570549
v -3.76604843 1.02026749 19.61570549
v -3.69038582 1.26693785 19.61570549
v -3.59858632 1.50806832 19.61570549
v -3.49105072 1.74260449 19.61570549
v -3.36824989 1.96952081 19.61570549
v -3.23072028 2.18782496 19.61570549
v -3.07906365 2.39656258 19.61570549
v -2.91394305 2.59482050 19.61570549
v -2.73608041 2.78173232 19.61570549
v -2.54625344 2.95648026 19.61570549
v -2.34529233 3.11830020 19.61570549
v -2.13407588 3.26648498 19.61570549
v -1.91352773 3.40038633 19.61570549
v -1.68461204 3.51941848 19.61570549
v -1.44832993 3.62306142 19.61570549
v -1.20571458 3.71086192 19.61570549
v -0.95782697 3.78243566 19.61570549
v -0.70575094 3.83746982 19.61570549
v -0.45058879 3.87572384 19.61570549
v -0.19345632 3.89703059 19.61570549
v 0.06452215 3.90129638 19.61570549
v 0.32221851 3.88850331 19.61570549
v 0.57850593 3.85870647 19.61570549
v 0.83226377 3.81203699 19.61570549
v 1.08238232 3.74869823 19.61570549
v 1.32776797 3.66896772 19.61570549
v 1.56734765 3.57319355 19.61570549
v 1.80007386 3.46179509 19.61570549
v 2.02492881 3.33525920 19.61570549
v 2.24092913 3.19413900 19.61570549
v 2.44713068 3.03905177 19.61570549
v 2.64263153 2.87067580 19.61570549
v 2.82657671 2.68974710 19.61570549
v 2.99816227 2.49705672 19.61570549
v 3.15663767 2.29344773 19.61570549
v 3.30130982 2.07981014 19.61570549
v 3.43154621 1.85707796 19.61570549
v 3.54677749 1.62622559 19.61570549
v 3.64649963 1.38826215 19.61570549
v 3.73027658 1.14422834 19.61570549
v 3.79774189 0.89519113 19.61570549
v 3.84860086 0.64223963 19.61570549
v 3.88263083 0.38647988 19.61570549
v 3.89968300 0.12903027 19.61570549
v 2.61053371 0.00002341 19.82889748
v 2.60910654 -0.08628931 19.82889748
v 2.59769750 -0.25853732 19.82889748
v 2.57492971 -0.42965469 19.82889748
v 2.54090214 -0.59889323 19.82889748
v 2.49576402 -0.76551282 19.82889748
v 2.43971276 -0.92878491 19.82889748
v 2.37299323 -1.08799553 19.82889748
v 2.29589701 -1.24244857 19.82889748
v 2.20876169 -1.39146864 19.82889748
v 2.11196804 -1.53440404 19.82889748
v 2.00593925 -1.67062974 19.82889748
v 1.89113915 -1.79955006 19.82889748
v 1.76806962 -1.92060137 19.82889748
v 1.63726878 -2.03325438 19.82889748
v 1.49930859 -2.13701630 19.82889748
v 1.35479236 -2.23143339 19.82889748
v 1.20435202 -2.31609297 19.82889748
v 1.04864538 -2.39062476 19.82889748
v 0.88835335 -2.45470285 19.82889748
v 0.72417682 -2.50804687 19.82889748
v 0.55683368 -2.55042410 19.82889748
v 0.38705570 -2.58164859 19.82889748
v 0.21558525 -2.60158420 19.82889748
v 0.04317215 -2.61014366 19.82889748
v -0.12942968 -2.60728931 19.82889748
v -0.30146551 -2.59303403 19.82889748
v -0.47218305 -2.56744003 19.82889748
v -0.64083582 -2.53061914 19.82889748
v -0.80668634 -2.48273230 19.82889748
v -0.96900940 -2.42398906 19.82889748
v -1.12709510 -2.35464621 19.82889748
v -1.28025234 -2.27500701 19.82889748
v -1.42781126 -2.18541956 19.82889748
v -1.56912673 -2.08627582 19.82889748
v -1.70358074 -1.97800934 19.82889748
v -1.83058548 -1.86109328 19.82889748
v -1.94958532 -1.73603904 19.82889748
v -2.06006026 -1.60339355 19.82889748
v -2.16152692 -1.46373665 19.82889748
v -2.25354171 -1.31767905 19.82889748
v -2.33570242 -1.16585958 19.82889748
v -2.40764952 -1.00894189 19.82889748
v -2.46906853 -0.84761232 19.82889748
v -2.51969099 -0.68257624 19.82889748
v -2.55929542 -0.51455528 19.82889748
v -2.58770871 -0.34428427 19.82889748
v -2.60480642 -0.17250764 19.82889748
v -2.61051393 0.00002341 19.82889748
v -2.60480642 0.17255445 19.82889748
v -2.58770871 0.34433106 19.82889748
v -2.55929542 0.51460212 19.82889748
v -2.51969099 0.68262303 19.82889748
v -2.46906853 0.84765911 19.82889748
v -2.40764952 1.00898874 19.82889748
v -2.33570242 1.16590631 19.82889748
v -2.25354171 1.31772590 19.82889748
v -2.16152692 1.46378338 19.82889748
v -2.06006026 1.60344028 19.82889748
v -1.94958532 1.73608589 19.82889748
v -1.83058548 1.86114013 19.82889748
v -1.70358074 1.97805619 19.82889748
v -1.56912673 2.08632278 19.82889748
v -1.42781126 2.18546653 19.82889748
v -1.28025234 2.27505374 19.82889748
v -1.12709510 2.35469294 19.82889748
v -0.96900940 2.42403579 19.82889748
v -0.80668634 2.48277903 19.82889748
v -0.64083582 2.53066587 19.82889748
v -0.47218305 2.56748676 19.82889748
v -0.30146551 2.59308100 19.82889748
v -0.12942968 2.60733628 19.82889748
v 0.04317215 2.61019039 19.82889748
v 0.21558525 2.60163093 19.82889748
v 0.38705570 2.58169532 19.82889748
v 0.55683368 2.55047083 19.82889748
v 0.72417682 2.50809383 19.82889748
v 0.88835335 2.45474958 19.82889748
v 1.04864538 2.39067149 19.82889748
v 1.20435202 2.31613970 19.82889748
v 1.35479236 2.23148012 19.82889748
v 1.49930859 2.13706303 19.82889748
v 1.63726878 2.03330112 19.82889748
v 1.76806962 1.92064822 19.82889748
v 1.89113915 1.79959691 19.82889748
v 2.00593925 1.67067659 19.82889748
v 2.11196804 1.53445077 19.82889748
v 2.20876169 1.39151549 19.82889748
v 2.29589701 1.24249542 19.82889748
v 2.37299323 1.08804238 19.82889748
v 2.43971276 0.92883170 19.82889748
v 2.49576402 0.76555961 19.82889748
v 2.54090214 0.59894001 19.82889748
v 2.57492971 0.42970151 19.82889748
v 2.59769750 0.25858411 19.82889748
v 2.60910654 0.08633612 19.82889748
f 1 2 3
f 3 2 4
f 4 2 5
f 5 2 6
f 6 2 7
f 7 2 8
f 8 2 9
f 9 2 10
f 10 2 11
f 11 2 12
f 12 2 13
f 13 2 14
f 14 2 15
f 15 2 16
f 16 2 17
f 17 2 18
f 18 2 19
f 19 2 20
f 20 2 21
f 21 2 22
f 22 2 23
f 23 2 24
f 24 2 25
f 25 2 26
f 26 2 27
f 27 2 28
f 28 2 29
f 29 2 30
f 30 2 31
f 31 2 32
f 32 2 33
f 33 2 34
f 34 2 35
f 35 2 36
f 36 2 37
f 37 2 38
f 38 2 39
f 39 2 40
f 40 2 41
f 41 2 42
f 42 2 43
f 43 2 44
f 44 2 45
f 45 2 46
f 46 2 47
f 47 2 48
f 48 2 49
f 50 51 52
f 52 51 53
f 53 51 54
f 54 51 55
f 55 51 56
f 56 51 57
f 57 51 58
f 58 51 59
f 59 51 60
f 60 51 61
f 61 51 62
f 62 51 63
f 63 51 64
f 64 51 65
f 65 51 66
f 66 51 67
f 67 51 68
f 68 51 69
f 69 51 70
f 70 51 71
f 71 51 72
f 72 51 73
f 73 51 74
f 74 51 75
f 75 51 76
f 76 51 77
f 77 51 78
f 78 51 79
f 79 51 80
f 80 51 81
f 81 51 82
f 82 51 83
f 83 51 84
f 84 51 85
f 85 51 86
f 86 51 87
f 87 51 88
f 88 51 89
f 89 51 90
f 90 51 91
f 91 51 92
f 92 51 93
f 93 51 94
f 94 51 95
f 95 51 96
f 96 51 97
f 97 51 98
f 99 51 100
f 100 51 101
f 101 51 102
f 102 51 103
f 103 51 104
f 104 51 105
f 105 51 106
f 106 51 107
f 107 51 108
f 108 51 109
f 109 51 110
f 110 51 111
f 111 51 112
f 112 51 113
f 113 51 114
f 114 51 115
f 115 51 116
f 116 51 117
f 117 51 118
f 118 51 119
f 119 51 120
f 120 51 121
f 121 51 122
f 122 51 123
f 123 51 124
f 124 51 125
f 125 51 126
f 126 51 127
f 127 51 128
f 128 51 129
f 129 51 130
f 130 51 131
f 131 51 132
f 132 51 133
f 133 51 134
f 134 51 135
f 135 51 136
f 136 51 137
f 137 51 138
f 138 51 139
f 139 51 140
f 140 51 141
f 141 51 142
f 142 51 143
f 143 51 144
f 144 51 145
f 145 51 146
f 147 2 148
f 148 2 149
f 149 2 150
f 150 2 151
f 151 2 152
f 152 2 153
f 153 2 154
f 154 2 155
f 155 2 156
f 156 2 157
f 157 2 158
f 158 2 159
f 159 2 160
f 160 2 161
f 161 2 162
f 162 2 163
f 163 2 164
f 164 2 165
f 165 2 166
f 166 2 167
f 167 2 168
f 168 2 169
f 169 2 170
f 170 2 171
f 171 2 172
f 172 2 173
f 173 2 174
f 174 2 175
f 175 2 176
f 176 2 177
f 177 2 178
f 178 2 179
f 179 2 180
f 180 2 181
f 181 2 182
f 182 2 183
f 183 2 184
f 184 2 185
f 185 2 186
f 186 2 187
f 187 2 188
f 188 2 189
f 189 2 190
f 190 2 191
f 191 2 192
f 192 2 193
f 193 2 194
f 98 195 97
f 97 195 196
f 97 196 96
f 96 196 197
f 96 197 95
f 95 197 198
f 95 198 94
f 94 198 199
f 94 199 93
f 93 199 200
f 93 200 92
f 92 200 201
f 92 201 91
f 91 201 202
f 91 202 90
f 90 202 203
f 90 203 89
f 89 203 204
f 89 204 88
f 88 204 205
f 88 205 87
f 87 205 206
f 87 206 86
f 86 206 207
f 86 207 85
f 85 207 208
f 85 208 84
f 84 208 209
f 84 209 83
f 83 209 210
f 83 210 82
f 82 210 211
f 82 211 81
f 81 211 212
f 81 212 80
f 80 212 213
f 80 213 79
f 79 213 214
f 79 214 78
f 78 214 215
f 78 215 77
f 77 215 216
f 77 216 76
f 76 216 217
f 76 217 75
f 75 217 218
f 75 218 74
f 74 218 219
f 74 219 73
f 73 219 220
f 73 220 72
f 72 220 221
f 72 221 71
f 71 221 222
f 71 222 70
f 70 222 223
f 70 223 69
f 69 223 224
f 69 224 68
f 68 224 225
f 68 225 67
f 67 225 226
f 67 226 66
f 66 226 227
f 66 227 65
f 65 227 228
f 65 228 64
f 64 228 229
f 64 229 63
f 63 229 230
f 63 230 62
f 62 230 231
f 62 231 61
f 61 231 232
f 61 232 60
f 60 232 233
f 60 233 59
f 59 233 234
f 59 234 58
f 58 234 235
f 58 235 57
f 57 235 236
f 57 236 56
f 56 236 237
f 56 237 55
f 55 237 238
f 55 238 54
f 54 238 239
f 54 239 53
f 53 239 240
f 53 240 52
f 52 240 241
f 52 241 50
f 50 241 242
f 50 242 146
f 146 242 243
f 146 243 145
f 145 243 244
f 145 244 144
f 144 244 245
f 144 245 143
f 143 245 246
f 143 246 142
f 142 246 247
f 142 247 141
f 141 247 248
f 141 248 140
f 140 248 249
f 140 249 139
f 139 249 250
f 139 250 138
f 138 250 251
f 138 251 137
f 137 251 252
f 137 252 136
f 136 252 253
f 136 253 135
f 135 253 254
f 135 254 134
f 134 254 255
f 134 255 133
f 133 255 256
f 133 256 132
f 132 256 257
f 132 257 131
f 131 257 258
f 131 258 130
f 130 258 259
f 130 259 129
f 129 259 260
f 129 260 128
f 128 260 261
f 128 261 127
f 127 261 262
f 127 262 126
f 126 262 263
f 126 263 125
f 125 263 264
f 125 264 124
f 124 264 265
f 124 265 123
f 123 265 266
f 123 266 122
f 122 266 267
f 122 267 121
f 121 267 268
f 121 268 120
f 120 268 269
f 120 269 119
f 119 269 270
f 119 270 118
f 118 270 271
f 118 271 117
f 117 271 272
f 117 272 116
f 116 272 273
f 116 273 115
f 115 273 274
f 115 274 114
f 114 274 275
f 114 275 113
f 113 275 276
f 113 276 112
f 112 276 277
f 112 277 111
f 111 277 278
f 111 278 110
f 110 278 279
f 110 279 109
f 109 279 280
f 109 280 108
f 108 280 281
f 108 281 107
f 107 281 282
f 107 282 106
f 106 282 283
f 106 283 105
f 105 283 284
f 105 284 104
f 104 284 285
f 104 285 103
f 103 285 286
f 103 286 102
f 102 286 287
f 102 287 101
f 101 287 288
f 101 288 100
f 100 288 289
f 100 289 99
f 99 289 290
f 99 290 98
f 98 290 195
f 98 51 99
f 195 291 196
f 196 291 292
f 196 292 197
f 197 292 293
f 197 293 198
f 198 293 294
f 198 294 199
f 199 294 295
f 199 295 200
f 200 295 296
f 200 296 201
f 201 296 297
f 201 297 202
f 202 297 298
f 202 298 203
f 203 298 299
f 203 299 204
f 204 299 300
f 204 300 205
f 205 300 301
f 205 301 206
f 206 301 302
f 206 302 207
f 207 302 303
f 207 303 208
f 208 303 304
f 208 304 209
f 209 304 305
f 209 305 210
f 210 305 306
f 210 306 211
f 211 306 307
f 211 307 212
f 212 307 308
f 212 308 213
f 213 308 309
f 213 309 214
f 214 309 310
f 214 310 215
f 215 310 311
f 215 311 216
f 216 311 312
f 216 312 217
f 217 312 313
f 217 313 218
f 218 313 314
f 218 314 219
f 219 314 315
f 219 315 220
f 220 315 316
f 220 316 221
f 221 316 317
f 221 317 222
f 222 317 318
f 222 318 223
f 223 318 319
f 223 319 224
f 224 319 320
f 224 320 225
f 225 320 321
f 225 321 226
f 226 321 322
f 226 322 227
f 227 322 323
f 227 323 228
f 228 323 324
f 228 324 229
f 229 324 325
f 229 325 230
f 230 325 326
f 230 326 231
f 231 326 327
f 231 327 232
f 232 327 328
f 232 328 233
f 233 328 329
f 233 329 234
f 234 329 330
f 234 330 235
f 235 330 331
f 235 331 236
f 236 331 332
f 236 332 237
f 237 332 333
f 237 333 238
f 238 333 334
f 238 334 239
f 239 334 335
f 239 335 240
f 240 335 336
f 240 336 241
f 241 336 337
f 241 337 242
f 242 337 338
f 242 338 243
f 243 338 339
f 243 339 244
f 244 339 340
f 244 340 245
f 245 340 341
f 245 341 246
f 246 341 342
f 246 342 247
f 247 342 343
f 247 343 248
f 248 343 344
f 248 344 249
f 249 344 345
f 249 345 250
f 250 345 346
f 250 346 251
f 251 346 347
f 251 347 252
f 252 347 348
f 252 348 253
f 253 348 349
f 253 349 254
f 254 349 350
f 254 350 255
f 255 350 351
f 255 351 256
f 256 351 352
f 256 352 257
f 257 352 353
f 257 353 258
f 258 353 354
f 258 354 259
f 259 354 355
f 259 355 260
f 260 355 356
f 260 356 261
f 261 356 357
f 261 357 262
f 262 357 358
f 262 358 263
f 263 358 359
f 263 359 264
f 264 359 360
f 264 360 265
f 265 360 361
f 265 361 266
f 266 361 362
f 266 362 267
f 267 362 363
f 267 363 268
f 268 363 364
f 268 364 269
f 269 364 365
f 269 365 270
f 270 365 366
f 270 366 271
f 271 366 367
f 271 367 272
f 272 367 368
f 272 368 273
f 273 368 369
f 273 369 274
f 274 369 370
f 274 370 275
f 275 370 371
f 275 371 276
f 276 371 372
f 276 372 277
f 277 372 373
f 277 373 278
f 278 373 374
f 278 374 279
f 279 374 375
f 279 375 280
f 280 375 376
f 280 376 281
f 281 376 377
f 281 377 282
f 282 377 378
f 282 378 283
f 283 378 379
f 283 379 284
f 284 379 380
f 284 380 285
f 285 380 381
f 285 381 286
f 286 381 382
f 286 382 287
f 287 382 383
f 287 383 288
f 288 383 384
f 288 384 289
f 289 384 385
f 289 385 290
f 290 385 386
f 290 386 195
f 195 386 291
f 291 387 292
f 292 387 388
f 292 388 293
f 293 388 389
f 293 389 294
f 294 389 390
f 294 390 295
f 295 390 391
f 295 391 296
f 296 391 392
f 296 392 297
f 297 392 393
f 297 393 298
f 298 393 394
f 298 394 299
f 299 394 395
f 299 395 300
f 300 395 396
f 300 396 301
f 301 396 397
f 301 397 302
f 302 397 398
f 302 398 303
f 303 398 399
f 303 399 304
f 304 399 400
f 304 400 305
f 305 400 401
f 305 401 306
f 306 401 402
f 306 402 307
f 307 402 403
f 307 403 308
f 308 403 404
f 308 404 309
f 309 404 405
f 309 405 310
f 310 405 406
f 310 406 311
f 311 406 407
f 311 407 312
f 312 407 408
f 312 408 313
f 313 408 409
f 313 409 314
f 314 409 410
f 314 410 315
f 315 410 411
f 315 411 316
f 316 411 412
f 316 412 317
f 317 412 413
f 317 413 318
f 318 413 414
f 318 414 319
f 319 414 415
f 319 415 320
f 320 415 416
f 320 416 321
f 321 416 417
f 321 417 322
f 322 417 418
f 322 418 323
f 323 418 419
f 323 419 324
f 324 419 420
f 324 420 325
f 325 420 421
f 325 421 326
f 326 421 422
f 326 422 327
f 327 422 423
f 327 423 328
f 328 423 424
f 328 424 329
f 329 424 425
f 329 425 330
f 330 425 426
f 330 426 331
f 331 426 427
f 331 427 332
f 332 427 428
f 332 428 333
f 333 428 429
f 333 429 334
f 334 429 430
f 334 430 335
f 335 430 431
f 335 431 336
f 336 431 432
f 336 432 337
f 337 432 433
f 337 433 338
f 338 433 434
f 338 434 339
f 339 434 435
f 339 435 340
f 340 435 436
f 340 436 341
f 341 436 437
f 341 437 342
f 342 437 438
f 342 438 343
f 343 438 439
f 343 439 344
f 344 439 440
f 344 440 345
f 345 440 441
f 345 441 346
f 346 441 442
f 346 442 347
f 347 442 443
f 347 443 348
f 348 443 444
f 348 444 349
f 349 444 445
f 349 445 350
f 350 445 446
f 350 446 351
f 351 446 447
f 351 447 352
f 352 447 448
f 352 448 353
f 353 448 449
f 353 449 354
f 354 449 450
f 354 450 355
f 355 450 451
f 355 451 356
f 356 451 452
f 356 452 357
f 357 452 453
f 357 453 358
f 358 453 454
f 358 454 359
f 359 454 455
f 359 455 360
f 360 455 456
f 360 456 361
f 361 456 457
f 361 457 362
f 362 457 458
f 362 458 363
f 363 458 459
f 363 459 364
f 364 459 460
f 364 460 365
f 365 460 461
f 365 461 366
f 366 461 462
f 366 462 367
f 367 462 463
f 367 463 368
f 368 463 464
f 368 464 369
f 369 464 465
f 369 465 370
f 370 465 466
f 370 466 371
f 371 466 467
f 371 467 372
f 372 467 468
f 372 468 373
f 373 468 469
f 373 469 374
f 374 469 470
f 374 470 375
f 375 470 471
f 375 471 376
f 376 471 472
f 376 472 377
f 377 472 473
f 377 473 378
f 378 473 474
f 378 474 379
f 379 474 475
f 379 475 380
f 380 475 476
f 380 476 381
f 381 476 477
f 381 477 382
f 382 477 478
f 382 478 383
f 383 478 479
f 383 479 384
f 384 479 480
f 384 480 385
f 385 480 481
f 385 481 386
f 386 481 482
f 386 482 291
f 291 482 387
f 387 483 388
f 388 483 484
f 388 484 389
f 389 484 485
f 389 485 390
f 390 485 486
f 390 486 391
f 391 486 487
f 391 487 392
f 392 487 488
f 392 488 393
f 393 488 489
f 393 489 394
f 394 489 490
f 394 490 395
f 395 490 491
f 395 491 396
f 396 491 492
f 396 492 397
f 397 492 493
f 397 493 398
f 398 493 494
f 398 494 399
f 399 494 495
f 399 495 400
f 400 495 496
f 400 496 401
f 401 496 497
f 401 497 402
f 402 497 498
f 402 498 403
f 403 498 499
f 403 499 404
f 404 499 500
f 404 500 405
f 405 500 501
f 405 501 406
f 406 501 502
f 406 502 407
f 407 502 503
f 407 503 408
f 408 503 504
f 408 504 409
f 409 504 505
f 409 505 410
f 410 505 506
f 410 506 411
f 411 506 507
f 411 507 412
f 412 507 508
f 412 508 413
f 413 508 509
f 413 509 414
f 414 509 510
f 414 510 415
f 415 510 511
f 415 511 416
f 416 511 512
f 416 512 417
f 417 512 513
f 417 513 418
f 418 513 514
f 418 514 419
f 419 514 515
f 419 515 420
f 420 515 516
f 420 516 421
f 421 516 517
f 421 517 422
f 422 517 518
f 422 518 423
f 423 518 519
f 423 519 424
f 424 519 520
f 424 520 425
f 425 520 521
f 425 521 426
f 426 521 522
f 426 522 427
f 427 522 523
f 427 523 428
f 428 523 524
f 428 524 429
f 429 524 525
f 429 525 430
f 430 525 526
f 430 526 431
f 431 526 527
f 431 527 432
f 432 527 528
f 432 528 433
f 433 528 529
f 433 529 434
f 434 529 530
f 434 530 435
f 435 530 531
f 435 531 436
f 436 531 532
f 436 532 437
f 437 532 533
f 437 533 438
f 438 533 534
f 438 534 439
f 439 534 535
f 439 535 440
f 440 535 536
f 440 536 441
f 441 536 537
f 441 537 442
f 442 537 538
f 442 538 443
f 443 538 539
f 443 539 444
f 444 539 540
f 444 540 445
f 445 540 541
f 445 541 446
f 446 541 542
f 446 542 447
f 447 542 543
f 447 543 448
f 448 543 544
f 448 544 449
f 449 544 545
f 449 545 450
f 450 545 546
f 450 546 451
f 451 546 547
f 451 547 452
f 452 547 548
f 452 548 453
f 453 548 549
f 453 549 454
f 454 549 550
f 454 550 455
f 455 550 551
f 455 551 456
f 456 551 552
f 456 552 457
f 457 552 553
f 457 553 458
f 458 553 554
f 458 554 459
f 459 554 555
f 459 555 460
f 460 555 556
f 460 556 461
f 461 556 557
f 461 557 462
f 462 557 558
f 462 558 463
f 463 558 559
f 463 559 464
f 464 559 560
f 464 560 465
f 465 560 561
f 465 561 466
f 466 561 562
f 466 562 467
f 467 562 563
f 467 563 468
f 468 563 564
f 468 564 469
f 469 564 565
f 469 565 470
f 470 565 566
f 470 566 471
f 471 566 567
f 471 567 472
f 472 567 568
f 472 568 473
f 473 568 569
f 473 569 474
f 474 569 570
f 474 570 475
f 475 570 571
f 475 571 476
f 476 571 572
f 476 572 477
f 477 572 573
f 477 573 478
f 478 573 574
f 478 574 479
f 479 574 575
f 479 575 480
f 480 575 576
f 480 576 481
f 481 576 577
f 481 577 482
f 482 577 578
f 482 578 387
f 387 578 483
f 483 579 484
f 484 579 580
f 484 580 485
f 485 580 581
f 485 581 486
f 486 581 582
f 486 582 487
f 487 582 583
f 487 583 488
f 488 583 584
f 488 584 489
f 489 584 585
f 489 585 490
f 490 585 586
f 490 586 491
f 491 586 587
f 491 587 492
f 492 587 588
f 492 588 493
f 493 588 589
f 493 589 494
f 494 589 590
f 494 590 495
f 495 590 591
f 495 591 496
f 496 591 592
f 496 592 497
f 497 592 593
f 497 593 498
f 498 593 594
f 498 594 499
f 499 594 595
f 499 595 500
f 500 595 596
f 500 596 501
f 501 596 597
f 501 597 502
f 502 597 598
f 502 598 503
f 503 598 599
f 503 599 504
f 504 599 600
f 504 600 505
f 505 600 601
f 505 601 506
f 506 601 602
f 506 602 507
f 507 602 603
f 507 603 508
f 508 603 604
f 508 604 509
f 509 604 605
f 509 605 510
f 510 605 606
f 510 606 511
f 511 606 607
f 511 607 512
f 512 607 608
f 512 608 513
f 513 608 609
f 513 609 514
f 514 609 610
f 514 610 515
f 515 610 611
f 515 611 516
f 516 611 612
f 516 612 517
f 517 612 613
f 517 613 518
f 518 613 614
f 518 614 519
f 519 614 615
f 519 615 520
f 520 615 616
f 520 616 521
f 521 616 617
f 521 617 522
f 522 617 618
f 522 618 523
f 523 618 619
f 523 619 524
f 524 619 620
f 524 620 525
f 525 620 621
f 525 621 526
f 526 621 622
f 526 622 527
f 527 622 623
f 527 623 528
f 528 623 624
f 528 624 529
f 529 624 625
f 529 625 530
f 530 625 626
f 530 626 531
f 531 626 627
f 531 627 532
f 532 627 628
f 532 628 533
f 533 628 629
f 533 629 534
f 534 629 630
f 534 630 535
f 535 630 631
f 535 631 536
f 536 631 632
f 536 632 537
f 537 632 633
f 537 633 538
f 538 633 634
f 538 634 539
f 539 634 635
f 539 635 540
f 540 635 636
f 540 636 541
f 541 636 637
f 541 637 542
f 542 637 638
f 542 638 543
f 543 638 639
f 543 639 544
f 544 639 640
f 544 640 545
f 545 640 641
f 545 641 546
f 546 641 642
f 546 642 547
f 547 642 643
f 547 643 548
f 548 643 644
f 548 644 549
f 549 644 645
f 549 645 550
f 550 645 646
f 550 646 551
f 551 646 647
f 551 647 552
f 552 647 648
f 552 648 553
f 553 648 649
f 553 649 554
f 554 649 650
f 554 650 555
f 555 650 651
f 555 651 556
f 556 651 652
f 556 652 557
f 557 652 653
f 557 653 558
f 558 653 654
f 558 654 559
f 559 654 655
f 559 655 560
f 560 655 656
f 560 656 561
f 561 656 657
f 561 657 562
f 562 657 658
f 562 658 563
f 563 658 659
f 563 659 564
f 564 659 660
f 564 660 565
f 565 660 661
f 565 661 566
f 566 661 662
f 566 662 567
f 567 662 663
f 567 663 568
f 568 663 664
f 568 664 569
f 569 664 665
f 569 665 570
f 570 665 666
f 570 666 571
f 571 666 667
f 571 667 572
f 572 667 668
f 572 668 573
f 573 668 669
f 573 669 574
f 574 669 670
f 574 670 575
f 575 670 671
f 575 671 576
f 576 671 672
f 576 672 577
f 577 672 673
f 577 673 578
f 578 673 674
f 578 674 483
f 483 674 579
f 579 675 580
f 580 675 676
f 580 676 581
f 581 676 677
f 581 677 582
f 582 677 678
f 582 678 583
f 583 678 679
f 583 679 584
f 584 679 680
f 584 680 585
f 585 680 681
f 585 681 586
f 586 681 682
f 586 682 587
f 587 682 683
f 587 683 588
f 588 683 684
f 588 684 589
f 589 684 685
f 589 685 590
f 590 685 686
f 590 686 591
f 591 686 687
f 591 687 592
f 592 687 688
f 592 688 593
f 593 688 689
f 593 689 594
f 594 689 690
f 594 690 595
f 595 690 691
f 595 691 596
f 596 691 692
f 596 692 597
f 597 692 693
f 597 693 598
f 598 693 694
f 598 694 599
f 599 694 695
f 599 695 600
f 600 695 696
f 600 696 601
f 601 696 697
f 601 697 602
f 602 697 698
f 602 698 603
f 603 698 699
f 603 699 604
f 604 699 700
f 604 700 605
f 605 700 701
f 605 701 606
f 606 701 702
f 606 702 607
f 607 702 703
f 607 703 608
f 608 703 704
f 608 704 609
f 609 704 705
f 609 705 610
f 610 705 706
f 610 706 611
f 611 706 707
f 611 707 612
f 612 707 708
f 612 708 613
f 613 708 709
f 613 709 614
f 614 709 710
f 614 710 615
f 615 710 711
f 615 711 616
f 616 711 712
f 616 712 617
f 617 712 713
f 617 713 618
f 618 713 714
f 618 714 619
f 619 714 715
f 619 715 620
f 620 715 716
f 620 716 621
f 621 716 717
f 621 717 622
f 622 717 718
f 622 718 623
f 623 718 719
f 623 719 624
f 624 719 720
f 624 720 625
f 625 720 721
f 625 721 626
f 626 721 722
f 626 722 627
f 627 722 723
f 627 723 628
f 628 723 724
f 628 724 629
f 629 724 725
f 629 725 630
f 630 725 726
f 630 726 631
f 631 726 727
f 631 727 632
f 632 727 728
f 632 728 633
f 633 728 729
f 633 729 634
f 634 729 730
f 634 730 635
f 635 730 731
f 635 731 636
f 636 731 732
f 636 732 637
f 637 732 733
f 637 733 638
f 638 733 734
f 638 734 639
f 639 734 735
f 639 735 640
f 640 735 736
f 640 736 641
f 641 736 737
f 641 737 642
f 642 737 738
f 642 738 643
f 643 738 739
f 643 739 644
f 644 739 740
f 644 740 645
f 645 740 741
f 645 741 646
f 646 741 742
f 646 742 647
f 647 742 743
f 647 743 648
f 648 743 744
f 648 744 649
f 649 744 745
f 649 745 650
f 650 745 746
f 650 746 651
f 651 746 747
f 651 747 652
f 652 747 748
f 652 748 653
f 653 748 749
f 653 749 654
f 654 749 750
f 654 750 655
f 655 750 751
f 655 751 656
f 656 751 752
f 656 752 657
f 657 752 753
f 657 753 658
f 658 753 754
f 658 754 659
f 659 754 755
f 659 755 660
f 660 755 756
f 660 756 661
f 661 756 757
f 661 757 662
f 662 757 758
f 662 758 663
f 663 758 759
f 663 759 664
f 664 759 760
f 664 760 665
f 665 760 761
f 665 761 666
f 666 761 762
f 666 762 667
f 667 762 763
f 667 763 668
f 668 763 764
f 668 764 669
f 669 764 765
f 669 765 670
f 670 765 766
f 670 766 671
f 671 766 767
f 671 767 672
f 672 767 768
f 672 768 673
f 673 768 769
f 673 769 674
f 674 769 770
f 674 770 579
f 579 770 675
f 675 771 676
f 676 771 772
f 676 772 677
f 677 772 773
f 677 773 678
f 678 773 774
f 678 774 679
f 679 774 775
f 679 775 680
f 680 775 776
f 680 776 681
f 681 776 777
f 681 777 682
f 682 777 778
f 682 778 683
f 683 778 779
f 683 779 684
f 684 779 780
f 684 780 685
f 685 780 781
f 685 781 686
f 686 781 782
f 686 782 687
f 687 782 783
f 687 783 688
f 688 783 784
f 688 784 689
f 689 784 785
f 689 785 690
f 690 785 786
f 690 786 691
f 691 786 787
f 691 787 692
f 692 787 788
f 692 788 693
f 693 788 789
f 693 789 694
f 694 789 790
f 694 790 695
f 695 790 791
f 695 791 696
f 696 791 792
f 696 792 697
f 697 792 793
f 697 793 698
f 698 793 794
f 698 794 699
f 699 794 795
f 699 795 700
f 700 795 796
f 700 796 701
f 701 796 797
f 701 797 702
f 702 797 798
f 702 798 703
f 703 798 799
f 703 799 704
f 704 799 800
f 704 800 705
f 705 800 801
f 705 801 706
f 706 801 802
f 706 802 707
f 707 802 803
f 707 803 708
f 708 803 804
f 708 804 709
f 709 804 805
f 709 805 710
f 710 805 806
f 710 806 711
f 711 806 807
f 711 807 712
f 712 807 808
f 712 808 713
f 713 808 809
f 713 809 714
f 714 809 810
f 714 810 715
f 715 810 811
f 715 811 716
f 716 811 812
f 716 812 717
f 717 812 813
f 717 813 718
f 718 813 814
f 718 814 719
f 719 814 815
f 719 815 720
f 720 815 816
f 720 816 721
f 721 816 817
f 721 817 722
f 722 817 818
f 722 818 723
f 723 818 819
f 723 819 724
f 724 819 820
f 724 820 725
f 725 820 821
f 725 821 726
f 726 821 822
f 726 822 727
f 727 822 823
f 727 823 728
f 728 823 824
f 728 824 729
f 729 824 825
f 729 825 730
f 730 825 826
f 730 826 731
f 731 826 827
f 731 827 732
f 732 827 828
f 732 828 733
f 733 828 829
f 733 829 734
f 734 829 830
f 734 830 735
f 735 830 831
f 735 831 736
f 736 831 832
f 736 832 737
f 737 832 833
f 737 833 738
f 738 833 834
f 738 834 739
f 739 834 835
f 739 835 740
f 740 835 836
f 740 836 741
f 741 836 837
f 741 837 742
f 742 837 838
f 742 838 743
f 743 838 839
f 743 839 744
f 744 839 840
f 744 840 745
f 745 840 841
f 745 841 746
f 746 841 842
f 746 842 747
f 747 842 843
f 747 843 748
f 748 843 844
f 748 844 749
f 749 844 845
f 749 845 750
f 750 845 846
f 750 846 751
f 751 846 847
f 751 847 752
f 752 847 848
f 752 848 753
f 753 848 849
f 753 849 754
f 754 849 850
f 754 850 755
f 755 850 851
f 755 851 756
f 756 851 852
f 756 852 757
f 757 852 853
f 757 853 758
f 758 853 854
f 758 854 759
f 759 854 855
f 759 855 760
f 760 855 856
f 760 856 761
f 761 856 857
f 761 857 762
f 762 857 858
f 762 858 763
f 763 858 859
f 763 859 764
f 764 859 860
f 764 860 765
f 765 860 861
f 765 861 766
f 766 861 862
f 766 862 767
f 767 862 863
f 767 863 768
f 768 863 864
f 768 864 769
f 769 864 865
f 769 865 770
f 770 865 866
f 770 866 675
f 675 866 771
f 771 867 772
f 772 867 868
f 772 868 773
f 773 868 869
f 773 869 774
f 774 869 870
f 774 870 775
f 775 870 871
f 775 871 776
f 776 871 872
f 776 872 777
f 777 872 873
f 777 873 778
f 778 873 874
f 778 874 779
f 779 874 875
f 779 875 780
f 780 875 876
f 780 876 781
f 781 876 877
f 781 877 782
f 782 877 878
f 782 878 783
f 783 878 879
f 783 879 784
f 784 879 880
f 784 880 785
f 785 880 881
f 785 881 786
f 786 881 882
f 786 882 787
f 787 882 883
f 787 883 788
f 788 883 884
f 788 884 789
f 789 884 885
f 789 885 790
f 790 885 886
f 790 886 791
f 791 886 887
f 791 887 792
f 792 887 888
f 792 888 793
f 793 888 889
f 793 889 794
f 794 889 890
f 794 890 795
f 795 890 891
f 795 891 796
f 796 891 892
f 796 892 797
f 797 892 893
f 797 893 798
f 798 893 894
f 798 894 799
f 799 894 895
f 799 895 800
f 800 895 896
f 800 896 801
f 801 896 897
f 801 897 802
f 802 897 898
f 802 898 803
f 803 898 899
f 803 899 804
f 804 899 900
f 804 900 805
f 805 900 901
f 805 901 806
f 806 901 902
f 806 902 807
f 807 902 903
f 807 903 808
f 808 903 904
f 808 904 809
f 809 904 905
f 809 905 810
f 810 905 906
f 810 906 811
f 811 906 907
f 811 907 812
f 812 907 908
f 812 908 813
f 813 908 909
f 813 909 814
f 814 909 910
f 814 910 815
f 815 910 911
f 815 911 816
f 816 911 912
f 816 912 817
f 817 912 913
f 817 913 818
f 818 913 914
f 818 914 819
f 819 914 915
f 819 915 820
f 820 915 916
f 820 916 821
f 821 916 917
f 821 917 822
f 822 917 918
f 822 918 823
f 823 918 919
f 823 919 824
f 824 919 920
f 824 920 825
f 825 920 921
f 825 921 826
f 826 921 922
f 826 922 827
f 827 922 923
f 827 923 828
f 828 923 924
f 828 924 829
f 829 924 925
f 829 925 830
f 830 925 926
f 830 926 831
f 831 926 927
f 831 927 832
f 832 927 928
f 832 928 833
f 833 928 929
f 833 929 834
f 834 929 930
f 834 930 835
f 835 930 931
f 835 931 836
f 836 931 932
f 836 932 837
f 837 932 933
f 837 933 838
f 838 933 934
f 838 934 839
f 839 934 935
f 839 935 840
f 840 935 936
f 840 936 841
f 841 936 937
f 841 937 842
f 842 937 938
f 842 938 843
f 843 938 939
f 843 939 844
f 844 939 940
f 844 940 845
f 845 940 941
f 845 941 846
f 846 941 942
f 846 942 847
f 847 942 943
f 847 943 848
f 848 943 944
f 848 944 849
f 849 944 945
f 849 945 850
f 850 945 946
f 850 946 851
f 851 946 947
f 851 947 852
f 852 947 948
f 852 948 853
f 853 948 949
f 853 949 854
f 854 949 950
f 854 950 855
f 855 950 951
f 855 951 856
f 856 951 952
f 856 952 857
f 857 952 953
f 857 953 858
f 858 953 954
f 858 954 859
f 859 954 955
f 859 955 860
f 860 955 956
f 860 956 861
f 861 956 957
f 861 957 862
f 862 957 958
f 862 958 863
f 863 958 959
f 863 959 864
f 864 959 960
f 864 960 865
f 865 960 961
f 865 961 866
f 866 961 962
f 866 962 771
f 771 962 867
f 867 963 868
f 868 963 964
f 868 964 869
f 869 964 965
f 869 965 870
f 870 965 966
f 870 966 871
f 871 966 967
f 871 967 872
f 872 967 968
f 872 968 873
f 873 968 969
f 873 969 874
f 874 969 970
f 874 970 875
f 875 970 971
f 875 971 876
f 876 971 972
f 876 972 877
f 877 972 973
f 877 973 878
f 878 973 974
f 878 974 879
f 879 974 975
f 879 975 880
f 880 975 976
f 880 976 881
f 881 976 977
f 881 977 882
f 882 977 978
f 882 978 883
f 883 978 979
f 883 979 884
f 884 979 980
f 884 980 885
f 885 980 981
f 885 981 886
f 886 981 982
f 886 982 887
f 887 982 983
f 887 983 888
f 888 983 984
f 888 984 889
f 889 984 985
f 889 985 890
f 890 985 986
f 890 986 891
f 891 986 987
f 891 987 892
f 892 987 988
f 892 988 893
f 893 988 989
f 893 989 894
f 894 989 990
f 894 990 895
f 895 990 991
f 895 991 896
f 896 991 992
f 896 992 897
f 897 992 993
f 897 993 898
f 898 993 994
f 898 994 899
f 899 994 995
f 899 995 900
f 900 995 996
f 900 996 901
f 901 996 997
f 901 997 902
f 902 997 998
f 902 998 903
f 903 998 999
f 903 999 904
f 904 999 1000
f 904 1000 905
f 905 1000 1001
f 905 1001 906
f 906 1001 1002
f 906 1002 907
f 907 1002 1003
f 907 1003 908
f 908 1003 1004
f 908 1004 909
f 909 1004 1005
f 909 1005 910
f 910 1005 1006
f 910 1006 911
f 911 1006 1007
f 911 1007 912
f 912 1007 1008
f 912 1008 913
f 913 1008 1009
f 913 1009 914
f 914 1009 1010
f 914 1010 915
f 915 1010 1011
f 915 1011 916
f 916 1011 1012
f 916 1012 917
f 917 1012 1013
f 917 1013 918
f 918 1013 1014
f 918 1014 919
f 919 1014 1015
f 919 1015 920
f 920 1015 1016
f 920 1016 921
f 921 1016 1017
f 921 1017 922
f 922 1017 1018
f 922 1018 923
f 923 1018 1019
f 923 1019 924
f 924 1019 1020
f 924 1020 925
f 925 1020 1021
f 925 1021 926
f 926 1021 1022
f 926 1022 927
f 927 1022 1023
f 927 1023 928
f 928 1023 1024
f 928 1024 929
f 929 1024 1025
f 929 1025 930
f 930 1025 1026
f 930 1026 931
f 931 1026 1027
f 931 1027 932
f 932 1027 1028
f 932 1028 933
f 933 1028 1029
f 933 1029 934
f 934 1029 1030
f 934 1030 935
f 935 1030 1031
f 935 1031 936
f 936 1031 1032
f 936 1032 937
f 937 1032 1033
f 937 1033 938
f 938 1033 1034
f 938 1034 939
f 939 1034 1035
f 939 1035 940
f 940 1035 1036
f 940 1036 941
f 941 1036 1037
f 941 1037 942
f 942 1037 1038
f 942 1038 943
f 943 1038 1039
f 943 1039 944
f 944 1039 1040
f 944 1040 945
f 945 1040 1041
f 945 1041 946
f 946 1041 1042
f 946 1042 947
f 947 1042 1043
f 947 1043 948
f 948 1043 1044
f 948 1044 949
f 949 1044 1045
f 949 1045 950
f 950 1045 1046
f 950 1046 951
f 951 1046 1047
f 951 1047 952
f 952 1047 1048
f 952 1048 953
f 953 1048 1049
f 953 1049 954
f 954 1049 1050
f 954 1050 955
f 955 1050 1051
f 955 1051 956
f 956 1051 1052
f 956 1052 957
f 957 1052 1053
f 957 1053 958
f 958 1053 1054
f 958 1054 959
f 959 1054 1055
f 959 1055 960
f 960 1055 1056
f 960 1056 961
f 961 1056 1057
f 961 1057 962
f 962 1057 1058
f 962 1058 867
f 867 1058 963
f 963 1059 964
f 964 1059 1060
f 964 1060 965
f 965 1060 1061
f 965 1061 966
f 966 1061 1062
f 966 1062 967
f 967 1062 1063
f 967 1063 968
f 968 1063 1064
f 968 1064 969
f 969 1064 1065
f 969 1065 970
f 970 1065 1066
f 970 1066 971
f 971 1066 1067
f 971 1067 972
f 972 1067 1068
f 972 1068 973
f 973 1068 1069
f 973 1069 974
f 974 1069 1070
f 974 1070 975
f 975 1070 1071
f 975 1071 976
f 976 1071 1072
f 976 1072 977
f 977 1072 1073
f 977 1073 978
f 978 1073 1074
f 978 1074 979
f 979 1074 1075
f 979 1075 980
f 980 1075 1076
f 980 1076 981
f 981 1076 1077
f 981 1077 982
f 982 1077 1078
f 982 1078 983
f 983 1078 1079
f 983 1079 984
f 984 1079 1080
f 984 1080 985
f 985 1080 1081
f 985 1081 986
f 986 1081 1082
f 986 1082 987
f 987 1082 1083
f 987 1083 988
f 988 1083 1084
f 988 1084 989
f 989 1084 1085
f 989 1085 990
f 990 1085 1086
f 990 1086 991
f 991 1086 1087
f 991 1087 992
f 992 1087 1088
f 992 1088 993
f 993 1088 1089
f 993 1089 994
f 994 1089 1090
f 994 1090 995
f 995 1090 1091
f 995 1091 996
f 996 1091 1092
f 996 1092 997
f 997 1092 1093
f 997 1093 998
f 998 1093 1094
f 998 1094 999
f 999 1094 1095
f 999 1095 1000
f 1000 1095 1096
f 1000 1096 1001
f 1001 1096 1097
f 1001 1097 1002
f 1002 1097 1098
f 1002 1098 1003
f 1003 1098 1099
f 1003 1099 1004
f 1004 1099 1100
f 1004 1100 1005
f 1005 1100 1101
f 1005 1101 1006
f 1006 1101 1102
f 1006 1102 1007
f 1007 1102 1103
f 1007 1103 1008
f 1008 1103 1104
f 1008 1104 1009
f 1009 1104 1105
f 1009 1105 1010
f 1010 1105 1106
f 1010 1106 1011
f 1011 1106 1107
f 1011 1107 1012
f 1012 1107 1108
f 1012 1108 1013
f 1013 1108 1109
f 1013 1109 1014
f 1014 1109 1110
f 1014 1110 1015
f 1015 1110 1111
f 1015 1111 1016
f 1016 1111 1112
f 1016 1112 1017
f 1017 1112 1113
f 1017 1113 1018
f 1018 1113 1114
f 1018 1114 1019
f 1019 1114 1115
f 1019 1115 1020
f 1020 1115 1116
f 1020 1116 1021
f 1021 1116 1117
f 1021 1117 1022
f 1022 1117 1118
f 1022 1118 1023
f 1023 1118 1119
f 1023 1119 1024
f 1024 1119 1120
f 1024 1120 1025
f 1025 1120 1121
f 1025 1121 1026
f 1026 1121 1122
f 1026 1122 1027
f 1027 1122 1123
f 1027 1123 1028
f 1028 1123 1124
f 1028 1124 1029
f 1029 1124 1125
f 1029 1125 1030
f 1030 1125 1126
f 1030 1126 1031
f 1031 1126 1127
f 1031 1127 1032
f 1032 1127 1128
f 1032 1128 1033
f 1033 1128 1129
f 1033 1129 1034
f 1034 1129 1130
f 1034 1130 1035
f 1035 1130 1131
f 1035 1131 1036
f 1036 1131 1132
f 1036 1132 1037
f 1037 1132 1133
f 1037 1133 1038
f 1038 1133 1134
f 1038 1134 1039
f 1039 1134 1135
f 1039 1135 1040
f 1040 1135 1136
f 1040 1136 1041
f 1041 1136 1137
f 1041 1137 1042
f 1042 1137 1138
f 1042 1138 1043
f 1043 1138 1139
f 1043 1139 1044
f 1044 1139 1140
f 1044 1140 1045
f 1045 1140 1141
f 1045 1141 1046
f 1046 1141 1142
f 1046 1142 1047
f 1047 1142 1143
f 1047 1143 1048
f 1048 1143 1144
f 1048 1144 1049
f 1049 1144 1145
f 1049 1145 1050
f 1050 1145 1146
f 1050 1146 1051
f 1051 1146 1147
f 1051 1147 1052
f 1052 1147 1148
f 1052 1148 1053
f 1053 1148 1149
f 1053 1149 1054
f 1054 1149 1150
f 1054 1150 1055
f 1055 1150 1151
f 1055 1151 1056
f 1056 1151 1152
f 1056 1152 1057
f 1057 1152 1153
f 1057 1153 1058
f 1058 1153 1154
f 1058 1154 963
f 963 1154 1059
f 1059 1155 1060
f 1060 1155 1156
f 1060 1156 1061
f 1061 1156 1157
f 1061 1157 1062
f 1062 1157 1158
f 1062 1158 1063
f 1063 1158 1159
f 1063 1159 1064
f 1064 1159 1160
f 1064 1160 1065
f 1065 1160 1161
f 1065 1161 1066
f 1066 1161 1162
f 1066 1162 1067
f 1067 1162 1163
f 1067 1163 1068
f 1068 1163 1164
f 1068 1164 1069
f 1069 1164 1165
f 1069 1165 1070
f 1070 1165 1166
f 1070 1166 1071
f 1071 1166 1167
f 1071 1167 1072
f 1072 1167 1168
f 1072 1168 1073
f 1073 1168 1169
f 1073 1169 1074
f 1074 1169 1170
f 1074 1170 1075
f 1075 1170 1171
f 1075 1171 1076
f 1076 1171 1172
f 1076 1172 1077
f 1077 1172 1173
f 1077 1173 1078
f 1078 1173 1174
f 1078 1174 1079
f 1079 1174 1175
f 1079 1175 1080
f 1080 1175 1176
f 1080 1176 1081
f 1081 1176 1177
f 1081 1177 1082
f 1082 1177 1178
f 1082 1178 1083
f 1083 1178 1179
f 1083 1179 1084
f 1084 1179 1180
f 1084 1180 1085
f 1085 1180 1181
f 1085 1181 1086
f 1086 1181 1182
f 1086 1182 1087
f 1087 1182 1183
f 1087 1183 1088
f 1088 1183 1184
f 1088 1184 1089
f 1089 1184 1185
f 1089 1185 1090
f 1090 1185 1186
f 1090 1186 1091
f 1091 1186 1187
f 1091 1187 1092
f 1092 1187 1188
f 1092 1188 1093
f 1093 1188 1189
f 1093 1189 1094
f 1094 1189 1190
f 1094 1190 1095
f 1095 1190 1191
f 1095 1191 1096
f 1096 1191 1192
f 1096 1192 1097
f 1097 1192 1193
f 1097 1193 1098
f 1098 1193 1194
f 1098 1194 1099
f 1099 1194 1195
f 1099 1195 1100
f 1100 1195 1196
f 1100 1196 1101
f 1101 1196 1197
f 1101 1197 1102
f 1102 1197 1198
f 1102 1198 1103
f 1103 1198 1199
f 1103 1199 1104
f 1104 1199 1200
f 1104 1200 1105
f 1105 1200 1201
f 1105 1201 1106
f 1106 1201 1202
f 1106 1202 1107
f 1107 1202 1203
f 1107 1203 1108
f 1108 1203 1204
f 1108 1204 1109
f 1109 1204 1205
f 1109 1205 1110
f 1110 1205 1206
f 1110 1206 1111
f 1111 1206 1207
f 1111 1207 1112
f 1112 1207 1208
f 1112 1208 1113
f 1113 1208 1209
f 1113 1209 1114
f 1114 1209 1210
f 1114 1210 1115
f 1115 1210 1211
f 1115 1211 1116
f 1116 1211 1212
f 1116 1212 1117
f 1117 1212 1213
f 1117 1213 1118
f 1118 1213 1214
f 1118 1214 1119
f 1119 1214 1215
f 1119 1215 1120
f 1120 1215 1216
f 1120 1216 1121
f 1121 1216 1217
f 1121 1217 1122
f 1122 1217 1218
f 1122 1218 1123
f 1123 1218 1219
f 1123 1219 1124
f 1124 1219 1220
f 1124 1220 1125
f 1125 1220 1221
f 1125 1221 1126
f 1126 1221 1222
f 1126 1222 1127
f 1127 1222 1223
f 1127 1223 1128
f 1128 1223 1224
f 1128 1224 1129
f 1129 1224 1225
f 1129 1225 1130
f 1130 1225 1226
f 1130 1226 1131
f 1131 1226 1227
f 1131 1227 1132
f 1132 1227 1228
f 1132 1228 1133
f 1133 1228 1229
f 1133 1229 1134
f 1134 1229 1230
f 1134 1230 1135
f 1135 1230 1231
f 1135 1231 1136
f 1136 1231 1232
f 1136 1232 1137
f 1137 1232 1233
f 1137 1233 1138
f 1138 1233 1234
f 1138 1234 1139
f 1139 1234 1235
f 1139 1235 1140
f 1140 1235 1236
f 1140 1236 1141
f 1141 1236 1237
f 1141 1237 1142
f 1142 1237 1238
f 1142 1238 1143
f 1143 1238 1239
f 1143 1239 1144
f 1144 1239 1240
f 1144 1240 1145
f 1145 1240 1241
f 1145 1241 1146
f 1146 1241 1242
f 1146 1242 1147
f 1147 1242 1243
f 1147 1243 1148
f 1148 1243 1244
f 1148 1244 1149
f 1149 1244 1245
f 1149 1245 1150
f 1150 1245 1246
f 1150 1246 1151
f 1151 1246 1247
f 1151 1247 1152
f 1152 1247 1248
f 1152 1248 1153
f 1153 1248 1249
f 1153 1249 1154
f 1154 1249 1250
f 1154 1250 1059
f 1059 1250 1155
f 1155 1251 1156
f 1156 1251 1252
f 1156 1252 1157
f 1157 1252 1253
f 1157 1253 1158
f 1158 1253 1254
f 1158 1254 1159
f 1159 1254 1255
f 1159 1255 1160
f 1160 1255 1256
f 1160 1256 1161
f 1161 1256 1257
f 1161 1257 1162
f 1162 1257 1258
f 1162 1258 1163
f 1163 1258 1259
f 1163 1259 1164
f 1164 1259 1260
f 1164 1260 1165
f 1165 1260 1261
f 1165 1261 1166
f 1166 1261 1262
f 1166 1262 1167
f 1167 1262 1263
f 1167 1263 1168
f 1168 1263 1264
f 1168 1264 1169
f 1169 1264 1265
f 1169 1265 1170
f 1170 1265 1266
f 1170 1266 1171
f 1171 1266 1267
f 1171 1267 1172
f 1172 1267 1268
f 1172 1268 1173
f 1173 1268 1269
f 1173 1269 1174
f 1174 1269 1270
f 1174 1270 1175
f 1175 1270 1271
f 1175 1271 1176
f 1176 1271 1272
f 1176 1272 1177
f 1177 1272 1273
f 1177 1273 1178
f 1178 1273 1274
f 1178 1274 1179
f 1179 1274 1275
f 1179 1275 1180
f 1180 1275 1276
f 1180 1276 1181
f 1181 1276 1277
f 1181 1277 1182
f 1182 1277 1278
f 1182 1278 1183
f 1183 1278 1279
f 1183 1279 1184
f 1184 1279 1280
f 1184 1280 1185
f 1185 1280 1281
f 1185 1281 1186
f 1186 1281 1282
f 1186 1282 1187
f 1187 1282 1283
f 1187 1283 1188
f 1188 1283 1284
f 1188 1284 1189
f 1189 1284 1285
f 1189 1285 1190
f 1190 1285 1286
f 1190 1286 1191
f 1191 1286 1287
f 1191 1287 1192
f 1192 1287 1288
f 1192 1288 1193
f 1193 1288 1289
f 1193 1289 1194
f 1194 1289 1290
f 1194 1290 1195
f 1195 1290 1291
f 1195 1291 1196
f 1196 1291 1292
f 1196 1292 1197
f 1197 1292 1293
f 1197 1293 1198
f 1198 1293 1294
f 1198 1294 1199
f 1199 1294 1295
f 1199 1295 1200
f 1200 1295 1296
f 1200 1296 1201
f 1201 1296 1297
f 1201 1297 1202
f 1202 1297 1298
f 1202 1298 1203
f 1203 1298 1299
f 1203 1299 1204
f 1204 1299 1300
f 1204 1300 1205
f 1205 1300 1301
f 1205 1301 1206
f 1206 1301 1302
f 1206 1302 1207
f 1207 1302 1303
f 1207 1303 1208
f 1208 1303 1304
f 1208 1304 1209
f 1209 1304 1305
f 1209 1305 1210
f 1210 1305 1306
f 1210 1306 1211
f 1211 1306 1307
f 1211 1307 1212
f 1212 1307 1308
f 1212 1308 1213
f 1213 1308 1309
f 1213 1309 1214
f 1214 1309 1310
f 1214 1310 1215
f 1215 1310 1311
f 1215 1311 1216
f 1216 1311 1312
f 1216 1312 1217
f 1217 1312 1313
f 1217 1313 1218
f 1218 1313 1314
f 1218 1314 1219
f 1219 1314 1315
f 1219 1315 1220
f 1220 1315 1316
f 1220 1316 1221
f 1221 1316 1317
f 1221 1317 1222
f 1222 1317 1318
f 1222 1318 1223
f 1223 1318 1319
f 1223 1319 1224
f 1224 1319 1320
f 1224 1320 1225
f 1225 1320 1321
f 1225 1321 1226
f 1226 1321 1322
f 1226 1322 1227
f 1227 1322 1323
f 1227 1323 1228
f 1228 1323 1324
f 1228 1324 1229
f 1229 1324 1325
f 1229 1325 1230
f 1230 1325 1326
f 1230 1326 1231
f 1231 1326 1327
f 1231 1327 1232
f 1232 1327 1328
f 1232 1328 1233
f 1233 1328 1329
f 1233 1329 1234
f 1234 1329 1330
f 1234 1330 1235
f 1235 1330 1331
f 1235 1331 1236
f 1236 1331 1332
f 1236 1332 1237
f 1237 1332 1333
f 1237 1333 1238
f 1238 1333 1334
f 1238 1334 1239
f 1239 1334 1335
f 1239 1335 1240
f 1240 1335 1336
f 1240 1336 1241
f 1241 1336 1337
f 1241 1337 1242
f 1242 1337 1338
f 1242 1338 1243
f 1243 1338 1339
f 1243 1339 1244
f 1244 1339 1340
f 1244 1340 1245
f 1245 1340 1341
f 1245 1341 1246
f 1246 1341 1342
f 1246 1342 1247
f 1247 1342 1343
f 1247 1343 1248
f 1248 1343 1344
f 1248 1344 1249
f 1249 1344 1345
f 1249 1345 1250
f 1250 1345 1346
f 1250 1346 1155
f 1155 1346 1251
f 1251 1347 1252
f 1252 1347 1348
f 1252 1348 1253
f 1253 1348 1349
f 1253 1349 1254
f 1254 1349 1350
f 1254 1350 1255
f 1255 1350 1351
f 1255 1351 1256
f 1256 1351 1352
f 1256 1352 1257
f 1257 1352 1353
f 1257 1353 1258
f 1258 1353 1354
f 1258 1354 1259
f 1259 1354 1355
f 1259 1355 1260
f 1260 1355 1356
f 1260 1356 1261
f 1261 1356 1357
f 1261 1357 1262
f 1262 1357 1358
f 1262 1358 1263
f 1263 1358 1359
f 1263 1359 1264
f 1264 1359 1360
f 1264 1360 1265
f 1265 1360 1361
f 1265 1361 1266
f 1266 1361 1362
f 1266 1362 1267
f 1267 1362 1363
f 1267 1363 1268
f 1268 1363 1364
f 1268 1364 1269
f 1269 1364 1365
f 1269 1365 1270
f 1270 1365 1366
f 1270 1366 1271
f 1271 1366 1367
f 1271 1367 1272
f 1272 1367 1368
f 1272 1368 1273
f 1273 1368 1369
f 1273 1369 1274
f 1274 1369 1370
f 1274 1370 1275
f 1275 1370 1371
f 1275 1371 1276
f 1276 1371 1372
f 1276 1372 1277
f 1277 1372 1373
f 1277 1373 1278
f 1278 1373 1374
f 1278 1374 1279
f 1279 1374 1375
f 1279 1375 1280
f 1280 1375 1376
f 1280 1376 1281
f 1281 1376 1377
f 1281 1377 1282
f 1282 1377 1378
f 1282 1378 1283
f 1283 1378 1379
f 1283 1379 1284
f 1284 1379 1380
f 1284 1380 1285
f 1285 1380 1381
f 1285 1381 1286
f 1286 1381 1382
f 1286 1382 1287
f 1287 1382 1383
f 1287 1383 1288
f 1288 1383 1384
f 1288 1384 1289
f 1289 1384 1385
f 1289 1385 1290
f 1290 1385 1386
f 1290 1386 1291
f 1291 1386 1387
f 1291 1387 1292
f 1292 1387 1388
f 1292 1388 1293
f 1293 1388 1389
f 1293 1389 1294
f 1294 1389 1390
f 1294 1390 1295
f 1295 1390 1391
f 1295 1391 1296
f 1296 1391 1392
f 1296 1392 1297
f 1297 1392 1393
f 1297 1393 1298
f 1298 1393 1394
f 1298 1394 1299
f 1299 1394 1395
f 1299 1395 1300
f 1300 1395 1396
f 1300 1396 1301
f 1301 1396 1397
f 1301 1397 1302
f 1302 1397 1398
f 1302 1398 1303
f 1303 1398 1399
f 1303 1399 1304
f 1304 1399 1400
f 1304 1400 1305
f 1305 1400 1401
f 1305 1401 1306
f 1306 1401 1402
f 1306 1402 1307
f 1307 1402 1403
f 1307 1403 1308
f 1308 1403 1404
f 1308 1404 1309
f 1309 1404 1405
f 1309 1405 1310
f 1310 1405 1406
f 1310 1406 1311
f 1311 1406 1407
f 1311 1407 1312
f 1312 1407 1408
f 1312 1408 1313
f 1313 1408 1409
f 1313 1409 1314
f 1314 1409 1410
f 1314 1410 1315
f 1315 1410 1411
f 1315 1411 1316
f 1316 1411 1412
f 1316 1412 1317
f 1317 1412 1413
f 1317 1413 1318
f 1318 1413 1414
f 1318 1414 1319
f 1319 1414 1415
f 1319 1415 1320
f 1320 1415 1416
f 1320 1416 1321
f 1321 1416 1417
f 1321 1417 1322
f 1322 1417 1418
f 1322 1418 1323
f 1323 1418 1419
f 1323 1419 1324
f 1324 1419 1420
f 1324 1420 1325
f 1325 1420 1421
f 1325 1421 1326
f 1326 1421 1422
f 1326 1422 1327
f 1327 1422 1423
f 1327 1423 1328
f 1328 1423 1424
f 1328 1424 1329
f 1329 1424 1425
f 1329 1425 1330
f 1330 1425 1426
f 1330 1426 1331
f 1331 1426 1427
f 1331 1427 1332
f 1332 1427 1428
f 1332 1428 1333
f 1333 1428 1429
f 1333 1429 1334
f 1334 1429 1430
f 1334 1430 1335
f 1335 1430 1431
f 1335 1431 1336
f 1336 1431 1432
f 1336 1432 1337
f 1337 1432 1433
f 1337 1433 1338
f 1338 1433 1434
f 1338 1434 1339
f 1339 1434 1435
f 1339 1435 1340
f 1340 1435 1436
f 1340 1436 1341
f 1341 1436 1437
f 1341 1437 1342
f 1342 1437 1438
f 1342 1438 1343
f 1343 1438 1439
f 1343 1439 1344
f 1344 1439 1440
f 1344 1440 1345
f 1345 1440 1441
f 1345 1441 1346
f 1346 1441 1442
f 1346 1442 1251
f 1251 1442 1347
f 1347 1443 1348
f 1348 1443 1444
f 1348 1444 1349
f 1349 1444 1445
f 1349 1445 1350
f 1350 1445 1446
f 1350 1446 1351
f 1351 1446 1447
f 1351 1447 1352
f 1352 1447 1448
f 1352 1448 1353
f 1353 1448 1449
f 1353 1449 1354
f 1354 1449 1450
f 1354 1450 1355
f 1355 1450 1451
f 1355 1451 1356
f 1356 1451 1452
f 1356 1452 1357
f 1357 1452 1453
f 1357 1453 1358
f 1358 1453 1454
f 1358 1454 1359
f 1359 1454 1455
f 1359 1455 1360
f 1360 1455 1456
f 1360 1456 1361
f 1361 1456 1457
f 1361 1457 1362
f 1362 1457 1458
f 1362 1458 1363
f 1363 1458 1459
f 1363 1459 1364
f 1364 1459 1460
f 1364 1460 1365
f 1365 1460 1461
f 1365 1461 1366
f 1366 1461 1462
f 1366 1462 1367
f 1367 1462 1463
f 1367 1463 1368
f 1368 1463 1464
f 1368 1464 1369
f 1369 1464 1465
f 1369 1465 1370
f 1370 1465 1466
f 1370 1466 1371
f 1371 1466 1467
f 1371 1467 1372
f 1372 1467 1468
f 1372 1468 1373
f 1373 1468 1469
f 1373 1469 1374
f 1374 1469 1470
f 1374 1470 1375
f 1375 1470 1471
f 1375 1471 1376
f 1376 1471 1472
f 1376 1472 1377
f 1377 1472 1473
f 1377 1473 1378
f 1378 1473 1474
f 1378 1474 1379
f 1379 1474 1475
f 1379 1475 1380
f 1380 1475 1476
f 1380 1476 1381
f 1381 1476 1477
f 1381 1477 1382
f 1382 1477 1478
f 1382 1478 1383
f 1383 1478 1479
f 1383 1479 1384
f 1384 1479 1480
f 1384 1480 1385
f 1385 1480 1481
f 1385 1481 1386
f 1386 1481 1482
f 1386 1482 1387
f 1387 1482 1483
f 1387 1483 1388
f 1388 1483 1484
f 1388 1484 1389
f 1389 1484 1485
f 1389 1485 1390
f 1390 1485 1486
f 1390 1486 1391
f 1391 1486 1487
f 1391 1487 1392
f 1392 1487 1488
f 1392 1488 1393
f 1393 1488 1489
f 1393 1489 1394
f 1394 1489 1490
f 1394 1490 1395
f 1395 1490 1491
f 1395 1491 1396
f 1396 1491 1492
f 1396 1492 1397
f 1397 1492 1493
f 1397 1493 1398
f 1398 1493 1494
f 1398 1494 1399
f 1399 1494 1495
f 1399 1495 1400
f 1400 1495 1496
f 1400 1496 1401
f 1401 1496 1497
f 1401 1497 1402
f 1402 1497 1498
f 1402 1498 1403
f 1403 1498 1499
f 1403 1499 1404
f 1404 1499 1500
f 1404 1500 1405
f 1405 1500 1501
f 1405 1501 1406
f 1406 1501 1502
f 1406 1502 1407
f 1407 1502 1503
f 1407 1503 1408
f 1408 1503 1504
f 1408 1504 1409
f 1409 1504 1505
f 1409 1505 1410
f 1410 1505 1506
f 1410 1506 1411
f 1411 1506 1507
f 1411 1507 1412
f 1412 1507 1508
f 1412 1508 1413
f 1413 1508 1509
f 1413 1509 1414
f 1414 1509 1510
f 1414 1510 1415
f 1415 1510 1511
f 1415 1511 1416
f 1416 1511 1512
f 1416 1512 1417
f 1417 1512 1513
f 1417 1513 1418
f 1418 1513 1514
f 1418 1514 1419
f 1419 1514 1515
f 1419 1515 1420
f 1420 1515 1516
f 1420 1516 1421
f 1421 1516 1517
f 1421 1517 1422
f 1422 1517 1518
f 1422 1518 1423
f 1423 1518 1519
f 1423 1519 1424
f 1424 1519 1520
f 1424 1520 1425
f 1425 1520 1521
f 1425 1521 1426
f 1426 1521 1522
f 1426 1522 1427
f 1427 1522 1523
f 1427 1523 1428
f 1428 1523 1524
f 1428 1524 1429
f 1429 1524 1525
f 1429 1525 1430
f 1430 1525 1526
f 1430 1526 1431
f 1431 1526 1527
f 1431 1527 1432
f 1432 1527 1528
f 1432 1528 1433
f 1433 1528 1529
f 1433 1529 1434
f 1434 1529 1530
f 1434 1530 1435
f 1435 1530 1531
f 1435 1531 1436
f 1436 1531 1532
f 1436 1532 1437
f 1437 1532 1533
f 1437 1533 1438
f 1438 1533 1534
f 1438 1534 1439
f 1439 1534 1535
f 1439 1535 1440
f 1440 1535 1536
f 1440 1536 1441
f 1441 1536 1537
f 1441 1537 1442
f 1442 1537 1538
f 1442 1538 1347
f 1347 1538 1443
f 1443 1539 1444
f 1444 1539 1540
f 1444 1540 1445
f 1445 1540 1541
f 1445 1541 1446
f 1446 1541 1542
f 1446 1542 1447
f 1447 1542 1543
f 1447 1543 1448
f 1448 1543 1544
f 1448 1544 1449
f 1449 1544 1545
f 1449 1545 1450
f 1450 1545 1546
f 1450 1546 1451
f 1451 1546 1547
f 1451 1547 1452
f 1452 1547 1548
f 1452 1548 1453
f 1453 1548 1549
f 1453 1549 1454
f 1454 1549 1550
f 1454 1550 1455
f 1455 1550 1551
f 1455 1551 1456
f 1456 1551 1552
f 1456 1552 1457
f 1457 1552 1553
f 1457 1553 1458
f 1458 1553 1554
f 1458 1554 1459
f 1459 1554 1555
f 1459 1555 1460
f 1460 1555 1556
f 1460 1556 1461
f 1461 1556 1557
f 1461 1557 1462
f 1462 1557 1558
f 1462 1558 1463
f 1463 1558 1559
f 1463 1559 1464
f 1464 1559 1560
f 1464 1560 1465
f 1465 1560 1561
f 1465 1561 1466
f 1466 1561 1562
f 1466 1562 1467
f 1467 1562 1563
f 1467 1563 1468
f 1468 1563 1564
f 1468 1564 1469
f 1469 1564 1565
f 1469 1565 1470
f 1470 1565 1566
f 1470 1566 1471
f 1471 1566 1567
f 1471 1567 1472
f 1472 1567 1568
f 1472 1568 1473
f 1473 1568 1569
f 1473 1569 1474
f 1474 1569 1570
f 1474 1570 1475
f 1475 1570 1571
f 1475 1571 1476
f 1476 1571 1572
f 1476 1572 1477
f 1477 1572 1573
f 1477 1573 1478
f 1478 1573 1574
f 1478 1574 1479
f 1479 1574 1575
f 1479 1575 1480
f 1480 1575 1576
f 1480 1576 1481
f 1481 1576 1577
f 1481 1577 1482
f 1482 1577 1578
f 1482 1578 1483
f 1483 1578 1579
f 1483 1579 1484
f 1484 1579 1580
f 1484 1580 1485
f 1485 1580 1581
f 1485 1581 1486
f 1486 1581 1582
f 1486 1582 1487
f 1487 1582 1583
f 1487 1583 1488
f 1488 1583 1584
f 1488 1584 1489
f 1489 1584 1585
f 1489 1585 1490
f 1490 1585 1586
f 1490 1586 1491
f 1491 1586 1587
f 1491 1587 1492
f 1492 1587 1588
f 1492 1588 1493
f 1493 1588 1589
f 1493 1589 1494
f 1494 1589 1590
f 1494 1590 1495
f 1495 1590 1591
f 1495 1591 1496
f 1496 1591 1592
f 1496 1592 1497
f 1497 1592 1593
f 1497 1593 1498
f 1498 1593 1594
f 1498 1594 1499
f 1499 1594 1595
f 1499 1595 1500
f 1500 1595 1596
f 1500 1596 1501
f 1501 1596 1597
f 1501 1597 1502
f 1502 1597 1598
f 1502 1598 1503
f 1503 1598 1599
f 1503 1599 1504
f 1504 1599 1600
f 1504 1600 1505
f 1505 1600 1601
f 1505 1601 1506
f 1506 1601 1602
f 1506 1602 1507
f 1507 1602 1603
f 1507 1603 1508
f 1508 1603 1604
f 1508 1604 1509
f 1509 1604 1605
f 1509 1605 1510
f 1510 1605 1606
f 1510 1606 1511
f 1511 1606 1607
f 1511 1607 1512
f 1512 1607 1608
f 1512 1608 1513
f 1513 1608 1609
f 1513 1609 1514
f 1514 1609 1610
f 1514 1610 1515
f 1515 1610 1611
f 1515 1611 1516
f 1516 1611 1612
f 1516 1612 1517
f 1517 1612 1613
f 1517 1613 1518
f 1518 1613 1614
f 1518 1614 1519
f 1519 1614 1615
f 1519 1615 1520
f 1520 1615 1616
f 1520 1616 1521
f 1521 1616 1617
f 1521 1617 1522
f 1522 1617 1618
f 1522 1618 1523
f 1523 1618 1619
f 1523 1619 1524
f 1524 1619 1620
f 1524 1620 1525
f 1525 1620 1621
f 1525 1621 1526
f 1526 1621 1622
f 1526 1622 1527
f 1527 1622 1623
f 1527 1623 1528
f 1528 1623 1624
f 1528 1624 1529
f 1529 1624 1625
f 1529 1625 1530
f 1530 1625 1626
f 1530 1626 1531
f 1531 1626 1627
f 1531 1627 1532
f 1532 1627 1628
f 1532 1628 1533
f 1533 1628 1629
f 1533 1629 1534
f 1534 1629 1630
f 1534 1630 1535
f 1535 1630 1631
f 1535 1631 1536
f 1536 1631 1632
f 1536 1632 1537
f 1537 1632 1633
f 1537 1633 1538
f 1538 1633 1634
f 1538 1634 1443
f 1443 1634 1539
f 1539 1635 1540
f 1540 1635 1636
f 1540 1636 1541
f 1541 1636 1637
f 1541 1637 1542
f 1542 1637 1638
f 1542 1638 1543
f 1543 1638 1639
f 1543 1639 1544
f 1544 1639 1640
f 1544 1640 1545
f 1545 1640 1641
f 1545 1641 1546
f 1546 1641 1642
f 1546 1642 1547
f 1547 1642 1643
f 1547 1643 1548
f 1548 1643 1644
f 1548 1644 1549
f 1549 1644 1645
f 1549 1645 1550
f 1550 1645 1646
f 1550 1646 1551
f 1551 1646 1647
f 1551 1647 1552
f 1552 1647 1648
f 1552 1648 1553
f 1553 1648 1649
f 1553 1649 1554
f 1554 1649 1650
f 1554 1650 1555
f 1555 1650 1651
f 1555 1651 1556
f 1556 1651 1652
f 1556 1652 1557
f 1557 1652 1653
f 1557 1653 1558
f 1558 1653 1654
f 1558 1654 1559
f 1559 1654 1655
f 1559 1655 1560
f 1560 1655 1656
f 1560 1656 1561
f 1561 1656 1657
f 1561 1657 1562
f 1562 1657 1658
f 1562 1658 1563
f 1563 1658 1659
f 1563 1659 1564
f 1564 1659 1660
f 1564 1660 1565
f 1565 1660 1661
f 1565 1661 1566
f 1566 1661 1662
f 1566 1662 1567
f 1567 1662 1663
f 1567 1663 1568
f 1568 1663 1664
f 1568 1664 1569
f 1569 1664 1665
f 1569 1665 1570
f 1570 1665 1666
f 1570 1666 1571
f 1571 1666 1667
f 1571 1667 1572
f 1572 1667 1668
f 1572 1668 1573
f 1573 1668 1669
f 1573 1669 1574
f 1574 1669 1670
f 1574 1670 1575
f 1575 1670 1671
f 1575 1671 1576
f 1576 1671 1672
f 1576 1672 1577
f 1577 1672 1673
f 1577 1673 1578
f 1578 1673 1674
f 1578 1674 1579
f 1579 1674 1675
f 1579 1675 1580
f 1580 1675 1676
f 1580 1676 1581
f 1581 1676 1677
f 1581 1677 1582
f 1582 1677 1678
f 1582 1678 1583
f 1583 1678 1679
f 1583 1679 1584
f 1584 1679 1680
f 1584 1680 1585
f 1585 1680 1681
f 1585 1681 1586
f 1586 1681 1682
f 1586 1682 1587
f 1587 1682 1683
f 1587 1683 1588
f 1588 1683 1684
f 1588 1684 1589
f 1589 1684 1685
f 1589 1685 1590
f 1590 1685 1686
f 1590 1686 1591
f 1591 1686 1687
f 1591 1687 1592
f 1592 1687 1688
f 1592 1688 1593
f 1593 1688 1689
f 1593 1689 1594
f 1594 1689 1690
f 1594 1690 1595
f 1595 1690 1691
f 1595 1691 1596
f 1596 1691 1692
f 1596 1692 1597
f 1597 1692 1693
f 1597 1693 1598
f 1598 1693 1694
f 1598 1694 1599
f 1599 1694 1695
f 1599 1695 1600
f 1600 1695 1696
f 1600 1696 1601
f 1601 1696 1697
f 1601 1697 1602
f 1602 1697 1698
f 1602 1698 1603
f 1603 1698 1699
f 1603 1699 1604
f 1604 1699 1700
f 1604 1700 1605
f 1605 1700 1701
f 1605 1701 1606
f 1606 1701 1702
f 1606 1702 1607
f 1607 1702 1703
f 1607 1703 1608
f 1608 1703 1704
f 1608 1704 1609
f 1609 1704 1705
f 1609 1705 1610
f 1610 1705 1706
f 1610 1706 1611
f 1611 1706 1707
f 1611 1707 1612
f 1612 1707 1708
f 1612 1708 1613
f 1613 1708 1709
f 1613 1709 1614
f 1614 1709 1710
f 1614 1710 1615
f 1615 1710 1711
f 1615 1711 1616
f 1616 1711 1712
f 1616 1712 1617
f 1617 1712 1713
f 1617 1713 1618
f 1618 1713 1714
f 1618 1714 1619
f 1619 1714 1715
f 1619 1715 1620
f 1620 1715 1716
f 1620 1716 1621
f 1621 1716 1717
f 1621 1717 1622
f 1622 1717 1718
f 1622 1718 1623
f 1623 1718 1719
f 1623 1719 1624
f 1624 1719 1720
f 1624 1720 1625
f 1625 1720 1721
f 1625 1721 1626
f 1626 1721 1722
f 1626 1722 1627
f 1627 1722 1723
f 1627 1723 1628
f 1628 1723 1724
f 1628 1724 1629
f 1629 1724 1725
f 1629 1725 1630
f 1630 1725 1726
f 1630 1726 1631
f 1631 1726 1727
f 1631 1727 1632
f 1632 1727 1728
f 1632 1728 1633
f 1633 1728 1729
f 1633 1729 1634
f 1634 1729 1730
f 1634 1730 1539
f 1539 1730 1635
f 1635 1731 1636
f 1636 1731 1732
f 1636 1732 1637
f 1637 1732 1733
f 1637 1733 1638
f 1638 1733 1734
f 1638 1734 1639
f 1639 1734 1735
f 1639 1735 1640
f 1640 1735 1736
f 1640 1736 1641
f 1641 1736 1737
f 1641 1737 1642
f 1642 1737 1738
f 1642 1738 1643
f 1643 1738 1739
f 1643 1739 1644
f 1644 1739 1740
f 1644 1740 1645
f 1645 1740 1741
f 1645 1741 1646
f 1646 1741 1742
f 1646 1742 1647
f 1647 1742 1743
f 1647 1743 1648
f 1648 1743 1744
f 1648 1744 1649
f 1649 1744 1745
f 1649 1745 1650
f 1650 1745 1746
f 1650 1746 1651
f 1651 1746 1747
f 1651 1747 1652
f 1652 1747 1748
f 1652 1748 1653
f 1653 1748 1749
f 1653 1749 1654
f 1654 1749 1750
f 1654 1750 1655
f 1655 1750 1751
f 1655 1751 1656
f 1656 1751 1752
f 1656 1752 1657
f 1657 1752 1753
f 1657 1753 1658
f 1658 1753 1754
f 1658 1754 1659
f 1659 1754 1755
f 1659 1755 1660
f 1660 1755 1756
f 1660 1756 1661
f 1661 1756 1757
f 1661 1757 1662
f 1662 1757 1758
f 1662 1758 1663
f 1663 1758 1759
f 1663 1759 1664
f 1664 1759 1760
f 1664 1760 1665
f 1665 1760 1761
f 1665 1761 1666
f 1666 1761 1762
f 1666 1762 1667
f 1667 1762 1763
f 1667 1763 1668
f 1668 1763 1764
f 1668 1764 1669
f 1669 1764 1765
f 1669 1765 1670
f 1670 1765 1766
f 1670 1766 1671
f 1671 1766 1767
f 1671 1767 1672
f 1672 1767 1768
f 1672 1768 1673
f 1673 1768 1769
f 1673 1769 1674
f 1674 1769 1770
f 1674 1770 1675
f 1675 1770 1771
f 1675 1771 1676
f 1676 1771 1772
f 1676 1772 1677
f 1677 1772 1773
f 1677 1773 1678
f 1678 1773 1774
f 1678 1774 1679
f 1679 1774 1775
f 1679 1775 1680
f 1680 1775 1776
f 1680 1776 1681
f 1681 1776 1777
f 1681 1777 1682
f 1682 1777 1778
f 1682 1778 1683
f 1683 1778 1779
f 1683 1779 1684
f 1684 1779 1780
f 1684 1780 1685
f 1685 1780 1781
f 1685 1781 1686
f 1686 1781 1782
f 1686 1782 1687
f 1687 1782 1783
f 1687 1783 1688
f 1688 1783 1784
f 1688 1784 1689
f 1689 1784 1785
f 1689 1785 1690
f 1690 1785 1786
f 1690 1786 1691
f 1691 1786 1787
f 1691 1787 1692
f 1692 1787 1788
f 1692 1788 1693
f 1693 1788 1789
f 1693 1789 1694
f 1694 1789 1790
f 1694 1790 1695
f 1695 1790 1791
f 1695 1791 1696
f 1696 1791 1792
f 1696 1792 1697
f 1697 1792 1793
f 1697 1793 1698
f 1698 1793 1794
f 1698 1794 1699
f 1699 1794 1795
f 1699 1795 1700
f 1700 1795 1796
f 1700 1796 1701
f 1701 1796 1797
f 1701 1797 1702
f 1702 1797 1798
f 1702 1798 1703
f 1703 1798 1799
f 1703 1799 1704
f 1704 1799 1800
f 1704 1800 1705
f 1705 1800 1801
f 1705 1801 1706
f 1706 1801 1802
f 1706 1802 1707
f 1707 1802 1803
f 1707 1803 1708
f 1708 1803 1804
f 1708 1804 1709
f 1709 1804 1805
f 1709 1805 1710
f 1710 1805 1806
f 1710 1806 1711
f 1711 1806 1807
f 1711 1807 1712
f 1712 1807 1808
f 1712 1808 1713
f 1713 1808 1809
f 1713 1809 1714
f 1714 1809 1810
f 1714 1810 1715
f 1715 1810 1811
f 1715 1811 1716
f 1716 1811 1812
f 1716 1812 1717
f 1717 1812 1813
f 1717 1813 1718
f 1718 1813 1814
f 1718 1814 1719
f 1719 1814 1815
f 1719 1815 1720
f 1720 1815 1816
f 1720 1816 1721
f 1721 1816 1817
f 1721 1817 1722
f 1722 1817 1818
f 1722 1818 1723
f 1723 1818 1819
f 1723 1819 1724
f 1724 1819 1820
f 1724 1820 1725
f 1725 1820 1821
f 1725 1821 1726
f 1726 1821 1822
f 1726 1822 1727
f 1727 1822 1823
f 1727 1823 1728
f 1728 1823 1824
f 1728 1824 1729
f 1729 1824 1825
f 1729 1825 1730
f 1730 1825 1826
f 1730 1826 1635
f 1635 1826 1731
f 1731 1827 1732
f 1732 1827 1828
f 1732 1828 1733
f 1733 1828 1829
f 1733 1829 1734
f 1734 1829 1830
f 1734 1830 1735
f 1735 1830 1831
f 1735 1831 1736
f 1736 1831 1832
f 1736 1832 1737
f 1737 1832 1833
f 1737 1833 1738
f 1738 1833 1834
f 1738 1834 1739
f 1739 1834 1835
f 1739 1835 1740
f 1740 1835 1836
f 1740 1836 1741
f 1741 1836 1837
f 1741 1837 1742
f 1742 1837 1838
f 1742 1838 1743
f 1743 1838 1839
f 1743 1839 1744
f 1744 1839 1840
f 1744 1840 1745
f 1745 1840 1841
f 1745 1841 1746
f 1746 1841 1842
f 1746 1842 1747
f 1747 1842 1843
f 1747 1843 1748
f 1748 1843 1844
f 1748 1844 1749
f 1749 1844 1845
f 1749 1845 1750
f 1750 1845 1846
f 1750 1846 1751
f 1751 1846 1847
f 1751 1847 1752
f 1752 1847 1848
f 1752 1848 1753
f 1753 1848 1849
f 1753 1849 1754
f 1754 1849 1850
f 1754 1850 1755
f 1755 1850 1851
f 1755 1851 1756
f 1756 1851 1852
f 1756 1852 1757
f 1757 1852 1853
f 1757 1853 1758
f 1758 1853 1854
f 1758 1854 1759
f 1759 1854 1855
f 1759 1855 1760
f 1760 1855 1856
f 1760 1856 1761
f 1761 1856 1857
f 1761 1857 1762
f 1762 1857 1858
f 1762 1858 1763
f 1763 1858 1859
f 1763 1859 1764
f 1764 1859 1860
f 1764 1860 1765
f 1765 1860 1861
f 1765 1861 1766
f 1766 1861 1862
f 1766 1862 1767
f 1767 1862 1863
f 1767 1863 1768
f 1768 1863 1864
f 1768 1864 1769
f 1769 1864 1865
f 1769 1865 1770
f 1770 1865 1866
f 1770 1866 1771
f 1771 1866 1867
f 1771 1867 1772
f 1772 1867 1868
f 1772 1868 1773
f 1773 1868 1869
f 1773 1869 1774
f 1774 1869 1870
f 1774 1870 1775
f 1775 1870 1871
f 1775 1871 1776
f 1776 1871 1872
f 1776 1872 1777
f 1777 1872 1873
f 1777 1873 1778
f 1778 1873 1874
f 1778 1874 1779
f 1779 1874 1875
f 1779 1875 1780
f 1780 1875 1876
f 1780 1876 1781
f 1781 1876 1877
f 1781 1877 1782
f 1782 1877 1878
f 1782 1878 1783
f 1783 1878 1879
f 1783 1879 1784
f 1784 1879 1880
f 1784 1880 1785
f 1785 1880 1881
f 1785 1881 1786
f 1786 1881 1882
f 1786 1882 1787
f 1787 1882 1883
f 1787 1883 1788
f 1788 1883 1884
f 1788 1884 1789
f 1789 1884 1885
f 1789 1885 1790
f 1790 1885 1886
f 1790 1886 1791
f 1791 1886 1887
f 1791 1887 1792
f 1792 1887 1888
f 1792 1888 1793
f 1793 1888 1889
f 1793 1889 1794
f 1794 1889 1890
f 1794 1890 1795
f 1795 1890 1891
f 1795 1891 1796
f 1796 1891 1892
f 1796 1892 1797
f 1797 1892 1893
f 1797 1893 1798
f 1798 1893 1894
f 1798 1894 1799
f 1799 1894 1895
f 1799 1895 1800
f 1800 1895 1896
f 1800 1896 1801
f 1801 1896 1897
f 1801 1897 1802
f 1802 1897 1898
f 1802 1898 1803
f 1803 1898 1899
f 1803 1899 1804
f 1804 1899 1900
f 1804 1900 1805
f 1805 1900 1901
f 1805 1901 1806
f 1806 1901 1902
f 1806 1902 1807
f 1807 1902 1903
f 1807 1903 1808
f 1808 1903 1904
f 1808 1904 1809
f 1809 1904 1905
f 1809 1905 1810
f 1810 1905 1906
f 1810 1906 1811
f 1811 1906 1907
f 1811 1907 1812
f 1812 1907 1908
f 1812 1908 1813
f 1813 1908 1909
f 1813 1909 1814
f 1814 1909 1910
f 1814 1910 1815
f 1815 1910 1911
f 1815 1911 1816
f 1816 1911 1912
f 1816 1912 1817
f 1817 1912 1913
f 1817 1913 1818
f 1818 1913 1914
f 1818 1914 1819
f 1819 1914 1915
f 1819 1915 1820
f 1820 1915 1916
f 1820 1916 1821
f 1821 1916 1917
f 1821 1917 1822
f 1822 1917 1918
f 1822 1918 1823
f 1823 1918 1919
f 1823 1919 1824
f 1824 1919 1920
f 1824 1920 1825
f 1825 1920 1921
f 1825 1921 1826
f 1826 1921 1922
f 1826 1922 1731
f 1731 1922 1827
f 1827 1923 1828
f 1828 1923 1924
f 1828 1924 1829
f 1829 1924 1925
f 1829 1925 1830
f 1830 1925 1926
f 1830 1926 1831
f 1831 1926 1927
f 1831 1927 1832
f 1832 1927 1928
f 1832 1928 1833
f 1833 1928 1929
f 1833 1929 1834
f 1834 1929 1930
f 1834 1930 1835
f 1835 1930 1931
f 1835 1931 1836
f 1836 1931 1932
f 1836 1932 1837
f 1837 1932 1933
f 1837 1933 1838
f 1838 1933 1934
f 1838 1934 1839
f 1839 1934 1935
f 1839 1935 1840
f 1840 1935 1936
f 1840 1936 1841
f 1841 1936 1937
f 1841 1937 1842
f 1842 1937 1938
f 1842 1938 1843
f 1843 1938 1939
f 1843 1939 1844
f 1844 1939 1940
f 1844 1940 1845
f 1845 1940 1941
f 1845 1941 1846
f 1846 1941 1942
f 1846 1942 1847
f 1847 1942 1943
f 1847 1943 1848
f 1848 1943 1944
f 1848 1944 1849
f 1849 1944 1945
f 1849 1945 1850
f 1850 1945 1946
f 1850 1946 1851
f 1851 1946 1947
f 1851 1947 1852
f 1852 1947 1948
f 1852 1948 1853
f 1853 1948 1949
f 1853 1949 1854
f 1854 1949 1950
f 1854 1950 1855
f 1855 1950 1951
f 1855 1951 1856
f 1856 1951 1952
f 1856 1952 1857
f 1857 1952 1953
f 1857 1953 1858
f 1858 1953 1954
f 1858 1954 1859
f 1859 1954 1955
f 1859 1955 1860
f 1860 1955 1956
f 1860 1956 1861
f 1861 1956 1957
f 1861 1957 1862
f 1862 1957 1958
f 1862 1958 1863
f 1863 1958 1959
f 1863 1959 1864
f 1864 1959 1960
f 1864 1960 1865
f 1865 1960 1961
f 1865 1961 1866
f 1866 1961 1962
f 1866 1962 1867
f 1867 1962 1963
f 1867 1963 1868
f 1868 1963 1964
f 1868 1964 1869
f 1869 1964 1965
f 1869 1965 1870
f 1870 1965 1966
f 1870 1966 1871
f 1871 1966 1967
f 1871 1967 1872
f 1872 1967 1968
f 1872 1968 1873
f 1873 1968 1969
f 1873 1969 1874
f 1874 1969 1970
f 1874 1970 1875
f 1875 1970 1971
f 1875 1971 1876
f 1876 1971 1972
f 1876 1972 1877
f 1877 1972 1973
f 1877 1973 1878
f 1878 1973 1974
f 1878 1974 1879
f 1879 1974 1975
f 1879 1975 1880
f 1880 1975 1976
f 1880 1976 1881
f 1881 1976 1977
f 1881 1977 1882
f 1882 1977 1978
f 1882 1978 1883
f 1883 1978 1979
f 1883 1979 1884
f 1884 1979 1980
f 1884 1980 1885
f 1885 1980 1981
f 1885 1981 1886
f 1886 1981 1982
f 1886 1982 1887
f 1887 1982 1983
f 1887 1983 1888
f 1888 1983 1984
f 1888 1984 1889
f 1889 1984 1985
f 1889 1985 1890
f 1890 1985 1986
f 1890 1986 1891
f 1891 1986 1987
f 1891 1987 1892
f 1892 1987 1988
f 1892 1988 1893
f 1893 1988 1989
f 1893 1989 1894
f 1894 1989 1990
f 1894 1990 1895
f 1895 1990 1991
f 1895 1991 1896
f 1896 1991 1992
f 1896 1992 1897
f 1897 1992 1993
f 1897 1993 1898
f 1898 1993 1994
f 1898 1994 1899
f 1899 1994 1995
f 1899 1995 1900
f 1900 1995 1996
f 1900 1996 1901
f 1901 1996 1997
f 1901 1997 1902
f 1902 1997 1998
f 1902 1998 1903
f 1903 1998 1999
f 1903 1999 1904
f 1904 1999 2000
f 1904 2000 1905
f 1905 2000 2001
f 1905 2001 1906
f 1906 2001 2002
f 1906 2002 1907
f 1907 2002 2003
f 1907 2003 1908
f 1908 2003 2004
f 1908 2004 1909
f 1909 2004 2005
f 1909 2005 1910
f 1910 2005 2006
f 1910 2006 1911
f 1911 2006 2007
f 1911 2007 1912
f 1912 2007 2008
f 1912 2008 1913
f 1913 2008 2009
f 1913 2009 1914
f 1914 2009 2010
f 1914 2010 1915
f 1915 2010 2011
f 1915 2011 1916
f 1916 2011 2012
f 1916 2012 1917
f 1917 2012 2013
f 1917 2013 1918
f 1918 2013 2014
f 1918 2014 1919
f 1919 2014 2015
f 1919 2015 1920
f 1920 2015 2016
f 1920 2016 1921
f 1921 2016 2017
f 1921 2017 1922
f 1922 2017 2018
f 1922 2018 1827
f 1827 2018 1923
f 1923 2019 1924
f 1924 2019 2020
f 1924 2020 1925
f 1925 2020 2021
f 1925 2021 1926
f 1926 2021 2022
f 1926 2022 1927
f 1927 2022 2023
f 1927 2023 1928
f 1928 2023 2024
f 1928 2024 1929
f 1929 2024 2025
f 1929 2025 1930
f 1930 2025 2026
f 1930 2026 1931
f 1931 2026 2027
f 1931 2027 1932
f 1932 2027 2028
f 1932 2028 1933
f 1933 2028 2029
f 1933 2029 1934
f 1934 2029 2030
f 1934 2030 1935
f 1935 2030 2031
f 1935 2031 1936
f 1936 2031 2032
f 1936 2032 1937
f 1937 2032 2033
f 1937 2033 1938
f 1938 2033 2034
f 1938 2034 1939
f 1939 2034 2035
f 1939 2035 1940
f 1940 2035 2036
f 1940 2036 1941
f 1941 2036 2037
f 1941 2037 1942
f 1942 2037 2038
f 1942 2038 1943
f 1943 2038 2039
f 1943 2039 1944
f 1944 2039 2040
f 1944 2040 1945
f 1945 2040 2041
f 1945 2041 1946
f 1946 2041 2042
f 1946 2042 1947
f 1947 2042 2043
f 1947 2043 1948
f 1948 2043 2044
f 1948 2044 1949
f 1949 2044 2045
f 1949 2045 1950
f 1950 2045 2046
f 1950 2046 1951
f 1951 2046 2047
f 1951 2047 1952
f 1952 2047 2048
f 1952 2048 1953
f 1953 2048 2049
f 1953 2049 1954
f 1954 2049 2050
f 1954 2050 1955
f 1955 2050 2051
f 1955 2051 1956
f 1956 2051 2052
f 1956 2052 1957
f 1957 2052 2053
f 1957 2053 1958
f 1958 2053 2054
f 1958 2054 1959
f 1959 2054 2055
f 1959 2055 1960
f 1960 2055 2056
f 1960 2056 1961
f 1961 2056 2057
f 1961 2057 1962
f 1962 2057 2058
f 1962 2058 1963
f 1963 2058 2059
f 1963 2059 1964
f 1964 2059 2060
f 1964 2060 1965
f 1965 2060 2061
f 1965 2061 1966
f 1966 2061 2062
f 1966 2062 1967
f 1967 2062 2063
f 1967 2063 1968
f 1968 2063 2064
f 1968 2064 1969
f 1969 2064 2065
f 1969 2065 1970
f 1970 2065 2066
f 1970 2066 1971
f 1971 2066 2067
f 1971 2067 1972
f 1972 2067 2068
f 1972 2068 1973
f 1973 2068 2069
f 1973 2069 1974
f 1974 2069 2070
f 1974 2070 1975
f 1975 2070 2071
f 1975 2071 1976
f 1976 2071 2072
f 1976 2072 1977
f 1977 2072 2073
f 1977 2073 1978
f 1978 2073 2074
f 1978 2074 1979
f 1979 2074 2075
f 1979 2075 1980
f 1980 2075 2076
f 1980 2076 1981
f 1981 2076 2077
f 1981 2077 1982
f 1982 2077 2078
f 1982 2078 1983
f 1983 2078 2079
f 1983 2079 1984
f 1984 2079 2080
f 1984 2080 1985
f 1985 2080 2081
f 1985 2081 1986
f 1986 2081 2082
f 1986 2082 1987
f 1987 2082 2083
f 1987 2083 1988
f 1988 2083 2084
f 1988 2084 1989
f 1989 2084 2085
f 1989 2085 1990
f 1990 2085 2086
f 1990 2086 1991
f 1991 2086 2087
f 1991 2087 1992
f 1992 2087 2088
f 1992 2088 1993
f 1993 2088 2089
f 1993 2089 1994
f 1994 2089 2090
f 1994 2090 1995
f 1995 2090 2091
f 1995 2091 1996
f 1996 2091 2092
f 1996 2092 1997
f 1997 2092 2093
f 1997 2093 1998
f 1998 2093 2094
f 1998 2094 1999
f 1999 2094 2095
f 1999 2095 2000
f 2000 2095 2096
f 2000 2096 2001
f 2001 2096 2097
f 2001 2097 2002
f 2002 2097 2098
f 2002 2098 2003
f 2003 2098 2099
f 2003 2099 2004
f 2004 2099 2100
f 2004 2100 2005
f 2005 2100 2101
f 2005 2101 2006
f 2006 2101 2102
f 2006 2102 2007
f 2007 2102 2103
f 2007 2103 2008
f 2008 2103 2104
f 2008 2104 2009
f 2009 2104 2105
f 2009 2105 2010
f 2010 2105 2106
f 2010 2106 2011
f 2011 2106 2107
f 2011 2107 2012
f 2012 2107 2108
f 2012 2108 2013
f 2013 2108 2109
f 2013 2109 2014
f 2014 2109 2110
f 2014 2110 2015
f 2015 2110 2111
f 2015 2111 2016
f 2016 2111 2112
f 2016 2112 2017
f 2017 2112 2113
f 2017 2113 2018
f 2018 2113 2114
f 2018 2114 1923
f 1923 2114 2019
f 2019 2115 2020
f 2020 2115 2116
f 2020 2116 2021
f 2021 2116 2117
f 2021 2117 2022
f 2022 2117 2118
f 2022 2118 2023
f 2023 2118 2119
f 2023 2119 2024
f 2024 2119 2120
f 2024 2120 2025
f 2025 2120 2121
f 2025 2121 2026
f 2026 2121 2122
f 2026 2122 2027
f 2027 2122 2123
f 2027 2123 2028
f 2028 2123 2124
f 2028 2124 2029
f 2029 2124 2125
f 2029 2125 2030
f 2030 2125 2126
f 2030 2126 2031
f 2031 2126 2127
f 2031 2127 2032
f 2032 2127 2128
f 2032 2128 2033
f 2033 2128 2129
f 2033 2129 2034
f 2034 2129 2130
f 2034 2130 2035
f 2035 2130 2131
f 2035 2131 2036
f 2036 2131 2132
f 2036 2132 2037
f 2037 2132 2133
f 2037 2133 2038
f 2038 2133 2134
f 2038 2134 2039
f 2039 2134 2135
f 2039 2135 2040
f 2040 2135 2136
f 2040 2136 2041
f 2041 2136 2137
f 2041 2137 2042
f 2042 2137 2138
f 2042 2138 2043
f 2043 2138 2139
f 2043 2139 2044
f 2044 2139 2140
f 2044 2140 2045
f 2045 2140 2141
f 2045 2141 2046
f 2046 2141 2142
f 2046 2142 2047
f 2047 2142 2143
f 2047 2143 2048
f 2048 2143 2144
f 2048 2144 2049
f 2049 2144 2145
f 2049 2145 2050
f 2050 2145 2146
f 2050 2146 2051
f 2051 2146 2147
f 2051 2147 2052
f 2052 2147 2148
f 2052 2148 2053
f 2053 2148 2149
f 2053 2149 2054
f 2054 2149 2150
f 2054 2150 2055
f 2055 2150 2151
f 2055 2151 2056
f 2056 2151 2152
f 2056 2152 2057
f 2057 2152 2153
f 2057 2153 2058
f 2058 2153 2154
f 2058 2154 2059
f 2059 2154 2155
f 2059 2155 2060
f 2060 2155 2156
f 2060 2156 2061
f 2061 2156 2157
f 2061 2157 2062
f 2062 2157 2158
f 2062 2158 2063
f 2063 2158 2159
f 2063 2159 2064
f 2064 2159 2160
f 2064 2160 2065
f 2065 2160 2161
f 2065 2161 2066
f 2066 2161 2162
f 2066 2162 2067
f 2067 2162 2163
f 2067 2163 2068
f 2068 2163 2164
f 2068 2164 2069
f 2069 2164 2165
f 2069 2165 2070
f 2070 2165 2166
f 2070 2166 2071
f 2071 2166 2167
f 2071 2167 2072
f 2072 2167 2168
f 2072 2168 2073
f 2073 2168 2169
f 2073 2169 2074
f 2074 2169 2170
f 2074 2170 2075
f 2075 2170 2171
f 2075 2171 2076
f 2076 2171 2172
f 2076 2172 2077
f 2077 2172 2173
f 2077 2173 2078
f 2078 2173 2174
f 2078 2174 2079
f 2079 2174 2175
f 2079 2175 2080
f 2080 2175 2176
f 2080 2176 2081
f 2081 2176 2177
f 2081 2177 2082
f 2082 2177 2178
f 2082 2178 2083
f 2083 2178 2179
f 2083 2179 2084
f 2084 2179 2180
f 2084 2180 2085
f 2085 2180 2181
f 2085 2181 2086
f 2086 2181 2182
f 2086 2182 2087
f 2087 2182 2183
f 2087 2183 2088
f 2088 2183 2184
f 2088 2184 2089
f 2089 2184 2185
f 2089 2185 2090
f 2090 2185 2186
f 2090 2186 2091
f 2091 2186 2187
f 2091 2187 2092
f 2092 2187 2188
f 2092 2188 2093
f 2093 2188 2189
f 2093 2189 2094
f 2094 2189 2190
f 2094 2190 2095
f 2095 2190 2191
f 2095 2191 2096
f 2096 2191 2192
f 2096 2192 2097
f 2097 2192 2193
f 2097 2193 2098
f 2098 2193 2194
f 2098 2194 2099
f 2099 2194 2195
f 2099 2195 2100
f 2100 2195 2196
f 2100 2196 2101
f 2101 2196 2197
f 2101 2197 2102
f 2102 2197 2198
f 2102 2198 2103
f 2103 2198 2199
f 2103 2199 2104
f 2104 2199 2200
f 2104 2200 2105
f 2105 2200 2201
f 2105 2201 2106
f 2106 2201 2202
f 2106 2202 2107
f 2107 2202 2203
f 2107 2203 2108
f 2108 2203 2204
f 2108 2204 2109
f 2109 2204 2205
f 2109 2205 2110
f 2110 2205 2206
f 2110 2206 2111
f 2111 2206 2207
f 2111 2207 2112
f 2112 2207 2208
f 2112 2208 2113
f 2113 2208 2209
f 2113 2209 2114
f 2114 2209 2210
f 2114 2210 2019
f 2019 2210 2115
f 2115 2211 2116
f 2116 2211 2212
f 2116 2212 2117
f 2117 2212 2213
f 2117 2213 2118
f 2118 2213 2214
f 2118 2214 2119
f 2119 2214 2215
f 2119 2215 2120
f 2120 2215 2216
f 2120 2216 2121
f 2121 2216 2217
f 2121 2217 2122
f 2122 2217 2218
f 2122 2218 2123
f 2123 2218 2219
f 2123 2219 2124
f 2124 2219 2220
f 2124 2220 2125
f 2125 2220 2221
f 2125 2221 2126
f 2126 2221 2222
f 2126 2222 2127
f 2127 2222 2223
f 2127 2223 2128
f 2128 2223 2224
f 2128 2224 2129
f 2129 2224 2225
f 2129 2225 2130
f 2130 2225 2226
f 2130 2226 2131
f 2131 2226 2227
f 2131 2227 2132
f 2132 2227 2228
f 2132 2228 2133
f 2133 2228 2229
f 2133 2229 2134
f 2134 2229 2230
f 2134 2230 2135
f 2135 2230 2231
f 2135 2231 2136
f 2136 2231 2232
f 2136 2232 2137
f 2137 2232 2233
f 2137 2233 2138
f 2138 2233 2234
f 2138 2234 2139
f 2139 2234 2235
f 2139 2235 2140
f 2140 2235 2236
f 2140 2236 2141
f 2141 2236 2237
f 2141 2237 2142
f 2142 2237 2238
f 2142 2238 2143
f 2143 2238 2239
f 2143 2239 2144
f 2144 2239 2240
f 2144 2240 2145
f 2145 2240 2241
f 2145 2241 2146
f 2146 2241 2242
f 2146 2242 2147
f 2147 2242 2243
f 2147 2243 2148
f 2148 2243 2244
f 2148 2244 2149
f 2149 2244 2245
f 2149 2245 2150
f 2150 2245 2246
f 2150 2246 2151
f 2151 2246 2247
f 2151 2247 2152
f 2152 2247 2248
f 2152 2248 2153
f 2153 2248 2249
f 2153 2249 2154
f 2154 2249 2250
f 2154 2250 2155
f 2155 2250 2251
f 2155 2251 2156
f 2156 2251 2252
f 2156 2252 2157
f 2157 2252 2253
f 2157 2253 2158
f 2158 2253 2254
f 2158 2254 2159
f 2159 2254 2255
f 2159 2255 2160
f 2160 2255 2256
f 2160 2256 2161
f 2161 2256 2257
f 2161 2257 2162
f 2162 2257 2258
f 2162 2258 2163
f 2163 2258 2259
f 2163 2259 2164
f 2164 2259 2260
f 2164 2260 2165
f 2165 2260 2261
f 2165 2261 2166
f 2166 2261 2262
f 2166 2262 2167
f 2167 2262 2263
f 2167 2263 2168
f 2168 2263 2264
f 2168 2264 2169
f 2169 2264 2265
f 2169 2265 2170
f 2170 2265 2266
f 2170 2266 2171
f 2171 2266 2267
f 2171 2267 2172
f 2172 2267 2268
f 2172 2268 2173
f 2173 2268 2269
f 2173 2269 2174
f 2174 2269 2270
f 2174 2270 2175
f 2175 2270 2271
f 2175 2271 2176
f 2176 2271 2272
f 2176 2272 2177
f 2177 2272 2273
f 2177 2273 2178
f 2178 2273 2274
f 2178 2274 2179
f 2179 2274 2275
f 2179 2275 2180
f 2180 2275 2276
f 2180 2276 2181
f 2181 2276 2277
f 2181 2277 2182
f 2182 2277 2278
f 2182 2278 2183
f 2183 2278 2279
f 2183 2279 2184
f 2184 2279 2280
f 2184 2280 2185
f 2185 2280 2281
f 2185 2281 2186
f 2186 2281 2282
f 2186 2282 2187
f 2187 2282 2283
f 2187 2283 2188
f 2188 2283 2284
f 2188 2284 2189
f 2189 2284 2285
f 2189 2285 2190
f 2190 2285 2286
f 2190 2286 2191
f 2191 2286 2287
f 2191 2287 2192
f 2192 2287 2288
f 2192 2288 2193
f 2193 2288 2289
f 2193 2289 2194
f 2194 2289 2290
f 2194 2290 2195
f 2195 2290 2291
f 2195 2291 2196
f 2196 2291 2292
f 2196 2292 2197
f 2197 2292 2293
f 2197 2293 2198
f 2198 2293 2294
f 2198 2294 2199
f 2199 2294 2295
f 2199 2295 2200
f 2200 2295 2296
f 2200 2296 2201
f 2201 2296 2297
f 2201 2297 2202
f 2202 2297 2298
f 2202 2298 2203
f 2203 2298 2299
f 2203 2299 2204
f 2204 2299 2300
f 2204 2300 2205
f 2205 2300 2301
f 2205 2301 2206
f 2206 2301 2302
f 2206 2302 2207
f 2207 2302 2303
f 2207 2303 2208
f 2208 2303 2304
f 2208 2304 2209
f 2209 2304 2305
f 2209 2305 2210
f 2210 2305 2306
f 2210 2306 2115
f 2115 2306 2211
f 2211 2307 2212
f 2212 2307 2308
f 2212 2308 2213
f 2213 2308 2309
f 2213 2309 2214
f 2214 2309 2310
f 2214 2310 2215
f 2215 2310 2311
f 2215 2311 2216
f 2216 2311 2312
f 2216 2312 2217
f 2217 2312 2313
f 2217 2313 2218
f 2218 2313 2314
f 2218 2314 2219
f 2219 2314 2315
f 2219 2315 2220
f 2220 2315 2316
f 2220 2316 2221
f 2221 2316 2317
f 2221 2317 2222
f 2222 2317 2318
f 2222 2318 2223
f 2223 2318 2319
f 2223 2319 2224
f 2224 2319 2320
f 2224 2320 2225
f 2225 2320 2321
f 2225 2321 2226
f 2226 2321 2322
f 2226 2322 2227
f 2227 2322 2323
f 2227 2323 2228
f 2228 2323 2324
f 2228 2324 2229
f 2229 2324 2325
f 2229 2325 2230
f 2230 2325 2326
f 2230 2326 2231
f 2231 2326 2327
f 2231 2327 2232
f 2232 2327 2328
f 2232 2328 2233
f 2233 2328 2329
f 2233 2329 2234
f 2234 2329 2330
f 2234 2330 2235
f 2235 2330 2331
f 2235 2331 2236
f 2236 2331 2332
f 2236 2332 2237
f 2237 2332 2333
f 2237 2333 2238
f 2238 2333 2334
f 2238 2334 2239
f 2239 2334 2335
f 2239 2335 2240
f 2240 2335 2336
f 2240 2336 2241
f 2241 2336 2337
f 2241 2337 2242
f 2242 2337 2338
f 2242 2338 2243
f 2243 2338 2339
f 2243 2339 2244
f 2244 2339 2340
f 2244 2340 2245
f 2245 2340 2341
f 2245 2341 2246
f 2246 2341 2342
f 2246 2342 2247
f 2247 2342 2343
f 2247 2343 2248
f 2248 2343 2344
f 2248 2344 2249
f 2249 2344 2345
f 2249 2345 2250
f 2250 2345 2346
f 2250 2346 2251
f 2251 2346 2347
f 2251 2347 2252
f 2252 2347 2348
f 2252 2348 2253
f 2253 2348 2349
f 2253 2349 2254
f 2254 2349 2350
f 2254 2350 2255
f 2255 2350 2351
f 2255 2351 2256
f 2256 2351 2352
f 2256 2352 2257
f 2257 2352 2353
f 2257 2353 2258
f 2258 2353 2354
f 2258 2354 2259
f 2259 2354 2355
f 2259 2355 2260
f 2260 2355 2356
f 2260 2356 2261
f 2261 2356 2357
f 2261 2357 2262
f 2262 2357 2358
f 2262 2358 2263
f 2263 2358 2359
f 2263 2359 2264
f 2264 2359 2360
f 2264 2360 2265
f 2265 2360 2361
f 2265 2361 2266
f 2266 2361 2362
f 2266 2362 2267
f 2267 2362 2363
f 2267 2363 2268
f 2268 2363 2364
f 2268 2364 2269
f 2269 2364 2365
f 2269 2365 2270
f 2270 2365 2366
f 2270 2366 2271
f 2271 2366 2367
f 2271 2367 2272
f 2272 2367 2368
f 2272 2368 2273
f 2273 2368 2369
f 2273 2369 2274
f 2274 2369 2370
f 2274 2370 2275
f 2275 2370 2371
f 2275 2371 2276
f 2276 2371 2372
f 2276 2372 2277
f 2277 2372 2373
f 2277 2373 2278
f 2278 2373 2374
f 2278 2374 2279
f 2279 2374 2375
f 2279 2375 2280
f 2280 2375 2376
f 2280 2376 2281
f 2281 2376 2377
f 2281 2377 2282
f 2282 2377 2378
f 2282 2378 2283
f 2283 2378 2379
f 2283 2379 2284
f 2284 2379 2380
f 2284 2380 2285
f 2285 2380 2381
f 2285 2381 2286
f 2286 2381 2382
f 2286 2382 2287
f 2287 2382 2383
f 2287 2383 2288
f 2288 2383 2384
f 2288 2384 2289
f 2289 2384 2385
f 2289 2385 2290
f 2290 2385 2386
f 2290 2386 2291
f 2291 2386 2387
f 2291 2387 2292
f 2292 2387 2388
f 2292 2388 2293
f 2293 2388 2389
f 2293 2389 2294
f 2294 2389 2390
f 2294 2390 2295
f 2295 2390 2391
f 2295 2391 2296
f 2296 2391 2392
f 2296 2392 2297
f 2297 2392 2393
f 2297 2393 2298
f 2298 2393 2394
f 2298 2394 2299
f 2299 2394 2395
f 2299 2395 2300
f 2300 2395 2396
f 2300 2396 2301
f 2301 2396 2397
f 2301 2397 2302
f 2302 2397 2398
f 2302 2398 2303
f 2303 2398 2399
f 2303 2399 2304
f 2304 2399 2400
f 2304 2400 2305
f 2305 2400 2401
f 2305 2401 2306
f 2306 2401 2402
f 2306 2402 2211
f 2211 2402 2307
f 2307 2403 2308
f 2308 2403 2404
f 2308 2404 2309
f 2309 2404 2405
f 2309 2405 2310
f 2310 2405 2406
f 2310 2406 2311
f 2311 2406 2407
f 2311 2407 2312
f 2312 2407 2408
f 2312 2408 2313
f 2313 2408 2409
f 2313 2409 2314
f 2314 2409 2410
f 2314 2410 2315
f 2315 2410 2411
f 2315 2411 2316
f 2316 2411 2412
f 2316 2412 2317
f 2317 2412 2413
f 2317 2413 2318
f 2318 2413 2414
f 2318 2414 2319
f 2319 2414 2415
f 2319 2415 2320
f 2320 2415 2416
f 2320 2416 2321
f 2321 2416 2417
f 2321 2417 2322
f 2322 2417 2418
f 2322 2418 2323
f 2323 2418 2419
f 2323 2419 2324
f 2324 2419 2420
f 2324 2420 2325
f 2325 2420 2421
f 2325 2421 2326
f 2326 2421 2422
f 2326 2422 2327
f 2327 2422 2423
f 2327 2423 2328
f 2328 2423 2424
f 2328 2424 2329
f 2329 2424 2425
f 2329 2425 2330
f 2330 2425 2426
f 2330 2426 2331
f 2331 2426 2427
f 2331 2427 2332
f 2332 2427 2428
f 2332 2428 2333
f 2333 2428 2429
f 2333 2429 2334
f 2334 2429 2430
f 2334 2430 2335
f 2335 2430 2431
f 2335 2431 2336
f 2336 2431 2432
f 2336 2432 2337
f 2337 2432 2433
f 2337 2433 2338
f 2338 2433 2434
f 2338 2434 2339
f 2339 2434 2435
f 2339 2435 2340
f 2340 2435 2436
f 2340 2436 2341
f 2341 2436 2437
f 2341 2437 2342
f 2342 2437 2438
f 2342 2438 2343
f 2343 2438 2439
f 2343 2439 2344
f 2344 2439 2440
f 2344 2440 2345
f 2345 2440 2441
f 2345 2441 2346
f 2346 2441 2442
f 2346 2442 2347
f 2347 2442 2443
f 2347 2443 2348
f 2348 2443 2444
f 2348 2444 2349
f 2349 2444 2445
f 2349 2445 2350
f 2350 2445 2446
f 2350 2446 2351
f 2351 2446 2447
f 2351 2447 2352
f 2352 2447 2448
f 2352 2448 2353
f 2353 2448 2449
f 2353 2449 2354
f 2354 2449 2450
f 2354 2450 2355
f 2355 2450 2451
f 2355 2451 2356
f 2356 2451 2452
f 2356 2452 2357
f 2357 2452 2453
f 2357 2453 2358
f 2358 2453 2454
f 2358 2454 2359
f 2359 2454 2455
f 2359 2455 2360
f 2360 2455 2456
f 2360 2456 2361
f 2361 2456 2457
f 2361 2457 2362
f 2362 2457 2458
f 2362 2458 2363
f 2363 2458 2459
f 2363 2459 2364
f 2364 2459 2460
f 2364 2460 2365
f 2365 2460 2461
f 2365 2461 2366
f 2366 2461 2462
f 2366 2462 2367
f 2367 2462 2463
f 2367 2463 2368
f 2368 2463 2464
f 2368 2464 2369
f 2369 2464 2465
f 2369 2465 2370
f 2370 2465 2466
f 2370 2466 2371
f 2371 2466 2467
f 2371 2467 2372
f 2372 2467 2468
f 2372 2468 2373
f 2373 2468 2469
f 2373 2469 2374
f 2374 2469 2470
f 2374 2470 2375
f 2375 2470 2471
f 2375 2471 2376
f 2376 2471 2472
f 2376 2472 2377
f 2377 2472 2473
f 2377 2473 2378
f 2378 2473 2474
f 2378 2474 2379
f 2379 2474 2475
f 2379 2475 2380
f 2380 2475 2476
f 2380 2476 2381
f 2381 2476 2477
f 2381 2477 2382
f 2382 2477 2478
f 2382 2478 2383
f 2383 2478 2479
f 2383 2479 2384
f 2384 2479 2480
f 2384 2480 2385
f 2385 2480 2481
f 2385 2481 2386
f 2386 2481 2482
f 2386 2482 2387
f 2387 2482 2483
f 2387 2483 2388
f 2388 2483 2484
f 2388 2484 2389
f 2389 2484 2485
f 2389 2485 2390
f 2390 2485 2486
f 2390 2486 2391
f 2391 2486 2487
f 2391 2487 2392
f 2392 2487 2488
f 2392 2488 2393
f 2393 2488 2489
f 2393 2489 2394
f 2394 2489 2490
f 2394 2490 2395
f 2395 2490 2491
f 2395 2491 2396
f 2396 2491 2492
f 2396 2492 2397
f 2397 2492 2493
f 2397 2493 2398
f 2398 2493 2494
f 2398 2494 2399
f 2399 2494 2495
f 2399 2495 2400
f 2400 2495 2496
f 2400 2496 2401
f 2401 2496 2497
f 2401 2497 2402
f 2402 2497 2498
f 2402 2498 2307
f 2307 2498 2403
f 2403 2499 2404
f 2404 2499 2500
f 2404 2500 2405
f 2405 2500 2501
f 2405 2501 2406
f 2406 2501 2502
f 2406 2502 2407
f 2407 2502 2503
f 2407 2503 2408
f 2408 2503 2504
f 2408 2504 2409
f 2409 2504 2505
f 2409 2505 2410
f 2410 2505 2506
f 2410 2506 2411
f 2411 2506 2507
f 2411 2507 2412
f 2412 2507 2508
f 2412 2508 2413
f 2413 2508 2509
f 2413 2509 2414
f 2414 2509 2510
f 2414 2510 2415
f 2415 2510 2511
f 2415 2511 2416
f 2416 2511 2512
f 2416 2512 2417
f 2417 2512 2513
f 2417 2513 2418
f 2418 2513 2514
f 2418 2514 2419
f 2419 2514 2515
f 2419 2515 2420
f 2420 2515 2516
f 2420 2516 2421
f 2421 2516 2517
f 2421 2517 2422
f 2422 2517 2518
f 2422 2518 2423
f 2423 2518 2519
f 2423 2519 2424
f 2424 2519 2520
f 2424 2520 2425
f 2425 2520 2521
f 2425 2521 2426
f 2426 2521 2522
f 2426 2522 2427
f 2427 2522 2523
f 2427 2523 2428
f 2428 2523 2524
f 2428 2524 2429
f 2429 2524 2525
f 2429 2525 2430
f 2430 2525 2526
f 2430 2526 2431
f 2431 2526 2527
f 2431 2527 2432
f 2432 2527 2528
f 2432 2528 2433
f 2433 2528 2529
f 2433 2529 2434
f 2434 2529 2530
f 2434 2530 2435
f 2435 2530 2531
f 2435 2531 2436
f 2436 2531 2532
f 2436 2532 2437
f 2437 2532 2533
f 2437 2533 2438
f 2438 2533 2534
f 2438 2534 2439
f 2439 2534 2535
f 2439 2535 2440
f 2440 2535 2536
f 2440 2536 2441
f 2441 2536 2537
f 2441 2537 2442
f 2442 2537 2538
f 2442 2538 2443
f 2443 2538 2539
f 2443 2539 2444
f 2444 2539 2540
f 2444 2540 2445
f 2445 2540 2541
f 2445 2541 2446
f 2446 2541 2542
f 2446 2542 2447
f 2447 2542 2543
f 2447 2543 2448
f 2448 2543 2544
f 2448 2544 2449
f 2449 2544 2545
f 2449 2545 2450
f 2450 2545 2546
f 2450 2546 2451
f 2451 2546 2547
f 2451 2547 2452
f 2452 2547 2548
f 2452 2548 2453
f 2453 2548 2549
f 2453 2549 2454
f 2454 2549 2550
f 2454 2550 2455
f 2455 2550 2551
f 2455 2551 2456
f 2456 2551 2552
f 2456 2552 2457
f 2457 2552 2553
f 2457 2553 2458
f 2458 2553 2554
f 2458 2554 2459
f 2459 2554 2555
f 2459 2555 2460
f 2460 2555 2556
f 2460 2556 2461
f 2461 2556 2557
f 2461 2557 2462
f 2462 2557 2558
f 2462 2558 2463
f 2463 2558 2559
f 2463 2559 2464
f 2464 2559 2560
f 2464 2560 2465
f 2465 2560 2561
f 2465 2561 2466
f 2466 2561 2562
f 2466 2562 2467
f 2467 2562 2563
f 2467 2563 2468
f 2468 2563 2564
f 2468 2564 2469
f 2469 2564 2565
f 2469 2565 2470
f 2470 2565 2566
f 2470 2566 2471
f 2471 2566 2567
f 2471 2567 2472
f 2472 2567 2568
f 2472 2568 2473
f 2473 2568 2569
f 2473 2569 2474
f 2474 2569 2570
f 2474 2570 2475
f 2475 2570 2571
f 2475 2571 2476
f 2476 2571 2572
f 2476 2572 2477
f 2477 2572 2573
f 2477 2573 2478
f 2478 2573 2574
f 2478 2574 2479
f 2479 2574 2575
f 2479 2575 2480
f 2480 2575 2576
f 2480 2576 2481
f 2481 2576 2577
f 2481 2577 2482
f 2482 2577 2578
f 2482 2578 2483
f 2483 2578 2579
f 2483 2579 2484
f 2484 2579 2580
f 2484 2580 2485
f 2485 2580 2581
f 2485 2581 2486
f 2486 2581 2582
f 2486 2582 2487
f 2487 2582 2583
f 2487 2583 2488
f 2488 2583 2584
f 2488 2584 2489
f 2489 2584 2585
f 2489 2585 2490
f 2490 2585 2586
f 2490 2586 2491
f 2491 2586 2587
f 2491 2587 2492
f 2492 2587 2588
f 2492 2588 2493
f 2493 2588 2589
f 2493 2589 2494
f 2494 2589 2590
f 2494 2590 2495
f 2495 2590 2591
f 2495 2591 2496
f 2496 2591 2592
f 2496 2592 2497
f 2497 2592 2593
f 2497 2593 2498
f 2498 2593 2594
f 2498 2594 2403
f 2403 2594 2499
f 2499 2595 2500
f 2500 2595 2596
f 2500 2596 2501
f 2501 2596 2597
f 2501 2597 2502
f 2502 2597 2598
f 2502 2598 2503
f 2503 2598 2599
f 2503 2599 2504
f 2504 2599 2600
f 2504 2600 2505
f 2505 2600 2601
f 2505 2601 2506
f 2506 2601 2602
f 2506 2602 2507
f 2507 2602 2603
f 2507 2603 2508
f 2508 2603 2604
f 2508 2604 2509
f 2509 2604 2605
f 2509 2605 2510
f 2510 2605 2606
f 2510 2606 2511
f 2511 2606 2607
f 2511 2607 2512
f 2512 2607 2608
f 2512 2608 2513
f 2513 2608 2609
f 2513 2609 2514
f 2514 2609 2610
f 2514 2610 2515
f 2515 2610 2611
f 2515 2611 2516
f 2516 2611 2612
f 2516 2612 2517
f 2517 2612 2613
f 2517 2613 2518
f 2518 2613 2614
f 2518 2614 2519
f 2519 2614 2615
f 2519 2615 2520
f 2520 2615 2616
f 2520 2616 2521
f 2521 2616 2617
f 2521 2617 2522
f 2522 2617 2618
f 2522 2618 2523
f 2523 2618 2619
f 2523 2619 2524
f 2524 2619 2620
f 2524 2620 2525
f 2525 2620 2621
f 2525 2621 2526
f 2526 2621 2622
f 2526 2622 2527
f 2527 2622 2623
f 2527 2623 2528
f 2528 2623 2624
f 2528 2624 2529
f 2529 2624 2625
f 2529 2625 2530
f 2530 2625 2626
f 2530 2626 2531
f 2531 2626 2627
f 2531 2627 2532
f 2532 2627 2628
f 2532 2628 2533
f 2533 2628 2629
f 2533 2629 2534
f 2534 2629 2630
f 2534 2630 2535
f 2535 2630 2631
f 2535 2631 2536
f 2536 2631 2632
f 2536 2632 2537
f 2537 2632 2633
f 2537 2633 2538
f 2538 2633 2634
f 2538 2634 2539
f 2539 2634 2635
f 2539 2635 2540
f 2540 2635 2636
f 2540 2636 2541
f 2541 2636 2637
f 2541 2637 2542
f 2542 2637 2638
f 2542 2638 2543
f 2543 2638 2639
f 2543 2639 2544
f 2544 2639 2640
f 2544 2640 2545
f 2545 2640 2641
f 2545 2641 2546
f 2546 2641 2642
f 2546 2642 2547
f 2547 2642 2643
f 2547 2643 2548
f 2548 2643 2644
f 2548 2644 2549
f 2549 2644 2645
f 2549 2645 2550
f 2550 2645 2646
f 2550 2646 2551
f 2551 2646 2647
f 2551 2647 2552
f 2552 2647 2648
f 2552 2648 2553
f 2553 2648 2649
f 2553 2649 2554
f 2554 2649 2650
f 2554 2650 2555
f 2555 2650 2651
f 2555 2651 2556
f 2556 2651 2652
f 2556 2652 2557
f 2557 2652 2653
f 2557 2653 2558
f 2558 2653 2654
f 2558 2654 2559
f 2559 2654 2655
f 2559 2655 2560
f 2560 2655 2656
f 2560 2656 2561
f 2561 2656 2657
f 2561 2657 2562
f 2562 2657 2658
f 2562 2658 2563
f 2563 2658 2659
f 2563 2659 2564
f 2564 2659 2660
f 2564 2660 2565
f 2565 2660 2661
f 2565 2661 2566
f 2566 2661 2662
f 2566 2662 2567
f 2567 2662 2663
f 2567 2663 2568
f 2568 2663 2664
f 2568 2664 2569
f 2569 2664 2665
f 2569 2665 2570
f 2570 2665 2666
f 2570 2666 2571
f 2571 2666 2667
f 2571 2667 2572
f 2572 2667 2668
f 2572 2668 2573
f 2573 2668 2669
f 2573 2669 2574
f 2574 2669 2670
f 2574 2670 2575
f 2575 2670 2671
f 2575 2671 2576
f 2576 2671 2672
f 2576 2672 2577
f 2577 2672 2673
f 2577 2673 2578
f 2578 2673 2674
f 2578 2674 2579
f 2579 2674 2675
f 2579 2675 2580
f 2580 2675 2676
f 2580 2676 2581
f 2581 2676 2677
f 2581 2677 2582
f 2582 2677 2678
f 2582 2678 2583
f 2583 2678 2679
f 2583 2679 2584
f 2584 2679 2680
f 2584 2680 2585
f 2585 2680 2681
f 2585 2681 2586
f 2586 2681 2682
f 2586 2682 2587
f 2587 2682 2683
f 2587 2683 2588
f 2588 2683 2684
f 2588 2684 2589
f 2589 2684 2685
f 2589 2685 2590
f 2590 2685 2686
f 2590 2686 2591
f 2591 2686 2687
f 2591 2687 2592
f 2592 2687 2688
f 2592 2688 2593
f 2593 2688 2689
f 2593 2689 2594
f 2594 2689 2690
f 2594 2690 2499
f 2499 2690 2595
f 2595 2691 2596
f 2596 2691 2692
f 2596 2692 2597
f 2597 2692 2693
f 2597 2693 2598
f 2598 2693 2694
f 2598 2694 2599
f 2599 2694 2695
f 2599 2695 2600
f 2600 2695 2696
f 2600 2696 2601
f 2601 2696 2697
f 2601 2697 2602
f 2602 2697 2698
f 2602 2698 2603
f 2603 2698 2699
f 2603 2699 2604
f 2604 2699 2700
f 2604 2700 2605
f 2605 2700 2701
f 2605 2701 2606
f 2606 2701 2702
f 2606 2702 2607
f 2607 2702 2703
f 2607 2703 2608
f 2608 2703 2704
f 2608 2704 2609
f 2609 2704 2705
f 2609 2705 2610
f 2610 2705 2706
f 2610 2706 2611
f 2611 2706 2707
f 2611 2707 2612
f 2612 2707 2708
f 2612 2708 2613
f 2613 2708 2709
f 2613 2709 2614
f 2614 2709 2710
f 2614 2710 2615
f 2615 2710 2711
f 2615 2711 2616
f 2616 2711 2712
f 2616 2712 2617
f 2617 2712 2713
f 2617 2713 2618
f 2618 2713 2714
f 2618 2714 2619
f 2619 2714 2715
f 2619 2715 2620
f 2620 2715 2716
f 2620 2716 2621
f 2621 2716 2717
f 2621 2717 2622
f 2622 2717 2718
f 2622 2718 2623
f 2623 2718 2719
f 2623 2719 2624
f 2624 2719 2720
f 2624 2720 2625
f 2625 2720 2721
f 2625 2721 2626
f 2626 2721 2722
f 2626 2722 2627
f 2627 2722 2723
f 2627 2723 2628
f 2628 2723 2724
f 2628 2724 2629
f 2629 2724 2725
f 2629 2725 2630
f 2630 2725 2726
f 2630 2726 2631
f 2631 2726 2727
f 2631 2727 2632
f 2632 2727 2728
f 2632 2728 2633
f 2633 2728 2729
f 2633 2729 2634
f 2634 2729 2730
f 2634 2730 2635
f 2635 2730 2731
f 2635 2731 2636
f 2636 2731 2732
f 2636 2732 2637
f 2637 2732 2733
f 2637 2733 2638
f 2638 2733 2734
f 2638 2734 2639
f 2639 2734 2735
f 2639 2735 2640
f 2640 2735 2736
f 2640 2736 2641
f 2641 2736 2737
f 2641 2737 2642
f 2642 2737 2738
f 2642 2738 2643
f 2643 2738 2739
f 2643 2739 2644
f 2644 2739 2740
f 2644 2740 2645
f 2645 2740 2741
f 2645 2741 2646
f 2646 2741 2742
f 2646 2742 2647
f 2647 2742 2743
f 2647 2743 2648
f 2648 2743 2744
f 2648 2744 2649
f 2649 2744 2745
f 2649 2745 2650
f 2650 2745 2746
f 2650 2746 2651
f 2651 2746 2747
f 2651 2747 2652
f 2652 2747 2748
f 2652 2748 2653
f 2653 2748 2749
f 2653 2749 2654
f 2654 2749 2750
f 2654 2750 2655
f 2655 2750 2751
f 2655 2751 2656
f 2656 2751 2752
f 2656 2752 2657
f 2657 2752 2753
f 2657 2753 2658
f 2658 2753 2754
f 2658 2754 2659
f 2659 2754 2755
f 2659 2755 2660
f 2660 2755 2756
f 2660 2756 2661
f 2661 2756 2757
f 2661 2757 2662
f 2662 2757 2758
f 2662 2758 2663
f 2663 2758 2759
f 2663 2759 2664
f 2664 2759 2760
f 2664 2760 2665
f 2665 2760 2761
f 2665 2761 2666
f 2666 2761 2762
f 2666 2762 2667
f 2667 2762 2763
f 2667 2763 2668
f 2668 2763 2764
f 2668 2764 2669
f 2669 2764 2765
f 2669 2765 2670
f 2670 2765 2766
f 2670 2766 2671
f 2671 2766 2767
f 2671 2767 2672
f 2672 2767 2768
f 2672 2768 2673
f 2673 2768 2769
f 2673 2769 2674
f 2674 2769 2770
f 2674 2770 2675
f 2675 2770 2771
f 2675 2771 2676
f 2676 2771 2772
f 2676 2772 2677
f 2677 2772 2773
f 2677 2773 2678
f 2678 2773 2774
f 2678 2774 2679
f 2679 2774 2775
f 2679 2775 2680
f 2680 2775 2776
f 2680 2776 2681
f 2681 2776 2777
f 2681 2777 2682
f 2682 2777 2778
f 2682 2778 2683
f 2683 2778 2779
f 2683 2779 2684
f 2684 2779 2780
f 2684 2780 2685
f 2685 2780 2781
f 2685 2781 2686
f 2686 2781 2782
f 2686 2782 2687
f 2687 2782 2783
f 2687 2783 2688
f 2688 2783 2784
f 2688 2784 2689
f 2689 2784 2785
f 2689 2785 2690
f 2690 2785 2786
f 2690 2786 2595
f 2595 2786 2691
f 2691 2787 2692
f 2692 2787 2788
f 2692 2788 2693
f 2693 2788 2789
f 2693 2789 2694
f 2694 2789 2790
f 2694 2790 2695
f 2695 2790 2791
f 2695 2791 2696
f 2696 2791 2792
f 2696 2792 2697
f 2697 2792 2793
f 2697 2793 2698
f 2698 2793 2794
f 2698 2794 2699
f 2699 2794 2795
f 2699 2795 2700
f 2700 2795 2796
f 2700 2796 2701
f 2701 2796 2797
f 2701 2797 2702
f 2702 2797 2798
f 2702 2798 2703
f 2703 2798 2799
f 2703 2799 2704
f 2704 2799 2800
f 2704 2800 2705
f 2705 2800 2801
f 2705 2801 2706
f 2706 2801 2802
f 2706 2802 2707
f 2707 2802 2803
f 2707 2803 2708
f 2708 2803 2804
f 2708 2804 2709
f 2709 2804 2805
f 2709 2805 2710
f 2710 2805 2806
f 2710 2806 2711
f 2711 2806 2807
f 2711 2807 2712
f 2712 2807 2808
f 2712 2808 2713
f 2713 2808 2809
f 2713 2809 2714
f 2714 2809 2810
f 2714 2810 2715
f 2715 2810 2811
f 2715 2811 2716
f 2716 2811 2812
f 2716 2812 2717
f 2717 2812 2813
f 2717 2813 2718
f 2718 2813 2814
f 2718 2814 2719
f 2719 2814 2815
f 2719 2815 2720
f 2720 2815 2816
f 2720 2816 2721
f 2721 2816 2817
f 2721 2817 2722
f 2722 2817 2818
f 2722 2818 2723
f 2723 2818 2819
f 2723 2819 2724
f 2724 2819 2820
f 2724 2820 2725
f 2725 2820 2821
f 2725 2821 2726
f 2726 2821 2822
f 2726 2822 2727
f 2727 2822 2823
f 2727 2823 2728
f 2728 2823 2824
f 2728 2824 2729
f 2729 2824 2825
f 2729 2825 2730
f 2730 2825 2826
f 2730 2826 2731
f 2731 2826 2827
f 2731 2827 2732
f 2732 2827 2828
f 2732 2828 2733
f 2733 2828 2829
f 2733 2829 2734
f 2734 2829 2830
f 2734 2830 2735
f 2735 2830 2831
f 2735 2831 2736
f 2736 2831 2832
f 2736 2832 2737
f 2737 2832 2833
f 2737 2833 2738
f 2738 2833 2834
f 2738 2834 2739
f 2739 2834 2835
f 2739 2835 2740
f 2740 2835 2836
f 2740 2836 2741
f 2741 2836 2837
f 2741 2837 2742
f 2742 2837 2838
f 2742 2838 2743
f 2743 2838 2839
f 2743 2839 2744
f 2744 2839 2840
f 2744 2840 2745
f 2745 2840 2841
f 2745 2841 2746
f 2746 2841 2842
f 2746 2842 2747
f 2747 2842 2843
f 2747 2843 2748
f 2748 2843 2844
f 2748 2844 2749
f 2749 2844 2845
f 2749 2845 2750
f 2750 2845 2846
f 2750 2846 2751
f 2751 2846 2847
f 2751 2847 2752
f 2752 2847 2848
f 2752 2848 2753
f 2753 2848 2849
f 2753 2849 2754
f 2754 2849 2850
f 2754 2850 2755
f 2755 2850 2851
f 2755 2851 2756
f 2756 2851 2852
f 2756 2852 2757
f 2757 2852 2853
f 2757 2853 2758
f 2758 2853 2854
f 2758 2854 2759
f 2759 2854 2855
f 2759 2855 2760
f 2760 2855 2856
f 2760 2856 2761
f 2761 2856 2857
f 2761 2857 2762
f 2762 2857 2858
f 2762 2858 2763
f 2763 2858 2859
f 2763 2859 2764
f 2764 2859 2860
f 2764 2860 2765
f 2765 2860 2861
f 2765 2861 2766
f 2766 2861 2862
f 2766 2862 2767
f 2767 2862 2863
f 2767 2863 2768
f 2768 2863 2864
f 2768 2864 2769
f 2769 2864 2865
f 2769 2865 2770
f 2770 2865 2866
f 2770 2866 2771
f 2771 2866 2867
f 2771 2867 2772
f 2772 2867 2868
f 2772 2868 2773
f 2773 2868 2869
f 2773 2869 2774
f 2774 2869 2870
f 2774 2870 2775
f 2775 2870 2871
f 2775 2871 2776
f 2776 2871 2872
f 2776 2872 2777
f 2777 2872 2873
f 2777 2873 2778
f 2778 2873 2874
f 2778 2874 2779
f 2779 2874 2875
f 2779 2875 2780
f 2780 2875 2876
f 2780 2876 2781
f 2781 2876 2877
f 2781 2877 2782
f 2782 2877 2878
f 2782 2878 2783
f 2783 2878 2879
f 2783 2879 2784
f 2784 2879 2880
f 2784 2880 2785
f 2785 2880 2881
f 2785 2881 2786
f 2786 2881 2882
f 2786 2882 2691
f 2691 2882 2787
f 2787 2883 2788
f 2788 2883 2884
f 2788 2884 2789
f 2789 2884 2885
f 2789 2885 2790
f 2790 2885 2886
f 2790 2886 2791
f 2791 2886 2887
f 2791 2887 2792
f 2792 2887 2888
f 2792 2888 2793
f 2793 2888 2889
f 2793 2889 2794
f 2794 2889 2890
f 2794 2890 2795
f 2795 2890 2891
f 2795 2891 2796
f 2796 2891 2892
f 2796 2892 2797
f 2797 2892 2893
f 2797 2893 2798
f 2798 2893 2894
f 2798 2894 2799
f 2799 2894 2895
f 2799 2895 2800
f 2800 2895 2896
f 2800 2896 2801
f 2801 2896 2897
f 2801 2897 2802
f 2802 2897 2898
f 2802 2898 2803
f 2803 2898 2899
f 2803 2899 2804
f 2804 2899 2900
f 2804 2900 2805
f 2805 2900 2901
f 2805 2901 2806
f 2806 2901 2902
f 2806 2902 2807
f 2807 2902 2903
f 2807 2903 2808
f 2808 2903 2904
f 2808 2904 2809
f 2809 2904 2905
f 2809 2905 2810
f 2810 2905 2906
f 2810 2906 2811
f 2811 2906 2907
f 2811 2907 2812
f 2812 2907 2908
f 2812 2908 2813
f 2813 2908 2909
f 2813 2909 2814
f 2814 2909 2910
f 2814 2910 2815
f 2815 2910 2911
f 2815 2911 2816
f 2816 2911 2912
f 2816 2912 2817
f 2817 2912 2913
f 2817 2913 2818
f 2818 2913 2914
f 2818 2914 2819
f 2819 2914 2915
f 2819 2915 2820
f 2820 2915 2916
f 2820 2916 2821
f 2821 2916 2917
f 2821 2917 2822
f 2822 2917 2918
f 2822 2918 2823
f 2823 2918 2919
f 2823 2919 2824
f 2824 2919 2920
f 2824 2920 2825
f 2825 2920 2921
f 2825 2921 2826
f 2826 2921 2922
f 2826 2922 2827
f 2827 2922 2923
f 2827 2923 2828
f 2828 2923 2924
f 2828 2924 2829
f 2829 2924 2925
f 2829 2925 2830
f 2830 2925 2926
f 2830 2926 2831
f 2831 2926 2927
f 2831 2927 2832
f 2832 2927 2928
f 2832 2928 2833
f 2833 2928 2929
f 2833 2929 2834
f 2834 2929 2930
f 2834 2930 2835
f 2835 2930 2931
f 2835 2931 2836
f 2836 2931 2932
f 2836 2932 2837
f 2837 2932 2933
f 2837 2933 2838
f 2838 2933 2934
f 2838 2934 2839
f 2839 2934 2935
f 2839 2935 2840
f 2840 2935 2936
f 2840 2936 2841
f 2841 2936 2937
f 2841 2937 2842
f 2842 2937 2938
f 2842 2938 2843
f 2843 2938 2939
f 2843 2939 2844
f 2844 2939 2940
f 2844 2940 2845
f 2845 2940 2941
f 2845 2941 2846
f 2846 2941 2942
f 2846 2942 2847
f 2847 2942 2943
f 2847 2943 2848
f 2848 2943 2944
f 2848 2944 2849
f 2849 2944 2945
f 2849 2945 2850
f 2850 2945 2946
f 2850 2946 2851
f 2851 2946 2947
f 2851 2947 2852
f 2852 2947 2948
f 2852 2948 2853
f 2853 2948 2949
f 2853 2949 2854
f 2854 2949 2950
f 2854 2950 2855
f 2855 2950 2951
f 2855 2951 2856
f 2856 2951 2952
f 2856 2952 2857
f 2857 2952 2953
f 2857 2953 2858
f 2858 2953 2954
f 2858 2954 2859
f 2859 2954 2955
f 2859 2955 2860
f 2860 2955 2956
f 2860 2956 2861
f 2861 2956 2957
f 2861 2957 2862
f 2862 2957 2958
f 2862 2958 2863
f 2863 2958 2959
f 2863 2959 2864
f 2864 2959 2960
f 2864 2960 2865
f 2865 2960 2961
f 2865 2961 2866
f 2866 2961 2962
f 2866 2962 2867
f 2867 2962 2963
f 2867 2963 2868
f 2868 2963 2964
f 2868 2964 2869
f 2869 2964 2965
f 2869 2965 2870
f 2870 2965 2966
f 2870 2966 2871
f 2871 2966 2967
f 2871 2967 2872
f 2872 2967 2968
f 2872 2968 2873
f 2873 2968 2969
f 2873 2969 2874
f 2874 2969 2970
f 2874 2970 2875
f 2875 2970 2971
f 2875 2971 2876
f 2876 2971 2972
f 2876 2972 2877
f 2877 2972 2973
f 2877 2973 2878
f 2878 2973 2974
f 2878 2974 2879
f 2879 2974 2975
f 2879 2975 2880
f 2880 2975 2976
f 2880 2976 2881
f 2881 2976 2977
f 2881 2977 2882
f 2882 2977 2978
f 2882 2978 2787
f 2787 2978 2883
f 2883 2979 2884
f 2884 2979 2980
f 2884 2980 2885
f 2885 2980 2981
f 2885 2981 2886
f 2886 2981 2982
f 2886 2982 2887
f 2887 2982 2983
f 2887 2983 2888
f 2888 2983 2984
f 2888 2984 2889
f 2889 2984 2985
f 2889 2985 2890
f 2890 2985 2986
f 2890 2986 2891
f 2891 2986 2987
f 2891 2987 2892
f 2892 2987 2988
f 2892 2988 2893
f 2893 2988 2989
f 2893 2989 2894
f 2894 2989 2990
f 2894 2990 2895
f 2895 2990 2991
f 2895 2991 2896
f 2896 2991 2992
f 2896 2992 2897
f 2897 2992 2993
f 2897 2993 2898
f 2898 2993 2994
f 2898 2994 2899
f 2899 2994 2995
f 2899 2995 2900
f 2900 2995 2996
f 2900 2996 2901
f 2901 2996 2997
f 2901 2997 2902
f 2902 2997 2998
f 2902 2998 2903
f 2903 2998 2999
f 2903 2999 2904
f 2904 2999 3000
f 2904 3000 2905
f 2905 3000 3001
f 2905 3001 2906
f 2906 3001 3002
f 2906 3002 2907
f 2907 3002 3003
f 2907 3003 2908
f 2908 3003 3004
f 2908 3004 2909
f 2909 3004 3005
f 2909 3005 2910
f 2910 3005 3006
f 2910 3006 2911
f 2911 3006 3007
f 2911 3007 2912
f 2912 3007 3008
f 2912 3008 2913
f 2913 3008 3009
f 2913 3009 2914
f 2914 3009 3010
f 2914 3010 2915
f 2915 3010 3011
f 2915 3011 2916
f 2916 3011 3012
f 2916 3012 2917
f 2917 3012 3013
f 2917 3013 2918
f 2918 3013 3014
f 2918 3014 2919
f 2919 3014 3015
f 2919 3015 2920
f 2920 3015 3016
f 2920 3016 2921
f 2921 3016 3017
f 2921 3017 2922
f 2922 3017 3018
f 2922 3018 2923
f 2923 3018 3019
f 2923 3019 2924
f 2924 3019 3020
f 2924 3020 2925
f 2925 3020 3021
f 2925 3021 2926
f 2926 3021 3022
f 2926 3022 2927
f 2927 3022 3023
f 2927 3023 2928
f 2928 3023 3024
f 2928 3024 2929
f 2929 3024 3025
f 2929 3025 2930
f 2930 3025 3026
f 2930 3026 2931
f 2931 3026 3027
f 2931 3027 2932
f 2932 3027 3028
f 2932 3028 2933
f 2933 3028 3029
f 2933 3029 2934
f 2934 3029 3030
f 2934 3030 2935
f 2935 3030 3031
f 2935 3031 2936
f 2936 3031 3032
f 2936 3032 2937
f 2937 3032 3033
f 2937 3033 2938
f 2938 3033 3034
f 2938 3034 2939
f 2939 3034 3035
f 2939 3035 2940
f 2940 3035 3036
f 2940 3036 2941
f 2941 3036 3037
f 2941 3037 2942
f 2942 3037 3038
f 2942 3038 2943
f 2943 3038 3039
f 2943 3039 2944
f 2944 3039 3040
f 2944 3040 2945
f 2945 3040 3041
f 2945 3041 2946
f 2946 3041 3042
f 2946 3042 2947
f 2947 3042 3043
f 2947 3043 2948
f 2948 3043 3044
f 2948 3044 2949
f 2949 3044 3045
f 2949 3045 2950
f 2950 3045 3046
f 2950 3046 2951
f 2951 3046 3047
f 2951 3047 2952
f 2952 3047 3048
f 2952 3048 2953
f 2953 3048 3049
f 2953 3049 2954
f 2954 3049 3050
f 2954 3050 2955
f 2955 3050 3051
f 2955 3051 2956
f 2956 3051 3052
f 2956 3052 2957
f 2957 3052 3053
f 2957 3053 2958
f 2958 3053 3054
f 2958 3054 2959
f 2959 3054 3055
f 2959 3055 2960
f 2960 3055 3056
f 2960 3056 2961
f 2961 3056 3057
f 2961 3057 2962
f 2962 3057 3058
f 2962 3058 2963
f 2963 3058 3059
f 2963 3059 2964
f 2964 3059 3060
f 2964 3060 2965
f 2965 3060 3061
f 2965 3061 2966
f 2966 3061 3062
f 2966 3062 2967
f 2967 3062 3063
f 2967 3063 2968
f 2968 3063 3064
f 2968 3064 2969
f 2969 3064 3065
f 2969 3065 2970
f 2970 3065 3066
f 2970 3066 2971
f 2971 3066 3067
f 2971 3067 2972
f 2972 3067 3068
f 2972 3068 2973
f 2973 3068 3069
f 2973 3069 2974
f 2974 3069 3070
f 2974 3070 2975
f 2975 3070 3071
f 2975 3071 2976
f 2976 3071 3072
f 2976 3072 2977
f 2977 3072 3073
f 2977 3073 2978
f 2978 3073 3074
f 2978 3074 2883
f 2883 3074 2979
f 2979 3075 2980
f 2980 3075 3076
f 2980 3076 2981
f 2981 3076 3077
f 2981 3077 2982
f 2982 3077 3078
f 2982 3078 2983
f 2983 3078 3079
f 2983 3079 2984
f 2984 3079 3080
f 2984 3080 2985
f 2985 3080 3081
f 2985 3081 2986
f 2986 3081 3082
f 2986 3082 2987
f 2987 3082 3083
f 2987 3083 2988
f 2988 3083 3084
f 2988 3084 2989
f 2989 3084 3085
f 2989 3085 2990
f 2990 3085 3086
f 2990 3086 2991
f 2991 3086 3087
f 2991 3087 2992
f 2992 3087 3088
f 2992 3088 2993
f 2993 3088 3089
f 2993 3089 2994
f 2994 3089 3090
f 2994 3090 2995
f 2995 3090 3091
f 2995 3091 2996
f 2996 3091 3092
f 2996 3092 2997
f 2997 3092 3093
f 2997 3093 2998
f 2998 3093 3094
f 2998 3094 2999
f 2999 3094 3095
f 2999 3095 3000
f 3000 3095 3096
f 3000 3096 3001
f 3001 3096 3097
f 3001 3097 3002
f 3002 3097 3098
f 3002 3098 3003
f 3003 3098 3099
f 3003 3099 3004
f 3004 3099 3100
f 3004 3100 3005
f 3005 3100 3101
f 3005 3101 3006
f 3006 3101 3102
f 3006 3102 3007
f 3007 3102 3103
f 3007 3103 3008
f 3008 3103 3104
f 3008 3104 3009
f 3009 3104 3105
f 3009 3105 3010
f 3010 3105 3106
f 3010 3106 3011
f 3011 3106 3107
f 3011 3107 3012
f 3012 3107 3108
f 3012 3108 3013
f 3013 3108 3109
f 3013 3109 3014
f 3014 3109 3110
f 3014 3110 3015
f 3015 3110 3111
f 3015 3111 3016
f 3016 3111 3112
f 3016 3112 3017
f 3017 3112 3113
f 3017 3113 3018
f 3018 3113 3114
f 3018 3114 3019
f 3019 3114 3115
f 3019 3115 3020
f 3020 3115 3116
f 3020 3116 3021
f 3021 3116 3117
f 3021 3117 3022
f 3022 3117 3118
f 3022 3118 3023
f 3023 3118 3119
f 3023 3119 3024
f 3024 3119 3120
f 3024 3120 3025
f 3025 3120 3121
f 3025 3121 3026
f 3026 3121 3122
f 3026 3122 3027
f 3027 3122 3123
f 3027 3123 3028
f 3028 3123 3124
f 3028 3124 3029
f 3029 3124 3125
f 3029 3125 3030
f 3030 3125 3126
f 3030 3126 3031
f 3031 3126 3127
f 3031 3127 3032
f 3032 3127 3128
f 3032 3128 3033
f 3033 3128 3129
f 3033 3129 3034
f 3034 3129 3130
f 3034 3130 3035
f 3035 3130 3131
f 3035 3131 3036
f 3036 3131 3132
f 3036 3132 3037
f 3037 3132 3133
f 3037 3133 3038
f 3038 3133 3134
f 3038 3134 3039
f 3039 3134 3135
f 3039 3135 3040
f 3040 3135 3136
f 3040 3136 3041
f 3041 3136 3137
f 3041 3137 3042
f 3042 3137 3138
f 3042 3138 3043
f 3043 3138 3139
f 3043 3139 3044
f 3044 3139 3140
f 3044 3140 3045
f 3045 3140 3141
f 3045 3141 3046
f 3046 3141 3142
f 3046 3142 3047
f 3047 3142 3143
f 3047 3143 3048
f 3048 3143 3144
f 3048 3144 3049
f 3049 3144 3145
f 3049 3145 3050
f 3050 3145 3146
f 3050 3146 3051
f 3051 3146 3147
f 3051 3147 3052
f 3052 3147 3148
f 3052 3148 3053
f 3053 3148 3149
f 3053 3149 3054
f 3054 3149 3150
f 3054 3150 3055
f 3055 3150 3151
f 3055 3151 3056
f 3056 3151 3152
f 3056 3152 3057
f 3057 3152 3153
f 3057 3153 3058
f 3058 3153 3154
f 3058 3154 3059
f 3059 3154 3155
f 3059 3155 3060
f 3060 3155 3156
f 3060 3156 3061
f 3061 3156 3157
f 3061 3157 3062
f 3062 3157 3158
f 3062 3158 3063
f 3063 3158 3159
f 3063 3159 3064
f 3064 3159 3160
f 3064 3160 3065
f 3065 3160 3161
f 3065 3161 3066
f 3066 3161 3162
f 3066 3162 3067
f 3067 3162 3163
f 3067 3163 3068
f 3068 3163 3164
f 3068 3164 3069
f 3069 3164 3165
f 3069 3165 3070
f 3070 3165 3166
f 3070 3166 3071
f 3071 3166 3167
f 3071 3167 3072
f 3072 3167 3168
f 3072 3168 3073
f 3073 3168 3169
f 3073 3169 3074
f 3074 3169 3170
f 3074 3170 2979
f 2979 3170 3075
f 3075 3171 3076
f 3076 3171 3172
f 3076 3172 3077
f 3077 3172 3173
f 3077 3173 3078
f 3078 3173 3174
f 3078 3174 3079
f 3079 3174 3175
f 3079 3175 3080
f 3080 3175 3176
f 3080 3176 3081
f 3081 3176 3177
f 3081 3177 3082
f 3082 3177 3178
f 3082 3178 3083
f 3083 3178 3179
f 3083 3179 3084
f 3084 3179 3180
f 3084 3180 3085
f 3085 3180 3181
f 3085 3181 3086
f 3086 3181 3182
f 3086 3182 3087
f 3087 3182 3183
f 3087 3183 3088
f 3088 3183 3184
f 3088 3184 3089
f 3089 3184 3185
f 3089 3185 3090
f 3090 3185 3186
f 3090 3186 3091
f 3091 3186 3187
f 3091 3187 3092
f 3092 3187 3188
f 3092 3188 3093
f 3093 3188 3189
f 3093 3189 3094
f 3094 3189 3190
f 3094 3190 3095
f 3095 3190 3191
f 3095 3191 3096
f 3096 3191 3192
f 3096 3192 3097
f 3097 3192 3193
f 3097 3193 3098
f 3098 3193 3194
f 3098 3194 3099
f 3099 3194 3195
f 3099 3195 3100
f 3100 3195 3196
f 3100 3196 3101
f 3101 3196 3197
f 3101 3197 3102
f 3102 3197 3198
f 3102 3198 3103
f 3103 3198 3199
f 3103 3199 3104
f 3104 3199 3200
f 3104 3200 3105
f 3105 3200 3201
f 3105 3201 3106
f 3106 3201 3202
f 3106 3202 3107
f 3107 3202 3203
f 3107 3203 3108
f 3108 3203 3204
f 3108 3204 3109
f 3109 3204 3205
f 3109 3205 3110
f 3110 3205 3206
f 3110 3206 3111
f 3111 3206 3207
f 3111 3207 3112
f 3112 3207 3208
f 3112 3208 3113
f 3113 3208 3209
f 3113 3209 3114
f 3114 3209 3210
f 3114 3210 3115
f 3115 3210 3211
f 3115 3211 3116
f 3116 3211 3212
f 3116 3212 3117
f 3117 3212 3213
f 3117 3213 3118
f 3118 3213 3214
f 3118 3214 3119
f 3119 3214 3215
f 3119 3215 3120
f 3120 3215 3216
f 3120 3216 3121
f 3121 3216 3217
f 3121 3217 3122
f 3122 3217 3218
f 3122 3218 3123
f 3123 3218 3219
f 3123 3219 3124
f 3124 3219 3220
f 3124 3220 3125
f 3125 3220 3221
f 3125 3221 3126
f 3126 3221 3222
f 3126 3222 3127
f 3127 3222 3223
f 3127 3223 3128
f 3128 3223 3224
f 3128 3224 3129
f 3129 3224 3225
f 3129 3225 3130
f 3130 3225 3226
f 3130 3226 3131
f 3131 3226 3227
f 3131 3227 3132
f 3132 3227 3228
f 3132 3228 3133
f 3133 3228 3229
f 3133 3229 3134
f 3134 3229 3230
f 3134 3230 3135
f 3135 3230 3231
f 3135 3231 3136
f 3136 3231 3232
f 3136 3232 3137
f 3137 3232 3233
f 3137 3233 3138
f 3138 3233 3234
f 3138 3234 3139
f 3139 3234 3235
f 3139 3235 3140
f 3140 3235 3236
f 3140 3236 3141
f 3141 3236 3237
f 3141 3237 3142
f 3142 3237 3238
f 3142 3238 3143
f 3143 3238 3239
f 3143 3239 3144
f 3144 3239 3240
f 3144 3240 3145
f 3145 3240 3241
f 3145 3241 3146
f 3146 3241 3242
f 3146 3242 3147
f 3147 3242 3243
f 3147 3243 3148
f 3148 3243 3244
f 3148 3244 3149
f 3149 3244 3245
f 3149 3245 3150
f 3150 3245 3246
f 3150 3246 3151
f 3151 3246 3247
f 3151 3247 3152
f 3152 3247 3248
f 3152 3248 3153
f 3153 3248 3249
f 3153 3249 3154
f 3154 3249 3250
f 3154 3250 3155
f 3155 3250 3251
f 3155 3251 3156
f 3156 3251 3252
f 3156 3252 3157
f 3157 3252 3253
f 3157 3253 3158
f 3158 3253 3254
f 3158 3254 3159
f 3159 3254 3255
f 3159 3255 3160
f 3160 3255 3256
f 3160 3256 3161
f 3161 3256 3257
f 3161 3257 3162
f 3162 3257 3258
f 3162 3258 3163
f 3163 3258 3259
f 3163 3259 3164
f 3164 3259 3260
f 3164 3260 3165
f 3165 3260 3261
f 3165 3261 3166
f 3166 3261 3262
f 3166 3262 3167
f 3167 3262 3263
f 3167 3263 3168
f 3168 3263 3264
f 3168 3264 3169
f 3169 3264 3265
f 3169 3265 3170
f 3170 3265 3266
f 3170 3266 3075
f 3075 3266 3171
f 3171 3267 3172
f 3172 3267 3268
f 3172 3268 3173
f 3173 3268 3269
f 3173 3269 3174
f 3174 3269 3270
f 3174 3270 3175
f 3175 3270 3271
f 3175 3271 3176
f 3176 3271 3272
f 3176 3272 3177
f 3177 3272 3273
f 3177 3273 3178
f 3178 3273 3274
f 3178 3274 3179
f 3179 3274 3275
f 3179 3275 3180
f 3180 3275 3276
f 3180 3276 3181
f 3181 3276 3277
f 3181 3277 3182
f 3182 3277 3278
f 3182 3278 3183
f 3183 3278 3279
f 3183 3279 3184
f 3184 3279 3280
f 3184 3280 3185
f 3185 3280 3281
f 3185 3281 3186
f 3186 3281 3282
f 3186 3282 3187
f 3187 3282 3283
f 3187 3283 3188
f 3188 3283 3284
f 3188 3284 3189
f 3189 3284 3285
f 3189 3285 3190
f 3190 3285 3286
f 3190 3286 3191
f 3191 3286 3287
f 3191 3287 3192
f 3192 3287 3288
f 3192 3288 3193
f 3193 3288 3289
f 3193 3289 3194
f 3194 3289 3290
f 3194 3290 3195
f 3195 3290 3291
f 3195 3291 3196
f 3196 3291 3292
f 3196 3292 3197
f 3197 3292 3293
f 3197 3293 3198
f 3198 3293 3294
f 3198 3294 3199
f 3199 3294 3295
f 3199 3295 3200
f 3200 3295 3296
f 3200 3296 3201
f 3201 3296 3297
f 3201 3297 3202
f 3202 3297 3298
f 3202 3298 3203
f 3203 3298 3299
f 3203 3299 3204
f 3204 3299 3300
f 3204 3300 3205
f 3205 3300 3301
f 3205 3301 3206
f 3206 3301 3302
f 3206 3302 3207
f 3207 3302 3303
f 3207 3303 3208
f 3208 3303 3304
f 3208 3304 3209
f 3209 3304 3305
f 3209 3305 3210
f 3210 3305 3306
f 3210 3306 3211
f 3211 3306 3307
f 3211 3307 3212
f 3212 3307 3308
f 3212 3308 3213
f 3213 3308 3309
f 3213 3309 3214
f 3214 3309 3310
f 3214 3310 3215
f 3215 3310 3311
f 3215 3311 3216
f 3216 3311 3312
f 3216 3312 3217
f 3217 3312 3313
f 3217 3313 3218
f 3218 3313 3314
f 3218 3314 3219
f 3219 3314 3315
f 3219 3315 3220
f 3220 3315 3316
f 3220 3316 3221
f 3221 3316 3317
f 3221 3317 3222
f 3222 3317 3318
f 3222 3318 3223
f 3223 3318 3319
f 3223 3319 3224
f 3224 3319 3320
f 3224 3320 3225
f 3225 3320 3321
f 3225 3321 3226
f 3226 3321 3322
f 3226 3322 3227
f 3227 3322 3323
f 3227 3323 3228
f 3228 3323 3324
f 3228 3324 3229
f 3229 3324 3325
f 3229 3325 3230
f 3230 3325 3326
f 3230 3326 3231
f 3231 3326 3327
f 3231 3327 3232
f 3232 3327 3328
f 3232 3328 3233
f 3233 3328 3329
f 3233 3329 3234
f 3234 3329 3330
f 3234 3330 3235
f 3235 3330 3331
f 3235 3331 3236
f 3236 3331 3332
f 3236 3332 3237
f 3237 3332 3333
f 3237 3333 3238
f 3238 3333 3334
f 3238 3334 3239
f 3239 3334 3335
f 3239 3335 3240
f 3240 3335 3336
f 3240 3336 3241
f 3241 3336 3337
f 3241 3337 3242
f 3242 3337 3338
f 3242 3338 3243
f 3243 3338 3339
f 3243 3339 3244
f 3244 3339 3340
f 3244 3340 3245
f 3245 3340 3341
f 3245 3341 3246
f 3246 3341 3342
f 3246 3342 3247
f 3247 3342 3343
f 3247 3343 3248
f 3248 3343 3344
f 3248 3344 3249
f 3249 3344 3345
f 3249 3345 3250
f 3250 3345 3346
f 3250 3346 3251
f 3251 3346 3347
f 3251 3347 3252
f 3252 3347 3348
f 3252 3348 3253
f 3253 3348 3349
f 3253 3349 3254
f 3254 3349 3350
f 3254 3350 3255
f 3255 3350 3351
f 3255 3351 3256
f 3256 3351 3352
f 3256 3352 3257
f 3257 3352 3353
f 3257 3353 3258
f 3258 3353 3354
f 3258 3354 3259
f 3259 3354 3355
f 3259 3355 3260
f 3260 3355 3356
f 3260 3356 3261
f 3261 3356 3357
f 3261 3357 3262
f 3262 3357 3358
f 3262 3358 3263
f 3263 3358 3359
f 3263 3359 3264
f 3264 3359 3360
f 3264 3360 3265
f 3265 3360 3361
f 3265 3361 3266
f 3266 3361 3362
f 3266 3362 3171
f 3171 3362 3267
f 3267 3363 3268
f 3268 3363 3364
f 3268 3364 3269
f 3269 3364 3365
f 3269 3365 3270
f 3270 3365 3366
f 3270 3366 3271
f 3271 3366 3367
f 3271 3367 3272
f 3272 3367 3368
f 3272 3368 3273
f 3273 3368 3369
f 3273 3369 3274
f 3274 3369 3370
f 3274 3370 3275
f 3275 3370 3371
f 3275 3371 3276
f 3276 3371 3372
f 3276 3372 3277
f 3277 3372 3373
f 3277 3373 3278
f 3278 3373 3374
f 3278 3374 3279
f 3279 3374 3375
f 3279 3375 3280
f 3280 3375 3376
f 3280 3376 3281
f 3281 3376 3377
f 3281 3377 3282
f 3282 3377 3378
f 3282 3378 3283
f 3283 3378 3379
f 3283 3379 3284
f 3284 3379 3380
f 3284 3380 3285
f 3285 3380 3381
f 3285 3381 3286
f 3286 3381 3382
f 3286 3382 3287
f 3287 3382 3383
f 3287 3383 3288
f 3288 3383 3384
f 3288 3384 3289
f 3289 3384 3385
f 3289 3385 3290
f 3290 3385 3386
f 3290 3386 3291
f 3291 3386 3387
f 3291 3387 3292
f 3292 3387 3388
f 3292 3388 3293
f 3293 3388 3389
f 3293 3389 3294
f 3294 3389 3390
f 3294 3390 3295
f 3295 3390 3391
f 3295 3391 3296
f 3296 3391 3392
f 3296 3392 3297
f 3297 3392 3393
f 3297 3393 3298
f 3298 3393 3394
f 3298 3394 3299
f 3299 3394 3395
f 3299 3395 3300
f 3300 3395 3396
f 3300 3396 3301
f 3301 3396 3397
f 3301 3397 3302
f 3302 3397 3398
f 3302 3398 3303
f 3303 3398 3399
f 3303 3399 3304
f 3304 3399 3400
f 3304 3400 3305
f 3305 3400 3401
f 3305 3401 3306
f 3306 3401 3402
f 3306 3402 3307
f 3307 3402 3403
f 3307 3403 3308
f 3308 3403 3404
f 3308 3404 3309
f 3309 3404 3405
f 3309 3405 3310
f 3310 3405 3406
f 3310 3406 3311
f 3311 3406 3407
f 3311 3407 3312
f 3312 3407 3408
f 3312 3408 3313
f 3313 3408 3409
f 3313 3409 3314
f 3314 3409 3410
f 3314 3410 3315
f 3315 3410 3411
f 3315 3411 3316
f 3316 3411 3412
f 3316 3412 3317
f 3317 3412 3413
f 3317 3413 3318
f 3318 3413 3414
f 3318 3414 3319
f 3319 3414 3415
f 3319 3415 3320
f 3320 3415 3416
f 3320 3416 3321
f 3321 3416 3417
f 3321 3417 3322
f 3322 3417 3418
f 3322 3418 3323
f 3323 3418 3419
f 3323 3419 3324
f 3324 3419 3420
f 3324 3420 3325
f 3325 3420 3421
f 3325 3421 3326
f 3326 3421 3422
f 3326 3422 3327
f 3327 3422 3423
f 3327 3423 3328
f 3328 3423 3424
f 3328 3424 3329
f 3329 3424 3425
f 3329 3425 3330
f 3330 3425 3426
f 3330 3426 3331
f 3331 3426 3427
f 3331 3427 3332
f 3332 3427 3428
f 3332 3428 3333
f 3333 3428 3429
f 3333 3429 3334
f 3334 3429 3430
f 3334 3430 3335
f 3335 3430 3431
f 3335 3431 3336
f 3336 3431 3432
f 3336 3432 3337
f 3337 3432 3433
f 3337 3433 3338
f 3338 3433 3434
f 3338 3434 3339
f 3339 3434 3435
f 3339 3435 3340
f 3340 3435 3436
f 3340 3436 3341
f 3341 3436 3437
f 3341 3437 3342
f 3342 3437 3438
f 3342 3438 3343
f 3343 3438 3439
f 3343 3439 3344
f 3344 3439 3440
f 3344 3440 3345
f 3345 3440 3441
f 3345 3441 3346
f 3346 3441 3442
f 3346 3442 3347
f 3347 3442 3443
f 3347 3443 3348
f 3348 3443 3444
f 3348 3444 3349
f 3349 3444 3445
f 3349 3445 3350
f 3350 3445 3446
f 3350 3446 3351
f 3351 3446 3447
f 3351 3447 3352
f 3352 3447 3448
f 3352 3448 3353
f 3353 3448 3449
f 3353 3449 3354
f 3354 3449 3450
f 3354 3450 3355
f 3355 3450 3451
f 3355 3451 3356
f 3356 3451 3452
f 3356 3452 3357
f 3357 3452 3453
f 3357 3453 3358
f 3358 3453 3454
f 3358 3454 3359
f 3359 3454 3455
f 3359 3455 3360
f 3360 3455 3456
f 3360 3456 3361
f 3361 3456 3457
f 3361 3457 3362
f 3362 3457 3458
f 3362 3458 3267
f 3267 3458 3363
f 3363 3459 3364
f 3364 3459 3460
f 3364 3460 3365
f 3365 3460 3461
f 3365 3461 3366
f 3366 3461 3462
f 3366 3462 3367
f 3367 3462 3463
f 3367 3463 3368
f 3368 3463 3464
f 3368 3464 3369
f 3369 3464 3465
f 3369 3465 3370
f 3370 3465 3466
f 3370 3466 3371
f 3371 3466 3467
f 3371 3467 3372
f 3372 3467 3468
f 3372 3468 3373
f 3373 3468 3469
f 3373 3469 3374
f 3374 3469 3470
f 3374 3470 3375
f 3375 3470 3471
f 3375 3471 3376
f 3376 3471 3472
f 3376 3472 3377
f 3377 3472 3473
f 3377 3473 3378
f 3378 3473 3474
f 3378 3474 3379
f 3379 3474 3475
f 3379 3475 3380
f 3380 3475 3476
f 3380 3476 3381
f 3381 3476 3477
f 3381 3477 3382
f 3382 3477 3478
f 3382 3478 3383
f 3383 3478 3479
f 3383 3479 3384
f 3384 3479 3480
f 3384 3480 3385
f 3385 3480 3481
f 3385 3481 3386
f 3386 3481 3482
f 3386 3482 3387
f 3387 3482 3483
f 3387 3483 3388
f 3388 3483 3484
f 3388 3484 3389
f 3389 3484 3485
f 3389 3485 3390
f 3390 3485 3486
f 3390 3486 3391
f 3391 3486 3487
f 3391 3487 3392
f 3392 3487 3488
f 3392 3488 3393
f 3393 3488 3489
f 3393 3489 3394
f 3394 3489 3490
f 3394 3490 3395
f 3395 3490 3491
f 3395 3491 3396
f 3396 3491 3492
f 3396 3492 3397
f 3397 3492 3493
f 3397 3493 3398
f 3398 3493 3494
f 3398 3494 3399
f 3399 3494 3495
f 3399 3495 3400
f 3400 3495 3496
f 3400 3496 3401
f 3401 3496 3497
f 3401 3497 3402
f 3402 3497 3498
f 3402 3498 3403
f 3403 3498 3499
f 3403 3499 3404
f 3404 3499 3500
f 3404 3500 3405
f 3405 3500 3501
f 3405 3501 3406
f 3406 3501 3502
f 3406 3502 3407
f 3407 3502 3503
f 3407 3503 3408
f 3408 3503 3504
f 3408 3504 3409
f 3409 3504 3505
f 3409 3505 3410
f 3410 3505 3506
f 3410 3506 3411
f 3411 3506 3507
f 3411 3507 3412
f 3412 3507 3508
f 3412 3508 3413
f 3413 3508 3509
f 3413 3509 3414
f 3414 3509 3510
f 3414 3510 3415
f 3415 3510 3511
f 3415 3511 3416
f 3416 3511 3512
f 3416 3512 3417
f 3417 3512 3513
f 3417 3513 3418
f 3418 3513 3514
f 3418 3514 3419
f 3419 3514 3515
f 3419 3515 3420
f 3420 3515 3516
f 3420 3516 3421
f 3421 3516 3517
f 3421 3517 3422
f 3422 3517 3518
f 3422 3518 3423
f 3423 3518 3519
f 3423 3519 3424
f 3424 3519 3520
f 3424 3520 3425
f 3425 3520 3521
f 3425 3521 3426
f 3426 3521 3522
f 3426 3522 3427
f 3427 3522 3523
f 3427 3523 3428
f 3428 3523 3524
f 3428 3524 3429
f 3429 3524 3525
f 3429 3525 3430
f 3430 3525 3526
f 3430 3526 3431
f 3431 3526 3527
f 3431 3527 3432
f 3432 3527 3528
f 3432 3528 3433
f 3433 3528 3529
f 3433 3529 3434
f 3434 3529 3530
f 3434 3530 3435
f 3435 3530 3531
f 3435 3531 3436
f 3436 3531 3532
f 3436 3532 3437
f 3437 3532 3533
f 3437 3533 3438
f 3438 3533 3534
f 3438 3534 3439
f 3439 3534 3535
f 3439 3535 3440
f 3440 3535 3536
f 3440 3536 3441
f 3441 3536 3537
f 3441 3537 3442
f 3442 3537 3538
f 3442 3538 3443
f 3443 3538 3539
f 3443 3539 3444
f 3444 3539 3540
f 3444 3540 3445
f 3445 3540 3541
f 3445 3541 3446
f 3446 3541 3542
f 3446 3542 3447
f 3447 3542 3543
f 3447 3543 3448
f 3448 3543 3544
f 3448 3544 3449
f 3449 3544 3545
f 3449 3545 3450
f 3450 3545 3546
f 3450 3546 3451
f 3451 3546 3547
f 3451 3547 3452
f 3452 3547 3548
f 3452 3548 3453
f 3453 3548 3549
f 3453 3549 3454
f 3454 3549 3550
f 3454 3550 3455
f 3455 3550 3551
f 3455 3551 3456
f 3456 3551 3552
f 3456 3552 3457
f 3457 3552 3553
f 3457 3553 3458
f 3458 3553 3554
f 3458 3554 3363
f 3363 3554 3459
f 3459 3555 3460
f 3460 3555 3556
f 3460 3556 3461
f 3461 3556 3557
f 3461 3557 3462
f 3462 3557 3558
f 3462 3558 3463
f 3463 3558 3559
f 3463 3559 3464
f 3464 3559 3560
f 3464 3560 3465
f 3465 3560 3561
f 3465 3561 3466
f 3466 3561 3562
f 3466 3562 3467
f 3467 3562 3563
f 3467 3563 3468
f 3468 3563 3564
f 3468 3564 3469
f 3469 3564 3565
f 3469 3565 3470
f 3470 3565 3566
f 3470 3566 3471
f 3471 3566 3567
f 3471 3567 3472
f 3472 3567 3568
f 3472 3568 3473
f 3473 3568 3569
f 3473 3569 3474
f 3474 3569 3570
f 3474 3570 3475
f 3475 3570 3571
f 3475 3571 3476
f 3476 3571 3572
f 3476 3572 3477
f 3477 3572 3573
f 3477 3573 3478
f 3478 3573 3574
f 3478 3574 3479
f 3479 3574 3575
f 3479 3575 3480
f 3480 3575 3576
f 3480 3576 3481
f 3481 3576 3577
f 3481 3577 3482
f 3482 3577 3578
f 3482 3578 3483
f 3483 3578 3579
f 3483 3579 3484
f 3484 3579 3580
f 3484 3580 3485
f 3485 3580 3581
f 3485 3581 3486
f 3486 3581 3582
f 3486 3582 3487
f 3487 3582 3583
f 3487 3583 3488
f 3488 3583 3584
f 3488 3584 3489
f 3489 3584 3585
f 3489 3585 3490
f 3490 3585 3586
f 3490 3586 3491
f 3491 3586 3587
f 3491 3587 3492
f 3492 3587 3588
f 3492 3588 3493
f 3493 3588 3589
f 3493 3589 3494
f 3494 3589 3590
f 3494 3590 3495
f 3495 3590 3591
f 3495 3591 3496
f 3496 3591 3592
f 3496 3592 3497
f 3497 3592 3593
f 3497 3593 3498
f 3498 3593 3594
f 3498 3594 3499
f 3499 3594 3595
f 3499 3595 3500
f 3500 3595 3596
f 3500 3596 3501
f 3501 3596 3597
f 3501 3597 3502
f 3502 3597 3598
f 3502 3598 3503
f 3503 3598 3599
f 3503 3599 3504
f 3504 3599 3600
f 3504 3600 3505
f 3505 3600 3601
f 3505 3601 3506
f 3506 3601 3602
f 3506 3602 3507
f 3507 3602 3603
f 3507 3603 3508
f 3508 3603 3604
f 3508 3604 3509
f 3509 3604 3605
f 3509 3605 3510
f 3510 3605 3606
f 3510 3606 3511
f 3511 3606 3607
f 3511 3607 3512
f 3512 3607 3608
f 3512 3608 3513
f 3513 3608 3609
f 3513 3609 3514
f 3514 3609 3610
f 3514 3610 3515
f 3515 3610 3611
f 3515 3611 3516
f 3516 3611 3612
f 3516 3612 3517
f 3517 3612 3613
f 3517 3613 3518
f 3518 3613 3614
f 3518 3614 3519
f 3519 3614 3615
f 3519 3615 3520
f 3520 3615 3616
f 3520 3616 3521
f 3521 3616 3617
f 3521 3617 3522
f 3522 3617 3618
f 3522 3618 3523
f 3523 3618 3619
f 3523 3619 3524
f 3524 3619 3620
f 3524 3620 3525
f 3525 3620 3621
f 3525 3621 3526
f 3526 3621 3622
f 3526 3622 3527
f 3527 3622 3623
f 3527 3623 3528
f 3528 3623 3624
f 3528 3624 3529
f 3529 3624 3625
f 3529 3625 3530
f 3530 3625 3626
f 3530 3626 3531
f 3531 3626 3627
f 3531 3627 3532
f 3532 3627 3628
f 3532 3628 3533
f 3533 3628 3629
f 3533 3629 3534
f 3534 3629 3630
f 3534 3630 3535
f 3535 3630 3631
f 3535 3631 3536
f 3536 3631 3632
f 3536 3632 3537
f 3537 3632 3633
f 3537 3633 3538
f 3538 3633 3634
f 3538 3634 3539
f 3539 3634 3635
f 3539 3635 3540
f 3540 3635 3636
f 3540 3636 3541
f 3541 3636 3637
f 3541 3637 3542
f 3542 3637 3638
f 3542 3638 3543
f 3543 3638 3639
f 3543 3639 3544
f 3544 3639 3640
f 3544 3640 3545
f 3545 3640 3641
f 3545 3641 3546
f 3546 3641 3642
f 3546 3642 3547
f 3547 3642 3643
f 3547 3643 3548
f 3548 3643 3644
f 3548 3644 3549
f 3549 3644 3645
f 3549 3645 3550
f 3550 3645 3646
f 3550 3646 3551
f 3551 3646 3647
f 3551 3647 3552
f 3552 3647 3648
f 3552 3648 3553
f 3553 3648 3649
f 3553 3649 3554
f 3554 3649 3650
f 3554 3650 3459
f 3459 3650 3555
f 3555 3651 3556
f 3556 3651 3652
f 3556 3652 3557
f 3557 3652 3653
f 3557 3653 3558
f 3558 3653 3654
f 3558 3654 3559
f 3559 3654 3655
f 3559 3655 3560
f 3560 3655 3656
f 3560 3656 3561
f 3561 3656 3657
f 3561 3657 3562
f 3562 3657 3658
f 3562 3658 3563
f 3563 3658 3659
f 3563 3659 3564
f 3564 3659 3660
f 3564 3660 3565
f 3565 3660 3661
f 3565 3661 3566
f 3566 3661 3662
f 3566 3662 3567
f 3567 3662 3663
f 3567 3663 3568
f 3568 3663 3664
f 3568 3664 3569
f 3569 3664 3665
f 3569 3665 3570
f 3570 3665 3666
f 3570 3666 3571
f 3571 3666 3667
f 3571 3667 3572
f 3572 3667 3668
f 3572 3668 3573
f 3573 3668 3669
f 3573 3669 3574
f 3574 3669 3670
f 3574 3670 3575
f 3575 3670 3671
f 3575 3671 3576
f 3576 3671 3672
f 3576 3672 3577
f 3577 3672 3673
f 3577 3673 3578
f 3578 3673 3674
f 3578 3674 3579
f 3579 3674 3675
f 3579 3675 3580
f 3580 3675 3676
f 3580 3676 3581
f 3581 3676 3677
f 3581 3677 3582
f 3582 3677 3678
f 3582 3678 3583
f 3583 3678 3679
f 3583 3679 3584
f 3584 3679 3680
f 3584 3680 3585
f 3585 3680 3681
f 3585 3681 3586
f 3586 3681 3682
f 3586 3682 3587
f 3587 3682 3683
f 3587 3683 3588
f 3588 3683 3684
f 3588 3684 3589
f 3589 3684 3685
f 3589 3685 3590
f 3590 3685 3686
f 3590 3686 3591
f 3591 3686 3687
f 3591 3687 3592
f 3592 3687 3688
f 3592 3688 3593
f 3593 3688 3689
f 3593 3689 3594
f 3594 3689 3690
f 3594 3690 3595
f 3595 3690 3691
f 3595 3691 3596
f 3596 3691 3692
f 3596 3692 3597
f 3597 3692 3693
f 3597 3693 3598
f 3598 3693 3694
f 3598 3694 3599
f 3599 3694 3695
f 3599 3695 3600
f 3600 3695 3696
f 3600 3696 3601
f 3601 3696 3697
f 3601 3697 3602
f 3602 3697 3698
f 3602 3698 3603
f 3603 3698 3699
f 3603 3699 3604
f 3604 3699 3700
f 3604 3700 3605
f 3605 3700 3701
f 3605 3701 3606
f 3606 3701 3702
f 3606 3702 3607
f 3607 3702 3703
f 3607 3703 3608
f 3608 3703 3704
f 3608 3704 3609
f 3609 3704 3705
f 3609 3705 3610
f 3610 3705 3706
f 3610 3706 3611
f 3611 3706 3707
f 3611 3707 3612
f 3612 3707 3708
f 3612 3708 3613
f 3613 3708 3709
f 3613 3709 3614
f 3614 3709 3710
f 3614 3710 3615
f 3615 3710 3711
f 3615 3711 3616
f 3616 3711 3712
f 3616 3712 3617
f 3617 3712 3713
f 3617 3713 3618
f 3618 3713 3714
f 3618 3714 3619
f 3619 3714 3715
f 3619 3715 3620
f 3620 3715 3716
f 3620 3716 3621
f 3621 3716 3717
f 3621 3717 3622
f 3622 3717 3718
f 3622 3718 3623
f 3623 3718 3719
f 3623 3719 3624
f 3624 3719 3720
f 3624 3720 3625
f 3625 3720 3721
f 3625 3721 3626
f 3626 3721 3722
f 3626 3722 3627
f 3627 3722 3723
f 3627 3723 3628
f 3628 3723 3724
f 3628 3724 3629
f 3629 3724 3725
f 3629 3725 3630
f 3630 3725 3726
f 3630 3726 3631
f 3631 3726 3727
f 3631 3727 3632
f 3632 3727 3728
f 3632 3728 3633
f 3633 3728 3729
f 3633 3729 3634
f 3634 3729 3730
f 3634 3730 3635
f 3635 3730 3731
f 3635 3731 3636
f 3636 3731 3732
f 3636 3732 3637
f 3637 3732 3733
f 3637 3733 3638
f 3638 3733 3734
f 3638 3734 3639
f 3639 3734 3735
f 3639 3735 3640
f 3640 3735 3736
f 3640 3736 3641
f 3641 3736 3737
f 3641 3737 3642
f 3642 3737 3738
f 3642 3738 3643
f 3643 3738 3739
f 3643 3739 3644
f 3644 3739 3740
f 3644 3740 3645
f 3645 3740 3741
f 3645 3741 3646
f 3646 3741 3742
f 3646 3742 3647
f 3647 3742 3743
f 3647 3743 3648
f 3648 3743 3744
f 3648 3744 3649
f 3649 3744 3745
f 3649 3745 3650
f 3650 3745 3746
f 3650 3746 3555
f 3555 3746 3651
f 3651 3747 3652
f 3652 3747 3748
f 3652 3748 3653
f 3653 3748 3749
f 3653 3749 3654
f 3654 3749 3750
f 3654 3750 3655
f 3655 3750 3751
f 3655 3751 3656
f 3656 3751 3752
f 3656 3752 3657
f 3657 3752 3753
f 3657 3753 3658
f 3658 3753 3754
f 3658 3754 3659
f 3659 3754 3755
f 3659 3755 3660
f 3660 3755 3756
f 3660 3756 3661
f 3661 3756 3757
f 3661 3757 3662
f 3662 3757 3758
f 3662 3758 3663
f 3663 3758 3759
f 3663 3759 3664
f 3664 3759 3760
f 3664 3760 3665
f 3665 3760 3761
f 3665 3761 3666
f 3666 3761 3762
f 3666 3762 3667
f 3667 3762 3763
f 3667 3763 3668
f 3668 3763 3764
f 3668 3764 3669
f 3669 3764 3765
f 3669 3765 3670
f 3670 3765 3766
f 3670 3766 3671
f 3671 3766 3767
f 3671 3767 3672
f 3672 3767 3768
f 3672 3768 3673
f 3673 3768 3769
f 3673 3769 3674
f 3674 3769 3770
f 3674 3770 3675
f 3675 3770 3771
f 3675 3771 3676
f 3676 3771 3772
f 3676 3772 3677
f 3677 3772 3773
f 3677 3773 3678
f 3678 3773 3774
f 3678 3774 3679
f 3679 3774 3775
f 3679 3775 3680
f 3680 3775 3776
f 3680 3776 3681
f 3681 3776 3777
f 3681 3777 3682
f 3682 3777 3778
f 3682 3778 3683
f 3683 3778 3779
f 3683 3779 3684
f 3684 3779 3780
f 3684 3780 3685
f 3685 3780 3781
f 3685 3781 3686
f 3686 3781 3782
f 3686 3782 3687
f 3687 3782 3783
f 3687 3783 3688
f 3688 3783 3784
f 3688 3784 3689
f 3689 3784 3785
f 3689 3785 3690
f 3690 3785 3786
f 3690 3786 3691
f 3691 3786 3787
f 3691 3787 3692
f 3692 3787 3788
f 3692 3788 3693
f 3693 3788 3789
f 3693 3789 3694
f 3694 3789 3790
f 3694 3790 3695
f 3695 3790 3791
f 3695 3791 3696
f 3696 3791 3792
f 3696 3792 3697
f 3697 3792 3793
f 3697 3793 3698
f 3698 3793 3794
f 3698 3794 3699
f 3699 3794 3795
f 3699 3795 3700
f 3700 3795 3796
f 3700 3796 3701
f 3701 3796 3797
f 3701 3797 3702
f 3702 3797 3798
f 3702 3798 3703
f 3703 3798 3799
f 3703 3799 3704
f 3704 3799 3800
f 3704 3800 3705
f 3705 3800 3801
f 3705 3801 3706
f 3706 3801 3802
f 3706 3802 3707
f 3707 3802 3803
f 3707 3803 3708
f 3708 3803 3804
f 3708 3804 3709
f 3709 3804 3805
f 3709 3805 3710
f 3710 3805 3806
f 3710 3806 3711
f 3711 3806 3807
f 3711 3807 3712
f 3712 3807 3808
f 3712 3808 3713
f 3713 3808 3809
f 3713 3809 3714
f 3714 3809 3810
f 3714 3810 3715
f 3715 3810 3811
f 3715 3811 3716
f 3716 3811 3812
f 3716 3812 3717
f 3717 3812 3813
f 3717 3813 3718
f 3718 3813 3814
f 3718 3814 3719
f 3719 3814 3815
f 3719 3815 3720
f 3720 3815 3816
f 3720 3816 3721
f 3721 3816 3817
f 3721 3817 3722
f 3722 3817 3818
f 3722 3818 3723
f 3723 3818 3819
f 3723 3819 3724
f 3724 3819 3820
f 3724 3820 3725
f 3725 3820 3821
f 3725 3821 3726
f 3726 3821 3822
f 3726 3822 3727
f 3727 3822 3823
f 3727 3823 3728
f 3728 3823 3824
f 3728 3824 3729
f 3729 3824 3825
f 3729 3825 3730
f 3730 3825 3826
f 3730 3826 3731
f 3731 3826 3827
f 3731 3827 3732
f 3732 3827 3828
f 3732 3828 3733
f 3733 3828 3829
f 3733 3829 3734
f 3734 3829 3830
f 3734 3830 3735
f 3735 3830 3831
f 3735 3831 3736
f 3736 3831 3832
f 3736 3832 3737
f 3737 3832 3833
f 3737 3833 3738
f 3738 3833 3834
f 3738 3834 3739
f 3739 3834 3835
f 3739 3835 3740
f 3740 3835 3836
f 3740 3836 3741
f 3741 3836 3837
f 3741 3837 3742
f 3742 3837 3838
f 3742 3838 3743
f 3743 3838 3839
f 3743 3839 3744
f 3744 3839 3840
f 3744 3840 3745
f 3745 3840 3841
f 3745 3841 3746
f 3746 3841 3842
f 3746 3842 3651
f 3651 3842 3747
f 3747 3843 3748
f 3748 3843 3844
f 3748 3844 3749
f 3749 3844 3845
f 3749 3845 3750
f 3750 3845 3846
f 3750 3846 3751
f 3751 3846 3847
f 3751 3847 3752
f 3752 3847 3848
f 3752 3848 3753
f 3753 3848 3849
f 3753 3849 3754
f 3754 3849 3850
f 3754 3850 3755
f 3755 3850 3851
f 3755 3851 3756
f 3756 3851 3852
f 3756 3852 3757
f 3757 3852 3853
f 3757 3853 3758
f 3758 3853 3854
f 3758 3854 3759
f 3759 3854 3855
f 3759 3855 3760
f 3760 3855 3856
f 3760 3856 3761
f 3761 3856 3857
f 3761 3857 3762
f 3762 3857 3858
f 3762 3858 3763
f 3763 3858 3859
f 3763 3859 3764
f 3764 3859 3860
f 3764 3860 3765
f 3765 3860 3861
f 3765 3861 3766
f 3766 3861 3862
f 3766 3862 3767
f 3767 3862 3863
f 3767 3863 3768
f 3768 3863 3864
f 3768 3864 3769
f 3769 3864 3865
f 3769 3865 3770
f 3770 3865 3866
f 3770 3866 3771
f 3771 3866 3867
f 3771 3867 3772
f 3772 3867 3868
f 3772 3868 3773
f 3773 3868 3869
f 3773 3869 3774
f 3774 3869 3870
f 3774 3870 3775
f 3775 3870 3871
f 3775 3871 3776
f 3776 3871 3872
f 3776 3872 3777
f 3777 3872 3873
f 3777 3873 3778
f 3778 3873 3874
f 3778 3874 3779
f 3779 3874 3875
f 3779 3875 3780
f 3780 3875 3876
f 3780 3876 3781
f 3781 3876 3877
f 3781 3877 3782
f 3782 3877 3878
f 3782 3878 3783
f 3783 3878 3879
f 3783 3879 3784
f 3784 3879 3880
f 3784 3880 3785
f 3785 3880 3881
f 3785 3881 3786
f 3786 3881 3882
f 3786 3882 3787
f 3787 3882 3883
f 3787 3883 3788
f 3788 3883 3884
f 3788 3884 3789
f 3789 3884 3885
f 3789 3885 3790
f 3790 3885 3886
f 3790 3886 3791
f 3791 3886 3887
f 3791 3887 3792
f 3792 3887 3888
f 3792 3888 3793
f 3793 3888 3889
f 3793 3889 3794
f 3794 3889 3890
f 3794 3890 3795
f 3795 3890 3891
f 3795 3891 3796
f 3796 3891 3892
f 3796 3892 3797
f 3797 3892 3893
f 3797 3893 3798
f 3798 3893 3894
f 3798 3894 3799
f 3799 3894 3895
f 3799 3895 3800
f 3800 3895 3896
f 3800 3896 3801
f 3801 3896 3897
f 3801 3897 3802
f 3802 3897 3898
f 3802 3898 3803
f 3803 3898 3899
f 3803 3899 3804
f 3804 3899 3900
f 3804 3900 3805
f 3805 3900 3901
f 3805 3901 3806
f 3806 3901 3902
f 3806 3902 3807
f 3807 3902 3903
f 3807 3903 3808
f 3808 3903 3904
f 3808 3904 3809
f 3809 3904 3905
f 3809 3905 3810
f 3810 3905 3906
f 3810 3906 3811
f 3811 3906 3907
f 3811 3907 3812
f 3812 3907 3908
f 3812 3908 3813
f 3813 3908 3909
f 3813 3909 3814
f 3814 3909 3910
f 3814 3910 3815
f 3815 3910 3911
f 3815 3911 3816
f 3816 3911 3912
f 3816 3912 3817
f 3817 3912 3913
f 3817 3913 3818
f 3818 3913 3914
f 3818 3914 3819
f 3819 3914 3915
f 3819 3915 3820
f 3820 3915 3916
f 3820 3916 3821
f 3821 3916 3917
f 3821 3917 3822
f 3822 3917 3918
f 3822 3918 3823
f 3823 3918 3919
f 3823 3919 3824
f 3824 3919 3920
f 3824 3920 3825
f 3825 3920 3921
f 3825 3921 3826
f 3826 3921 3922
f 3826 3922 3827
f 3827 3922 3923
f 3827 3923 3828
f 3828 3923 3924
f 3828 3924 3829
f 3829 3924 3925
f 3829 3925 3830
f 3830 3925 3926
f 3830 3926 3831
f 3831 3926 3927
f 3831 3927 3832
f 3832 3927 3928
f 3832 3928 3833
f 3833 3928 3929
f 3833 3929 3834
f 3834 3929 3930
f 3834 3930 3835
f 3835 3930 3931
f 3835 3931 3836
f 3836 3931 3932
f 3836 3932 3837
f 3837 3932 3933
f 3837 3933 3838
f 3838 3933 3934
f 3838 3934 3839
f 3839 3934 3935
f 3839 3935 3840
f 3840 3935 3936
f 3840 3936 3841
f 3841 3936 3937
f 3841 3937 3842
f 3842 3937 3938
f 3842 3938 3747
f 3747 3938 3843
f 3843 3939 3844
f 3844 3939 3940
f 3844 3940 3845
f 3845 3940 3941
f 3845 3941 3846
f 3846 3941 3942
f 3846 3942 3847
f 3847 3942 3943
f 3847 3943 3848
f 3848 3943 3944
f 3848 3944 3849
f 3849 3944 3945
f 3849 3945 3850
f 3850 3945 3946
f 3850 3946 3851
f 3851 3946 3947
f 3851 3947 3852
f 3852 3947 3948
f 3852 3948 3853
f 3853 3948 3949
f 3853 3949 3854
f 3854 3949 3950
f 3854 3950 3855
f 3855 3950 3951
f 3855 3951 3856
f 3856 3951 3952
f 3856 3952 3857
f 3857 3952 3953
f 3857 3953 3858
f 3858 3953 3954
f 3858 3954 3859
f 3859 3954 3955
f 3859 3955 3860
f 3860 3955 3956
f 3860 3956 3861
f 3861 3956 3957
f 3861 3957 3862
f 3862 3957 3958
f 3862 3958 3863
f 3863 3958 3959
f 3863 3959 3864
f 3864 3959 3960
f 3864 3960 3865
f 3865 3960 3961
f 3865 3961 3866
f 3866 3961 3962
f 3866 3962 3867
f 3867 3962 3963
f 3867 3963 3868
f 3868 3963 3964
f 3868 3964 3869
f 3869 3964 3965
f 3869 3965 3870
f 3870 3965 3966
f 3870 3966 3871
f 3871 3966 3967
f 3871 3967 3872
f 3872 3967 3968
f 3872 3968 3873
f 3873 3968 3969
f 3873 3969 3874
f 3874 3969 3970
f 3874 3970 3875
f 3875 3970 3971
f 3875 3971 3876
f 3876 3971 3972
f 3876 3972 3877
f 3877 3972 3973
f 3877 3973 3878
f 3878 3973 3974
f 3878 3974 3879
f 3879 3974 3975
f 3879 3975 3880
f 3880 3975 3976
f 3880 3976 3881
f 3881 3976 3977
f 3881 3977 3882
f 3882 3977 3978
f 3882 3978 3883
f 3883 3978 3979
f 3883 3979 3884
f 3884 3979 3980
f 3884 3980 3885
f 3885 3980 3981
f 3885 3981 3886
f 3886 3981 3982
f 3886 3982 3887
f 3887 3982 3983
f 3887 3983 3888
f 3888 3983 3984
f 3888 3984 3889
f 3889 3984 3985
f 3889 3985 3890
f 3890 3985 3986
f 3890 3986 3891
f 3891 3986 3987
f 3891 3987 3892
f 3892 3987 3988
f 3892 3988 3893
f 3893 3988 3989
f 3893 3989 3894
f 3894 3989 3990
f 3894 3990 3895
f 3895 3990 3991
f 3895 3991 3896
f 3896 3991 3992
f 3896 3992 3897
f 3897 3992 3993
f 3897 3993 3898
f 3898 3993 3994
f 3898 3994 3899
f 3899 3994 3995
f 3899 3995 3900
f 3900 3995 3996
f 3900 3996 3901
f 3901 3996 3997
f 3901 3997 3902
f 3902 3997 3998
f 3902 3998 3903
f 3903 3998 3999
f 3903 3999 3904
f 3904 3999 4000
f 3904 4000 3905
f 3905 4000 4001
f 3905 4001 3906
f 3906 4001 4002
f 3906 4002 3907
f 3907 4002 4003
f 3907 4003 3908
f 3908 4003 4004
f 3908 4004 3909
f 3909 4004 4005
f 3909 4005 3910
f 3910 4005 4006
f 3910 4006 3911
f 3911 4006 4007
f 3911 4007 3912
f 3912 4007 4008
f 3912 4008 3913
f 3913 4008 4009
f 3913 4009 3914
f 3914 4009 4010
f 3914 4010 3915
f 3915 4010 4011
f 3915 4011 3916
f 3916 4011 4012
f 3916 4012 3917
f 3917 4012 4013
f 3917 4013 3918
f 3918 4013 4014
f 3918 4014 3919
f 3919 4014 4015
f 3919 4015 3920
f 3920 4015 4016
f 3920 4016 3921
f 3921 4016 4017
f 3921 4017 3922
f 3922 4017 4018
f 3922 4018 3923
f 3923 4018 4019
f 3923 4019 3924
f 3924 4019 4020
f 3924 4020 3925
f 3925 4020 4021
f 3925 4021 3926
f 3926 4021 4022
f 3926 4022 3927
f 3927 4022 4023
f 3927 4023 3928
f 3928 4023 4024
f 3928 4024 3929
f 3929 4024 4025
f 3929 4025 3930
f 3930 4025 4026
f 3930 4026 3931
f 3931 4026 4027
f 3931 4027 3932
f 3932 4027 4028
f 3932 4028 3933
f 3933 4028 4029
f 3933 4029 3934
f 3934 4029 4030
f 3934 4030 3935
f 3935 4030 4031
f 3935 4031 3936
f 3936 4031 4032
f 3936 4032 3937
f 3937 4032 4033
f 3937 4033 3938
f 3938 4033 4034
f 3938 4034 3843
f 3843 4034 3939
f 3939 4035 3940
f 3940 4035 4036
f 3940 4036 3941
f 3941 4036 4037
f 3941 4037 3942
f 3942 4037 4038
f 3942 4038 3943
f 3943 4038 4039
f 3943 4039 3944
f 3944 4039 4040
f 3944 4040 3945
f 3945 4040 4041
f 3945 4041 3946
f 3946 4041 4042
f 3946 4042 3947
f 3947 4042 4043
f 3947 4043 3948
f 3948 4043 4044
f 3948 4044 3949
f 3949 4044 4045
f 3949 4045 3950
f 3950 4045 4046
f 3950 4046 3951
f 3951 4046 4047
f 3951 4047 3952
f 3952 4047 4048
f 3952 4048 3953
f 3953 4048 4049
f 3953 4049 3954
f 3954 4049 4050
f 3954 4050 3955
f 3955 4050 4051
f 3955 4051 3956
f 3956 4051 4052
f 3956 4052 3957
f 3957 4052 4053
f 3957 4053 3958
f 3958 4053 4054
f 3958 4054 3959
f 3959 4054 4055
f 3959 4055 3960
f 3960 4055 4056
f 3960 4056 3961
f 3961 4056 4057
f 3961 4057 3962
f 3962 4057 4058
f 3962 4058 3963
f 3963 4058 4059
f 3963 4059 3964
f 3964 4059 4060
f 3964 4060 3965
f 3965 4060 4061
f 3965 4061 3966
f 3966 4061 4062
f 3966 4062 3967
f 3967 4062 4063
f 3967 4063 3968
f 3968 4063 4064
f 3968 4064 3969
f 3969 4064 4065
f 3969 4065 3970
f 3970 4065 4066
f 3970 4066 3971
f 3971 4066 4067
f 3971 4067 3972
f 3972 4067 4068
f 3972 4068 3973
f 3973 4068 4069
f 3973 4069 3974
f 3974 4069 4070
f 3974 4070 3975
f 3975 4070 4071
f 3975 4071 3976
f 3976 4071 4072
f 3976 4072 3977
f 3977 4072 4073
f 3977 4073 3978
f 3978 4073 4074
f 3978 4074 3979
f 3979 4074 4075
f 3979 4075 3980
f 3980 4075 4076
f 3980 4076 3981
f 3981 4076 4077
f 3981 4077 3982
f 3982 4077 4078
f 3982 4078 3983
f 3983 4078 4079
f 3983 4079 3984
f 3984 4079 4080
f 3984 4080 3985
f 3985 4080 4081
f 3985 4081 3986
f 3986 4081 4082
f 3986 4082 3987
f 3987 4082 4083
f 3987 4083 3988
f 3988 4083 4084
f 3988 4084 3989
f 3989 4084 4085
f 3989 4085 3990
f 3990 4085 4086
f 3990 4086 3991
f 3991 4086 4087
f 3991 4087 3992
f 3992 4087 4088
f 3992 4088 3993
f 3993 4088 4089
f 3993 4089 3994
f 3994 4089 4090
f 3994 4090 3995
f 3995 4090 4091
f 3995 4091 3996
f 3996 4091 4092
f 3996 4092 3997
f 3997 4092 4093
f 3997 4093 3998
f 3998 4093 4094
f 3998 4094 3999
f 3999 4094 4095
f 3999 4095 4000
f 4000 4095 4096
f 4000 4096 4001
f 4001 4096 4097
f 4001 4097 4002
f 4002 4097 4098
f 4002 4098 4003
f 4003 4098 4099
f 4003 4099 4004
f 4004 4099 4100
f 4004 4100 4005
f 4005 4100 4101
f 4005 4101 4006
f 4006 4101 4102
f 4006 4102 4007
f 4007 4102 4103
f 4007 4103 4008
f 4008 4103 4104
f 4008 4104 4009
f 4009 4104 4105
f 4009 4105 4010
f 4010 4105 4106
f 4010 4106 4011
f 4011 4106 4107
f 4011 4107 4012
f 4012 4107 4108
f 4012 4108 4013
f 4013 4108 4109
f 4013 4109 4014
f 4014 4109 4110
f 4014 4110 4015
f 4015 4110 4111
f 4015 4111 4016
f 4016 4111 4112
f 4016 4112 4017
f 4017 4112 4113
f 4017 4113 4018
f 4018 4113 4114
f 4018 4114 4019
f 4019 4114 4115
f 4019 4115 4020
f 4020 4115 4116
f 4020 4116 4021
f 4021 4116 4117
f 4021 4117 4022
f 4022 4117 4118
f 4022 4118 4023
f 4023 4118 4119
f 4023 4119 4024
f 4024 4119 4120
f 4024 4120 4025
f 4025 4120 4121
f 4025 4121 4026
f 4026 4121 4122
f 4026 4122 4027
f 4027 4122 4123
f 4027 4123 4028
f 4028 4123 4124
f 4028 4124 4029
f 4029 4124 4125
f 4029 4125 4030
f 4030 4125 4126
f 4030 4126 4031
f 4031 4126 4127
f 4031 4127 4032
f 4032 4127 4128
f 4032 4128 4033
f 4033 4128 4129
f 4033 4129 4034
f 4034 4129 4130
f 4034 4130 3939
f 3939 4130 4035
f 4035 4131 4036
f 4036 4131 4132
f 4036 4132 4037
f 4037 4132 4133
f 4037 4133 4038
f 4038 4133 4134
f 4038 4134 4039
f 4039 4134 4135
f 4039 4135 4040
f 4040 4135 4136
f 4040 4136 4041
f 4041 4136 4137
f 4041 4137 4042
f 4042 4137 4138
f 4042 4138 4043
f 4043 4138 4139
f 4043 4139 4044
f 4044 4139 4140
f 4044 4140 4045
f 4045 4140 4141
f 4045 4141 4046
f 4046 4141 4142
f 4046 4142 4047
f 4047 4142 4143
f 4047 4143 4048
f 4048 4143 4144
f 4048 4144 4049
f 4049 4144 4145
f 4049 4145 4050
f 4050 4145 4146
f 4050 4146 4051
f 4051 4146 4147
f 4051 4147 4052
f 4052 4147 4148
f 4052 4148 4053
f 4053 4148 4149
f 4053 4149 4054
f 4054 4149 4150
f 4054 4150 4055
f 4055 4150 4151
f 4055 4151 4056
f 4056 4151 4152
f 4056 4152 4057
f 4057 4152 4153
f 4057 4153 4058
f 4058 4153 4154
f 4058 4154 4059
f 4059 4154 4155
f 4059 4155 4060
f 4060 4155 4156
f 4060 4156 4061
f 4061 4156 4157
f 4061 4157 4062
f 4062 4157 4158
f 4062 4158 4063
f 4063 4158 4159
f 4063 4159 4064
f 4064 4159 4160
f 4064 4160 4065
f 4065 4160 4161
f 4065 4161 4066
f 4066 4161 4162
f 4066 4162 4067
f 4067 4162 4163
f 4067 4163 4068
f 4068 4163 4164
f 4068 4164 4069
f 4069 4164 4165
f 4069 4165 4070
f 4070 4165 4166
f 4070 4166 4071
f 4071 4166 4167
f 4071 4167 4072
f 4072 4167 4168
f 4072 4168 4073
f 4073 4168 4169
f 4073 4169 4074
f 4074 4169 4170
f 4074 4170 4075
f 4075 4170 4171
f 4075 4171 4076
f 4076 4171 4172
f 4076 4172 4077
f 4077 4172 4173
f 4077 4173 4078
f 4078 4173 4174
f 4078 4174 4079
f 4079 4174 4175
f 4079 4175 4080
f 4080 4175 4176
f 4080 4176 4081
f 4081 4176 4177
f 4081 4177 4082
f 4082 4177 4178
f 4082 4178 4083
f 4083 4178 4179
f 4083 4179 4084
f 4084 4179 4180
f 4084 4180 4085
f 4085 4180 4181
f 4085 4181 4086
f 4086 4181 4182
f 4086 4182 4087
f 4087 4182 4183
f 4087 4183 4088
f 4088 4183 4184
f 4088 4184 4089
f 4089 4184 4185
f 4089 4185 4090
f 4090 4185 4186
f 4090 4186 4091
f 4091 4186 4187
f 4091 4187 4092
f 4092 4187 4188
f 4092 4188 4093
f 4093 4188 4189
f 4093 4189 4094
f 4094 4189 4190
f 4094 4190 4095
f 4095 4190 4191
f 4095 4191 4096
f 4096 4191 4192
f 4096 4192 4097
f 4097 4192 4193
f 4097 4193 4098
f 4098 4193 4194
f 4098 4194 4099
f 4099 4194 4195
f 4099 4195 4100
f 4100 4195 4196
f 4100 4196 4101
f 4101 4196 4197
f 4101 4197 4102
f 4102 4197 4198
f 4102 4198 4103
f 4103 4198 4199
f 4103 4199 4104
f 4104 4199 4200
f 4104 4200 4105
f 4105 4200 4201
f 4105 4201 4106
f 4106 4201 4202
f 4106 4202 4107
f 4107 4202 4203
f 4107 4203 4108
f 4108 4203 4204
f 4108 4204 4109
f 4109 4204 4205
f 4109 4205 4110
f 4110 4205 4206
f 4110 4206 4111
f 4111 4206 4207
f 4111 4207 4112
f 4112 4207 4208
f 4112 4208 4113
f 4113 4208 4209
f 4113 4209 4114
f 4114 4209 4210
f 4114 4210 4115
f 4115 4210 4211
f 4115 4211 4116
f 4116 4211 4212
f 4116 4212 4117
f 4117 4212 4213
f 4117 4213 4118
f 4118 4213 4214
f 4118 4214 4119
f 4119 4214 4215
f 4119 4215 4120
f 4120 4215 4216
f 4120 4216 4121
f 4121 4216 4217
f 4121 4217 4122
f 4122 4217 4218
f 4122 4218 4123
f 4123 4218 4219
f 4123 4219 4124
f 4124 4219 4220
f 4124 4220 4125
f 4125 4220 4221
f 4125 4221 4126
f 4126 4221 4222
f 4126 4222 4127
f 4127 4222 4223
f 4127 4223 4128
f 4128 4223 4224
f 4128 4224 4129
f 4129 4224 4225
f 4129 4225 4130
f 4130 4225 4226
f 4130 4226 4035
f 4035 4226 4131
f 4131 4227 4132
f 4132 4227 4228
f 4132 4228 4133
f 4133 4228 4229
f 4133 4229 4134
f 4134 4229 4230
f 4134 4230 4135
f 4135 4230 4231
f 4135 4231 4136
f 4136 4231 4232
f 4136 4232 4137
f 4137 4232 4233
f 4137 4233 4138
f 4138 4233 4234
f 4138 4234 4139
f 4139 4234 4235
f 4139 4235 4140
f 4140 4235 4236
f 4140 4236 4141
f 4141 4236 4237
f 4141 4237 4142
f 4142 4237 4238
f 4142 4238 4143
f 4143 4238 4239
f 4143 4239 4144
f 4144 4239 4240
f 4144 4240 4145
f 4145 4240 4241
f 4145 4241 4146
f 4146 4241 4242
f 4146 4242 4147
f 4147 4242 4243
f 4147 4243 4148
f 4148 4243 4244
f 4148 4244 4149
f 4149 4244 4245
f 4149 4245 4150
f 4150 4245 4246
f 4150 4246 4151
f 4151 4246 4247
f 4151 4247 4152
f 4152 4247 4248
f 4152 4248 4153
f 4153 4248 4249
f 4153 4249 4154
f 4154 4249 4250
f 4154 4250 4155
f 4155 4250 4251
f 4155 4251 4156
f 4156 4251 4252
f 4156 4252 4157
f 4157 4252 4253
f 4157 4253 4158
f 4158 4253 4254
f 4158 4254 4159
f 4159 4254 4255
f 4159 4255 4160
f 4160 4255 4256
f 4160 4256 4161
f 4161 4256 4257
f 4161 4257 4162
f 4162 4257 4258
f 4162 4258 4163
f 4163 4258 4259
f 4163 4259 4164
f 4164 4259 4260
f 4164 4260 4165
f 4165 4260 4261
f 4165 4261 4166
f 4166 4261 4262
f 4166 4262 4167
f 4167 4262 4263
f 4167 4263 4168
f 4168 4263 4264
f 4168 4264 4169
f 4169 4264 4265
f 4169 4265 4170
f 4170 4265 4266
f 4170 4266 4171
f 4171 4266 4267
f 4171 4267 4172
f 4172 4267 4268
f 4172 4268 4173
f 4173 4268 4269
f 4173 4269 4174
f 4174 4269 4270
f 4174 4270 4175
f 4175 4270 4271
f 4175 4271 4176
f 4176 4271 4272
f 4176 4272 4177
f 4177 4272 4273
f 4177 4273 4178
f 4178 4273 4274
f 4178 4274 4179
f 4179 4274 4275
f 4179 4275 4180
f 4180 4275 4276
f 4180 4276 4181
f 4181 4276 4277
f 4181 4277 4182
f 4182 4277 4278
f 4182 4278 4183
f 4183 4278 4279
f 4183 4279 4184
f 4184 4279 4280
f 4184 4280 4185
f 4185 4280 4281
f 4185 4281 4186
f 4186 4281 4282
f 4186 4282 4187
f 4187 4282 4283
f 4187 4283 4188
f 4188 4283 4284
f 4188 4284 4189
f 4189 4284 4285
f 4189 4285 4190
f 4190 4285 4286
f 4190 4286 4191
f 4191 4286 4287
f 4191 4287 4192
f 4192 4287 4288
f 4192 4288 4193
f 4193 4288 4289
f 4193 4289 4194
f 4194 4289 4290
f 4194 4290 4195
f 4195 4290 4291
f 4195 4291 4196
f 4196 4291 4292
f 4196 4292 4197
f 4197 4292 4293
f 4197 4293 4198
f 4198 4293 4294
f 4198 4294 4199
f 4199 4294 4295
f 4199 4295 4200
f 4200 4295 4296
f 4200 4296 4201
f 4201 4296 4297
f 4201 4297 4202
f 4202 4297 4298
f 4202 4298 4203
f 4203 4298 4299
f 4203 4299 4204
f 4204 4299 4300
f 4204 4300 4205
f 4205 4300 4301
f 4205 4301 4206
f 4206 4301 4302
f 4206 4302 4207
f 4207 4302 4303
f 4207 4303 4208
f 4208 4303 4304
f 4208 4304 4209
f 4209 4304 4305
f 4209 4305 4210
f 4210 4305 4306
f 4210 4306 4211
f 4211 4306 4307
f 4211 4307 4212
f 4212 4307 4308
f 4212 4308 4213
f 4213 4308 4309
f 4213 4309 4214
f 4214 4309 4310
f 4214 4310 4215
f 4215 4310 4311
f 4215 4311 4216
f 4216 4311 4312
f 4216 4312 4217
f 4217 4312 4313
f 4217 4313 4218
f 4218 4313 4314
f 4218 4314 4219
f 4219 4314 4315
f 4219 4315 4220
f 4220 4315 4316
f 4220 4316 4221
f 4221 4316 4317
f 4221 4317 4222
f 4222 4317 4318
f 4222 4318 4223
f 4223 4318 4319
f 4223 4319 4224
f 4224 4319 4320
f 4224 4320 4225
f 4225 4320 4321
f 4225 4321 4226
f 4226 4321 4322
f 4226 4322 4131
f 4131 4322 4227
f 4227 4323 4228
f 4228 4323 4324
f 4228 4324 4229
f 4229 4324 4325
f 4229 4325 4230
f 4230 4325 4326
f 4230 4326 4231
f 4231 4326 4327
f 4231 4327 4232
f 4232 4327 4328
f 4232 4328 4233
f 4233 4328 4329
f 4233 4329 4234
f 4234 4329 4330
f 4234 4330 4235
f 4235 4330 4331
f 4235 4331 4236
f 4236 4331 4332
f 4236 4332 4237
f 4237 4332 4333
f 4237 4333 4238
f 4238 4333 4334
f 4238 4334 4239
f 4239 4334 4335
f 4239 4335 4240
f 4240 4335 4336
f 4240 4336 4241
f 4241 4336 4337
f 4241 4337 4242
f 4242 4337 4338
f 4242 4338 4243
f 4243 4338 4339
f 4243 4339 4244
f 4244 4339 4340
f 4244 4340 4245
f 4245 4340 4341
f 4245 4341 4246
f 4246 4341 4342
f 4246 4342 4247
f 4247 4342 4343
f 4247 4343 4248
f 4248 4343 4344
f 4248 4344 4249
f 4249 4344 4345
f 4249 4345 4250
f 4250 4345 4346
f 4250 4346 4251
f 4251 4346 4347
f 4251 4347 4252
f 4252 4347 4348
f 4252 4348 4253
f 4253 4348 4349
f 4253 4349 4254
f 4254 4349 4350
f 4254 4350 4255
f 4255 4350 4351
f 4255 4351 4256
f 4256 4351 4352
f 4256 4352 4257
f 4257 4352 4353
f 4257 4353 4258
f 4258 4353 4354
f 4258 4354 4259
f 4259 4354 4355
f 4259 4355 4260
f 4260 4355 4356
f 4260 4356 4261
f 4261 4356 4357
f 4261 4357 4262
f 4262 4357 4358
f 4262 4358 4263
f 4263 4358 4359
f 4263 4359 4264
f 4264 4359 4360
f 4264 4360 4265
f 4265 4360 4361
f 4265 4361 4266
f 4266 4361 4362
f 4266 4362 4267
f 4267 4362 4363
f 4267 4363 4268
f 4268 4363 4364
f 4268 4364 4269
f 4269 4364 4365
f 4269 4365 4270
f 4270 4365 4366
f 4270 4366 4271
f 4271 4366 4367
f 4271 4367 4272
f 4272 4367 4368
f 4272 4368 4273
f 4273 4368 4369
f 4273 4369 4274
f 4274 4369 4370
f 4274 4370 4275
f 4275 4370 4371
f 4275 4371 4276
f 4276 4371 4372
f 4276 4372 4277
f 4277 4372 4373
f 4277 4373 4278
f 4278 4373 4374
f 4278 4374 4279
f 4279 4374 4375
f 4279 4375 4280
f 4280 4375 4376
f 4280 4376 4281
f 4281 4376 4377
f 4281 4377 4282
f 4282 4377 4378
f 4282 4378 4283
f 4283 4378 4379
f 4283 4379 4284
f 4284 4379 4380
f 4284 4380 4285
f 4285 4380 4381
f 4285 4381 4286
f 4286 4381 4382
f 4286 4382 4287
f 4287 4382 4383
f 4287 4383 4288
f 4288 4383 4384
f 4288 4384 4289
f 4289 4384 4385
f 4289 4385 4290
f 4290 4385 4386
f 4290 4386 4291
f 4291 4386 4387
f 4291 4387 4292
f 4292 4387 4388
f 4292 4388 4293
f 4293 4388 4389
f 4293 4389 4294
f 4294 4389 4390
f 4294 4390 4295
f 4295 4390 4391
f 4295 4391 4296
f 4296 4391 4392
f 4296 4392 4297
f 4297 4392 4393
f 4297 4393 4298
f 4298 4393 4394
f 4298 4394 4299
f 4299 4394 4395
f 4299 4395 4300
f 4300 4395 4396
f 4300 4396 4301
f 4301 4396 4397
f 4301 4397 4302
f 4302 4397 4398
f 4302 4398 4303
f 4303 4398 4399
f 4303 4399 4304
f 4304 4399 4400
f 4304 4400 4305
f 4305 4400 4401
f 4305 4401 4306
f 4306 4401 4402
f 4306 4402 4307
f 4307 4402 4403
f 4307 4403 4308
f 4308 4403 4404
f 4308 4404 4309
f 4309 4404 4405
f 4309 4405 4310
f 4310 4405 4406
f 4310 4406 4311
f 4311 4406 4407
f 4311 4407 4312
f 4312 4407 4408
f 4312 4408 4313
f 4313 4408 4409
f 4313 4409 4314
f 4314 4409 4410
f 4314 4410 4315
f 4315 4410 4411
f 4315 4411 4316
f 4316 4411 4412
f 4316 4412 4317
f 4317 4412 4413
f 4317 4413 4318
f 4318 4413 4414
f 4318 4414 4319
f 4319 4414 4415
f 4319 4415 4320
f 4320 4415 4416
f 4320 4416 4321
f 4321 4416 4417
f 4321 4417 4322
f 4322 4417 4418
f 4322 4418 4227
f 4227 4418 4323
f 4323 4419 4324
f 4324 4419 4420
f 4324 4420 4325
f 4325 4420 4421
f 4325 4421 4326
f 4326 4421 4422
f 4326 4422 4327
f 4327 4422 4423
f 4327 4423 4328
f 4328 4423 4424
f 4328 4424 4329
f 4329 4424 4425
f 4329 4425 4330
f 4330 4425 4426
f 4330 4426 4331
f 4331 4426 4427
f 4331 4427 4332
f 4332 4427 4428
f 4332 4428 4333
f 4333 4428 4429
f 4333 4429 4334
f 4334 4429 4430
f 4334 4430 4335
f 4335 4430 4431
f 4335 4431 4336
f 4336 4431 4432
f 4336 4432 4337
f 4337 4432 4433
f 4337 4433 4338
f 4338 4433 4434
f 4338 4434 4339
f 4339 4434 4435
f 4339 4435 4340
f 4340 4435 4436
f 4340 4436 4341
f 4341 4436 4437
f 4341 4437 4342
f 4342 4437 4438
f 4342 4438 4343
f 4343 4438 4439
f 4343 4439 4344
f 4344 4439 4440
f 4344 4440 4345
f 4345 4440 4441
f 4345 4441 4346
f 4346 4441 4442
f 4346 4442 4347
f 4347 4442 4443
f 4347 4443 4348
f 4348 4443 4444
f 4348 4444 4349
f 4349 4444 4445
f 4349 4445 4350
f 4350 4445 4446
f 4350 4446 4351
f 4351 4446 4447
f 4351 4447 4352
f 4352 4447 4448
f 4352 4448 4353
f 4353 4448 4449
f 4353 4449 4354
f 4354 4449 4450
f 4354 4450 4355
f 4355 4450 4451
f 4355 4451 4356
f 4356 4451 4452
f 4356 4452 4357
f 4357 4452 4453
f 4357 4453 4358
f 4358 4453 4454
f 4358 4454 4359
f 4359 4454 4455
f 4359 4455 4360
f 4360 4455 4456
f 4360 4456 4361
f 4361 4456 4457
f 4361 4457 4362
f 4362 4457 4458
f 4362 4458 4363
f 4363 4458 4459
f 4363 4459 4364
f 4364 4459 4460
f 4364 4460 4365
f 4365 4460 4461
f 4365 4461 4366
f 4366 4461 4462
f 4366 4462 4367
f 4367 4462 4463
f 4367 4463 4368
f 4368 4463 4464
f 4368 4464 4369
f 4369 4464 4465
f 4369 4465 4370
f 4370 4465 4466
f 4370 4466 4371
f 4371 4466 4467
f 4371 4467 4372
f 4372 4467 4468
f 4372 4468 4373
f 4373 4468 4469
f 4373 4469 4374
f 4374 4469 4470
f 4374 4470 4375
f 4375 4470 4471
f 4375 4471 4376
f 4376 4471 4472
f 4376 4472 4377
f 4377 4472 4473
f 4377 4473 4378
f 4378 4473 4474
f 4378 4474 4379
f 4379 4474 4475
f 4379 4475 4380
f 4380 4475 4476
f 4380 4476 4381
f 4381 4476 4477
f 4381 4477 4382
f 4382 4477 4478
f 4382 4478 4383
f 4383 4478 4479
f 4383 4479 4384
f 4384 4479 4480
f 4384 4480 4385
f 4385 4480 4481
f 4385 4481 4386
f 4386 4481 4482
f 4386 4482 4387
f 4387 4482 4483
f 4387 4483 4388
f 4388 4483 4484
f 4388 4484 4389
f 4389 4484 4485
f 4389 4485 4390
f 4390 4485 4486
f 4390 4486 4391
f 4391 4486 4487
f 4391 4487 4392
f 4392 4487 4488
f 4392 4488 4393
f 4393 4488 4489
f 4393 4489 4394
f 4394 4489 4490
f 4394 4490 4395
f 4395 4490 4491
f 4395 4491 4396
f 4396 4491 4492
f 4396 4492 4397
f 4397 4492 4493
f 4397 4493 4398
f 4398 4493 4494
f 4398 4494 4399
f 4399 4494 4495
f 4399 4495 4400
f 4400 4495 4496
f 4400 4496 4401
f 4401 4496 4497
f 4401 4497 4402
f 4402 4497 4498
f 4402 4498 4403
f 4403 4498 4499
f 4403 4499 4404
f 4404 4499 4500
f 4404 4500 4405
f 4405 4500 4501
f 4405 4501 4406
f 4406 4501 4502
f 4406 4502 4407
f 4407 4502 4503
f 4407 4503 4408
f 4408 4503 4504
f 4408 4504 4409
f 4409 4504 4505
f 4409 4505 4410
f 4410 4505 4506
f 4410 4506 4411
f 4411 4506 4507
f 4411 4507 4412
f 4412 4507 4508
f 4412 4508 4413
f 4413 4508 4509
f 4413 4509 4414
f 4414 4509 4510
f 4414 4510 4415
f 4415 4510 4511
f 4415 4511 4416
f 4416 4511 4512
f 4416 4512 4417
f 4417 4512 4513
f 4417 4513 4418
f 4418 4513 4514
f 4418 4514 4323
f 4323 4514 4419
f 4419 194 4420
f 4420 194 1
f 4420 1 4421
f 4421 1 3
f 4421 3 4422
f 4422 3 4
f 4422 4 4423
f 4423 4 5
f 4423 5 4424
f 4424 5 6
f 4424 6 4425
f 4425 6 7
f 4425 7 4426
f 4426 7 8
f 4426 8 4427
f 4427 8 9
f 4427 9 4428
f 4428 9 10
f 4428 10 4429
f 4429 10 11
f 4429 11 4430
f 4430 11 12
f 4430 12 4431
f 4431 12 13
f 4431 13 4432
f 4432 13 14
f 4432 14 4433
f 4433 14 15
f 4433 15 4434
f 4434 15 16
f 4434 16 4435
f 4435 16 17
f 4435 17 4436
f 4436 17 18
f 4436 18 4437
f 4437 18 19
f 4437 19 4438
f 4438 19 20
f 4438 20 4439
f 4439 20 21
f 4439 21 4440
f 4440 21 22
f 4440 22 4441
f 4441 22 23
f 4441 23 4442
f 4442 23 24
f 4442 24 4443
f 4443 24 25
f 4443 25 4444
f 4444 25 26
f 4444 26 4445
f 4445 26 27
f 4445 27 4446
f 4446 27 28
f 4446 28 4447
f 4447 28 29
f 4447 29 4448
f 4448 29 30
f 4448 30 4449
f 4449 30 31
f 4449 31 4450
f 4450 31 32
f 4450 32 4451
f 4451 32 33
f 4451 33 4452
f 4452 33 34
f 4452 34 4453
f 4453 34 35
f 4453 35 4454
f 4454 35 36
f 4454 36 4455
f 4455 36 37
f 4455 37 4456
f 4456 37 38
f 4456 38 4457
f 4457 38 39
f 4457 39 4458
f 4458 39 40
f 4458 40 4459
f 4459 40 41
f 4459 41 4460
f 4460 41 42
f 4460 42 4461
f 4461 42 43
f 4461 43 4462
f 4462 43 44
f 4462 44 4463
f 4463 44 45
f 4463 45 4464
f 4464 45 46
f 4464 46 4465
f 4465 46 47
f 4465 47 4466
f 4466 47 48
f 4466 48 4467
f 4467 48 49
f 4467 49 4468
f 4468 49 147
f 4468 147 4469
f 4469 147 148
f 4469 148 4470
f 4470 148 149
f 4470 149 4471
f 4471 149 150
f 4471 150 4472
f 4472 150 151
f 4472 151 4473
f 4473 151 152
f 4473 152 4474
f 4474 152 153
f 4474 153 4475
f 4475 153 154
f 4475 154 4476
f 4476 154 155
f 4476 155 4477
f 4477 155 156
f 4477 156 4478
f 4478 156 157
f 4478 157 4479
f 4479 157 158
f 4479 158 4480
f 4480 158 159
f 4480 159 4481
f 4481 159 160
f 4481 160 4482
f 4482 160 161
f 4482 161 4483
f 4483 161 162
f 4483 162 4484
f 4484 162 163
f 4484 163 4485
f 4485 163 164
f 4485 164 4486
f 4486 164 165
f 4486 165 4487
f 4487 165 166
f 4487 166 4488
f 4488 166 167
f 4488 167 4489
f 4489 167 168
f 4489 168 4490
f 4490 168 169
f 4490 169 4491
f 4491 169 170
f 4491 170 4492
f 4492 170 171
f 4492 171 4493
f 4493 171 172
f 4493 172 4494
f 4494 172 173
f 4494 173 4495
f 4495 173 174
f 4495 174 4496
f 4496 174 175
f 4496 175 4497
f 4497 175 176
f 4497 176 4498
f 4498 176 177
f 4498 177 4499
f 4499 177 178
f 4499 178 4500
f 4500 178 179
f 4500 179 4501
f 4501 179 180
f 4501 180 4502
f 4502 180 181
f 4502 181 4503
f 4503 181 182
f 4503 182 4504
f 4504 182 183
f 4504 183 4505
f 4505 183 184
f 4505 184 4506
f 4506 184 185
f 4506 185 4507
f 4507 185 186
f 4507 186 4508
f 4508 186 187
f 4508 187 4509
f 4509 187 188
f 4509 188 4510
f 4510 188 189
f 4510 189 4511
f 4511 189 190
f 4511 190 4512
f 4512 190 191
f 4512 191 4513
f 4513 191 192
f 4513 192 4514
f 4514 192 193
f 4514 193 4419
f 4419 193 194
f 194 2 1
f 49 2 147
f 146 51 50

